n,gamma_n
1,14.134725142000
2,21.022039639000
3,25.010857580000
4,30.424876126000
5,32.935061588000
6,37.586178159000
7,40.918719012000
8,43.327073281000
9,48.005150881000
10,49.773832478000
11,52.970321478000
12,56.446247697000
13,59.347044003000
14,60.831778525000
15,65.112544048000
16,67.079810529000
17,69.546401711000
18,72.067157674000
19,75.704690699000
20,77.144840069000
21,79.337375020000
22,82.910380854000
23,84.735492981000
24,87.425274613000
25,88.809111208000
26,92.491899271000
27,94.651344041000
28,95.870634228000
29,98.831194218000
30,101.317851006000
31,103.725538040000
32,105.446623052000
33,107.168611184000
34,111.029535543000
35,111.874659177000
36,114.320220915000
37,116.226680321000
38,118.790782866000
39,121.370125002000
40,122.946829294000
41,124.256818554000
42,127.516683880000
43,129.578704200000
44,131.087688531000
45,133.497737203000
46,134.756509753000
47,138.116042055000
48,139.736208952000
49,141.123707404000
50,143.111845808000
51,146.000982487000
52,147.422765343000
53,150.053520421000
54,150.925257612000
55,153.024693811000
56,156.112909294000
57,157.597591818000
58,158.849988171000
59,161.188964138000
60,163.030709687000
61,165.537069188000
62,167.184439978000
63,169.094515416000
64,169.911976479000
65,173.411536520000
66,174.754191523000
67,176.441434298000
68,178.377407776000
69,179.916484020000
70,182.207078484000
71,184.874467848000
72,185.598783678000
73,187.228922584000
74,189.416158656000
75,192.026656361000
76,193.079726604000
77,195.265396680000
78,196.876481841000
79,198.015309676000
80,201.264751944000
81,202.493594514000
82,204.189671803000
83,205.394697202000
84,207.906258888000
85,209.576509717000
86,211.690862595000
87,213.347919360000
88,214.547044783000
89,216.169538508000
90,219.067596349000
91,220.714918839000
92,221.430705555000
93,224.007000255000
94,224.983324670000
95,227.421444280000
96,229.337413306000
97,231.250188700000
98,231.987235253000
99,233.693404179000
100,236.524229666000
101,237.769820481000
102,239.555477573000
103,241.049157796000
104,242.823271934000
105,244.070898497000
106,247.136990075000
107,248.101990060000
108,249.573689645000
109,251.014947795000
110,253.069986748000
111,255.306256455000
112,256.380713694000
113,258.610439492000
114,259.874406990000
115,260.805084505000
116,263.573893905000
117,265.557851839000
118,266.614973782000
119,267.921915083000
120,269.970449024000
121,271.494055642000
122,273.459609188000
123,275.587492649000
124,276.452049503000
125,278.250743530000
126,279.229250928000
127,282.465114765000
128,283.211185733000
129,284.835963981000
130,286.667445363000
131,287.911920501000
132,289.579854929000
133,291.846291329000
134,293.558434139000
135,294.965369619000
136,295.573254879000
137,297.979277062000
138,299.840326054000
139,301.649325462000
140,302.696749590000
141,304.864371341000
142,305.728912602000
143,307.219496128000
144,310.109463147000
145,311.165141530000
146,312.427801181000
147,313.985285731000
148,315.475616089000
149,317.734805942000
150,318.853104256000
151,321.160134309000
152,322.144558672000
153,323.466969558000
154,324.862866052000
155,327.443901262000
156,329.033071680000
157,329.953239728000
158,331.474467583000
159,333.645378525000
160,334.211354833000
161,336.841850428000
162,338.339992851000
163,339.858216725000
164,341.042261111000
165,342.054877510000
166,344.661702940000
167,346.347870566000
168,347.272677584000
169,349.316260871000
170,350.408419349000
171,351.878649025000
172,353.488900489000
173,356.017574977000
174,357.151302252000
175,357.952685102000
176,359.743754953000
177,361.289361696000
178,363.331330579000
179,364.736024114000
180,366.212710288000
181,367.993575482000
182,368.968438096000
183,370.050919212000
184,373.061928372000
185,373.864873911000
186,375.825912767000
187,376.324092231000
188,378.436680250000
189,379.872975347000
190,381.484468617000
191,383.443529450000
192,384.956116815000
193,385.861300846000
194,387.222890222000
195,388.846128354000
196,391.456083564000
197,392.245083340000
198,393.427743844000
199,395.582870011000
200,396.381854223000
201,397.918736210000
202,399.985119876000
203,401.839228601000
204,402.861917764000
205,404.236441800000
206,405.134387460000
207,407.581460387000
208,408.947245502000
209,410.513869193000
210,411.972267804000
211,413.262736070000
212,415.018809755000
213,415.455214996000
214,418.387705790000
215,419.861364818000
216,420.643827625000
217,422.076710059000
218,423.716579627000
219,425.069882494000
220,427.208825084000
221,428.127914077000
222,430.328745431000
223,431.301306931000
224,432.138641735000
225,433.889218481000
226,436.161006433000
227,437.581698168000
228,438.621738656000
229,439.918442214000
230,441.683199201000
231,442.904546303000
232,444.319336278000
233,446.860622696000
234,447.441704194000
235,449.148545685000
236,450.126945780000
237,451.403308445000
238,453.986737807000
239,454.974683769000
240,456.328426689000
241,457.903893064000
242,459.513415281000
243,460.087944422000
244,462.065367275000
245,464.057286911000
246,465.671539211000
247,466.570286931000
248,467.439046210000
249,469.536004559000
250,470.773655478000
251,472.799174662000
252,473.835232345000
253,475.600339369000
254,476.769015237000
255,478.075263767000
256,478.942181535000
257,481.830339376000
258,482.834782791000
259,483.851427212000
260,485.539148129000
261,486.528718262000
262,488.380567090000
263,489.661761578000
264,491.398821594000
265,493.314441582000
266,493.957997805000
267,495.358828822000
268,496.429696216000
269,498.580782430000
270,500.309084942000
271,501.604446965000
272,502.276270327000
273,504.499773313000
274,505.415231742000
275,506.464152710000
276,508.800700336000
277,510.264227944000
278,511.562289700000
279,512.623144531000
280,513.668985555000
281,515.435057167000
282,517.589668572000
283,518.234223148000
284,520.106310412000
285,521.525193449000
286,522.456696178000
287,523.960530892000
288,525.077385687000
289,527.903641601000
290,528.406213852000
291,529.806226319000
292,530.866917884000
293,532.688183028000
294,533.779630754000
295,535.664314076000
296,537.069759083000
297,538.428526176000
298,540.213166376000
299,540.631390247000
300,541.847437121000
301,544.323890101000
302,545.636833249000
303,547.010912058000
304,547.931613364000
305,549.497567563000
306,550.970010039000
307,552.049572201000
308,553.764972119000
309,555.792020562000
310,556.899476407000
311,557.564659172000
312,559.316237029000
313,560.240807497000
314,562.559207616000
315,564.160879111000
316,564.506055938000
317,566.698787683000
318,567.731757901000
319,568.923955180000
320,570.051114782000
321,572.419984132000
322,573.614610527000
323,575.093886014000
324,575.807247141000
325,577.039003472000
326,579.098834672000
327,580.136959362000
328,581.946576266000
329,583.236088219000
330,584.561705903000
331,585.984563205000
332,586.742771891000
333,588.139663266000
334,590.660397517000
335,591.725858065000
336,592.571358300000
337,593.974714682000
338,595.728153697000
339,596.362768328000
340,598.493077346000
341,599.545640364000
342,601.602136736000
343,602.579167886000
344,603.625618904000
345,604.616218494000
346,606.383460422000
347,608.413217311000
348,609.389575155000
349,610.839162938000
350,611.774209621000
351,613.599778676000
352,614.646237872000
353,615.538563369000
354,618.112831366000
355,619.184482598000
356,620.272893672000
357,621.709294528000
358,622.375002740000
359,624.269900018000
360,626.019283428000
361,627.268396851000
362,628.325862359000
363,630.473887438000
364,630.805780927000
365,632.225141167000
366,633.546858252000
367,635.523800311000
368,637.397193160000
369,637.925513981000
370,638.927938267000
371,640.694794669000
372,641.945499666000
373,643.278883781000
374,644.990578230000
375,646.348191596000
376,647.761753004000
377,648.786400889000
378,650.197519345000
379,650.668683891000
380,653.649571605000
381,654.301920586000
382,655.709463022000
383,656.964084599000
384,658.175614419000
385,659.663845973000
386,660.716732595000
387,662.296586431000
388,664.244604652000
389,665.342763096000
390,666.515147704000
391,667.148494895000
392,668.975848820000
393,670.323585206000
394,672.458183584000
395,673.043578286000
396,674.355897810000
397,676.139674364000
398,677.230180669000
399,677.800444746000
400,679.742197883000
401,681.894991533000
402,682.602735020000
403,684.013549814000
404,684.972629862000
405,686.163223588000
406,687.961543185000
407,689.368941362000
408,690.474735032000
409,692.451684416000
410,693.176970061000
411,694.533908700000
412,695.726335921000
413,696.626069900000
414,699.132095476000
415,700.296739132000
416,701.301742955000
417,702.227343146000
418,704.033839296000
419,705.125813955000
420,706.184654800000
421,708.269070885000
422,709.229588570000
423,711.130274180000
424,711.900289914000
425,712.749383470000
426,714.082771821000
427,716.112396454000
428,717.482569703000
429,718.742786545000
430,719.697100988000
431,721.351162219000
432,722.277504976000
433,723.845821045000
434,724.562613890000
435,727.056403230000
436,728.405481589000
437,728.758749796000
438,730.416482123000
439,731.417354919000
440,732.818052714000
441,734.789643252000
442,735.765459209000
443,737.052928912000
444,738.580421171000
445,739.909523674000
446,740.573807447000
447,741.757335573000
448,743.895013142000
449,745.344989551000
450,746.499305899000
451,747.674563624000
452,748.242754465000
453,750.655950362000
454,750.966381067000
455,752.887621567000
456,754.322370472000
457,755.839308976000
458,756.768248440000
459,758.101729246000
460,758.900238225000
461,760.282366984000
462,762.700033250000
463,763.593066173000
464,764.307522724000
465,766.087540100000
466,767.218472156000
467,768.281461807000
468,769.693407253000
469,771.070839314000
470,772.961617566000
471,774.117744628000
472,775.047847097000
473,775.999711963000
474,777.299748530000
475,779.157076949000
476,780.348925004000
477,782.137664391000
478,782.597943946000
479,784.288822612000
480,785.739089701000
481,786.461147451000
482,787.468463816000
483,790.059092364000
484,790.831620468000
485,792.427707609000
486,792.888652563000
487,794.483791870000
488,795.606596156000
489,797.263470038000
490,798.707570166000
491,799.654336211000
492,801.604246463000
493,802.541984878000
494,803.243096204000
495,804.762239113000
496,805.861635667000
497,808.151814936000
498,809.197783363000
499,810.081804886000
500,811.184358847000
501,812.771108389000
502,814.045913608000
503,814.870539626000
504,816.727737714000
505,818.380668866000
506,819.204642171000
507,820.721898444000
508,821.713454133000
509,822.197757493000
510,824.526293872000
511,826.039287377000
512,826.905810954000
513,828.340174300000
514,829.437010968000
515,830.895884053000
516,831.799777659000
517,833.003640909000
518,834.651915148000
519,836.693576188000
520,837.347335060000
521,838.249021993000
522,839.465394810000
523,841.036389829000
524,842.041354207000
525,844.166196607000
526,844.805993976000
527,846.194769928000
528,847.971717640000
529,848.489281181000
530,849.862274349000
531,850.645448466000
532,853.163112583000
533,854.095511720000
534,855.286710244000
535,856.484117491000
536,857.310740603000
537,858.904026466000
538,860.410670896000
539,861.171098213000
540,863.189719772000
541,864.340823930000
542,865.594664327000
543,866.423739904000
544,867.693122612000
545,868.670494229000
546,870.846902326000
547,872.188750822000
548,873.098978971000
549,873.908389235000
550,875.985285109000
551,876.600825833000
552,877.654698341000
553,879.380951970000
554,880.834648848000
555,882.386696627000
556,883.430331839000
557,884.198743115000
558,885.272304480000
559,886.852801963000
560,888.475566674000
561,889.735294294000
562,890.813132113000
563,892.386433260000
564,893.119117567000
565,894.886292321000
566,895.397919675000
567,896.632251556000
568,899.221522668000
569,899.858884608000
570,900.849739861000
571,902.243207587000
572,903.099674443000
573,904.702902722000
574,905.829940758000
575,907.656729469000
576,908.333543645000
577,910.186334057000
578,911.234951486000
579,912.331045600000
580,912.823999247000
581,914.730096958000
582,916.355000809000
583,917.825377570000
584,918.836535244000
585,919.448344440000
586,921.156395507000
587,922.500629307000
588,923.285719802000
589,924.773483933000
590,926.551552785000
591,927.850858986000
592,928.663659329000
593,929.874092851000
594,931.009211337000
595,931.852740746000
596,934.385306837000
597,934.995424864000
598,936.228649379000
599,937.532925712000
600,939.024300899000
601,939.660940615000
602,941.156999642000
603,942.052341643000
604,944.188035810000
605,945.333562503000
606,946.765842205000
607,947.079183096000
608,948.346646255000
609,950.151612685000
610,951.033248734000
611,952.727988620000
612,954.129719270000
613,954.829308938000
614,956.675479343000
615,957.510052596000
616,958.414593390000
617,959.459168807000
618,961.669572474000
619,963.182086671000
620,963.567040192000
621,965.055579624000
622,966.110754818000
623,967.371153766000
624,968.636301906000
625,970.125610557000
626,971.071491486000
627,973.185361294000
628,973.873078993000
629,974.774635066000
630,976.178502421000
631,976.917202117000
632,978.766671535000
633,980.578000640000
634,981.288615302000
635,982.396485169000
636,983.575076006000
637,985.186928656000
638,986.130515110000
639,986.756008408000
640,988.992622371000
641,990.223917804000
642,991.374294148000
643,992.728696337000
644,993.214580957000
645,994.404590571000
646,996.205336164000
647,997.511934752000
648,998.827547137000
649,999.791571557000
650,1001.349482638000
651,1002.404305488000
652,1003.267808179000
653,1004.675044121000
654,1005.543420304000
655,1008.006704307000
656,1008.795709901000
657,1009.806590747000
658,1010.569757011000
659,1012.410042516000
660,1013.058638098000
661,1014.689632622000
662,1016.060178943000
663,1017.266402364000
664,1018.605572519000
665,1019.912439744000
666,1020.917475017000
667,1021.544344500000
668,1022.885270912000
669,1025.265724198000
670,1025.707944371000
671,1027.467693516000
672,1028.128964255000
673,1029.227297444000
674,1030.897368791000
675,1031.833180297000
676,1032.812883035000
677,1034.612915530000
678,1036.195917358000
679,1037.024707646000
680,1038.087752241000
681,1039.077401437000
682,1040.264037938000
683,1041.621528015000
684,1043.623954350000
685,1044.514975829000
686,1045.107042353000
687,1047.089817484000
688,1047.987147490000
689,1048.953785195000
690,1049.996284257000
691,1051.576571843000
692,1053.245785158000
693,1054.781039478000
694,1055.002146476000
695,1056.688847364000
696,1057.100043660000
697,1059.133769107000
698,1060.139518562000
699,1061.501304465000
700,1062.915381508000
701,1064.071551072000
702,1065.121855106000
703,1066.463223469000
704,1067.418860121000
705,1067.990000079000
706,1070.535041997000
707,1071.618623215000
708,1072.543998011000
709,1073.570353165000
710,1074.747771044000
711,1076.266625594000
712,1076.924056066000
713,1078.647198481000
714,1079.809965429000
715,1081.171002343000
716,1082.952749723000
717,1083.295466514000
718,1084.183264310000
719,1085.647831209000
720,1086.911998990000
721,1088.755724675000
722,1089.795337924000
723,1090.863191026000
724,1091.728472967000
725,1093.440873272000
726,1094.284457524000
727,1095.433084759000
728,1096.401917795000
729,1098.841015467000
730,1099.360667179000
731,1100.574460622000
732,1101.839111169000
733,1102.551779900000
734,1103.732297175000
735,1105.617188831000
736,1106.774371676000
737,1107.774531955000
738,1109.158918857000
739,1110.444142994000
740,1111.443504765000
741,1112.432995408000
742,1113.397595115000
743,1115.065359462000
744,1116.787253881000
745,1117.965919669000
746,1118.684134861000
747,1119.473247426000
748,1121.155937676000
749,1122.458621357000
750,1123.101117388000
751,1125.314729398000
752,1125.763442429000
753,1127.658023527000
754,1128.430224614000
755,1129.728996777000
756,1130.391597896000
757,1131.495085562000
758,1133.708625669000
759,1134.885654592000
760,1135.562213975000
761,1136.929293481000
762,1138.151589780000
763,1138.992341820000
764,1140.721848172000
765,1141.261022964000
766,1142.858659608000
767,1144.782299519000
768,1145.485327517000
769,1146.576814925000
770,1147.501776523000
771,1148.615277209000
772,1149.982601028000
773,1151.562814724000
774,1152.943128531000
775,1153.890303716000
776,1154.697519535000
777,1156.621567834000
778,1157.432314576000
779,1158.001609027000
780,1159.480657019000
781,1161.396644634000
782,1162.487528602000
783,1163.701031683000
784,1164.737586351000
785,1165.271227706000
786,1166.943613410000
787,1168.086271610000
788,1169.698356885000
789,1170.463638578000
790,1172.120681866000
791,1173.305687764000
792,1174.232766856000
793,1175.215452396000
794,1176.632875810000
795,1177.106304422000
796,1179.701223502000
797,1180.653543787000
798,1181.267318152000
799,1182.582270347000
800,1183.712775296000
801,1185.155842847000
802,1185.875358695000
803,1187.345161493000
804,1188.856444298000
805,1189.963636498000
806,1191.482605926000
807,1192.218611478000
808,1193.324021427000
809,1193.857427135000
810,1196.034671749000
811,1197.071786659000
812,1198.686569105000
813,1199.356513708000
814,1200.532692031000
815,1201.810334857000
816,1203.137350861000
817,1203.855247594000
818,1204.985492171000
819,1206.870499794000
820,1208.471459950000
821,1208.989484168000
822,1209.898030088000
823,1211.416115893000
824,1212.113153066000
825,1213.598372680000
826,1215.389975065000
827,1216.183722033000
828,1217.174482498000
829,1219.050028177000
830,1219.614471311000
831,1220.816347691000
832,1221.692242483000
833,1222.952484095000
834,1225.018330024000
835,1225.855020761000
836,1227.231827641000
837,1227.917141614000
838,1228.793154363000
839,1230.584603154000
840,1231.562273878000
841,1232.529587041000
842,1234.277816653000
843,1235.502548527000
844,1236.399017466000
845,1237.977298514000
846,1238.457232796000
847,1239.490807147000
848,1240.813471785000
849,1243.078076398000
850,1243.538146526000
851,1244.851433967000
852,1245.655866188000
853,1247.372561970000
854,1248.063061053000
855,1249.159887953000
856,1250.672397276000
857,1251.659832004000
858,1253.673577852000
859,1254.431328422000
860,1255.408230645000
861,1256.181214198000
862,1257.541219413000
863,1258.779233489000
864,1260.344548316000
865,1261.611717161000
866,1262.556614000000
867,1263.676732844000
868,1264.957223007000
869,1266.179037761000
870,1267.200345612000
871,1267.570571779000
872,1270.118921886000
873,1271.134299632000
874,1272.083959599000
875,1273.261144633000
876,1274.196220889000
877,1275.092030316000
878,1276.842171556000
879,1277.763091986000
880,1279.332843317000
881,1280.155794409000
882,1281.828726960000
883,1283.000491387000
884,1283.335032139000
885,1284.854795155000
886,1285.695023331000
887,1287.410026617000
888,1289.165351533000
889,1290.104771520000
890,1290.417708073000
891,1291.945870968000
892,1293.493981557000
893,1294.118474378000
894,1295.365363505000
895,1296.801110992000
896,1298.256527068000
897,1299.405171251000
898,1300.490018982000
899,1301.495516681000
900,1302.346742379000
901,1303.273200229000
902,1305.401672188000
903,1306.508393313000
904,1307.267242108000
905,1308.988196518000
906,1309.421532493000
907,1311.056570511000
908,1311.966940608000
909,1313.031599369000
910,1314.052565652000
911,1316.212112603000
912,1317.072986035000
913,1318.171279132000
914,1318.947880597000
915,1319.931082878000
916,1321.628138552000
917,1322.258067123000
918,1324.224978719000
919,1325.237624359000
920,1325.981969630000
921,1327.635281108000
922,1329.043517997000
923,1329.205018785000
924,1330.429937120000
925,1331.827591385000
926,1333.673522610000
927,1334.747329052000
928,1335.694974526000
929,1336.690184653000
930,1337.688791810000
931,1338.923164599000
932,1340.426400457000
933,1341.166272253000
934,1342.608507884000
935,1344.156044004000
936,1345.477106261000
937,1345.731413255000
938,1347.519471751000
939,1348.017238019000
940,1349.085194014000
941,1351.296206374000
942,1352.210465159000
943,1353.483338358000
944,1353.886781972000
945,1355.680595321000
946,1356.605655710000
947,1357.771742829000
948,1358.460160399000
949,1360.393144762000
950,1361.393074714000
951,1363.022328603000
952,1363.879190797000
953,1364.576584897000
954,1365.493733551000
955,1367.104090970000
956,1368.330193308000
957,1369.686949077000
958,1370.973522768000
959,1371.686553553000
960,1373.202914562000
961,1374.154798659000
962,1375.302392345000
963,1376.161779994000
964,1377.177633642000
965,1379.683283029000
966,1380.148578442000
967,1381.073977149000
968,1382.345662978000
969,1383.297591008000
970,1384.444415848000
971,1385.663777011000
972,1387.326647663000
973,1387.921454127000
974,1389.565831798000
975,1390.705490286000
976,1391.853200443000
977,1392.644027789000
978,1393.433401741000
979,1394.884184676000
980,1396.544163124000
981,1397.834623321000
982,1398.837675201000
983,1399.839472941000
984,1400.426946297000
985,1402.564347250000
986,1402.973747641000
987,1404.006292171000
988,1405.666975059000
989,1407.085142776000
990,1408.136307496000
991,1409.320681080000
992,1410.024810726000
993,1411.257056816000
994,1411.965653462000
995,1413.843148789000
996,1415.585784795000
997,1415.781581303000
998,1417.102822934000
999,1418.696963852000
1000,1419.422480946000
1001,1420.416526324000
1002,1421.850567187000
1003,1422.461310988000
1004,1424.463045670000
1005,1425.873469245000
1006,1426.645979682000
1007,1427.365671109000
1008,1428.592305876000
1009,1429.650477276000
1010,1431.218313673000
1011,1432.049740893000
1012,1433.821940737000
1013,1434.584942168000
1014,1435.692907383000
1015,1437.226721624000
1016,1438.006284842000
1017,1438.949552747000
1018,1439.622793078000
1019,1441.960987505000
1020,1442.911059581000
1021,1444.041930706000
1022,1445.072278459000
1023,1445.830084780000
1024,1447.226227100000
1025,1448.323853516000
1026,1449.488771281000
1027,1450.773561858000
1028,1451.835297999000
1029,1453.737596757000
1030,1454.226011260000
1031,1455.312091240000
1032,1456.167797608000
1033,1457.539001668000
1034,1458.393777369000
1035,1460.688270535000
1036,1461.245443345000
1037,1462.266123266000
1038,1463.286891190000
1039,1464.696903298000
1040,1465.889557614000
1041,1466.505621108000
1042,1467.703989586000
1043,1469.347649878000
1044,1470.966589127000
1045,1471.388764527000
1046,1473.020132324000
1047,1473.745649186000
1048,1474.203221566000
1049,1476.092127038000
1050,1477.435191148000
1051,1478.441395973000
1052,1479.759918706000
1053,1480.766879018000
1054,1481.964684210000
1055,1483.032959958000
1056,1484.143580882000
1057,1484.817883231000
1058,1486.171349028000
1059,1488.116337976000
1060,1489.252466946000
1061,1489.970892205000
1062,1490.670693815000
1063,1492.180090544000
1064,1493.330835421000
1065,1494.155368614000
1066,1495.768832979000
1067,1497.065505572000
1068,1497.747360933000
1069,1499.640824747000
1070,1500.351951517000
1071,1501.119324922000
1072,1502.346063292000
1073,1503.090933127000
1074,1505.261529655000
1075,1506.152986138000
1076,1507.407505164000
1077,1508.253031030000
1078,1509.280419363000
1079,1510.391797446000
1080,1511.923005459000
1081,1512.589764705000
1082,1513.589765540000
1083,1515.708343587000
1084,1516.435989719000
1085,1517.719806254000
1086,1518.414791487000
1087,1519.741009494000
1088,1520.273622220000
1089,1521.901909065000
1090,1523.486047149000
1091,1524.724892161000
1092,1525.227837234000
1093,1526.552311910000
1094,1528.040930429000
1095,1529.034456729000
1096,1529.369975365000
1097,1531.020742970000
1098,1532.222326939000
1099,1533.886977913000
1100,1535.042277471000
1101,1535.769502395000
1102,1536.620701824000
1103,1537.651062168000
1104,1539.302854856000
1105,1540.030270140000
1106,1541.742248763000
1107,1542.496522923000
1108,1544.118670055000
1109,1544.834608228000
1110,1546.091197786000
1111,1547.297581121000
1112,1547.806563802000
1113,1548.871348179000
1114,1551.273845326000
1115,1552.006872838000
1116,1552.736105330000
1117,1554.156519110000
1118,1554.921285165000
1119,1556.162987498000
1120,1557.394507018000
1121,1558.339152852000
1122,1559.781154391000
1123,1560.876475778000
1124,1562.410153180000
1125,1563.385400958000
1126,1564.177940460000
1127,1564.915788262000
1128,1566.266415602000
1129,1567.623450717000
1130,1569.022477804000
1131,1570.509277867000
1132,1571.045381486000
1133,1571.845352088000
1134,1573.806563330000
1135,1574.230915430000
1136,1575.638154952000
1137,1576.161352363000
1138,1578.118826946000
1139,1579.514055068000
1140,1580.372081625000
1141,1581.363551773000
1142,1582.329486944000
1143,1583.394693435000
1144,1584.234848066000
1145,1586.293210750000
1146,1587.004342107000
1147,1588.163404029000
1148,1589.357945950000
1149,1590.835904321000
1150,1591.293884374000
1151,1592.637167039000
1152,1593.584808189000
1153,1594.442689656000
1154,1596.484492410000
1155,1597.715895944000
1156,1598.420798550000
1157,1599.619348950000
1158,1600.048044903000
1159,1601.911946229000
1160,1602.815404794000
1161,1603.655202996000
1162,1605.521646647000
1163,1606.293418127000
1164,1607.556905212000
1165,1608.836295305000
1166,1610.003264190000
1167,1610.253823163000
1168,1611.437141270000
1169,1613.078855451000
1170,1614.710627852000
1171,1615.574608719000
1172,1616.398394842000
1173,1617.734684841000
1174,1618.537517832000
1175,1619.952501261000
1176,1620.774310821000
1177,1622.098751698000
1178,1622.977767699000
1179,1625.021856658000
1180,1625.987020164000
1181,1626.399919312000
1182,1627.755441276000
1183,1628.715316857000
1184,1629.658668955000
1185,1631.194814552000
1186,1632.798183571000
1187,1633.512516890000
1188,1634.516822662000
1189,1635.718366326000
1190,1637.089190173000
1191,1637.994643586000
1192,1638.599658304000
1193,1639.821235730000
1194,1641.899819009000
1195,1642.489779822000
1196,1644.152065960000
1197,1644.713745775000
1198,1645.573760363000
1199,1646.624866593000
1200,1648.270598223000
1201,1649.118535409000
1202,1650.416988983000
1203,1651.732693341000
1204,1652.671065900000
1205,1654.205896759000
1206,1654.726652393000
1207,1655.822775677000
1208,1657.114236400000
1209,1657.567101179000
1210,1660.019980338000
1211,1660.860056833000
1212,1661.836892884000
1213,1662.377202549000
1214,1664.057265418000
1215,1664.968004486000
1216,1665.877640414000
1217,1667.241125052000
1218,1668.368229327000
1219,1669.669728452000
1220,1671.047182433000
1221,1671.984259334000
1222,1672.963370831000
1223,1673.687445334000
1224,1674.648462097000
1225,1676.362486324000
1226,1677.691227142000
1227,1678.630368091000
1228,1680.077946717000
1229,1680.504770113000
1230,1681.812320174000
1231,1683.273289261000
1232,1684.171656837000
1233,1684.558863253000
1234,1686.421121948000
1235,1688.080142693000
1236,1688.933868510000
1237,1689.703154256000
1238,1691.051559917000
1239,1691.515192892000
1240,1693.053020930000
1241,1694.017564653000
1242,1695.832554474000
1243,1696.654997440000
1244,1697.342514287000
1245,1699.229547188000
1246,1699.966817267000
1247,1700.820303245000
1248,1701.825550997000
1249,1702.923249764000
1250,1704.291412427000
1251,1706.256032432000
1252,1706.615665035000
1253,1707.912312493000
1254,1708.512116178000
1255,1709.780842299000
1256,1711.137603259000
1257,1712.155397654000
1258,1713.055341728000
1259,1714.717145255000
1260,1715.825283040000
1261,1716.769983717000
1262,1717.974485066000
1263,1718.954152499000
1264,1719.724469322000
1265,1720.498070948000
1266,1722.844661740000
1267,1723.532822631000
1268,1724.733958738000
1269,1725.638628020000
1270,1726.605700740000
1271,1728.166506761000
1272,1728.644486480000
1273,1730.023872545000
1274,1731.014193762000
1275,1732.430169859000
1276,1733.840825021000
1277,1735.175466021000
1278,1735.624715343000
1279,1736.305662733000
1280,1737.893884787000
1281,1738.783237589000
1282,1740.169115680000
1283,1741.779167809000
1284,1742.467680721000
1285,1743.426436859000
1286,1744.721511938000
1287,1746.097498596000
1288,1746.595456627000
1289,1747.781695528000
1290,1748.563987381000
1291,1750.822818490000
1292,1751.617794946000
1293,1752.511511141000
1294,1753.661355243000
1295,1754.763369874000
1296,1755.169694068000
1297,1757.046518461000
1298,1757.984077033000
1299,1759.240085647000
1300,1760.215166243000
1301,1761.854899939000
1302,1762.497688871000
1303,1763.719121496000
1304,1764.591476849000
1305,1765.400493992000
1306,1766.676243599000
1307,1768.295971136000
1308,1769.940952052000
1309,1770.243677312000
1310,1771.212944984000
1311,1772.328000364000
1312,1773.894915511000
1313,1774.660430990000
1314,1775.341987574000
1315,1777.255860224000
1316,1778.041734762000
1317,1779.552270809000
1318,1780.665228493000
1319,1781.355637723000
1320,1782.439067320000
1321,1783.084829520000
1322,1784.607946397000
1323,1786.342201179000
1324,1787.049273087000
1325,1788.215123480000
1326,1789.242179964000
1327,1790.449562370000
1328,1791.254409819000
1329,1792.616102735000
1330,1793.525390652000
1331,1794.178482007000
1332,1796.465140537000
1333,1797.376335671000
1334,1798.147067458000
1335,1799.231647210000
1336,1800.024724020000
1337,1801.309636945000
1338,1802.301283491000
1339,1803.796843813000
1340,1804.904160975000
1341,1806.289667019000
1342,1806.578391751000
1343,1808.714431865000
1344,1809.119273788000
1345,1810.108892988000
1346,1810.873719159000
1347,1812.420077002000
1348,1814.024140348000
1349,1814.973082363000
1350,1816.338611220000
1351,1816.758023365000
1352,1817.710608563000
1353,1819.260334099000
1354,1820.187882187000
1355,1821.305708365000
1356,1822.427671440000
1357,1823.766265896000
1358,1825.213676893000
1359,1825.915683615000
1360,1826.795455271000
1361,1828.211270500000
1362,1828.621091758000
1363,1829.832529710000
1364,1831.936379902000
1365,1832.984940244000
1366,1833.273239033000
1367,1834.721559749000
1368,1835.883754438000
1369,1836.827672516000
1370,1838.086943306000
1371,1838.640288708000
1372,1840.195563473000
1373,1841.478582571000
1374,1842.875955279000
1375,1843.771057743000
1376,1844.759043650000
1377,1845.417534146000
1378,1846.353253421000
1379,1848.330980622000
1380,1848.722760911000
1381,1850.601184048000
1382,1851.400361995000
1383,1852.342204733000
1384,1853.519342921000
1385,1854.855632116000
1386,1855.592934937000
1387,1856.389179154000
1388,1857.498074815000
1389,1859.495271569000
1390,1860.541388109000
1391,1861.379671547000
1392,1862.121464929000
1393,1863.425464845000
1394,1864.353981336000
1395,1865.367433794000
1396,1866.836547019000
1397,1868.085190999000
1398,1868.706745684000
1399,1870.421471768000
1400,1871.416043098000
1401,1872.441566428000
1402,1872.865667638000
1403,1874.508361413000
1404,1874.913774010000
1405,1877.095064167000
1406,1878.022251483000
1407,1879.153303090000
1408,1880.082325419000
1409,1880.611766480000
1410,1882.321974797000
1411,1883.408724270000
1412,1884.005778350000
1413,1885.198075130000
1414,1887.053894807000
1415,1887.808841417000
1416,1888.938182637000
1417,1890.348128614000
1418,1890.612128588000
1419,1891.678510540000
1420,1892.867701336000
1421,1894.558537572000
1422,1895.697155654000
1423,1896.585494347000
1424,1897.513692860000
1425,1898.829372819000
1426,1900.006144829000
1427,1900.571884272000
1428,1901.891305751000
1429,1902.805059207000
1430,1904.089325323000
1431,1906.102756198000
1432,1906.597678004000
1433,1907.332780124000
1434,1908.433063045000
1435,1909.465930026000
1436,1910.733659616000
1437,1911.704690943000
1438,1913.182489776000
1439,1914.352300052000
1440,1915.054629333000
1441,1916.606371840000
1442,1917.344704042000
1443,1918.786498910000
1444,1919.207778398000
1445,1919.937457371000
1446,1922.101625622000
1447,1923.280837936000
1448,1924.055831101000
1449,1925.231987975000
1450,1926.211583080000
1451,1926.820092795000
1452,1928.417518550000
1453,1929.487560181000
1454,1930.258387180000
1455,1931.760069437000
1456,1932.875754550000
1457,1934.416436369000
1458,1934.907943434000
1459,1935.924848804000
1460,1936.873093814000
1461,1937.968633498000
1462,1939.050029151000
1463,1940.977326706000
1464,1941.822862216000
1465,1942.633568692000
1466,1943.367947449000
1467,1945.153796306000
1468,1945.922716949000
1469,1946.609945362000
1470,1947.917047738000
1471,1949.030030074000
1472,1950.743201553000
1473,1951.536695873000
1474,1952.850129212000
1475,1953.448556325000
1476,1954.418588175000
1477,1955.315809284000
1478,1956.848164578000
1479,1958.314403555000
1480,1958.851883463000
1481,1960.418845269000
1482,1961.359277880000
1483,1962.233571849000
1484,1963.621184573000
1485,1964.357390938000
1486,1965.377829505000
1487,1966.117658574000
1488,1968.471602019000
1489,1969.047617547000
1490,1970.305009517000
1491,1970.855547580000
1492,1971.970312805000
1493,1973.182663406000
1494,1974.347201910000
1495,1975.080610302000
1496,1977.173943698000
1497,1977.271446200000
1498,1978.801448168000
1499,1980.371772287000
1500,1980.910043091000
1501,1981.748768897000
1502,1982.663279195000
1503,1983.923804622000
1504,1985.416540175000
1505,1986.757107716000
1506,1987.873473361000
1507,1988.251876807000
1508,1989.702002708000
1509,1990.478352526000
1510,1992.001706394000
1511,1992.784987875000
1512,1993.577493138000
1513,1995.168739612000
1514,1996.796176966000
1515,1997.390914060000
1516,1998.279006926000
1517,1999.545764176000
1518,2000.434515302000
1519,2000.929620689000
1520,2002.896408374000
1521,2004.139669233000
1522,2005.077848124000
1523,2005.900934886000
1524,2007.125180170000
1525,2008.418240330000
1526,2009.176634123000
1527,2010.153324768000
1528,2011.020705074000
1529,2012.538935477000
1530,2013.872097714000
1531,2015.186728609000
1532,2016.029638032000
1533,2016.800075656000
1534,2017.386767252000
1535,2019.264600216000
1536,2019.884367140000
1537,2021.196042769000
1538,2022.545617685000
1539,2023.572911777000
1540,2024.488262158000
1541,2025.878906202000
1542,2026.738258912000
1543,2027.573317056000
1544,2028.582459354000
1545,2029.385479551000
1546,2031.750550691000
1547,2032.420780856000
1548,2033.017892746000
1549,2034.554828789000
1550,2035.077440096000
1551,2036.527526483000
1552,2037.217111094000
1553,2038.841738251000
1554,2039.443218740000
1555,2040.839119673000
1556,2042.344586251000
1557,2043.217116563000
1558,2044.121593292000
1559,2045.037320860000
1560,2045.802760432000
1561,2047.098336346000
1562,2048.454094066000
1563,2049.847525606000
1564,2050.906055385000
1565,2051.718388196000
1566,2052.407790192000
1567,2054.059916898000
1568,2055.180267326000
1569,2055.572602899000
1570,2056.620866690000
1571,2058.450651119000
1572,2059.448021744000
1573,2060.868247208000
1574,2061.367059202000
1575,2062.572650920000
1576,2063.283559498000
1577,2064.304867700000
1578,2065.832672282000
1579,2066.985229378000
1580,2068.345638527000
1581,2068.669941083000
1582,2070.504717593000
1583,2071.377083170000
1584,2071.990454815000
1585,2073.397603716000
1586,2074.171064902000
1587,2075.028065545000
1588,2077.117570137000
1589,2078.155484639000
1590,2078.939288115000
1591,2079.567628462000
1592,2080.910343458000
1593,2081.799686564000
1594,2083.300276859000
1595,2083.779992550000
1596,2085.389813692000
1597,2086.580318534000
1598,2087.473340988000
1599,2088.712281199000
1600,2090.036206757000
1601,2090.447550027000
1602,2091.221580661000
1603,2092.473218110000
1604,2094.335917469000
1605,2095.138256660000
1606,2096.346529979000
1607,2097.371606357000
1608,2097.951922200000
1609,2099.311651265000
1610,2100.593745237000
1611,2101.135489459000
1612,2102.535100215000
1613,2103.390454809000
1614,2105.372206592000
1615,2105.994704339000
1616,2107.172362432000
1617,2107.617911408000
1618,2108.938384889000
1619,2109.963143181000
1620,2110.822371848000
1621,2112.907087523000
1622,2113.483966448000
1623,2114.396137326000
1624,2115.506602795000
1625,2116.900056068000
1626,2117.722399441000
1627,2118.618646217000
1628,2119.456428469000
1629,2120.691562592000
1630,2122.465151175000
1631,2123.344042303000
1632,2124.370368738000
1633,2125.512400029000
1634,2125.958784840000
1635,2126.975711193000
1636,2128.752290554000
1637,2129.406080228000
1638,2130.555102283000
1639,2132.080620993000
1640,2132.798516468000
1641,2134.154933985000
1642,2134.950772504000
1643,2136.086897525000
1644,2136.967470548000
1645,2137.509940526000
1646,2139.380759985000
1647,2140.949362639000
1648,2141.710035960000
1649,2142.355043196000
1650,2143.374444181000
1651,2144.895337431000
1652,2145.505753734000
1653,2146.625894476000
1654,2147.785367346000
1655,2149.151849383000
1656,2149.910639858000
1657,2151.776885116000
1658,2152.390226597000
1659,2153.011964165000
1660,2154.263623952000
1661,2154.935345848000
1662,2156.394727256000
1663,2157.856489565000
1664,2158.878072291000
1665,2159.902286017000
1666,2160.853062328000
1667,2161.692172189000
1668,2163.107122286000
1669,2164.049720356000
1670,2165.011437174000
1671,2165.503949023000
1672,2167.693444255000
1673,2168.890615852000
1674,2169.263829283000
1675,2170.787074973000
1676,2171.396361926000
1677,2172.250962828000
1678,2173.528296969000
1679,2174.745020803000
1680,2176.204119466000
1681,2176.939451699000
1682,2178.004209155000
1683,2179.232185030000
1684,2180.495318259000
1685,2181.252367011000
1686,2181.725783030000
1687,2183.330584017000
1688,2184.103190761000
1689,2185.965528321000
1690,2187.085690959000
1691,2187.798455878000
1692,2188.558763203000
1693,2189.497072903000
1694,2191.093363046000
1695,2191.778017401000
1696,2192.826770540000
1697,2194.231530050000
1698,2195.231687681000
1699,2196.715977667000
1700,2197.258747040000
1701,2198.687512684000
1702,2199.302965321000
1703,2200.351020913000
1704,2200.915953026000
1705,2203.277453731000
1706,2203.906364584000
1707,2204.997801755000
1708,2205.855761246000
1709,2207.172161915000
1710,2207.802741337000
1711,2209.153744400000
1712,2210.208014989000
1713,2210.850941099000
1714,2212.343568400000
1715,2213.700256248000
1716,2214.949925632000
1717,2215.820565691000
1718,2216.296375888000
1719,2217.469375116000
1720,2218.521006913000
1721,2219.799815698000
1722,2220.852158849000
1723,2222.636604588000
1724,2223.055057919000
1725,2223.777772507000
1726,2225.564645117000
1727,2226.332734406000
1728,2227.246229377000
1729,2227.970573882000
1730,2229.127958910000
1731,2230.898690856000
1732,2231.977154074000
1733,2232.924853869000
1734,2233.720222250000
1735,2234.814934531000
1736,2235.546662136000
1737,2236.773643845000
1738,2238.154799519000
1739,2239.167743960000
1740,2240.021209470000
1741,2241.536186524000
1742,2242.621180159000
1743,2243.373668419000
1744,2244.370701700000
1745,2245.565286531000
1746,2246.016558178000
1747,2247.364431251000
1748,2249.550198574000
1749,2249.770766553000
1750,2251.046641942000
1751,2251.845318339000
1752,2252.678432674000
1753,2254.562246994000
1754,2254.759079001000
1755,2255.824565572000
1756,2257.346384683000
1757,2258.501847291000
1758,2259.517842057000
1759,2260.890259417000
1760,2261.660064449000
1761,2262.674430648000
1762,2262.878305381000
1763,2264.676399706000
1764,2265.768446115000
1765,2267.384501068000
1766,2267.879175337000
1767,2269.226998262000
1768,2269.919103217000
1769,2271.326282468000
1770,2272.049015701000
1771,2273.347534053000
1772,2273.956289146000
1773,2275.068664776000
1774,2277.079317757000
1775,2278.012628393000
1776,2278.525942156000
1777,2279.507305841000
1778,2280.870719853000
1779,2281.356483615000
1780,2282.690375138000
1781,2284.056011459000
1782,2285.222242365000
1783,2286.149814141000
1784,2287.046158671000
1785,2288.578849446000
1786,2289.336284710000
1787,2290.241458211000
1788,2291.097663612000
1789,2291.928901252000
1790,2293.896145106000
1791,2294.687918412000
1792,2296.115091188000
1793,2296.998522473000
1794,2297.372647580000
1795,2298.612363366000
1796,2299.961577620000
1797,2301.234125799000
1798,2301.454840352000
1799,2303.295481983000
1800,2304.305138670000
1801,2305.508356789000
1802,2306.517733070000
1803,2307.355553370000
1804,2308.210284635000
1805,2309.370358240000
1806,2309.931122384000
1807,2312.047996450000
1808,2313.190914171000
1809,2313.689359967000
1810,2314.621182114000
1811,2316.049454720000
1812,2316.962494505000
1813,2317.851531864000
1814,2318.826035336000
1815,2320.088523204000
1816,2320.949531629000
1817,2322.812632607000
1818,2323.534274241000
1819,2324.512455232000
1820,2325.557096492000
1821,2325.903015928000
1822,2327.376855820000
1823,2328.634875101000
1824,2329.705723406000
1825,2331.013110290000
1826,2331.942707806000
1827,2332.987765433000
1828,2333.720863374000
1829,2335.531712574000
1830,2335.867153806000
1831,2336.621036786000
1832,2337.761730159000
1833,2339.615683896000
1834,2340.826726707000
1835,2341.324596186000
1836,2342.654041658000
1837,2343.259158955000
1838,2344.311216236000
1839,2345.570483634000
1840,2346.464119530000
1841,2347.934254642000
1842,2348.843423633000
1843,2349.730054258000
1844,2351.455046928000
1845,2352.195701503000
1846,2352.750870075000
1847,2353.912135852000
1848,2354.951081235000
1849,2355.810813978000
1850,2357.608315920000
1851,2358.904705198000
1852,2359.434859076000
1853,2360.314285090000
1854,2361.342541642000
1855,2362.718317923000
1856,2363.495617654000
1857,2364.751176089000
1858,2365.191515064000
1859,2367.249219843000
1860,2367.957701823000
1861,2369.220577767000
1862,2370.093390284000
1863,2371.100747930000
1864,2371.938137795000
1865,2372.440347260000
1866,2374.444230718000
1867,2375.543967037000
1868,2376.355463516000
1869,2377.755407914000
1870,2378.212961680000
1871,2379.726502950000
1872,2380.545657219000
1873,2381.500123710000
1874,2382.530830566000
1875,2383.356013916000
1876,2384.965071641000
1877,2386.430937110000
1878,2387.299084122000
1879,2387.813568556000
1880,2388.748207635000
1881,2389.955988114000
1882,2391.260549872000
1883,2391.754982337000
1884,2393.630593292000
1885,2394.485367856000
1886,2395.270169995000
1887,2396.603878763000
1888,2397.791643762000
1889,2398.558311383000
1890,2399.433832906000
1891,2400.152356522000
1892,2401.482998376000
1893,2403.418798445000
1894,2403.975315149000
1895,2404.921593490000
1896,2406.253988718000
1897,2406.732851182000
1898,2407.715910422000
1899,2409.441502352000
1900,2409.881602683000
1901,2411.126193381000
1902,2412.222935837000
1903,2413.976123195000
1904,2414.379879801000
1905,2415.576893466000
1906,2416.534054628000
1907,2417.278087422000
1908,2418.229443267000
1909,2419.507917163000
1910,2421.142943993000
1911,2422.152084925000
1912,2422.996230123000
1913,2423.504146889000
1914,2425.124760213000
1915,2426.193437542000
1916,2426.907064294000
1917,2427.640896949000
1918,2429.185595990000
1919,2430.265812636000
1920,2431.611135096000
1921,2432.727569299000
1922,2433.705896805000
1923,2433.916873238000
1924,2435.348894365000
1925,2436.191600375000
1926,2437.794076108000
1927,2438.671790794000
1928,2439.927127219000
1929,2440.826160291000
1930,2441.929836550000
1931,2443.033560058000
1932,2443.775436396000
1933,2445.154381015000
1934,2445.744952101000
1935,2446.398523306000
1936,2448.988312286000
1937,2449.231032009000
1938,2450.503650580000
1939,2451.181708310000
1940,2452.283365741000
1941,2453.257485812000
1942,2454.300561842000
1943,2455.482288384000
1944,2456.514551841000
1945,2457.907999090000
1946,2458.546799837000
1947,2460.013579466000
1948,2461.202295375000
1949,2461.731628648000
1950,2462.464294914000
1951,2463.569667295000
1952,2464.927816361000
1953,2466.183097013000
1954,2467.640860784000
1955,2468.186816301000
1956,2469.336263892000
1957,2469.781485032000
1958,2471.539297742000
1959,2472.336417589000
1960,2473.107124735000
1961,2474.237849734000
1962,2475.539353861000
1963,2477.021755096000
1964,2478.014854025000
1965,2478.397597583000
1966,2479.977351981000
1967,2480.433606985000
1968,2481.356767280000
1969,2482.683411519000
1970,2484.503238275000
1971,2485.087590537000
1972,2485.785620712000
1973,2487.333836443000
1974,2488.113831754000
1975,2489.261157452000
1976,2490.051090516000
1977,2491.105516422000
1978,2491.907473934000
1979,2493.489295449000
1980,2494.866177828000
1981,2495.846840420000
1982,2496.485336703000
1983,2497.648465247000
1984,2497.969973967000
1985,2499.862042821000
1986,2500.564386412000
1987,2501.577744672000
1988,2503.185227212000
1989,2504.008933659000
1990,2504.772152511000
1991,2506.305351937000
1992,2507.151885648000
1993,2507.871039580000
1994,2508.766046104000
1995,2509.652997441000
1996,2511.660189787000
1997,2512.538220985000
1998,2513.579517021000
1999,2514.259859060000
2000,2515.286482925000
2001,2516.571049142000
2002,2517.146931880000
2003,2518.552852040000
2004,2519.634252640000
2005,2520.402323516000
2006,2521.885175646000
2007,2523.263480156000
2008,2523.967055819000
2009,2524.642045796000
2010,2525.687993325000
2011,2526.868810059000
2012,2527.418791161000
2013,2529.378043463000
2014,2530.273672273000
2015,2531.543961220000
2016,2531.969384081000
2017,2533.067317099000
2018,2534.408614098000
2019,2535.505886074000
2020,2536.091884922000
2021,2536.867485223000
2022,2538.559826936000
2023,2539.998407119000
2024,2540.531661936000
2025,2541.998729154000
2026,2542.687650514000
2027,2543.343955089000
2028,2544.290953657000
2029,2545.878017730000
2030,2546.761141282000
2031,2548.181615394000
2032,2548.895987575000
2033,2549.996484492000
2034,2551.411141992000
2035,2551.880445960000
2036,2553.275677996000
2037,2553.723069201000
2038,2555.050875291000
2039,2555.832350747000
2040,2558.009105943000
2041,2558.752211368000
2042,2559.234296597000
2043,2560.263289514000
2044,2561.405635748000
2045,2562.426113338000
2046,2563.501718904000
2047,2564.332107854000
2048,2565.975270478000
2049,2566.557557897000
2050,2567.958599725000
2051,2569.043090175000
2052,2569.948111597000
2053,2570.958525662000
2054,2571.540774148000
2055,2572.368208186000
2056,2574.207163950000
2057,2575.404511997000
2058,2576.141011186000
2059,2577.519835533000
2060,2578.070129925000
2061,2578.971298336000
2062,2580.346111565000
2063,2581.398140583000
2064,2582.138733931000
2065,2583.003294535000
2066,2584.758402442000
2067,2585.772739404000
2068,2586.925178957000
2069,2587.591000924000
2070,2588.368210424000
2071,2589.579264554000
2072,2590.371692925000
2073,2591.549378448000
2074,2593.275876805000
2075,2594.023618335000
2076,2594.905011552000
2077,2595.687530139000
2078,2597.546141490000
2079,2597.979353418000
2080,2598.598768320000
2081,2600.121355062000
2082,2600.641952319000
2083,2602.412300558000
2084,2603.628781119000
2085,2604.573564824000
2086,2605.368075916000
2087,2606.243664548000
2088,2607.003639114000
2089,2608.364899649000
2090,2609.552086738000
2091,2610.444520939000
2092,2611.543670381000
2093,2612.956807037000
2094,2613.731929438000
2095,2614.737136165000
2096,2615.847707268000
2097,2616.902118244000
2098,2617.335046935000
2099,2618.292915478000
2100,2620.279393694000
2101,2621.429055213000
2102,2622.048696798000
2103,2622.994507976000
2104,2624.050603855000
2105,2624.909501777000
2106,2626.460502230000
2107,2626.710471396000
2108,2628.098026526000
2109,2629.604139511000
2110,2629.994800764000
2111,2632.043116637000
2112,2632.443658949000
2113,2633.676399940000
2114,2633.966543434000
2115,2635.217331617000
2116,2636.432585995000
2117,2637.510683358000
2118,2639.062573045000
2119,2640.054245882000
2120,2640.462942827000
2121,2641.801744784000
2122,2642.755759063000
2123,2643.970900957000
2124,2644.887867143000
2125,2645.395567279000
2126,2646.689940173000
2127,2648.577429282000
2128,2649.325653552000
2129,2650.058544458000
2130,2651.227331332000
2131,2652.160775242000
2132,2652.770642829000
2133,2653.897069746000
2134,2655.615772326000
2135,2656.238998498000
2136,2657.537760758000
2137,2658.341557629000
2138,2659.658316021000
2139,2660.610245803000
2140,2661.582573758000
2141,2662.183573435000
2142,2663.393945622000
2143,2664.235489083000
2144,2666.030101479000
2145,2666.982849073000
2146,2668.291859038000
2147,2668.663651403000
2148,2669.253744888000
2149,2670.998998582000
2150,2671.918382671000
2151,2672.603779589000
2152,2673.874618711000
2153,2675.271759130000
2154,2676.066490229000
2155,2677.246193893000
2156,2678.538156522000
2157,2679.025281597000
2158,2680.039021546000
2159,2680.843117133000
2160,2681.841051456000
2161,2683.882275551000
2162,2684.529156905000
2163,2685.377113426000
2164,2686.496160151000
2165,2687.489939808000
2166,2688.385081596000
2167,2689.423275981000
2168,2690.633186856000
2169,2691.318382840000
2170,2692.368718959000
2171,2694.102820613000
2172,2695.208957969000
2173,2695.750049240000
2174,2696.695372582000
2175,2697.857558215000
2176,2698.290961320000
2177,2699.942027500000
2178,2700.731207011000
2179,2702.433544847000
2180,2703.143657511000
2181,2703.981714245000
2182,2704.955737553000
2183,2706.528247327000
2184,2707.090764646000
2185,2708.117069229000
2186,2708.476524962000
2187,2710.368359824000
2188,2711.458227864000
2189,2712.786687335000
2190,2713.525289303000
2191,2714.367906689000
2192,2715.339871631000
2193,2716.025049049000
2194,2717.665774871000
2195,2718.308652474000
2196,2719.770998978000
2197,2720.493474899000
2198,2721.798775617000
2199,2723.086082744000
2200,2723.768928850000
2201,2724.523924437000
2202,2725.882989204000
2203,2726.479701034000
2204,2727.274459432000
2205,2729.395041669000
2206,2730.492891807000
2207,2730.797702080000
2208,2732.004049913000
2209,2732.830123558000
2210,2734.200782969000
2211,2734.938856084000
2212,2736.000479107000
2213,2736.922048440000
2214,2738.266444164000
2215,2739.513547296000
2216,2740.311109420000
2217,2741.878852421000
2218,2742.254107878000
2219,2742.993068160000
2220,2743.953469810000
2221,2745.321831898000
2222,2746.714798952000
2223,2747.514097996000
2224,2748.916191066000
2225,2749.643649789000
2226,2750.314083410000
2227,2751.823671457000
2228,2752.715502495000
2229,2753.487796417000
2230,2754.458663083000
2231,2755.416876191000
2232,2757.301868214000
2233,2758.278103328000
2234,2758.858670969000
2235,2759.898613920000
2236,2760.657151540000
2237,2762.082880144000
2238,2762.444580466000
2239,2764.041846252000
2240,2765.407691146000
2241,2766.157035590000
2242,2766.887269747000
2243,2768.664523888000
2244,2769.144698796000
2245,2770.279093644000
2246,2771.017392143000
2247,2771.896293660000
2248,2773.029713424000
2249,2774.670010733000
2250,2775.725707342000
2251,2776.619160308000
2252,2777.512125203000
2253,2778.289695300000
2254,2779.127539134000
2255,2780.771118379000
2256,2781.656070228000
2257,2781.989239655000
2258,2783.943665287000
2259,2784.705283876000
2260,2786.043335739000
2261,2786.702566351000
2262,2787.932021258000
2263,2788.796278014000
2264,2789.197561121000
2265,2790.493080792000
2266,2792.113378557000
2267,2793.301469241000
2268,2794.238093337000
2269,2794.653824666000
2270,2796.034761604000
2271,2797.174539351000
2272,2797.972901230000
2273,2798.798140177000
2274,2800.067444818000
2275,2800.937603116000
2276,2802.224801536000
2277,2803.864955139000
2278,2804.418935677000
2279,2805.205300363000
2280,2806.002732415000
2281,2807.132318371000
2282,2808.153501198000
2283,2809.291652245000
2284,2810.724634083000
2285,2811.460992224000
2286,2812.861997589000
2287,2813.201488028000
2288,2814.656757981000
2289,2815.838653991000
2290,2816.337954816000
2291,2817.458907317000
2292,2817.949462161000
2293,2820.488842021000
2294,2820.660841054000
2295,2821.891930075000
2296,2822.923026217000
2297,2823.866992057000
2298,2824.281884122000
2299,2825.872656692000
2300,2826.712170375000
2301,2828.029973946000
2302,2828.851526591000
2303,2830.087545290000
2304,2831.128425437000
2305,2832.416550858000
2306,2833.138035852000
2307,2833.658717233000
2308,2834.980248463000
2309,2835.775847744000
2310,2837.014472081000
2311,2838.812881529000
2312,2839.485753395000
2313,2840.285754911000
2314,2840.920672973000
2315,2842.332641081000
2316,2843.469837885000
2317,2844.198986963000
2318,2845.025433610000
2319,2846.390776213000
2320,2847.535935530000
2321,2848.770308556000
2322,2849.797086647000
2323,2850.471888197000
2324,2851.678938036000
2325,2852.303726568000
2326,2852.926214765000
2327,2854.832394232000
2328,2855.853721193000
2329,2856.816133544000
2330,2857.736139810000
2331,2858.857860356000
2332,2859.838748954000
2333,2860.577436498000
2334,2862.120208237000
2335,2862.506966278000
2336,2863.363589552000
2337,2864.911426759000
2338,2866.493209756000
2339,2867.149356094000
2340,2868.224163663000
2341,2868.657629194000
2342,2869.843456575000
2343,2870.909506375000
2344,2872.023511114000
2345,2872.858555184000
2346,2874.569154073000
2347,2875.282119166000
2348,2875.889914341000
2349,2877.546649152000
2350,2878.527002624000
2351,2879.119907547000
2352,2879.868973939000
2353,2880.978994738000
2354,2882.153646391000
2355,2884.013657553000
2356,2884.346757790000
2357,2885.773055403000
2358,2886.308874640000
2359,2887.224885507000
2360,2888.394382456000
2361,2889.404168048000
2362,2890.642626362000
2363,2891.280078215000
2364,2892.462624017000
2365,2894.174448737000
2366,2894.746550357000
2367,2895.641103862000
2368,2896.825405168000
2369,2897.428300566000
2370,2898.541353180000
2371,2899.177779837000
2372,2901.263850362000
2373,2902.065102481000
2374,2902.855785528000
2375,2903.957879043000
2376,2904.598196022000
2377,2906.176417597000
2378,2906.923339343000
2379,2907.605736911000
2380,2908.658045520000
2381,2910.028233435000
2382,2911.142903665000
2383,2912.345904726000
2384,2913.522785867000
2385,2914.044611072000
2386,2914.802702224000
2387,2915.685975328000
2388,2917.274173441000
2389,2917.982416702000
2390,2919.321772327000
2391,2920.615555992000
2392,2921.083198935000
2393,2922.396084557000
2394,2923.390932357000
2395,2924.333434995000
2396,2925.261509119000
2397,2926.295436226000
2398,2926.624014686000
2399,2928.761073847000
2400,2930.004366372000
2401,2930.711168697000
2402,2931.069101112000
2403,2932.806414414000
2404,2933.174857162000
2405,2934.290717836000
2406,2935.552463705000
2407,2936.550374849000
2408,2937.708958982000
2409,2938.581220351000
2410,2939.847529163000
2411,2941.261601535000
2412,2941.425217756000
2413,2942.724885865000
2414,2943.353684960000
2415,2944.321648794000
2416,2945.944499286000
2417,2946.922394895000
2418,2948.374261866000
2419,2948.867577209000
2420,2949.790143026000
2421,2950.521108352000
2422,2952.283829639000
2423,2952.827176584000
2424,2953.589030991000
2425,2954.711275291000
2426,2956.258730424000
2427,2957.236259247000
2428,2958.290776257000
2429,2959.221014234000
2430,2960.033617811000
2431,2960.814839266000
2432,2961.825970575000
2433,2962.819636335000
2434,2964.633921497000
2435,2965.398341584000
2436,2966.065269746000
2437,2967.270190425000
2438,2968.405348995000
2439,2969.401136656000
2440,2970.049930111000
2441,2971.122238125000
2442,2972.308884109000
2443,2972.811686391000
2444,2975.018020413000
2445,2975.619957166000
2446,2976.526232137000
2447,2977.553574914000
2448,2977.981978512000
2449,2979.319042212000
2450,2980.487381007000
2451,2981.343947484000
2452,2982.523719896000
2453,2983.825333266000
2454,2984.639177804000
2455,2985.547666235000
2456,2986.805393383000
2457,2987.856151502000
2458,2988.634699665000
2459,2988.855046367000
2460,2990.423270574000
2461,2992.163668673000
2462,2992.868866377000
2463,2993.974353094000
2464,2994.865507047000
2465,2995.540266916000
2466,2996.736506016000
2467,2997.647203115000
2468,2998.959301099000
2469,2999.494492996000
2470,3001.023331164000
2471,3001.707332456000
2472,3003.477042853000
2473,3004.290975917000
2474,3004.662308408000
2475,3005.772929284000
2476,3006.990738365000
2477,3007.468699218000
2478,3008.882120871000
2479,3010.514962131000
2480,3011.344380181000
2481,3012.074694786000
2482,3012.788450549000
2483,3014.459082207000
2484,3014.911666503000
2485,3016.348394170000
2486,3016.700060810000
2487,3017.783440191000
2488,3019.461775780000
2489,3020.487633899000
2490,3021.420400693000
2491,3022.447483795000
2492,3023.338509068000
2493,3023.930996074000
2494,3024.793963871000
2495,3026.510826908000
2496,3027.299522807000
2497,3028.401522530000
2498,3029.499388370000
2499,3030.594529651000
2500,3031.289217468000
2501,3032.756029361000
2502,3033.218123973000
2503,3034.360907192000
2504,3035.074103948000
2505,3036.133113238000
2506,3037.980383590000
2507,3039.033651044000
2508,3039.521601572000
2509,3040.500427565000
2510,3041.256803549000
2511,3042.653049854000
2512,3043.670541622000
2513,3044.055127982000
2514,3046.050030225000
2515,3046.454504219000
2516,3047.708817641000
2517,3048.922632490000
2518,3050.019676757000
2519,3050.801233316000
2520,3051.342383344000
2521,3052.476848524000
2522,3053.348265937000
2523,3054.986520867000
2524,3056.242923310000
2525,3056.765138113000
2526,3058.013703011000
2527,3058.901494693000
2528,3059.437861758000
2529,3061.062700118000
2530,3061.837584445000
2531,3062.726873164000
2532,3063.435086484000
2533,3065.286555585000
2534,3066.320250404000
2535,3067.071320241000
2536,3068.013501342000
2537,3068.984266186000
2538,3069.782904780000
2539,3070.542621550000
2540,3072.000993378000
2541,3073.185237780000
2542,3074.523494285000
2543,3075.033872877000
2544,3075.833479242000
2545,3077.427473307000
2546,3078.286226918000
2547,3078.897379147000
2548,3079.871394644000
2549,3080.856382342000
2550,3082.163163759000
2551,3083.361357990000
2552,3084.838451504000
2553,3085.377268994000
2554,3085.965522259000
2555,3087.018815358000
2556,3088.083437042000
2557,3089.222308945000
2558,3090.282194903000
2559,3091.154469701000
2560,3092.687667039000
2561,3093.185445717000
2562,3094.833068430000
2563,3095.132031239000
2564,3096.515485513000
2565,3097.342606531000
2566,3098.038354972000
2567,3098.758089848000
2568,3101.079373087000
2569,3101.657370790000
2570,3102.436089123000
2571,3103.589916060000
2572,3104.362546342000
2573,3105.391402370000
2574,3106.396352646000
2575,3107.484255857000
2576,3108.303596267000
2577,3109.533099790000
2578,3110.557200381000
2579,3111.920727714000
2580,3112.840737859000
2581,3113.755213668000
2582,3114.473416201000
2583,3115.002672414000
2584,3116.720450816000
2585,3117.269723388000
2586,3118.955013666000
2587,3119.957556604000
2588,3120.986214976000
2589,3121.337219763000
2590,3122.610128875000
2591,3124.150225164000
2592,3124.525922646000
2593,3125.374441472000
2594,3126.450116435000
2595,3127.693012373000
2596,3129.468612610000
2597,3129.796205505000
2598,3130.877663730000
2599,3131.861090216000
2600,3132.698331366000
2601,3133.398883823000
2602,3134.635445901000
2603,3136.015560752000
2604,3137.175172667000
2605,3137.613495212000
2606,3139.049508499000
2607,3140.138494142000
2608,3141.001174828000
2609,3141.748032543000
2610,3142.979456728000
2611,3143.567499184000
2612,3144.490488145000
2613,3146.283528376000
2614,3147.344606628000
2615,3148.379041870000
2616,3148.861228784000
2617,3149.771738698000
2618,3150.824652722000
2619,3152.151059466000
2620,3152.994559997000
2621,3153.596976530000
2622,3155.312108218000
2623,3156.300357947000
2624,3156.905761455000
2625,3158.578287708000
2626,3159.265204659000
2627,3159.804097579000
2628,3161.061912578000
2629,3161.402435208000
2630,3163.311959558000
2631,3164.350531321000
2632,3165.540597894000
2633,3166.139586714000
2634,3167.121094757000
2635,3168.197515714000
2636,3169.179764608000
2637,3170.014131566000
2638,3171.343958070000
2639,3171.837774346000
2640,3173.011633917000
2641,3174.815385976000
2642,3175.528722744000
2643,3176.480343517000
2644,3176.915636009000
2645,3178.371705005000
2646,3178.902595537000
2647,3180.011213373000
2648,3181.328501713000
2649,3182.839446920000
2650,3183.205673347000
2651,3184.451499960000
2652,3185.214344580000
2653,3186.545869430000
2654,3187.646162708000
2655,3188.055482329000
2656,3188.877460715000
2657,3190.168661963000
2658,3191.706256364000
2659,3192.681791617000
2660,3193.557208472000
2661,3194.786707379000
2662,3195.326699927000
2663,3195.793895634000
2664,3197.547165657000
2665,3198.430125768000
2666,3199.248977114000
2667,3200.663270230000
2668,3201.424866362000
2669,3202.778286501000
2670,3203.630891153000
2671,3204.557410188000
2672,3205.497580563000
2673,3206.228893304000
2674,3207.270062357000
2675,3208.086133892000
2676,3210.352420540000
2677,3210.670388301000
2678,3211.618832521000
2679,3212.319227342000
2680,3213.606498798000
2681,3214.667562488000
2682,3215.325298905000
2683,3216.491524692000
2684,3217.430804779000
2685,3218.659983744000
2686,3219.639171306000
2687,3221.198341683000
2688,3221.609476301000
2689,3222.813840823000
2690,3223.372566375000
2691,3224.213706520000
2692,3225.366715965000
2693,3227.044102375000
2694,3227.525149514000
2695,3229.016311632000
2696,3229.981066961000
2697,3230.336636732000
2698,3231.741347918000
2699,3232.738713126000
2700,3233.913360603000
2701,3234.306591245000
2702,3235.154617184000
2703,3237.087579532000
2704,3237.998236326000
2705,3239.090434563000
2706,3239.767314075000
2707,3240.605747278000
2708,3241.595312938000
2709,3242.568307582000
2710,3243.501652712000
2711,3244.884157091000
2712,3246.040157816000
2713,3246.841676162000
2714,3247.570503533000
2715,3249.308085745000
2716,3249.906446319000
2717,3250.613324267000
2718,3251.510637744000
2719,3252.723990907000
2720,3253.369017244000
2721,3255.142076593000
2722,3256.346612817000
2723,3256.941943205000
2724,3257.831340011000
2725,3258.706714275000
2726,3259.539730686000
2727,3261.192124421000
2728,3261.535312602000
2729,3262.718968695000
2730,3263.784940489000
2731,3265.198771598000
2732,3266.153786420000
2733,3266.803954480000
2734,3268.188517856000
2735,3268.909408586000
2736,3269.516785360000
2737,3270.310803458000
2738,3272.019397611000
2739,3273.363032965000
2740,3274.059953013000
2741,3274.863567638000
2742,3276.124154987000
2743,3276.694554680000
2744,3278.059478291000
2745,3278.986193734000
2746,3279.489509642000
2747,3280.976418714000
2748,3281.706690820000
2749,3283.239124300000
2750,3284.499863133000
2751,3285.202828752000
2752,3285.682259711000
2753,3286.718540341000
2754,3287.773091993000
2755,3288.936972845000
2756,3289.724306537000
2757,3291.385725928000
2758,3292.222642049000
2759,3292.856716098000
2760,3293.975869246000
2761,3295.266663233000
2762,3296.021754765000
2763,3296.873142162000
2764,3297.836842311000
2765,3298.357878622000
2766,3300.450576192000
2767,3301.413776304000
2768,3302.017097666000
2769,3303.317261842000
2770,3303.813719206000
2771,3305.076177241000
2772,3305.472088699000
2773,3307.221711602000
2774,3308.045402223000
2775,3308.832877515000
2776,3310.235706774000
2777,3311.155306118000
2778,3312.349459451000
2779,3313.199876673000
2780,3313.842662273000
2781,3315.015013827000
2782,3315.619742541000
2783,3316.752453418000
2784,3318.387470172000
2785,3319.412648993000
2786,3320.476699682000
2787,3320.887941461000
2788,3321.663572699000
2789,3323.490923180000
2790,3323.875124914000
2791,3324.925684145000
2792,3325.691627038000
2793,3327.338441751000
2794,3327.988269208000
2795,3329.465583951000
2796,3330.290400360000
2797,3331.299404161000
2798,3331.892288244000
2799,3332.700898578000
2800,3333.781382961000
2801,3335.045996424000
2802,3336.575968430000
2803,3337.044211897000
2804,3338.150407356000
2805,3339.256673695000
2806,3340.117152697000
2807,3340.972263638000
2808,3342.211554859000
2809,3343.051722278000
2810,3343.604908510000
2811,3344.852255868000
2812,3346.848430817000
2813,3347.397830991000
2814,3347.936001611000
2815,3349.301027927000
2816,3349.856252115000
2817,3350.803704025000
2818,3352.153804097000
2819,3352.845364543000
2820,3354.278231280000
2821,3355.483680305000
2822,3355.880578183000
2823,3357.198154118000
2824,3358.402699623000
2825,3359.359283068000
2826,3359.852404381000
2827,3360.584153298000
2828,3361.887588621000
2829,3363.233878349000
2830,3364.355763554000
2831,3365.600957469000
2832,3366.120883810000
2833,3367.055542540000
2834,3367.769443868000
2835,3369.183728555000
2836,3370.061651747000
2837,3370.997536143000
2838,3371.922445601000
2839,3373.160140925000
2840,3374.427471990000
2841,3375.379955756000
2842,3376.298386044000
2843,3376.820970848000
2844,3378.258956963000
2845,3378.780608495000
2846,3379.460192667000
2847,3381.634647447000
2848,3382.296714922000
2849,3383.348489576000
2850,3383.871212415000
2851,3385.177310828000
2852,3386.166295749000
2853,3387.149564459000
2854,3387.808777786000
2855,3389.091880157000
2856,3389.648879041000
2857,3391.481233732000
2858,3392.147572632000
2859,3393.651785893000
2860,3394.137666352000
2861,3394.991106311000
2862,3395.614850938000
2863,3396.890066311000
2864,3398.271677189000
2865,3398.841197218000
2866,3400.322476548000
2867,3401.387450700000
2868,3402.000441415000
2869,3403.008864821000
2870,3404.362761573000
2871,3405.132918695000
2872,3405.809942805000
2873,3406.679482810000
2874,3407.728314290000
2875,3409.578736852000
2876,3410.424565212000
2877,3411.223633497000
2878,3411.855830275000
2879,3413.219036005000
2880,3413.710819477000
2881,3415.006415298000
2882,3415.806623573000
2883,3417.201725528000
2884,3418.194842707000
2885,3418.744246677000
2886,3420.540582987000
2887,3421.307537317000
2888,3421.882420408000
2889,3423.128594192000
2890,3423.611394670000
2891,3424.728989863000
2892,3425.830917736000
2893,3427.431811006000
2894,3428.345014649000
2895,3429.077161459000
2896,3430.158809529000
2897,3430.611618680000
2898,3432.026366532000
2899,3433.306331160000
2900,3433.769710163000
2901,3434.432930181000
2902,3436.183607570000
2903,3437.219161607000
2904,3438.212616155000
2905,3439.112430155000
2906,3440.229299588000
2907,3440.844025770000
2908,3441.467977671000
2909,3442.683392445000
2910,3444.036570702000
2911,3445.277432469000
2912,3446.015386158000
2913,3447.158925421000
2914,3447.700517605000
2915,3449.497002716000
2916,3449.685001064000
2917,3450.723487593000
2918,3451.940669428000
2919,3452.569816770000
2920,3453.677893918000
2921,3455.488799435000
2922,3456.258614559000
2923,3457.184172894000
2924,3457.573598858000
2925,3458.665410625000
2926,3460.046064020000
2927,3460.484230469000
2928,3461.915971198000
2929,3462.896732402000
2930,3464.083832160000
2931,3464.977695252000
2932,3465.827155727000
2933,3467.204403986000
2934,3467.909471077000
2935,3468.775551367000
2936,3469.551913133000
2937,3470.214108961000
2938,3472.249018221000
2939,3473.168763395000
2940,3473.814882020000
2941,3475.219106733000
2942,3475.717792819000
2943,3476.519931771000
2944,3477.700190285000
2945,3479.049830179000
2946,3479.465965313000
2947,3480.682915951000
2948,3481.776396694000
2949,3483.057856801000
2950,3484.159388044000
2951,3484.884585353000
2952,3485.691497728000
2953,3486.534339669000
2954,3487.539477843000
2955,3488.455776622000
2956,3489.665123316000
2957,3491.550561368000
2958,3491.811099965000
2959,3492.414435580000
2960,3493.720613083000
2961,3494.816408482000
2962,3495.988931968000
2963,3496.350361364000
2964,3497.372960542000
2965,3498.576136539000
2966,3499.686553821000
2967,3501.145919590000
2968,3501.897095233000
2969,3502.775867949000
2970,3503.636215790000
2971,3504.588927775000
2972,3504.992627195000
2973,3506.860778988000
2974,3507.545273797000
2975,3508.772500867000
2976,3509.636408038000
2977,3510.845083645000
2978,3511.731091113000
2979,3512.473586843000
2980,3513.877573874000
2981,3514.366752244000
2982,3515.416808850000
2983,3515.901814499000
2984,3518.026445241000
2985,3518.868409209000
2986,3519.870186740000
2987,3520.491665964000
2988,3521.365040903000
2989,3522.382212894000
2990,3523.635835723000
2991,3524.215220738000
2992,3525.386566639000
2993,3526.670256711000
2994,3527.615207051000
2995,3528.351824583000
2996,3529.955744346000
2997,3530.835046799000
2998,3531.201023965000
2999,3532.038508847000
3000,3533.328243396000
3001,3534.062588280000
3002,3535.772576943000
3003,3536.633250707000
3004,3537.708013056000
3005,3538.500568907000
3006,3539.089936525000
3007,3540.456758809000
3008,3541.357522377000
3009,3542.340883918000
3010,3543.322306535000
3011,3543.816796285000
3012,3545.699212171000
3013,3546.864134595000
3014,3547.314781396000
3015,3548.351252964000
3016,3549.458356776000
3017,3550.065059226000
3018,3550.853298372000
3019,3552.080209750000
3020,3553.840680597000
3021,3554.165034789000
3022,3555.534145072000
3023,3556.065234536000
3024,3557.427102353000
3025,3558.349345038000
3026,3559.265664700000
3027,3560.019248824000
3028,3560.776183335000
3029,3562.162435083000
3030,3563.215121486000
3031,3564.760770714000
3032,3565.396422887000
3033,3566.284910776000
3034,3566.916683897000
3035,3567.733251751000
3036,3569.343132086000
3037,3570.008671365000
3038,3570.822916555000
3039,3572.513965628000
3040,3573.079804301000
3041,3574.100016307000
3042,3575.493155747000
3043,3575.955379645000
3044,3577.205283986000
3045,3577.981184110000
3046,3578.410382621000
3047,3579.750102617000
3048,3581.585338239000
3049,3582.394916620000
3050,3582.923042186000
3051,3583.945574775000
3052,3585.206278713000
3053,3585.684448659000
3054,3586.840745006000
3055,3587.968813668000
3056,3588.859444520000
3057,3589.745006545000
3058,3590.983471294000
3059,3592.405889080000
3060,3593.028558840000
3061,3594.227274785000
3062,3594.469272698000
3063,3595.779063754000
3064,3596.421772540000
3065,3597.802641293000
3066,3598.948560206000
3067,3600.166323797000
3068,3601.104013685000
3069,3601.791282752000
3070,3602.418894263000
3071,3604.248053633000
3072,3604.754984018000
3073,3605.494474972000
3074,3606.359317624000
3075,3607.574809645000
3076,3609.283333035000
3077,3609.700266169000
3078,3611.101631552000
3079,3611.910994676000
3080,3612.324192688000
3081,3613.549021241000
3082,3614.327814642000
3083,3615.606268126000
3084,3616.840689134000
3085,3617.802842397000
3086,3618.452558516000
3087,3619.885723508000
3088,3620.705570450000
3089,3621.886132366000
3090,3622.179274502000
3091,3623.558468475000
3092,3624.437503558000
3093,3624.881726598000
3094,3627.060315519000
3095,3627.949114789000
3096,3628.610375056000
3097,3629.407217612000
3098,3630.363425045000
3099,3631.308684289000
3100,3632.478178334000
3101,3633.440157775000
3102,3634.056193093000
3103,3635.673633427000
3104,3636.439638357000
3105,3637.540657718000
3106,3638.553707679000
3107,3639.679806518000
3108,3640.362976494000
3109,3641.010538146000
3110,3641.707123241000
3111,3643.479573646000
3112,3644.403358341000
3113,3645.632116644000
3114,3646.450894372000
3115,3647.284261680000
3116,3648.158454688000
3117,3649.166164133000
3118,3650.302043571000
3119,3651.253106164000
3120,3651.783523375000
3121,3653.088326196000
3122,3654.211437503000
3123,3655.905726441000
3124,3656.334529766000
3125,3656.892829633000
3126,3658.129372194000
3127,3658.921689553000
3128,3659.907500749000
3129,3660.735665815000
3130,3662.368949297000
3131,3663.448288853000
3132,3664.002007105000
3133,3664.878137729000
3134,3666.237025973000
3135,3667.307339233000
3136,3667.735638946000
3137,3669.030191157000
3138,3669.423746307000
3139,3670.731997269000
3140,3672.349351294000
3141,3673.159176144000
3142,3674.087608958000
3143,3675.262610130000
3144,3675.662484246000
3145,3676.368938137000
3146,3677.893295663000
3147,3678.847783057000
3148,3679.818311650000
3149,3680.583983908000
3150,3682.418731434000
3151,3682.571730549000
3152,3683.971024204000
3153,3684.859893089000
3154,3685.974442143000
3155,3686.271337181000
3156,3687.538413760000
3157,3688.177027971000
3158,3690.184258111000
3159,3691.039162253000
3160,3691.756939721000
3161,3692.647653927000
3162,3693.370984735000
3163,3694.791126718000
3164,3695.672790133000
3165,3696.121982633000
3166,3697.585963646000
3167,3698.547362767000
3168,3699.430292631000
3169,3700.838316760000
3170,3702.050756988000
3171,3702.460155933000
3172,3703.347476074000
3173,3704.209894383000
3174,3705.129228188000
3175,3706.294721356000
3176,3707.579055361000
3177,3708.658452869000
3178,3709.582271722000
3179,3710.371491777000
3180,3711.404818176000
3181,3712.170139466000
3182,3713.583581053000
3183,3714.424676840000
3184,3714.739333587000
3185,3715.846459035000
3186,3717.751095917000
3187,3718.498355476000
3188,3719.483495399000
3189,3720.182048933000
3190,3721.296040000000
3191,3722.058836767000
3192,3722.627320553000
3193,3724.388127501000
3194,3724.882319990000
3195,3726.517718265000
3196,3727.105295975000
3197,3727.938465956000
3198,3729.472791702000
3199,3730.187320676000
3200,3731.075159248000
3201,3731.652937303000
3202,3732.847475614000
3203,3733.671696805000
3204,3735.007644635000
3205,3736.462855617000
3206,3737.426702786000
3207,3737.847779332000
3208,3738.588055468000
3209,3739.831690660000
3210,3740.875153687000
3211,3741.925079349000
3212,3742.485013547000
3213,3743.859616212000
3214,3744.846671965000
3215,3746.135972513000
3216,3746.840953103000
3217,3747.997127045000
3218,3748.752860723000
3219,3749.672707911000
3220,3750.303158431000
3221,3751.164644510000
3222,3753.186449130000
3223,3753.946989066000
3224,3754.507321885000
3225,3755.922818842000
3226,3756.524972712000
3227,3757.481439850000
3228,3758.696426296000
3229,3759.359216676000
3230,3760.582729131000
3231,3761.085334950000
3232,3762.475079096000
3233,3763.999842699000
3234,3764.644280170000
3235,3765.746026065000
3236,3766.455967532000
3237,3766.872421485000
3238,3768.338640156000
3239,3769.293394313000
3240,3770.105497899000
3241,3771.728992762000
3242,3772.512331217000
3243,3773.467327741000
3244,3773.941580305000
3245,3775.752711841000
3246,3776.258807342000
3247,3777.143244332000
3248,3777.833370602000
3249,3778.839373785000
3250,3780.226486451000
3251,3781.668646123000
3252,3782.390575662000
3253,3783.126649464000
3254,3784.265550344000
3255,3784.865105100000
3256,3785.791018601000
3257,3786.935697906000
3258,3788.263664870000
3259,3788.800050330000
3260,3790.041776673000
3261,3791.020914403000
3262,3792.560247672000
3263,3792.872479502000
3264,3793.790990277000
3265,3795.021653416000
3266,3795.808588148000
3267,3796.139177933000
3268,3797.854055844000
3269,3799.298497077000
3270,3800.132426403000
3271,3800.877635579000
3272,3801.590617176000
3273,3802.640239734000
3274,3803.829200466000
3275,3804.790840394000
3276,3805.434646755000
3277,3806.297896755000
3278,3808.093049896000
3279,3808.459507837000
3280,3809.874248313000
3281,3811.184712333000
3282,3811.428221765000
3283,3812.544754399000
3284,3812.978308902000
3285,3814.327017462000
3286,3815.531819858000
3287,3816.602598128000
3288,3817.768707914000
3289,3818.505533966000
3290,3819.414498548000
3291,3820.438313369000
3292,3821.438059665000
3293,3822.371913386000
3294,3823.148110408000
3295,3824.418553125000
3296,3824.541037159000
3297,3826.947627238000
3298,3827.576335686000
3299,3828.339520520000
3300,3829.144810487000
3301,3830.161823923000
3302,3831.034679120000
3303,3831.932487128000
3304,3832.941548849000
3305,3834.353094561000
3306,3835.220398724000
3307,3836.022881981000
3308,3837.238847223000
3309,3838.084058667000
3310,3839.426268466000
3311,3839.974002766000
3312,3840.504678748000
3313,3841.682344812000
3314,3842.678532636000
3315,3844.403553213000
3316,3844.897010964000
3317,3846.487475476000
3318,3846.747301185000
3319,3847.681749671000
3320,3848.415301006000
3321,3850.170201815000
3322,3850.603920438000
3323,3851.410102462000
3324,3852.703102475000
3325,3853.860293846000
3326,3854.902586333000
3327,3855.955254473000
3328,3856.703867396000
3329,3857.610583015000
3330,3858.448586237000
3331,3859.285738177000
3332,3860.093008505000
3333,3861.852719325000
3334,3862.983783667000
3335,3863.658286020000
3336,3864.150190996000
3337,3865.565077205000
3338,3866.822404111000
3339,3866.972328125000
3340,3868.412859074000
3341,3869.144666921000
3342,3870.114034539000
3343,3871.291750189000
3344,3872.666546573000
3345,3873.810208381000
3346,3874.229614846000
3347,3875.105197585000
3348,3876.173740690000
3349,3876.657964937000
3350,3878.256174941000
3351,3879.110338710000
3352,3880.082213598000
3353,3881.540350514000
3354,3882.116845258000
3355,3882.899992550000
3356,3884.209799208000
3357,3885.109963086000
3358,3886.225209766000
3359,3886.451289791000
3360,3887.352013760000
3361,3889.155346344000
3362,3890.309181969000
3363,3891.086883003000
3364,3891.929936986000
3365,3893.001131077000
3366,3893.407062083000
3367,3894.783730291000
3368,3895.567931274000
3369,3896.642632278000
3370,3897.870750290000
3371,3898.651961795000
3372,3899.623743454000
3373,3901.007764610000
3374,3902.077427042000
3375,3902.411160511000
3376,3903.351543071000
3377,3904.379191304000
3378,3905.344851666000
3379,3906.119319112000
3380,3908.188165438000
3381,3908.606362666000
3382,3909.465847404000
3383,3910.632716857000
3384,3910.911438236000
3385,3912.642948599000
3386,3913.259137862000
3387,3914.219923269000
3388,3914.949001245000
3389,3916.176538560000
3390,3917.658165954000
3391,3918.443052988000
3392,3919.222740961000
3393,3920.540431095000
3394,3921.152570242000
3395,3921.652560349000
3396,3922.665203224000
3397,3924.193310525000
3398,3925.247119257000
3399,3926.176083584000
3400,3927.080517370000
3401,3928.142218295000
3402,3928.886559207000
3403,3930.099281280000
3404,3930.891086382000
3405,3931.745217360000
3406,3932.624568087000
3407,3933.516881842000
3408,3934.938347810000
3409,3936.443286120000
3410,3936.974234314000
3411,3937.905380853000
3412,3938.214616538000
3413,3939.775186812000
3414,3940.434637597000
3415,3941.630029648000
3416,3942.352722188000
3417,3944.030362807000
3418,3944.650915652000
3419,3945.333063668000
3420,3946.878983573000
3421,3947.703864075000
3422,3948.434192200000
3423,3949.313705822000
3424,3950.132375511000
3425,3950.859466440000
3426,3952.942870157000
3427,3953.356526591000
3428,3954.778621167000
3429,3955.176546373000
3430,3956.420217192000
3431,3957.019901777000
3432,3957.954717946000
3433,3959.470755507000
3434,3960.071028757000
3435,3960.770534614000
3436,3962.168461927000
3437,3963.470348861000
3438,3964.312649523000
3439,3965.132707099000
3440,3966.138714994000
3441,3966.753894106000
3442,3967.818761421000
3443,3968.484653608000
3444,3969.914600220000
3445,3971.318070212000
3446,3972.115760265000
3447,3973.010681504000
3448,3973.457014784000
3449,3974.893413368000
3450,3976.066183196000
3451,3976.731418901000
3452,3977.113908695000
3453,3978.686119981000
3454,3979.497341176000
3455,3980.844099782000
3456,3982.048502087000
3457,3982.764068117000
3458,3983.749795369000
3459,3984.227435181000
3460,3985.098725244000
3461,3986.516179038000
3462,3987.230709155000
3463,3988.719449263000
3464,3989.352175809000
3465,3990.481409607000
3466,3991.570890985000
3467,3992.331105100000
3468,3993.293163732000
3469,3994.395873998000
3470,3995.168459723000
3471,3995.797813413000
3472,3996.689040235000
3473,3998.809292300000
3474,3999.519248285000
3475,4000.017285177000
3476,4001.144258635000
3477,4002.112349428000
3478,4002.695719415000
3479,4004.022451396000
3480,4004.806731029000
3481,4005.876737437000
3482,4006.931920818000
3483,4008.142030891000
3484,4008.689596253000
3485,4010.361019024000
3486,4010.983311280000
3487,4011.663881542000
3488,4012.568916001000
3489,4013.233688804000
3490,4014.657294818000
3491,4015.657651052000
3492,4016.968938010000
3493,4018.029268460000
3494,4018.776951600000
3495,4019.106065041000
3496,4020.570773104000
3497,4021.628014218000
3498,4022.380106439000
3499,4023.428504974000
3500,4023.905151399000
3501,4025.583199027000
3502,4026.602759102000
3503,4027.866297572000
3504,4028.247172920000
3505,4029.195557081000
3506,4030.383280199000
3507,4030.916107786000
3508,4031.654311716000
3509,4033.374476877000
3510,4034.520820162000
3511,4035.105599030000
3512,4036.079389602000
3513,4037.126014571000
3514,4038.290698859000
3515,4038.948310434000
3516,4039.857819222000
3517,4040.940563222000
3518,4041.464677645000
3519,4042.702480396000
3520,4044.322287003000
3521,4045.055147387000
3522,4046.214784829000
3523,4046.738210817000
3524,4047.468044326000
3525,4048.380709828000
3526,4049.973704686000
3527,4050.431390624000
3528,4051.384379551000
3529,4052.997625981000
3530,4053.566272078000
3531,4054.690712871000
3532,4055.477852502000
3533,4056.996361902000
3534,4057.428904233000
3535,4057.993493539000
3536,4059.085428290000
3537,4060.048996007000
3538,4061.743933050000
3539,4062.850288693000
3540,4063.157725455000
3541,4064.358380196000
3542,4065.178475193000
3543,4066.109592651000
3544,4067.074106869000
3545,4068.083223826000
3546,4068.969297626000
3547,4070.281912570000
3548,4070.603677650000
3549,4072.705128706000
3550,4073.126450172000
3551,4074.087681133000
3552,4074.817064511000
3553,4075.741346670000
3554,4076.719781864000
3555,4077.413345484000
3556,4078.922771360000
3557,4080.108304481000
3558,4081.066083421000
3559,4081.698568432000
3560,4082.588348141000
3561,4083.630042860000
3562,4084.942883203000
3563,4085.515370585000
3564,4086.379221075000
3565,4086.967478975000
3566,4088.781881483000
3567,4089.730285640000
3568,4090.591265910000
3569,4091.910846159000
3570,4092.297206465000
3571,4093.248362229000
3572,4093.905911945000
3573,4095.137930751000
3574,4096.510847297000
3575,4097.063684460000
3576,4098.475186448000
3577,4099.244845294000
3578,4100.107534131000
3579,4101.578447922000
3580,4102.037362535000
3581,4102.825941826000
3582,4104.141331202000
3583,4104.613098580000
3584,4105.512852569000
3585,4107.327219356000
3586,4108.624233430000
3587,4108.852443161000
3588,4109.710931286000
3589,4110.634319887000
3590,4111.859845445000
3591,4112.667206019000
3592,4113.485989227000
3593,4114.687567837000
3594,4115.615773798000
3595,4116.813980891000
3596,4117.600710742000
3597,4118.974352669000
3598,4119.596332883000
3599,4120.634210584000
3600,4121.348656802000
3601,4121.794658787000
3602,4123.240086670000
3603,4124.648829380000
3604,4125.592128453000
3605,4126.378063880000
3606,4127.593370807000
3607,4128.298166700000
3608,4128.777675203000
3609,4130.466763780000
3610,4131.136979900000
3611,4131.928002433000
3612,4132.724451309000
3613,4134.050648827000
3614,4135.441760020000
3615,4136.396688873000
3616,4136.974853483000
3617,4137.962941380000
3618,4138.838339556000
3619,4139.464099155000
3620,4140.892830116000
3621,4141.373775320000
3622,4143.347062502000
3623,4143.897624856000
3624,4144.603298798000
3625,4145.564792569000
3626,4147.071922280000
3627,4147.595069547000
3628,4148.652520779000
3629,4149.069451051000
3630,4150.445097953000
3631,4151.146851510000
3632,4152.768725266000
3633,4153.839146745000
3634,4154.630899006000
3635,4155.334787262000
3636,4156.296304964000
3637,4156.913907992000
3638,4158.129334414000
3639,4159.480461699000
3640,4159.921665840000
3641,4161.096281182000
3642,4162.377914596000
3643,4163.278853051000
3644,4164.135351441000
3645,4165.139162956000
3646,4166.078428062000
3647,4166.984173408000
3648,4167.509875344000
3649,4168.303453626000
3650,4170.482806111000
3651,4170.875114381000
3652,4172.130758052000
3653,4172.876966852000
3654,4173.416864023000
3655,4174.873181875000
3656,4175.512052253000
3657,4176.643071922000
3658,4177.322188622000
3659,4178.530304183000
3660,4179.574699432000
3661,4180.503181765000
3662,4181.922493184000
3663,4182.850792879000
3664,4183.377504372000
3665,4183.846344459000
3666,4185.312727675000
3667,4185.957936687000
3668,4187.200718848000
3669,4188.419977240000
3670,4189.615279793000
3671,4190.233269291000
3672,4190.985912226000
3673,4192.109712346000
3674,4193.175851164000
3675,4194.092245882000
3676,4194.899013889000
3677,4195.541351655000
3678,4196.604548356000
3679,4198.425989113000
3680,4199.335192630000
3681,4199.633002830000
3682,4200.997463467000
3683,4201.827002236000
3684,4202.416698746000
3685,4203.280813660000
3686,4204.736011073000
3687,4205.627365267000
3688,4206.870191888000
3689,4207.354542106000
3690,4208.734782098000
3691,4209.642902760000
3692,4210.549793194000
3693,4211.527980700000
3694,4212.170228130000
3695,4212.967293233000
3696,4214.117686584000
3697,4215.179293282000
3698,4216.832135764000
3699,4217.495524249000
3700,4218.230788627000
3701,4219.086410356000
3702,4219.672061531000
3703,4221.306739710000
3704,4222.126671441000
3705,4222.507243705000
3706,4223.901179993000
3707,4225.282365846000
3708,4225.722307331000
3709,4227.210630502000
3710,4227.984705072000
3711,4228.980834107000
3712,4229.533411498000
3713,4230.657847975000
3714,4231.008079755000
3715,4232.660327381000
3716,4234.137260751000
3717,4234.672186486000
3718,4235.502814785000
3719,4236.708778083000
3720,4237.343105088000
3721,4238.581562429000
3722,4239.083355091000
3723,4240.609223279000
3724,4241.104024290000
3725,4241.783753083000
3726,4243.573652494000
3727,4244.575822635000
3728,4245.621059998000
3729,4246.010961504000
3730,4247.050666370000
3731,4247.882863618000
3732,4248.798229920000
3733,4249.842360551000
3734,4251.024571917000
3735,4252.063770375000
3736,4253.452157043000
3737,4253.641943496000
3738,4254.606741243000
3739,4256.253977916000
3740,4256.903916382000
3741,4257.398426071000
3742,4258.412309499000
3743,4259.219971503000
3744,4260.828780400000
3745,4261.801316154000
3746,4262.834917760000
3747,4263.851070090000
3748,4264.326484097000
3749,4265.197753530000
3750,4266.175526298000
3751,4267.375018116000
3752,4268.223032064000
3753,4269.311963383000
3754,4270.228945852000
3755,4271.219357725000
3756,4272.626546683000
3757,4273.266070376000
3758,4274.006198485000
3759,4275.106732634000
3760,4275.863648070000
3761,4276.733176340000
3762,4277.420042959000
3763,4279.548867188000
3764,4280.161625525000
3765,4280.973787693000
3766,4281.587159761000
3767,4282.943479139000
3768,4283.493728633000
3769,4284.844965402000
3770,4285.629053649000
3771,4286.158107287000
3772,4287.680518179000
3773,4288.504766274000
3774,4289.812145761000
3775,4290.683826358000
3776,4291.674919392000
3777,4292.726444975000
3778,4292.817263391000
3779,4293.813814960000
3780,4295.348211448000
3781,4296.247687554000
3782,4297.269668493000
3783,4298.663179090000
3784,4299.054947283000
3785,4300.089148378000
3786,4301.012050609000
3787,4302.145194882000
3788,4303.183384179000
3789,4303.534636903000
3790,4304.617528000000
3791,4305.613823712000
3792,4307.449077599000
3793,4307.998991754000
3794,4309.172964977000
3795,4309.358615069000
3796,4310.632176097000
3797,4311.662007244000
3798,4312.226430124000
3799,4313.401370260000
3800,4314.799283160000
3801,4315.573741806000
3802,4316.464656307000
3803,4317.356190740000
3804,4318.867542854000
3805,4319.406828393000
3806,4320.162243602000
3807,4321.074891627000
3808,4322.076165190000
3809,4322.664566486000
3810,4324.546748008000
3811,4325.293085726000
3812,4326.350118585000
3813,4327.394690704000
3814,4327.700362559000
3815,4328.615769054000
3816,4330.027835915000
3817,4330.890065792000
3818,4331.851915622000
3819,4332.303902287000
3820,4334.020581084000
3821,4335.063147369000
3822,4335.606667165000
3823,4337.133662606000
3824,4337.451842981000
3825,4338.719122160000
3826,4339.027061505000
3827,4340.087832539000
3828,4341.413050960000
3829,4342.901618175000
3830,4343.563201207000
3831,4344.334641491000
3832,4345.249657155000
3833,4346.242896210000
3834,4347.628030072000
3835,4347.788735323000
3836,4348.975430852000
3837,4350.013922106000
3838,4350.871384355000
3839,4351.952516633000
3840,4353.700189732000
3841,4354.220757625000
3842,4354.724596591000
3843,4355.893110782000
3844,4356.482766408000
3845,4357.587591693000
3846,4358.755643133000
3847,4359.500185597000
3848,4361.191076818000
3849,4361.486734505000
3850,4362.761583186000
3851,4363.525581319000
3852,4364.546908846000
3853,4365.671997009000
3854,4366.527307543000
3855,4367.000511849000
3856,4367.711048430000
3857,4369.537964927000
3858,4370.734627510000
3859,4371.362633022000
3860,4372.227906507000
3861,4373.433178291000
3862,4373.863804411000
3863,4374.695096161000
3864,4376.083223911000
3865,4376.982953296000
3866,4377.768463362000
3867,4379.103315875000
3868,4379.759864529000
3869,4381.091028310000
3870,4382.125949499000
3871,4382.875748523000
3872,4383.466427318000
3873,4384.419601139000
3874,4385.579886329000
3875,4386.083678707000
3876,4387.756260026000
3877,4389.029478392000
3878,4389.719630869000
3879,4390.351108275000
3880,4391.021213067000
3881,4392.574337675000
3882,4393.358662553000
3883,4394.028511126000
3884,4395.060893844000
3885,4395.951097931000
3886,4397.223222686000
3887,4398.451719633000
3888,4399.177467304000
3889,4400.270180040000
3890,4401.175471549000
3891,4401.533574080000
3892,4402.808234517000
3893,4403.239569923000
3894,4405.218604640000
3895,4405.832303994000
3896,4406.706876416000
3897,4407.973180940000
3898,4408.623707863000
3899,4409.666097134000
3900,4410.491141982000
3901,4411.715201531000
3902,4412.237247491000
3903,4413.216561164000
3904,4413.934044512000
3905,4415.850961826000
3906,4416.593999029000
3907,4417.580116976000
3908,4418.241556471000
3909,4418.971524791000
3910,4419.922457573000
3911,4421.141217995000
3912,4421.904701206000
3913,4422.790749621000
3914,4424.339666554000
3915,4425.244909575000
3916,4425.495648733000
3917,4427.164720657000
3918,4428.073175843000
3919,4428.881802432000
3920,4429.488009567000
3921,4430.247448793000
3922,4431.424340483000
3923,4432.575627455000
3924,4434.029253196000
3925,4434.779104837000
3926,4435.529083293000
3927,4436.423737984000
3928,4437.394173678000
3929,4437.976869629000
3930,4439.557560714000
3931,4440.107585509000
3932,4441.064996265000
3933,4441.984948578000
3934,4443.365941871000
3935,4444.564424110000
3936,4445.238338541000
3937,4445.772758249000
3938,4447.263096017000
3939,4447.732962462000
3940,4448.301901069000
3941,4449.635268127000
3942,4451.098120800000
3943,4452.188083705000
3944,4452.680702067000
3945,4453.734551271000
3946,4454.462905440000
3947,4455.762657973000
3948,4456.703250192000
3949,4457.245826340000
3950,4458.188749333000
3951,4459.171279017000
3952,4460.548529288000
3953,4461.404140478000
3954,4462.734622195000
3955,4463.647648067000
3956,4464.038523257000
3957,4464.812716128000
3958,4465.805997569000
3959,4467.228532885000
3960,4467.739817015000
3961,4469.170662737000
3962,4469.978032832000
3963,4471.361757252000
3964,4471.550195590000
3965,4472.959272018000
3966,4474.186277577000
3967,4474.317091779000
3968,4475.801110932000
3969,4476.246519158000
3970,4477.015857063000
3971,4479.269423276000
3972,4479.730664772000
3973,4480.533629739000
3974,4481.410040221000
3975,4482.366885689000
3976,4483.238277467000
3977,4484.123623369000
3978,4485.052226104000
3979,4486.327219163000
3980,4487.084191428000
3981,4488.070667249000
3982,4489.240895548000
3983,4490.295506996000
3984,4491.218481252000
3985,4492.008277880000
3986,4492.638034669000
3987,4493.533634735000
3988,4494.493755902000
3989,4495.810018030000
3990,4496.893451767000
3991,4498.107112046000
3992,4498.778394073000
3993,4499.585223107000
3994,4500.164602396000
3995,4501.627186644000
3996,4502.673855554000
3997,4503.329854346000
3998,4503.715555681000
3999,4505.458867094000
4000,4506.311496729000
4001,4507.745182883000
4002,4508.211436900000
4003,4509.371444647000
4004,4509.943668937000
4005,4511.040014029000
4006,4511.462718597000
4007,4512.809991107000
4008,4514.077139589000
4009,4515.191306765000
4010,4516.089845214000
4011,4516.365671041000
4012,4518.275389222000
4013,4518.584679214000
4014,4519.574800020000
4015,4520.538555009000
4016,4521.475485153000
4017,4522.144077728000
4018,4523.237464379000
4019,4524.973397158000
4020,4525.790882297000
4021,4526.348586359000
4022,4527.353633124000
4023,4527.943893545000
4024,4529.069234592000
4025,4530.025233174000
4026,4531.318968338000
4027,4531.643575987000
4028,4533.297976471000
4029,4534.135598245000
4030,4534.935556005000
4031,4535.907562518000
4032,4537.252568547000
4033,4537.806098344000
4034,4538.508935088000
4035,4539.188862923000
4036,4540.347726623000
4037,4542.129666251000
4038,4542.620486098000
4039,4543.746922274000
4040,4544.720271321000
4041,4545.263343636000
4042,4546.141207421000
4043,4547.593415369000
4044,4547.938636006000
4045,4549.281071828000
4046,4550.068688879000
4047,4550.979693585000
4048,4552.321926161000
4049,4553.536850281000
4050,4554.197951051000
4051,4554.959391487000
4052,4555.595473599000
4053,4556.891310536000
4054,4557.533974071000
4055,4558.396623828000
4056,4560.215941098000
4057,4560.999833506000
4058,4561.629346602000
4059,4562.596817089000
4060,4563.416046270000
4061,4564.815955842000
4062,4565.416958272000
4063,4566.253326081000
4064,4567.121450991000
4065,4567.941686478000
4066,4569.615770295000
4067,4570.433329175000
4068,4571.457898784000
4069,4572.249860419000
4070,4573.246173187000
4071,4573.924130512000
4072,4574.297621384000
4073,4576.189954392000
4074,4576.793917800000
4075,4577.859111431000
4076,4578.927025832000
4077,4579.956917854000
4078,4580.717084505000
4079,4581.894187213000
4080,4582.568249086000
4081,4583.673687922000
4082,4584.380768499000
4083,4584.977258165000
4084,4586.207762605000
4085,4587.674877079000
4086,4588.977914221000
4087,4589.643449489000
4088,4589.748811534000
4089,4591.204146513000
4090,4592.049309089000
4091,4593.159791573000
4092,4593.836891986000
4093,4594.787190560000
4094,4596.263664401000
4095,4596.829908459000
4096,4597.820812342000
4097,4599.373672440000
4098,4599.907579439000
4099,4600.630054114000
4100,4601.602961817000
4101,4602.256123514000
4102,4603.209690546000
4103,4604.641681401000
4104,4605.883451694000
4105,4606.462472402000
4106,4607.753032587000
4107,4608.216380946000
4108,4609.224160777000
4109,4610.084231646000
4110,4611.484674459000
4111,4612.028597459000
4112,4612.788854014000
4113,4613.684307641000
4114,4615.536616092000
4115,4616.222300662000
4116,4616.958582780000
4117,4618.107678910000
4118,4618.767170619000
4119,4619.465593895000
4120,4620.544365613000
4121,4621.348279218000
4122,4622.819323121000
4123,4623.805611945000
4124,4624.726278754000
4125,4625.409262502000
4126,4626.342985701000
4127,4627.790229823000
4128,4628.463443403000
4129,4628.974234757000
4130,4629.888782939000
4131,4631.226406989000
4132,4631.762401044000
4133,4633.564438992000
4134,4634.307105419000
4135,4635.357160887000
4136,4636.028343961000
4137,4636.392280749000
4138,4637.792071979000
4139,4638.748153748000
4140,4639.715380823000
4141,4640.561739731000
4142,4641.758272380000
4143,4642.685758177000
4144,4643.751735864000
4145,4644.753105528000
4146,4645.362987352000
4147,4646.739486074000
4148,4647.117263732000
4149,4648.112608175000
4150,4648.564886817000
4151,4650.614330328000
4152,4651.664121146000
4153,4652.088399129000
4154,4653.119156055000
4155,4654.068949600000
4156,4654.947323958000
4157,4655.721560896000
4158,4656.922418573000
4159,4657.820890195000
4160,4658.394949958000
4161,4659.918687611000
4162,4660.563963934000
4163,4662.080004603000
4164,4662.945890919000
4165,4663.505025594000
4166,4664.322897244000
4167,4665.141375953000
4168,4666.090798753000
4169,4667.424428268000
4170,4668.055177752000
4171,4669.829513522000
4172,4670.350631746000
4173,4671.032106499000
4174,4671.877847965000
4175,4673.282690521000
4176,4674.126716049000
4177,4674.741639863000
4178,4675.727566686000
4179,4676.334095816000
4180,4677.930219147000
4181,4679.087491041000
4182,4680.088468859000
4183,4680.606397111000
4184,4681.604890747000
4185,4682.648662425000
4186,4683.021291067000
4187,4684.186914790000
4188,4685.407789640000
4189,4686.708155146000
4190,4687.072177975000
4191,4688.252603006000
4192,4689.505062437000
4193,4690.178840007000
4194,4691.296768789000
4195,4691.862100093000
4196,4692.866432862000
4197,4693.939417293000
4198,4694.173942795000
4199,4696.095849873000
4200,4697.354147472000
4201,4697.774403761000
4202,4698.924504209000
4203,4699.497252231000
4204,4700.158603281000
4205,4701.842587035000
4206,4702.437645696000
4207,4703.015173841000
4208,4704.338118406000
4209,4705.482138783000
4210,4706.468570903000
4211,4707.187171952000
4212,4708.595427452000
4213,4709.332678157000
4214,4709.944940346000
4215,4710.552242005000
4216,4711.691980185000
4217,4712.777797476000
4218,4714.247723107000
4219,4714.997962825000
4220,4715.952621729000
4221,4716.660239219000
4222,4717.733401081000
4223,4718.529894767000
4224,4719.595704167000
4225,4720.386694376000
4226,4721.537540938000
4227,4721.954561819000
4228,4723.234934939000
4229,4724.996421878000
4230,4725.487196575000
4231,4726.271143853000
4232,4726.949295827000
4233,4728.211604352000
4234,4728.750507230000
4235,4729.661501548000
4236,4730.962714324000
4237,4732.021907045000
4238,4733.193764940000
4239,4733.844098700000
4240,4734.527817833000
4241,4736.044923936000
4242,4736.596840064000
4243,4737.784035549000
4244,4738.432582515000
4245,4738.793733317000
4246,4740.332565970000
4247,4741.721885804000
4248,4742.414037310000
4249,4743.717920628000
4250,4744.421811485000
4251,4744.996853270000
4252,4745.842419031000
4253,4746.839593745000
4254,4748.335806689000
4255,4748.700881129000
4256,4749.728100218000
4257,4751.215949060000
4258,4751.682732579000
4259,4753.084026102000
4260,4753.918835840000
4261,4754.589564976000
4262,4755.588948859000
4263,4756.356140489000
4264,4757.222671632000
4265,4757.970669573000
4266,4760.158590209000
4267,4760.441048060000
4268,4761.516430763000
4269,4761.983993808000
4270,4763.158188507000
4271,4764.275424407000
4272,4764.998476803000
4273,4765.803255385000
4274,4766.884818058000
4275,4767.868858831000
4276,4768.726470930000
4277,4770.256497158000
4278,4770.891284039000
4279,4772.057494829000
4280,4772.644938936000
4281,4773.439797772000
4282,4774.056619725000
4283,4775.395711249000
4284,4776.429201253000
4285,4777.635676984000
4286,4778.374124696000
4287,4779.596151378000
4288,4780.479123091000
4289,4780.708587502000
4290,4782.356874432000
4291,4783.343224125000
4292,4783.714516795000
4293,4784.640967679000
4294,4785.525415336000
4295,4787.252675346000
4296,4788.152570124000
4297,4788.999015740000
4298,4789.698347934000
4299,4790.733815869000
4300,4791.291170821000
4301,4792.408824019000
4302,4793.347319652000
4303,4794.286764715000
4304,4795.780117832000
4305,4796.352903432000
4306,4797.097933598000
4307,4798.420841863000
4308,4799.673211404000
4309,4800.097767615000
4310,4800.671002186000
4311,4802.188369510000
4312,4802.377850870000
4313,4803.704592678000
4314,4805.072216480000
4315,4806.371973580000
4316,4806.921270593000
4317,4807.541012033000
4318,4808.604499169000
4319,4809.346880320000
4320,4810.531881343000
4321,4811.632288845000
4322,4812.160772204000
4323,4813.045552124000
4324,4814.681559818000
4325,4815.324276549000
4326,4816.451758257000
4327,4817.232875408000
4328,4818.240133484000
4329,4819.028426196000
4330,4819.754628169000
4331,4820.210030016000
4332,4822.221164873000
4333,4822.905726969000
4334,4824.137537481000
4335,4824.678397755000
4336,4825.736295502000
4337,4826.494341215000
4338,4827.767321264000
4339,4828.337946621000
4340,4829.386309919000
4341,4830.136823558000
4342,4831.185693209000
4343,4832.224866731000
4344,4833.663263959000
4345,4834.665341190000
4346,4835.144026610000
4347,4835.951966776000
4348,4836.608965379000
4349,4838.026709907000
4350,4838.660483731000
4351,4839.647158112000
4352,4841.064723647000
4353,4842.043504688000
4354,4842.585412400000
4355,4843.621336001000
4356,4844.699612969000
4357,4845.696734419000
4358,4846.657760144000
4359,4846.916049335000
4360,4848.107405391000
4361,4848.885041904000
4362,4850.871518792000
4363,4851.468722998000
4364,4852.001065083000
4365,4853.425815432000
4366,4854.027006706000
4367,4854.574296103000
4368,4855.718462364000
4369,4856.921830079000
4370,4857.815380260000
4371,4858.604172218000
4372,4859.680531624000
4373,4860.809330726000
4374,4862.076654388000
4375,4862.359349646000
4376,4863.760153920000
4377,4864.191948668000
4378,4865.055351274000
4379,4866.071578272000
4380,4866.954021269000
4381,4868.588327039000
4382,4869.466636286000
4383,4870.517253832000
4384,4870.696564723000
4385,4871.705539530000
4386,4873.193181376000
4387,4873.818446227000
4388,4874.789996783000
4389,4875.237660837000
4390,4876.743142327000
4391,4877.725299568000
4392,4878.629005583000
4393,4880.058127359000
4394,4880.609661002000
4395,4881.311012342000
4396,4882.304462235000
4397,4882.890785936000
4398,4883.927414232000
4399,4885.362074724000
4400,4886.270478880000
4401,4887.198480647000
4402,4888.175610835000
4403,4888.908079345000
4404,4890.214451318000
4405,4890.627756889000
4406,4891.783056076000
4407,4892.934979043000
4408,4893.388337636000
4409,4893.963169530000
4410,4895.963739546000
4411,4896.957746691000
4412,4897.650781298000
4413,4898.457291766000
4414,4899.161200689000
4415,4900.429563378000
4416,4900.742881746000
4417,4902.307209903000
4418,4902.821632069000
4419,4904.228632937000
4420,4905.142489081000
4421,4906.098238142000
4422,4906.699541974000
4423,4908.330089351000
4424,4908.913521445000
4425,4909.624111715000
4426,4910.245081667000
4427,4911.291910102000
4428,4912.451308936000
4429,4913.660637618000
4430,4914.792645832000
4431,4915.700240690000
4432,4916.332164479000
4433,4917.230780505000
4434,4917.807535043000
4435,4919.487036337000
4436,4919.889325052000
4437,4920.840430544000
4438,4921.970590628000
4439,4922.718991374000
4440,4924.317098251000
4441,4925.077606689000
4442,4925.795026681000
4443,4926.727642210000
4444,4927.597951291000
4445,4928.526064803000
4446,4928.957136246000
4447,4930.240318443000
4448,4932.036812774000
4449,4932.600670526000
4450,4933.068125844000
4451,4934.352289122000
4452,4935.200994250000
4453,4936.133949524000
4454,4937.207162986000
4455,4937.770365698000
4456,4938.753815526000
4457,4939.641724785000
4458,4940.852294862000
4459,4942.135528578000
4460,4942.976896464000
4461,4943.977866732000
4462,4944.641603022000
4463,4945.186898518000
4464,4946.119253477000
4465,4947.500490322000
4466,4948.389808797000
4467,4949.085915385000
4468,4950.615812590000
4469,4951.502384929000
4470,4951.878797918000
4471,4953.200555668000
4472,4954.255067680000
4473,4954.976576379000
4474,4955.822259816000
4475,4956.466055279000
4476,4957.331889630000
4477,4959.028989321000
4478,4960.163928407000
4479,4960.758090265000
4480,4961.688462945000
4481,4962.261952448000
4482,4963.526118618000
4483,4964.307031405000
4484,4964.925235090000
4485,4966.633216270000
4486,4966.868645587000
4487,4968.394640927000
4488,4968.836094655000
4489,4970.479982679000
4490,4971.339245556000
4491,4971.824996150000
4492,4972.713491617000
4493,4973.711578032000
4494,4974.430478147000
4495,4975.310997141000
4496,4976.964034078000
4497,4977.755154087000
4498,4978.847855754000
4499,4979.580892327000
4500,4980.118762529000
4501,4981.192703747000
4502,4982.512361526000
4503,4983.225027315000
4504,4983.979975830000
4505,4984.568543575000
4506,4986.252566836000
4507,4987.187900983000
4508,4988.191597307000
4509,4988.905166591000
4510,4990.345480286000
4511,4990.449701819000
4512,4991.214774409000
4513,4992.379462341000
4514,4993.495748984000
4515,4994.632742172000
4516,4995.879247705000
4517,4996.220820877000
4518,4997.396150709000
4519,4998.370030196000
4520,4999.329681373000
4521,5000.234316933000
4522,5000.834381432000
4523,5001.889773627000
4524,5002.854002890000
4525,5003.484944378000
4526,5005.495907488000
4527,5006.208381106000
4528,5006.788558806000
4529,5007.485982920000
4530,5008.626199656000
4531,5009.229044117000
4532,5010.811172546000
4533,5010.933198106000
4534,5012.396833740000
4535,5013.533605873000
4536,5014.238442054000
4537,5015.357927938000
4538,5016.192546914000
4539,5017.347756568000
4540,5018.084913546000
4541,5018.939831850000
4542,5019.395831473000
4543,5020.352759395000
4544,5022.203022984000
4545,5022.834526019000
4546,5023.904889142000
4547,5024.725752596000
4548,5025.730993594000
4549,5026.185476882000
4550,5027.221563709000
4551,5028.537886821000
4552,5029.216956939000
4553,5030.026936940000
4554,5030.967858187000
4555,5032.399063541000
4556,5033.166566080000
4557,5034.550361163000
4558,5035.013416409000
4559,5035.523058437000
4560,5036.841667107000
4561,5037.500692757000
4562,5038.324319635000
4563,5039.621887453000
4564,5041.041398994000
4565,5041.798034522000
4566,5042.492149716000
4567,5043.015445394000
4568,5044.656791091000
4569,5045.467130480000
4570,5045.941675502000
4571,5046.997617429000
4572,5047.863086182000
4573,5048.790228820000
4574,5050.308459699000
4575,5051.106699534000
4576,5052.279310473000
4577,5052.772155289000
4578,5053.712365320000
4579,5054.434547343000
4580,5055.192672473000
4581,5056.605813079000
4582,5057.589996236000
4583,5058.345409417000
4584,5059.439905819000
4585,5060.559080915000
4586,5061.326249329000
4587,5062.168472727000
4588,5063.182715937000
4589,5064.333813617000
4590,5064.628972967000
4591,5065.480124961000
4592,5066.576539185000
4593,5068.384815239000
4594,5069.095935944000
4595,5069.675544138000
4596,5070.868551266000
4597,5071.249797277000
4598,5072.410372661000
4599,5073.482256177000
4600,5074.356062044000
4601,5074.911470243000
4602,5076.598637948000
4603,5077.152989531000
4604,5078.001109183000
4605,5079.612726167000
4606,5080.123622144000
4607,5081.130097771000
4608,5081.694344430000
4609,5082.317781512000
4610,5083.769848919000
4611,5084.387439341000
4612,5085.944230788000
4613,5086.999761578000
4614,5087.532668938000
4615,5088.598901322000
4616,5089.178093913000
4617,5090.345876812000
4618,5091.262957882000
4619,5092.401941911000
4620,5092.837760452000
4621,5093.668880111000
4622,5095.086913061000
4623,5096.637933186000
4624,5096.959423854000
4625,5097.814429759000
4626,5098.956789006000
4627,5099.610743038000
4628,5100.491462416000
4629,5101.034063049000
4630,5102.645948615000
4631,5103.728341253000
4632,5104.418093047000
4633,5105.638635527000
4634,5106.052225950000
4635,5107.385740123000
4636,5108.447770149000
4637,5108.959096698000
4638,5109.838982090000
4639,5110.806041672000
4640,5111.503124654000
4641,5113.010157222000
4642,5113.946042880000
4643,5115.372842952000
4644,5115.726762098000
4645,5116.560557464000
4646,5117.025993416000
4647,5118.533838769000
4648,5119.365669162000
4649,5120.240023466000
4650,5121.083490156000
4651,5122.454781410000
4652,5123.302893479000
4653,5124.061784987000
4654,5125.253686757000
4655,5126.279118015000
4656,5126.729993292000
4657,5127.741716960000
4658,5128.681624974000
4659,5128.964483859000
4660,5131.043898974000
4661,5132.007167839000
4662,5132.683137054000
4663,5133.306575990000
4664,5134.663043880000
4665,5135.171964074000
4666,5136.129936082000
4667,5137.206291398000
4668,5138.042957957000
4669,5139.121530962000
4670,5139.679125650000
4671,5141.096623937000
4672,5142.447907865000
4673,5142.902032221000
4674,5143.933700534000
4675,5144.587752602000
4676,5145.480449174000
4677,5146.149645920000
4678,5147.562791840000
4679,5148.253527357000
4680,5149.768260281000
4681,5150.709614962000
4682,5151.141849588000
4683,5152.186214623000
4684,5152.953127295000
4685,5154.656845439000
4686,5154.899143798000
4687,5155.493362582000
4688,5156.509447328000
4689,5157.819065556000
4690,5158.954824001000
4691,5160.057736252000
4692,5160.852779928000
4693,5161.605392920000
4694,5162.587186685000
4695,5163.060164467000
4696,5164.102312022000
4697,5165.306771507000
4698,5166.191972909000
4699,5167.483594402000
4700,5167.990828057000
4701,5169.070194564000
4702,5170.291516087000
4703,5171.235927500000
4704,5171.585481170000
4705,5172.801688877000
4706,5173.675024556000
4707,5174.359901137000
4708,5175.093122775000
4709,5177.237132249000
4710,5177.609630023000
4711,5178.752194620000
4712,5179.202606392000
4713,5180.106626203000
4714,5181.189792409000
4715,5182.130914017000
4716,5182.998826329000
4717,5183.950307013000
4718,5184.685795032000
4719,5186.355746810000
4720,5186.709472601000
4721,5187.887847767000
4722,5189.076719614000
4723,5189.859588664000
4724,5190.355291128000
4725,5191.126801598000
4726,5192.046486957000
4727,5193.404415344000
4728,5194.707488902000
4729,5195.159163854000
4730,5196.707324199000
4731,5197.117498332000
4732,5197.718324177000
4733,5199.223858199000
4734,5199.776329229000
4735,5200.961311213000
4736,5201.555843874000
4737,5202.457989722000
4738,5203.521216950000
4739,5205.099606997000
4740,5205.900595705000
4741,5206.633161680000
4742,5207.215066682000
4743,5208.288522939000
4744,5209.138239302000
4745,5210.010911049000
4746,5210.808218700000
4747,5212.419404470000
4748,5213.316674242000
4749,5213.896943192000
4750,5214.775252558000
4751,5216.054491352000
4752,5216.932009339000
4753,5217.650795322000
4754,5218.691413008000
4755,5219.057877219000
4756,5220.220855174000
4757,5221.422951323000
4758,5222.858787673000
4759,5223.434428938000
4760,5224.457463497000
4761,5225.256065097000
4762,5226.148424105000
4763,5226.351540381000
4764,5228.183098672000
4765,5229.198557199000
4766,5229.241811259000
4767,5230.897209709000
4768,5231.815083588000
4769,5232.884620193000
4770,5233.658115095000
4771,5234.640289889000
4772,5235.574735166000
4773,5236.300461229000
4774,5236.957439365000
4775,5237.801695402000
4776,5239.192789208000
4777,5240.607636041000
4778,5241.502825460000
4779,5241.822720416000
4780,5242.792985389000
4781,5243.882548869000
4782,5244.845451001000
4783,5245.755732518000
4784,5246.279250857000
4785,5247.610320392000
4786,5248.441539016000
4787,5249.366336132000
4788,5250.675238104000
4789,5251.798558626000
4790,5252.522037867000
4791,5252.890575148000
4792,5253.944070492000
4793,5254.912630871000
4794,5255.613164306000
4795,5257.081180064000
4796,5257.924941007000
4797,5259.108320960000
4798,5259.771904521000
4799,5260.959190246000
4800,5261.180476047000
4801,5262.848835686000
4802,5263.396965102000
4803,5264.411378018000
4804,5265.088374535000
4805,5265.605936327000
4806,5267.885364151000
4807,5268.198270778000
4808,5269.201393021000
4809,5270.259454505000
4810,5270.886227526000
4811,5271.696969114000
4812,5272.517960359000
4813,5273.578737968000
4814,5274.691509015000
4815,5275.643878880000
4816,5276.683503025000
4817,5277.475759503000
4818,5278.379390382000
4819,5279.775667718000
4820,5280.315445981000
4821,5281.239950686000
4822,5281.633380066000
4823,5283.163868560000
4824,5283.478719186000
4825,5284.926926631000
4826,5286.437161558000
4827,5287.137482205000
4828,5287.711380226000
4829,5288.515549598000
4830,5289.353245220000
4831,5290.674974348000
4832,5291.399590509000
4833,5292.275016391000
4834,5293.024355515000
4835,5294.464760714000
4836,5295.126355475000
4837,5296.581056719000
4838,5297.125394920000
4839,5297.981183439000
4840,5299.274679238000
4841,5299.627300320000
4842,5300.144736871000
4843,5301.458131811000
4844,5302.981454220000
4845,5303.885255546000
4846,5304.508457855000
4847,5305.526333012000
4848,5306.498769767000
4849,5307.300388636000
4850,5308.072790500000
4851,5309.361753482000
4852,5310.032764727000
4853,5310.606801112000
4854,5311.859049892000
4855,5312.980209159000
4856,5314.439426792000
4857,5314.954794050000
4858,5315.726296859000
4859,5316.639253906000
4860,5317.139734906000
4861,5318.445240959000
4862,5319.364734298000
4863,5320.109753010000
4864,5321.536694998000
4865,5322.633280585000
4866,5323.137231112000
4867,5323.796327876000
4868,5325.466411141000
4869,5326.038512791000
4870,5326.867763790000
4871,5327.480222283000
4872,5328.463844665000
4873,5329.377158593000
4874,5331.015051850000
4875,5331.855033783000
4876,5332.582449339000
4877,5333.746349451000
4878,5334.061217957000
4879,5335.195388352000
4880,5335.947926227000
4881,5337.059672761000
4882,5338.214274772000
4883,5338.933125465000
4884,5339.674564988000
4885,5341.264957859000
4886,5341.907714557000
4887,5342.986689834000
4888,5343.623359433000
4889,5344.507532612000
4890,5345.528297342000
4891,5346.069965615000
4892,5346.890937422000
4893,5348.769669282000
4894,5349.489057840000
4895,5350.395904771000
4896,5351.225419928000
4897,5351.771637384000
4898,5352.900178207000
4899,5354.185202829000
4900,5354.773479714000
4901,5355.347063677000
4902,5356.538865829000
4903,5357.711619892000
4904,5358.669106442000
4905,5359.633917927000
4906,5360.877126531000
4907,5361.630997292000
4908,5361.916637019000
4909,5362.990405327000
4910,5363.717280477000
4911,5365.296267419000
4912,5365.742257681000
4913,5367.380123854000
4914,5367.905543115000
4915,5368.813641601000
4916,5369.807596453000
4917,5370.713539813000
4918,5371.538329751000
4919,5372.680867258000
4920,5373.219972947000
4921,5374.114835212000
4922,5374.869738245000
4923,5376.722663659000
4924,5377.719730869000
4925,5378.207038130000
4926,5378.768713720000
4927,5380.103731883000
4928,5380.877056511000
4929,5381.348150697000
4930,5382.809993371000
4931,5383.528600989000
4932,5384.819764524000
4933,5385.689781134000
4934,5386.311049248000
4935,5387.705534129000
4936,5388.449137495000
4937,5389.608146494000
4938,5389.909513561000
4939,5390.992260085000
4940,5391.505965625000
4941,5392.981959683000
4942,5394.083717253000
4943,5395.116663428000
4944,5396.115859472000
4945,5397.003429726000
4946,5397.261960158000
4947,5398.277621995000
4948,5399.712504640000
4949,5400.418887868000
4950,5401.194496185000
4951,5401.947143075000
4952,5403.389590115000
4953,5404.287687737000
4954,5405.354453323000
4955,5406.184132744000
4956,5407.075537997000
4957,5407.735014382000
4958,5408.588715766000
4959,5409.577739475000
4960,5410.101872019000
4961,5412.119660739000
4962,5412.756931862000
4963,5413.448942336000
4964,5414.391884655000
4965,5415.225062961000
4966,5416.511814309000
4967,5417.190777294000
4968,5417.730775966000
4969,5419.145769366000
4970,5419.647914017000
4971,5420.595118618000
4972,5422.107201544000
4973,5423.364285030000
4974,5423.582839997000
4975,5424.990137502000
4976,5425.205579332000
4977,5426.077473621000
4978,5427.327787267000
4979,5428.200793508000
4980,5429.307069477000
4981,5430.093232395000
4982,5431.518550462000
4983,5432.081300563000
4984,5432.867061874000
4985,5433.939314658000
4986,5435.224510669000
4987,5435.614214161000
4988,5436.658400672000
4989,5436.820644930000
4990,5438.486077903000
4991,5439.874947382000
4992,5440.645160132000
4993,5441.565050361000
4994,5442.197196541000
4995,5443.283539712000
4996,5443.795137321000
4997,5444.966959570000
4998,5445.925027100000
4999,5446.765247873000
5000,5447.861998301000
5001,5448.908413286000
5002,5449.427630168000
5003,5451.309407660000
5004,5451.666775613000
5005,5452.330950202000
5006,5453.276425897000
5007,5454.232766091000
5008,5454.948555511000
5009,5455.867963983000
5010,5457.254335830000
5011,5458.715645087000
5012,5459.062182609000
5013,5459.714513943000
5014,5460.815544165000
5015,5461.682968831000
5016,5462.745000550000
5017,5463.764554543000
5018,5464.243875228000
5019,5465.083241510000
5020,5466.418306246000
5021,5467.790444991000
5022,5468.244535553000
5023,5469.480888388000
5024,5470.220068670000
5025,5471.082873142000
5026,5471.760866920000
5027,5472.264037693000
5028,5473.925204186000
5029,5474.871452902000
5030,5475.749436824000
5031,5476.748893801000
5032,5477.671940619000
5033,5478.463436459000
5034,5479.396814760000
5035,5480.654805801000
5036,5480.956733202000
5037,5481.993734078000
5038,5483.066851690000
5039,5483.473148968000
5040,5485.379530335000
5041,5486.250958079000
5042,5487.158642326000
5043,5487.814448203000
5044,5488.239469785000
5045,5489.539886310000
5046,5490.606477202000
5047,5491.198488462000
5048,5492.137050601000
5049,5493.792469128000
5050,5494.038480583000
5051,5495.280875462000
5052,5496.089727275000
5053,5497.373490397000
5054,5498.174123945000
5055,5498.633565305000
5056,5499.612797509000
5057,5500.353983645000
5058,5501.331224223000
5059,5503.211694479000
5060,5503.522536239000
5061,5504.579491041000
5062,5505.571935829000
5063,5506.330011486000
5064,5506.908179898000
5065,5508.017009501000
5066,5509.291230677000
5067,5509.945930302000
5068,5510.544264814000
5069,5511.757773878000
5070,5513.109958055000
5071,5514.001848704000
5072,5514.844462098000
5073,5515.501482956000
5074,5516.629656666000
5075,5517.161633411000
5076,5517.948299556000
5077,5519.095837607000
5078,5520.215397939000
5079,5521.614204753000
5080,5522.249630993000
5081,5522.970046465000
5082,5523.601350980000
5083,5525.239782350000
5084,5525.717122329000
5085,5526.662765224000
5086,5527.355332469000
5087,5528.166412502000
5088,5529.660934020000
5089,5530.203159249000
5090,5531.929612603000
5091,5532.461117365000
5092,5533.275825278000
5093,5533.953358477000
5094,5534.810789007000
5095,5535.656868325000
5096,5536.899525057000
5097,5537.790908369000
5098,5538.740727318000
5099,5539.814585079000
5100,5540.694583143000
5101,5541.576351544000
5102,5542.764646058000
5103,5543.113256672000
5104,5544.515208609000
5105,5545.192999163000
5106,5545.667895222000
5107,5546.535304578000
5108,5548.523919662000
5109,5549.358839816000
5110,5549.834823141000
5111,5550.807899779000
5112,5551.929911750000
5113,5552.207947117000
5114,5553.659789786000
5115,5554.238599944000
5116,5555.402430795000
5117,5556.199245744000
5118,5557.363922456000
5119,5558.202004498000
5120,5559.248178603000
5121,5560.367211777000
5122,5561.310135214000
5123,5561.791548798000
5124,5562.261884446000
5125,5563.637870901000
5126,5564.430162551000
5127,5565.566217327000
5128,5566.912177257000
5129,5567.644318652000
5130,5568.798580122000
5131,5568.912933770000
5132,5570.006356173000
5133,5571.437867776000
5134,5572.175581210000
5135,5572.586024228000
5136,5573.899529404000
5137,5574.441283883000
5138,5576.064762433000
5139,5577.183679281000
5140,5577.672276828000
5141,5578.644644374000
5142,5579.495916493000
5143,5580.333270376000
5144,5581.025573784000
5145,5581.822277194000
5146,5583.389191418000
5147,5584.323740892000
5148,5585.244570956000
5149,5585.708717008000
5150,5587.160081275000
5151,5587.886525282000
5152,5588.751061185000
5153,5589.691727171000
5154,5590.385173138000
5155,5591.400963624000
5156,5591.925240793000
5157,5593.555617029000
5158,5594.574594283000
5159,5595.711374712000
5160,5596.227736683000
5161,5596.856616829000
5162,5597.841768955000
5163,5598.606006813000
5164,5600.162150310000
5165,5600.549747048000
5166,5601.300750967000
5167,5603.081362652000
5168,5603.564840051000
5169,5604.347254349000
5170,5605.644654187000
5171,5606.542579546000
5172,5607.273178719000
5173,5608.005403502000
5174,5608.695582164000
5175,5609.563895925000
5176,5611.146743754000
5177,5612.157114644000
5178,5613.121400282000
5179,5613.727896997000
5180,5614.492287917000
5181,5615.741026438000
5182,5616.254524797000
5183,5617.320271438000
5184,5618.289089574000
5185,5619.268082017000
5186,5619.902394520000
5187,5621.023391661000
5188,5622.488604142000
5189,5623.413625843000
5190,5623.777120107000
5191,5624.755579135000
5192,5625.592184743000
5193,5626.502242712000
5194,5627.213187208000
5195,5628.348462444000
5196,5629.890648798000
5197,5630.380502230000
5198,5631.520288040000
5199,5632.197465154000
5200,5632.847100006000
5201,5634.370016212000
5202,5635.016250808000
5203,5635.929470275000
5204,5636.236694481000
5205,5637.490237063000
5206,5638.788714458000
5207,5640.134252592000
5208,5640.385710966000
5209,5641.872250768000
5210,5642.463399098000
5211,5643.093319441000
5212,5643.663127488000
5213,5645.328117415000
5214,5645.769016095000
5215,5647.161576573000
5216,5647.857206977000
5217,5648.974462995000
5218,5649.800756925000
5219,5650.839075233000
5220,5651.883418463000
5221,5652.345479579000
5222,5653.407356205000
5223,5654.192151375000
5224,5655.000372764000
5225,5655.819252624000
5226,5657.866738716000
5227,5658.411247460000
5228,5658.921215889000
5229,5659.894412873000
5230,5660.630422803000
5231,5661.929696761000
5232,5662.457451148000
5233,5663.557248249000
5234,5664.336708256000
5235,5665.460459802000
5236,5666.472615778000
5237,5667.316170463000
5238,5668.525315609000
5239,5669.472767900000
5240,5669.978563814000
5241,5671.149659068000
5242,5671.479959153000
5243,5672.290954891000
5244,5673.937158396000
5245,5674.814995126000
5246,5675.707528740000
5247,5676.972536523000
5248,5677.385026083000
5249,5678.347908882000
5250,5679.113903985000
5251,5680.339045053000
5252,5681.241565137000
5253,5682.099169925000
5254,5682.288150146000
5255,5683.970509043000
5256,5685.123793485000
5257,5686.093541224000
5258,5687.024519731000
5259,5687.481856548000
5260,5688.363844470000
5261,5689.508631787000
5262,5689.952695062000
5263,5691.140945771000
5264,5692.205217959000
5265,5693.589608697000
5266,5694.311966528000
5267,5694.609217468000
5268,5696.031917371000
5269,5697.172049668000
5270,5697.902079625000
5271,5698.374747827000
5272,5699.372993197000
5273,5700.481014346000
5274,5700.983872396000
5275,5702.732811445000
5276,5703.616227812000
5277,5704.505840610000
5278,5705.177927108000
5279,5706.077414327000
5280,5706.596075746000
5281,5707.768652251000
5282,5709.039424444000
5283,5709.520369132000
5284,5710.601740935000
5285,5711.559224969000
5286,5712.815871228000
5287,5713.793844101000
5288,5714.099754696000
5289,5715.633644359000
5290,5716.333560486000
5291,5716.750279152000
5292,5717.771496603000
5293,5718.472339581000
5294,5720.363389999000
5295,5721.050534732000
5296,5721.964323486000
5297,5722.591357948000
5298,5723.779045994000
5299,5724.163357935000
5300,5725.671140913000
5301,5726.233386879000
5302,5726.988743536000
5303,5728.120700254000
5304,5729.152376853000
5305,5729.883193187000
5306,5731.347862115000
5307,5732.341189147000
5308,5732.882093180000
5309,5733.599967910000
5310,5734.289092687000
5311,5735.448992419000
5312,5736.325416947000
5313,5737.255261081000
5314,5738.609819841000
5315,5739.569634432000
5316,5740.311894799000
5317,5740.865372181000
5318,5742.146698513000
5319,5743.006062922000
5320,5743.891993556000
5321,5744.857530427000
5322,5745.316395043000
5323,5746.105037294000
5324,5747.944351267000
5325,5748.737621329000
5326,5749.840045598000
5327,5750.072418941000
5328,5751.510678658000
5329,5752.022580454000
5330,5752.725353415000
5331,5753.688438232000
5332,5755.267001496000
5333,5755.666768504000
5334,5756.764768472000
5335,5757.942007977000
5336,5758.475340727000
5337,5759.896683465000
5338,5760.646107948000
5339,5761.131645053000
5340,5762.451906740000
5341,5762.733907454000
5342,5763.832280946000
5343,5764.963556718000
5344,5766.305389090000
5345,5767.382918923000
5346,5767.985095808000
5347,5768.708111306000
5348,5769.217379490000
5349,5770.681886992000
5350,5771.717742973000
5351,5772.110310913000
5352,5773.085986223000
5353,5774.269143739000
5354,5775.404901666000
5355,5776.052509871000
5356,5777.400076384000
5357,5778.091121756000
5358,5779.005201101000
5359,5779.661555489000
5360,5780.378597204000
5361,5781.253921951000
5362,5782.400466795000
5363,5784.048432518000
5364,5784.468467316000
5365,5785.212894536000
5366,5786.493575401000
5367,5787.134878800000
5368,5787.969440944000
5369,5788.985799825000
5370,5789.954351321000
5371,5790.692267029000
5372,5791.546976217000
5373,5792.289593635000
5374,5794.301907789000
5375,5794.668781596000
5376,5795.563939738000
5377,5796.419040669000
5378,5797.217839236000
5379,5797.884282192000
5380,5798.939664255000
5381,5800.041030273000
5382,5800.719277323000
5383,5802.371718407000
5384,5802.781136073000
5385,5803.871206258000
5386,5804.409409032000
5387,5805.820188754000
5388,5806.798661010000
5389,5807.373949622000
5390,5807.786383388000
5391,5808.950049547000
5392,5810.033203191000
5393,5811.356821179000
5394,5812.204788292000
5395,5813.345051567000
5396,5813.946414929000
5397,5814.499327316000
5398,5815.624714250000
5399,5816.295670203000
5400,5817.687141956000
5401,5818.292158757000
5402,5819.263873661000
5403,5820.323072484000
5404,5821.199580318000
5405,5822.554932362000
5406,5823.160120589000
5407,5824.034446196000
5408,5824.644070748000
5409,5826.022417685000
5410,5826.437166474000
5411,5826.894313622000
5412,5828.890322957000
5413,5829.884397342000
5414,5830.591034346000
5415,5831.348619827000
5416,5832.010437995000
5417,5833.320748988000
5418,5834.000771326000
5419,5834.935242019000
5420,5835.952597526000
5421,5836.409775793000
5422,5837.694816939000
5423,5838.887811771000
5424,5839.657148890000
5425,5840.870745780000
5426,5841.773244697000
5427,5842.257347261000
5428,5843.004016164000
5429,5843.745504057000
5430,5845.043540779000
5431,5846.122346478000
5432,5846.858967154000
5433,5848.182987414000
5434,5848.996958343000
5435,5849.661517376000
5436,5850.489268139000
5437,5851.711059760000
5438,5852.668145588000
5439,5853.095554595000
5440,5854.191539972000
5441,5854.715491773000
5442,5856.094228894000
5443,5857.843809341000
5444,5858.083358309000
5445,5858.833953060000
5446,5859.861397252000
5447,5860.649383001000
5448,5861.434868986000
5449,5862.557428298000
5450,5863.094038513000
5451,5864.656763606000
5452,5865.522792511000
5453,5866.040235325000
5454,5867.201546981000
5455,5868.543660975000
5456,5868.986917037000
5457,5870.008991854000
5458,5870.718884648000
5459,5871.419724498000
5460,5872.402794856000
5461,5873.387593706000
5462,5874.881588208000
5463,5875.798358154000
5464,5876.374963621000
5465,5877.609748609000
5466,5877.933293920000
5467,5878.676214478000
5468,5880.463284727000
5469,5880.709560928000
5470,5881.825024121000
5471,5882.270516172000
5472,5884.032826245000
5473,5884.684250048000
5474,5885.744730541000
5475,5886.621191165000
5476,5887.486300389000
5477,5888.387576534000
5478,5888.845470522000
5479,5889.698291836000
5480,5890.842689360000
5481,5892.225848294000
5482,5893.121091671000
5483,5894.085613219000
5484,5894.544410864000
5485,5895.557133652000
5486,5896.814625874000
5487,5897.528508397000
5488,5898.045615593000
5489,5899.335294403000
5490,5900.026130768000
5491,5900.832883795000
5492,5902.160660216000
5493,5903.459104336000
5494,5904.359224850000
5495,5904.786649649000
5496,5905.377904297000
5497,5906.654294834000
5498,5907.305604479000
5499,5908.304130378000
5500,5909.432316005000
5501,5910.297428640000
5502,5911.489176577000
5503,5912.332412221000
5504,5912.935296613000
5505,5914.115666541000
5506,5915.019576754000
5507,5916.088332581000
5508,5916.441169128000
5509,5917.380890968000
5510,5917.975417962000
5511,5920.055550869000
5512,5920.538476511000
5513,5921.438418563000
5514,5922.552080088000
5515,5923.106480528000
5516,5924.023918206000
5517,5924.612567997000
5518,5925.982652112000
5519,5926.867806896000
5520,5927.479356434000
5521,5928.899161985000
5522,5929.345382898000
5523,5930.860362894000
5524,5931.570134864000
5525,5932.736065547000
5526,5933.033536560000
5527,5933.987898043000
5528,5934.829981307000
5529,5935.948347327000
5530,5936.465147329000
5531,5938.287679988000
5532,5939.265303267000
5533,5939.695838711000
5534,5940.379099853000
5535,5941.441894804000
5536,5942.467736154000
5537,5943.543979175000
5538,5944.130246624000
5539,5944.725413371000
5540,5946.143331991000
5541,5946.820062653000
5542,5948.301613869000
5543,5949.142426313000
5544,5949.777706352000
5545,5950.989084393000
5546,5951.430121674000
5547,5952.261902584000
5548,5952.902618768000
5549,5954.465995762000
5550,5955.342138477000
5551,5956.365914061000
5552,5957.027692949000
5553,5958.332640101000
5554,5958.866457495000
5555,5959.876516606000
5556,5960.740693076000
5557,5961.788662548000
5558,5962.574245886000
5559,5962.943559513000
5560,5964.146533459000
5561,5965.736509168000
5562,5966.619515143000
5563,5967.433133231000
5564,5968.178918742000
5565,5968.735878785000
5566,5969.779680207000
5567,5970.844216767000
5568,5971.604971542000
5569,5972.485368405000
5570,5973.620902248000
5571,5974.886211179000
5572,5975.356163230000
5573,5976.141901893000
5574,5978.026590421000
5575,5978.139309726000
5576,5978.832670353000
5577,5979.862288577000
5578,5980.592613333000
5579,5981.506260800000
5580,5982.914976764000
5581,5984.012615640000
5582,5984.792817507000
5583,5985.669034668000
5584,5986.419145205000
5585,5987.055919518000
5586,5988.313841463000
5587,5988.973948251000
5588,5990.294284874000
5589,5990.809755141000
5590,5991.472985430000
5591,5993.084653615000
5592,5994.057233176000
5593,5995.024532494000
5594,5995.409540651000
5595,5996.609465538000
5596,5997.392505689000
5597,5998.052919753000
5598,5998.734794942000
5599,6000.121020998000
5600,6001.495519090000
5601,6002.154589633000
5602,6002.914838346000
5603,6003.878519365000
5604,6004.591820725000
5605,6005.855784942000
5606,6006.678028615000
5607,6007.325565907000
5608,6007.978287458000
5609,6009.204540380000
5610,6010.190820410000
5611,6011.253025428000
5612,6012.651122637000
5613,6013.047245644000
5614,6014.042373169000
5615,6014.663869380000
5616,6015.161467300000
5617,6016.736803704000
5618,6017.530542899000
5619,6018.180474530000
5620,6019.650285836000
5621,6020.485477165000
5622,6021.078533685000
5623,6022.496991536000
5624,6022.866086751000
5625,6024.235928622000
5626,6024.765822155000
5627,6025.652989060000
5628,6026.328429366000
5629,6027.149989355000
5630,6029.083879336000
5631,6029.871336491000
5632,6030.366565545000
5633,6031.190552493000
5634,6032.274114807000
5635,6033.146731331000
5636,6033.644977208000
5637,6034.942132630000
5638,6035.782357605000
5639,6036.735104464000
5640,6037.621814971000
5641,6038.620819010000
5642,6039.780188462000
5643,6040.747929474000
5644,6041.398240993000
5645,6042.397652239000
5646,6042.668644064000
5647,6043.995010269000
5648,6044.552572124000
5649,6046.181521954000
5650,6046.796932396000
5651,6048.263607361000
5652,6048.952645864000
5653,6049.241142989000
5654,6050.246128122000
5655,6051.626971034000
5656,6052.439739294000
5657,6053.067413924000
5658,6053.778846036000
5659,6054.804164558000
5660,6056.260886232000
5661,6057.072842114000
5662,6058.000876271000
5663,6059.134493786000
5664,6059.466828728000
5665,6060.341627593000
5666,6061.493619822000
5667,6061.793911747000
5668,6063.253687208000
5669,6064.593399933000
5670,6065.104446594000
5671,6066.142573933000
5672,6066.829934378000
5673,6068.165352787000
5674,6068.884377848000
5675,6069.569709881000
5676,6070.456730949000
5677,6071.607124380000
5678,6071.987031737000
5679,6072.986930282000
5680,6074.835751881000
5681,6075.456209880000
5682,6076.319580411000
5683,6076.896595429000
5684,6077.923525598000
5685,6078.464257000000
5686,6079.725372515000
5687,6080.817594640000
5688,6081.177170653000
5689,6082.501083708000
5690,6083.644016757000
5691,6084.383007366000
5692,6085.230905162000
5693,6086.325556913000
5694,6087.278392366000
5695,6088.144768072000
5696,6088.537541405000
5697,6089.128616020000
5698,6090.717153106000
5699,6091.689881768000
5700,6093.192335325000
5701,6093.283426818000
5702,6094.550261331000
5703,6095.331193380000
5704,6095.911728318000
5705,6097.096728489000
5706,6098.071498010000
5707,6098.786888080000
5708,6099.667065247000
5709,6100.713939635000
5710,6101.542636011000
5711,6103.111062056000
5712,6103.890836008000
5713,6104.369986546000
5714,6105.080112319000
5715,6106.427937948000
5716,6106.698870787000
5717,6107.888398279000
5718,6108.683780717000
5719,6110.531011476000
5720,6110.830996155000
5721,6111.844532848000
5722,6112.464435385000
5723,6113.552617474000
5724,6114.761891752000
5725,6115.274791544000
5726,6116.167495931000
5727,6117.090753292000
5728,6117.552359428000
5729,6119.215997842000
5730,6120.281534698000
5731,6120.933301686000
5732,6122.094398759000
5733,6122.857424920000
5734,6123.356607973000
5735,6124.138883220000
5736,6125.172619880000
5737,6126.568586520000
5738,6127.130221394000
5739,6128.046863130000
5740,6129.268751548000
5741,6130.291606465000
5742,6130.686768648000
5743,6132.121687397000
5744,6132.762353486000
5745,6133.489892704000
5746,6134.455051668000
5747,6135.143074922000
5748,6135.892613201000
5749,6137.781389320000
5750,6138.445601390000
5751,6139.589346959000
5752,6139.813239834000
5753,6140.675863383000
5754,6141.872358756000
5755,6142.911451640000
5756,6143.356666103000
5757,6144.405867208000
5758,6145.505364044000
5759,6146.604329605000
5760,6147.070023448000
5761,6148.593113946000
5762,6149.398925230000
5763,6150.275374104000
5764,6150.879887870000
5765,6151.572502081000
5766,6152.585599028000
5767,6153.326365653000
5768,6154.805638424000
5769,6155.704809902000
5770,6156.737464496000
5771,6157.381128649000
5772,6158.397686173000
5773,6159.096947189000
5774,6159.829468996000
5775,6161.429368946000
5776,6161.827253697000
5777,6162.415562412000
5778,6163.378477444000
5779,6164.773220517000
5780,6166.200513435000
5781,6166.483048994000
5782,6167.464531359000
5783,6168.379809680000
5784,6169.394736468000
5785,6169.538152647000
5786,6170.820008109000
5787,6171.920474772000
5788,6172.839930458000
5789,6174.235069962000
5790,6174.747542413000
5791,6175.309013705000
5792,6176.744162203000
5793,6177.630404450000
5794,6178.410285632000
5795,6179.094486918000
5796,6179.764681614000
5797,6181.012825756000
5798,6181.678420747000
5799,6183.062480335000
5800,6184.336316582000
5801,6185.079974864000
5802,6185.460103700000
5803,6186.457283968000
5804,6187.126750723000
5805,6188.458683360000
5806,6189.118029682000
5807,6190.169795887000
5808,6190.926665972000
5809,6192.097286028000
5810,6193.133431145000
5811,6193.902824192000
5812,6194.965274093000
5813,6195.672078990000
5814,6196.664752127000
5815,6197.387063257000
5816,6198.065389562000
5817,6198.652216561000
5818,6200.674034464000
5819,6201.593088506000
5820,6201.832569639000
5821,6203.190910737000
5822,6203.867876242000
5823,6204.585656187000
5824,6205.731342331000
5825,6206.513025685000
5826,6207.353677367000
5827,6208.562086127000
5828,6208.813972411000
5829,6210.470030163000
5830,6211.207816547000
5831,6212.549686058000
5832,6213.187976900000
5833,6213.799999959000
5834,6214.501304730000
5835,6215.400957017000
5836,6216.668292163000
5837,6217.188858909000
5838,6218.517119863000
5839,6219.844220203000
5840,6220.276866168000
5841,6221.350127563000
5842,6221.641300961000
5843,6223.447708927000
5844,6223.854786960000
5845,6224.732447311000
5846,6225.470678081000
5847,6226.232883568000
5848,6227.450045327000
5849,6228.832840927000
5850,6229.761584418000
5851,6230.323749795000
5852,6231.186984215000
5853,6232.234236964000
5854,6232.811490701000
5855,6233.436150635000
5856,6234.905356028000
5857,6235.691811529000
5858,6236.871797214000
5859,6237.401188052000
5860,6238.507790150000
5861,6239.720298749000
5862,6240.518432489000
5863,6240.987478338000
5864,6242.263742650000
5865,6242.916128110000
5866,6243.536571205000
5867,6244.467501007000
5868,6245.846353793000
5869,6247.220803895000
5870,6247.765900413000
5871,6248.617590057000
5872,6249.223567203000
5873,6250.125998033000
5874,6251.160830040000
5875,6252.337721682000
5876,6252.960641624000
5877,6253.372699435000
5878,6255.212382592000
5879,6255.709995716000
5880,6256.737988104000
5881,6257.821913768000
5882,6258.863142202000
5883,6259.511130503000
5884,6259.969134480000
5885,6260.941865600000
5886,6261.776846422000
5887,6263.065904932000
5888,6264.199277451000
5889,6265.060898277000
5890,6265.972125305000
5891,6266.645735922000
5892,6267.560486576000
5893,6268.625266755000
5894,6269.267355567000
5895,6270.349148875000
5896,6271.148771757000
5897,6271.964363396000
5898,6272.586182981000
5899,6274.619334058000
5900,6275.133981984000
5901,6275.846693888000
5902,6276.916164708000
5903,6277.229194883000
5904,6278.607595709000
5905,6279.122462096000
5906,6279.993148665000
5907,6281.406047966000
5908,6282.275812910000
5909,6283.220407902000
5910,6284.054280278000
5911,6284.788411119000
5912,6285.899070663000
5913,6287.173743025000
5914,6287.425952941000
5915,6288.211245409000
5916,6289.114831894000
5917,6290.037006599000
5918,6291.549652025000
5919,6292.329914870000
5920,6293.297335720000
5921,6294.349329654000
5922,6295.006181306000
5923,6295.221568857000
5924,6296.546591928000
5925,6297.771255865000
5926,6298.458690160000
5927,6299.172745575000
5928,6300.374887381000
5929,6301.383220878000
5930,6302.230259740000
5931,6303.490771613000
5932,6303.949179387000
5933,6304.900391852000
5934,6305.747858387000
5935,6306.557291346000
5936,6307.144720876000
5937,6308.253824516000
5938,6309.939810023000
5939,6310.837756045000
5940,6311.201065750000
5941,6311.879397195000
5942,6313.321021468000
5943,6313.825911946000
5944,6315.031008723000
5945,6315.483979857000
5946,6316.769600866000
5947,6317.255760099000
5948,6318.603143129000
5949,6319.382478612000
5950,6320.918880337000
5951,6321.415499802000
5952,6322.118186693000
5953,6323.182594445000
5954,6323.689061224000
5955,6324.348503494000
5956,6325.991157332000
5957,6326.550698605000
5958,6327.709329596000
5959,6328.768971502000
5960,6329.665095499000
5961,6330.240406355000
5962,6331.108424755000
5963,6332.346151109000
5964,6333.196346147000
5965,6333.916050927000
5966,6334.410684882000
5967,6335.356899772000
5968,6337.044248810000
5969,6337.822038198000
5970,6339.041957468000
5971,6339.248808947000
5972,6340.441439654000
5973,6341.029239095000
5974,6341.954159170000
5975,6343.025918904000
5976,6343.639577677000
5977,6345.124572354000
5978,6345.812781596000
5979,6346.708588292000
5980,6347.512774839000
5981,6348.864774975000
5982,6349.694650325000
5983,6350.349366018000
5984,6350.797904043000
5985,6352.124095647000
5986,6352.824041916000
5987,6353.487236190000
5988,6355.408107878000
5989,6355.930130900000
5990,6356.984106930000
5991,6357.606857658000
5992,6358.315701848000
5993,6359.169623808000
5994,6360.503448522000
5995,6361.108114372000
5996,6362.082499058000
5997,6362.685361831000
5998,6363.900839548000
5999,6365.283583744000
6000,6365.852321021000
6001,6366.671353345000
6002,6367.958813533000
6003,6368.438094220000
6004,6369.245882999000
6005,6369.770229024000
6006,6370.898050448000
6007,6372.415682394000
6008,6373.173152452000
6009,6374.053534359000
6010,6375.032404909000
6011,6375.599195636000
6012,6376.764549170000
6013,6377.511439945000
6014,6378.550145730000
6015,6379.246624189000
6016,6379.959409796000
6017,6381.143665232000
6018,6381.848039062000
6019,6383.410238912000
6020,6384.459219016000
6021,6384.920488511000
6022,6385.578203508000
6023,6386.357077119000
6024,6387.528294108000
6025,6388.197850517000
6026,6389.360853370000
6027,6390.006152211000
6028,6391.686645484000
6029,6392.187328679000
6030,6392.718575156000
6031,6394.065073886000
6032,6395.031740701000
6033,6395.668869606000
6034,6396.729259797000
6035,6397.361130693000
6036,6397.786081170000
6037,6399.176640347000
6038,6400.746238658000
6039,6401.323625925000
6040,6402.175290622000
6041,6403.110886587000
6042,6403.861397515000
6043,6404.767039731000
6044,6405.178961948000
6045,6406.748283859000
6046,6407.612952819000
6047,6408.077160918000
6048,6409.279021190000
6049,6410.353801336000
6050,6411.384469329000
6051,6412.247558438000
6052,6413.040420059000
6053,6413.833451375000
6054,6414.570290069000
6055,6415.462076136000
6056,6416.175908959000
6057,6417.378052854000
6058,6418.792599643000
6059,6419.692022861000
6060,6420.182578627000
6061,6421.255935828000
6062,6421.491228644000
6063,6423.414486177000
6064,6423.764508954000
6065,6424.401461603000
6066,6425.399747335000
6067,6426.480014182000
6068,6427.401528361000
6069,6428.587583739000
6070,6429.468848693000
6071,6430.694571981000
6072,6430.918186134000
6073,6431.981683246000
6074,6432.433303080000
6075,6433.622387486000
6076,6434.514944025000
6077,6435.774652679000
6078,6436.905185938000
6079,6437.123406603000
6080,6438.740481005000
6081,6439.140618634000
6082,6440.125226421000
6083,6441.140573843000
6084,6441.894099406000
6085,6442.897533673000
6086,6443.565266181000
6087,6443.978372086000
6088,6445.971515285000
6089,6447.022174123000
6090,6447.474618172000
6091,6448.246132866000
6092,6449.332054724000
6093,6449.896208786000
6094,6450.770449031000
6095,6451.965072774000
6096,6452.616809388000
6097,6453.681785667000
6098,6454.861307375000
6099,6455.690820622000
6100,6456.243758468000
6101,6457.653867884000
6102,6458.658611073000
6103,6459.067827430000
6104,6459.952831321000
6105,6460.534639478000
6106,6461.614784191000
6107,6462.852814106000
6108,6463.724097146000
6109,6465.143720813000
6110,6465.743873967000
6111,6466.295733700000
6112,6467.193447824000
6113,6468.092790956000
6114,6469.131125191000
6115,6470.197357328000
6116,6470.701077817000
6117,6471.560457479000
6118,6472.780201590000
6119,6473.798648697000
6120,6475.021493493000
6121,6475.727754608000
6122,6476.113123924000
6123,6477.481705763000
6124,6478.027176625000
6125,6478.831342933000
6126,6479.431139218000
6127,6481.273679157000
6128,6482.002790372000
6129,6483.006704610000
6130,6483.450189796000
6131,6484.519323277000
6132,6485.713209327000
6133,6486.163374262000
6134,6487.445215264000
6135,6487.830216813000
6136,6488.926620779000
6137,6489.622575931000
6138,6490.906097872000
6139,6492.190210433000
6140,6492.813486515000
6141,6494.004710693000
6142,6494.622125319000
6143,6494.866454096000
6144,6496.007974725000
6145,6497.279308278000
6146,6498.038769460000
6147,6498.834863258000
6148,6500.031689481000
6149,6501.207453992000
6150,6501.665184352000
6151,6502.566972222000
6152,6503.701543494000
6153,6504.732509796000
6154,6505.408729994000
6155,6505.667900632000
6156,6507.137020078000
6157,6507.477752628000
6158,6509.618252800000
6159,6510.058208139000
6160,6510.892054061000
6161,6511.726223192000
6162,6512.566938401000
6163,6513.360945148000
6164,6514.382624270000
6165,6515.052647859000
6166,6516.171290291000
6167,6517.240330845000
6168,6517.861387847000
6169,6518.808197452000
6170,6520.320492652000
6171,6520.909964940000
6172,6521.788872386000
6173,6522.371597082000
6174,6523.377319126000
6175,6524.089123053000
6176,6524.898764044000
6177,6526.082562691000
6178,6527.431766364000
6179,6528.187904465000
6180,6529.103609832000
6181,6529.761023942000
6182,6530.427671756000
6183,6531.598707500000
6184,6532.693567138000
6185,6533.491429405000
6186,6533.871387071000
6187,6534.762937011000
6188,6536.470053698000
6189,6537.054650214000
6190,6538.142600402000
6191,6539.169984549000
6192,6539.724960985000
6193,6540.638906760000
6194,6541.354659155000
6195,6541.862394583000
6196,6543.517657050000
6197,6544.117508866000
6198,6545.406761306000
6199,6546.203853146000
6200,6546.926187187000
6201,6547.849360758000
6202,6549.129863100000
6203,6549.691789354000
6204,6550.283449196000
6205,6551.606750605000
6206,6552.137913651000
6207,6552.822686786000
6208,6554.188696831000
6209,6555.776866674000
6210,6556.290164156000
6211,6556.932787603000
6212,6557.550866184000
6213,6558.710265696000
6214,6559.459473094000
6215,6560.485236248000
6216,6561.246375942000
6217,6562.260958256000
6218,6563.369421996000
6219,6564.166004197000
6220,6565.225896725000
6221,6565.916463679000
6222,6567.222123704000
6223,6567.810942959000
6224,6568.585110674000
6225,6569.319354207000
6226,6569.866289056000
6227,6571.349397080000
6228,6572.768540539000
6229,6573.166263739000
6230,6574.230084645000
6231,6575.279364268000
6232,6575.921041737000
6233,6576.290007733000
6234,6577.842444727000
6235,6578.668340545000
6236,6579.281726766000
6237,6580.253132475000
6238,6581.106726792000
6239,6582.366235017000
6240,6583.647989893000
6241,6584.025065237000
6242,6585.152149259000
6243,6585.766065749000
6244,6586.365117608000
6245,6587.679935019000
6246,6588.133534515000
6247,6589.210210195000
6248,6590.863205277000
6249,6591.491048593000
6250,6592.144011229000
6251,6592.845950012000
6252,6594.035062428000
6253,6595.182141382000
6254,6595.672779584000
6255,6596.500204524000
6256,6597.265170319000
6257,6598.340695484000
6258,6599.176046768000
6259,6600.753780455000
6260,6601.347457984000
6261,6602.390527991000
6262,6602.977753482000
6263,6603.897138837000
6264,6604.427167139000
6265,6605.399554340000
6266,6606.694580788000
6267,6607.765474189000
6268,6607.967781789000
6269,6609.741917966000
6270,6610.094415677000
6271,6611.386797396000
6272,6612.007975269000
6273,6612.907977502000
6274,6614.103829390000
6275,6614.525354352000
6276,6615.245604673000
6277,6616.001321093000
6278,6617.823120342000
6279,6618.582598754000
6280,6619.598203883000
6281,6620.243653082000
6282,6620.801846218000
6283,6621.897593444000
6284,6622.896150264000
6285,6623.574968354000
6286,6624.663719463000
6287,6625.250125791000
6288,6626.636287300000
6289,6627.460241762000
6290,6628.061836653000
6291,6629.891281103000
6292,6630.110418430000
6293,6631.038268217000
6294,6631.547698185000
6295,6632.548656712000
6296,6633.484002021000
6297,6634.352598133000
6298,6635.696775491000
6299,6636.654287339000
6300,6637.625363681000
6301,6638.090473849000
6302,6639.075753371000
6303,6639.859562436000
6304,6641.055120834000
6305,6641.786228642000
6306,6642.644283634000
6307,6643.292547542000
6308,6644.119902868000
6309,6645.918402374000
6310,6646.611795536000
6311,6647.322423863000
6312,6648.077919597000
6313,6649.384089934000
6314,6649.647351977000
6315,6650.383134980000
6316,6651.545139434000
6317,6652.583661010000
6318,6653.941240679000
6319,6654.366268487000
6320,6655.334573449000
6321,6656.446114677000
6322,6657.053755493000
6323,6658.335707229000
6324,6659.055077833000
6325,6659.521842321000
6326,6660.503555598000
6327,6661.461648933000
6328,6662.346720632000
6329,6663.719022678000
6330,6664.872916950000
6331,6665.432916954000
6332,6666.236097926000
6333,6666.808353083000
6334,6667.616350899000
6335,6669.097362270000
6336,6669.810009518000
6337,6670.175702316000
6338,6671.713778808000
6339,6672.526465395000
6340,6673.539418182000
6341,6674.254359554000
6342,6675.608127236000
6343,6676.021079515000
6344,6677.034062071000
6345,6677.773602311000
6346,6678.438197869000
6347,6679.147300423000
6348,6680.890098038000
6349,6681.885127242000
6350,6682.565640307000
6351,6683.184617812000
6352,6684.323087145000
6353,6685.084637365000
6354,6685.936244319000
6355,6686.656349752000
6356,6688.040741921000
6357,6688.503502135000
6358,6689.259935462000
6359,6690.508707529000
6360,6691.704920009000
6361,6692.647541253000
6362,6693.499651871000
6363,6693.981516036000
6364,6694.823702885000
6365,6695.938981836000
6366,6696.272310647000
6367,6697.779004687000
6368,6698.507679623000
6369,6699.761639218000
6370,6700.871368181000
6371,6701.375798237000
6372,6701.784678330000
6373,6703.336806678000
6374,6704.270589494000
6375,6704.873686013000
6376,6705.640106166000
6377,6706.214075998000
6378,6707.535168633000
6379,6708.721048690000
6380,6709.726991700000
6381,6710.545176388000
6382,6711.503024658000
6383,6712.089903868000
6384,6712.731759929000
6385,6713.825345385000
6386,6714.552463891000
6387,6715.865576388000
6388,6716.558365973000
6389,6717.809675011000
6390,6718.186519713000
6391,6719.559687205000
6392,6720.626196173000
6393,6721.043429320000
6394,6722.047668249000
6395,6722.914170255000
6396,6723.649784948000
6397,6724.573284419000
6398,6725.062801240000
6399,6727.203484213000
6400,6727.861353027000
6401,6728.191087299000
6402,6729.486019096000
6403,6729.895237293000
6404,6730.934946662000
6405,6731.961248880000
6406,6733.013197273000
6407,6733.352651969000
6408,6734.491411333000
6409,6735.744523773000
6410,6736.409605358000
6411,6737.651227898000
6412,6738.297181094000
6413,6739.552413812000
6414,6740.261721735000
6415,6740.457697493000
6416,6741.366527616000
6417,6742.674048333000
6418,6743.672183245000
6419,6744.725146506000
6420,6745.670849832000
6421,6746.593080880000
6422,6747.242437891000
6423,6748.029172420000
6424,6749.031010236000
6425,6750.213685342000
6426,6750.601759542000
6427,6751.786325714000
6428,6752.178020361000
6429,6753.436904756000
6430,6754.800870277000
6431,6755.929060722000
6432,6756.349056165000
6433,6756.987912269000
6434,6757.968818186000
6435,6759.040586962000
6436,6759.501932128000
6437,6760.462459401000
6438,6761.720180325000
6439,6762.871493913000
6440,6763.550805102000
6441,6764.315430967000
6442,6765.177507003000
6443,6766.626418343000
6444,6767.055387842000
6445,6767.826497444000
6446,6768.762729473000
6447,6769.585676838000
6448,6770.093879397000
6449,6771.955148425000
6450,6772.495692993000
6451,6773.740383049000
6452,6774.572946801000
6453,6774.993840108000
6454,6776.146685002000
6455,6776.359235997000
6456,6778.094859515000
6457,6778.684172079000
6458,6779.586018071000
6459,6780.217537108000
6460,6781.893987625000
6461,6782.353593658000
6462,6783.353036592000
6463,6784.369341123000
6464,6785.226455747000
6465,6785.783415366000
6466,6786.860012201000
6467,6787.190723306000
6468,6788.359287918000
6469,6789.795642994000
6470,6791.028915457000
6471,6791.376409716000
6472,6792.196698982000
6473,6793.061593445000
6474,6794.096623844000
6475,6795.007815668000
6476,6795.896919250000
6477,6796.295555004000
6478,6797.774135881000
6479,6798.366625615000
6480,6799.273322355000
6481,6800.772051417000
6482,6801.656988283000
6483,6802.224132416000
6484,6802.957130340000
6485,6803.905959481000
6486,6804.369622405000
6487,6805.731785578000
6488,6806.401467743000
6489,6807.689586082000
6490,6808.690301597000
6491,6809.403080164000
6492,6810.366331181000
6493,6811.157036390000
6494,6811.850764838000
6495,6813.242160314000
6496,6813.937310609000
6497,6814.462465953000
6498,6815.081096307000
6499,6816.335338647000
6500,6817.957478322000
6501,6818.595648109000
6502,6819.200378866000
6503,6820.389495636000
6504,6821.029054303000
6505,6821.700640049000
6506,6822.503719519000
6507,6823.687203033000
6508,6824.619085023000
6509,6825.430833430000
6510,6826.694558729000
6511,6827.215195840000
6512,6828.196024118000
6513,6829.600399880000
6514,6830.083027379000
6515,6830.870213621000
6516,6831.545028253000
6517,6832.556238234000
6518,6833.389260422000
6519,6834.177858652000
6520,6835.801628119000
6521,6836.654339309000
6522,6837.608007663000
6523,6837.961927128000
6524,6838.573655317000
6525,6840.160959158000
6526,6840.629444019000
6527,6841.652128808000
6528,6842.568406741000
6529,6843.097716812000
6530,6844.542069427000
6531,6845.395596547000
6532,6846.437600650000
6533,6847.230869123000
6534,6848.211314779000
6535,6848.775908203000
6536,6849.879668262000
6537,6850.113716574000
6538,6851.115911270000
6539,6852.988639447000
6540,6853.366485079000
6541,6854.363467097000
6542,6855.292491817000
6543,6856.262283256000
6544,6856.760131672000
6545,6858.049411801000
6546,6858.558429214000
6547,6859.922463959000
6548,6860.187858899000
6549,6861.108305661000
6550,6862.251552326000
6551,6863.661560662000
6552,6864.468078714000
6553,6865.320196230000
6554,6865.947533330000
6555,6866.605957422000
6556,6867.507291743000
6557,6868.582153642000
6558,6869.569127748000
6559,6870.024934551000
6560,6871.789073857000
6561,6872.372448382000
6562,6873.072723614000
6563,6873.934694036000
6564,6875.153324100000
6565,6876.145315862000
6566,6876.698117410000
6567,6877.237646576000
6568,6878.258863122000
6569,6879.112421813000
6570,6880.377942410000
6571,6881.688038384000
6572,6882.445197358000
6573,6882.838577211000
6574,6884.181301467000
6575,6884.701384279000
6576,6885.263282750000
6577,6886.623661121000
6578,6887.549968308000
6579,6888.250992867000
6580,6889.289681088000
6581,6889.977275509000
6582,6891.537372836000
6583,6892.182738261000
6584,6892.950976500000
6585,6893.749941561000
6586,6894.725796290000
6587,6895.615387172000
6588,6895.840311976000
6589,6897.082003227000
6590,6898.502343014000
6591,6899.560414679000
6592,6900.318742990000
6593,6900.858109755000
6594,6901.834315321000
6595,6902.578676873000
6596,6903.937998227000
6597,6904.535186363000
6598,6905.140661439000
6599,6906.094062894000
6600,6907.140032630000
6601,6908.442281898000
6602,6908.903089541000
6603,6910.472255699000
6604,6911.048924562000
6605,6911.819906831000
6606,6912.192144576000
6607,6913.303555547000
6608,6914.187543371000
6609,6915.329117316000
6610,6916.245063931000
6611,6917.216468424000
6612,6918.357587014000
6613,6918.817356663000
6614,6919.750351056000
6615,6920.967473415000
6616,6921.483827935000
6617,6922.480973999000
6618,6923.354034044000
6619,6924.145884037000
6620,6924.460427819000
6621,6926.654831367000
6622,6927.286797838000
6623,6928.071663257000
6624,6928.719431898000
6625,6929.627051913000
6626,6930.528890050000
6627,6931.345058649000
6628,6932.023250808000
6629,6933.304572523000
6630,6934.184535983000
6631,6935.045370895000
6632,6936.108134342000
6633,6936.738749030000
6634,6938.142460070000
6635,6938.676824999000
6636,6939.728174417000
6637,6940.311344605000
6638,6940.802649582000
6639,6942.049400325000
6640,6942.947798551000
6641,6944.312163921000
6642,6945.071500565000
6643,6946.311464558000
6644,6946.661391101000
6645,6947.472631964000
6646,6948.143968613000
6647,6949.584246728000
6648,6950.558031840000
6649,6950.778718799000
6650,6951.731756771000
6651,6953.170717241000
6652,6953.807636483000
6653,6955.261558552000
6654,6955.788441535000
6655,6956.546043636000
6656,6957.755993704000
6657,6958.032891660000
6658,6958.980843289000
6659,6959.816566485000
6660,6960.901479752000
6661,6962.607412063000
6662,6962.870225996000
6663,6963.680284482000
6664,6964.533684080000
6665,6965.796786755000
6666,6966.478635399000
6667,6967.140998081000
6668,6968.316501087000
6669,6968.801828339000
6670,6969.932237761000
6671,6970.535368744000
6672,6972.095936146000
6673,6973.262414597000
6674,6973.654656489000
6675,6974.591510671000
6676,6975.295197954000
6677,6976.008257663000
6678,6976.919054491000
6679,6978.181615019000
6680,6978.842393159000
6681,6979.762843417000
6682,6981.004332177000
6683,6981.976866684000
6684,6982.397415580000
6685,6983.385289849000
6686,6984.843874844000
6687,6985.151721857000
6688,6986.003674961000
6689,6986.850633675000
6690,6987.254126323000
6691,6989.031870465000
6692,6990.113171654000
6693,6990.678711335000
6694,6991.939520171000
6695,6992.275498256000
6696,6993.159083827000
6697,6994.109978418000
6698,6995.039339733000
6699,6995.819351876000
6700,6996.886975870000
6701,6997.808697349000
6702,6998.498795223000
6703,6999.682678655000
6704,7000.717687589000
6705,7001.855900891000
6706,7002.352835851000
6707,7002.691508680000
6708,7004.043723499000
6709,7005.062866175000
6710,7005.100564674000
6711,7006.739662384000
6712,7008.114742057000
6713,7008.817473633000
6714,7009.367750707000
6715,7010.354080472000
6716,7011.000501881000
6717,7012.236145979000
6718,7013.158434224000
6719,7013.706426479000
6720,7014.629880155000
6721,7015.280466924000
6722,7016.721610296000
6723,7017.835435824000
6724,7018.482223808000
6725,7019.437796946000
6726,7020.435877383000
6727,7021.023066109000
6728,7021.657557247000
6729,7022.295224444000
6730,7024.042832032000
6731,7024.455165700000
6732,7025.699304046000
6733,7026.594723732000
6734,7027.308306663000
6735,7028.454474427000
6736,7029.026736381000
6737,7030.160937812000
6738,7030.916480678000
6739,7031.735908086000
6740,7032.326789393000
6741,7033.374833300000
6742,7034.292019875000
6743,7036.042983450000
6744,7036.590328236000
6745,7037.287650971000
6746,7037.826378794000
6747,7038.892159118000
6748,7039.724690853000
6749,7040.828312059000
6750,7041.380467340000
6751,7042.367190690000
6752,7043.660231422000
6753,7044.644895547000
6754,7044.831635315000
6755,7046.487185182000
6756,7047.225072049000
6757,7047.948438454000
6758,7048.949401864000
6759,7049.280272517000
6760,7050.297213171000
6761,7051.126075603000
6762,7052.731101998000
6763,7053.529831410000
6764,7054.229325776000
6765,7055.362254326000
6766,7055.986004943000
6767,7056.614758135000
6768,7057.640859333000
6769,7058.629780454000
6770,7059.889596893000
6771,7060.046570772000
6772,7060.897300347000
6773,7062.396671827000
6774,7063.516698792000
6775,7064.111543391000
6776,7065.149328526000
6777,7065.783828581000
6778,7066.700657475000
6779,7067.232275508000
6780,7068.407664648000
6781,7068.910823584000
6782,7070.631775542000
6783,7071.257549039000
6784,7072.437115057000
6785,7072.983187563000
6786,7073.466662995000
6787,7075.067136415000
6788,7075.890873553000
6789,7076.342464150000
6790,7077.065912472000
6791,7078.271618866000
6792,7078.931890804000
6793,7080.137304262000
6794,7081.329045568000
6795,7082.278642200000
6796,7083.024206212000
6797,7083.620734180000
6798,7084.299067797000
6799,7085.248728798000
6800,7086.306731439000
6801,7087.186239237000
6802,7088.172775646000
6803,7089.062481920000
6804,7090.042338354000
6805,7090.994773909000
6806,7091.867503873000
6807,7092.676342251000
6808,7093.502511763000
6809,7094.688695952000
6810,7095.085720383000
6811,7095.725602562000
6812,7096.634105638000
6813,7098.543092300000
6814,7099.105747705000
6815,7100.148609518000
6816,7100.374674131000
6817,7101.805060779000
6818,7102.326350495000
6819,7103.038586281000
6820,7104.510386062000
6821,7104.853653429000
6822,7105.840204619000
6823,7107.089407119000
6824,7107.734543392000
6825,7108.776071696000
6826,7110.001860581000
6827,7110.890294249000
6828,7111.196220368000
6829,7112.280552946000
6830,7112.700332234000
6831,7113.874906599000
6832,7115.004276076000
6833,7115.666729177000
6834,7117.412224325000
6835,7117.750925735000
6836,7118.533335836000
6837,7119.283665361000
6838,7120.250769053000
6839,7121.421516882000
6840,7122.205851774000
6841,7122.716594278000
6842,7123.681370583000
6843,7124.489058108000
6844,7125.915836857000
6845,7127.035111899000
6846,7127.569883238000
6847,7128.564326582000
6848,7129.114147837000
6849,7130.329985124000
6850,7130.710717139000
6851,7131.460814545000
6852,7132.874807758000
6853,7134.003937657000
6854,7134.723114155000
6855,7135.384622833000
6856,7136.640749183000
6857,7137.288235954000
6858,7138.467686063000
6859,7139.026902843000
6860,7139.857139272000
6861,7140.793842097000
6862,7141.546892189000
6863,7142.172195161000
6864,7143.971077070000
6865,7144.642672074000
6866,7145.706891491000
6867,7146.385883317000
6868,7147.152214247000
6869,7147.421342256000
6870,7149.102831304000
6871,7149.690649366000
6872,7150.675386373000
6873,7151.241040723000
6874,7152.673138349000
6875,7153.629414431000
6876,7154.183565147000
6877,7155.223016559000
6878,7156.483767097000
6879,7157.069573700000
6880,7157.560009134000
6881,7158.479721559000
6882,7159.230610393000
6883,7160.332445434000
6884,7161.815172321000
6885,7162.637987017000
6886,7163.137487199000
6887,7164.371935919000
6888,7164.711987143000
6889,7166.042526862000
6890,7166.532447391000
6891,7167.595613911000
6892,7168.643915101000
6893,7169.192035856000
6894,7170.161501605000
6895,7171.135705961000
6896,7172.806744273000
6897,7173.355088188000
6898,7173.622770906000
6899,7174.907955976000
6900,7175.547478521000
6901,7176.380745981000
6902,7177.135820087000
6903,7178.280438269000
6904,7179.369326560000
6905,7180.557671965000
6906,7181.140798189000
6907,7181.855662359000
6908,7182.761647877000
6909,7183.850495117000
6910,7184.720859712000
6911,7185.725322573000
6912,7186.027941312000
6913,7186.689666429000
6914,7188.322594511000
6915,7189.145690498000
6916,7190.294612843000
6917,7191.067900939000
6918,7191.983733313000
6919,7192.682398728000
6920,7193.221050147000
6921,7194.053741291000
6922,7195.421790712000
6923,7196.187762765000
6924,7196.957814200000
6925,7198.143606364000
6926,7198.993453207000
6927,7199.744478634000
6928,7201.057149778000
6929,7201.577794024000
6930,7202.481414821000
6931,7203.172044687000
6932,7204.265486358000
6933,7204.764022449000
6934,7205.523076977000
6935,7207.445017115000
6936,7208.190170854000
6937,7208.927724212000
6938,7209.383550026000
6939,7210.413788577000
6940,7211.335323497000
6941,7212.363396769000
6942,7212.963407702000
6943,7213.836766767000
6944,7215.101957543000
6945,7215.532729522000
6946,7216.953096055000
6947,7217.710867057000
6948,7218.731285314000
6949,7219.713045158000
6950,7220.432147547000
6951,7220.784711973000
6952,7221.858048232000
6953,7222.538863253000
6954,7223.961329509000
6955,7224.960275793000
6956,7225.664637285000
6957,7226.826232421000
6958,7227.670652098000
6959,7228.104973436000
6960,7228.963984593000
6961,7230.578979850000
6962,7230.781896556000
6963,7231.712168225000
6964,7232.507337222000
6965,7233.305725602000
6966,7235.032410358000
6967,7235.592047600000
6968,7236.715293142000
6969,7237.292700988000
6970,7237.923815551000
6971,7239.107138358000
6972,7239.492824903000
6973,7240.744574581000
6974,7241.383737523000
6975,7242.813003429000
6976,7243.908367803000
6977,7244.194739884000
6978,7245.048351171000
6979,7246.521971662000
6980,7247.172743213000
6981,7247.980135165000
6982,7248.558877326000
6983,7249.575515822000
6984,7250.311306882000
6985,7251.235573153000
6986,7252.579133336000
6987,7253.776967720000
6988,7254.381581373000
6989,7255.040228435000
6990,7255.894616493000
6991,7256.728742506000
6992,7257.358809297000
6993,7258.884140088000
6994,7259.519592697000
6995,7259.970840182000
6996,7261.333797703000
6997,7262.445974055000
6998,7263.122832007000
6999,7264.272994053000
7000,7264.748248090000
7001,7265.962856286000
7002,7266.825071623000
7003,7267.022572811000
7004,7267.851161907000
7005,7269.281796531000
7006,7270.665196022000
7007,7271.162578225000
7008,7272.293916095000
7009,7272.756819679000
7010,7273.701234076000
7011,7274.639386094000
7012,7275.692946628000
7013,7276.188510980000
7014,7277.313417506000
7015,7277.911194921000
7016,7279.226323516000
7017,7279.768521281000
7018,7281.316094067000
7019,7282.176167151000
7020,7282.817681698000
7021,7283.495775764000
7022,7284.023697897000
7023,7285.277302370000
7024,7286.139694205000
7025,7286.779238866000
7026,7288.267170428000
7027,7289.103758082000
7028,7289.940276827000
7029,7290.821429931000
7030,7291.290043575000
7031,7292.741249445000
7032,7293.403109651000
7033,7294.204147964000
7034,7295.048894053000
7035,7295.564849560000
7036,7296.571619043000
7037,7298.368684316000
7038,7299.138848602000
7039,7299.336571426000
7040,7300.763476875000
7041,7301.581317104000
7042,7301.848557609000
7043,7302.917875819000
7044,7303.843900683000
7045,7305.060287115000
7046,7305.818161576000
7047,7306.637205578000
7048,7307.660752634000
7049,7308.671664974000
7050,7309.497903971000
7051,7310.501357046000
7052,7311.190951721000
7053,7311.881145969000
7054,7312.724372392000
7055,7313.555046084000
7056,7314.449131441000
7057,7315.755628547000
7058,7317.100250555000
7059,7317.553738652000
7060,7318.351002510000
7061,7318.871998939000
7062,7319.896757100000
7063,7321.233781570000
7064,7321.717373427000
7065,7322.568751053000
7066,7323.243983123000
7067,7324.849333142000
7068,7325.226115150000
7069,7326.444102995000
7070,7327.534497970000
7071,7328.283514383000
7072,7328.861171711000
7073,7329.815578232000
7074,7330.586839534000
7075,7330.970858436000
7076,7332.652130476000
7077,7333.517033388000
7078,7334.639105971000
7079,7335.193963691000
7080,7336.016820436000
7081,7337.312223967000
7082,7337.649201460000
7083,7338.621251439000
7084,7339.763136524000
7085,7340.495964531000
7086,7341.172411124000
7087,7341.781448953000
7088,7343.507522666000
7089,7344.429407194000
7090,7345.413384428000
7091,7345.737188185000
7092,7346.698927085000
7093,7347.601440601000
7094,7348.226470588000
7095,7349.249777629000
7096,7350.347618714000
7097,7350.973256493000
7098,7352.631847583000
7099,7352.880430232000
7100,7353.913947829000
7101,7354.584625580000
7102,7356.076801102000
7103,7356.713901535000
7104,7357.298064964000
7105,7357.829927025000
7106,7359.022424061000
7107,7359.818833444000
7108,7361.267013426000
7109,7362.058134432000
7110,7363.102591149000
7111,7363.822093867000
7112,7364.469761390000
7113,7365.120059910000
7114,7366.176826462000
7115,7367.444805267000
7116,7367.716583625000
7117,7369.211235569000
7118,7369.532613631000
7119,7370.778296044000
7120,7371.987960978000
7121,7372.805047996000
7122,7373.424035168000
7123,7374.349391959000
7124,7375.199243762000
7125,7375.878151645000
7126,7376.873649474000
7127,7377.190089317000
7128,7379.332785006000
7129,7379.979603053000
7130,7380.464011573000
7131,7381.536932091000
7132,7382.222713357000
7133,7383.173523724000
7134,7384.202396205000
7135,7384.924513067000
7136,7385.752633652000
7137,7386.461552514000
7138,7387.542420642000
7139,7388.629535056000
7140,7389.584509292000
7141,7390.664177740000
7142,7391.440259728000
7143,7392.160733369000
7144,7392.988605529000
7145,7393.173269331000
7146,7394.711617875000
7147,7395.693962380000
7148,7396.403273587000
7149,7397.531933665000
7150,7398.751920762000
7151,7399.220386820000
7152,7399.828819541000
7153,7401.354181203000
7154,7401.670669619000
7155,7403.018090818000
7156,7403.448923018000
7157,7404.103468670000
7158,7405.071527891000
7159,7406.434875899000
7160,7407.782772520000
7161,7408.318442248000
7162,7408.961023091000
7163,7409.697910100000
7164,7410.875016639000
7165,7411.475578801000
7166,7412.213344652000
7167,7413.328582878000
7168,7414.418814788000
7169,7415.180650159000
7170,7416.269504359000
7171,7416.713391717000
7172,7418.310509223000
7173,7418.988098354000
7174,7419.537617023000
7175,7420.415913275000
7176,7421.420781814000
7177,7421.806962622000
7178,7422.910687408000
7179,7424.220735433000
7180,7425.306205763000
7181,7426.042615765000
7182,7427.010358315000
7183,7427.618882172000
7184,7428.124246614000
7185,7429.350889133000
7186,7430.555368895000
7187,7431.156635122000
7188,7431.634303467000
7189,7432.740669968000
7190,7434.041575198000
7191,7435.059191590000
7192,7435.590441588000
7193,7436.766516776000
7194,7437.658181522000
7195,7438.125995043000
7196,7438.872215941000
7197,7439.737648718000
7198,7440.703121048000
7199,7441.969323389000
7200,7443.171160863000
7201,7443.628394354000
7202,7444.423866229000
7203,7445.518979786000
7204,7446.192112312000
7205,7447.470379602000
7206,7447.915999950000
7207,7448.578846008000
7208,7450.026851981000
7209,7450.313414658000
7210,7451.287377007000
7211,7453.156333014000
7212,7453.562255597000
7213,7454.501150895000
7214,7455.111599985000
7215,7455.756248183000
7216,7456.879264174000
7217,7457.555015684000
7218,7458.758896548000
7219,7459.317916598000
7220,7460.742319219000
7221,7461.412836776000
7222,7462.345119230000
7223,7463.241034353000
7224,7463.953428493000
7225,7465.235332546000
7226,7465.873648618000
7227,7466.509567400000
7228,7467.236892003000
7229,7467.893516231000
7230,7469.742312776000
7231,7470.410694724000
7232,7471.316153957000
7233,7472.216337833000
7234,7472.938452470000
7235,7473.801923222000
7236,7474.318375562000
7237,7475.457148466000
7238,7476.661685381000
7239,7477.126117162000
7240,7477.990220376000
7241,7479.360803881000
7242,7479.826490149000
7243,7481.270585133000
7244,7482.088353050000
7245,7482.760970559000
7246,7483.222684507000
7247,7484.435406371000
7248,7485.087260837000
7249,7485.836110098000
7250,7486.980574711000
7251,7488.341398400000
7252,7489.410793263000
7253,7489.801649960000
7254,7490.288466891000
7255,7491.480237437000
7256,7492.871177011000
7257,7493.000605946000
7258,7494.155593665000
7259,7494.893354721000
7260,7495.620535551000
7261,7496.903234041000
7262,7497.876666871000
7263,7499.018375213000
7264,7499.635017045000
7265,7500.520758701000
7266,7501.394356540000
7267,7501.889601166000
7268,7502.606128497000
7269,7503.815822096000
7270,7505.007627511000
7271,7505.855760749000
7272,7506.458777844000
7273,7507.881582710000
7274,7508.325357728000
7275,7509.362857972000
7276,7510.062014247000
7277,7511.268152095000
7278,7511.831550095000
7279,7512.639108892000
7280,7513.256478602000
7281,7514.327458197000
7282,7516.017338757000
7283,7516.682865383000
7284,7517.316546883000
7285,7518.233922044000
7286,7518.988255293000
7287,7519.483808585000
7288,7521.095478308000
7289,7521.418960159000
7290,7522.235955941000
7291,7523.583809963000
7292,7524.576063141000
7293,7525.117755067000
7294,7526.077888671000
7295,7527.339243900000
7296,7528.255945299000
7297,7528.618824836000
7298,7529.572439684000
7299,7530.024518137000
7300,7531.443037755000
7301,7531.918476004000
7302,7533.701788860000
7303,7534.196176756000
7304,7535.269416747000
7305,7535.795879638000
7306,7536.852140836000
7307,7537.312581104000
7308,7538.513844108000
7309,7539.507181192000
7310,7540.227539901000
7311,7540.952212400000
7312,7541.719927233000
7313,7543.274086808000
7314,7544.143089598000
7315,7545.017282211000
7316,7545.469645336000
7317,7546.619778437000
7318,7547.346464375000
7319,7548.163928908000
7320,7548.467009257000
7321,7550.120472175000
7322,7551.093890397000
7323,7552.050977944000
7324,7552.915722720000
7325,7553.422599595000
7326,7554.415064431000
7327,7555.636986998000
7328,7556.215633319000
7329,7557.123848470000
7330,7557.731650015000
7331,7558.618693145000
7332,7559.643376319000
7333,7560.829820025000
7334,7561.658959994000
7335,7563.182814439000
7336,7563.520415699000
7337,7563.769301891000
7338,7564.960243676000
7339,7565.732853404000
7340,7566.845322430000
7341,7567.866531116000
7342,7568.289067603000
7343,7569.797165106000
7344,7570.547137990000
7345,7571.281289378000
7346,7572.278993978000
7347,7573.255184307000
7348,7574.046802049000
7349,7574.749888838000
7350,7575.696668165000
7351,7576.268605074000
7352,7576.905770591000
7353,7578.917486665000
7354,7579.597757316000
7355,7580.280088977000
7356,7580.959830819000
7357,7582.031705549000
7358,7582.802983861000
7359,7583.462734775000
7360,7584.486959736000
7361,7585.469517629000
7362,7586.234994584000
7363,7587.283239492000
7364,7587.890350603000
7365,7589.356254116000
7366,7590.120871487000
7367,7590.918224864000
7368,7591.966193812000
7369,7592.269712606000
7370,7593.098313958000
7371,7594.102742542000
7372,7595.077658168000
7373,7596.016212838000
7374,7597.414985717000
7375,7598.007882858000
7376,7598.982709953000
7377,7599.565154716000
7378,7600.130858727000
7379,7601.751366015000
7380,7602.405163471000
7381,7603.022366327000
7382,7603.560678580000
7383,7604.831196491000
7384,7605.857934325000
7385,7606.994882980000
7386,7608.021354123000
7387,7608.420807870000
7388,7609.673607810000
7389,7610.066214265000
7390,7610.854490320000
7391,7611.794530221000
7392,7612.682249516000
7393,7613.949125483000
7394,7614.911019081000
7395,7615.589706733000
7396,7616.361441790000
7397,7617.490687418000
7398,7618.506225530000
7399,7619.109221400000
7400,7619.749441833000
7401,7620.983924855000
7402,7621.693574971000
7403,7622.017492707000
7404,7623.423298548000
7405,7624.987382547000
7406,7625.594493501000
7407,7626.265292759000
7408,7627.127213556000
7409,7627.690979948000
7410,7628.742026442000
7411,7629.642702478000
7412,7630.569927977000
7413,7631.506758032000
7414,7632.009099304000
7415,7633.651861592000
7416,7634.312300239000
7417,7634.771788001000
7418,7636.387151487000
7419,7636.822989399000
7420,7637.940366203000
7421,7638.237099967000
7422,7639.039294911000
7423,7639.934790875000
7424,7641.505667573000
7425,7642.166837363000
7426,7643.295177167000
7427,7644.035703918000
7428,7644.927813314000
7429,7645.331599328000
7430,7646.560905686000
7431,7647.399804109000
7432,7648.197821585000
7433,7649.210368914000
7434,7649.787924743000
7435,7650.778131572000
7436,7651.918000849000
7437,7653.356680958000
7438,7653.702814986000
7439,7654.580638877000
7440,7655.121494573000
7441,7656.261966851000
7442,7656.956407645000
7443,7657.717933645000
7444,7658.652286327000
7445,7660.264422520000
7446,7660.874842472000
7447,7661.578687879000
7448,7662.331833438000
7449,7663.456194164000
7450,7664.203009254000
7451,7665.444059488000
7452,7665.801809429000
7453,7666.502822823000
7454,7667.549329156000
7455,7668.365665796000
7456,7669.936029947000
7457,7670.581042533000
7458,7671.447129921000
7459,7672.450691458000
7460,7673.103534095000
7461,7673.740632527000
7462,7674.241511065000
7463,7676.061473909000
7464,7676.404517064000
7465,7677.306367426000
7466,7678.489609006000
7467,7679.283816646000
7468,7680.369729689000
7469,7681.049611798000
7470,7681.945482259000
7471,7683.018167364000
7472,7683.593964874000
7473,7684.205667991000
7474,7685.305556834000
7475,7685.782993533000
7476,7687.513293018000
7477,7688.591692890000
7478,7689.156619858000
7479,7689.858001084000
7480,7690.429650783000
7481,7691.802176533000
7482,7692.342743389000
7483,7693.479401398000
7484,7693.897005961000
7485,7695.112272418000
7486,7696.136385041000
7487,7696.779476828000
7488,7697.898469111000
7489,7699.071025944000
7490,7700.036047546000
7491,7700.216724380000
7492,7701.157954572000
7493,7702.194731382000
7494,7702.589229876000
7495,7703.831003122000
7496,7705.213166786000
7497,7705.703216887000
7498,7706.962196191000
7499,7707.736760361000
7500,7708.220972632000
7501,7709.242640641000
7502,7710.123839878000
7503,7711.223648931000
7504,7711.928933800000
7505,7712.779308289000
7506,7712.908648890000
7507,7714.904975655000
7508,7715.806809193000
7509,7716.493161847000
7510,7717.430625539000
7511,7718.209439895000
7512,7718.871828010000
7513,7719.753486075000
7514,7720.412175075000
7515,7721.553996963000
7516,7722.557228802000
7517,7723.618282221000
7518,7724.440916672000
7519,7725.242870633000
7520,7725.881074559000
7521,7727.365067834000
7522,7728.154537019000
7523,7728.345321205000
7524,7729.508444298000
7525,7730.156710684000
7526,7731.326343495000
7527,7731.904604017000
7528,7733.551152378000
7529,7734.637209897000
7530,7734.799051748000
7531,7735.920191803000
7532,7736.398982954000
7533,7737.281516673000
7534,7738.683400516000
7535,7739.076079126000
7536,7740.113547443000
7537,7740.932128955000
7538,7742.093826817000
7539,7742.861768148000
7540,7744.168742339000
7541,7744.539185766000
7542,7745.564177666000
7543,7746.617972150000
7544,7747.262729143000
7545,7747.603843256000
7546,7748.560899267000
7547,7749.950340468000
7548,7751.417942591000
7549,7751.732240722000
7550,7752.412059064000
7551,7753.812564124000
7552,7754.165808072000
7553,7755.042744738000
7554,7756.140545943000
7555,7756.961660294000
7556,7757.748648753000
7557,7758.441967610000
7558,7759.592954771000
7559,7760.470136606000
7560,7761.852016417000
7561,7762.516669839000
7562,7763.365536637000
7563,7763.887943627000
7564,7764.629540609000
7565,7765.580549321000
7566,7766.648068549000
7567,7767.347361430000
7568,7768.417093856000
7569,7769.913327771000
7570,7770.261243683000
7571,7770.983886849000
7572,7771.801935594000
7573,7773.152164236000
7574,7774.018899976000
7575,7774.296269529000
7576,7775.448785292000
7577,7775.977608167000
7578,7776.955377123000
7579,7778.619618818000
7580,7779.147738368000
7581,7780.294143760000
7582,7780.791631250000
7583,7781.703703738000
7584,7782.448108668000
7585,7783.333189556000
7586,7783.869822963000
7587,7785.543212016000
7588,7785.972158398000
7589,7786.910885164000
7590,7787.847577242000
7591,7788.942037730000
7592,7789.846487232000
7593,7790.584748288000
7594,7791.498122458000
7595,7792.057000207000
7596,7793.208438103000
7597,7793.731179351000
7598,7794.330647915000
7599,7796.167939908000
7600,7796.882750798000
7601,7797.939994786000
7602,7798.642876532000
7603,7799.027356176000
7604,7800.048866700000
7605,7801.085965693000
7606,7802.278136743000
7607,7802.563043839000
7608,7803.341640437000
7609,7804.662539155000
7610,7805.651244456000
7611,7806.365526757000
7612,7807.453947055000
7613,7808.521694541000
7614,7809.148095665000
7615,7809.949348552000
7616,7810.246422781000
7617,7811.425296755000
7618,7812.392880858000
7619,7813.480751250000
7620,7814.556090477000
7621,7815.586939345000
7622,7815.855841175000
7623,7817.152637267000
7624,7817.796685740000
7625,7818.660115006000
7626,7819.635648032000
7627,7820.586397431000
7628,7821.053880222000
7629,7822.094093499000
7630,7822.719034352000
7631,7824.645471276000
7632,7825.273177260000
7633,7825.827781341000
7634,7826.471180297000
7635,7827.806459756000
7636,7828.125195235000
7637,7828.993878289000
7638,7830.128538967000
7639,7830.877581938000
7640,7832.274462693000
7641,7832.824494594000
7642,7833.920755249000
7643,7834.383065915000
7644,7835.733258050000
7645,7836.463501639000
7646,7837.396947490000
7647,7838.064178061000
7648,7838.482550843000
7649,7839.568362839000
7650,7840.782349086000
7651,7841.828068609000
7652,7842.773773978000
7653,7843.741048099000
7654,7844.457429440000
7655,7845.080327764000
7656,7845.576147186000
7657,7847.000089159000
7658,7847.835966138000
7659,7848.647013324000
7660,7849.322974184000
7661,7850.381575865000
7662,7851.749375194000
7663,7852.055533001000
7664,7853.536887110000
7665,7854.099209291000
7666,7854.705243499000
7667,7855.730232865000
7668,7856.589741468000
7669,7857.007480210000
7670,7857.998247520000
7671,7859.863876592000
7672,7860.360848829000
7673,7861.074293126000
7674,7861.968307522000
7675,7862.576808490000
7676,7863.886469839000
7677,7864.688424186000
7678,7865.047548550000
7679,7866.327295717000
7680,7867.142338042000
7681,7867.701391247000
7682,7869.054058998000
7683,7870.100532362000
7684,7871.026268505000
7685,7871.891593704000
7686,7872.421051360000
7687,7873.258974733000
7688,7873.857411725000
7689,7874.894281011000
7690,7876.081256282000
7691,7876.811378417000
7692,7877.833953051000
7693,7878.910611220000
7694,7879.774371318000
7695,7880.247924998000
7696,7881.172597091000
7697,7882.440411049000
7698,7883.219132091000
7699,7883.739288678000
7700,7884.386136361000
7701,7885.310055571000
7702,7886.697844125000
7703,7887.902634545000
7704,7888.582508385000
7705,7889.247759853000
7706,7890.199885170000
7707,7890.829109254000
7708,7891.738485149000
7709,7892.471581268000
7710,7893.753775746000
7711,7894.146224242000
7712,7895.752701737000
7713,7896.284146796000
7714,7896.810706211000
7715,7898.443975526000
7716,7899.189387686000
7717,7899.737784134000
7718,7900.699743497000
7719,7901.203724772000
7720,7902.431940428000
7721,7902.845882349000
7722,7904.000011351000
7723,7905.495359794000
7724,7906.307057653000
7725,7907.033279620000
7726,7907.462023027000
7727,7908.754089325000
7728,7909.071081108000
7729,7910.496345642000
7730,7911.290474749000
7731,7911.974654015000
7732,7912.521894757000
7733,7913.958900163000
7734,7914.898228655000
7735,7916.139083619000
7736,7916.249620364000
7737,7917.846984219000
7738,7918.206299766000
7739,7919.009503414000
7740,7919.702077253000
7741,7920.394917845000
7742,7922.053034575000
7743,7922.723312421000
7744,7923.710141381000
7745,7924.582047218000
7746,7925.391338795000
7747,7926.044750272000
7748,7927.227859749000
7749,7928.007764630000
7750,7928.684234751000
7751,7929.540229147000
7752,7930.604941257000
7753,7930.948076826000
7754,7932.471666174000
7755,7933.645643224000
7756,7934.495415310000
7757,7935.214648402000
7758,7935.570718562000
7759,7936.442237035000
7760,7937.745180589000
7761,7938.315574080000
7762,7939.086639386000
7763,7940.354012879000
7764,7941.265683750000
7765,7942.317604789000
7766,7942.745097903000
7767,7943.785515988000
7768,7944.959519127000
7769,7945.740693786000
7770,7946.220788193000
7771,7947.289771166000
7772,7947.729600273000
7773,7948.634211572000
7774,7950.265470540000
7775,7951.314030650000
7776,7951.584851706000
7777,7952.794489272000
7778,7953.594656973000
7779,7954.308997263000
7780,7954.747608585000
7781,7956.152267106000
7782,7956.989578250000
7783,7957.947945783000
7784,7958.317455919000
7785,7959.688750438000
7786,7960.661379308000
7787,7961.649596877000
7788,7962.562547059000
7789,7962.956507790000
7790,7964.203600710000
7791,7964.684089865000
7792,7965.315678843000
7793,7966.568849824000
7794,7967.266107539000
7795,7968.909886517000
7796,7969.629440351000
7797,7970.220548111000
7798,7970.847928249000
7799,7971.821330831000
7800,7972.995331892000
7801,7973.804869057000
7802,7974.458129758000
7803,7975.017853871000
7804,7976.207792148000
7805,7977.291194444000
7806,7977.975322928000
7807,7979.419830145000
7808,7980.244153621000
7809,7980.592156636000
7810,7981.677158958000
7811,7982.329229078000
7812,7982.856726483000
7813,7984.194787626000
7814,7985.078461489000
7815,7986.116271566000
7816,7986.989921280000
7817,7987.776841672000
7818,7988.826884443000
7819,7989.527182534000
7820,7990.464730054000
7821,7991.154615188000
7822,7992.449601868000
7823,7992.775448789000
7824,7993.535520097000
7825,7994.268276832000
7826,7996.325873551000
7827,7996.702938036000
7828,7997.562596961000
7829,7998.503621701000
7830,7998.960515917000
7831,8000.086767552000
7832,8000.654289531000
7833,8001.827414146000
7834,8002.504226796000
7835,8003.544020732000
7836,8004.486900354000
7837,8005.558741556000
7838,8006.089452662000
7839,8007.166316113000
7840,8008.486686301000
7841,8009.024278313000
7842,8009.383936412000
7843,8010.212236322000
7844,8011.469380857000
7845,8011.929391131000
7846,8013.442022089000
7847,8014.276774716000
7848,8015.371885937000
7849,8016.201731490000
7850,8016.491199874000
7851,8017.361465468000
7852,8018.637826607000
7853,8019.356639066000
7854,8020.319689667000
7855,8020.837459741000
7856,8021.895481637000
7857,8022.717489710000
7858,8024.403582467000
7859,8024.670982459000
7860,8025.752452902000
7861,8026.391854103000
7862,8027.305874160000
7863,8028.124025979000
7864,8028.746401312000
7865,8029.407822326000
7866,8031.058009787000
7867,8031.951322173000
7868,8032.793383791000
7869,8033.269191958000
7870,8034.386240873000
7871,8035.393242317000
7872,8035.999510970000
7873,8037.034489891000
7874,8037.803468787000
7875,8038.428466931000
7876,8039.310951895000
7877,8040.363774176000
7878,8041.485092079000
7879,8042.752607556000
7880,8043.228211966000
7881,8044.222079324000
7882,8044.702036441000
7883,8045.412198483000
7884,8046.349100763000
7885,8047.858586761000
7886,8048.092532351000
7887,8048.939018672000
7888,8050.707855426000
7889,8050.928553718000
7890,8051.826700973000
7891,8052.854735734000
7892,8053.850683692000
7893,8054.632075494000
7894,8055.387536444000
7895,8056.043545404000
7896,8056.628566090000
7897,8057.849854097000
7898,8059.163910472000
7899,8060.410573958000
7900,8060.656750844000
7901,8061.432878645000
7902,8062.591530739000
7903,8063.105008848000
7904,8064.205515208000
7905,8064.758371516000
7906,8065.960611558000
7907,8066.852181449000
7908,8067.499979188000
7909,8068.480997184000
7910,8069.620473526000
7911,8070.895715104000
7912,8071.223812048000
7913,8072.006261155000
7914,8072.891660955000
7915,8073.661638199000
7916,8074.476781796000
7917,8075.212479534000
7918,8076.604646443000
7919,8077.693139054000
7920,8078.331290952000
7921,8079.345222789000
7922,8080.039511696000
7923,8080.371623670000
7924,8082.095848369000
7925,8082.727357334000
7926,8083.188121262000
7927,8084.353898816000
7928,8084.627810374000
7929,8086.389367184000
7930,8087.201332970000
7931,8087.989215923000
7932,8089.000277332000
7933,8090.011702435000
7934,8090.302075183000
7935,8091.013047476000
7936,8092.013186019000
7937,8093.056821601000
7938,8093.960796849000
7939,8095.226429752000
7940,8095.644649780000
7941,8096.881209450000
7942,8097.422804534000
7943,8098.601451658000
7944,8099.483713020000
7945,8100.033954900000
7946,8100.893317321000
7947,8101.847479885000
7948,8102.652891917000
7949,8103.081247386000
7950,8104.959580646000
7951,8106.001082599000
7952,8106.472478547000
7953,8106.981007273000
7954,8107.990030628000
7955,8108.858614987000
7956,8109.690218972000
7957,8110.637684030000
7958,8111.447479981000
7959,8112.264753495000
7960,8113.552643127000
7961,8114.167019840000
7962,8115.107358483000
7963,8116.251266964000
7964,8116.864424632000
7965,8118.004737873000
7966,8118.437379653000
7967,8119.287139449000
7968,8119.648862099000
7969,8121.226751668000
7970,8122.361423445000
7971,8123.010669984000
7972,8124.184278678000
7973,8124.843587426000
7974,8125.501626937000
7975,8126.529528436000
7976,8126.964551002000
7977,8128.592208780000
7978,8129.097632570000
7979,8129.501991537000
7980,8130.717735754000
7981,8131.714724492000
7982,8132.854767683000
7983,8133.952804659000
7984,8134.457140991000
7985,8135.253151706000
7986,8135.925988506000
7987,8136.958578383000
7988,8137.609942436000
7989,8138.437429271000
7990,8139.566538052000
7991,8140.950740591000
7992,8141.595750010000
7993,8142.276001937000
7994,8142.810496641000
7995,8144.358563540000
7996,8144.926296078000
7997,8145.927384408000
7998,8146.251283809000
7999,8147.375558665000
8000,8148.188405805000
8001,8148.986653563000
8002,8150.740615482000
8003,8151.026671305000
8004,8152.217728258000
8005,8152.965931128000
8006,8153.488253661000
8007,8154.272979427000
8008,8155.128933993000
8009,8156.304912385000
8010,8157.194764620000
8011,8157.981568492000
8012,8158.767638744000
8013,8160.078200810000
8014,8160.950122590000
8015,8161.346145633000
8016,8162.592140587000
8017,8163.454284501000
8018,8164.106957147000
8019,8164.870257333000
8020,8165.448818475000
8021,8166.448089240000
8022,8168.295104130000
8023,8168.668480129000
8024,8169.593836204000
8025,8170.415779002000
8026,8171.095110982000
8027,8171.823553153000
8028,8173.111533981000
8029,8173.738292658000
8030,8174.366180916000
8031,8175.531628952000
8032,8176.449213454000
8033,8177.331542719000
8034,8178.104666953000
8035,8179.690387023000
8036,8180.035752136000
8037,8181.013209816000
8038,8181.282044614000
8039,8182.430116793000
8040,8183.129990253000
8041,8184.254600673000
8042,8185.038683170000
8043,8186.605228280000
8044,8187.019086128000
8045,8187.927398545000
8046,8188.675092155000
8047,8189.458001684000
8048,8190.538859646000
8049,8191.317359422000
8050,8192.334649942000
8051,8192.995406726999
8052,8193.233410994000
8053,8194.929408137999
8054,8196.067584918001
8055,8196.948324752000
8056,8197.513353943001
8057,8198.242611792000
8058,8199.585117178000
8059,8199.884773862999
8060,8200.341952209001
8061,8201.755260358999
8062,8202.876646170000
8063,8203.529203739001
8064,8204.761729330001
8065,8205.259250532001
8066,8206.228375058001
8067,8207.281175265000
8068,8208.167607523999
8069,8208.846424314001
8070,8209.530685579000
8071,8210.510348799000
8072,8211.030888883000
8073,8212.265612419000
8074,8213.253267546999
8075,8214.668747955000
8076,8215.237624959000
8077,8215.962628470001
8078,8216.502661261000
8079,8217.268004087000
8080,8218.619573329999
8081,8219.346543828000
8082,8220.050014500999
8083,8220.852882450001
8084,8222.153933482001
8085,8222.908793156001
8086,8223.804093212000
8087,8224.783041492999
8088,8225.662484685001
8089,8226.606391578000
8090,8227.022032307001
8091,8227.898063963001
8092,8228.756591821000
8093,8229.309424343001
8094,8231.318604911001
8095,8231.752039396000
8096,8232.534397486001
8097,8233.385017836999
8098,8234.463093963999
8099,8234.940463387000
8100,8235.903077655999
8101,8236.852837631999
8102,8237.661239321000
8103,8238.643824854000
8104,8239.166099548000
8105,8240.107660165000
8106,8241.810539848000
8107,8242.262983380000
8108,8243.126125160999
8109,8244.126672343000
8110,8244.522473036001
8111,8245.291902817000
8112,8246.414750235001
8113,8247.104523645001
8114,8248.198015438000
8115,8249.182211674000
8116,8250.476640454001
8117,8250.905128430000
8118,8251.591930805000
8119,8252.495963346000
8120,8253.795261751000
8121,8254.542110873001
8122,8255.238100660999
8123,8255.519078691999
8124,8256.777714952001
8125,8257.752236884000
8126,8258.997998913001
8127,8259.868525256999
8128,8260.782502763001
8129,8261.566253507999
8130,8262.002122421000
8131,8263.168899726001
8132,8263.541048292000
8133,8264.798832930001
8134,8265.847428255000
8135,8266.459167726000
8136,8267.620802306001
8137,8268.306797080000
8138,8269.293837368999
8139,8270.597375144000
8140,8271.102988989000
8141,8271.527124562999
8142,8273.023727020000
8143,8273.359088658000
8144,8274.260748916000
8145,8274.761296174000
8146,8276.532087621999
8147,8277.550531732000
8148,8278.311044894001
8149,8278.724155122000
8150,8279.658220294001
8151,8280.576684591000
8152,8281.427733832999
8153,8282.325186835000
8154,8283.364230097999
8155,8283.682719744000
8156,8284.837059154999
8157,8286.156465378001
8158,8286.666088558000
8159,8287.736512264000
8160,8288.980436058000
8161,8289.388001230000
8162,8290.178026756001
8163,8290.941297006000
8164,8291.360592491001
8165,8292.962945185000
8166,8293.588170376001
8167,8294.846862902999
8168,8295.568517316000
8169,8296.693739595001
8170,8297.216960600001
8171,8297.847035139999
8172,8299.092930897001
8173,8300.012435010000
8174,8300.536369898000
8175,8301.505488875000
8176,8302.243478656999
8177,8302.932610094000
8178,8304.590585714001
8179,8305.587635161000
8180,8306.142916438001
8181,8306.723994988000
8182,8307.761913372000
8183,8308.422654234000
8184,8309.351684271000
8185,8310.142625947999
8186,8310.895266168000
8187,8312.487888176000
8188,8313.144211389999
8189,8313.584885345001
8190,8314.936714629001
8191,8315.508934703001
8192,8316.991697010000
8193,8317.138031600000
8194,8318.217082256000
8195,8318.759355840000
8196,8319.747436441001
8197,8320.463512545000
8198,8321.895686241000
8199,8322.995964072999
8200,8323.508788174000
8201,8324.656429208000
8202,8325.300636980999
8203,8325.708797277999
8204,8326.619738160000
8205,8328.079211692000
8206,8328.715589743000
8207,8329.271340699001
8208,8330.212048924999
8209,8331.593502850001
8210,8332.263071023999
8211,8333.237664714001
8212,8334.052726657001
8213,8335.037292360001
8214,8335.626392665999
8215,8336.461889738999
8216,8337.076040923999
8217,8337.871295467001
8218,8339.257480606000
8219,8340.393714333000
8220,8341.281554843001
8221,8341.924980694001
8222,8342.350313542000
8223,8343.649101637000
8224,8344.661638670001
8225,8345.053008323001
8226,8346.083112881999
8227,8346.963463358999
8228,8347.710096766999
8229,8348.747559863999
8230,8349.534979214999
8231,8351.134421811999
8232,8351.661547502999
8233,8352.417119848000
8234,8352.958073702999
8235,8353.845609049000
8236,8354.918549436999
8237,8355.268913975000
8238,8356.904040990999
8239,8357.317471404000
8240,8358.619425855000
8241,8359.658407184999
8242,8359.970765630000
8243,8361.073625395000
8244,8361.854099315000
8245,8362.910269692000
8246,8363.896584173001
8247,8364.270313084000
8248,8364.921654252001
8249,8365.842461795000
8250,8367.570202901001
8251,8368.300171090001
8252,8368.924192692000
8253,8369.980516632000
8254,8370.774259906000
8255,8371.308043548999
8256,8372.087574386000
8257,8373.147445440000
8258,8374.076460464999
8259,8374.967512124000
8260,8375.843575317000
8261,8376.964785295000
8262,8377.391886567000
8263,8378.850000556000
8264,8379.465601295000
8265,8380.556228744001
8266,8380.966154321000
8267,8381.564090255000
8268,8382.905500682000
8269,8383.402690457000
8270,8384.243264856001
8271,8386.020866344999
8272,8386.716772954000
8273,8387.240328395001
8274,8388.199827520000
8275,8388.635538222001
8276,8389.785194386999
8277,8391.043045052000
8278,8391.345769447000
8279,8392.202609092999
8280,8393.253383485000
8281,8394.048747019000
8282,8395.258153893999
8283,8396.238183232001
8284,8396.956726475000
8285,8397.801538603000
8286,8398.740715655000
8287,8399.525152210999
8288,8399.733280377000
8289,8400.790029633999
8290,8402.071249479999
8291,8403.287132731000
8292,8403.814434923001
8293,8404.739289499001
8294,8405.705195480001
8295,8406.569355488000
8296,8407.084863513999
8297,8408.331513208999
8298,8408.928736383001
8299,8410.102479273000
8300,8410.365241306999
8301,8411.254384289001
8302,8412.634141842000
8303,8413.680979399000
8304,8414.783450749001
8305,8415.403499857000
8306,8415.723254017999
8307,8416.838129918000
8308,8417.556527395000
8309,8418.527239229999
8310,8419.569109017000
8311,8420.005248981999
8312,8421.508390248000
8313,8422.378527635001
8314,8423.240648285000
8315,8423.389063749000
8316,8425.250971770000
8317,8425.839729271000
8318,8426.287467348000
8319,8427.283348870000
8320,8428.018573118999
8321,8428.624830032000
8322,8429.995855683999
8323,8431.177000629001
8324,8431.955360419999
8325,8432.975958833000
8326,8433.312480291001
8327,8434.415421301999
8328,8435.058137202999
8329,8435.811385399000
8330,8437.043923773999
8331,8437.890770505999
8332,8438.581508720999
8333,8439.280453877000
8334,8440.622495639000
8335,8441.680875472000
8336,8442.342548491000
8337,8443.184375821000
8338,8443.859358821001
8339,8445.019550655999
8340,8445.343743347001
8341,8446.186349821999
8342,8447.097012279000
8343,8448.634176636000
8344,8449.496018878999
8345,8450.170450780000
8346,8451.011051486001
8347,8451.672354838000
8348,8452.526787586999
8349,8453.840544327000
8350,8454.385593870000
8351,8455.129114744999
8352,8455.682201312000
8353,8457.256933895000
8354,8457.584956675000
8355,8459.077902974999
8356,8459.817317810999
8357,8460.913889072999
8358,8461.562867847000
8359,8462.069886427000
8360,8462.646579164000
8361,8463.899499846000
8362,8464.878542531000
8363,8465.537510486000
8364,8466.826335992000
8365,8467.635630188999
8366,8468.444307123000
8367,8469.241866818000
8368,8470.285462153999
8369,8470.855567881999
8370,8472.106756704999
8371,8472.581593585999
8372,8473.422142531001
8373,8474.178986718000
8374,8474.840320404001
8375,8476.904664917000
8376,8477.388694101999
8377,8477.921861025001
8378,8478.842816767999
8379,8479.721517906000
8380,8480.498098395999
8381,8481.301917569999
8382,8481.987757045001
8383,8483.482314466000
8384,8483.709365227000
8385,8485.134315482999
8386,8485.731595820000
8387,8486.695524389999
8388,8487.794494039001
8389,8488.692418611001
8390,8489.335843596000
8391,8490.035611175999
8392,8490.800705907001
8393,8491.507454766999
8394,8492.596487047000
8395,8493.823574635000
8396,8494.552018030001
8397,8496.029850064000
8398,8496.290002226000
8399,8497.053886707001
8400,8497.637356296000
8401,8498.955065489999
8402,8499.848538085000
8403,8500.587623330000
8404,8501.302755465000
8405,8501.908544843000
8406,8503.528225472999
8407,8504.088873614000
8408,8505.263513055001
8409,8506.184467090001
8410,8506.655630251000
8411,8507.568430665000
8412,8508.341839184999
8413,8509.205092759999
8414,8509.605168069000
8415,8511.168181149000
8416,8512.237298971000
8417,8513.180504245000
8418,8513.428366856000
8419,8514.603122414999
8420,8515.510306167000
8421,8516.520710986000
8422,8517.066793399001
8423,8517.836912408000
8424,8518.994229230000
8425,8519.543241912999
8426,8520.204192768000
8427,8521.698529413001
8428,8522.883461467000
8429,8523.581766093001
8430,8524.072959892999
8431,8525.192740842000
8432,8525.580145938000
8433,8526.384967075999
8434,8527.801285476000
8435,8528.335279661000
8436,8529.165725245000
8437,8530.392088475000
8438,8531.215969405001
8439,8532.311647983999
8440,8532.610707275000
8441,8533.780194487001
8442,8535.042150484000
8443,8535.467449845000
8444,8536.033310081000
8445,8536.749664145000
8446,8537.778374014000
8447,8539.057118234001
8448,8540.192595720000
8449,8540.966649370999
8450,8541.539982808999
8451,8542.565392467999
8452,8543.339096415000
8453,8543.751519718000
8454,8545.303334074000
8455,8545.618122407001
8456,8546.691491453001
8457,8547.709108139001
8458,8548.380388381000
8459,8549.305495770999
8460,8550.742265127999
8461,8551.451183851999
8462,8552.036847252000
8463,8552.704688817999
8464,8553.657695231999
8465,8554.540035259000
8466,8555.129548601000
8467,8556.062209076001
8468,8557.527026799000
8469,8558.612656242000
8470,8558.923460876000
8471,8559.960124310999
8472,8560.426167011999
8473,8561.800541027000
8474,8562.354829385000
8475,8563.582511285000
8476,8563.910392633999
8477,8564.757382722000
8478,8565.618743675999
8479,8567.204607150001
8480,8567.744539731000
8481,8568.746748321000
8482,8569.695230959000
8483,8570.473144255000
8484,8570.946215415999
8485,8571.818896201001
8486,8572.426464757000
8487,8573.882934740999
8488,8574.913003320000
8489,8575.175968707001
8490,8576.708934631000
8491,8577.398701996000
8492,8577.971246764000
8493,8579.236900976000
8494,8579.917964132999
8495,8580.702003921000
8496,8581.556354734999
8497,8582.296736736000
8498,8582.982426418001
8499,8583.913021381000
8500,8585.651463149999
8501,8586.174833981000
8502,8587.197320927000
8503,8587.711288195000
8504,8588.094852601000
8505,8589.642476710000
8506,8590.127188414001
8507,8591.095567302000
8508,8591.803792343000
8509,8592.920901774000
8510,8594.055748659001
8511,8594.502062461001
8512,8595.550909469999
8513,8596.787241215001
8514,8597.384498851001
8515,8598.230072427999
8516,8599.006813111000
8517,8599.431780759000
8518,8600.495518301001
8519,8601.336163043999
8520,8602.800930633000
8521,8603.667158054999
8522,8604.204875746000
8523,8605.372037846000
8524,8606.065011944000
8525,8606.596847048000
8526,8607.469584159000
8527,8608.874054413000
8528,8609.476576481000
8529,8609.969946523001
8530,8610.900549174001
8531,8612.007241032001
8532,8613.349092570001
8533,8614.153530621001
8534,8614.570297617000
8535,8615.778990895000
8536,8616.334145127001
8537,8617.170423146999
8538,8617.682388006000
8539,8619.004610239999
8540,8619.610075257000
8541,8621.154330973999
8542,8621.952650157000
8543,8622.390314619999
8544,8623.284603669999
8545,8624.220096515999
8546,8625.481069983000
8547,8626.016582943999
8548,8626.570046899000
8549,8627.469440409001
8550,8628.431748372999
8551,8629.276843948001
8552,8630.330799695999
8553,8631.669465393001
8554,8632.398793413000
8555,8633.071914190999
8556,8633.591393340001
8557,8634.592755997000
8558,8635.206921732000
8559,8636.439865708000
8560,8637.187563979000
8561,8638.150805592000
8562,8638.929026205000
8563,8640.056739782000
8564,8640.930858834001
8565,8641.656960762000
8566,8642.643422720001
8567,8643.454487335001
8568,8644.166494253001
8569,8645.314890919000
8570,8645.629539138001
8571,8646.021671928000
8572,8648.180817663000
8573,8648.774619217000
8574,8649.780880844000
8575,8650.239461089001
8576,8651.375577781000
8577,8651.868483746000
8578,8652.861534420001
8579,8653.778576965000
8580,8654.501099441000
8581,8655.647399977999
8582,8656.072710341999
8583,8657.338800754000
8584,8658.222107504000
8585,8659.065463815001
8586,8660.464749769000
8587,8660.894985319001
8588,8661.469178732999
8589,8662.186065275000
8590,8663.160874843999
8591,8664.068204986001
8592,8664.933277767001
8593,8666.008296739999
8594,8667.232034709001
8595,8668.106266274001
8596,8668.375532886999
8597,8669.317504226001
8598,8670.233446196000
8599,8671.639127701999
8600,8671.820091555001
8601,8672.776806952001
8602,8673.524006100000
8603,8674.349201864999
8604,8675.596120099000
8605,8676.924281051000
8606,8677.519367827999
8607,8677.987746530000
8608,8679.291278168001
8609,8679.748657452001
8610,8680.584051407001
8611,8681.161852779000
8612,8682.385865916000
8613,8683.501223957999
8614,8684.345138141000
8615,8685.162576754999
8616,8685.791259887001
8617,8687.189699002000
8618,8687.777364109001
8619,8688.479057297000
8620,8689.551335128999
8621,8690.364817870000
8622,8690.662797622001
8623,8691.926226852000
8624,8692.523178294001
8625,8694.228413295999
8626,8694.902289443000
8627,8695.905093298001
8628,8696.258314852999
8629,8697.336511435000
8630,8697.610485681000
8631,8699.091219710001
8632,8699.936426458000
8633,8700.597521995000
8634,8701.161157565000
8635,8702.804254877999
8636,8703.417101022000
8637,8704.079332239000
8638,8705.318810429000
8639,8706.154650753000
8640,8707.005236581999
8641,8707.597537701000
8642,8708.113872194999
8643,8709.159693739000
8644,8709.949365151000
8645,8711.450294476999
8646,8712.275399475000
8647,8712.986720708001
8648,8714.030953901000
8649,8714.366502801000
8650,8715.585779950001
8651,8716.356426967999
8652,8717.003515228000
8653,8718.139853934001
8654,8719.090250677000
8655,8719.382554053000
8656,8720.447893299000
8657,8721.974942172001
8658,8722.755721398000
8659,8723.599098642000
8660,8724.108198074000
8661,8724.859676038001
8662,8725.956761584999
8663,8726.536842210000
8664,8727.253773684000
8665,8728.498800855001
8666,8729.628006990000
8667,8730.322892933000
8668,8731.474828184000
8669,8731.879802246000
8670,8732.623377537000
8671,8734.081398173001
8672,8734.675973837000
8673,8735.414586538000
8674,8736.080091411999
8675,8736.767658872999
8676,8737.886599701000
8677,8739.389508169999
8678,8739.714814520001
8679,8741.112495669000
8680,8741.683325896000
8681,8742.525510715001
8682,8742.997118096000
8683,8743.749048930000
8684,8745.053827139000
8685,8745.977161412000
8686,8746.443532494000
8687,8747.807308512000
8688,8748.384570856000
8689,8749.516423499001
8690,8750.330086645001
8691,8751.346430864000
8692,8751.999141009001
8693,8752.672763590001
8694,8753.775489789001
8695,8754.258907092000
8696,8755.009176121001
8697,8756.043831127001
8698,8757.903052121001
8699,8758.330109659000
8700,8758.806686424001
8701,8759.591981370000
8702,8760.797760690000
8703,8761.335651596000
8704,8762.328890281000
8705,8763.396469367000
8706,8763.655686196000
8707,8765.005865642999
8708,8765.741131577000
8709,8766.709274467999
8710,8767.797892850000
8711,8768.800400513999
8712,8769.371308012000
8713,8770.321068743000
8714,8771.029690956000
8715,8771.396367345000
8716,8772.413788999000
8717,8773.892563781001
8718,8774.336921665999
8719,8775.643665408999
8720,8776.412826979000
8721,8777.325477643000
8722,8778.016754196000
8723,8778.547501528999
8724,8779.874152389000
8725,8780.751048628001
8726,8781.399843069999
8727,8781.999405250001
8728,8782.763532849000
8729,8784.098180393001
8730,8785.349005620001
8731,8786.001416920000
8732,8786.925723642000
8733,8787.516533268001
8734,8788.234123962000
8735,8789.166704652000
8736,8790.055912968999
8737,8790.605373031000
8738,8791.865750061001
8739,8792.938115376999
8740,8793.748087606000
8741,8794.528210803001
8742,8795.102194577999
8743,8796.605348614999
8744,8797.281339331001
8745,8797.933469183999
8746,8798.459711537000
8747,8799.627566552001
8748,8800.402790798000
8749,8800.875335741001
8750,8802.633957952001
8751,8803.428243939001
8752,8804.220472214000
8753,8805.171186875001
8754,8805.599435361000
8755,8806.272540599000
8756,8807.488748833999
8757,8808.223313838000
8758,8809.413500174000
8759,8809.849477655000
8760,8810.602647387001
8761,8812.167774580001
8762,8812.725714808999
8763,8813.832162750999
8764,8814.311277666000
8765,8815.594893298001
8766,8816.333686040000
8767,8816.597902424999
8768,8817.604528338999
8769,8818.267042194000
8770,8819.823257464001
8771,8820.831983669001
8772,8821.428062323999
8773,8822.438231460999
8774,8822.982439195999
8775,8823.926324358999
8776,8824.821596600001
8777,8825.747064034000
8778,8826.471286824000
8779,8827.196344366001
8780,8828.126900137000
8781,8829.200853015000
8782,8829.757344108000
8783,8831.476274008000
8784,8832.095903441001
8785,8832.667733533999
8786,8833.353272701001
8787,8834.227333954001
8788,8834.898748526000
8789,8836.174940859000
8790,8836.623445374000
8791,8837.776447826000
8792,8839.103878636000
8793,8839.786452488999
8794,8840.183848850000
8795,8841.401930089000
8796,8842.186429294001
8797,8843.085298045000
8798,8844.209896066999
8799,8844.421280320999
8800,8845.399046171000
8801,8845.929067542000
8802,8847.529970809999
8803,8848.664758577999
8804,8849.293012163000
8805,8849.940859439999
8806,8850.968666279001
8807,8851.906343481000
8808,8852.149291308000
8809,8853.023070043000
8810,8854.558251386001
8811,8854.955551217001
8812,8856.079945292000
8813,8856.734523784000
8814,8857.963064805001
8815,8858.680999708000
8816,8859.693494673000
8817,8860.675496387001
8818,8861.046695266999
8819,8861.974859877000
8820,8862.808651073999
8821,8863.498357024000
8822,8864.378003968000
8823,8865.753819371999
8824,8866.791201368000
8825,8867.753787140000
8826,8868.092270036999
8827,8868.750967014999
8828,8869.691904789001
8829,8871.078180954000
8830,8871.689920886000
8831,8872.005432888000
8832,8873.297980869000
8833,8874.050059551000
8834,8875.172814314999
8835,8876.122838582000
8836,8876.890060628000
8837,8878.289574607001
8838,8878.480878110000
8839,8879.175609723001
8840,8880.343782096999
8841,8880.621668525000
8842,8881.726078190000
8843,8883.028741255001
8844,8884.165749604999
8845,8884.446684815000
8846,8885.602305365001
8847,8886.584181468999
8848,8887.058666340999
8849,8888.146956750999
8850,8888.831196780000
8851,8889.952996221000
8852,8890.537948368999
8853,8891.306737048000
8854,8891.874379356999
8855,8893.684840402000
8856,8894.604473093999
8857,8895.038202754000
8858,8896.103336815000
8859,8896.531323011000
8860,8897.673494066999
8861,8898.051507139000
8862,8899.302724466999
8863,8900.126946767999
8864,8900.854875978001
8865,8902.243765062000
8866,8903.054487162000
8867,8903.453422786000
8868,8904.497639306001
8869,8905.780057620001
8870,8906.334722625001
8871,8907.296439180000
8872,8907.620487927999
8873,8908.365865373000
8874,8909.714669788000
8875,8910.428989515000
8876,8911.756517262000
8877,8912.717343388000
8878,8913.324972961000
8879,8914.111116782000
8880,8914.741188911999
8881,8915.623803672001
8882,8916.514178386000
8883,8917.678078159999
8884,8918.302168644001
8885,8918.917303083001
8886,8920.276287089000
8887,8920.807424922001
8888,8922.348329237000
8889,8922.962986122000
8890,8923.430369164000
8891,8924.452124841000
8892,8925.469534406000
8893,8925.913861821000
8894,8926.590671427000
8895,8927.543910279999
8896,8929.299323788000
8897,8929.808678924001
8898,8930.622184354999
8899,8931.360853742999
8900,8932.151532174001
8901,8933.161556855999
8902,8934.023589736000
8903,8934.749925304000
8904,8935.684604087999
8905,8936.253765071000
8906,8937.198156762001
8907,8938.346035492001
8908,8939.308181977000
8909,8940.290249828000
8910,8941.181572191999
8911,8942.047712430000
8912,8942.474071166000
8913,8942.901797183000
8914,8944.315501548001
8915,8945.056384875001
8916,8946.156952171999
8917,8946.789546432001
8918,8948.094866137000
8919,8948.871203068000
8920,8949.659174963001
8921,8950.085438399999
8922,8951.679585354999
8923,8952.132146366001
8924,8952.910570341999
8925,8953.663140522000
8926,8954.570266106000
8927,8955.021105983000
8928,8956.904086111001
8929,8957.719764459000
8930,8958.329612994999
8931,8959.083915903000
8932,8959.872529807000
8933,8960.757465937000
8934,8961.514277566999
8935,8962.376098410001
8936,8963.122595274001
8937,8964.501768867000
8938,8965.042322645000
8939,8965.909132690000
8940,8966.831852556999
8941,8968.083142598000
8942,8968.730830805000
8943,8969.576813395999
8944,8970.156460463000
8945,8971.008144511999
8946,8971.900341570001
8947,8972.398475358999
8948,8973.827888983000
8949,8974.779544771000
8950,8976.046813315001
8951,8976.339748017999
8952,8977.267754470000
8953,8978.139157901000
8954,8978.484856067000
8955,8980.105035039000
8956,8980.789975096999
8957,8981.364598450000
8958,8981.893809433001
8959,8983.298016882000
8960,8984.458470334999
8961,8984.976927663000
8962,8986.278143617001
8963,8986.765638639001
8964,8987.708763258001
8965,8988.513243869000
8966,8988.936179401000
8967,8989.737246619999
8968,8991.143647231000
8969,8991.847222467000
8970,8993.206522750001
8971,8993.843872416999
8972,8994.285296829001
8973,8995.438088515000
8974,8996.520060323999
8975,8997.025737751999
8976,8997.967571698000
8977,8998.648899442000
8978,8999.718728031999
8979,9000.243406943000
8980,9001.129405308000
8981,9002.623776992999
8982,9003.873677517000
8983,9004.052178243999
8984,9004.805111170001
8985,9005.606797077000
8986,9006.565630589001
8987,9007.260756057000
8988,9008.304703038000
8989,9009.070075285001
8990,9010.088962864000
8991,9011.033504192999
8992,9012.042284016999
8993,9012.644453438001
8994,9013.551021067000
8995,9014.565229678999
8996,9015.596687046000
8997,9015.977933055001
8998,9016.814019973001
8999,9017.345160194000
9000,9018.424475610000
9001,9020.072493602000
9002,9020.646017116000
9003,9021.257036937001
9004,9022.745934353001
9005,9022.965488033000
9006,9023.565193774000
9007,9024.667245993000
9008,9025.628559534000
9009,9026.521713970000
9010,9027.231504803000
9011,9028.106836457000
9012,9028.987081386000
9013,9030.147631956999
9014,9031.032976777000
9015,9032.149738849999
9016,9032.444258623000
9017,9033.515720830001
9018,9033.854034845999
9019,9035.168949368001
9020,9035.749059047999
9021,9036.429306615000
9022,9038.302210472000
9023,9038.744798375999
9024,9039.773178758000
9025,9040.140208823999
9026,9040.975491232000
9027,9042.313865996000
9028,9043.019421319999
9029,9043.610772971000
9030,9044.618071147999
9031,9045.108590882000
9032,9046.315029702000
9033,9047.178898922000
9034,9048.588554505001
9035,9049.087937802000
9036,9049.992714868000
9037,9050.882205632000
9038,9051.428508999001
9039,9052.224339386001
9040,9052.755417230999
9041,9054.400106783000
9042,9054.931264072000
9043,9055.905240586000
9044,9056.785351957000
9045,9057.930288444000
9046,9058.352731342000
9047,9059.695201794000
9048,9059.901550741000
9049,9061.261010259001
9050,9062.010375428001
9051,9062.556640823001
9052,9063.065987665999
9053,9064.398647014999
9054,9065.676445012001
9055,9066.715937219000
9056,9067.344319124000
9057,9067.890693026000
9058,9068.707565891000
9059,9069.651864011999
9060,9070.419820652000
9061,9071.485275093000
9062,9072.068890118000
9063,9072.950481989001
9064,9074.381551781000
9065,9074.869755815000
9066,9075.539800391000
9067,9076.905342563001
9068,9077.941193163000
9069,9078.388813149000
9070,9078.885068809999
9071,9079.958594689000
9072,9080.600278837999
9073,9081.525029640999
9074,9082.687459166000
9075,9083.817684468000
9076,9084.719189339001
9077,9085.261991006000
9078,9086.216791442001
9079,9086.854064628000
9080,9087.619989059000
9081,9088.908988498000
9082,9089.425998602001
9083,9090.498988662001
9084,9090.953967031001
9085,9091.778385808000
9086,9093.554540593001
9087,9094.080653739000
9088,9094.817936162000
9089,9095.707283365000
9090,9096.611589238000
9091,9097.164150723000
9092,9098.092115415000
9093,9098.532042167000
9094,9099.836635635000
9095,9101.042374241000
9096,9101.885250830001
9097,9102.497480971000
9098,9103.493787095000
9099,9104.193256144001
9100,9105.074920830000
9101,9106.474161546001
9102,9106.705267548001
9103,9107.191202664000
9104,9108.613643184000
9105,9109.023970775001
9106,9110.230386515001
9107,9111.375084879000
9108,9112.381582610000
9109,9113.302297847000
9110,9113.658797282000
9111,9114.444853437000
9112,9115.042930639000
9113,9116.424405315000
9114,9117.137058329999
9115,9117.860968024999
9116,9118.810944246999
9117,9120.116281593000
9118,9120.569264317000
9119,9121.584902245000
9120,9122.504965210999
9121,9123.393854939000
9122,9124.084874392000
9123,9125.059677153000
9124,9125.604247738000
9125,9126.235472798000
9126,9127.121392691000
9127,9128.945962237000
9128,9129.473000955000
9129,9130.446701654000
9130,9130.768159171001
9131,9131.957373712999
9132,9132.877022275999
9133,9133.253132722000
9134,9134.299136950000
9135,9135.427457334001
9136,9136.139601994000
9137,9136.679196436000
9138,9138.105910777000
9139,9138.600382790000
9140,9140.231969818000
9141,9140.578259697000
9142,9141.357179361999
9143,9142.266523220000
9144,9142.836907708999
9145,9143.596977939000
9146,9144.619980820000
9147,9145.638522322000
9148,9146.526358405999
9149,9147.808894963000
9150,9148.555047141999
9151,9149.117996849000
9152,9149.558123852999
9153,9151.026455173000
9154,9151.817672101000
9155,9152.649018567001
9156,9153.267808749000
9157,9153.740200095999
9158,9155.111134265000
9159,9156.088026234000
9160,9157.200853860000
9161,9157.957603483001
9162,9158.830116896999
9163,9159.438824975001
9164,9160.353847712000
9165,9160.796139419001
9166,9161.926432340000
9167,9162.627075285000
9168,9164.011258569000
9169,9164.765021491001
9170,9165.448663413999
9171,9166.381734371000
9172,9167.382447423000
9173,9168.304925879000
9174,9169.005615313999
9175,9169.689672310000
9176,9170.658946113999
9177,9171.402013819999
9178,9172.213321781999
9179,9172.683910448000
9180,9174.799448248999
9181,9175.208835881000
9182,9175.927458355000
9183,9176.891017124000
9184,9177.479208893001
9185,9178.130377599000
9186,9179.285979756000
9187,9180.321113395999
9188,9180.739286974000
9189,9181.702974296000
9190,9182.811173984999
9191,9183.699837538001
9192,9184.767194411999
9193,9185.136000609000
9194,9186.578146636000
9195,9187.345086892001
9196,9187.811497032000
9197,9188.464829563000
9198,9189.187313214999
9199,9190.366779364000
9200,9191.463118656000
9201,9192.438691654001
9202,9193.368911875001
9203,9194.036497583000
9204,9194.998618070000
9205,9195.415993340999
9206,9196.541376822001
9207,9197.375793024001
9208,9198.428751555000
9209,9198.789347491000
9210,9200.006746343999
9211,9200.451077571999
9212,9201.837434831999
9213,9203.050941490999
9214,9203.761790101000
9215,9204.449930356001
9216,9204.760708258000
9217,9206.165350792000
9218,9206.847375416000
9219,9207.189750329000
9220,9208.520414152999
9221,9209.480933056000
9222,9210.873978973999
9223,9211.220220622999
9224,9211.878326614000
9225,9212.942543018000
9226,9213.953457243000
9227,9214.809815383000
9228,9215.383063607000
9229,9216.396499883000
9230,9216.889162998999
9231,9217.632413627000
9232,9219.125065266000
9233,9220.020083392001
9234,9220.852137981999
9235,9222.000798288000
9236,9222.354047560000
9237,9223.237859071000
9238,9223.870046096001
9239,9224.578163423999
9240,9226.173215901001
9241,9226.625762800000
9242,9227.262194970999
9243,9228.502157991999
9244,9229.558364129000
9245,9230.160704776999
9246,9231.116341547000
9247,9232.082594097999
9248,9232.764557617000
9249,9233.690366508999
9250,9234.086401680001
9251,9235.309074306000
9252,9235.520669017000
9253,9237.255825766000
9254,9238.525524178000
9255,9238.873162118000
9256,9239.599760445000
9257,9240.463318407001
9258,9241.168927234001
9259,9242.438747056000
9260,9243.002727145000
9261,9243.629625414000
9262,9244.722256155001
9263,9245.730317260000
9264,9246.372479218000
9265,9247.323682009999
9266,9248.859664428001
9267,9249.097134244999
9268,9250.217232552000
9269,9250.850268732000
9270,9251.325332009001
9271,9252.301982659999
9272,9253.266895876999
9273,9254.039963750000
9274,9255.629242735000
9275,9255.870307159001
9276,9257.090976370000
9277,9257.922851052001
9278,9258.513197988999
9279,9259.199490497000
9280,9260.462686090001
9281,9261.410917752000
9282,9261.832615530000
9283,9262.571905340999
9284,9263.278863899000
9285,9264.808555510999
9286,9265.914999338000
9287,9266.523355584000
9288,9267.157637377000
9289,9268.359885083000
9290,9268.846663836001
9291,9269.385312605000
9292,9270.504925931000
9293,9271.301028119000
9294,9272.394102687000
9295,9273.266843199001
9296,9274.338133837000
9297,9274.986375913000
9298,9275.555512462000
9299,9277.160514444000
9300,9277.608768374999
9301,9278.356214546000
9302,9279.040933079001
9303,9279.938256161000
9304,9280.769267592999
9305,9281.537438795000
9306,9282.734288936999
9307,9284.093681675000
9308,9284.762478437000
9309,9285.344159689001
9310,9285.849431119001
9311,9286.901569162999
9312,9287.799427530999
9313,9288.657678861000
9314,9289.634716492999
9315,9290.238472558000
9316,9291.071149949001
9317,9292.450151019000
9318,9293.020371573000
9319,9294.077099796001
9320,9294.994414286000
9321,9295.564223472000
9322,9296.607047273001
9323,9297.328597821999
9324,9297.791417095001
9325,9298.415822954001
9326,9300.174304705000
9327,9301.095504972000
9328,9301.630677862000
9329,9302.761169162000
9330,9303.238852585000
9331,9304.478169098000
9332,9304.747219153000
9333,9306.002925381001
9334,9306.808098668000
9335,9307.501144153999
9336,9308.397687578999
9337,9309.059307209000
9338,9310.294182823000
9339,9311.394263390999
9340,9312.287090012000
9341,9313.137110977001
9342,9313.642041786999
9343,9314.191767556000
9344,9315.257777093000
9345,9316.091993796999
9346,9317.221478363001
9347,9317.520864382999
9348,9319.337900164001
9349,9319.827795195000
9350,9320.592913364000
9351,9321.355037465000
9352,9322.199858978000
9353,9323.579903835000
9354,9324.038643000000
9355,9324.662478030999
9356,9325.359891018001
9357,9326.496593790000
9358,9327.029340175999
9359,9328.937276209001
9360,9329.235940410001
9361,9330.230659584000
9362,9330.921834156999
9363,9331.875838211001
9364,9332.545535708001
9365,9332.990177776999
9366,9334.305898777000
9367,9335.206489196000
9368,9336.031511110001
9369,9336.966415722000
9370,9337.535506026999
9371,9338.970532756000
9372,9339.734206712001
9373,9340.336005010000
9374,9341.340822196000
9375,9341.999574596000
9376,9342.923902156001
9377,9343.478761545000
9378,9344.189903971999
9379,9345.473934989999
9380,9346.909626242999
9381,9347.350886762000
9382,9348.412153406000
9383,9348.847438790001
9384,9349.534174826000
9385,9350.701823059000
9386,9351.640126344000
9387,9352.399663267999
9388,9353.014453103000
9389,9353.743506761000
9390,9355.235106157999
9391,9355.820175979001
9392,9356.673033797000
9393,9357.970513890001
9394,9358.838675558000
9395,9359.076903405001
9396,9360.025057413999
9397,9360.682314260999
9398,9361.527052531999
9399,9362.648214728000
9400,9363.690016545001
9401,9364.532422656001
9402,9365.565561379000
9403,9366.263485244999
9404,9366.856452107000
9405,9367.994621558000
9406,9368.900918158000
9407,9369.264875033999
9408,9370.763366233001
9409,9371.178734814999
9410,9371.587599991000
9411,9372.784751974999
9412,9374.379510451001
9413,9375.170795001000
9414,9375.736537522000
9415,9376.328130231001
9416,9377.450651134001
9417,9377.983702594000
9418,9379.018437924000
9419,9379.494344123001
9420,9380.793873688999
9421,9381.675840485999
9422,9382.560440805000
9423,9383.568374418001
9424,9384.090451459000
9425,9385.110359164000
9426,9386.234914019000
9427,9386.888612208000
9428,9387.733832772001
9429,9388.121802784000
9430,9388.979169603999
9431,9390.090466518999
9432,9391.049764367999
9433,9392.305852527999
9434,9392.964477181000
9435,9393.984756239000
9436,9394.689784015000
9437,9395.103416037000
9438,9395.826310147000
9439,9397.472564244999
9440,9397.818267625000
9441,9398.618868890000
9442,9399.494206832000
9443,9400.580871304001
9444,9401.427516666001
9445,9402.552909282000
9446,9403.382930754000
9447,9403.920835264000
9448,9405.062878279001
9449,9405.517985107999
9450,9406.317820402001
9451,9407.247627536000
9452,9407.745436536001
9453,9409.471336660999
9454,9410.603937082000
9455,9410.808666731000
9456,9411.457048112001
9457,9412.787360568000
9458,9413.355204752999
9459,9414.366649963000
9460,9415.106792479000
9461,9415.823151301000
9462,9416.804191133000
9463,9417.532924978001
9464,9418.349184602999
9465,9419.744269401001
9466,9420.582583619000
9467,9421.526892050000
9468,9422.040011769001
9469,9422.810743700000
9470,9423.591008662999
9471,9424.174561788999
9472,9425.411963547000
9473,9426.506903688000
9474,9426.874533970000
9475,9428.235207717000
9476,9429.379144119999
9477,9429.574025270000
9478,9430.535514117000
9479,9431.485551951000
9480,9432.713826105000
9481,9433.125018232000
9482,9433.826715940000
9483,9434.666665735000
9484,9435.196314277000
9485,9437.178849319000
9486,9437.419496807999
9487,9438.835191548000
9488,9439.288351899000
9489,9439.978628850000
9490,9440.804069910000
9491,9441.857096239000
9492,9442.274634496000
9493,9443.449249712001
9494,9444.311353869000
9495,9445.247610816999
9496,9446.162804214000
9497,9446.796122037000
9498,9447.907524955001
9499,9449.201580602001
9500,9449.609725389000
9501,9450.152313576000
9502,9451.044025469000
9503,9452.148976996999
9504,9452.581214092999
9505,9453.384466730000
9506,9454.941836694999
9507,9455.879794582001
9508,9456.638848993000
9509,9457.289938948999
9510,9457.972397295000
9511,9458.826684386000
9512,9459.769410651999
9513,9460.903772502001
9514,9461.404922055999
9515,9462.137989880001
9516,9462.936516168000
9517,9464.217904345000
9518,9465.261895535001
9519,9465.991177189000
9520,9466.722587065000
9521,9467.860632792001
9522,9468.494804378000
9523,9469.132039337001
9524,9469.456006504999
9525,9470.882771000999
9526,9471.819269686999
9527,9472.907942702001
9528,9473.723079552999
9529,9474.392245663999
9530,9475.565521140001
9531,9475.919635501001
9532,9477.137885718999
9533,9477.827320466000
9534,9478.855699955000
9535,9479.229478691001
9536,9480.235271345000
9537,9481.143882259001
9538,9481.839788621000
9539,9483.688815646001
9540,9484.207298376999
9541,9484.640388958000
9542,9485.753856656000
9543,9486.030868860000
9544,9487.215810246000
9545,9488.107214894000
9546,9488.903784852000
9547,9489.546258565000
9548,9491.036789278000
9549,9491.622337135001
9550,9492.559851589000
9551,9493.134847953001
9552,9494.478852245000
9553,9495.156477924000
9554,9495.860072043000
9555,9496.823908855000
9556,9497.255442783000
9557,9497.951007264001
9558,9499.137222928999
9559,9500.595321344999
9560,9501.217267714999
9561,9501.922520025000
9562,9503.042498301000
9563,9503.601117761000
9564,9504.264017632000
9565,9505.086080347000
9566,9506.113854055000
9567,9507.223790581000
9568,9507.961501776001
9569,9508.129637450000
9570,9509.769913843000
9571,9510.615551925001
9572,9511.550977666000
9573,9512.380208553999
9574,9513.335229213000
9575,9513.533893338001
9576,9514.814322806000
9577,9515.333335579000
9578,9516.047851769999
9579,9517.248001841001
9580,9518.401462280000
9581,9519.480657353000
9582,9520.014543685000
9583,9520.830643941999
9584,9521.162437131999
9585,9522.916082652000
9586,9523.293287274000
9587,9524.172145197001
9588,9524.673999746999
9589,9525.837508223000
9590,9526.527981212999
9591,9527.680937491001
9592,9528.632397361000
9593,9529.771681927999
9594,9530.405942179001
9595,9531.147923592000
9596,9531.625571622000
9597,9532.674849338000
9598,9533.237985854999
9599,9534.471660705000
9600,9535.377269525001
9601,9536.209876871000
9602,9537.253631706000
9603,9537.834915535001
9604,9539.182796450001
9605,9539.514744272999
9606,9540.396197263000
9607,9541.667102046000
9608,9542.028340453000
9609,9543.161504407000
9610,9543.327342114000
9611,9544.333386339000
9612,9546.148062139000
9613,9546.850958231000
9614,9547.451494516999
9615,9548.202699750000
9616,9549.109408071999
9617,9550.023825187000
9618,9550.297435818000
9619,9551.802310113000
9620,9552.369737288000
9621,9553.055529832000
9622,9554.438731024000
9623,9555.132351126000
9624,9555.765517186001
9625,9557.033450243000
9626,9557.864073545999
9627,9558.778597586001
9628,9559.497877391999
9629,9559.651002787001
9630,9560.804275858000
9631,9561.826855174000
9632,9562.595160266001
9633,9563.767484767999
9634,9564.941586598001
9635,9565.719270209000
9636,9565.998473755000
9637,9567.084762809000
9638,9567.680668643001
9639,9568.920136749000
9640,9569.757583805000
9641,9570.282928700000
9642,9571.225835961000
9643,9571.872993121000
9644,9573.170828779001
9645,9574.260212103000
9646,9575.159596764999
9647,9575.627693113000
9648,9576.504120426000
9649,9577.462720727999
9650,9578.082268990000
9651,9578.752937350000
9652,9579.449577444000
9653,9581.125284055001
9654,9581.813931393001
9655,9582.531012949001
9656,9583.488437066000
9657,9584.163335286999
9658,9585.143063862000
9659,9586.255233921000
9660,9586.572222389999
9661,9587.581534661000
9662,9588.562422368001
9663,9588.897946175999
9664,9589.946539842000
9665,9591.313819409001
9666,9592.130272135000
9667,9593.205180494000
9668,9593.910165406000
9669,9594.431429783999
9670,9594.988285873000
9671,9595.993695247000
9672,9597.340246230000
9673,9597.618342096999
9674,9598.766169772000
9675,9599.449375095999
9676,9601.023594443001
9677,9601.374051672999
9678,9601.972952765000
9679,9603.387320428999
9680,9604.113455999001
9681,9604.831331502000
9682,9605.509080557000
9683,9606.208589672000
9684,9606.948842120000
9685,9608.036444605999
9686,9609.580310488000
9687,9610.210766394999
9688,9610.802823321999
9689,9611.665887777999
9690,9612.606349755000
9691,9613.167963418000
9692,9614.252323364000
9693,9614.790927447000
9694,9616.080125099999
9695,9616.576304356000
9696,9617.711563454999
9697,9618.147803719001
9698,9619.662657557001
9699,9620.711570048001
9700,9621.165759367001
9701,9621.757407601999
9702,9622.960401195000
9703,9623.378434431001
9704,9624.134944535001
9705,9625.222075596001
9706,9626.015526809000
9707,9627.410922589999
9708,9628.224711924000
9709,9628.814176043999
9710,9629.724366466000
9711,9630.301966898000
9712,9631.280209290000
9713,9632.562265478000
9714,9633.111145441000
9715,9633.589919581000
9716,9634.275150158001
9717,9635.651739530000
9718,9636.586190718999
9719,9637.636829868999
9720,9638.333970206000
9721,9639.400372272999
9722,9639.941632652000
9723,9640.667624444999
9724,9641.271927637999
9725,9642.172583674001
9726,9643.651510537000
9727,9643.850300726999
9728,9645.268004101001
9729,9646.033601388999
9730,9646.682120242000
9731,9647.776874286999
9732,9648.593127495000
9733,9649.697627600000
9734,9649.853790959000
9735,9650.999123887999
9736,9651.871456187000
9737,9652.538464028001
9738,9653.014874565000
9739,9654.963345357000
9740,9655.670242557000
9741,9656.509156429000
9742,9657.006073676001
9743,9657.625816864000
9744,9658.780678229001
9745,9659.637116337000
9746,9660.202999376999
9747,9661.371533562000
9748,9661.957836041000
9749,9663.085768151999
9750,9663.881076550000
9751,9665.039454448999
9752,9665.485661647001
9753,9666.807212489000
9754,9667.564227299999
9755,9668.135428971000
9756,9668.700128123000
9757,9669.745616206999
9758,9670.162113846000
9759,9671.949512727000
9760,9672.494340341000
9761,9673.396190895000
9762,9674.547299393000
9763,9675.122226685000
9764,9675.734272080001
9765,9676.482970442999
9766,9677.762490773999
9767,9678.441444796999
9768,9679.309646019999
9769,9679.806168478999
9770,9680.762833610001
9771,9681.933181545000
9772,9683.097742919001
9773,9683.867021673001
9774,9684.589585902000
9775,9685.308004229000
9776,9685.960000518000
9777,9686.938901706000
9778,9687.635650374999
9779,9688.452504118000
9780,9689.424900299000
9781,9691.007692605001
9782,9691.345099413000
9783,9692.129608963000
9784,9692.775465088000
9785,9694.160018793000
9786,9694.810249049000
9787,9695.587265123000
9788,9696.340584322001
9789,9696.969092912001
9790,9697.964078698000
9791,9698.735918072000
9792,9699.909751126999
9793,9701.268636037999
9794,9701.750955885000
9795,9702.343670705000
9796,9703.640136865000
9797,9703.837388247000
9798,9704.480325775001
9799,9705.876215990000
9800,9706.802865518001
9801,9707.414647043001
9802,9708.186078193999
9803,9709.502438605001
9804,9710.185679568000
9805,9711.156381036000
9806,9711.887312336999
9807,9712.668956895999
9808,9713.803909573000
9809,9714.476372679999
9810,9714.689105560999
9811,9715.654426519000
9812,9716.864893948001
9813,9718.217323920000
9814,9719.003948228999
9815,9719.584605409000
9816,9720.464454076000
9817,9721.104473047000
9818,9721.996753310001
9819,9723.058455124999
9820,9723.737313266000
9821,9724.373873217000
9822,9725.549128994000
9823,9726.187902554000
9824,9727.403728478001
9825,9727.880335352000
9826,9729.496025750999
9827,9730.119586179000
9828,9730.576904309000
9829,9731.372827728999
9830,9732.006893647000
9831,9733.303859800000
9832,9733.610464089999
9833,9734.855515621000
9834,9736.090792315999
9835,9736.730369149000
9836,9737.855582950000
9837,9738.240421320001
9838,9739.021072199001
9839,9740.135575737000
9840,9741.076087748001
9841,9741.657972105000
9842,9742.623564744001
9843,9743.232096252001
9844,9743.733762358999
9845,9745.639066616999
9846,9746.440268750999
9847,9746.825728282000
9848,9748.002697059999
9849,9748.639282222999
9850,9749.482254349001
9851,9750.074742139999
9852,9750.773005613000
9853,9751.983307431999
9854,9753.034700475000
9855,9753.717213061000
9856,9754.680499290000
9857,9755.495112248000
9858,9756.380104702001
9859,9757.260899469000
9860,9758.307454096999
9861,9758.814665165000
9862,9759.592246659000
9863,9760.270891381000
9864,9761.363189251000
9865,9761.887569295001
9866,9763.294099802000
9867,9764.416349966001
9868,9765.298077292000
9869,9765.798045052001
9870,9766.238754743001
9871,9767.289858684000
9872,9768.168596165000
9873,9769.341847582000
9874,9769.963460334000
9875,9770.298585891000
9876,9771.872279800000
9877,9772.654168675999
9878,9773.284337855001
9879,9774.703617454999
9880,9775.088283540999
9881,9776.251533918999
9882,9776.730381886000
9883,9777.692679375999
9884,9778.148806605999
9885,9778.880763274999
9886,9780.313329425000
9887,9781.383732402999
9888,9782.385525670999
9889,9782.610816340000
9890,9783.722534562001
9891,9784.680677562999
9892,9785.381062852000
9893,9785.900034116999
9894,9787.276920187000
9895,9787.953486118000
9896,9788.477759390000
9897,9789.402370600001
9898,9790.364384932000
9899,9791.983400039000
9900,9792.246728931999
9901,9793.549999291999
9902,9793.647618793000
9903,9794.761051811000
9904,9795.420031375999
9905,9796.201811061999
9906,9797.293024611001
9907,9798.034191397999
9908,9799.096192515000
9909,9800.348712493000
9910,9800.831815355999
9911,9801.527598489000
9912,9802.247218201001
9913,9803.782724365999
9914,9804.339386747000
9915,9804.771010774000
9916,9805.672191923000
9917,9806.373069562000
9918,9807.415268672999
9919,9808.579426843000
9920,9809.662905147999
9921,9810.291826876000
9922,9811.323107615000
9923,9812.026190727000
9924,9812.268979446000
9925,9813.488974530999
9926,9814.292509388000
9927,9815.145409876999
9928,9816.280725471999
9929,9816.937616013000
9930,9817.665816070999
9931,9818.915101402001
9932,9819.703209235000
9933,9820.652109744000
9934,9821.399312629999
9935,9821.902829739000
9936,9823.078061393000
9937,9823.702895700000
9938,9824.295346710000
9939,9825.034070225000
9940,9826.946695211000
9941,9827.547832226999
9942,9828.155753564000
9943,9828.973287305000
9944,9829.933473337000
9945,9830.307902372000
9946,9831.760429332000
9947,9832.237602065001
9948,9833.139694318001
9949,9833.898350379999
9950,9834.670764973000
9951,9836.112660500999
9952,9836.485906520000
9953,9837.756654900000
9954,9838.631071530999
9955,9839.435359540999
9956,9840.038249689000
9957,9840.729469972999
9958,9841.165565424000
9959,9842.661664685000
9960,9843.426278641000
9961,9844.269014988000
9962,9845.514484923000
9963,9846.234022221000
9964,9846.883790561000
9965,9847.700262245000
9966,9848.563597130000
9967,9849.559686381001
9968,9850.340915387000
9969,9851.168115715000
9970,9851.623956976000
9971,9852.552236727000
9972,9853.637530407001
9973,9855.045803748000
9974,9856.031387000001
9975,9856.177060905000
9976,9856.910175667001
9977,9858.164581113000
9978,9858.732414134000
9979,9859.381159522000
9980,9860.360205325000
9981,9861.363515493000
9982,9862.379013197000
9983,9863.480482965000
9984,9863.698339983001
9985,9864.789829097999
9986,9866.121993983999
9987,9866.515268109000
9988,9867.444225597999
9989,9868.274452688000
9990,9868.714659331001
9991,9869.812878324001
9992,9870.332258557000
9993,9872.000623378000
9994,9872.558666059000
9995,9873.802220903999
9996,9874.323957629000
9997,9875.218994098001
9998,9875.600956249000
9999,9876.479017064001
10000,9877.782654004001
10001,9878.654772383001
10002,9879.036733397001
10003,9879.884490597000
10004,9881.102360866000
10005,9882.192215966001
10006,9882.831960845000
10007,9883.648049437001
10008,9884.820980500001
10009,9885.417235786001
10010,9885.831209005000
10011,9886.927710735999
10012,9887.495618736000
10013,9888.361557892000
10014,9890.123508399000
10015,9890.457523943000
10016,9891.628625208001
10017,9892.017784660000
10018,9892.882951596001
10019,9893.964140444001
10020,9894.773148319000
10021,9895.597360102000
10022,9896.023338800000
10023,9897.287439088999
10024,9898.182959746000
10025,9898.405455795000
10026,9900.125286818000
10027,9901.066140006000
10028,9901.825966237000
10029,9902.414483537999
10030,9903.156618969000
10031,9903.791439395000
10032,9904.892760733999
10033,9905.493254379000
10034,9906.664873062000
10035,9907.434385037999
10036,9908.602150117000
10037,9909.272060613999
10038,9910.349448026000
10039,9910.681429652001
10040,9911.831981666001
10041,9912.738467530000
10042,9913.738705139000
10043,9914.211424575000
10044,9914.653565232000
10045,9915.596173634000
10046,9917.067913424000
10047,9918.138431253999
10048,9918.705972906000
10049,9919.625835248000
10050,9920.376610699001
10051,9921.243519427000
10052,9921.715530357000
10053,9922.554020207001
10054,9923.879935139001
10055,9924.433066154001
10056,9925.273041647000
10057,9926.413061809000
10058,9927.151435147000
10059,9927.864383710999
10060,9929.442999753001
10061,9929.761473066999
10062,9930.426213379000
10063,9931.256052743000
10064,9932.269131842000
10065,9932.650954758001
10066,9933.826454083999
10067,9934.527161784999
10068,9936.297215320001
10069,9936.799862766000
10070,9937.375081777000
10071,9938.090292199000
10072,9938.884224451000
10073,9940.057687844999
10074,9940.795859599000
10075,9941.500484513999
10076,9942.487113472000
10077,9942.896982124999
10078,9944.195973809999
10079,9945.165420247000
10080,9946.088848612000
10081,9947.064628747001
10082,9947.591101987000
10083,9948.742044737999
10084,9949.102999741001
10085,9949.990912110999
10086,9950.398845533000
10087,9951.907364928000
10088,9952.854372743999
10089,9953.866783603000
10090,9954.182584369000
10091,9955.724033589000
10092,9956.068336691000
10093,9956.810139922000
10094,9958.007999457001
10095,9958.649698450001
10096,9959.512987188000
10097,9960.295355628001
10098,9960.856547842999
10099,9961.770868304000
10100,9963.326931991000
10101,9964.155267427001
10102,9964.838469803000
10103,9965.726087173000
10104,9966.208217678000
10105,9966.866343385000
10106,9968.062474136001
10107,9969.033371789001
10108,9969.310627782001
10109,9970.570859935000
10110,9971.790012201000
10111,9972.396338091001
10112,9973.115830365999
10113,9973.988018905000
10114,9975.185148630000
10115,9976.076448637999
10116,9976.556270167999
10117,9976.956671511000
10118,9978.332770905999
10119,9978.625188497999
10120,9979.889859833000
10121,9981.329076419001
10122,9981.831091565000
10123,9982.732872815999
10124,9983.553013139001
10125,9984.152707833000
10126,9985.067624896001
10127,9985.625469844001
10128,9986.981163499000
10129,9987.702430928000
10130,9988.313141533999
10131,9989.133283482000
10132,9990.230332884001
10133,9991.445890976000
10134,9992.253150320001
10135,9992.735143503000
10136,9993.666948284999
10137,9994.620085473000
10138,9995.190600851000
10139,9995.877231961000
10140,9996.556933962000
10141,9998.094860335001
10142,9998.850397090000
10143,10000.065345417001
10144,10000.651847322000
10145,10000.918178956001
10146,10002.279122270000
10147,10002.980327511999
10148,10004.047053827000
10149,10004.679404166000
10150,10005.310331728000
10151,10006.052756875000
10152,10007.372875973000
10153,10008.034245243000
10154,10009.099264723000
10155,10010.396260198000
10156,10010.859145158000
10157,10011.551642884000
10158,10012.098374861000
10159,10013.033066685000
10160,10013.836810491001
10161,10015.055397414000
10162,10015.610960153999
10163,10016.655508661001
10164,10017.828606855001
10165,10018.380731877000
10166,10019.121152465999
10167,10020.331251606000
10168,10020.810492183000
10169,10021.883178542001
10170,10022.591974839999
10171,10023.327690618000
10172,10024.066739639000
10173,10024.538095542001
10174,10026.533389540000
10175,10027.334815708000
10176,10027.693447875001
10177,10028.612492025000
10178,10029.431275335000
10179,10030.406945363000
10180,10030.747920893000
10181,10032.013997429000
10182,10032.544373020000
10183,10033.898763499001
10184,10034.362265016000
10185,10035.355032627000
10186,10036.357179058001
10187,10037.201015911000
10188,10038.185395283001
10189,10039.091108443999
10190,10039.586905609000
10191,10040.323633483000
10192,10040.921662904000
10193,10042.165511392001
10194,10042.740883531000
10195,10044.106076349000
10196,10045.027803535000
10197,10045.857757160000
10198,10046.696656582000
10199,10047.317083503000
10200,10047.592439602000
10201,10049.391328277999
10202,10049.926325462000
10203,10050.486340885000
10204,10051.349057594000
10205,10052.163555670000
10206,10053.327193008001
10207,10054.354850297999
10208,10055.203177301000
10209,10056.143956280001
10210,10056.617249277000
10211,10057.603014906999
10212,10058.329123419000
10213,10058.811934191001
10214,10059.844775960000
10215,10060.775329180000
10216,10062.309512354001
10217,10062.656191869000
10218,10063.479254829001
10219,10064.311095359000
10220,10065.325453234000
10221,10066.345378186001
10222,10066.713406052000
10223,10067.636020616999
10224,10068.698969352001
10225,10069.253551240001
10226,10069.832670678999
10227,10071.099619066999
10228,10072.355741781001
10229,10073.479214253000
10230,10073.648643070001
10231,10074.589654015999
10232,10075.291872528000
10233,10076.112937575001
10234,10076.835141431000
10235,10078.110533661000
10236,10078.837457602000
10237,10079.243864501001
10238,10080.860166725000
10239,10081.549987834000
10240,10082.171789828000
10241,10083.006831651001
10242,10084.414566526000
10243,10084.692785227000
10244,10085.765052699000
10245,10086.299054719000
10246,10086.688407199999
10247,10087.985149253000
10248,10089.271409818000
10249,10090.058993633000
10250,10091.029958436000
10251,10091.799143552000
10252,10092.338767613001
10253,10093.220539552000
10254,10094.085166856999
10255,10094.852038121000
10256,10095.871378796000
10257,10096.593534431000
10258,10097.435473881000
10259,10098.349034006000
10260,10099.069323865000
10261,10100.692196522999
10262,10101.057303214000
10263,10102.052180578001
10264,10102.506272876000
10265,10103.279650105000
10266,10104.399915673999
10267,10104.989014622000
10268,10105.546035339001
10269,10107.048063148000
10270,10108.278190651001
10271,10108.649560933000
10272,10109.477910296000
10273,10110.341554527000
10274,10110.989128282001
10275,10112.204258632000
10276,10112.940879397000
10277,10113.849020296000
10278,10114.014153332000
10279,10115.277431498000
10280,10116.012498679000
10281,10117.551403203999
10282,10118.175293408000
10283,10118.790580037001
10284,10120.258762474999
10285,10120.473986651001
10286,10121.075650518000
10287,10121.811872388000
10288,10122.938099810999
10289,10124.103683035000
10290,10124.618205004001
10291,10125.685579305000
10292,10126.596546728000
10293,10127.447135779999
10294,10128.281282226000
10295,10129.028309930000
10296,10130.045754410001
10297,10130.849810924999
10298,10131.335457825000
10299,10132.299913993000
10300,10132.997104307000
10301,10133.742002863000
10302,10135.406036693001
10303,10136.302986037001
10304,10136.961956744000
10305,10137.347719068999
10306,10138.258081665001
10307,10139.178510622000
10308,10140.171775547000
10309,10140.749996060000
10310,10141.625182792999
10311,10142.557323698000
10312,10143.553834066999
10313,10144.559162034000
10314,10144.921824389001
10315,10146.375533431999
10316,10147.360931953999
10317,10147.607043989001
10318,10148.559061477999
10319,10149.452104996000
10320,10149.834139002000
10321,10150.760194566999
10322,10152.179469717001
10323,10152.941922152000
10324,10153.965755322000
10325,10154.680656213999
10326,10155.644540263000
10327,10156.061274518001
10328,10156.998088900000
10329,10157.821423124000
10330,10159.101764792000
10331,10159.551301887999
10332,10160.345678678001
10333,10160.744166552000
10334,10162.728496334999
10335,10162.952665941000
10336,10164.497045904000
10337,10164.682737076000
10338,10165.590623149001
10339,10166.615246969001
10340,10167.012970514999
10341,10167.842665067001
10342,10168.838773878000
10343,10169.739276020000
10344,10170.992897483000
10345,10171.753541516000
10346,10172.602229897000
10347,10172.990301901000
10348,10174.129238817000
10349,10175.367487928999
10350,10175.913166058999
10351,10176.327065916999
10352,10177.302928006000
10353,10178.268723458001
10354,10178.934978731000
10355,10179.947333014001
10356,10181.403779564000
10357,10182.015576031999
10358,10182.935499675001
10359,10183.270941532999
10360,10184.370103570000
10361,10184.664298215001
10362,10186.111172523000
10363,10186.797202113001
10364,10187.504470841999
10365,10188.754159115000
10366,10189.180239789001
10367,10190.543201985000
10368,10191.222719473000
10369,10192.101648186001
10370,10192.732576815000
10371,10194.023070067000
10372,10194.433454050000
10373,10195.098257432999
10374,10195.856476876999
10375,10196.583002952000
10376,10198.406769880999
10377,10199.105554727001
10378,10199.582713508000
10379,10200.529887278000
10380,10201.515028674001
10381,10201.977877982999
10382,10202.853109184000
10383,10203.914249275000
10384,10204.723161045000
10385,10205.283354917001
10386,10206.362900456999
10387,10207.225029241001
10388,10208.060381421001
10389,10209.268694681999
10390,10210.109486691001
10391,10210.998836023000
10392,10211.383128987000
10393,10212.018796785000
10394,10213.043282492001
10395,10213.885643420999
10396,10214.781973009000
10397,10215.657348676999
10398,10216.931455726000
10399,10217.947654064001
10400,10218.283079908000
10401,10218.810787418000
10402,10220.126413779000
10403,10220.968771656000
10404,10221.751367790999
10405,10222.566400181000
10406,10223.109025431000
10407,10223.878289369000
10408,10224.989876493000
10409,10226.355841584000
10410,10227.055703366001
10411,10227.802923162000
10412,10228.701932458000
10413,10229.161843143000
10414,10230.459267897000
10415,10230.657746536001
10416,10231.386264556000
10417,10233.081422474999
10418,10233.537139160000
10419,10234.431478443001
10420,10235.437022863000
10421,10236.097477337000
10422,10237.241537139000
10423,10238.029679456000
10424,10238.668125089000
10425,10239.540477404000
10426,10240.327803937000
10427,10241.214177655000
10428,10241.491853754000
10429,10242.832315996000
10430,10244.173044204999
10431,10244.913389616000
10432,10245.834779868001
10433,10246.433178355999
10434,10246.933326287000
10435,10247.774414109001
10436,10249.065589293001
10437,10249.690278542001
10438,10250.657790871001
10439,10250.894677578999
10440,10252.528796388000
10441,10253.187400905999
10442,10254.042911697001
10443,10254.889848143001
10444,10256.076013833001
10445,10256.699140647001
10446,10257.386834740000
10447,10257.894697542000
10448,10258.747946543999
10449,10259.733331732999
10450,10260.663866323001
10451,10262.155024001000
10452,10262.585251115999
10453,10263.306373672000
10454,10264.317792104999
10455,10265.158902333000
10456,10265.592590013999
10457,10266.938070192000
10458,10267.361477642000
10459,10268.433394969001
10460,10269.341674521000
10461,10269.594394984000
10462,10270.853644659999
10463,10272.532333409999
10464,10272.896213569000
10465,10273.461689708000
10466,10274.395913442000
10467,10275.261044163000
10468,10275.882300763000
10469,10276.603445503000
10470,10277.680530369000
10471,10278.413856085001
10472,10279.792710704000
10473,10280.460627609000
10474,10281.194328703001
10475,10282.165346309999
10476,10282.614128908999
10477,10284.016128649000
10478,10284.776082442000
10479,10285.248081633001
10480,10286.139135584999
10481,10286.565219718999
10482,10287.838706873999
10483,10289.030966615999
10484,10289.704013072000
10485,10290.955210998000
10486,10291.550668652000
10487,10292.192533690000
10488,10293.102300958000
10489,10293.340379744999
10490,10294.800868763001
10491,10295.555328838000
10492,10296.492723985000
10493,10297.022712734000
10494,10298.265570310001
10495,10299.155298427000
10496,10299.786935104999
10497,10301.107893408000
10498,10301.659639760999
10499,10302.207479012000
10500,10303.217111186999
10501,10304.177623498999
10502,10304.529284598000
10503,10305.204067103001
10504,10306.937730438000
10505,10307.953273056000
10506,10308.506112524999
10507,10309.271072146999
10508,10309.714678091001
10509,10311.049622683000
10510,10311.700048619001
10511,10312.484501505000
10512,10313.269731873999
10513,10314.328568184001
10514,10314.814780021001
10515,10315.932024708000
10516,10316.918581807000
10517,10317.840326924999
10518,10318.860130130999
10519,10319.532969080001
10520,10320.288582437999
10521,10320.871814151000
10522,10321.530484773000
10523,10322.490747973001
10524,10323.604017465999
10525,10324.594090514000
10526,10325.222314236000
10527,10326.597172849000
10528,10327.060324558001
10529,10327.864215268000
10530,10328.494498378999
10531,10329.573488812001
10532,10330.818232913000
10533,10331.143670818999
10534,10331.590802585000
10535,10332.775756857000
10536,10333.466755609001
10537,10335.083766397000
10538,10335.780513354001
10539,10336.509928512000
10540,10337.207568184000
10541,10338.145493671000
10542,10338.612634998000
10543,10339.597353171999
10544,10340.449106632001
10545,10341.180451882999
10546,10342.294441578000
10547,10343.612077423000
10548,10343.819015693000
10549,10344.579461555000
10550,10345.969301401999
10551,10346.775181769000
10552,10347.374070512000
10553,10348.272339560001
10554,10348.784956341000
10555,10349.677779337000
10556,10350.770500856999
10557,10351.048529303000
10558,10352.910087329999
10559,10353.606628463000
10560,10354.296883253000
10561,10355.179310137000
10562,10355.685044071000
10563,10356.546983044000
10564,10357.309631180000
10565,10358.684775944001
10566,10359.127873523999
10567,10359.828418507001
10568,10360.687991773000
10569,10362.022148402000
10570,10362.813096615000
10571,10363.569025053999
10572,10364.467773688000
10573,10365.310942111000
10574,10366.294138863999
10575,10366.560789392999
10576,10367.405786063000
10577,10368.050826283999
10578,10369.616470999001
10579,10370.396384942000
10580,10371.402107448001
10581,10372.007951865000
10582,10373.050073834000
10583,10373.339762087000
10584,10374.634233215000
10585,10375.603303210000
10586,10375.808911892000
10587,10377.120053565999
10588,10377.686933257000
10589,10378.499163434000
10590,10379.528239685000
10591,10380.567196466000
10592,10381.856342874000
10593,10382.465428539001
10594,10382.944714036999
10595,10383.419941042001
10596,10384.755888752001
10597,10385.252674535001
10598,10386.273510829000
10599,10387.004666653000
10600,10388.197584943000
10601,10389.189774144001
10602,10389.839078597000
10603,10390.714653125000
10604,10391.245452440000
10605,10392.674281657000
10606,10393.182359356000
10607,10393.937182768001
10608,10394.904074688000
10609,10395.308109775000
10610,10395.994834970999
10611,10397.697015173000
10612,10398.547512955000
10613,10399.388272377000
10614,10399.822838128999
10615,10401.255666051000
10616,10401.453058458999
10617,10402.199898597000
10618,10403.017885499999
10619,10404.392729079000
10620,10404.879762584000
10621,10405.851033987001
10622,10406.612203524999
10623,10407.620876303999
10624,10408.636901160000
10625,10409.462682990999
10626,10410.213227841001
10627,10411.159007955001
10628,10411.608252319000
10629,10412.511073287000
10630,10413.181460629999
10631,10414.183391868000
10632,10414.961433413000
10633,10416.613280588001
10634,10417.322757866999
10635,10417.606737660000
10636,10418.659657168000
10637,10419.127940934000
10638,10420.318811899000
10639,10421.433766533000
10640,10421.862977651001
10641,10422.409433655999
10642,10423.528738583000
10643,10424.717761968001
10644,10425.127182556000
10645,10426.554212794999
10646,10427.327796943000
10647,10428.057894256001
10648,10428.884783558000
10649,10429.519615669000
10650,10430.147832097000
10651,10430.957643997999
10652,10431.977494448000
10653,10433.220662549000
10654,10433.905795447001
10655,10434.854208049001
10656,10435.551898018000
10657,10436.516468526001
10658,10437.371529512000
10659,10437.893928121000
10660,10438.964263145999
10661,10439.914653689000
10662,10440.516216225000
10663,10441.153435500000
10664,10441.794816140000
10665,10443.514483008001
10666,10444.509920410999
10667,10444.878475374000
10668,10445.958033208000
10669,10446.490523447001
10670,10447.146060936000
10671,10448.370034023999
10672,10448.684108531999
10673,10449.954535350000
10674,10450.676516930000
10675,10451.594522419000
10676,10452.844652668000
10677,10453.502854664001
10678,10453.763114800000
10679,10455.390737313999
10680,10456.151482920000
10681,10456.840850379000
10682,10457.231215403999
10683,10458.092797941001
10684,10459.141784199999
10685,10459.758372351000
10686,10461.311793311001
10687,10461.818817627000
10688,10463.215686833000
10689,10463.586843027000
10690,10464.159757339999
10691,10465.013991244001
10692,10465.961199441001
10693,10466.903863596001
10694,10467.646864290000
10695,10468.710219891000
10696,10469.004614494001
10697,10470.229130005000
10698,10471.256131235001
10699,10472.413597068000
10700,10472.897709524999
10701,10473.663616772999
10702,10474.520744261999
10703,10475.424074516000
10704,10476.013351398000
10705,10476.560569157000
10706,10477.581047832000
10707,10479.194951960000
10708,10479.849658150000
10709,10480.461597429001
10710,10481.258384692999
10711,10482.176818880000
10712,10483.004903994000
10713,10483.766663946000
10714,10484.928752361000
10715,10485.255087228001
10716,10486.108130936000
10717,10487.031964526999
10718,10487.963082458000
10719,10489.004571019001
10720,10490.067756594000
10721,10491.009790310000
10722,10491.446772396001
10723,10492.427504265999
10724,10492.886908848001
10725,10493.422948357000
10726,10495.186534746001
10727,10495.443495940001
10728,10496.246556157001
10729,10497.687593338000
10730,10498.334105497001
10731,10499.201811405999
10732,10499.802311427000
10733,10500.808262553001
10734,10501.838602796999
10735,10502.491273440000
10736,10503.207288313000
10737,10503.886955808000
10738,10504.550081937999
10739,10505.648939711000
10740,10507.119970719001
10741,10507.949138870001
10742,10508.523138252000
10743,10509.014517973999
10744,10510.229211676000
10745,10510.833179951000
10746,10511.561711339000
10747,10512.454823511000
10748,10513.343344568000
10749,10514.443023858999
10750,10515.084180461999
10751,10515.864173663000
10752,10516.949611766000
10753,10517.921954428000
10754,10518.898560444000
10755,10519.475114946001
10756,10519.932209537999
10757,10521.145321024000
10758,10521.656291927000
10759,10522.316641203999
10760,10523.550203240000
10761,10524.752033663000
10762,10525.435391904000
10763,10526.590493107000
10764,10527.042115079001
10765,10527.645509479000
10766,10528.404773665001
10767,10529.925819558999
10768,10530.221176673000
10769,10531.406798397000
10770,10531.561398869000
10771,10532.599658682000
10772,10534.064933240999
10773,10534.784263006000
10774,10535.490170566000
10775,10536.665084701001
10776,10537.355066374001
10777,10537.926503127999
10778,10538.538711579000
10779,10539.577433314000
10780,10540.085501043000
10781,10541.524255536000
10782,10542.279167105000
10783,10543.463824506000
10784,10543.792506698001
10785,10544.855737783000
10786,10545.554747765000
10787,10546.862586854000
10788,10547.153370511000
10789,10548.023504986000
10790,10548.956457189999
10791,10549.714929141001
10792,10550.454673962000
10793,10551.139597290001
10794,10553.168003470000
10795,10553.342983613000
10796,10554.317528161000
10797,10554.823980257999
10798,10555.646598589999
10799,10556.505882797001
10800,10557.315887646000
10801,10558.213143485000
10802,10559.137973415000
10803,10559.773322833000
10804,10561.155235243001
10805,10561.717051236999
10806,10562.476243092000
10807,10563.779979166000
10808,10564.006692679000
10809,10565.518709288001
10810,10565.913182512000
10811,10566.587772102001
10812,10567.001320048001
10813,10568.221388297001
10814,10569.433377748999
10815,10570.456590030000
10816,10571.144617942000
10817,10571.982177952001
10818,10572.897664603001
10819,10573.491551988000
10820,10574.048493058999
10821,10575.149880793000
10822,10576.231119237000
10823,10577.003025595999
10824,10577.244954066000
10825,10578.752976240999
10826,10579.260968832999
10827,10580.533537195000
10828,10581.670054259001
10829,10582.012889115000
10830,10582.812208583000
10831,10583.633312014999
10832,10584.284015817000
10833,10585.443594979000
10834,10585.682845619000
10835,10586.924153840000
10836,10588.359321460999
10837,10589.048675627000
10838,10589.739778670000
10839,10590.180134941000
10840,10591.237631225000
10841,10592.435170520999
10842,10593.015860674001
10843,10593.684051786000
10844,10594.482073670000
10845,10595.486325307000
10846,10595.907510767000
10847,10597.420376378001
10848,10598.282071541000
10849,10599.136170660000
10850,10600.041148402999
10851,10600.623643162000
10852,10601.433895773000
10853,10601.955295910000
10854,10602.804389962999
10855,10603.939475316000
10856,10605.017344788001
10857,10605.587957901000
10858,10606.390610103001
10859,10607.756601816000
10860,10608.309920453001
10861,10608.892795797001
10862,10610.077947584001
10863,10610.848082377001
10864,10611.537091527000
10865,10612.355233933000
10866,10613.079158114000
10867,10613.468642231999
10868,10615.246487754999
10869,10616.162421538000
10870,10616.936555329001
10871,10617.696035120000
10872,10618.207399274999
10873,10619.095453161999
10874,10619.896774960000
10875,10621.026544984999
10876,10621.582060426001
10877,10622.229605740000
10878,10623.637918123000
10879,10624.198644515000
10880,10625.221255798000
10881,10625.806387743000
10882,10627.298279997000
10883,10628.016474440999
10884,10628.270594389000
10885,10629.327855284000
10886,10629.810319304001
10887,10630.843271680000
10888,10631.643694684000
10889,10632.689747326000
10890,10633.921549631999
10891,10634.770975887999
10892,10635.177634296000
10893,10636.169928203000
10894,10637.021751909000
10895,10637.448912788999
10896,10638.782262905999
10897,10639.617564120999
10898,10640.201443491000
10899,10640.779626739000
10900,10641.761070574999
10901,10643.080447169999
10902,10644.188762971000
10903,10644.692421346999
10904,10645.322053878001
10905,10646.377725498000
10906,10647.247734486000
10907,10647.685095695000
10908,10648.189225247001
10909,10649.663015540000
10910,10650.400697970001
10911,10651.632132582999
10912,10652.213794357000
10913,10653.160911737001
10914,10653.638881319999
10915,10654.935668517001
10916,10655.596282744000
10917,10656.460810864000
10918,10657.302434817000
10919,10657.569813321001
10920,10658.821347184999
10921,10659.535556788000
10922,10660.576533452000
10923,10661.849138590000
10924,10662.654355877001
10925,10663.453701053000
10926,10663.900388668000
10927,10664.403237668999
10928,10665.605849117001
10929,10666.541995817999
10930,10667.267327861000
10931,10668.103873869000
10932,10668.901033418000
10933,10670.283741171001
10934,10670.626073769001
10935,10671.721432656999
10936,10672.507335451999
10937,10673.598214427000
10938,10674.047658867999
10939,10674.994852296000
10940,10675.592710249000
10941,10676.402342190000
10942,10676.909371664000
10943,10679.026251178000
10944,10679.383532276001
10945,10679.944294056000
10946,10681.125403219001
10947,10681.734302888000
10948,10682.440786924000
10949,10683.542939968000
10950,10683.929031545000
10951,10685.145481883999
10952,10686.052551612000
10953,10686.490821519999
10954,10687.463234913001
10955,10688.597502581000
10956,10689.711252175000
10957,10690.305513351999
10958,10691.269588401001
10959,10692.050986452001
10960,10692.231515830001
10961,10693.428873581999
10962,10694.151996552000
10963,10695.098217352001
10964,10696.033577759999
10965,10697.181707657999
10966,10698.116765967001
10967,10698.840050061001
10968,10699.203954434000
10969,10700.115750847999
10970,10701.459647367001
10971,10702.196519182000
10972,10702.648559035000
10973,10703.409720596001
10974,10704.148321402001
10975,10705.411435702999
10976,10706.246041986000
10977,10707.555450477999
10978,10708.019872397001
10979,10708.921862645000
10980,10709.564845474000
10981,10710.503063946000
10982,10710.890480512000
10983,10711.850734731001
10984,10713.059848240000
10985,10713.721462558000
10986,10714.885383105000
10987,10715.557345416000
10988,10716.156573714999
10989,10717.620208013001
10990,10718.079421729000
10991,10719.070139357000
10992,10719.433717645001
10993,10720.886818356999
10994,10721.131431678001
10995,10721.860750588001
10996,10722.734106997999
10997,10724.194182155999
10998,10725.351593003001
10999,10725.950045830999
11000,10726.257558298999
11001,10727.364126332999
11002,10728.150611678000
11003,10728.690112969000
11004,10730.170202915000
11005,10730.484527766999
11006,10731.337454514000
11007,10732.212541794001
11008,10733.540894903001
11009,10734.088802319000
11010,10734.911132384001
11011,10736.009535859999
11012,10737.045722610001
11013,10737.410697620000
11014,10738.114245129000
11015,10738.811983588001
11016,10739.581852452000
11017,10740.905583348000
11018,10741.711031497000
11019,10742.765995192000
11020,10743.585907848001
11021,10744.334315500000
11022,10745.130273983001
11023,10745.596529685999
11024,10746.898362495000
11025,10747.604657668000
11026,10748.264489675001
11027,10749.272953435000
11028,10749.959458114001
11029,10750.503026496999
11030,10752.193714962999
11031,10752.949696119000
11032,10753.868045536999
11033,10754.305210057000
11034,10755.020776859999
11035,10756.007233963999
11036,10756.752201985000
11037,10757.549386674000
11038,10758.092368419000
11039,10759.751941696000
11040,10760.369746656001
11041,10761.197476042000
11042,10761.941425086001
11043,10762.726182901000
11044,10763.741757358001
11045,10764.687311407000
11046,10765.384411045001
11047,10765.905447117000
11048,10766.817353488001
11049,10767.509970499001
11050,10768.458477744000
11051,10770.067758278999
11052,10770.322522524000
11053,10771.519953585999
11054,10772.318539305999
11055,10773.001880518999
11056,10773.364091334999
11057,10774.252826620999
11058,10775.515512030999
11059,10776.512519784999
11060,10776.775446240999
11061,10777.775938036000
11062,10779.126145314000
11063,10779.647249860000
11064,10780.599126363000
11065,10781.610299652000
11066,10782.133758174999
11067,10783.196760384000
11068,10783.955962733000
11069,10784.171877466000
11070,10785.388003324000
11071,10785.987902565999
11072,10787.591261803000
11073,10788.537229220001
11074,10789.133068804000
11075,10789.685025794999
11076,10790.398744803000
11077,10791.719799906001
11078,10792.207102150000
11079,10792.989718995999
11080,10794.065287779000
11081,10794.505480935000
11082,10795.714143212001
11083,10796.492895376001
11084,10797.192951940000
11085,10798.760767749000
11086,10799.414421370000
11087,10799.773324657001
11088,10800.797894091000
11089,10801.441251460999
11090,10802.116676572001
11091,10802.991801859000
11092,10804.098483854999
11093,10805.016827998001
11094,10805.914105589000
11095,10806.948025759000
11096,10807.573608056000
11097,10808.312525193000
11098,10809.048027463999
11099,10810.051100946001
11100,10811.075854365999
11101,10811.752776539999
11102,10812.322351827999
11103,10812.770383130999
11104,10814.174028678999
11105,10815.694080714000
11106,10815.907736519001
11107,10816.939744806001
11108,10817.807442424000
11109,10818.470703568000
11110,10819.116588794999
11111,10819.878377851001
11112,10820.836511002000
11113,10821.734731662000
11114,10822.645112877000
11115,10823.825411819000
11116,10824.183960873001
11117,10825.382266772000
11118,10825.899051835000
11119,10827.316056008000
11120,10827.868395197000
11121,10828.609784462000
11122,10828.906080803001
11123,10830.377323369001
11124,10830.806317671000
11125,10831.510914388000
11126,10833.013937914000
11127,10834.276900458000
11128,10834.507101529000
11129,10835.401665256000
11130,10836.156520495000
11131,10836.601108150000
11132,10837.977889788001
11133,10838.708363887999
11134,10839.353092653000
11135,10840.253896394001
11136,10841.103702955001
11137,10841.983341453000
11138,10843.277922279000
11139,10843.804251506001
11140,10844.659552442999
11141,10845.736392573001
11142,10846.237940065999
11143,10847.100462654000
11144,10847.850663047000
11145,10848.020071722000
11146,10849.731287950999
11147,10850.730141051999
11148,10851.581298244000
11149,10852.160316674001
11150,10853.115025136000
11151,10854.087428790001
11152,10854.471353448000
11153,10855.502141360001
11154,10856.546084932999
11155,10857.074832446000
11156,10858.072460967000
11157,10858.463351683000
11158,10859.733805374000
11159,10860.645506048000
11160,10861.913959620000
11161,10862.758254075001
11162,10863.006409209000
11163,10863.882158609000
11164,10864.618535219999
11165,10865.522287193000
11166,10866.308904451000
11167,10867.505528059000
11168,10867.724419976001
11169,10869.547826804999
11170,10870.126925727000
11171,10870.518748693001
11172,10871.396153903001
11173,10872.735675508000
11174,10873.322937240000
11175,10874.185160765999
11176,10874.735890227001
11177,10875.595277453000
11178,10876.141537244001
11179,10877.377748856999
11180,10878.564939824000
11181,10879.556857289999
11182,10880.059681665000
11183,10880.938204284999
11184,10881.683188270001
11185,10882.525051240000
11186,10882.984540800000
11187,10883.999819025999
11188,10885.275031622001
11189,10885.829726504000
11190,10886.493762990000
11191,10887.569189125001
11192,10888.552820568000
11193,10889.551163241000
11194,10890.291039066000
11195,10890.816266033000
11196,10892.095604247001
11197,10892.315781884001
11198,10893.347509425001
11199,10893.933687428000
11200,10894.780987410000
11201,10896.522608292000
11202,10896.940013930000
11203,10897.916643340001
11204,10898.874562142000
11205,10898.951157146999
11206,10900.022771913000
11207,10901.273082463000
11208,10902.104118743000
11209,10902.337586320000
11210,10903.337627700001
11211,10904.308572538999
11212,10905.374716631000
11213,10906.048673257001
11214,10907.229914060999
11215,10907.980696445000
11216,10909.098642474000
11217,10909.445044493999
11218,10909.838229647999
11219,10910.883621826000
11220,10911.995114541000
11221,10912.522965605000
11222,10913.928614091999
11223,10914.641361309001
11224,10915.439141282000
11225,10916.483791029999
11226,10916.881461954999
11227,10918.033210868000
11228,10918.670335747000
11229,10919.630142722999
11230,10920.470743493999
11231,10921.057206910000
11232,10921.881461101000
11233,10922.417471925000
11234,10924.476431497000
11235,10924.797757138000
11236,10925.827239374001
11237,10926.060108988000
11238,10927.238051026001
11239,10928.084797975000
11240,10928.467951535000
11241,10929.516193883001
11242,10930.447208336000
11243,10931.378702632999
11244,10932.232117416001
11245,10933.326094139000
11246,10933.757923220001
11247,10934.745443285999
11248,10935.914827656001
11249,10936.539470068999
11250,10937.320704255000
11251,10937.959226210000
11252,10938.632709452000
11253,10939.372696638000
11254,10940.744584943001
11255,10941.414846301999
11256,10942.618390228001
11257,10943.610397091001
11258,10944.178324826000
11259,10944.546350963999
11260,10945.619128721000
11261,10946.243265010000
11262,10947.715511812001
11263,10948.091376488001
11264,10948.775887156000
11265,10949.665648414000
11266,10950.853699605001
11267,10951.680287069999
11268,10952.562289535001
11269,10953.734888305000
11270,10954.043012239001
11271,10954.803397694999
11272,10955.942904819000
11273,10956.460773088000
11274,10956.894567011001
11275,10958.081616714000
11276,10959.471812644000
11277,10960.340356018000
11278,10961.094677352001
11279,10961.324759149000
11280,10962.722775576000
11281,10963.308188729001
11282,10964.396650569999
11283,10964.863491185000
11284,10965.776814420000
11285,10966.694037286999
11286,10967.390885123001
11287,10968.041208076000
11288,10969.533336560000
11289,10970.421164163001
11290,10971.141738064000
11291,10972.098750437999
11292,10972.472963734001
11293,10973.304073097999
11294,10973.925492545000
11295,10975.101992971000
11296,10976.042492146000
11297,10976.596708700999
11298,10977.797836461001
11299,10978.663523161000
11300,10979.608278247000
11301,10980.236506932000
11302,10980.729510476000
11303,10982.358943022000
11304,10982.796343914000
11305,10983.423077367001
11306,10984.054162011000
11307,10984.915329285999
11308,10985.821956366000
11309,10987.304181381000
11310,10988.178214183999
11311,10988.578194907999
11312,10989.707597930001
11313,10990.270802416000
11314,10990.932964981999
11315,10991.868291897999
11316,10992.779772968001
11317,10993.443479366000
11318,10994.539329744999
11319,10995.345669422000
11320,10996.243316812999
11321,10996.786954402000
11322,10998.275984903999
11323,10999.032082797001
11324,10999.580865500000
11325,11000.303852296000
11326,11001.088842116000
11327,11001.964372820001
11328,11002.730514721999
11329,11003.283543727001
11330,11004.780230500000
11331,11005.899115069000
11332,11006.462089798000
11333,11007.162978568000
11334,11007.923559170000
11335,11008.592215159000
11336,11009.809645595000
11337,11010.351968764000
11338,11011.638163909000
11339,11011.916802643000
11340,11012.395335732999
11341,11014.068129891000
11342,11014.758507891000
11343,11015.773042434999
11344,11016.529405350000
11345,11017.400615912000
11346,11018.229036339000
11347,11018.831810158001
11348,11019.345591231000
11349,11020.136405666000
11350,11021.511488691000
11351,11022.444203090001
11352,11022.961423792000
11353,11024.341696641000
11354,11024.809837609000
11355,11025.494472479000
11356,11026.639542700001
11357,11027.432155605000
11358,11028.024600949000
11359,11029.052135725000
11360,11029.637801946001
11361,11030.441643018001
11362,11031.168729522000
11363,11032.408026432000
11364,11033.808768823999
11365,11034.400583373001
11366,11034.795445045000
11367,11035.680581819001
11368,11036.268434494001
11369,11037.526304221999
11370,11038.051273091000
11371,11038.918492069000
11372,11039.759274688000
11373,11040.945569023001
11374,11041.730798209999
11375,11042.421130623001
11376,11043.299792833001
11377,11044.326498536000
11378,11045.220076455000
11379,11045.852534378000
11380,11046.633528147000
11381,11047.126333689001
11382,11048.059385811001
11383,11048.809344392001
11384,11050.416299607001
11385,11051.098780501001
11386,11051.716247763001
11387,11052.754187844001
11388,11053.558388670999
11389,11054.250163197999
11390,11054.474973811000
11391,11056.135372252000
11392,11056.751523243000
11393,11057.402882664999
11394,11058.355126644999
11395,11058.915523206000
11396,11060.389820333001
11397,11061.265430812000
11398,11061.837618107000
11399,11062.897534498001
11400,11063.418389356000
11401,11064.334109349000
11402,11064.790772957000
11403,11065.840778485001
11404,11066.519585386999
11405,11067.604345277001
11406,11069.056994107001
11407,11069.526977031001
11408,11070.195113280000
11409,11070.890020409000
11410,11071.817959655000
11411,11072.960698224000
11412,11073.752631642001
11413,11074.152030204999
11414,11074.868240010999
11415,11076.164194433000
11416,11076.559526470000
11417,11077.846924661000
11418,11078.788883503001
11419,11080.067331773000
11420,11080.284862762001
11421,11081.085141984000
11422,11081.812452041000
11423,11082.759016909000
11424,11083.140843077999
11425,11084.729678408999
11426,11085.114484336000
11427,11086.245843957000
11428,11086.994081489000
11429,11088.140400811000
11430,11088.617526516000
11431,11089.736464635000
11432,11090.338992094999
11433,11091.189871397000
11434,11092.256211086000
11435,11092.866500366001
11436,11093.227083628000
11437,11094.001238156001
11438,11095.859326106000
11439,11096.473734859999
11440,11097.331188464001
11441,11098.140979749000
11442,11098.575138032000
11443,11099.701082582000
11444,11100.263793399999
11445,11101.163887438001
11446,11102.090126978001
11447,11102.978943147000
11448,11103.536249565999
11449,11104.879439937000
11450,11105.513882993000
11451,11106.204383701001
11452,11107.577988973000
11453,11108.363930011999
11454,11108.878594899001
11455,11109.453400670000
11456,11110.260636646000
11457,11111.168056906999
11458,11112.087300605001
11459,11112.877486463000
11460,11114.257968837999
11461,11114.955667984999
11462,11115.902271683000
11463,11116.384843800000
11464,11116.910129406000
11465,11118.202301142001
11466,11118.958060147999
11467,11119.924647980000
11468,11120.349847088000
11469,11121.264730613000
11470,11122.021365758001
11471,11123.165840096000
11472,11124.586757257999
11473,11124.949773245000
11474,11125.551195892000
11475,11126.703776040000
11476,11127.589346741999
11477,11127.669988969001
11478,11128.875508304000
11479,11129.415442633999
11480,11130.813879290999
11481,11132.037841058000
11482,11132.197633702001
11483,11133.199150843000
11484,11134.201219412000
11485,11135.009790827000
11486,11135.715668154000
11487,11136.793302085000
11488,11137.257000387001
11489,11138.236487508000
11490,11138.699221044000
11491,11139.799514972001
11492,11140.561693418000
11493,11142.214302196000
11494,11142.565844698000
11495,11143.569520139001
11496,11144.336864989000
11497,11144.715358897000
11498,11145.411243877001
11499,11146.744809898000
11500,11147.585400126000
11501,11148.117256424001
11502,11148.911758049000
11503,11150.271819096000
11504,11151.153695239000
11505,11151.475212332000
11506,11152.642047185000
11507,11153.626907993001
11508,11154.460845142001
11509,11154.924536445000
11510,11155.741348150001
11511,11156.459084587001
11512,11157.090605939000
11513,11158.507787879000
11514,11159.626099646001
11515,11160.334217735000
11516,11161.093594899001
11517,11161.637308869000
11518,11162.730879519000
11519,11163.386297317000
11520,11164.191543925999
11521,11164.923362263000
11522,11166.202555559999
11523,11166.666611995999
11524,11167.333475175999
11525,11168.443272429000
11526,11169.565111447000
11527,11170.599634050999
11528,11171.237201880000
11529,11171.782055217000
11530,11172.498868627001
11531,11173.685956658999
11532,11174.035785349000
11533,11174.746272090000
11534,11176.200665721000
11535,11176.825542994000
11536,11178.221583263999
11537,11178.612247350000
11538,11179.534760854000
11539,11179.979342589000
11540,11181.069236198000
11541,11182.312205434000
11542,11182.726477441000
11543,11183.399426638000
11544,11184.137655642000
11545,11184.922609204999
11546,11186.322562813000
11547,11187.162267790000
11548,11187.874224361000
11549,11189.267715309999
11550,11189.362456319001
11551,11190.313123623000
11552,11190.971239499000
11553,11191.562024216000
11554,11192.963205984999
11555,11193.509057526000
11556,11194.523512338001
11557,11195.528020526001
11558,11196.179969065000
11559,11197.045724228001
11560,11198.188043624001
11561,11198.692306647001
11562,11199.733205310000
11563,11200.308566629999
11564,11201.059055389000
11565,11202.105506857000
11566,11202.528622652000
11567,11203.264203274000
11568,11205.258844745000
11569,11205.728239845001
11570,11206.468986374000
11571,11206.862809446000
11572,11208.100565321000
11573,11208.557932178999
11574,11209.581563579000
11575,11210.506621607999
11576,11211.120850380001
11577,11211.941931683999
11578,11213.159789838001
11579,11213.654253713001
11580,11214.848019216000
11581,11215.603484470001
11582,11216.604576342999
11583,11217.280756575999
11584,11218.287694998000
11585,11218.676052765000
11586,11219.060228990000
11587,11220.375476876001
11588,11221.302633937001
11589,11222.492212032001
11590,11223.049884780999
11591,11224.194643408000
11592,11224.984617774000
11593,11225.430981940000
11594,11226.224547772999
11595,11227.214936974000
11596,11228.321863835999
11597,11228.845756440000
11598,11229.621986067001
11599,11230.144856875000
11600,11231.432598698000
11601,11232.429901527999
11602,11233.595957789001
11603,11234.117627260001
11604,11234.954607686999
11605,11235.415468546000
11606,11236.465395073999
11607,11237.177696750001
11608,11237.910204066000
11609,11238.671272968000
11610,11240.045184434999
11611,11240.860306564000
11612,11241.743619637000
11613,11242.318249532000
11614,11242.907226732001
11615,11244.604060830001
11616,11244.980377909000
11617,11245.358573513000
11618,11246.629561059000
11619,11247.115942596000
11620,11247.973583809000
11621,11248.753620158001
11622,11250.192733218000
11623,11251.003487291000
11624,11251.858166148000
11625,11252.631641567001
11626,11253.196161939000
11627,11253.888090558999
11628,11254.695386629999
11629,11255.668424297000
11630,11256.759071851000
11631,11257.473572630999
11632,11257.881582505999
11633,11259.252539233999
11634,11260.393706347000
11635,11260.658196138000
11636,11261.802034782000
11637,11262.542891634001
11638,11263.551364835001
11639,11264.121413892000
11640,11264.736289105000
11641,11265.357240207000
11642,11266.406482234001
11643,11267.815984733001
11644,11268.697766732001
11645,11269.381806269001
11646,11269.997193517000
11647,11271.000310476000
11648,11271.469973439000
11649,11272.590708784999
11650,11273.476647445001
11651,11274.057397446000
11652,11274.793612928999
11653,11275.955657118000
11654,11276.725328725001
11655,11277.317921083000
11656,11278.848028287999
11657,11279.583912066000
11658,11280.289180562000
11659,11280.928505239999
11660,11281.469500473000
11661,11282.456193189000
11662,11283.226786789000
11663,11284.240131050999
11664,11284.860401673001
11665,11286.414114859001
11666,11287.041105255001
11667,11287.505062378999
11668,11288.695298585000
11669,11289.158765901000
11670,11290.099930933000
11671,11291.305519108000
11672,11291.810830324001
11673,11292.412990073000
11674,11293.269968811999
11675,11293.870625240001
11676,11295.584661081000
11677,11296.314376078000
11678,11297.080186683999
11679,11297.635857982001
11680,11298.895898002000
11681,11299.203529962000
11682,11300.123294118001
11683,11300.517877660999
11684,11301.978809906001
11685,11302.804983868000
11686,11303.418945149000
11687,11304.719476153999
11688,11305.048147848000
11689,11306.319304873001
11690,11306.903574071001
11691,11308.164373170001
11692,11308.586088067999
11693,11309.199090933000
11694,11310.180919248000
11695,11310.969568868000
11696,11311.495750994000
11697,11312.822370395001
11698,11313.859943240999
11699,11315.093210810999
11700,11315.409321990001
11701,11316.112646845000
11702,11316.551999844000
11703,11317.880766213000
11704,11318.754329408001
11705,11319.392891001000
11706,11320.162403372000
11707,11320.991628398000
11708,11321.972679697001
11709,11323.243401129999
11710,11323.430009920001
11711,11324.905627008000
11712,11325.491086444999
11713,11326.453787712000
11714,11326.805088130001
11715,11327.805653459000
11716,11328.476164408001
11717,11328.968424098000
11718,11330.656696941000
11719,11331.528430651000
11720,11332.086119788000
11721,11332.993961153999
11722,11333.910412804000
11723,11334.543796905000
11724,11335.417093774000
11725,11336.137616331000
11726,11337.110282645001
11727,11338.066896883000
11728,11338.545003723000
11729,11339.155582984000
11730,11340.398434897001
11731,11341.726864401000
11732,11342.480870120000
11733,11343.003932015999
11734,11343.878711236999
11735,11344.696656275000
11736,11345.120276670999
11737,11346.102074914001
11738,11347.265707717999
11739,11347.603360741001
11740,11348.895461224000
11741,11349.943759910000
11742,11350.832375197000
11743,11351.118246004000
11744,11352.054901369000
11745,11353.285316400001
11746,11354.031145241999
11747,11354.847595237999
11748,11355.251500693001
11749,11355.819814733000
11750,11357.268718750000
11751,11357.755924524001
11752,11359.153862603000
11753,11360.317446211000
11754,11360.430653359001
11755,11361.618712154001
11756,11362.198008134999
11757,11362.833518658001
11758,11363.630616646000
11759,11364.902749294000
11760,11365.392119844000
11761,11366.470711503000
11762,11367.121489445000
11763,11368.092999054999
11764,11368.995095582000
11765,11370.251538152999
11766,11370.710131375001
11767,11371.264531413000
11768,11372.427275257000
11769,11373.090362695000
11770,11373.829117093001
11771,11374.247719606999
11772,11375.350125625000
11773,11377.067014464001
11774,11377.477668113999
11775,11378.252027963999
11776,11379.071237847000
11777,11379.663264691000
11778,11380.668488886000
11779,11381.490162982000
11780,11382.384042846999
11781,11383.081145308999
11782,11383.778709302000
11783,11384.633655836000
11784,11385.730840153001
11785,11386.761800828999
11786,11387.282601897999
11787,11388.745812552001
11788,11389.309583271001
11789,11389.666105212000
11790,11390.540978728999
11791,11391.172845322000
11792,11392.207002298999
11793,11393.253130585999
11794,11394.045502196999
11795,11394.912454003999
11796,11396.185473572999
11797,11396.636636640000
11798,11397.269432006000
11799,11398.167091415000
11800,11399.358011591999
11801,11399.924121820000
11802,11400.579245196999
11803,11401.739560896000
11804,11401.935659723000
11805,11402.841804490001
11806,11404.568289409999
11807,11405.259633787000
11808,11405.980138164001
11809,11406.844703682000
11810,11407.125167377000
11811,11408.400191478000
11812,11409.142991261000
11813,11409.496096409001
11814,11410.741604014000
11815,11411.594940774001
11816,11412.845281623000
11817,11413.149095520001
11818,11414.099052582000
11819,11415.161783824000
11820,11416.020299308000
11821,11416.872565472000
11822,11417.516531855001
11823,11418.209599139000
11824,11418.968743998999
11825,11419.728199618001
11826,11420.555628458000
11827,11421.866856426001
11828,11422.759481094001
11829,11423.742713590000
11830,11424.283687367000
11831,11425.134566536000
11832,11425.759191454001
11833,11426.263600304999
11834,11427.830303881999
11835,11428.615164106001
11836,11428.837541056000
11837,11429.667997502000
11838,11431.122075806001
11839,11431.694571333001
11840,11432.887164231999
11841,11433.491698381000
11842,11434.383019887000
11843,11435.323956835000
11844,11435.819132127001
11845,11436.539144292001
11846,11437.164007081001
11847,11438.254909515001
11848,11439.228665385999
11849,11440.569861107000
11850,11441.210604186999
11851,11441.630688253999
11852,11442.554339247999
11853,11443.607289095000
11854,11444.304538618000
11855,11445.253424201999
11856,11445.650645369000
11857,11446.919643275000
11858,11447.320389544000
11859,11448.385713505000
11860,11449.024662948001
11861,11450.642200662000
11862,11451.457436991001
11863,11451.847559430000
11864,11452.629688102999
11865,11453.447368663001
11866,11454.045960119000
11867,11455.127177245000
11868,11455.727466115000
11869,11456.924749259000
11870,11457.602747059000
11871,11458.640052270001
11872,11459.668404233000
11873,11460.212014074001
11874,11460.836836037999
11875,11462.089170972000
11876,11462.809328153000
11877,11463.711423254999
11878,11464.140762793000
11879,11464.914731374000
11880,11465.471164389999
11881,11467.173220199000
11882,11468.041183879999
11883,11468.624824846000
11884,11469.577925465001
11885,11470.591934411999
11886,11470.889045258000
11887,11471.533095741001
11888,11472.901524888000
11889,11473.231344899999
11890,11474.580526059999
11891,11475.124039861999
11892,11475.927644613001
11893,11477.125971654001
11894,11477.664737106999
11895,11478.887581727000
11896,11479.836580485000
11897,11480.301455991001
11898,11480.839986923000
11899,11481.845551443999
11900,11482.669696899000
11901,11483.395605330999
11902,11484.012027547000
11903,11485.724280533001
11904,11486.462209059000
11905,11487.227655772000
11906,11487.680918311000
11907,11488.455267374000
11908,11489.461581633001
11909,11490.469708167000
11910,11491.151690847000
11911,11491.784698444000
11912,11492.664768127999
11913,11493.406106208000
11914,11494.499121000999
11915,11495.514073118000
11916,11496.467471882001
11917,11497.163116121999
11918,11497.879966473000
11919,11499.085568232000
11920,11499.195994464000
11921,11499.866947584000
11922,11500.844567906001
11923,11502.387897455999
11924,11502.616230353000
11925,11503.995620911001
11926,11504.456589216001
11927,11505.532335882999
11928,11506.348626330000
11929,11506.987576109001
11930,11507.775068809000
11931,11508.959525644001
11932,11509.624745159001
11933,11509.927567508999
11934,11511.013638842000
11935,11511.717856649000
11936,11513.156154095001
11937,11514.170735666999
11938,11514.853644274999
11939,11515.534531232999
11940,11515.910327350000
11941,11517.237091743000
11942,11517.516522255000
11943,11518.802580461001
11944,11519.562403963000
11945,11519.987060209000
11946,11521.583778816999
11947,11522.307768615001
11948,11522.729431430000
11949,11523.713139418000
11950,11524.995050977999
11951,11525.595896507000
11952,11526.475485782001
11953,11526.700499264000
11954,11527.787477660000
11955,11528.521773343000
11956,11529.262691200000
11957,11530.742421045999
11958,11531.498769849000
11959,11532.360155115000
11960,11533.174523981001
11961,11533.710746547000
11962,11534.615246440000
11963,11535.243966904000
11964,11536.208990607000
11965,11537.390026899000
11966,11537.770333933000
11967,11538.771415017000
11968,11539.173163468000
11969,11540.855171935000
11970,11541.633482769001
11971,11542.162848110000
11972,11543.231533581000
11973,11543.821061948000
11974,11544.608450095000
11975,11545.477546515000
11976,11545.922505863000
11977,11546.762877720999
11978,11548.210670271999
11979,11549.141689200000
11980,11549.740822582000
11981,11550.793626688001
11982,11551.264239553000
11983,11551.938577815999
11984,11553.422211259000
11985,11553.822467866001
11986,11554.671565213001
11987,11555.168944151999
11988,11556.255354665000
11989,11557.020611462000
11990,11558.026912129000
11991,11559.050841972999
11992,11560.110157767000
11993,11560.887977704000
11994,11561.425898297000
11995,11561.993421378000
11996,11562.695309657000
11997,11563.843215883000
11998,11564.692415648000
11999,11565.398128973000
12000,11566.401912369000
12001,11567.391551991999
12002,11568.238387478999
12003,11568.861584587999
12004,11569.856839451000
12005,11570.713560344000
12006,11571.372587718000
12007,11572.373477100000
12008,11573.110248154000
12009,11573.533780338001
12010,11574.229783592000
12011,11575.532716158999
12012,11577.159221118000
12013,11577.559289270001
12014,11577.813155485999
12015,11579.051947264999
12016,11579.844750065000
12017,11580.562916391000
12018,11581.100263803000
12019,11582.245964948999
12020,11583.162004702001
12021,11583.781059892000
12022,11584.718832963999
12023,11585.797743798001
12024,11586.262897858000
12025,11587.785374687001
12026,11588.237678314001
12027,11589.033305123001
12028,11589.820238581000
12029,11590.541133004999
12030,11590.936347549001
12031,11592.224869579000
12032,11593.021168539000
12033,11593.951801626001
12034,11595.273897319001
12035,11595.921633435000
12036,11596.477118139001
12037,11597.270605762000
12038,11597.786584115000
12039,11599.452894591001
12040,11599.634660472000
12041,11600.754893428000
12042,11601.064364346999
12043,11602.029102066001
12044,11603.275985738999
12045,11604.064157156999
12046,11605.278120211000
12047,11605.715873071000
12048,11606.751657872999
12049,11607.258882571999
12050,11608.037290901000
12051,11608.984897763999
12052,11609.316380804999
12053,11610.542724927000
12054,11611.831414210999
12055,11612.486893122999
12056,11613.171689835001
12057,11614.017179672001
12058,11614.984665844000
12059,11615.815224477001
12060,11616.617915875000
12061,11617.346743414000
12062,11617.955077614000
12063,11619.229905257000
12064,11619.573447438999
12065,11620.086537781001
12066,11621.946221923999
12067,11622.694026514000
12068,11623.392332523999
12069,11624.398877563999
12070,11624.673870903000
12071,11625.513317937000
12072,11626.349371810000
12073,11627.433394485000
12074,11628.160782429000
12075,11628.909479133001
12076,11629.726849310000
12077,11631.020976033000
12078,11631.628302663999
12079,11632.488062826000
12080,11633.101177394999
12081,11634.532677742000
12082,11635.138098961999
12083,11635.463467928999
12084,11636.263762261000
12085,11637.079724511999
12086,11637.951513680000
12087,11639.396198720000
12088,11639.988689980000
12089,11641.154498854999
12090,11641.620869623001
12091,11642.400193904001
12092,11643.262344190000
12093,11643.904265600000
12094,11644.871957114001
12095,11645.865740576000
12096,11646.377483699000
12097,11647.350867367000
12098,11648.175813152000
12099,11648.884749129000
12100,11650.344983916000
12101,11651.227695727001
12102,11651.690982255001
12103,11652.228958012000
12104,11653.241665808000
12105,11654.245560118001
12106,11654.458657603000
12107,11655.518481219000
12108,11656.473575732000
12109,11657.802188583000
12110,11658.559716288000
12111,11659.377848779999
12112,11659.558641719001
12113,11660.970664873001
12114,11661.574271721000
12115,11662.544469078999
12116,11663.425334248001
12117,11664.028440774000
12118,11664.451367053000
12119,11665.569948488999
12120,11666.787667209001
12121,11667.617768966000
12122,11668.584206033000
12123,11669.308510872999
12124,11670.203840448999
12125,11670.782802119000
12126,11671.403447119999
12127,11671.972039074000
12128,11673.437067510000
12129,11674.205731607000
12130,11674.781366706000
12131,11675.841950800001
12132,11676.845416927001
12133,11677.658955511000
12134,11678.172573477001
12135,11679.520371118000
12136,11679.929037579999
12137,11680.789951272000
12138,11681.779895080001
12139,11682.033890172001
12140,11683.169190428000
12141,11683.686585124000
12142,11685.629437886000
12143,11686.019419946000
12144,11686.953094396000
12145,11687.411677493001
12146,11688.189086606000
12147,11689.039533601999
12148,11690.232461637999
12149,11690.678055128999
12150,11691.294051209001
12151,11692.675352251001
12152,11693.206526305001
12153,11694.168446428001
12154,11695.039927895999
12155,11695.987688474001
12156,11697.089958762999
12157,11697.609447090999
12158,11698.354463471000
12159,11698.989884885001
12160,11699.732825813000
12161,11700.579653143001
12162,11701.469286838999
12163,11702.816210759000
12164,11703.568795804000
12165,11704.134629529000
12166,11705.635162597000
12167,11705.709223509000
12168,11706.318656744001
12169,11707.532915595000
12170,11708.503316290000
12171,11709.250942580000
12172,11709.984181532000
12173,11710.311681859999
12174,11711.500963328999
12175,11712.950710038000
12176,11713.521557323000
12177,11714.496703049999
12178,11715.016895810000
12179,11716.098480798000
12180,11716.494536632001
12181,11717.357640314000
12182,11718.043543317001
12183,11719.144647880999
12184,11719.915111079001
12185,11721.157413098999
12186,11722.037079637001
12187,11722.411548176000
12188,11723.204227558001
12189,11724.459415654999
12190,11725.299616525001
12191,11725.878841747000
12192,11726.514054376999
12193,11727.375668471001
12194,11728.176517688000
12195,11729.027480941000
12196,11729.906452093999
12197,11731.265491156000
12198,11732.319823616001
12199,11732.593160541001
12200,11733.211445231000
12201,11734.196293133000
12202,11734.867505999000
12203,11735.684371935000
12204,11736.833302150000
12205,11737.684911140999
12206,11737.905476897000
12207,11739.509472639000
12208,11739.976299987000
12209,11741.110505234999
12210,11741.908453209000
12211,11742.546865927001
12212,11743.530831655000
12213,11744.428773584001
12214,11744.836234279001
12215,11745.753334692001
12216,11745.949820401000
12217,11747.908671837000
12218,11748.595252916000
12219,11749.508200025000
12220,11750.095550661001
12221,11750.991623645001
12222,11751.728653677999
12223,11752.500544138000
12224,11753.257007886001
12225,11754.457707342999
12226,11754.794535204999
12227,11755.807215925000
12228,11756.598489493001
12229,11757.511229702999
12230,11758.531652514001
12231,11759.572250351001
12232,11760.399691359000
12233,11761.094313928999
12234,11761.651765077000
12235,11762.065772725000
12236,11763.594976770000
12237,11763.865059865000
12238,11764.907466346000
12239,11765.921749760000
12240,11767.206812087999
12241,11767.704549640001
12242,11768.479740270001
12243,11769.069758268000
12244,11770.008508441000
12245,11771.476412077000
12246,11771.579944057999
12247,11772.311186401001
12248,11773.359591041000
12249,11773.873277567000
12250,11774.826841079999
12251,11776.492110273000
12252,11776.924755443000
12253,11777.640988566000
12254,11778.581718289000
12255,11779.392457374001
12256,11779.936736637001
12257,11780.632880699000
12258,11781.496261054001
12259,11782.550347463000
12260,11783.645708493001
12261,11784.214861499000
12262,11784.950932685000
12263,11786.148016357000
12264,11786.811733822000
12265,11787.979802289999
12266,11788.228824300000
12267,11789.432453382000
12268,11789.964960019999
12269,11790.810151068001
12270,11791.390303517001
12271,11792.267895335999
12272,11793.549605949000
12273,11794.719514359000
12274,11795.407585505000
12275,11795.952598692000
12276,11796.862277487000
12277,11797.203196601000
12278,11798.382152447000
12279,11799.472280847000
12280,11799.990026326999
12281,11800.702336468999
12282,11801.458102155000
12283,11802.957343763001
12284,11803.451465270000
12285,11804.077344724001
12286,11805.619708276001
12287,11806.107989079001
12288,11806.699863694001
12289,11807.701408564000
12290,11808.129106361999
12291,11808.771900595000
12292,11810.041639204001
12293,11810.880108281001
12294,11812.132301387001
12295,11812.700297453001
12296,11813.611080139999
12297,11814.179896111000
12298,11815.143744888001
12299,11816.080529024000
12300,11816.471914890000
12301,11817.694115605000
12302,11818.490664733001
12303,11819.124725655000
12304,11819.561572524000
12305,11820.919409266000
12306,11822.255064096000
12307,11822.954124895001
12308,11823.530711347001
12309,11824.117979934999
12310,11825.137668866000
12311,11825.998780661999
12312,11826.288536160000
12313,11827.478997590000
12314,11828.285948348001
12315,11829.434543611000
12316,11830.221002226999
12317,11831.106306563001
12318,11831.814175568999
12319,11832.416125088001
12320,11833.637700555000
12321,11834.570302466000
12322,11835.118104673000
12323,11835.610175063999
12324,11836.432382638999
12325,11837.379558737000
12326,11838.333296156001
12327,11839.665882531999
12328,11840.112016958999
12329,11841.349799010000
12330,11841.971293719000
12331,11842.553275097000
12332,11842.975373216999
12333,11844.136958714000
12334,11845.261097858000
12335,11845.822269880000
12336,11846.530322406001
12337,11847.740902179001
12338,11848.242344142000
12339,11849.500306181000
12340,11850.290683536001
12341,11851.000272821000
12342,11852.025209052001
12343,11852.460477056000
12344,11853.356730465001
12345,11854.112210448000
12346,11854.992181501000
12347,11855.212856239001
12348,11857.300811800000
12349,11857.909723016999
12350,11858.545132437999
12351,11859.188749081000
12352,11860.006911506000
12353,11861.114555274000
12354,11861.571280181000
12355,11862.701222362000
12356,11863.217790393999
12357,11864.167455430001
12358,11864.931427599000
12359,11865.817209545001
12360,11866.741550670000
12361,11868.060951768000
12362,11868.436835794000
12363,11869.755660020001
12364,11869.963151726000
12365,11870.701636686999
12366,11871.616506327000
12367,11872.090122558000
12368,11873.598031301000
12369,11874.193930932001
12370,11874.954432791999
12371,11876.501804860000
12372,11876.692510114999
12373,11877.655780827001
12374,11878.213813083001
12375,11879.335338819001
12376,11880.190755512000
12377,11881.139579934999
12378,11881.502174214000
12379,11882.097749436000
12380,11883.119221471001
12381,11884.440578225000
12382,11885.323979609000
12383,11886.340066537001
12384,11886.867653255000
12385,11887.415432454000
12386,11888.436891277001
12387,11889.139654561999
12388,11889.882064810001
12389,11890.632003720000
12390,11891.818957132000
12391,11892.506512376000
12392,11893.735935778001
12393,11894.114408873000
12394,11894.892691143999
12395,11896.339565599999
12396,11896.953725159001
12397,11897.590458937000
12398,11898.144590028000
12399,11899.226888432000
12400,11899.912903807000
12401,11900.458452982000
12402,11901.568206849000
12403,11902.938616668000
12404,11903.778502421999
12405,11904.309205598000
12406,11905.158959262000
12407,11905.968573471000
12408,11906.264638840999
12409,11907.631929867999
12410,11908.498236920999
12411,11909.096229235000
12412,11909.996651678000
12413,11910.448398529999
12414,11911.984722017000
12415,11912.713504609001
12416,11913.545873694000
12417,11914.236217784000
12418,11915.345212157001
12419,11916.031564658000
12420,11916.637534130001
12421,11916.963588447001
12422,11918.156907889001
12423,11919.050516559000
12424,11920.359152540001
12425,11921.107763333001
12426,11921.698861610001
12427,11922.676121959001
12428,11923.545213288000
12429,11923.884751953001
12430,11925.434593631000
12431,11925.711081996000
12432,11926.506381547000
12433,11927.421214647000
12434,11928.369157895000
12435,11928.792671155999
12436,11930.054282616000
12437,11931.475871684999
12438,11932.017728482000
12439,11932.483520739001
12440,11933.375705734001
12441,11933.941588475000
12442,11934.844290704001
12443,11936.002931757999
12444,11936.287078681000
12445,11937.419024130000
12446,11938.596292689999
12447,11939.388764793999
12448,11940.014036946000
12449,11940.844766665999
12450,11941.707824498000
12451,11942.812047150001
12452,11943.300189101999
12453,11944.322587504999
12454,11944.786668391000
12455,11945.386608265000
12456,11946.312276933000
12457,11947.879958216001
12458,11948.580799142001
12459,11949.285207782001
12460,11950.254900745000
12461,11950.829804450999
12462,11951.811222288001
12463,11952.209685768999
12464,11952.960306964000
12465,11954.421185941999
12466,11955.023412261000
12467,11955.541134999999
12468,11956.555457189999
12469,11957.758769730000
12470,11958.257553676000
12471,11959.536021795000
12472,11960.162455759000
12473,11960.805889167999
12474,11961.613634378000
12475,11962.319599803001
12476,11963.251804688000
12477,11963.624257003999
12478,11964.944833468000
12479,11965.988881517000
12480,11967.175865454999
12481,11967.818092440000
12482,11968.040374778000
12483,11968.842396632001
12484,11970.198779802000
12485,11970.840189869999
12486,11971.635902190001
12487,11972.345517262000
12488,11972.919021522999
12489,11974.256240363000
12490,11974.750471473000
12491,11976.019330409001
12492,11976.821454389001
12493,11977.819319443999
12494,11978.509131598001
12495,11978.911285646000
12496,11979.940309418000
12497,11980.420980790999
12498,11981.319280797001
12499,11982.469856791000
12500,11983.459171683000
12501,11984.183258311999
12502,11984.988215185000
12503,11985.931732888999
12504,11986.792588479000
12505,11987.366016655000
12506,11988.187893636001
12507,11989.319036985000
12508,11989.988077171000
12509,11990.449375528000
12510,11991.496381630001
12511,11991.819501600001
12512,11993.796299379001
12513,11994.532032030000
12514,11994.879295475999
12515,11995.906634143001
12516,11996.762742882000
12517,11997.108831358000
12518,11998.111552144999
12519,11998.999009181000
12520,12000.025166873000
12521,12000.323019631000
12522,12001.869294487000
12523,12002.449179581001
12524,12003.313330276000
12525,12003.982840676999
12526,12005.099208541000
12527,12006.167037034000
12528,12006.617064268001
12529,12007.259470531000
12530,12007.795463394001
12531,12008.916031332999
12532,12009.747408296000
12533,12010.588562317000
12534,12012.070663676001
12535,12012.518293887000
12536,12013.537023027000
12537,12013.995197224000
12538,12014.748040693001
12539,12015.512907274000
12540,12016.696171541000
12541,12017.270436773000
12542,12018.329635522001
12543,12018.726114124000
12544,12019.659586779000
12545,12020.816913277000
12546,12021.788837926000
12547,12022.725052428999
12548,12023.347085881000
12549,12023.834360702000
12550,12025.095510870000
12551,12025.640696810000
12552,12026.190968139999
12553,12026.807833879000
12554,12028.298394056001
12555,12029.363580048001
12556,12030.008967156000
12557,12030.743901893000
12558,12031.539411461001
12559,12032.295755403000
12560,12033.296061139999
12561,12034.198345822000
12562,12034.580487904999
12563,12035.753931163001
12564,12036.353148556000
12565,12036.827198925999
12566,12038.449034731000
12567,12038.851780543000
12568,12040.285833733000
12569,12040.975618532000
12570,12041.697833198999
12571,12042.161707985000
12572,12042.856800866000
12573,12043.757385938001
12574,12044.820984559999
12575,12045.750096423000
12576,12046.150600495001
12577,12047.411299779000
12578,12048.483047505000
12579,12049.143757819000
12580,12049.522909915000
12581,12050.830067696999
12582,12051.660126321000
12583,12052.423908766001
12584,12052.926330034999
12585,12053.901723854000
12586,12054.332767290000
12587,12055.276252463000
12588,12056.842396175000
12589,12057.694841025999
12590,12058.327240721999
12591,12058.799271369000
12592,12059.920537992000
12593,12060.608137313000
12594,12061.206772059000
12595,12062.260842625999
12596,12062.855111876001
12597,12064.088547044999
12598,12064.670595125001
12599,12065.594501424001
12600,12066.207581625000
12601,12067.854959879000
12602,12068.128960549000
12603,12069.017143252000
12604,12069.940133119000
12605,12070.391933188999
12606,12071.171150775999
12607,12072.102551817999
12608,12072.725907835000
12609,12073.883966807000
12610,12075.149613615000
12611,12075.688758576000
12612,12076.799243732001
12613,12077.053698201000
12614,12078.040067393000
12615,12078.580257574000
12616,12080.131340933000
12617,12080.771125087000
12618,12080.927685265000
12619,12081.834601708000
12620,12082.989380216000
12621,12083.948707407000
12622,12085.019044297000
12623,12085.622760831000
12624,12086.638595420000
12625,12087.411539967001
12626,12088.051524236000
12627,12088.497593521000
12628,12089.467688037001
12629,12090.265199580999
12630,12091.447630000999
12631,12092.206736881000
12632,12093.273209998000
12633,12093.992172171000
12634,12094.498510612000
12635,12095.674444947999
12636,12096.629735863000
12637,12097.047691743001
12638,12097.965439411000
12639,12098.728193786999
12640,12099.739570567001
12641,12100.085494187000
12642,12100.910728436000
12643,12102.619228956000
12644,12103.340974407000
12645,12104.152640823000
12646,12104.692499968000
12647,12105.137100275000
12648,12106.413045861000
12649,12107.003469552999
12650,12107.747009537001
12651,12108.861902268000
12652,12109.511690040001
12653,12110.346772508999
12654,12111.592976735001
12655,12112.197332651000
12656,12112.858928764001
12657,12113.989590444000
12658,12114.985936952000
12659,12115.353628563000
12660,12116.365375687001
12661,12116.806139429000
12662,12117.363293184000
12663,12118.682965500000
12664,12120.047256917000
12665,12120.361924504001
12666,12121.489906717001
12667,12122.519808026000
12668,12122.780995794999
12669,12123.631655952000
12670,12124.372050485001
12671,12125.535226747001
12672,12126.223208664000
12673,12127.060197913001
12674,12127.618988021000
12675,12128.594008202001
12676,12129.644368877000
12677,12130.631341804999
12678,12131.638009738999
12679,12132.277350971000
12680,12132.684361148000
12681,12133.750735911000
12682,12134.336780539999
12683,12135.243467052000
12684,12135.958485485000
12685,12136.744566896001
12686,12138.479797857000
12687,12139.060280644000
12688,12139.234781484000
12689,12140.514256555000
12690,12140.974958068000
12691,12142.330950858001
12692,12142.905664929000
12693,12143.622230802001
12694,12144.334712063001
12695,12145.099253861999
12696,12146.032079708000
12697,12146.828413357000
12698,12148.250272842000
12699,12148.945253931000
12700,12149.607463623999
12701,12150.469534737000
12702,12151.343216331999
12703,12151.751132301000
12704,12152.226255262000
12705,12153.947270662000
12706,12154.262523310001
12707,12155.347163124001
12708,12156.064212887000
12709,12157.075092894000
12710,12158.070272662000
12711,12158.696889400000
12712,12159.391280087000
12713,12160.463597164000
12714,12161.229341759999
12715,12161.966418079999
12716,12162.509524923000
12717,12163.123045074000
12718,12164.243201288000
12719,12165.584515443001
12720,12166.548406754000
12721,12167.113786982000
12722,12167.750932364001
12723,12168.606482099000
12724,12169.183917327000
12725,12170.432753245001
12726,12170.887840566000
12727,12171.861294969000
12728,12172.515021058000
12729,12173.612628315001
12730,12174.555543099999
12731,12175.083360320999
12732,12176.104688541000
12733,12177.565102851000
12734,12177.787426352001
12735,12178.542237545000
12736,12179.062825513000
12737,12180.160690066999
12738,12180.807876303999
12739,12181.505827449000
12740,12182.932736417000
12741,12183.583453662000
12742,12184.806875624001
12743,12185.268916760000
12744,12186.023561419999
12745,12186.702075677000
12746,12187.728566455000
12747,12188.456457419001
12748,12189.498065338001
12749,12190.158281581000
12750,12190.737825123000
12751,12191.305176026000
12752,12192.955034029999
12753,12193.907355191999
12754,12194.405811604000
12755,12195.227820910000
12756,12196.279598126999
12757,12196.637570483999
12758,12197.632404546999
12759,12198.119138292999
12760,12198.915769533000
12761,12200.475804471000
12762,12200.809783168001
12763,12202.024671609001
12764,12202.778765076000
12765,12203.321034257000
12766,12204.385336318999
12767,12205.246429151000
12768,12206.103442091000
12769,12206.948809404999
12770,12207.124748603999
12771,12208.272926141000
12772,12209.173177352999
12773,12209.757974815000
12774,12211.120968006000
12775,12212.297563566000
12776,12212.761860524000
12777,12213.608683601000
12778,12214.045323562999
12779,12214.756748631000
12780,12215.843283849001
12781,12216.882922557999
12782,12217.439530840000
12783,12218.057711784000
12784,12219.345157105001
12785,12220.246011886000
12786,12220.738266959001
12787,12221.994150356000
12788,12222.672425286000
12789,12223.353641295000
12790,12224.654704197999
12791,12224.743294755999
12792,12225.577788637000
12793,12226.340773664000
12794,12227.137593136000
12795,12228.772700447000
12796,12229.476722492000
12797,12230.196574307000
12798,12230.617373301000
12799,12232.124030176001
12800,12232.289643857999
12801,12233.113907330000
12802,12234.106839419001
12803,12235.040094294000
12804,12235.780294362001
12805,12236.430186129999
12806,12237.244932400999
12807,12238.361691675000
12808,12239.390291590000
12809,12240.475236053000
12810,12240.725282294999
12811,12241.834750353000
12812,12242.162645192000
12813,12243.210013713000
12814,12243.700526330000
12815,12245.043769686999
12816,12245.435133629000
12817,12246.777657113000
12818,12247.731067237000
12819,12248.533046130000
12820,12249.184663149001
12821,12249.404345998000
12822,12251.062738477000
12823,12251.764351148000
12824,12252.399185099999
12825,12252.907988384000
12826,12253.970148815000
12827,12254.401903034000
12828,12255.935280770000
12829,12256.644744965000
12830,12257.685994194000
12831,12258.589880309000
12832,12258.981295681000
12833,12259.839527243999
12834,12260.570538063001
12835,12261.284784193000
12836,12262.129447526000
12837,12263.178003993000
12838,12264.261436897999
12839,12264.683402723000
12840,12265.637093638999
12841,12266.726534800000
12842,12267.358330526000
12843,12268.468175454000
12844,12269.123543022000
12845,12269.479073027000
12846,12270.899255819000
12847,12271.322111199001
12848,12271.839509253001
12849,12272.704342233001
12850,12274.410546278999
12851,12275.155928758000
12852,12275.750391973001
12853,12276.595115168000
12854,12277.171308433000
12855,12277.981154868001
12856,12278.837355907001
12857,12279.859208333000
12858,12280.656993901001
12859,12281.047099906000
12860,12282.145260167001
12861,12283.185647257000
12862,12284.063479795999
12863,12284.702921511000
12864,12285.825000528999
12865,12286.671186830999
12866,12287.543087971000
12867,12287.800027851001
12868,12288.516943975999
12869,12289.329015485000
12870,12290.665969745000
12871,12291.171958229001
12872,12292.512669378000
12873,12293.199395046000
12874,12294.110846772001
12875,12294.592761741000
12876,12295.592922348000
12877,12296.172678871000
12878,12297.257745012001
12879,12298.180457016000
12880,12298.617711340001
12881,12299.409512933000
12882,12300.396366573999
12883,12300.998852063000
12884,12302.851706760001
12885,12303.245027499001
12886,12303.811932868000
12887,12304.630933992001
12888,12305.395672918999
12889,12306.394147155001
12890,12306.805033323000
12891,12307.658219637000
12892,12308.696801192000
12893,12309.714217670000
12894,12310.911375817999
12895,12311.124434588000
12896,12311.990881877000
12897,12313.067273696000
12898,12313.943678717000
12899,12314.635198796001
12900,12315.542254377000
12901,12316.084278830000
12902,12316.736807185000
12903,12317.633779382000
12904,12318.550082790000
12905,12320.039230265000
12906,12320.350796377999
12907,12321.581519576001
12908,12322.414336915999
12909,12322.695975199000
12910,12323.439818613000
12911,12324.266976417999
12912,12325.437166715001
12913,12326.262756257000
12914,12327.031853548000
12915,12327.365973833001
12916,12328.979582481999
12917,12329.593071752000
12918,12330.396269711000
12919,12331.290635232999
12920,12332.219576341000
12921,12333.032867321999
12922,12333.298784385001
12923,12334.506404989999
12924,12334.985938143000
12925,12335.592935130000
12926,12337.207963011000
12927,12338.251440933000
12928,12338.706451484000
12929,12339.694358172999
12930,12340.017565156000
12931,12341.045578142999
12932,12342.159769421000
12933,12342.784137814000
12934,12343.223697185000
12935,12344.437580031001
12936,12345.235908451001
12937,12345.813304146999
12938,12346.840041369000
12939,12347.954678587999
12940,12348.986445154000
12941,12349.709122175000
12942,12350.065945131000
12943,12351.092976294000
12944,12351.558529583001
12945,12352.514734536000
12946,12353.313935209000
12947,12354.358101274000
12948,12355.262690371999
12949,12356.169960286001
12950,12357.093339610001
12951,12357.716976042000
12952,12358.649675494000
12953,12358.982060189001
12954,12360.503992202001
12955,12361.048088654001
12956,12361.776835458000
12957,12362.422436024000
12958,12362.844140248000
12959,12364.407571153000
12960,12365.397322524999
12961,12366.320998165000
12962,12366.899604218001
12963,12367.611952038000
12964,12368.743381753000
12965,12369.121868744000
12966,12369.587323342001
12967,12371.009381096001
12968,12371.646512537000
12969,12372.442221441999
12970,12373.659128445001
12971,12374.313300823000
12972,12374.914974760000
12973,12376.001135025999
12974,12377.197188957000
12975,12377.604502135000
12976,12378.274637200000
12977,12379.162024633000
12978,12379.769068825000
12979,12380.806962336001
12980,12381.311447238000
12981,12382.432864027000
12982,12384.018643852000
12983,12384.505781678999
12984,12384.940085050999
12985,12385.752255898000
12986,12386.619178121000
12987,12387.308999352999
12988,12388.514168996000
12989,12389.044124700000
12990,12389.864863535000
12991,12390.591317736000
12992,12391.525381560001
12993,12392.686289498000
12994,12393.406451964000
12995,12394.331113499000
12996,12395.069653242001
12997,12395.937813360000
12998,12396.669857979001
12999,12397.302313258000
13000,12397.778202687001
13001,12398.691913962000
13002,12400.208167602999
13003,12400.955581868000
13004,12401.535797181001
13005,12402.608667394001
13006,12403.424450519000
13007,12403.931521603001
13008,12404.843675339000
13009,12405.827577747999
13010,12406.458864640999
13011,12407.402121806001
13012,12408.004954369000
13013,12408.728836909000
13014,12409.633133452000
13015,12411.146934629000
13016,12411.608271079000
13017,12412.867892021000
13018,12413.267257378000
13019,12413.698120396000
13020,12414.550991526001
13021,12415.778455195001
13022,12416.226911202000
13023,12417.113554427000
13024,12418.041066743999
13025,12419.250920570001
13026,12419.966704105000
13027,12420.841333251001
13028,12421.026749385999
13029,12422.577178027001
13030,12423.336855433001
13031,12423.942610298000
13032,12424.711051660999
13033,12425.158566194999
13034,12426.444257278999
13035,12426.671072129000
13036,12428.406326820999
13037,12429.285404647000
13038,12429.747261557000
13039,12430.769316431000
13040,12431.498300730000
13041,12432.031896385000
13042,12432.976525220000
13043,12433.460837430999
13044,12434.983885472000
13045,12435.460030865001
13046,12436.096601458999
13047,12437.162291496999
13048,12437.942849347000
13049,12439.281255919001
13050,12439.784041198000
13051,12440.526053203001
13052,12441.301468677000
13053,12442.383046760000
13054,12442.753882352001
13055,12443.371721080999
13056,12444.352888851001
13057,12445.331633927000
13058,12446.703279656000
13059,12447.366043466000
13060,12448.197970428000
13061,12448.583598351001
13062,12449.486880449000
13063,12450.414983954000
13064,12451.318556209000
13065,12452.303303700999
13066,12452.613303921000
13067,12453.305473936000
13068,12454.613770677999
13069,12455.482521583001
13070,12456.040281957999
13071,12457.508338150001
13072,12458.102315411999
13073,12458.945860241000
13074,12459.359700083000
13075,12460.200782698001
13076,12460.803645623000
13077,12461.863340598000
13078,12462.881804463999
13079,12463.502577305000
13080,12464.923051999000
13081,12465.223372110000
13082,12466.326207165001
13083,12466.955442048000
13084,12467.813903621000
13085,12468.756496577000
13086,12469.363851296001
13087,12470.336550877000
13088,12471.207215881001
13089,12471.445771195000
13090,12472.231377163000
13091,12474.020240977001
13092,12474.844355286001
13093,12475.422157007000
13094,12476.010497935000
13095,12476.975734481999
13096,12477.714288244000
13097,12478.374264205000
13098,12479.209024735999
13099,12480.036942680999
13100,12481.035061327000
13101,12482.027675214000
13102,12482.517970196001
13103,12483.816153708000
13104,12484.248386224999
13105,12485.211292448001
13106,12486.510616596999
13107,12486.923029932999
13108,12487.394853958000
13109,12488.243230987000
13110,12489.133244885999
13111,12489.787110335999
13112,12491.037145873001
13113,12491.903066721001
13114,12492.979062595001
13115,12493.712692580000
13116,12494.481320643001
13117,12494.854440911000
13118,12495.544744053999
13119,12497.023977307999
13120,12497.699891335000
13121,12498.072351114000
13122,12499.266572343000
13123,12499.670925381000
13124,12501.082244616000
13125,12501.767762440000
13126,12502.951500363000
13127,12503.421223498999
13128,12504.388471106000
13129,12504.934672167001
13130,12505.844261877000
13131,12506.541279929001
13132,12507.003314791000
13133,12508.121808905000
13134,12509.503083369000
13135,12510.301551013001
13136,12510.952830329001
13137,12511.403331607000
13138,12512.615533966000
13139,12513.465750179999
13140,12514.062963455000
13141,12514.878391229000
13142,12515.866278109001
13143,12516.366397110000
13144,12517.287522164999
13145,12517.947086018999
13146,12519.148518013000
13147,12520.345463872000
13148,12521.157705445999
13149,12521.536383207000
13150,12522.448504881000
13151,12523.271507621001
13152,12523.560899855000
13153,12524.726184044001
13154,12525.862772138000
13155,12526.423604161000
13156,12527.070811793001
13157,12528.682470838001
13158,12529.151639090000
13159,12529.626932440000
13160,12530.814762522001
13161,12531.464004889000
13162,12532.731156544000
13163,12533.125136295001
13164,12533.774202561999
13165,12534.302823717000
13166,12535.362202393000
13167,12536.467166439999
13168,12537.763102942001
13169,12538.187147326000
13170,12539.229806689000
13171,12539.780526189999
13172,12540.427081821999
13173,12541.491821623000
13174,12541.985296954999
13175,12542.994029121999
13176,12543.852014224000
13177,12544.703978166001
13178,12545.522769854000
13179,12546.294948377999
13180,12547.158478134001
13181,12548.622999551000
13182,12548.911941119000
13183,12549.872800789000
13184,12550.269485928000
13185,12551.251609744000
13186,12552.048492087000
13187,12552.961212488000
13188,12553.139455805000
13189,12555.139552252000
13190,12555.564020624999
13191,12556.603089146000
13192,12557.180010185000
13193,12557.948468041001
13194,12558.487270391999
13195,12559.808582432001
13196,12560.473898914001
13197,12561.246033564999
13198,12561.889869746999
13199,12562.573436459001
13200,12563.572806816001
13201,12564.943429198000
13202,12565.554388999000
13203,12566.203274089001
13204,12567.501541156000
13205,12567.979667271000
13206,12568.574700024999
13207,12569.178067583000
13208,12569.989013429000
13209,12571.195309379000
13210,12571.990365121001
13211,12572.987246897001
13212,12573.653894581999
13213,12574.682164055001
13214,12575.444289024999
13215,12575.993515063999
13216,12577.175030996001
13217,12577.893140509999
13218,12578.464846694000
13219,12579.416408112000
13220,12580.063923059000
13221,12580.795833295000
13222,12581.638799251001
13223,12583.219516749001
13224,12584.036763798000
13225,12584.695827074000
13226,12584.969984519999
13227,12585.917785699001
13228,12586.963854834999
13229,12587.450318507999
13230,12588.668515539001
13231,12589.017101553000
13232,12590.085986843000
13233,12591.320933433000
13234,12591.785981080000
13235,12592.641668235001
13236,12593.547304947000
13237,12594.850042636999
13238,12595.032918364001
13239,12596.026491651000
13240,12596.763913950999
13241,12597.531532012999
13242,12597.718735830000
13243,12599.355249620001
13244,12600.190931386000
13245,12601.233507225001
13246,12601.969550602000
13247,12602.596975946000
13248,12603.724868867999
13249,12604.022565390000
13250,12604.726753188001
13251,12605.932603916001
13252,12607.025050017999
13253,12607.388410912999
13254,12607.908311329000
13255,12609.083572808000
13256,12610.216051838999
13257,12611.079051950999
13258,12611.884537210000
13259,12612.864166765999
13260,12613.077863057000
13261,12614.250898819000
13262,12614.796579768999
13263,12615.453704129000
13264,12616.435927770000
13265,12617.314914226001
13266,12618.574475071000
13267,12619.539964590000
13268,12619.922315858999
13269,12620.643274802000
13270,12621.456635662000
13271,12622.685672428999
13272,12623.515138919000
13273,12623.835932118000
13274,12624.567955529999
13275,12625.721214914000
13276,12626.287234343001
13277,12627.185186904000
13278,12628.452032513000
13279,12629.418777770999
13280,12630.022981546999
13281,12630.899345131000
13282,12631.481355947000
13283,12631.878457733001
13284,12633.160185864999
13285,12633.703547068000
13286,12634.848545321000
13287,12635.646551420999
13288,12636.409366260999
13289,12637.308077533000
13290,12638.395884169000
13291,12639.014983506000
13292,12639.728280031000
13293,12640.635928580001
13294,12641.695390028999
13295,12642.137920300000
13296,12642.838921602000
13297,12643.625810472000
13298,12644.136926767000
13299,12646.222635796001
13300,12646.509396257999
13301,12647.229806228999
13302,12648.235496302001
13303,12648.851233433001
13304,12649.590003593999
13305,12650.289817014000
13306,12651.467816214999
13307,12651.890836848001
13308,12653.075960832000
13309,12653.465021799000
13310,12654.978986167000
13311,12655.211371632000
13312,12656.288960930000
13313,12657.633094015000
13314,12658.019611038000
13315,12658.937570710001
13316,12659.495551361000
13317,12659.921146997000
13318,12661.226396073000
13319,12661.780425786999
13320,12662.773933586001
13321,12663.796247246000
13322,12665.101403123999
13323,12665.497216058000
13324,12666.126813837000
13325,12666.807432905000
13326,12667.950859127001
13327,12668.598344423999
13328,12669.680128100001
13329,12670.251397798000
13330,12670.864754224000
13331,12671.597846180000
13332,12672.818953313999
13333,12673.824041013000
13334,12674.966451377000
13335,12675.333121477999
13336,12675.990827394000
13337,12677.140904663000
13338,12677.709518616000
13339,12678.389018037000
13340,12678.800426731001
13341,12680.329935394000
13342,12681.164615346001
13343,12681.973536631000
13344,12682.782192110000
13345,12683.550300272000
13346,12684.373691843000
13347,12685.517185082001
13348,12685.887530566000
13349,12686.905228255000
13350,12687.599987371999
13351,12688.374450904999
13352,12688.980058015000
13353,12689.813833360000
13354,12691.081610986001
13355,12692.047729951000
13356,12693.120974085999
13357,12693.554968644999
13358,12694.216166249000
13359,12694.930269320001
13360,12695.563998266000
13361,12696.937905031000
13362,12697.614708772000
13363,12698.024109484000
13364,12699.089676821999
13365,12700.221034361000
13366,12700.986759046000
13367,12701.792031126000
13368,12702.390283442999
13369,12703.873903143000
13370,12704.205762379001
13371,12704.963192777999
13372,12705.536949142001
13373,12706.501780224000
13374,12706.998479297001
13375,12708.205585375001
13376,12709.656833053001
13377,12710.138441747000
13378,12710.685098217000
13379,12711.827104698001
13380,12712.380908604000
13381,12713.182489035000
13382,12713.942000143999
13383,12715.003384572999
13384,12715.469340825000
13385,12716.757172815000
13386,12717.182245057000
13387,12717.722594913999
13388,12719.411669751000
13389,12720.153017271001
13390,12720.932312407000
13391,12721.516855177000
13392,12722.306703841999
13393,12723.072635476001
13394,12723.823199082000
13395,12724.468945331000
13396,12725.485637942000
13397,12726.399745356999
13398,12727.656000204999
13399,12728.213533749000
13400,12729.072393434000
13401,12729.773830691000
13402,12730.315410615000
13403,12731.639218008000
13404,12732.511817536000
13405,12732.890588659000
13406,12733.768964950001
13407,12734.137042660999
13408,12735.501035796000
13409,12736.434440749999
13410,12737.378437724999
13411,12738.235111357000
13412,12739.215046945999
13413,12739.733911195999
13414,12740.242307482000
13415,12741.287366738001
13416,12741.641354034000
13417,12743.109905525000
13418,12743.736901708000
13419,12744.448362301000
13420,12745.549291002000
13421,12746.488331977000
13422,12746.872680562001
13423,12748.210375930999
13424,12749.099222957000
13425,12749.302553519001
13426,12750.345051271001
13427,12751.338763038000
13428,12751.812391949999
13429,12752.424295211000
13430,12753.317813665000
13431,12754.982129328000
13432,12755.774321192999
13433,12756.281511061001
13434,12756.954013294000
13435,12757.614212996001
13436,12758.727579816999
13437,12759.474300911999
13438,12760.007415459000
13439,12761.243040506000
13440,12761.737243100000
13441,12762.525217140999
13442,12763.861621123000
13443,12764.232565902001
13444,12765.465484021999
13445,12766.256043239000
13446,12767.097096736999
13447,12767.938335712000
13448,12768.351471452999
13449,12768.962886441001
13450,12769.872734713999
13451,12770.881152292999
13452,12772.007724771000
13453,12772.689617255000
13454,12773.647020648999
13455,12774.647629513000
13456,12775.326030894999
13457,12775.567974858999
13458,12776.704501415999
13459,12777.826747183000
13460,12778.500091481999
13461,12779.070359871001
13462,12779.819758418000
13463,12780.627437523999
13464,12781.648932598000
13465,12783.120755440999
13466,12783.532268686000
13467,12784.315566048999
13468,12785.181747904000
13469,12785.742820801001
13470,12786.472683853000
13471,12787.442571142001
13472,12788.160480336001
13473,12788.754943055999
13474,12790.395740978000
13475,12790.856989989999
13476,12791.900549917000
13477,12792.084229651000
13478,12793.506556840000
13479,12794.172275649000
13480,12795.369944994000
13481,12795.489968094000
13482,12796.344024732000
13483,12797.306399687999
13484,12798.042411697999
13485,12798.635101108999
13486,12800.127155818000
13487,12801.090531917000
13488,12801.741839441000
13489,12802.413952117000
13490,12803.365737788001
13491,12803.764436416001
13492,12804.442220535000
13493,12805.692528713000
13494,12806.633999185000
13495,12807.135639057000
13496,12807.845505454001
13497,12808.939291008001
13498,12810.196864703999
13499,12810.513558375000
13500,12811.529420882000
13501,12812.394719387001
13502,12813.183911513001
13503,12813.965108507000
13504,12814.707723374000
13505,12814.913421701000
13506,12815.995413114000
13507,12817.441290561001
13508,12818.102325981999
13509,12819.331515530999
13510,12819.746680995000
13511,12820.269784441000
13512,12821.427985913000
13513,12822.026578685000
13514,12823.071538650000
13515,12823.681856370000
13516,12824.412695939000
13517,12825.493267496000
13518,12825.944002491000
13519,12827.195782020999
13520,12827.740009620000
13521,12829.285697941001
13522,12829.947853878000
13523,12830.535798653000
13524,12830.724772939000
13525,12832.108771142999
13526,12832.586931619000
13527,12833.434098365000
13528,12834.424622412000
13529,12835.246199899000
13530,12836.468697755001
13531,12837.198750750000
13532,12837.818013472001
13533,12838.578207680001
13534,12839.409520970001
13535,12840.417490542000
13536,12841.162280953000
13537,12842.002408460001
13538,12842.543847442999
13539,12843.166484342000
13540,12843.996657870999
13541,12845.782811665000
13542,12846.143681819000
13543,12847.044091832000
13544,12847.750849743999
13545,12848.754381429000
13546,12849.380200049000
13547,12849.759912279000
13548,12850.705571146000
13549,12851.857649645000
13550,12852.611431808000
13551,12853.476514733000
13552,12854.270651516999
13553,12855.130072459000
13554,12856.099341615000
13555,12856.841442311999
13556,12857.795894970999
13557,12858.517298299999
13558,12859.274480087999
13559,12859.676224288000
13560,12860.712430428999
13561,12861.751997915000
13562,12861.919312540000
13563,12863.801539120001
13564,12864.545208771000
13565,12865.160476266999
13566,12866.039019387999
13567,12866.316323407000
13568,12867.225239040999
13569,12868.680127011001
13570,12868.911503923000
13571,12869.967167224000
13572,12870.309497452999
13573,12871.703467650999
13574,12872.380696423001
13575,12873.223597929000
13576,12874.423461786000
13577,12874.977517400001
13578,12875.918171915000
13579,12876.649320287999
13580,12877.242289981999
13581,12877.905696334001
13582,12878.622168651000
13583,12879.614933856001
13584,12880.920233723000
13585,12881.828634433999
13586,12882.127332381000
13587,12883.412280869999
13588,12883.920480913001
13589,12884.824828130000
13590,12885.626689356000
13591,12886.176463718000
13592,12887.606958049000
13593,12887.918963184000
13594,12888.581407158001
13595,12889.311300936000
13596,12890.597932650000
13597,12891.799207075999
13598,12892.463361329999
13599,12893.185124957001
13600,12893.859495844999
13601,12894.525112420000
13602,12895.364442079001
13603,12896.150144297000
13604,12896.888769927000
13605,12898.136905644000
13606,12898.434318006000
13607,12900.002493426000
13608,12900.671227454999
13609,12901.145975198000
13610,12901.813742745000
13611,12903.355734344001
13612,12904.006561897000
13613,12904.285191912000
13614,12905.397386549999
13615,12905.758076702001
13616,12906.741506467000
13617,12907.763781154999
13618,12908.801278479001
13619,12909.784784353000
13620,12910.658709294999
13621,12911.303048604999
13622,12911.801718114000
13623,12912.707463123999
13624,12913.410807816999
13625,12914.312067425000
13626,12915.361760743999
13627,12915.963035575000
13628,12916.872108236001
13629,12917.503658649000
13630,12918.725600161000
13631,12919.582834609000
13632,12920.655024031001
13633,12920.793476051000
13634,12921.983668028999
13635,12922.563112968999
13636,12923.604527803000
13637,12923.945919300000
13638,12924.550903005000
13639,12926.054779683000
13640,12927.363703909001
13641,12927.752641719000
13642,12928.337542454999
13643,12929.349446124001
13644,12930.157258555000
13645,12930.620246610000
13646,12932.021305340000
13647,12932.553967439000
13648,12933.031082706000
13649,12934.062775167000
13650,12934.900923589001
13651,12935.789462479999
13652,12936.863911758001
13653,12937.645383886000
13654,12938.701903129000
13655,12939.325665906001
13656,12940.021417436999
13657,12940.403162318000
13658,12941.188998935000
13659,12942.540554843999
13660,12943.155448140000
13661,12943.888244481999
13662,12945.215606076999
13663,12945.888098388999
13664,12946.598456260999
13665,12947.483520849000
13666,12948.012262058999
13667,12949.173483795999
13668,12950.170978507000
13669,12950.370881114000
13670,12951.338822390000
13671,12952.207350941000
13672,12952.543697130001
13673,12954.208423151000
13674,12955.350246432999
13675,12955.775669514000
13676,12956.427013155000
13677,12957.142863604000
13678,12958.276139527999
13679,12958.683062050000
13680,12959.509293016001
13681,12960.316304829999
13682,12961.444931474000
13683,12962.249982264000
13684,12963.004045772999
13685,12963.922803101999
13686,12964.542595550000
13687,12965.916854902000
13688,12966.431581011000
13689,12967.161334934000
13690,12967.922966365000
13691,12968.594562202999
13692,12969.534224550000
13693,12969.858983026999
13694,12971.295382712000
13695,12972.269786782001
13696,12973.059184346001
13697,12974.288483382001
13698,12974.537955501000
13699,12975.134812455000
13700,12975.966684470999
13701,12977.003068538001
13702,12977.968672534000
13703,12978.733678536000
13704,12979.237334670001
13705,12979.826990002000
13706,12981.480384040000
13707,12981.979301779000
13708,12982.828944467001
13709,12983.962660515001
13710,12984.497524181001
13711,12985.344881962001
13712,12986.009754162000
13713,12986.540370387000
13714,12987.509958311000
13715,12988.155671074001
13716,12989.617910641000
13717,12990.399412852001
13718,12991.131575858000
13719,12992.062597878001
13720,12992.339886756001
13721,12993.688387656999
13722,12994.383591203001
13723,12995.103807398000
13724,12995.729237033000
13725,12996.832443339999
13726,12997.359344996999
13727,12998.251295811000
13728,12998.884197564999
13729,13000.701604185000
13730,13001.175339941999
13731,13001.725955869000
13732,13002.709111431001
13733,13003.130517565000
13734,13004.029500656001
13735,13004.764722122000
13736,13005.860702313001
13737,13006.406899436000
13738,13007.460262556000
13739,13008.443761435999
13740,13009.190802794001
13741,13010.145125064000
13742,13010.656744051999
13743,13011.599603068000
13744,13012.569133367000
13745,13013.606250422001
13746,13013.961568199000
13747,13014.249060099000
13748,13015.378862845000
13749,13016.364703732001
13750,13017.683202082000
13751,13018.463267904999
13752,13018.986556055999
13753,13020.065696820000
13754,13020.734800221000
13755,13021.333389981000
13756,13021.883576228000
13757,13023.181323613000
13758,13023.949284513001
13759,13024.552739924000
13760,13025.487959251999
13761,13026.461475251999
13762,13027.049302691999
13763,13028.307131523001
13764,13029.117970599000
13765,13030.029388600000
13766,13030.372567201999
13767,13031.070624495000
13768,13032.316541791000
13769,13032.568358503000
13770,13033.529506605000
13771,13034.357560963001
13772,13035.870304591001
13773,13036.697271296000
13774,13037.145933758000
13775,13037.764049457999
13776,13038.589307578000
13777,13039.643525906000
13778,13040.546036825999
13779,13041.053218678000
13780,13041.934391147000
13781,13042.719730332001
13782,13043.299400018999
13783,13044.498543202000
13784,13045.711746786001
13785,13046.066885807000
13786,13047.439484799001
13787,13047.824751807000
13788,13048.548722623000
13789,13049.448840167001
13790,13049.931550030000
13791,13050.537038896000
13792,13052.268712996000
13793,13052.584648443000
13794,13053.512423474000
13795,13054.474708774000
13796,13055.414069557000
13797,13056.104527243000
13798,13056.652615603000
13799,13057.875358731000
13800,13058.430780070001
13801,13059.321205372000
13802,13060.034856015000
13803,13060.681083273999
13804,13061.217560470999
13805,13062.805771115000
13806,13063.685773192001
13807,13064.746805445000
13808,13065.042891298999
13809,13065.924146785001
13810,13066.394722126999
13811,13067.518418989001
13812,13068.249849065000
13813,13069.157996398000
13814,13069.663091541999
13815,13070.774152634000
13816,13072.097399990000
13817,13072.238755978000
13818,13073.166638313000
13819,13074.285437305000
13820,13075.241081177001
13821,13076.037319658000
13822,13076.303497965000
13823,13077.274747349000
13824,13077.834590234999
13825,13078.941176533001
13826,13079.502784329001
13827,13081.025181249999
13828,13081.777125477000
13829,13082.461236043000
13830,13083.176850080001
13831,13084.264483061001
13832,13084.458346009000
13833,13085.350492707001
13834,13086.623584221999
13835,13087.268841412000
13836,13088.022086297000
13837,13088.515090573999
13838,13089.564562879999
13839,13090.707661697001
13840,13091.883142313000
13841,13092.337793720000
13842,13092.785581020000
13843,13094.245257525999
13844,13094.619941692999
13845,13095.067238019001
13846,13096.060984276000
13847,13096.803450296000
13848,13098.003010990000
13849,13099.022404556999
13850,13099.844186734001
13851,13100.424051399001
13852,13101.238248345000
13853,13101.911174593000
13854,13103.156827627001
13855,13103.692600259999
13856,13104.609975844000
13857,13105.036942150000
13858,13105.868423713000
13859,13106.970233458000
13860,13107.618678454000
13861,13108.732785830000
13862,13109.914887350000
13863,13110.648070298001
13864,13111.094219437000
13865,13111.920290288001
13866,13112.293383822000
13867,13113.509357118000
13868,13114.338443682000
13869,13115.037312996999
13870,13116.116407828000
13871,13116.663903029999
13872,13118.158280067000
13873,13118.380151646999
13874,13119.247323776000
13875,13120.457904995001
13876,13120.930664780000
13877,13121.841633929000
13878,13122.597043305999
13879,13123.451220262001
13880,13123.770608998000
13881,13124.493512472000
13882,13126.533334879001
13883,13126.800930511001
13884,13127.781861760999
13885,13128.314761731999
13886,13129.341612587999
13887,13129.851832887000
13888,13130.914598694000
13889,13131.304060238999
13890,13132.425375913999
13891,13133.353699382000
13892,13134.045551850000
13893,13134.667971995999
13894,13135.941140000001
13895,13136.580811690001
13896,13137.650069481000
13897,13138.600978572000
13898,13139.081962651000
13899,13139.741714397000
13900,13140.461692335000
13901,13141.266174459000
13902,13142.124210471000
13903,13143.049105407001
13904,13143.982424821999
13905,13145.191680263000
13906,13145.930508980000
13907,13146.466012636000
13908,13147.108698582000
13909,13147.838278690000
13910,13149.135852562000
13911,13149.991628775000
13912,13150.345969815000
13913,13150.953040318000
13914,13152.083716139001
13915,13152.822728546000
13916,13154.061398538001
13917,13154.894754067000
13918,13155.834554972000
13919,13156.263819410000
13920,13157.225951097000
13921,13157.915135955000
13922,13158.591768077000
13923,13159.104327894000
13924,13160.419126515000
13925,13161.115444654000
13926,13162.432080917000
13927,13163.023102630999
13928,13163.356824435999
13929,13164.760049278000
13930,13165.604270361000
13931,13166.032423946999
13932,13167.050453395999
13933,13167.757611090001
13934,13168.556615517000
13935,13169.337847253000
13936,13169.783291342001
13937,13170.894639935999
13938,13172.487680806000
13939,13172.962944729999
13940,13173.729472560000
13941,13174.419136873001
13942,13175.066067169000
13943,13175.942849294999
13944,13176.524351033000
13945,13177.917922944000
13946,13178.416268647999
13947,13178.868588071000
13948,13180.222335728000
13949,13181.130702447001
13950,13181.913301033001
13951,13182.439763135000
13952,13183.599020661000
13953,13184.711510139001
13954,13184.973793531000
13955,13185.750932295001
13956,13186.365442763001
13957,13187.122212890001
13958,13188.202266464001
13959,13189.402566795001
13960,13190.086788096000
13961,13191.156981263999
13962,13191.671794083000
13963,13192.715855341001
13964,13192.816218066000
13965,13194.284107350000
13966,13194.734086600000
13967,13195.621716226000
13968,13196.805668696999
13969,13197.013682516001
13970,13197.964880727000
13971,13198.933854823999
13972,13200.222247352000
13973,13201.011194461000
13974,13201.649035165001
13975,13202.294554843000
13976,13202.872990259000
13977,13204.011570274000
13978,13204.803811395001
13979,13204.944076598000
13980,13206.253497195001
13981,13207.725654825001
13982,13208.005694849000
13983,13209.087122000999
13984,13209.841251153999
13985,13210.183359311000
13986,13211.554901899000
13987,13212.261494525999
13988,13213.023542387000
13989,13213.670775002000
13990,13214.495413777000
13991,13214.934021056000
13992,13216.256865162000
13993,13217.256945224000
13994,13218.237768163999
13995,13218.761591990000
13996,13220.027934844000
13997,13220.335878345000
13998,13221.109341972000
13999,13221.442585868001
14000,13222.820735403000
14001,13223.692426477000
14002,13224.520399573999
14003,13225.006488530000
14004,13226.342022122000
14005,13227.040287791000
14006,13227.771082331999
14007,13228.772656113000
14008,13229.460780019999
14009,13230.284088087001
14010,13231.207809292000
14011,13231.572600838999
14012,13232.420176918000
14013,13233.230154403000
14014,13234.035177869000
14015,13235.852345867001
14016,13236.193676940000
14017,13236.990663544000
14018,13237.304671360000
14019,13238.544236295000
14020,13239.122324874001
14021,13240.107526801001
14022,13240.820251798001
14023,13241.526226569000
14024,13242.410549759001
14025,13243.447163735000
14026,13244.153155751001
14027,13244.837308243999
14028,13246.275567098000
14029,13246.881408998999
14030,13247.507943369999
14031,13248.336432583999
14032,13249.071053562000
14033,13249.524348352999
14034,13250.442188468000
14035,13251.474956263000
14036,13252.504113925999
14037,13253.320902272000
14038,13254.294796292001
14039,13254.995654196000
14040,13255.721860809999
14041,13256.484095137001
14042,13256.984359450000
14043,13258.581563080999
14044,13258.820075215999
14045,13259.732967501999
14046,13260.265294848001
14047,13260.946746064001
14048,13262.600569921000
14049,13263.255071334999
14050,13264.052103038999
14051,13264.979647856000
14052,13265.550497075001
14053,13266.263982476001
14054,13267.060719777000
14055,13267.737454550999
14056,13268.541808032000
14057,13269.596027919000
14058,13270.494003680000
14059,13271.572666526001
14060,13272.090573725000
14061,13272.909956971000
14062,13273.610867403000
14063,13274.924628794000
14064,13275.677337167001
14065,13275.966465562000
14066,13276.662715953000
14067,13277.887456992999
14068,13278.538081508001
14069,13278.909665777999
14070,13280.616141209999
14071,13281.314958974999
14072,13282.514104710999
14073,13282.853475731001
14074,13283.264018034000
14075,13284.406863542999
14076,13284.921683394001
14077,13286.197825248000
14078,13286.655994092000
14079,13287.739481270000
14080,13288.254881303999
14081,13289.299997635000
14082,13290.319467678000
14083,13291.214085062000
14084,13291.750468881000
14085,13292.760619537999
14086,13293.560455422999
14087,13294.398279911000
14088,13294.838070366000
14089,13295.559297346999
14090,13296.152379350000
14091,13297.727813338999
14092,13298.684304918999
14093,13299.319831465000
14094,13300.014158212000
14095,13300.972067231000
14096,13301.628490818999
14097,13302.348007254001
14098,13303.161200951999
14099,13304.192212892000
14100,13304.979118933001
14101,13305.316393071000
14102,13306.538080855000
14103,13307.251628931001
14104,13308.155696459000
14105,13309.489570026000
14106,13310.199837684000
14107,13310.662676618000
14108,13311.434902524999
14109,13312.150696819001
14110,13312.785901400999
14111,13313.917039231001
14112,13314.668401911000
14113,13315.252270335001
14114,13316.776159528999
14115,13317.587857320999
14116,13318.026078612000
14117,13318.662768871000
14118,13319.690537916000
14119,13320.765889967000
14120,13321.280705607000
14121,13322.252511297000
14122,13322.835238608999
14123,13323.267634980000
14124,13324.436324415001
14125,13325.356524297000
14126,13326.901216714001
14127,13327.099783436001
14128,13327.930806561000
14129,13328.832824735000
14130,13329.684438541000
14131,13330.071320186000
14132,13330.867541415000
14133,13331.752409130000
14134,13333.106605383000
14135,13333.499145614000
14136,13334.360665149999
14137,13335.249006295000
14138,13336.315048396000
14139,13336.965229330001
14140,13337.989935205000
14141,13338.556588453999
14142,13339.305653813000
14143,13340.313585058000
14144,13340.680931950001
14145,13341.555294106000
14146,13342.250647024999
14147,13343.699317639001
14148,13344.776573716001
14149,13345.138633367000
14150,13346.384614545999
14151,13346.613044255000
14152,13347.060564810001
14153,13348.579201597000
14154,13349.326683507999
14155,13349.853466332999
14156,13350.637095603999
14157,13351.486164096999
14158,13352.517754480001
14159,13353.546620003999
14160,13353.993230136000
14161,13355.175363619001
14162,13356.219447989000
14163,13356.704030424000
14164,13357.230665293000
14165,13357.900758218000
14166,13358.978692414001
14167,13359.435117744000
14168,13360.716951720000
14169,13361.736184674999
14170,13362.522297100000
14171,13363.202728288001
14172,13364.080460477000
14173,13364.874072212000
14174,13365.451497337001
14175,13366.588615404000
14176,13367.065185425001
14177,13368.226401598000
14178,13368.750491556000
14179,13369.423127509999
14180,13370.071800895001
14181,13371.768077310000
14182,13372.677532014000
14183,13373.021494323000
14184,13373.878269355000
14185,13374.534102874000
14186,13375.580851717999
14187,13376.043114677001
14188,13376.691600976999
14189,13378.015939442001
14190,13378.488590159001
14191,13379.698198001999
14192,13380.732151044000
14193,13381.053494627000
14194,13381.963770642000
14195,13382.949673388001
14196,13383.755529399001
14197,13384.778161959999
14198,13385.332043292001
14199,13385.621785461000
14200,13386.652586509001
14201,13387.503245532000
14202,13388.716842579999
14203,13389.343315026001
14204,13390.763347698001
14205,13391.223755796000
14206,13391.827252933999
14207,13392.717120779000
14208,13393.162311769000
14209,13394.070644680000
14210,13395.405445599001
14211,13395.918638962001
14212,13396.372216775000
14213,13397.593044748000
14214,13398.488149404000
14215,13399.194480972999
14216,13400.392606318001
14217,13401.021910633001
14218,13401.752733460000
14219,13402.430552591000
14220,13403.403107201000
14221,13403.965815197000
14222,13404.662135733000
14223,13405.244465534000
14224,13406.907370347000
14225,13407.883533816001
14226,13408.341752400000
14227,13409.055835693000
14228,13409.734981203001
14229,13410.913530891999
14230,13411.394775965000
14231,13412.401705048000
14232,13413.009370812000
14233,13413.855368782000
14234,13414.933835268001
14235,13415.097617679001
14236,13416.529643274000
14237,13417.441505246001
14238,13418.360759670000
14239,13419.121520490000
14240,13419.996864879000
14241,13420.367380063000
14242,13421.004802699001
14243,13421.926003293000
14244,13422.934413925999
14245,13423.703520907000
14246,13424.779659420999
14247,13425.324809432999
14248,13426.732836487001
14249,13427.306793677000
14250,13427.627896100999
14251,13428.587199211999
14252,13430.007115361001
14253,13430.289897746999
14254,13431.195695132001
14255,13431.679591034001
14256,13432.520899777001
14257,13433.322625667000
14258,13434.811628674001
14259,13435.638978536001
14260,13436.244436351000
14261,13437.027702166000
14262,13437.881692749001
14263,13438.309033834999
14264,13439.293466636000
14265,13440.151624266000
14266,13440.704027027001
14267,13441.831698923999
14268,13442.898231188999
14269,13443.358722511000
14270,13444.340292669000
14271,13445.009416109000
14272,13446.424461131999
14273,13447.003314816000
14274,13447.373847425000
14275,13448.362595852001
14276,13449.163492965001
14277,13449.726003465001
14278,13450.658914042000
14279,13451.331873917999
14280,13452.904528110999
14281,13453.639774153000
14282,13454.288346125000
14283,13455.002759375000
14284,13455.717429213000
14285,13456.411831322999
14286,13457.264937026001
14287,13458.472826314999
14288,13459.001361048000
14289,13459.744566035000
14290,13460.142035520001
14291,13461.927148840001
14292,13462.175279194000
14293,13463.451114856000
14294,13464.023014024000
14295,13464.961880819999
14296,13465.768920652999
14297,13466.404818442999
14298,13467.124664385001
14299,13467.298736272000
14300,13468.992754688999
14301,13469.624935436999
14302,13470.718356568001
14303,13471.589550352999
14304,13472.182814325000
14305,13472.974973795001
14306,13473.759322172000
14307,13474.791777987000
14308,13475.345684612999
14309,13476.236428460999
14310,13476.991399130000
14311,13477.651889176999
14312,13478.599844891000
14313,13479.181687766000
14314,13480.661873737999
14315,13481.655233666001
14316,13482.344876269000
14317,13482.651846995001
14318,13483.408149942999
14319,13484.343706878000
14320,13485.252228148000
14321,13485.819676887000
14322,13486.799678301000
14323,13487.572440895001
14324,13488.872415907001
14325,13489.379276132000
14326,13490.175436803000
14327,13491.089125240000
14328,13491.743960141001
14329,13493.020843263001
14330,13493.546433695999
14331,13493.987518456001
14332,13495.134640009999
14333,13495.387696714000
14334,13496.320566953000
14335,13497.976884244001
14336,13498.673083418000
14337,13499.062807300001
14338,13500.388398003999
14339,13500.879642133999
14340,13501.641100598999
14341,13502.070283120000
14342,13503.131672674001
14343,13504.271325051999
14344,13504.813964539000
14345,13505.631872381000
14346,13506.361267867000
14347,13507.347036416000
14348,13508.662038582001
14349,13508.933926903001
14350,13510.043036642001
14351,13510.998237525000
14352,13511.192699916000
14353,13512.073531549000
14354,13513.095539395999
14355,13513.536267895999
14356,13514.434503519000
14357,13515.739065753000
14358,13516.868390996000
14359,13517.426489486001
14360,13517.945456560001
14361,13518.645872330000
14362,13519.585309198999
14363,13520.736659110000
14364,13521.342482051001
14365,13521.885910909999
14366,13522.677794686000
14367,13523.616741369000
14368,13524.525267710000
14369,13525.304246490001
14370,13526.470243723999
14371,13527.466724133999
14372,13527.899090450001
14373,13528.705817361000
14374,13529.458524625001
14375,13530.073182444999
14376,13530.705386551001
14377,13531.819217892000
14378,13532.997705906000
14379,13533.381153341001
14380,13534.632019281000
14381,13535.213406298000
14382,13536.172138229000
14383,13536.900031014000
14384,13537.788740366001
14385,13538.259647215000
14386,13539.560370486999
14387,13540.200658856000
14388,13540.678659342000
14389,13541.118165107000
14390,13542.465998684000
14391,13543.801534177001
14392,13544.511833086999
14393,13545.389884128001
14394,13545.629011081000
14395,13546.796162815999
14396,13547.360724669999
14397,13548.064922834001
14398,13549.104923315999
14399,13549.836617446001
14400,13550.641674357999
14401,13551.513797404999
14402,13552.670565060000
14403,13553.399112564000
14404,13553.617923690999
14405,13555.495451336001
14406,13555.677423409001
14407,13556.612127595999
14408,13557.229323767000
14409,13557.683741917999
14410,13558.822560522000
14411,13559.541177050000
14412,13560.436515157000
14413,13561.708370327000
14414,13562.545272337000
14415,13563.182147131000
14416,13564.098637448000
14417,13564.359559852001
14418,13565.288986719999
14419,13566.529537840001
14420,13566.995791355999
14421,13567.909217076000
14422,13568.762340171999
14423,13569.185855169000
14424,13570.287461057000
14425,13571.689272527999
14426,13572.155533425999
14427,13573.110893501000
14428,13573.570377361000
14429,13574.692801534000
14430,13575.303057108000
14431,13575.776166599000
14432,13576.726429451999
14433,13577.324048553999
14434,13579.063607398000
14435,13579.551114029000
14436,13580.179873839999
14437,13581.128400813001
14438,13581.988825548000
14439,13582.555256838001
14440,13583.635921419000
14441,13584.386578457999
14442,13585.162407362999
14443,13585.563759078001
14444,13586.922409622000
14445,13587.031321295000
14446,13588.439659135000
14447,13589.470177773001
14448,13590.353260111000
14449,13591.178775139000
14450,13591.865706455999
14451,13592.233822988001
14452,13592.969616203000
14453,13593.998781724000
14454,13595.084483457000
14455,13595.690328516999
14456,13596.227801992000
14457,13597.700270801000
14458,13598.364883990000
14459,13599.130278926999
14460,13599.712487913999
14461,13600.921680797999
14462,13601.585173486999
14463,13602.601861986999
14464,13602.798531623999
14465,13603.953385700999
14466,13604.200195148000
14467,13605.291782459000
14468,13606.739099467000
14469,13607.538098233001
14470,13608.340404848001
14471,13608.820619820001
14472,13609.529356874000
14473,13610.844677310000
14474,13611.075909982999
14475,13611.758081511000
14476,13613.049903154000
14477,13613.787280107999
14478,13614.384904893001
14479,13615.445173147000
14480,13616.005258818999
14481,13617.300107204999
14482,13618.216193363000
14483,13618.894820291000
14484,13619.404413333001
14485,13620.224594891000
14486,13621.145106110000
14487,13621.669606547001
14488,13622.315420471999
14489,13623.676087000000
14490,13624.355536012001
14491,13625.627252824001
14492,13626.295082883000
14493,13626.904939661001
14494,13627.501044557001
14495,13628.321740163001
14496,13629.450682523000
14497,13630.363852627001
14498,13630.877084166001
14499,13631.385942962001
14500,13632.214779507000
14501,13633.465675770000
14502,13634.344290929001
14503,13635.255222420999
14504,13635.976373484000
14505,13637.038492866999
14506,13637.707151667000
14507,13637.876493050000
14508,13639.037364680000
14509,13639.541421207001
14510,13640.746878944999
14511,13641.469177626001
14512,13642.672314314999
14513,13643.234016877001
14514,13644.010147048000
14515,13644.996999915000
14516,13645.661886758000
14517,13646.762346039999
14518,13647.238381969000
14519,13648.039816207000
14520,13648.800043051000
14521,13649.882606341000
14522,13650.109478692000
14523,13650.916382220999
14524,13652.835117234999
14525,13653.476711039000
14526,13653.762102740000
14527,13654.713337732999
14528,13655.590274721000
14529,13655.925513990000
14530,13657.127325121000
14531,13657.941548508999
14532,13658.470557266000
14533,13659.599223126001
14534,13660.250093893001
14535,13661.354723525999
14536,13662.067096487999
14537,13662.937704301999
14538,13663.692566248001
14539,13664.776133507999
14540,13665.495536851000
14541,13665.980843927000
14542,13666.715984316999
14543,13667.162999003000
14544,13668.507692372999
14545,13669.388333483001
14546,13670.577198501000
14547,13670.983470444000
14548,13672.162385369000
14549,13672.798654476999
14550,13673.300528062000
14551,13674.028043195000
14552,13675.179696977000
14553,13675.949469577999
14554,13676.763183637000
14555,13677.328035529001
14556,13678.024477833000
14557,13679.333460098000
14558,13679.964084339001
14559,13681.372752286999
14560,13681.980530243000
14561,13682.234714075001
14562,13683.229032482999
14563,13684.081779315000
14564,13684.758085766000
14565,13685.433661908000
14566,13686.248689522999
14567,13687.430808019000
14568,13688.567819923999
14569,13689.300571590000
14570,13689.685561073000
14571,13690.391711208000
14572,13691.686753750000
14573,13692.528798697000
14574,13692.919057114001
14575,13693.833950459000
14576,13694.687839496000
14577,13695.186552102001
14578,13696.062136488001
14579,13697.293211881000
14580,13698.179567505000
14581,13699.198073115000
14582,13699.768643322999
14583,13700.570303865999
14584,13701.138209289000
14585,13702.066090636999
14586,13702.315412069000
14587,13703.844250806000
14588,13704.597265680000
14589,13705.207588154000
14590,13705.973534535000
14591,13707.373448715000
14592,13707.761298050000
14593,13708.847724701000
14594,13709.270157285000
14595,13710.519841719000
14596,13711.119109413999
14597,13711.909375884999
14598,13712.327507935999
14599,13713.265801578000
14600,13713.876172800001
14601,13715.656537995999
14602,13716.087378327000
14603,13717.184990223001
14604,13717.586911351000
14605,13718.318091232000
14606,13719.215370206000
14607,13719.902914038999
14608,13721.105177367001
14609,13721.465504656000
14610,13722.178491486000
14611,13723.476717308000
14612,13724.177958061000
14613,13724.694607609999
14614,13725.950825582000
14615,13726.929389389001
14616,13727.666684448999
14617,13728.405412161999
14618,13728.871256183000
14619,13729.467424985000
14620,13730.756095831999
14621,13731.107283910000
14622,13732.113630401000
14623,13733.368971428001
14624,13734.220097336000
14625,13734.900000430000
14626,13735.629213443999
14627,13736.519623957000
14628,13736.959412482000
14629,13738.016249069000
14630,13739.112801552001
14631,13739.668439024999
14632,13740.170758840000
14633,13741.044046212000
14634,13741.753510281000
14635,13743.441466819000
14636,13743.999687486001
14637,13744.579490706999
14638,13745.585531164001
14639,13746.225342092001
14640,13747.234352075000
14641,13747.459449628001
14642,13748.222635443000
14643,13749.413278602000
14644,13750.375195029999
14645,13751.097852804000
14646,13752.063388791001
14647,13752.978526704999
14648,13753.314643137999
14649,13754.533621291001
14650,13755.382270591999
14651,13756.281684530000
14652,13756.471909013000
14653,13757.713988306999
14654,13758.062443803001
14655,13759.082701322001
14656,13759.905814768001
14657,13760.983672111000
14658,13762.322996940000
14659,13762.798155437000
14660,13763.495970485999
14661,13763.860985887000
14662,13764.763439845001
14663,13765.962029621000
14664,13766.403145134000
14665,13767.637946242001
14666,13767.883589992000
14667,13768.958616395999
14668,13770.105793086001
14669,13770.804563510001
14670,13771.440396601000
14671,13772.680808842000
14672,13773.424240689999
14673,13773.764480909000
14674,13775.097703586000
14675,13775.350817789000
14676,13775.952741863000
14677,13776.819281669001
14678,13778.269290032000
14679,13779.342685472000
14680,13779.695472485000
14681,13780.501722973000
14682,13781.573319034000
14683,13782.116110674000
14684,13782.804971719001
14685,13783.796303646999
14686,13784.420405703000
14687,13785.725938072001
14688,13785.930137813000
14689,13786.700240642000
14690,13787.766870236999
14691,13788.865677264999
14692,13789.960702857001
14693,13790.396653244001
14694,13791.276315861000
14695,13792.007703695001
14696,13792.491227537001
14697,13793.298659730001
14698,13794.351286801000
14699,13795.056716325000
14700,13795.793031878000
14701,13797.313109564000
14702,13797.733480224000
14703,13798.647667933001
14704,13799.282777404000
14705,13799.798590506000
14706,13801.287978832999
14707,13802.022133558001
14708,13802.381092692000
14709,13803.032438965000
14710,13803.930709599001
14711,13804.879994078001
14712,13805.696573055000
14713,13807.101717647000
14714,13807.666035938000
14715,13808.379932088999
14716,13809.280031634000
14717,13809.929137810999
14718,13810.419228002000
14719,13811.319244775001
14720,13812.259715226000
14721,13813.180474368000
14722,13813.963428841000
14723,13814.964116151999
14724,13815.402890500000
14725,13816.554150677999
14726,13817.624223434999
14727,13818.128184797000
14728,13818.882079196999
14729,13819.716840711000
14730,13820.554594132000
14731,13821.201538844000
14732,13821.955707850000
14733,13822.323971454000
14734,13824.131851131000
14735,13824.890855496000
14736,13825.871513978000
14737,13826.116436136999
14738,13827.043619075001
14739,13827.760699856000
14740,13828.626280467000
14741,13829.484937367000
14742,13830.369242882000
14743,13831.087325265000
14744,13831.514542687000
14745,13832.833420981000
14746,13833.808341518001
14747,13834.283280084001
14748,13835.358887312001
14749,13836.503551350999
14750,13837.044075547001
14751,13837.517163503000
14752,13838.201925728999
14753,13839.089260069000
14754,13839.727783660999
14755,13841.174410426000
14756,13841.595907957000
14757,13842.698734526000
14758,13843.872596195000
14759,13844.246504508001
14760,13844.710240420000
14761,13846.076126604999
14762,13846.438799437001
14763,13847.649880145000
14764,13848.162346997000
14765,13849.008597516000
14766,13849.830915218001
14767,13850.134864166999
14768,13851.728780181000
14769,13852.867651267001
14770,13853.357445221000
14771,13854.276557147999
14772,13854.471820799999
14773,13855.722951587000
14774,13856.342645122000
14775,13857.107493605001
14776,13857.641441386000
14777,13858.936709721000
14778,13859.806515865001
14779,13860.775173566000
14780,13861.240803724000
14781,13862.148449885000
14782,13863.062929210000
14783,13863.989908543001
14784,13864.674095558001
14785,13865.566557552000
14786,13865.975915589999
14787,13866.734320378000
14788,13867.674121024000
14789,13868.414090078000
14790,13869.799934993000
14791,13870.532680098000
14792,13871.322612287000
14793,13872.276828914000
14794,13872.749950063000
14795,13873.418006960001
14796,13873.881056505001
14797,13875.641801540000
14798,13875.913238827001
14799,13876.574495747000
14800,13877.491214067000
14801,13878.452700551999
14802,13879.582603921999
14803,13880.058118237999
14804,13881.241346430999
14805,13881.702378931001
14806,13882.800179158001
14807,13883.396013771000
14808,13883.919484771999
14809,13884.678662554001
14810,13885.591241210001
14811,13886.344064315999
14812,13888.086042254999
14813,13888.465077190000
14814,13889.037508056001
14815,13889.883007570001
14816,13890.686721960001
14817,13891.573186993999
14818,13892.437536527999
14819,13893.042726576001
14820,13893.756952005000
14821,13894.911990320999
14822,13895.322023105000
14823,13896.276225326999
14824,13897.187941239999
14825,13898.559842024000
14826,13899.154461609000
14827,13899.848603846000
14828,13900.306459849000
14829,13901.409397582000
14830,13901.778407371001
14831,13902.694644986999
14832,13903.698166452001
14833,13904.556985239000
14834,13905.438556276000
14835,13906.348915856001
14836,13907.346710604999
14837,13907.974053300000
14838,13908.299979019001
14839,13909.671272628000
14840,13910.369176206001
14841,13911.195120500999
14842,13912.041241024999
14843,13912.266074347999
14844,13912.965064098000
14845,13914.573601714999
14846,13915.501600252001
14847,13916.076739796001
14848,13917.141622529000
14849,13917.747197004001
14850,13918.368006299999
14851,13919.185951838999
14852,13919.841552313001
14853,13920.722522131000
14854,13921.695160926000
14855,13922.562763337000
14856,13923.209573032000
14857,13924.465071122000
14858,13924.758376312000
14859,13925.850134348000
14860,13926.956195106000
14861,13927.756328854000
14862,13928.082060993000
14863,13928.757986037999
14864,13929.893769120999
14865,13930.557892461000
14866,13931.025051903000
14867,13932.156812812000
14868,13933.663532586999
14869,13934.222578327999
14870,13934.930667684001
14871,13935.521887671001
14872,13936.174604824000
14873,13937.194969374999
14874,13938.032204997000
14875,13938.878282402000
14876,13939.643684205001
14877,13940.075169800000
14878,13941.281672117000
14879,13941.979028677000
14880,13943.175701733000
14881,13944.083871561999
14882,13944.412003515001
14883,13945.674758704999
14884,13946.359667187000
14885,13946.815277021000
14886,13947.491028228000
14887,13948.152410485000
14888,13949.411206711000
14889,13950.494239735999
14890,13951.085409466999
14891,13952.184288408000
14892,13952.556515171000
14893,13953.901247342999
14894,13954.198830904001
14895,13954.921698407999
14896,13956.258905062999
14897,13956.716308651999
14898,13957.454932037999
14899,13958.105583140999
14900,13959.111024890000
14901,13959.746781383999
14902,13961.403276146000
14903,13961.907816298000
14904,13962.700479892001
14905,13963.433299161001
14906,13963.835387005000
14907,13964.780677782999
14908,13965.666915530999
14909,13966.491957437000
14910,13967.193887633000
14911,13967.985729086000
14912,13969.468703252000
14913,13969.941969346000
14914,13970.471572138000
14915,13971.385050425000
14916,13972.543669055000
14917,13973.330995782000
14918,13973.883258276999
14919,13974.615602680000
14920,13975.236854411000
14921,13976.175435585999
14922,13976.718246421000
14923,13978.277446282000
14924,13978.989253410000
14925,13979.899009118000
14926,13980.490280272999
14927,13981.402711348999
14928,13981.912479560000
14929,13982.747616713001
14930,13983.406158815000
14931,13984.529962654000
14932,13985.501518958001
14933,13986.059926331000
14934,13986.441926912999
14935,13987.991457069000
14936,13988.737164128999
14937,13989.547270515000
14938,13990.514943300001
14939,13990.907268826000
14940,13991.891149220000
14941,13992.613054336000
14942,13993.369045467000
14943,13993.701595859000
14944,13994.891315749001
14945,13996.248244496999
14946,13996.841127375999
14947,13998.009841825000
14948,13998.259418177000
14949,13999.101608511000
14950,13999.733238284000
14951,14001.228725729999
14952,14001.549249129001
14953,14002.215706513000
14954,14003.102217461999
14955,14003.814021270000
14956,14004.818601622999
14957,14005.779164942000
14958,14006.467649554999
14959,14007.864900352000
14960,14008.416056563001
14961,14008.858773688000
14962,14009.841452020000
14963,14010.137225799999
14964,14011.150712642000
14965,14012.348461314999
14966,14012.675260132000
14967,14014.016176259000
14968,14014.760290742999
14969,14015.547714341999
14970,14016.445517909000
14971,14017.059089308001
14972,14018.044314358000
14973,14018.647898984000
14974,14019.688291712000
14975,14020.420069545000
14976,14020.914730705999
14977,14021.716609286999
14978,14022.285603753000
14979,14024.000636588000
14980,14025.037441541999
14981,14025.349819061999
14982,14025.811401495999
14983,14027.123025294000
14984,14027.775707892000
14985,14028.126282386000
14986,14029.135976684000
14987,14030.240411315001
14988,14030.702277738999
14989,14031.819920968999
14990,14032.680650083999
14991,14033.331188861001
14992,14034.267440927000
14993,14035.197034016999
14994,14036.123097951000
14995,14036.743996277000
14996,14037.537522314000
14997,14038.018552629999
14998,14038.656691931999
14999,14039.919507610000
15000,14040.459877073001
15001,14041.666280535001
15002,14042.644252755001
15003,14043.677663842000
15004,14043.963420714999
15005,14044.681410936000
15006,14045.372527997000
15007,14046.389206492000
15008,14047.544127857000
15009,14047.960141650001
15010,14048.597689828999
15011,14049.455677230000
15012,14050.453265980001
15013,14051.441535241000
15014,14052.354796744999
15015,14053.232594298999
15016,14053.846283917001
15017,14054.754938304000
15018,14055.144895780000
15019,14056.310044944001
15020,14056.755655790001
15021,14057.211840172000
15022,14058.853053004001
15023,14059.717925147001
15024,14060.417068387000
15025,14061.141556979999
15026,14061.869752649000
15027,14062.761748114999
15028,14063.805784871000
15029,14064.272638908000
15030,14065.014244935001
15031,14066.035218100000
15032,14066.687666309001
15033,14067.346468494001
15034,14068.019474913001
15035,14069.723702695001
15036,14070.134813997000
15037,14071.262807662000
15038,14071.858761255000
15039,14072.580639475000
15040,14072.835610765000
15041,14074.164884442000
15042,14074.625386783000
15043,14075.942619567000
15044,14076.390773376999
15045,14077.166822147999
15046,14078.535454102001
15047,14079.206170923000
15048,14079.788965774000
15049,14080.512718735001
15050,14081.697215049000
15051,14082.633542348000
15052,14083.017607021000
15053,14083.602195410000
15054,14084.434306027000
15055,14085.141695456001
15056,14086.337375235000
15057,14087.495147078000
15058,14088.276127421001
15059,14088.854902063000
15060,14089.766549832000
15061,14090.338963668000
15062,14091.154510832001
15063,14091.883790686001
15064,14092.826410281001
15065,14093.600006193999
15066,14094.432728463000
15067,14095.254538126999
15068,14096.109128861999
15069,14096.685757052999
15070,14098.377849693999
15071,14098.717246984999
15072,14099.406045244999
15073,14100.127913307000
15074,14100.945925181000
15075,14101.812148670000
15076,14102.229783020000
15077,14103.241334677001
15078,14104.034786425000
15079,14105.588001164000
15080,14106.260446527000
15081,14106.515802521000
15082,14107.657792356000
15083,14108.227637127000
15084,14109.016341611001
15085,14110.148099201000
15086,14110.853877105999
15087,14111.558645367000
15088,14111.979059067000
15089,14112.904709844999
15090,14114.202946715001
15091,14114.930659909000
15092,14115.891609483000
15093,14116.718666233999
15094,14117.368395165000
15095,14118.522584857001
15096,14118.644967838000
15097,14119.156253015000
15098,14120.360872973000
15099,14121.520164834001
15100,14122.026879245001
15101,14123.070304487001
15102,14123.867953939000
15103,14124.887812998000
15104,14125.335937684000
15105,14126.271289266000
15106,14127.247336322000
15107,14128.060027723999
15108,14128.348484533000
15109,14129.655340296000
15110,14130.069690339000
15111,14130.636479497000
15112,14131.780754691001
15113,14133.242112993001
15114,14133.971842618999
15115,14134.535372090000
15116,14135.220707899000
15117,14135.695293924000
15118,14136.892611888999
15119,14137.569602247000
15120,14138.467977798000
15121,14138.849373606001
15122,14140.300868464999
15123,14140.733898131000
15124,14141.794748296999
15125,14142.652715656999
15126,14143.224517556000
15127,14144.566030795000
15128,14145.119561809999
15129,14145.819296178001
15130,14146.453398260999
15131,14147.213898951000
15132,14147.914467463999
15133,14148.638104272000
15134,14150.274646869000
15135,14150.674812744999
15136,14151.595215238000
15137,14152.651947013999
15138,14153.128091856999
15139,14153.959566309000
15140,14154.335589533001
15141,14155.576897252000
15142,14156.566229020000
15143,14157.112011822001
15144,14157.770737790999
15145,14158.415164274000
15146,14159.649228384000
15147,14160.762203159000
15148,14161.440699989000
15149,14162.218578135000
15150,14163.037268844000
15151,14163.626115898000
15152,14164.478291493000
15153,14164.981551371000
15154,14165.955200459999
15155,14166.681484193001
15156,14167.754224599999
15157,14168.964777927000
15158,14169.654653686001
15159,14170.145602070001
15160,14170.719355648000
15161,14172.158659332999
15162,14172.627240966000
15163,14173.572065922999
15164,14174.369547992001
15165,14174.537794405000
15166,14175.812314122000
15167,14176.667427734999
15168,14177.154839706000
15169,14178.783249568000
15170,14179.422941655001
15171,14180.418114078000
15172,14180.536132122001
15173,14181.600279998000
15174,14182.274000969999
15175,14182.829285292000
15176,14184.042040165001
15177,14185.029380553000
15178,14185.326047639001
15179,14186.502544622001
15180,14187.454147524000
15181,14188.097451083000
15182,14189.192297006000
15183,14189.734790459001
15184,14190.458381639000
15185,14191.661543426000
15186,14192.220424231000
15187,14192.687704553000
15188,14193.365806360000
15189,14194.174238935000
15190,14195.793051113000
15191,14196.598951079000
15192,14197.074405156000
15193,14198.086878296999
15194,14198.630661730000
15195,14199.473119622000
15196,14200.147773069000
15197,14201.097159382000
15198,14201.841548042001
15199,14202.749889889001
15200,14203.303516927001
15201,14204.408499331001
15202,14205.145378419000
15203,14206.029610924999
15204,14206.971319545000
15205,14208.295415529001
15206,14208.452740659000
15207,14208.990914067999
15208,14209.836896375000
15209,14210.696884658000
15210,14211.666495240999
15211,14212.108927076000
15212,14213.390255160000
15213,14214.414795186000
15214,14215.228330062000
15215,14215.926427771001
15216,14216.494144402999
15217,14217.065857242000
15218,14218.521761321999
15219,14219.060947118000
15220,14219.637262017999
15221,14220.647117060000
15222,14221.267997158000
15223,14221.736285413999
15224,14223.308902281000
15225,14224.227007205000
15226,14224.968579966000
15227,14225.486192348000
15228,14226.579156644000
15229,14227.066464244999
15230,14227.982862649000
15231,14228.346812197000
15232,14229.250727471999
15233,14230.516239043000
15234,14231.301598913000
15235,14232.256563591000
15236,14232.571719981999
15237,14233.993281916000
15238,14234.398639589001
15239,14235.374542497000
15240,14236.369783659000
15241,14236.695670978001
15242,14237.780589825999
15243,14238.378036044000
15244,14238.942711742000
15245,14239.949746411001
15246,14240.944802914000
15247,14242.231823906999
15248,14242.994667576000
15249,14243.502743690000
15250,14244.148655105000
15251,14245.070016828000
15252,14245.368428398000
15253,14246.938088589000
15254,14247.413285236000
15255,14248.142035928000
15256,14248.719417615001
15257,14250.246652776001
15258,14250.825862799000
15259,14251.383071329999
15260,14252.531453027001
15261,14253.478630068001
15262,14254.074195335999
15263,14254.863957342001
15264,14255.497557874000
15265,14256.067406519000
15266,14256.840012496999
15267,14257.985363033000
15268,14258.960409793001
15269,14260.291093065000
15270,14260.429345140001
15271,14261.208247652999
15272,14262.320587787000
15273,14262.869989944000
15274,14263.686866370001
15275,14264.332771615000
15276,14265.603969608999
15277,14266.010805918000
15278,14266.927499980000
15279,14267.398198868999
15280,14268.584651548001
15281,14269.887604953999
15282,14270.692584634000
15283,14270.943620694999
15284,14271.974583206000
15285,14272.580981515999
15286,14273.427539855000
15287,14274.116675085001
15288,14274.753226310000
15289,14275.915823820000
15290,14276.806138653999
15291,14277.744641395000
15292,14278.727220777000
15293,14279.158657690001
15294,14279.818345829000
15295,14280.794739094999
15296,14282.001725534999
15297,14282.488428041001
15298,14283.207173793000
15299,14283.568998598999
15300,14284.757239479000
15301,14285.393312939999
15302,14286.874518187000
15303,14287.338726264001
15304,14288.363922363000
15305,14289.434330593000
15306,14289.813855850000
15307,14290.198761957001
15308,14291.135089873000
15309,14292.176064973000
15310,14292.835703802000
15311,14293.935461716001
15312,14294.484140549001
15313,14295.458070204000
15314,14296.344439031000
15315,14297.129813713000
15316,14298.098113260001
15317,14298.833568202999
15318,14299.588795775000
15319,14300.273296271000
15320,14301.018695846000
15321,14301.938178095999
15322,14302.531441093999
15323,14302.880594703000
15324,14305.056677363000
15325,14305.391054440999
15326,14306.149387603000
15327,14306.938064123000
15328,14307.417735266001
15329,14308.550649006000
15330,14309.185228546001
15331,14309.976471692000
15332,14310.975220413000
15333,14311.411075128000
15334,14312.495657048999
15335,14313.167879139000
15336,14314.306805085000
15337,14314.915656036999
15338,14316.251519554000
15339,14316.570501489001
15340,14317.690463089000
15341,14318.128917943999
15342,14318.830553532000
15343,14319.282465896000
15344,14320.568477391000
15345,14321.550779638001
15346,14322.141077602000
15347,14323.322064349000
15348,14324.202710953001
15349,14324.764269689000
15350,14325.499656679000
15351,14326.151358294001
15352,14327.161098512999
15353,14328.167196167000
15354,14328.858421485000
15355,14329.265337196999
15356,14329.979066567999
15357,14331.089677907999
15358,14332.091740555001
15359,14333.216148478001
15360,14334.192466029999
15361,14334.303079953001
15362,14335.148928660999
15363,14336.164439480999
15364,14336.920719358999
15365,14337.194967580999
15366,14338.605927060000
15367,14338.945818982000
15368,14340.578000871999
15369,14340.932401718001
15370,14341.931788677000
15371,14342.305208891999
15372,14343.592516062001
15373,14344.584373635000
15374,14345.027622444000
15375,14345.640661740001
15376,14346.594604988000
15377,14347.369475669000
15378,14347.866163102000
15379,14348.830323882999
15380,14350.100311241000
15381,14351.112036234999
15382,14351.711493735000
15383,14352.451908284000
15384,14353.284169355000
15385,14353.684133465000
15386,14354.455608921000
15387,14355.720935666999
15388,14356.381601327001
15389,14357.168412629000
15390,14357.749232943999
15391,14358.672633744000
15392,14360.065038569001
15393,14360.569543518001
15394,14361.150138303999
15395,14362.329596325000
15396,14363.168897158999
15397,14363.632647463999
15398,14364.351343910999
15399,14365.061440670001
15400,14365.668694710999
15401,14366.911796275001
15402,14368.158104917000
15403,14368.762365834000
15404,14369.424929080000
15405,14370.468081019000
15406,14370.839053539001
15407,14371.700970827000
15408,14372.893840617000
15409,14373.398287726999
15410,14373.976634715000
15411,14375.054216695000
15412,14375.846711243001
15413,14376.448428493000
15414,14377.393554224000
15415,14378.813662933000
15416,14379.381326758999
15417,14380.302690357999
15418,14380.652095965001
15419,14381.275534812001
15420,14382.312399889001
15421,14383.081683947001
15422,14383.769526140000
15423,14384.687166393000
15424,14385.741264701001
15425,14386.715120419000
15426,14387.513368604999
15427,14387.865172334999
15428,14389.040862211999
15429,14389.578356305001
15430,14390.716070388000
15431,14391.384896125999
15432,14392.194096587000
15433,14392.635923960999
15434,14393.217449876000
15435,14394.465526028000
15436,14395.766510848000
15437,14396.470602253999
15438,14397.061773318999
15439,14397.933471591999
15440,14398.987326643000
15441,14399.131587250000
15442,14400.193422824001
15443,14400.541687650000
15444,14402.165883825000
15445,14402.752059828999
15446,14403.088925579999
15447,14404.662531040000
15448,14404.978034064001
15449,14405.947742769000
15450,14407.137193787001
15451,14407.660380408000
15452,14408.365713740001
15453,14409.281964508000
15454,14409.735542738999
15455,14410.622645019999
15456,14411.389008575001
15457,14412.133486966000
15458,14413.421505199000
15459,14414.573492660000
15460,14415.258642909001
15461,14415.583225676000
15462,14416.196774287000
15463,14417.266628264000
15464,14418.193391813000
15465,14419.064708211999
15466,14419.497056095999
15467,14420.457253512999
15468,14421.064735357000
15469,14422.496872268999
15470,14422.717057284000
15471,14424.084004679000
15472,14424.821740011001
15473,14425.628875507000
15474,14426.389771157001
15475,14426.940908529999
15476,14427.679487568999
15477,14428.367044670000
15478,14429.108955666999
15479,14430.420179414999
15480,14431.469346586000
15481,14431.826028206000
15482,14432.795038491000
15483,14433.851187442000
15484,14434.322011136001
15485,14435.049326353001
15486,14435.984452205999
15487,14436.897961786000
15488,14437.530267679000
15489,14438.442520707000
15490,14438.836811211000
15491,14439.579847362000
15492,14441.372734237000
15493,14441.824679711000
15494,14442.766065496000
15495,14443.352399175999
15496,14444.152942938001
15497,14444.822120372000
15498,14445.360257208000
15499,14446.653191597001
15500,14447.109840687001
15501,14447.922506340001
15502,14449.132794751000
15503,14449.951624129000
15504,14450.705122503001
15505,14451.418267802999
15506,14452.005671698000
15507,14453.579166568999
15508,14453.919149320000
15509,14454.643456612001
15510,14455.077743747001
15511,14456.068295560999
15512,14456.873621241000
15513,14457.704774563999
15514,14458.892072699000
15515,14459.853925342000
15516,14460.723009931000
15517,14461.056439976999
15518,14462.049895733000
15519,14462.616608438000
15520,14463.289287011999
15521,14464.453779212001
15522,14465.200997092999
15523,14465.930372479001
15524,14466.743208026001
15525,14467.397547522000
15526,14468.613234873999
15527,14469.456955893000
15528,14470.384412343999
15529,14471.075549297000
15530,14471.397522862000
15531,14472.789214424000
15532,14473.367164810001
15533,14473.620897270001
15534,14474.446642086001
15535,14475.757681245999
15536,14476.881446391000
15537,14477.720910745000
15538,14478.217900123000
15539,14478.989911536000
15540,14479.714005072001
15541,14480.841720824001
15542,14481.210025278000
15543,14482.497363221000
15544,14482.844151713000
15545,14483.720736167999
15546,14484.328900173001
15547,14485.581113529999
15548,14486.291820945000
15549,14487.201600486000
15550,14488.535957746000
15551,14488.835733128000
15552,14489.551339764999
15553,14490.254350666000
15554,14490.781887498000
15555,14491.789611894001
15556,14492.841820235000
15557,14493.557013677000
15558,14494.207889290999
15559,14495.708917881000
15560,14496.035209436001
15561,14497.023438725000
15562,14497.404889351001
15563,14498.693674231001
15564,14499.343559142000
15565,14500.149700432001
15566,14500.920173912000
15567,14501.356488703999
15568,14502.368838648001
15569,14502.833113619999
15570,14504.744089440001
15571,14505.278383680001
15572,14505.782511599000
15573,14506.719507868000
15574,14507.357323683000
15575,14508.153885821001
15576,14509.032640232999
15577,14509.512700046000
15578,14510.479629130999
15579,14511.519600400001
15580,14512.368992338001
15581,14512.977619943000
15582,14513.812715750000
15583,14514.853821076000
15584,14515.881055325999
15585,14516.269402725000
15586,14517.442800000999
15587,14517.892553858001
15588,14518.326128044000
15589,14519.635533798000
15590,14519.906682202000
15591,14520.988991515000
15592,14522.381624575000
15593,14522.931620754000
15594,14523.875689381999
15595,14524.740256325000
15596,14525.238317187001
15597,14525.509798366000
15598,14526.965122059000
15599,14527.866788203000
15600,14528.574506368999
15601,14528.919411616000
15602,14529.764147181000
15603,14531.060133792000
15604,14531.745479945999
15605,14532.885002356999
15606,14533.356197094001
15607,14534.500147518000
15608,14535.059025287001
15609,14535.782218701999
15610,14536.284669884000
15611,14537.193938429000
15612,14537.878129699000
15613,14539.076373217000
15614,14540.004216840000
15615,14541.041856057000
15616,14541.405677123999
15617,14542.197540638001
15618,14543.149798855000
15619,14544.170929841999
15620,14544.637305226001
15621,14545.380983068000
15622,14546.303295694001
15623,14547.277934479000
15624,14547.482563255000
15625,14548.485292727000
15626,14549.616964452000
15627,14551.090736849001
15628,14551.402284241000
15629,14552.015117933999
15630,14552.702833648000
15631,14553.579025892999
15632,14554.406645510000
15633,14554.887286114001
15634,14556.139311667001
15635,14556.804830225999
15636,14557.498048636000
15637,14558.722540114000
15638,14559.564355205001
15639,14560.018823771001
15640,14560.906756295000
15641,14561.920561327001
15642,14562.798991198000
15643,14563.363710113999
15644,14564.126125254999
15645,14564.695560089000
15646,14565.149791136000
15647,14566.834847108001
15648,14567.488652627000
15649,14568.488804466000
15650,14569.257723522000
15651,14569.973836204999
15652,14570.790134037999
15653,14571.264769023001
15654,14572.008637204000
15655,14573.203249439999
15656,14573.857420691000
15657,14574.588970781000
15658,14575.505521962001
15659,14576.123078756000
15660,14577.245860019000
15661,14578.055260683999
15662,14579.222126586999
15663,14579.712065872000
15664,14580.434489879000
15665,14580.953999199000
15666,14581.999037694000
15667,14582.646794001999
15668,14583.422096472001
15669,14583.999436078000
15670,14585.680256042000
15671,14586.492684150000
15672,14586.916002254000
15673,14587.569917344999
15674,14588.571247845999
15675,14589.117920107999
15676,14590.386703157001
15677,14591.150215531999
15678,14591.295791434000
15679,14592.463031839001
15680,14593.209190223000
15681,14593.878153023999
15682,14595.169859109999
15683,14596.245778486000
15684,14596.546412297001
15685,14597.710449251999
15686,14598.395034727000
15687,14599.020360892000
15688,14599.481813797000
15689,14600.240597460999
15690,14601.578036077000
15691,14602.197324732000
15692,14603.246684326001
15693,14603.764844892001
15694,14604.922528933999
15695,14605.759880505000
15696,14606.247410362001
15697,14607.181913382001
15698,14607.956545264000
15699,14609.181533026000
15700,14609.283036626999
15701,14610.106246056999
15702,14610.981436929000
15703,14611.580233531000
15704,14613.155597722000
15705,14613.972846957000
15706,14614.751651953000
15707,14615.372665960000
15708,14615.849646858000
15709,14616.760642469000
15710,14617.703331516999
15711,14618.366314654000
15712,14619.212949401001
15713,14619.937461201000
15714,14620.838329885000
15715,14622.031082197000
15716,14622.622662444001
15717,14622.997719763000
15718,14624.629688644000
15719,14625.224869787000
15720,14625.907513708000
15721,14626.356913816000
15722,14627.439210500999
15723,14627.815650527000
15724,14628.791879857001
15725,14629.623622761999
15726,14631.046435450000
15727,14631.456738396000
15728,14632.722093476999
15729,14633.149078150000
15730,14633.691139609000
15731,14634.807755177000
15732,14635.275262530000
15733,14636.240768191001
15734,14637.529646330000
15735,14637.834367301000
15736,14638.206235313000
15737,14639.341808589999
15738,14640.625441603999
15739,14641.472016731001
15740,14642.197945165000
15741,14642.846799714000
15742,14643.711866969999
15743,14644.527438604000
15744,14645.067719381999
15745,14645.719696927999
15746,14646.487932747001
15747,14647.695559178999
15748,14648.645270735000
15749,14649.454370408001
15750,14650.289963243000
15751,14650.901448979999
15752,14651.588243702001
15753,14652.618415303001
15754,14653.709540173000
15755,14653.987898310999
15756,14654.879547793000
15757,14655.392313969000
15758,14656.634934207999
15759,14657.057323466001
15760,14658.132825797000
15761,14659.467737936000
15762,14660.091389962001
15763,14660.894133841000
15764,14661.507722615001
15765,14661.944340601000
15766,14662.764112862000
15767,14663.913233840000
15768,14664.743475436000
15769,14665.162810268999
15770,14666.290248730000
15771,14667.358853350999
15772,14667.783502447001
15773,14669.010243066999
15774,14669.551849891999
15775,14670.357000234000
15776,14671.501681129001
15777,14671.843698994000
15778,14672.886795443001
15779,14673.300436890000
15780,14673.955670257999
15781,14674.851609343001
15782,14676.563325626001
15783,14677.120684800000
15784,14677.720813533000
15785,14678.336195117001
15786,14679.593960279000
15787,14680.044375104000
15788,14680.512894150001
15789,14681.731142401000
15790,14682.414537962000
15791,14683.315063745000
15792,14684.024229488001
15793,14684.738039238000
15794,14685.780776056999
15795,14686.678437021001
15796,14687.648913524001
15797,14688.481441693000
15798,14689.059760434000
15799,14689.679568514000
15800,14690.387487320000
15801,14691.263793890999
15802,14691.867583641000
15803,14693.253220774999
15804,14693.468004760000
15805,14695.200903880999
15806,14695.660279940001
15807,14696.396466198999
15808,14696.904079747999
15809,14697.647862440999
15810,14699.091117677999
15811,14699.501252624001
15812,14700.224825101999
15813,14701.082442331999
15814,14701.465315715001
15815,14702.604887041000
15816,14703.789725810000
15817,14704.427620299000
15818,14705.631997645000
15819,14706.182982226001
15820,14706.704488650999
15821,14707.631019433000
15822,14708.413130618001
15823,14708.872019922001
15824,14709.674261933000
15825,14711.048020663000
15826,14711.700925589001
15827,14712.500345666000
15828,14713.399132438000
15829,14714.001761924999
15830,14715.126822496000
15831,14715.891907988000
15832,14716.527738437000
15833,14717.214254274000
15834,14718.183392674000
15835,14718.940722674000
15836,14719.451987443999
15837,14720.022734689001
15838,14721.565257476999
15839,14722.776634034000
15840,14723.040120178999
15841,14724.058129788000
15842,14724.585625506999
15843,14725.265579294000
15844,14726.023854444000
15845,14727.093216531999
15846,14727.846606222000
15847,14728.638252059000
15848,14729.096278007000
15849,14730.406623310000
15850,14731.347642006000
15851,14731.806905428000
15852,14732.789874283000
15853,14733.701688129000
15854,14734.667058589999
15855,14735.386658558000
15856,14735.624074822999
15857,14736.213764702999
15858,14737.595858989000
15859,14738.012846701000
15860,14739.394267588001
15861,14740.308454825001
15862,14740.885311432001
15863,14741.863574853000
15864,14742.419682947000
15865,14743.140179755999
15866,14743.950126931000
15867,14744.883337851001
15868,14745.760315844000
15869,14746.274252776000
15870,14747.202112127001
15871,14747.961452844000
15872,14748.576913155999
15873,14750.223487866000
15874,14750.987892564999
15875,14751.329241769999
15876,14752.037184760000
15877,14753.205176795000
15878,14753.423148020000
15879,14754.578422484999
15880,14755.020145191000
15881,14755.901876790000
15882,14757.194076614000
15883,14758.178113792999
15884,14758.585417482000
15885,14759.645065526000
15886,14759.975566362000
15887,14761.268223785000
15888,14761.862925545000
15889,14762.874290984000
15890,14763.403013099000
15891,14764.108254913001
15892,14764.692732824000
15893,14765.703245393001
15894,14766.840706724999
15895,14767.768048348000
15896,14768.454993548999
15897,14769.628719438000
15898,14770.034692882000
15899,14770.567496608999
15900,14771.467501413999
15901,14771.932812067000
15902,14773.383442999000
15903,14774.017360337000
15904,14774.630612842000
15905,14775.451437305001
15906,14776.712416990000
15907,14777.464407814001
15908,14777.826626460999
15909,14779.210089900000
15910,14779.823456556000
15911,14780.319086531001
15912,14781.385671380000
15913,14781.903896529000
15914,14782.732812225000
15915,14783.099155397000
15916,14784.700253489000
15917,14785.711811952000
15918,14786.614578844999
15919,14786.917054615000
15920,14787.567442236999
15921,14788.523786231999
15922,14789.517197060000
15923,14790.130504643001
15924,14790.818728057000
15925,14791.668212000000
15926,14792.670874210000
15927,14793.276673640999
15928,14794.142091964000
15929,14795.135071232000
15930,14796.073285081000
15931,14797.074807358000
15932,14797.658260410000
15933,14798.051549872000
15934,14799.094254338999
15935,14799.663489690000
15936,14800.272489871000
15937,14801.576212892000
15938,14802.219758304000
15939,14803.471950301000
15940,14803.943653574999
15941,14805.058857415999
15942,14805.645316664000
15943,14806.269663745999
15944,14806.901553221000
15945,14808.370640208001
15946,14808.936188157000
15947,14809.298815569000
15948,14810.264961381001
15949,14810.723524399000
15950,14812.111833044000
15951,14813.231731047999
15952,14813.900664602001
15953,14814.516838553000
15954,14815.454022096999
15955,14816.141892056999
15956,14816.794100808000
15957,14817.299146039000
15958,14818.456839472999
15959,14819.198337901000
15960,14819.978495134999
15961,14821.377285197999
15962,14821.790578417000
15963,14822.339323938000
15964,14823.459021909999
15965,14824.360345374000
15966,14825.208126220999
15967,14825.935534222999
15968,14826.293695234999
15969,14827.249087112999
15970,14828.109973441000
15971,14828.828564515999
15972,14829.471189639000
15973,14831.104457613001
15974,14831.933532670000
15975,14832.299881594001
15976,14833.165941380999
15977,14833.739294555000
15978,14834.505386319001
15979,14835.437088430001
15980,14836.306786969000
15981,14837.132605545999
15982,14837.807580082001
15983,14838.436596025000
15984,14839.778136974001
15985,14840.358031819000
15986,14841.426455082001
15987,14842.014173138999
15988,14842.882060018001
15989,14843.850774515000
15990,14844.318768305000
15991,14845.174837097000
15992,14845.426519880000
15993,14846.424254866000
15994,14848.079092734000
15995,14848.498476158000
15996,14849.332857597999
15997,14850.324759392999
15998,14850.939373006000
15999,14851.530352676000
16000,14852.514122193999
16001,14853.311400585000
16002,14853.974648185000
16003,14855.014310181999
16004,14855.616159542000
16005,14856.106301705000
16006,14857.420794985001
16007,14858.060092117001
16008,14859.398293078000
16009,14860.097121938999
16010,14860.737463309000
16011,14861.453012727001
16012,14861.676348667001
16013,14863.066725455001
16014,14863.654903864999
16015,14864.333548928000
16016,14865.356844156000
16017,14866.323362866000
16018,14867.455269480000
16019,14868.060399866001
16020,14868.395368939000
16021,14869.364714953001
16022,14870.718620389000
16023,14871.010800223999
16024,14871.990102362000
16025,14872.499893349999
16026,14873.296002949000
16027,14873.965100714000
16028,14874.950739558000
16029,14876.544841826000
16030,14876.776111654000
16031,14877.788452416000
16032,14878.365239159000
16033,14879.415108018000
16034,14879.971766204000
16035,14880.285207000001
16036,14881.471961959000
16037,14882.427858162000
16038,14883.363438586000
16039,14883.838356364000
16040,14884.807457450999
16041,14885.640880396000
16042,14886.770038212000
16043,14887.452100775999
16044,14888.007730813000
16045,14889.044042801001
16046,14889.708888749999
16047,14890.391373737000
16048,14890.944783163999
16049,14891.875143122999
16050,14892.657549492000
16051,14894.037754109000
16052,14895.153079420001
16053,14895.313078016001
16054,14896.170402444999
16055,14896.969194390000
16056,14897.498262827001
16057,14898.619925175000
16058,14899.755126984001
16059,14900.039806024000
16060,14900.445250025001
16061,14901.919327912001
16062,14902.573378444000
16063,14903.500369099000
16064,14904.231388159000
16065,14905.478457744999
16066,14906.119839638999
16067,14906.679634648999
16068,14907.386255006000
16069,14908.105479829999
16070,14908.666488724000
16071,14909.834707075999
16072,14910.598532245000
16073,14911.709052773000
16074,14912.540485410000
16075,14913.241408463000
16076,14913.926657358001
16077,14914.994472958000
16078,14915.348487477000
16079,14916.484891922000
16080,14917.060468618000
16081,14918.117709672000
16082,14918.735599832000
16083,14919.295114547000
16084,14919.846304139999
16085,14921.766403497000
16086,14922.179619803001
16087,14923.180668823001
16088,14923.719191026001
16089,14924.292916464001
16090,14925.324032065000
16091,14926.087000172000
16092,14926.431018814001
16093,14927.562503194000
16094,14928.511374457999
16095,14929.286939269999
16096,14930.241342825000
16097,14931.045028666000
16098,14931.915461525001
16099,14932.201177392000
16100,14933.907519467000
16101,14934.165757121000
16102,14935.008928746000
16103,14935.468781498999
16104,14936.380210777001
16105,14937.061854649000
16106,14938.059513283000
16107,14939.220337154000
16108,14939.881442747999
16109,14941.131879369999
16110,14941.592964334999
16111,14942.311891206000
16112,14942.588267179000
16113,14943.776446592001
16114,14944.653430069000
16115,14945.607174916000
16116,14946.062698203001
16117,14946.913439296000
16118,14947.803644125001
16119,14948.821415270000
16120,14949.589353343999
16121,14950.699151708000
16122,14951.183309528000
16123,14951.936191494000
16124,14952.862539838001
16125,14953.390221879001
16126,14954.271145489000
16127,14954.694730896001
16128,14955.627408144999
16129,14957.270902752000
16130,14957.900493887000
16131,14958.459147480000
16132,14959.053888177001
16133,14960.169926918001
16134,14960.777233370000
16135,14961.757316686000
16136,14962.238134531000
16137,14963.379645694000
16138,14963.875696734000
16139,14964.566678835999
16140,14965.728057844000
16141,14966.182797653000
16142,14967.705451940999
16143,14968.461819304999
16144,14968.894912170999
16145,14970.024513323000
16146,14970.484388784000
16147,14970.933454685999
16148,14971.792785586000
16149,14973.048123566001
16150,14973.685318858999
16151,14974.364945331001
16152,14975.494661622000
16153,14976.629920571000
16154,14976.933033838000
16155,14977.723777040999
16156,14978.555042515000
16157,14979.514709753001
16158,14980.576828486001
16159,14980.929881394000
16160,14981.509247963000
16161,14982.259327252999
16162,14983.208939953000
16163,14984.329032535999
16164,14985.506063389001
16165,14986.199892344999
16166,14986.596303830000
16167,14987.717497181000
16168,14988.099307992999
16169,14988.997628215000
16170,14989.939986179999
16171,14990.314976816000
16172,14991.621050641999
16173,14992.281605190999
16174,14993.232310283000
16175,14993.876454316000
16176,14994.694517317999
16177,14995.810348411000
16178,14996.827701124999
16179,14997.178996069000
16180,14997.853608119000
16181,14998.622480284999
16182,14999.780394006000
16183,15000.008782929999
16184,15000.728224225000
16185,15002.199760269999
16186,15003.167050952999
16187,15003.847806985001
16188,15004.757874991999
16189,15005.160027496000
16190,15005.905024060001
16191,15006.704020865000
16192,15007.901551427000
16193,15008.458378044001
16194,15009.183293464999
16195,15010.074695150000
16196,15010.362777269000
16197,15012.051247242000
16198,15012.713985099999
16199,15013.306041718000
16200,15014.368181328000
16201,15015.328294744000
16202,15015.756442882001
16203,15016.334181949000
16204,15017.254512033000
16205,15017.630427943001
16206,15019.042895529001
16207,15019.859484234001
16208,15020.705856126000
16209,15021.688524416000
16210,15022.182550637001
16211,15023.156879259999
16212,15023.757425113001
16213,15024.706503046000
16214,15025.726909998000
16215,15025.981625631000
16216,15026.936532158001
16217,15027.952354583000
16218,15028.258834705999
16219,15029.210010979001
16220,15030.614941338001
16221,15031.722280173000
16222,15032.116936476001
16223,15032.568347554999
16224,15033.388254673000
16225,15034.372143348000
16226,15034.892823960001
16227,15035.893307345999
16228,15036.712963443000
16229,15037.237143611999
16230,15038.785390335001
16231,15039.169295733000
16232,15039.963495581000
16233,15040.812101508000
16234,15041.818419117000
16235,15042.452575603000
16236,15043.404907324000
16237,15044.207615874000
16238,15044.465681943000
16239,15045.258680987999
16240,15046.107893577000
16241,15047.344220064000
16242,15048.403566233001
16243,15049.018122928001
16244,15049.822746790000
16245,15050.634098136001
16246,15051.387760416001
16247,15052.105988341000
16248,15052.306391917000
16249,15054.109272805999
16250,15054.356560304999
16251,15055.360741064000
16252,15055.703246907000
16253,15057.051531158000
16254,15057.746792959000
16255,15058.895985854000
16256,15059.510883888999
16257,15060.435890404000
16258,15060.865139476000
16259,15061.847576624001
16260,15062.337068680999
16261,15063.221842180001
16262,15063.923546731001
16263,15064.792504024999
16264,15066.319531519001
16265,15066.770891478000
16266,15067.815455253000
16267,15068.123886883999
16268,15068.685209591000
16269,15070.161716256000
16270,15070.835269002000
16271,15071.312539201001
16272,15072.166017133000
16273,15072.859283301001
16274,15073.851752405000
16275,15074.459327783001
16276,15075.653155958000
16277,15076.572751808000
16278,15077.438406638001
16279,15078.204018475000
16280,15078.712611449000
16281,15079.416417439001
16282,15080.078792329001
16283,15081.042852474000
16284,15081.676955842000
16285,15083.068580700001
16286,15083.552548502999
16287,15084.254984141000
16288,15085.519779830000
16289,15086.176318397000
16290,15086.695143100000
16291,15087.729886691001
16292,15088.441277103000
16293,15089.320536400000
16294,15090.166983452000
16295,15090.628084763001
16296,15091.114530446999
16297,15092.161229669000
16298,15093.870503226000
16299,15094.305168985000
16300,15094.890085847999
16301,15096.098572815999
16302,15096.294189060000
16303,15097.211481957000
16304,15097.974009928001
16305,15098.880652839000
16306,15099.662712392001
16307,15100.374027174999
16308,15101.278166036000
16309,15102.339335692001
16310,15103.026613649999
16311,15103.573332391999
16312,15104.836819286000
16313,15105.849358291000
16314,15106.172452567000
16315,15106.975864309001
16316,15107.514791920999
16317,15108.303256657000
16318,15109.376266673000
16319,15109.959740127000
16320,15111.022437771000
16321,15112.493402611000
16322,15112.687534092000
16323,15113.536230029000
16324,15114.185450950001
16325,15115.025970533001
16326,15115.667491523000
16327,15116.892910222999
16328,15117.447894595000
16329,15118.287814765001
16330,15118.680392196000
16331,15119.790585761000
16332,15120.691853185999
16333,15121.997161866000
16334,15122.537334099999
16335,15123.180819428000
16336,15123.891957771000
16337,15124.994248391000
16338,15125.564673473000
16339,15125.894584928999
16340,15126.707271761999
16341,15128.124862224000
16342,15128.795115399000
16343,15130.043108874999
16344,15130.313218515999
16345,15131.097259030999
16346,15132.407522310001
16347,15132.563538379000
16348,15133.822794707999
16349,15134.435046880000
16350,15135.181152026000
16351,15135.862986677001
16352,15136.667129756999
16353,15137.330887794000
16354,15138.547439049000
16355,15139.449505178000
16356,15140.499422309000
16357,15141.334881184001
16358,15141.550120075000
16359,15142.363007587999
16360,15142.974361922999
16361,15144.068998675000
16362,15145.016011464000
16363,15145.582627555999
16364,15146.283961691001
16365,15147.464105412000
16366,15148.415830604999
16367,15148.999341560000
16368,15149.675654369001
16369,15150.647949206999
16370,15151.859172273000
16371,15152.181832693001
16372,15152.670593322000
16373,15153.786386121999
16374,15154.391380450999
16375,15154.766772036999
16376,15156.576983018000
16377,15157.329263318999
16378,15158.040224635000
16379,15158.625053481001
16380,15159.580318069000
16381,15160.216180404001
16382,15160.936437849001
16383,15161.886705015000
16384,15162.369685178999
16385,15163.606728082999
16386,15164.312907345000
16387,15164.854808755999
16388,15165.672289366001
16389,15166.966011023000
16390,15167.814573408999
16391,15168.504474781999
16392,15169.308520095001
16393,15169.781723151000
16394,15170.818912086999
16395,15171.157015397001
16396,15172.294041834000
16397,15172.727965910000
16398,15174.087164781000
16399,15174.904029503999
16400,15175.960857816999
16401,15176.495039642001
16402,15177.265096085999
16403,15177.684431567001
16404,15178.812986270999
16405,15179.921029417001
16406,15180.434725061001
16407,15181.201585610999
16408,15181.436870895999
16409,15182.669523357999
16410,15183.841305114000
16411,15184.371542837000
16412,15185.770645948000
16413,15186.089606692000
16414,15187.089239192999
16415,15187.818375540000
16416,15188.243156344000
16417,15188.956185008001
16418,15189.876008323999
16419,15190.995854714000
16420,15191.556662647001
16421,15192.666058310000
16422,15193.436237137999
16423,15194.194704371999
16424,15194.805665704000
16425,15196.221496112999
16426,15196.571744057001
16427,15197.119964699999
16428,15198.275660530000
16429,15199.096444672999
16430,15199.311987319999
16431,15200.428787964000
16432,15200.905538622001
16433,15202.742812557000
16434,15203.427336590999
16435,15203.944807768001
16436,15204.479603209000
16437,15205.404023530000
16438,15206.190273188000
16439,15206.904806861001
16440,15207.734305661001
16441,15208.661495195000
16442,15209.291997582999
16443,15210.122947492000
16444,15211.165903106001
16445,15212.070791824000
16446,15212.553093701001
16447,15213.703047135999
16448,15214.537520008000
16449,15215.234832421000
16450,15216.032178900001
16451,15216.326354207000
16452,15217.092328646000
16453,15218.110439718999
16454,15219.153068490999
16455,15220.215535141000
16456,15220.714031383000
16457,15221.891290349000
16458,15222.600776396001
16459,15223.069261675000
16460,15223.628590627000
16461,15224.865523901000
16462,15225.653472241000
16463,15226.382353302000
16464,15226.971394517999
16465,15227.949088182000
16466,15228.375450478001
16467,15229.825544079000
16468,15230.735054270999
16469,15231.419636903000
16470,15232.318009716000
16471,15232.812924720000
16472,15233.344676373001
16473,15234.621545693000
16474,15234.943994916001
16475,15235.761258152999
16476,15236.601995390000
16477,15238.087622303001
16478,15238.745251783999
16479,15239.178791347000
16480,15240.152930249000
16481,15240.770626744999
16482,15241.933011491001
16483,15242.668033217000
16484,15243.356604856999
16485,15243.823587112000
16486,15244.824176540000
16487,15245.676624885000
16488,15246.014221470001
16489,15247.629910954000
16490,15248.370541583001
16491,15249.218171824001
16492,15250.026057712999
16493,15250.561291993999
16494,15251.426853630999
16495,15251.799380562999
16496,15252.677423499001
16497,15254.082179981000
16498,15254.590275302000
16499,15255.055041498999
16500,15256.241466124000
16501,15257.189888684999
16502,15257.954210329999
16503,15258.806858006999
16504,15259.314647216001
16505,15260.576062290000
16506,15261.016266361001
16507,15261.894967238000
16508,15262.534456191001
16509,15262.806811545999
16510,15264.128282346999
16511,15265.197387368000
16512,15266.320407155999
16513,15266.948544945000
16514,15267.626713632000
16515,15268.019991010000
16516,15269.278775946999
16517,15269.766683375001
16518,15270.688924226000
16519,15271.537869402000
16520,15272.120601826000
16521,15272.991206776000
16522,15274.072770156001
16523,15274.646798760001
16524,15275.400632804000
16525,15276.968756663000
16526,15277.455117052001
16527,15277.901569588001
16528,15278.800184202000
16529,15279.292581211001
16530,15280.412109432000
16531,15280.769136247000
16532,15281.908110314000
16533,15282.776192382000
16534,15283.858710197001
16535,15284.796357593999
16536,15285.152951384000
16537,15286.188430050001
16538,15286.628937296000
16539,15287.659030023000
16540,15288.544989346001
16541,15289.348793214000
16542,15290.068173780999
16543,15290.542314640999
16544,15291.144648996000
16545,15292.609269085000
16546,15293.726400887999
16547,15294.308937018001
16548,15294.806279574001
16549,15296.071786643000
16550,15296.520809764999
16551,15297.145135236000
16552,15297.792763955000
16553,15298.756570879001
16554,15299.575130106001
16555,15300.919030823001
16556,15301.095224279999
16557,15302.265545480001
16558,15303.112485461999
16559,15303.679630424000
16560,15304.681841207001
16561,15305.634877343000
16562,15306.396204328999
16563,15306.654345905001
16564,15307.603127023000
16565,15308.500015428001
16566,15309.203345382000
16567,15309.819102138999
16568,15311.478267242001
16569,15312.092799657999
16570,15312.986574832001
16571,15313.399752060001
16572,15314.229744147000
16573,15314.554659415000
16574,15316.121191918999
16575,15316.642064483000
16576,15317.152021147000
16577,15318.249617429999
16578,15318.875633112000
16579,15320.037782175001
16580,15320.690360488001
16581,15321.573764860001
16582,15322.597330668001
16583,15323.130869822000
16584,15324.063419460999
16585,15324.824205352001
16586,15325.181662614999
16587,15326.073504829001
16588,15326.624013854000
16589,15328.055754628000
16590,15329.166872169000
16591,15329.578682837000
16592,15330.377352768000
16593,15331.293905387000
16594,15332.044698095000
16595,15332.739915970000
16596,15333.341797794999
16597,15334.410569510001
16598,15335.367459040999
16599,15335.817759023999
16600,15336.420167999000
16601,15337.429027444001
16602,15338.506684051999
16603,15339.535429431000
16604,15340.373578744000
16605,15341.067702588000
16606,15341.358059770000
16607,15342.546466297001
16608,15342.977965206999
16609,15343.719646661000
16610,15344.907754872000
16611,15345.436721697000
16612,15346.361099084001
16613,15347.818653545000
16614,15348.330113548000
16615,15348.555869219001
16616,15349.553628514001
16617,15350.678981032001
16618,15351.551379105000
16619,15352.151048352000
16620,15352.692255432001
16621,15353.427000686001
16622,15354.226491113999
16623,15355.174155230001
16624,15356.258230175999
16625,15357.176214495999
16626,15358.091210684001
16627,15358.762566279000
16628,15359.190455407001
16629,15360.156684756999
16630,15360.898207722999
16631,15361.302719679001
16632,15362.714100427000
16633,15363.291554879999
16634,15364.144417445001
16635,15365.028878662000
16636,15365.569802349000
16637,15367.090032131000
16638,15367.319564260000
16639,15368.527337830999
16640,15368.873025903000
16641,15369.860796899000
16642,15370.615083422001
16643,15371.299429602999
16644,15371.955701233001
16645,15372.430885176000
16646,15374.340106401000
16647,15374.850028535000
16648,15375.670877826000
16649,15376.312873510000
16650,15377.102286473000
16651,15377.712211446000
16652,15378.539525959000
16653,15379.721299749001
16654,15380.226869083001
16655,15380.786116312000
16656,15381.740462819000
16657,15382.691379025000
16658,15383.446495407001
16659,15384.608302212000
16660,15385.025502827000
16661,15386.355653930001
16662,15387.041363363000
16663,15387.513598042000
16664,15387.911499039001
16665,15388.837101706000
16666,15389.844591065999
16667,15390.654458659001
16668,15391.484244437999
16669,15392.654763222999
16670,15393.235022976000
16671,15394.273033035000
16672,15394.723353759000
16673,15395.408031126000
16674,15396.513351481000
16675,15397.218249598000
16676,15398.066699469000
16677,15398.649657534001
16678,15399.498418921001
16679,15399.975307810000
16680,15401.023604350999
16681,15402.656642594000
16682,15403.043042538000
16683,15403.833998482000
16684,15404.253882729001
16685,15405.334556776001
16686,15406.010256349000
16687,15406.746940080000
16688,15407.267427385999
16689,15408.353608023001
16690,15409.383275684000
16691,15410.103162511999
16692,15411.086349196999
16693,15411.591059024000
16694,15412.437202081999
16695,15413.586504524001
16696,15414.435327558000
16697,15414.625541842999
16698,15415.959668276000
16699,15416.244795836001
16700,15416.896159832000
16701,15417.871897902000
16702,15418.984706703999
16703,15419.787490016000
16704,15421.019236364000
16705,15421.462441362000
16706,15422.400121741000
16707,15422.900574513000
16708,15423.337371506001
16709,15424.489260479000
16710,15425.443913333000
16711,15426.326832504001
16712,15426.839212351000
16713,15427.250343864000
16714,15428.969076881000
16715,15429.381721147000
16716,15430.188814522000
16717,15431.408482897001
16718,15431.815930331000
16719,15432.743392922999
16720,15433.387379124000
16721,15434.089188476000
16722,15434.709636459000
16723,15435.446111683001
16724,15436.540823056001
16725,15437.908863937000
16726,15438.448052939000
16727,15439.111908338000
16728,15439.811071632999
16729,15440.603990627000
16730,15441.617988205000
16731,15442.271114188001
16732,15443.069599990000
16733,15443.582012376000
16734,15444.864533860000
16735,15445.257228777000
16736,15445.963503609000
16737,15447.078582235001
16738,15448.453163224000
16739,15448.921374767000
16740,15449.597585588001
16741,15450.462073417000
16742,15450.959567643000
16743,15451.611011020999
16744,15452.695311363999
16745,15453.278107046001
16746,15454.353202564000
16747,15455.088137142000
16748,15456.196863998000
16749,15456.786931503000
16750,15457.882029648999
16751,15458.278672052000
16752,15458.911653984000
16753,15460.343357624000
16754,15461.079442067999
16755,15461.297906787000
16756,15462.103753505000
16757,15462.858230266000
16758,15463.672707737000
16759,15465.319416517999
16760,15465.654998589000
16761,15466.621810156999
16762,15467.361899957999
16763,15468.235150414999
16764,15468.669652273000
16765,15469.401291411001
16766,15470.208051967000
16767,15471.550786958000
16768,15471.618603220000
16769,15472.920845810000
16770,15473.662373704001
16771,15474.476266678999
16772,15475.155756581000
16773,15476.446681198000
16774,15477.043850724000
16775,15477.893880636000
16776,15478.317218271000
16777,15479.038319810001
16778,15480.232382640999
16779,15480.545447001001
16780,15481.260598852999
16781,15482.535192539000
16782,15483.775830368000
16783,15484.502159792000
16784,15485.049802780000
16785,15485.371821884000
16786,15486.556487675000
16787,15487.324558769000
16788,15488.065027380000
16789,15489.112803163000
16790,15489.557411037000
16791,15490.305548400000
16792,15491.119481299000
16793,15492.309348203000
16794,15493.088852983001
16795,15493.921342083000
16796,15494.839240773999
16797,15495.493301195000
16798,15496.235069666000
16799,15496.987717399999
16800,15497.618074382999
16801,15497.876379341000
16802,15499.559178673000
16803,15500.337903608000
16804,15500.939768226999
16805,15501.979300415000
16806,15502.885438486001
16807,15503.346777092000
16808,15504.237664908000
16809,15505.070199667000
16810,15505.795826662001
16811,15506.763190080999
16812,15507.396364640999
16813,15507.953796980000
16814,15508.734988033000
16815,15509.671264798000
16816,15510.964658310000
16817,15511.842330429001
16818,15512.609495666000
16819,15513.105908582000
16820,15513.666577796001
16821,15514.563076771999
16822,15515.365200800999
16823,15516.390831680001
16824,15516.753922681000
16825,15517.713034259999
16826,15518.969751237000
16827,15519.586607158000
16828,15520.509432354000
16829,15520.824938367001
16830,15522.111918031000
16831,15523.047587891000
16832,15523.662612183000
16833,15524.165053866000
16834,15525.034816603000
16835,15525.555357171999
16836,15526.630126820000
16837,15527.208503196000
16838,15528.920875324000
16839,15529.362429346000
16840,15529.863185376000
16841,15531.186381567000
16842,15531.582434763999
16843,15532.092590931999
16844,15532.952809893000
16845,15533.991945944999
16846,15534.937262191999
16847,15535.435284288000
16848,15536.346972597999
16849,15536.816303095000
16850,15538.245829347001
16851,15539.084129334000
16852,15539.848464150000
16853,15540.353705027999
16854,15541.382717476999
16855,15542.120074601000
16856,15542.711861300000
16857,15543.183870338000
16858,15544.287817029999
16859,15544.927696538000
16860,15546.460304099000
16861,15547.018966603000
16862,15547.895867718000
16863,15548.423979405999
16864,15549.206352744999
16865,15549.902016552000
16866,15551.349287355000
16867,15551.508765105000
16868,15552.315161385000
16869,15553.128814590000
16870,15553.776714452000
16871,15555.067936687999
16872,15555.433249428001
16873,15556.684231802001
16874,15557.766941272999
16875,15558.405867402000
16876,15558.943574106999
16877,15559.458922006999
16878,15560.408504002000
16879,15561.042050569000
16880,15562.010391864000
16881,15563.016683692000
16882,15563.550354936000
16883,15564.701517109999
16884,15565.550263588000
16885,15566.184586153000
16886,15566.917693093999
16887,15567.948450735001
16888,15568.564171047999
16889,15569.324642555001
16890,15570.360745206999
16891,15570.843215215000
16892,15571.532061829001
16893,15571.858546677000
16894,15573.769990249000
16895,15574.475272387999
16896,15575.276148076000
16897,15575.862446843001
16898,15576.517582885001
16899,15577.499794558000
16900,15578.208979924000
16901,15578.678308154000
16902,15579.650779160000
16903,15580.903664218000
16904,15581.095791674999
16905,15582.201724185999
16906,15583.187758800999
16907,15583.732888806000
16908,15584.798385826000
16909,15585.645826780999
16910,15586.592378863001
16911,15587.156697188000
16912,15587.447149349000
16913,15588.508038735001
16914,15589.225559781000
16915,15590.029267579999
16916,15591.075241455001
16917,15591.958044045999
16918,15593.206280648001
16919,15593.705533737000
16920,15594.143890998001
16921,15595.101622869000
16922,15595.497966733001
16923,15597.077359871000
16924,15597.471770000000
16925,15598.195760512999
16926,15598.740065204000
16927,15599.887816570999
16928,15600.505201086000
16929,15601.740751566000
16930,15602.747624604001
16931,15603.104995349000
16932,15604.132511356000
16933,15604.775511626000
16934,15605.562370543999
16935,15606.026167219001
16936,15606.979179274000
16937,15607.511319707000
16938,15608.875753488999
16939,15609.901713403000
16940,15610.532582174001
16941,15610.936873111001
16942,15612.060385205999
16943,15613.110909671999
16944,15613.383666128000
16945,15614.430132473000
16946,15615.281413098999
16947,15615.754188351000
16948,15616.777241848000
16949,15617.322720020000
16950,15617.988480616001
16951,15619.442157084000
16952,15620.514360424000
16953,15620.937867877999
16954,15621.706875604001
16955,15622.600672541001
16956,15622.931566547000
16957,15623.697316100001
16958,15624.860384075000
16959,15625.625119304001
16960,15626.343873125001
16961,15626.950228669000
16962,15628.297913261000
16963,15629.097060276001
16964,15629.626438425001
16965,15630.257526952000
16966,15631.693384078000
16967,15632.079913351999
16968,15633.026364390000
16969,15633.547350872001
16970,15634.017729646999
16971,15634.929655451000
16972,15635.960781412001
16973,15637.104225259000
16974,15637.940738918000
16975,15638.693955450000
16976,15639.558343672001
16977,15639.876698055999
16978,15640.909539132001
16979,15641.606744778999
16980,15642.439370700000
16981,15643.103886425000
16982,15644.412769019000
16983,15644.648436332000
16984,15645.452213197001
16985,15646.599775137000
16986,15647.312486674000
16987,15648.776294563000
16988,15649.119978604000
16989,15649.542699246000
16990,15650.412406518000
16991,15651.454010854000
16992,15651.986351871999
16993,15652.540173746000
16994,15653.458971308000
16995,15654.718319054000
16996,15655.782966293000
16997,15656.164139430000
16998,15657.291425990001
16999,15657.560327994999
17000,15658.378356837000
17001,15659.719019921000
17002,15660.029114679999
17003,15661.174958408001
17004,15661.588179095001
17005,15662.181608821000
17006,15663.151858548001
17007,15664.346636914001
17008,15665.213528928000
17009,15665.891922340999
17010,15666.918913195001
17011,15667.604998342000
17012,15668.321817769000
17013,15668.790295491001
17014,15669.301863035000
17015,15670.582703911001
17016,15671.567980566000
17017,15671.985298713000
17018,15673.207844029999
17019,15673.819135374000
17020,15674.841201861000
17021,15675.467874095000
17022,15676.282663923999
17023,15677.177598517001
17024,15677.921332890000
17025,15678.749097131000
17026,15679.127574257000
17027,15680.238215857000
17028,15680.708741241000
17029,15681.467406722000
17030,15683.284708906000
17031,15683.998685758999
17032,15684.133156098000
17033,15685.212149943000
17034,15685.619149145001
17035,15686.862049403000
17036,15687.204406807001
17037,15688.424927484000
17038,15688.837914971000
17039,15689.692176560000
17040,15690.892521051999
17041,15691.558468538000
17042,15692.076610691000
17043,15693.431557724000
17044,15693.992616572001
17045,15694.990455010000
17046,15695.650423846000
17047,15696.262567121999
17048,15696.897433832000
17049,15697.635306246000
17050,15698.372905255999
17051,15699.630580710000
17052,15700.491119500000
17053,15701.298605456001
17054,15702.159834704000
17055,15702.992489646000
17056,15703.476234727999
17057,15704.228223710001
17058,15704.924502783000
17059,15706.201924510000
17060,15706.964892735999
17061,15707.251985131999
17062,15708.029843179000
17063,15708.932453148000
17064,15710.304180510000
17065,15710.912952037999
17066,15711.835420642999
17067,15712.596880935000
17068,15713.278774037000
17069,15713.789029420001
17070,15714.776906825000
17071,15715.473313782000
17072,15715.900141554999
17073,15717.268760378000
17074,15717.989257785001
17075,15719.158865788000
17076,15719.962915227999
17077,15720.122888929000
17078,15721.061578479001
17079,15722.345999808000
17080,15723.036914701999
17081,15723.620765135000
17082,15724.046630047000
17083,15725.367781057001
17084,15725.702827477000
17085,15726.553346289000
17086,15727.602282308000
17087,15728.815794274000
17088,15729.559070103000
17089,15730.379140565999
17090,15730.829703093001
17091,15731.412253725000
17092,15732.424141699001
17093,15732.982478358999
17094,15734.068453459000
17095,15734.846880928000
17096,15735.710315531000
17097,15736.190315841000
17098,15737.531990214000
17099,15738.185799999999
17100,15738.990407403000
17101,15739.752582608000
17102,15740.508439836000
17103,15741.554614678000
17104,15742.135243078001
17105,15742.645393328001
17106,15743.288460176000
17107,15744.062526866001
17108,15745.556500758999
17109,15746.482029260000
17110,15747.129761691000
17111,15747.625098103001
17112,15748.730615971999
17113,15749.492662373999
17114,15749.650550881999
17115,15751.048050011001
17116,15751.716697465999
17117,15752.348520873000
17118,15753.260408762000
17119,15753.984351342000
17120,15755.146294225000
17121,15755.423993085000
17122,15756.952958393000
17123,15757.706529399000
17124,15758.244337123000
17125,15758.961302401000
17126,15759.691838702000
17127,15760.103299132001
17128,15761.337161361000
17129,15762.195668888000
17130,15762.462985380000
17131,15764.150100923000
17132,15764.893209929000
17133,15765.454613431000
17134,15766.169097671000
17135,15766.875764794000
17136,15767.732959688001
17137,15768.816822033001
17138,15769.431957463999
17139,15770.053099671000
17140,15770.879767941000
17141,15771.353711014001
17142,15772.449490174000
17143,15773.663081208000
17144,15774.602396343000
17145,15775.186080482001
17146,15775.714086194001
17147,15776.895596582001
17148,15777.382076424001
17149,15778.018371529000
17150,15778.560581231999
17151,15779.728469307000
17152,15780.782680699000
17153,15781.517000489999
17154,15782.079974677999
17155,15783.219684105999
17156,15783.853247401001
17157,15784.759346486000
17158,15785.593319362000
17159,15786.355886816000
17160,15786.939168355000
17161,15787.844362915001
17162,15788.539437702000
17163,15789.053738791999
17164,15789.935176092000
17165,15791.300863058001
17166,15792.060273097000
17167,15793.157503814000
17168,15793.704709453999
17169,15794.071600884999
17170,15794.748136709000
17171,15795.869518636000
17172,15796.758198337000
17173,15797.415327995999
17174,15798.171706710000
17175,15798.760512032000
17176,15800.016934820000
17177,15800.849974643999
17178,15801.486968772000
17179,15802.247277930999
17180,15803.594150567000
17181,15804.118317789000
17182,15804.507023074000
17183,15805.403705224000
17184,15806.105722883000
17185,15806.756389521999
17186,15807.603267822000
17187,15809.183223558000
17188,15809.469659124001
17189,15810.663979683000
17190,15811.075830849000
17191,15811.978179071000
17192,15812.774055465001
17193,15813.491924795000
17194,15814.121620964999
17195,15815.337030801000
17196,15815.784465872999
17197,15816.760499982000
17198,15817.144223325000
17199,15818.049532225999
17200,15819.704320020001
17201,15820.204507708000
17202,15820.834689161000
17203,15821.631154536000
17204,15822.364554969001
17205,15823.024029623000
17206,15823.969883213000
17207,15824.235306274000
17208,15825.710752264000
17209,15826.040052677999
17210,15827.476900033000
17211,15828.210479437999
17212,15828.762473500001
17213,15829.573303456000
17214,15830.302735236000
17215,15831.277019690000
17216,15832.350979815999
17217,15832.750860533000
17218,15833.438323873999
17219,15833.770891308999
17220,15835.342788178001
17221,15835.641513250001
17222,15837.069460977000
17223,15837.770778276001
17224,15838.879248927000
17225,15839.164549838000
17226,15840.174411002001
17227,15840.528941627999
17228,15841.251202308000
17229,15842.427313941000
17230,15843.340540083000
17231,15843.773816682000
17232,15844.726556869000
17233,15845.820294480000
17234,15846.266448934000
17235,15847.425131663000
17236,15848.240330881001
17237,15849.021938529000
17238,15849.513783515000
17239,15850.466357343999
17240,15851.244073972000
17241,15851.923274155000
17242,15852.306612464999
17243,15853.291937177000
17244,15854.926745962000
17245,15855.724992404999
17246,15855.992224715999
17247,15856.828266977000
17248,15857.692264726000
17249,15858.306649647000
17250,15859.519794434000
17251,15859.762374803000
17252,15860.798125062000
17253,15861.673294534001
17254,15862.269165121999
17255,15863.028114385001
17256,15864.410757099000
17257,15864.703607701000
17258,15865.988573217999
17259,15866.771733281999
17260,15867.466263945000
17261,15867.961545833999
17262,15868.675213091001
17263,15869.324988245000
17264,15870.286627117999
17265,15871.311622908001
17266,15872.122653438000
17267,15872.881110865999
17268,15873.991446402000
17269,15874.938030314999
17270,15875.111460994000
17271,15875.738891613000
17272,15877.170629742999
17273,15877.818336044000
17274,15878.368938124000
17275,15879.388698971999
17276,15879.721719654000
17277,15880.465232029001
17278,15881.832862658999
17279,15882.778069582000
17280,15883.725249519000
17281,15884.267986893001
17282,15884.818115320000
17283,15885.890268764000
17284,15886.217736298000
17285,15887.370755751999
17286,15887.790474889000
17287,15888.699565109000
17288,15889.866203523001
17289,15890.701660680999
17290,15891.428409548000
17291,15891.957649729000
17292,15892.991548339000
17293,15894.120160046999
17294,15894.604960556000
17295,15895.382671137000
17296,15895.997106475001
17297,15896.844839706000
17298,15897.566011536999
17299,15898.205823693001
17300,15899.159718092000
17301,15900.528664279000
17302,15901.315272297001
17303,15901.902783853000
17304,15902.582188355000
17305,15903.543162067001
17306,15903.831481466999
17307,15904.654849013999
17308,15906.115386052999
17309,15906.563735025000
17310,15907.064214091000
17311,15907.881743554000
17312,15909.103692975001
17313,15909.922569801000
17314,15910.667776873999
17315,15911.662950881000
17316,15912.057597821000
17317,15913.531112451001
17318,15913.689495179000
17319,15914.220594838000
17320,15915.072514289001
17321,15915.822210377000
17322,15917.082477278000
17323,15917.880001777999
17324,15919.021596937000
17325,15919.484549006000
17326,15920.098504287000
17327,15921.036188024000
17328,15921.846428293000
17329,15922.557003303000
17330,15923.472279120000
17331,15924.104185071999
17332,15924.782005466001
17333,15925.867854560000
17334,15926.314070619999
17335,15927.226765013000
17336,15928.691634655999
17337,15929.304003914000
17338,15930.256080708001
17339,15930.423785425000
17340,15931.123102064999
17341,15932.255803255999
17342,15932.855729974000
17343,15933.578356829001
17344,15934.491807506000
17345,15935.497630534001
17346,15936.332856518000
17347,15937.406632861999
17348,15937.739680735000
17349,15938.565218557000
17350,15939.493066641000
17351,15940.369687163000
17352,15941.263602968000
17353,15941.717924289000
17354,15942.458330760999
17355,15943.236669620999
17356,15943.647170263999
17357,15945.484057410000
17358,15946.168134300000
17359,15946.532346745000
17360,15947.810848674000
17361,15948.427796541000
17362,15948.935571085000
17363,15949.695873908000
17364,15950.385867004999
17365,15951.347059588001
17366,15952.522432334001
17367,15952.842894427000
17368,15953.756290359999
17369,15954.629614412999
17370,15955.774394661999
17371,15956.168861958000
17372,15957.383541484000
17373,15958.089319051000
17374,15958.618850540999
17375,15959.321166479000
17376,15960.144283522999
17377,15960.935937290000
17378,15961.524753442000
17379,15962.443470749000
17380,15963.985249277999
17381,15964.580108198999
17382,15965.248058927000
17383,15965.981255743000
17384,15966.281169274000
17385,15967.541206606000
17386,15968.402247978000
17387,15969.215842877000
17388,15969.572190190000
17389,15970.526971543000
17390,15971.355630784999
17391,15972.373023275000
17392,15972.983311335000
17393,15974.208952461000
17394,15974.988999887000
17395,15975.632965164001
17396,15976.299269978001
17397,15977.278733185000
17398,15977.678304462999
17399,15978.091448731000
17400,15979.530447683001
17401,15980.210774658000
17402,15981.358520690001
17403,15982.019574112001
17404,15982.678110243000
17405,15983.740039841001
17406,15984.441245185000
17407,15984.981510080999
17408,15985.861682094001
17409,15986.794414802000
17410,15987.790009271999
17411,15988.105863491999
17412,15988.565957071000
17413,15989.719837836999
17414,15990.806382764000
17415,15992.240991663000
17416,15992.349712689000
17417,15993.190883965999
17418,15993.951895216000
17419,15994.735424289000
17420,15995.312542903999
17421,15996.104730909001
17422,15997.356830401999
17423,15997.536119102000
17424,15998.650322146001
17425,15999.932456213000
17426,16000.310634910000
17427,16001.230186502000
17428,16001.678946861000
17429,16003.243629229000
17430,16003.729991824999
17431,16004.287208317000
17432,16004.980914846999
17433,16005.645724737000
17434,16006.595101855000
17435,16007.268410502000
17436,16008.363888305999
17437,16009.503145231000
17438,16010.160499113999
17439,16011.223155354000
17440,16011.318011900001
17441,16012.363038998001
17442,16012.844145740000
17443,16014.077144772000
17444,16014.588934034000
17445,16015.618893249000
17446,16016.532433929000
17447,16016.614019601000
17448,16017.933559333000
17449,16019.022976707000
17450,16020.027976054000
17451,16020.192803804999
17452,16021.502968946001
17453,16021.811759496000
17454,16022.796816878999
17455,16023.530303349000
17456,16024.085141633999
17457,16024.543715155000
17458,16026.294492481000
17459,16027.058088061000
17460,16027.622148459999
17461,16028.556996126999
17462,16029.177432392000
17463,16029.898209540999
17464,16030.795447712000
17465,16031.701259711001
17466,16032.460647659000
17467,16032.922469331999
17468,16033.828563011000
17469,16034.619824212999
17470,16035.419238746001
17471,16036.540708270000
17472,16037.344858764000
17473,16038.392833162001
17474,16039.056901627000
17475,16039.720056806000
17476,16039.993264716000
17477,16040.881459517999
17478,16041.971014280000
17479,16042.699683634000
17480,16043.641206253000
17481,16044.096661600999
17482,16045.686543857000
17483,16046.110941917001
17484,16046.616056236000
17485,16047.780306862000
17486,16048.326545305999
17487,16049.422044912000
17488,16050.048424832999
17489,16050.900528943999
17490,16051.139790678000
17491,16052.271360085000
17492,16052.699467068000
17493,16054.330366382999
17494,16055.270798202000
17495,16055.885824494000
17496,16056.231439055000
17497,16057.207433547999
17498,16058.258022552000
17499,16058.620087674000
17500,16059.257363999001
17501,16060.365151631000
17502,16061.321982183001
17503,16061.833878670999
17504,16062.931574438000
17505,16063.509982717000
17506,16064.360977643000
17507,16065.733590956001
17508,16066.109948713000
17509,16066.811995431000
17510,16067.706845897999
17511,16068.357322967000
17512,16068.921198476000
17513,16069.731514486000
17514,16070.634777563000
17515,16071.641029443999
17516,16072.652996688999
17517,16073.604750871000
17518,16074.227822160001
17519,16074.796301655000
17520,16075.443534999000
17521,16076.198179679999
17522,16077.543249488001
17523,16078.079999137000
17524,16078.674125277999
17525,16079.309437743999
17526,16080.147219893999
17527,16081.481642274000
17528,16082.086988579000
17529,16082.941757488001
17530,16084.003928775001
17531,16084.530684380001
17532,16085.343578705000
17533,16085.902805318001
17534,16086.522212251000
17535,16087.452983347001
17536,16088.137870250999
17537,16089.334754722000
17538,16090.388957923000
17539,16090.825583958000
17540,16091.634196588000
17541,16092.694901016001
17542,16093.023505188001
17543,16094.358860255999
17544,16095.046747455999
17545,16095.163065731000
17546,16096.578655900999
17547,16097.125184568000
17548,16097.957244372999
17549,16098.181471530999
17550,16100.049374265000
17551,16100.831428209000
17552,16101.530258297000
17553,16102.040521314000
17554,16102.871543097001
17555,16103.465963178000
17556,16104.301798765000
17557,16105.168436845001
17558,16106.016050971000
17559,16106.614709592001
17560,16107.839917043000
17561,16108.265139480000
17562,16109.710047590999
17563,16109.957878607000
17564,16110.744912106000
17565,16111.831825277000
17566,16112.855227624001
17567,16113.169229543000
17568,16114.047968829000
17569,16114.417467174000
17570,16115.209048737001
17571,16116.460755980999
17572,16117.390750738999
17573,16118.345315906001
17574,16118.975931172999
17575,16119.878355147999
17576,16120.642134574000
17577,16121.002309490999
17578,16121.880585646000
17579,16122.779943606000
17580,16123.853963215000
17581,16124.358025523999
17582,16124.952587027999
17583,16126.126555461000
17584,16126.687013551000
17585,16127.765584199000
17586,16128.908515174000
17587,16129.557819887001
17588,16130.001784851000
17589,16130.683409379000
17590,16131.827521658000
17591,16132.175072409000
17592,16133.022979137000
17593,16133.751185360001
17594,16134.798545371999
17595,16136.279323881001
17596,16136.602994641000
17597,16137.352589795000
17598,16137.738064272000
17599,16139.026359097999
17600,16139.756701347000
17601,16140.425820072000
17602,16141.350549015000
17603,16141.996703821000
17604,16142.475591480001
17605,16143.515388039001
17606,16144.364109361000
17607,16145.483575746000
17608,16146.399352487000
17609,16146.958572398000
17610,16147.988638569001
17611,16148.494595962000
17612,16149.073154248001
17613,16149.876832342001
17614,16150.404599652000
17615,16152.003404818999
17616,16152.374276230001
17617,16153.083035617999
17618,16154.188919091001
17619,16155.112171081000
17620,16155.722916244000
17621,16156.523378743001
17622,16157.214499074000
17623,16158.295630057000
17624,16158.999632768000
17625,16159.425582652000
17626,16160.374674074001
17627,16160.866267370000
17628,16161.709089841001
17629,16163.396756165001
17630,16163.847921828001
17631,16164.732061250001
17632,16165.432961277000
17633,16165.979855471000
17634,16166.585475067999
17635,16167.864911397000
17636,16168.340981595000
17637,16169.125069966000
17638,16169.836683743000
17639,16171.006769328000
17640,16171.687807790000
17641,16172.455655993999
17642,16173.199551633001
17643,16174.377893953000
17644,16175.123608641999
17645,16176.010060568000
17646,16176.287639497001
17647,16176.917358212000
17648,16178.037704091999
17649,16178.644907442000
17650,16179.279686772999
17651,16180.787310395001
17652,16181.426937455000
17653,16182.292025790000
17654,16182.992511074999
17655,16183.845427187000
17656,16184.295430120001
17657,16185.027830007000
17658,16186.308363169001
17659,16186.804398074000
17660,16187.791033314999
17661,16188.224922676000
17662,16188.754122863000
17663,16190.193182417001
17664,16191.227107039000
17665,16191.912927341000
17666,16192.527991195000
17667,16193.342683864999
17668,16194.269999186999
17669,16194.841374232001
17670,16195.309760226000
17671,16196.092040615000
17672,16197.276126815001
17673,16198.014923848999
17674,16199.151004941999
17675,16199.776932486000
17676,16200.676276699000
17677,16201.031234501999
17678,16202.163380693000
17679,16203.154836493000
17680,16203.636163270001
17681,16204.547919916000
17682,16204.945785800001
17683,16205.986209585000
17684,16206.547681157001
17685,16207.697636419000
17686,16208.307865541999
17687,16210.037038864000
17688,16210.333575584000
17689,16210.790604308000
17690,16211.559745589000
17691,16212.451650363000
17692,16212.908845877000
17693,16214.207701386000
17694,16214.748358612000
17695,16215.556977181001
17696,16216.318665659001
17697,16217.458569723000
17698,16218.223458824001
17699,16218.778799717000
17700,16219.878478012000
17701,16220.626997689000
17702,16221.296290140999
17703,16222.101682974000
17704,16223.110435401000
17705,16223.264850479000
17706,16223.838664897999
17707,16225.122382537000
17708,16226.653378415000
17709,16226.927537764001
17710,16227.828045796001
17711,16228.435104583999
17712,16229.446962259000
17713,16230.109937581001
17714,16230.555950432999
17715,16231.659050787001
17716,16232.428843547999
17717,16233.255273471001
17718,16234.030653652000
17719,16234.528811536000
17720,16235.694194890000
17721,16236.675991214001
17722,16237.443505189000
17723,16238.469558833000
17724,16238.878544998999
17725,16239.778000835000
17726,16240.027424299000
17727,16241.106311676000
17728,16242.014832974000
17729,16242.536895228001
17730,16243.628724610000
17731,16244.753357996000
17732,16245.534321251000
17733,16246.258354932999
17734,16246.850267579999
17735,16247.263563175000
17736,16248.680991978001
17737,16249.571068765001
17738,16250.035552403000
17739,16250.439936078999
17740,16251.504984300000
17741,16252.267437810000
17742,16253.058218757000
17743,16254.591912907999
17744,16254.909499373000
17745,16255.808783078000
17746,16256.866250607000
17747,16257.034213985000
17748,16257.966661779001
17749,16258.693098674001
17750,16259.304438989000
17751,16260.367232282000
17752,16261.432206588001
17753,16262.029681137999
17754,16262.969827045999
17755,16263.485263728000
17756,16264.740241463000
17757,16265.350208668000
17758,16266.228055914000
17759,16266.673174584001
17760,16267.789698500001
17761,16268.397574502000
17762,16269.022695588999
17763,16269.722325200000
17764,16270.439435607999
17765,16272.201349561999
17766,16272.590321101001
17767,16273.542240815999
17768,16274.248587280999
17769,16274.550145277000
17770,16275.648407385999
17771,16276.264037720000
17772,16277.195633248000
17773,16278.232525886000
17774,16278.660718691999
17775,16279.186342863000
17776,16280.831900969000
17777,16281.255255679000
17778,16281.900201447999
17779,16282.999847845000
17780,16284.009232476001
17781,16284.576353727000
17782,16285.283403578000
17783,16285.794079435000
17784,16286.500910864001
17785,16287.275953193001
17786,16288.547993316000
17787,16289.142661039001
17788,16290.300118226000
17789,16291.153173679000
17790,16291.674285200001
17791,16292.427676953999
17792,16293.094661325000
17793,16294.252621936999
17794,16294.522264609001
17795,16295.785765405000
17796,16296.406399542000
17797,16296.981652454000
17798,16297.763559475001
17799,16298.624480156001
17800,16300.024545791000
17801,16300.790865841000
17802,16301.583680766000
17803,16301.748251131999
17804,16302.787234736999
17805,16303.756790283000
17806,16304.152703107000
17807,16304.962064013000
17808,16305.707719201000
17809,16306.934113470999
17810,16307.880098246000
17811,16308.532297473999
17812,16309.165142428999
17813,16310.180971764001
17814,16310.636002526000
17815,16311.849911951000
17816,16312.649044055001
17817,16313.084104075000
17818,16313.787078890000
17819,16314.689076860999
17820,16315.165785772000
17821,16316.408839457001
17822,16317.400871526001
17823,16318.289376794000
17824,16318.925455684999
17825,16320.030352086000
17826,16320.456528940000
17827,16320.869148947000
17828,16321.547815944001
17829,16323.108924300999
17830,16323.458393826000
17831,16324.248153267001
17832,16325.129730746001
17833,16325.935680172999
17834,16326.993060846000
17835,16327.816940114000
17836,16328.277970233999
17837,16329.518579766000
17838,16330.028735840000
17839,16330.861582251000
17840,16331.385931704001
17841,16332.261560679999
17842,16332.877913979000
17843,16333.547665912000
17844,16335.126588046000
17845,16336.137371274001
17846,16336.538618658000
17847,16336.949501902000
17848,16338.077493187000
17849,16338.711631945000
17850,16339.587098267000
17851,16340.509385975000
17852,16340.856242263000
17853,16341.912931523000
17854,16342.837873926999
17855,16343.323209044000
17856,16344.345371461000
17857,16345.210657369000
17858,16346.437145542001
17859,16347.138604079000
17860,16347.386916512000
17861,16348.642000567999
17862,16348.778236439000
17863,16349.859104429999
17864,16350.315569324001
17865,16351.653578234000
17866,16352.337529844001
17867,16353.169998597001
17868,16354.346359210000
17869,16354.925373407999
17870,16355.495535536000
17871,16356.312559792001
17872,16357.053678755001
17873,16358.096942886001
17874,16359.092617965000
17875,16359.330518572000
17876,16360.027139824000
17877,16360.634640737000
17878,16362.134392518999
17879,16362.935887058000
17880,16363.818502669001
17881,16364.556709741000
17882,16365.344586531000
17883,16365.801712098000
17884,16366.792279776000
17885,16367.311625282000
17886,16368.034915172000
17887,16369.116994022001
17888,16369.931795228000
17889,16370.715299060999
17890,16371.825499703000
17891,16372.379143876000
17892,16372.848468550999
17893,16374.320130341001
17894,16375.054828037000
17895,16375.381670527000
17896,16376.401856132001
17897,16376.782338499999
17898,16377.914944983000
17899,16378.707569407001
17900,16378.863667686999
17901,16380.622896580000
17902,16381.510053034001
17903,16382.268701458999
17904,16382.709555203000
17905,16383.560055906000
17906,16384.007916114999
17907,16385.142081164999
17908,16385.826226730998
17909,16386.839829674002
17910,16387.333993437001
17911,16388.099565545999
17912,16389.050980011001
17913,16389.963674975999
17914,16391.006453828999
17915,16391.640538789001
17916,16392.231610437000
17917,16393.527710883001
17918,16393.951532464002
17919,16394.582488299999
17920,16395.099842737000
17921,16395.942911931001
17922,16396.906538693001
17923,16398.244722242001
17924,16399.002365035001
17925,16399.292715558000
17926,16400.791356999001
17927,16400.901318729000
17928,16401.954340519002
17929,16402.452582406000
17930,16403.694813425998
17931,16404.273804013999
17932,16404.889286534999
17933,16405.747598321999
17934,16406.561071807999
17935,16407.199649910999
17936,16408.490335861999
17937,16409.599920960001
17938,16410.005885649000
17939,16410.899268253001
17940,16411.326965459000
17941,16411.986040290001
17942,16413.037171542001
17943,16413.709158457001
17944,16414.633093941000
17945,16415.095634805999
17946,16416.600723768999
17947,16417.322901411000
17948,16417.889488566001
17949,16418.581289472000
17950,16419.360752845001
17951,16420.662432715999
17952,16421.103680322001
17953,16421.733139455999
17954,16422.727758386001
17955,16423.108330137002
17956,16423.819347318000
17957,16424.960819700998
17958,16426.143560084001
17959,16426.916156784999
17960,16427.654070920998
17961,16428.313876385000
17962,16429.085930018999
17963,16430.001658895999
17964,16430.267128603999
17965,16431.072925467000
17966,16432.455098025999
17967,16433.065148469999
17968,16433.694540626999
17969,16434.396217620000
17970,16435.648046058999
17971,16436.332101798002
17972,16437.152395403002
17973,16438.140043693998
17974,16438.590355405999
17975,16439.300971305998
17976,16440.485090441001
17977,16440.755948227001
17978,16441.222797860999
17979,16442.490873945000
17980,16443.463303499000
17981,16444.601008148999
17982,16445.434754696998
17983,16445.761613912000
17984,16446.592089649999
17985,16447.129562916001
17986,16448.274183671001
17987,16449.305486690999
17988,16449.571625270000
17989,16450.401739724999
17990,16451.186094129000
17991,16452.129955508000
17992,16453.164713218001
17993,16453.639391780998
17994,16454.864933551999
17995,16455.765126348000
17996,16456.421452482002
17997,16456.898953575001
17998,16457.553829683999
17999,16458.389411240001
18000,16459.084222044999
18001,16460.132308357999
18002,16460.877644452001
18003,16462.192515604002
18004,16462.493114990000
18005,16463.493091983000
18006,16464.285897333000
18007,16465.081271833002
18008,16465.554410301000
18009,16466.749402325000
18010,16467.304495884000
18011,16468.305651339000
18012,16468.648077336999
18013,16469.550468374000
18014,16470.023924380999
18015,16472.087199733000
18016,16472.322053519001
18017,16473.049929141001
18018,16473.718887920000
18019,16474.726326029999
18020,16475.365853374999
18021,16475.744588343001
18022,16476.936199117001
18023,16477.483744509998
18024,16478.564834795001
18025,16479.274961039999
18026,16480.384067227002
18027,16480.936955902002
18028,16481.652767717998
18029,16482.707754845000
18030,16483.383468934000
18031,16484.591770447001
18032,16484.873163026001
18033,16485.422216481002
18034,16486.135141957999
18035,16487.307233087002
18036,16487.796518816998
18037,16488.991771559999
18038,16489.975034801999
18039,16490.826971612001
18040,16491.692449517999
18041,16491.991790635999
18042,16492.616382590000
18043,16493.578447669999
18044,16494.508848148998
18045,16495.426205409000
18046,16496.024620132001
18047,16496.590555375002
18048,16497.558404934000
18049,16498.672212407000
18050,16499.239528437000
18051,16500.482099229001
18052,16501.089135949998
18053,16501.620423140001
18054,16502.553229481000
18055,16503.277827837999
18056,16503.955314264000
18057,16504.578130449001
18058,16505.100068627999
18059,16506.965021115000
18060,16507.287504792999
18061,16508.365643413999
18062,16508.950506464000
18063,16509.429388760000
18064,16510.654539468000
18065,16511.335254807000
18066,16511.995203946000
18067,16512.705033028000
18068,16513.800059025001
18069,16514.283181448998
18070,16514.861814479998
18071,16515.946414397000
18072,16517.001182823002
18073,16517.871812533998
18074,16518.865076703001
18075,16519.424451354000
18076,16519.928647477998
18077,16520.791800766001
18078,16521.252193467000
18079,16522.292383561002
18080,16523.221124997999
18081,16524.067987269002
18082,16524.547730079001
18083,16525.885653928999
18084,16526.701575595998
18085,16527.402420687999
18086,16527.638746391000
18087,16528.954016609001
18088,16529.866869306999
18089,16530.559181337001
18090,16531.024398818001
18091,16531.722970342002
18092,16532.473952854001
18093,16533.325472687000
18094,16534.636944619000
18095,16535.581172582999
18096,16536.206397557999
18097,16536.832282812000
18098,16537.608806015000
18099,16538.545335813000
18100,16538.824477590999
18101,16539.909984016998
18102,16540.752221768002
18103,16541.332708618000
18104,16542.569523161001
18105,16543.259481800000
18106,16543.631028980999
18107,16544.874689232998
18108,16545.924754373002
18109,16546.569708242001
18110,16547.298138352999
18111,16547.783370366000
18112,16548.823937280999
18113,16549.282436392001
18114,16550.250611708001
18115,16550.719039473999
18116,16551.859277914002
18117,16553.449676785000
18118,16553.584477310000
18119,16554.340490955001
18120,16555.322112575999
18121,16555.905683108998
18122,16556.361991774000
18123,16557.760847080001
18124,16558.463530759000
18125,16559.040991105001
18126,16559.558581828001
18127,16560.486316767001
18128,16561.541162319001
18129,16562.626382910999
18130,16563.147744739999
18131,16564.062976771998
18132,16565.136962583001
18133,16565.446636422999
18134,16566.409336585999
18135,16566.758633653000
18136,16567.399172295001
18137,16568.762986692000
18138,16569.448904174002
18139,16570.353852008000
18140,16571.319283708999
18141,16571.948542468999
18142,16572.861049922001
18143,16573.305351772000
18144,16574.512703715001
18145,16575.136466524000
18146,16575.778289277001
18147,16576.614496326001
18148,16577.488874929000
18149,16577.987009584001
18150,16578.657404621001
18151,16579.897663979002
18152,16581.248962983998
18153,16581.715163006000
18154,16582.568641684000
18155,16582.773000836001
18156,16583.629088578000
18157,16584.827552334002
18158,16585.313966295002
18159,16585.878533438001
18160,16587.252883456000
18161,16587.525056416998
18162,16588.887833945999
18163,16589.466657590001
18164,16590.340898207000
18165,16590.883727355002
18166,16592.229443289001
18167,16592.687462509999
18168,16593.505811038001
18169,16594.172493242000
18170,16594.856648567002
18171,16595.365728020999
18172,16596.284684148999
18173,16597.706722546998
18174,16598.445326935002
18175,16598.999893998000
18176,16600.143972025999
18177,16600.929535178999
18178,16601.077167767999
18179,16602.100121784999
18180,16602.725482839000
18181,16603.984368238998
18182,16604.630713787999
18183,16605.297641580000
18184,16605.743193934999
18185,16607.097124897999
18186,16607.754657452999
18187,16609.096008091001
18188,16609.353066926000
18189,16610.305348446000
18190,16611.192891610001
18191,16611.548895634998
18192,16612.338473074000
18193,16613.297149419999
18194,16613.809952914002
18195,16614.701472597000
18196,16616.114046172999
18197,16616.962157804999
18198,16617.406985721998
18199,16618.012325183001
18200,16618.844900063999
18201,16619.821431197000
18202,16620.770022870001
18203,16621.291188397001
18204,16622.067177715999
18205,16622.511014468000
18206,16623.831231347001
18207,16624.247552246001
18208,16625.171642761001
18209,16626.632720389000
18210,16627.160498944999
18211,16627.759485718001
18212,16628.743736215001
18213,16629.243729217000
18214,16629.794017971999
18215,16630.597561958999
18216,16631.672983125001
18217,16632.496011216001
18218,16633.253709035998
18219,16634.124151798998
18220,16634.942816398001
18221,16635.887825488000
18222,16636.581846427998
18223,16637.312298721001
18224,16637.971072070999
18225,16639.157619014000
18226,16639.735551900001
18227,16640.234605066998
18228,16641.052549713000
18229,16641.429003665999
18230,16643.059741309000
18231,16644.070092522001
18232,16644.609903125001
18233,16645.512770248999
18234,16645.918855308999
18235,16646.969999420999
18236,16647.429052385000
18237,16648.286517445998
18238,16649.425143290999
18239,16649.664950048002
18240,16650.904060944002
18241,16651.430802968000
18242,16652.651661436001
18243,16653.197688811000
18244,16653.873706603001
18245,16655.278350471999
18246,16656.022421959002
18247,16656.398815812001
18248,16656.794904761999
18249,16657.997581619999
18250,16658.541354126999
18251,16659.330701993000
18252,16660.294471090001
18253,16661.282595214001
18254,16662.366532680000
18255,16663.112900974000
18256,16663.596976879999
18257,16664.198601234999
18258,16665.075979371999
18259,16666.027010943999
18260,16666.886468124001
18261,16667.433972554001
18262,16668.384441663002
18263,16668.967284066999
18264,16669.448823016999
18265,16671.257131965001
18266,16671.546741545000
18267,16672.731392120000
18268,16673.183710691999
18269,16673.941466179000
18270,16674.890380828001
18271,16675.550632598999
18272,16675.910930121001
18273,16676.709001889001
18274,16677.959199468001
18275,16678.966731995999
18276,16679.576178521002
18277,16680.417333743000
18278,16681.087121762001
18279,16682.147106633001
18280,16682.596588241999
18281,16683.665835536001
18282,16684.407085576000
18283,16684.985850603000
18284,16685.784354621999
18285,16686.412254393999
18286,16687.330938669998
18287,16688.061834626002
18288,16689.419844053999
18289,16690.226454113999
18290,16690.996531461999
18291,16691.549501273999
18292,16692.176470246999
18293,16692.771265425999
18294,16693.661974416998
18295,16694.959216838000
18296,16695.385852396001
18297,16695.782025943001
18298,16697.134430458998
18299,16698.240400395000
18300,16698.487718845001
18301,16699.454384600002
18302,16700.420423643998
18303,16701.160692435002
18304,16702.020392958999
18305,16702.821862436002
18306,16703.043989938000
18307,16703.919233099001
18308,16704.766004437999
18309,16705.552585617999
18310,16707.208043996001
18311,16707.563225288999
18312,16708.270518260000
18313,16709.012930331999
18314,16709.945732118002
18315,16710.570677635002
18316,16711.278254743000
18317,16711.966863284000
18318,16713.091861706002
18319,16713.933036228998
18320,16714.208406528000
18321,16715.341241474001
18322,16715.949062781001
18323,16717.414472789998
18324,16718.052129593001
18325,16718.667179886001
18326,16719.430753735000
18327,16720.131483648998
18328,16720.824033733999
18329,16721.606729547999
18330,16722.208625807001
18331,16723.175998915001
18332,16724.275773758000
18333,16725.039793921998
18334,16726.141180474999
18335,16726.702446653999
18336,16727.199088670000
18337,16727.812939306001
18338,16729.363289453999
18339,16729.658637523000
18340,16730.562997304001
18341,16731.284621187999
18342,16731.543337785999
18343,16732.764496782002
18344,16733.755219426999
18345,16734.724753301001
18346,16735.372667700001
18347,16736.515925391999
18348,16737.114090759002
18349,16737.648017131000
18350,16738.124995967999
18351,16739.305945414999
18352,16739.683931168998
18353,16740.865091536001
18354,16741.747389282002
18355,16742.438120052000
18356,16743.290202659002
18357,16744.251753240998
18358,16744.770495819001
18359,16745.904852896001
18360,16746.553850943001
18361,16747.390813110000
18362,16747.745931197001
18363,16749.017157875998
18364,16749.551985758000
18365,16749.950575417999
18366,16750.776706520999
18367,16752.484287825999
18368,16753.271181597000
18369,16753.778125354002
18370,16754.321241369998
18371,16755.272141792000
18372,16755.883675593999
18373,16756.738341306998
18374,16757.536485211000
18375,16758.369552017000
18376,16759.079764827002
18377,16759.799293578999
18378,16760.903242967001
18379,16761.523111877999
18380,16762.594707505999
18381,16763.143085750999
18382,16764.345937557999
18383,16764.876063223001
18384,16765.704943270001
18385,16766.396159422002
18386,16766.473748577999
18387,16767.695594420999
18388,16768.842613919001
18389,16769.440554022000
18390,16770.528338093001
18391,16771.619915130999
18392,16771.802722470999
18393,16772.980173405998
18394,16773.484397848999
18395,16773.919180386001
18396,16775.390589217001
18397,16776.119557620001
18398,16776.384729791000
18399,16777.392008691000
18400,16778.005201595999
18401,16779.002712168000
18402,16780.050840970998
18403,16781.222827846999
18404,16781.770094522999
18405,16782.112914847999
18406,16783.129894854999
18407,16783.825959067999
18408,16784.668098335998
18409,16785.060814353001
18410,16786.140266977000
18411,16786.864608776999
18412,16788.296487449999
18413,16788.895680425001
18414,16789.301466281999
18415,16790.172375876002
18416,16791.156536548999
18417,16792.110430984001
18418,16792.655426680001
18419,16793.465461087999
18420,16793.981667124001
18421,16795.058227891001
18422,16795.437197593001
18423,16796.311085159999
18424,16797.764436016001
18425,16798.300823885998
18426,16799.500238629000
18427,16799.847549048998
18428,16800.691886805998
18429,16801.365168502001
18430,16801.768560648001
18431,16802.895943315001
18432,16803.854935520001
18433,16804.686430370999
18434,16805.153026027001
18435,16805.918171132002
18436,16807.430616194000
18437,16807.819711155000
18438,16808.505193239002
18439,16809.479220607998
18440,16810.402985065000
18441,16811.029908762001
18442,16811.706736461001
18443,16812.259034776998
18444,16813.167528286001
18445,16813.569989578002
18446,16815.269279344000
18447,16815.969190909000
18448,16816.692443012002
18449,16817.627272512000
18450,16818.024196933002
18451,16818.696631988001
18452,16819.838640110000
18453,16820.571717187999
18454,16821.109950947000
18455,16821.948238348999
18456,16822.912360122002
18457,16823.558435092000
18458,16824.433067099999
18459,16825.146258526001
18460,16826.455638746000
18461,16827.364698468002
18462,16827.671586205000
18463,16828.515378822001
18464,16829.024098446000
18465,16829.867044170998
18466,16830.833053729999
18467,16831.296376515998
18468,16832.340595329999
18469,16833.481636967001
18470,16834.191794548002
18471,16835.057636989000
18472,16835.731094772000
18473,16836.244453571999
18474,16837.368392470999
18475,16837.839749518000
18476,16839.253469126001
18477,16839.538894810001
18478,16840.102601580998
18479,16840.771226478999
18480,16841.795129747999
18481,16843.004002276000
18482,16844.170930057000
18483,16844.330514208999
18484,16845.193694637001
18485,16846.318110749999
18486,16846.767013395001
18487,16847.369723906999
18488,16847.903401287000
18489,16849.141847809002
18490,16850.106858198000
18491,16850.523972821000
18492,16851.718407535001
18493,16852.485808533002
18494,16853.005571786001
18495,16854.079311500001
18496,16854.975173221999
18497,16855.640251985998
18498,16856.345986542001
18499,16857.033307727001
18500,16857.755203682998
18501,16858.408424099001
18502,16859.540297623000
18503,16859.829551871000
18504,16861.573566479001
18505,16862.315969880001
18506,16862.908115098999
18507,16863.465457785001
18508,16864.008124265001
18509,16865.030188150002
18510,16865.856416138999
18511,16866.819660532001
18512,16867.263428934999
18513,16868.044214245001
18514,16869.013743701998
18515,16869.871313305001
18516,16870.758197899999
18517,16871.517883370001
18518,16872.460522394002
18519,16873.291182117999
18520,16873.892085220999
18521,16874.588844853999
18522,16875.338723861001
18523,16875.998609437000
18524,16876.392676558000
18525,16878.032295176999
18526,16878.775105684999
18527,16879.714683685001
18528,16880.021060293999
18529,16881.364378548002
18530,16881.810243720000
18531,16882.385533807999
18532,16883.408738263999
18533,16884.167993338000
18534,16884.948931056999
18535,16885.848321319001
18536,16886.429852453999
18537,16886.765740364001
18538,16888.315838777999
18539,16889.382913144000
18540,16889.787288947002
18541,16891.047648198000
18542,16891.372296710000
18543,16891.789363745000
18544,16892.961752175001
18545,16893.447271244000
18546,16894.455366753999
18547,16895.140252115001
18548,16895.977024323001
18549,16897.220418465000
18550,16897.918257093999
18551,16898.593006157000
18552,16899.133117752001
18553,16899.988829524998
18554,16901.494060656001
18555,16901.714999381998
18556,16902.232649848000
18557,16903.040857305001
18558,16903.915173524001
18559,16904.548652087000
18560,16905.594442046000
18561,16906.695758272999
18562,16907.611547788001
18563,16908.255877808999
18564,16908.914376673001
18565,16909.639703011999
18566,16910.435298513999
18567,16910.836370265999
18568,16911.948858197000
18569,16912.908198323999
18570,16913.579767957999
18571,16914.272646797999
18572,16915.213215688000
18573,16915.931781681000
18574,16917.086470503000
18575,16918.033255921000
18576,16918.219623905999
18577,16919.145364038999
18578,16920.234262922000
18579,16920.655253712001
18580,16921.402837221998
18581,16921.827381882002
18582,16922.950203408000
18583,16924.238426385000
18584,16925.292510735999
18585,16925.548806006002
18586,16926.390393565998
18587,16927.071006405000
18588,16927.984152133999
18589,16928.571903313001
18590,16929.639735166998
18591,16930.373059735000
18592,16930.976160221999
18593,16931.492016400000
18594,16932.816242077999
18595,16933.584023339001
18596,16934.145507947000
18597,16935.525326416999
18598,16936.081534024001
18599,16937.039651556999
18600,16937.326771812001
18601,16938.233419242999
18602,16938.481653712999
18603,16939.994827020000
18604,16940.362511128998
18605,16941.563766137999
18606,16942.187409243001
18607,16943.466106664000
18608,16944.005677720001
18609,16944.500816918000
18610,16945.408138854000
18611,16946.318207367000
18612,16947.082692143998
18613,16947.866473144000
18614,16948.536281345001
18615,16949.364148680001
18616,16949.735307716001
18617,16950.683070613999
18618,16952.284858808001
18619,16953.084360215998
18620,16953.312425238000
18621,16954.309380241000
18622,16954.950052030999
18623,16955.728209230001
18624,16956.515521283000
18625,16957.207244067999
18626,16957.761240894000
18627,16959.112970679002
18628,16959.950251602000
18629,16960.341116529999
18630,16961.515400312001
18631,16962.120488114000
18632,16962.982234045001
18633,16964.102591310999
18634,16964.540962644001
18635,16965.371070612000
18636,16965.952801880001
18637,16966.592919334998
18638,16967.718173671001
18639,16967.955717774999
18640,16969.660383965002
18641,16970.113447575000
18642,16971.219616900999
18643,16972.037911162999
18644,16972.464541230998
18645,16973.102169153000
18646,16973.650809597999
18647,16975.172848820999
18648,16975.601028296998
18649,16976.460908539000
18650,16976.871332620001
18651,16977.884581384998
18652,16979.009305435000
18653,16979.768901142001
18654,16980.480425431000
18655,16981.506673823998
18656,16982.142078876001
18657,16982.928102092999
18658,16983.458373170000
18659,16984.386890515001
18660,16984.677563132998
18661,16985.772689311001
18662,16986.739211543001
18663,16988.047480173002
18664,16988.586059310001
18665,16989.177754028002
18666,16989.794235892001
18667,16990.997273828001
18668,16991.557416453001
18669,16992.348131032999
18670,16993.047755885000
18671,16993.941669967000
18672,16994.579466274001
18673,16995.527046019000
18674,16995.895589524000
18675,16997.143171258002
18676,16998.404234842001
18677,16999.092531233000
18678,16999.633026853000
18679,17000.088704665999
18680,17001.177735689002
18681,17001.855927231001
18682,17002.156473708001
18683,17003.584696442002
18684,17004.284046214001
18685,17004.768368038000
18686,17006.274973709002
18687,17006.676005402001
18688,17007.616375578000
18689,17008.214689036002
18690,17008.945700875000
18691,17010.119947135001
18692,17010.770107192999
18693,17011.515926742999
18694,17011.949527645000
18695,17012.495674760001
18696,17013.577297042000
18697,17014.935325102000
18698,17015.468248532001
18699,17016.599454359999
18700,17017.032358701999
18701,17018.054396700001
18702,17018.449934507000
18703,17019.212498847999
18704,17019.997113877002
18705,17020.902026733002
18706,17021.885580007998
18707,17022.304185033001
18708,17023.515364923998
18709,17023.979812182999
18710,17024.977868024998
18711,17025.904685848000
18712,17026.832905746000
18713,17027.628474761001
18714,17028.086142729000
18715,17028.595233094002
18716,17029.752981579000
18717,17030.501168276998
18718,17030.815876031000
18719,17031.765069104000
18720,17033.524765828999
18721,17033.797497281001
18722,17034.670564258999
18723,17035.424745524000
18724,17035.823936332999
18725,17036.757734887000
18726,17037.887801870002
18727,17038.452069720999
18728,17039.087540992001
18729,17040.025829568000
18730,17040.562107061000
18731,17041.441572709002
18732,17042.593200552001
18733,17043.513805593000
18734,17044.110732800000
18735,17044.931960110000
18736,17046.105748870999
18737,17046.345319694999
18738,17046.788072969000
18739,17047.785548510001
18740,17048.419204378999
18741,17049.730607615998
18742,17050.472602317001
18743,17051.165131329999
18744,17052.054269933000
18745,17053.064309820998
18746,17053.593099464000
18747,17054.195342143001
18748,17055.320525081999
18749,17055.892452898999
18750,17056.908858703999
18751,17057.432029873002
18752,17057.925334840998
18753,17058.948399294000
18754,17059.650905916002
18755,17061.078311703001
18756,17062.120113369001
18757,17062.286298438001
18758,17063.184174002999
18759,17063.744135408000
18760,17064.539113945000
18761,17065.466649676000
18762,17066.160710022999
18763,17066.938957636001
18764,17067.661209469999
18765,17068.726994069999
18766,17069.822411073001
18767,17070.298573618998
18768,17070.631848688001
18769,17072.433960007998
18770,17072.625030194002
18771,17073.501280491000
18772,17074.253613534998
18773,17074.852141011001
18774,17075.525624831000
18775,17076.259941404001
18776,17077.298173669999
18777,17078.331556189001
18778,17079.424990259999
18779,17079.851090022999
18780,17080.750833890001
18781,17081.360065214001
18782,17082.339506208999
18783,17082.512992002001
18784,17083.639334471001
18785,17084.859156439001
18786,17085.291663944001
18787,17085.873555808001
18788,17086.580445567000
18789,17087.916689043999
18790,17088.696904575001
18791,17089.612569430999
18792,17090.218452088000
18793,17090.912793777999
18794,17091.879830630998
18795,17092.401384314999
18796,17093.102057123000
18797,17093.657686941999
18798,17094.665943069002
18799,17095.767595842000
18800,17096.750012302000
18801,17097.480683153000
18802,17098.223995707001
18803,17098.696068433001
18804,17099.565487784999
18805,17100.512820896001
18806,17101.631744759001
18807,17101.921544408000
18808,17102.361372937001
18809,17103.624349752001
18810,17104.267507641001
18811,17104.947165678001
18812,17106.178614244000
18813,17106.952197909999
18814,17108.272700409001
18815,17108.372024748998
18816,17109.156563201999
18817,17109.729326860001
18818,17110.512159620001
18819,17111.528633058999
18820,17112.271579165001
18821,17112.967092379000
18822,17114.089823233000
18823,17114.766566818002
18824,17115.606363448002
18825,17116.539693842002
18826,17117.152143149000
18827,17117.836070131001
18828,17118.957249874999
18829,17119.566186507000
18830,17120.175933271999
18831,17121.094469709002
18832,17121.560943860000
18833,17122.032997351998
18834,17123.973274825999
18835,17124.622752944000
18836,17125.123584952998
18837,17125.915136706000
18838,17126.750986104002
18839,17127.468321288001
18840,17128.244574332999
18841,17128.606727107999
18842,17130.097286232001
18843,17130.320525560001
18844,17131.449845300001
18845,17132.108406163999
18846,17133.022721499001
18847,17133.851189522000
18848,17134.670312578000
18849,17135.801837897001
18850,17136.314307137000
18851,17137.039162843001
18852,17137.605800190999
18853,17138.329854618001
18854,17139.080597708999
18855,17140.083869249000
18856,17140.782411778000
18857,17141.811976484001
18858,17143.060622366000
18859,17143.786536184001
18860,17143.821843505000
18861,17144.798325991000
18862,17145.573567187999
18863,17146.664276839001
18864,17147.365080955002
18865,17148.130249419999
18866,17148.672945332000
18867,17149.235614981000
18868,17150.670299609999
18869,17151.114938238999
18870,17152.484914999000
18871,17153.033395409999
18872,17153.960348307999
18873,17154.248173739001
18874,17155.424327809000
18875,17155.977499651999
18876,17156.431435383001
18877,17157.231467871999
18878,17158.510285011998
18879,17159.355012242999
18880,17160.231536846000
18881,17160.727540738000
18882,17161.700691900001
18883,17162.350887132001
18884,17163.647420157002
18885,17163.788965265001
18886,17164.641345255000
18887,17165.727103778001
18888,17166.265055025000
18889,17166.887641830999
18890,17167.578049595999
18891,17168.610754001998
18892,17170.081091542001
18893,17170.523946852001
18894,17171.298077307001
18895,17172.114295578998
18896,17172.698224786000
18897,17173.063577148001
18898,17174.287814146999
18899,17175.104520794001
18900,17175.811229000999
18901,17176.544016055999
18902,17177.294822538999
18903,17178.691066446001
18904,17179.036572195000
18905,17179.919791123000
18906,17180.518979314998
18907,17181.900487931001
18908,17182.411943110001
18909,17183.026112461001
18910,17183.517999034000
18911,17184.268341175000
18912,17185.274890532000
18913,17185.935283942999
18914,17187.452334112000
18915,17187.989782150002
18916,17188.643077943001
18917,17189.613493086999
18918,17190.340670575999
18919,17190.611533843999
18920,17191.786333765998
18921,17192.587940967001
18922,17193.148836578999
18923,17194.274646377002
18924,17194.798230911001
18925,17195.590822580001
18926,17196.273348557999
18927,17197.756448393000
18928,17198.463039896000
18929,17199.019591283999
18930,17199.743489177999
18931,17200.402709774000
18932,17201.286495225999
18933,17201.964473110002
18934,17202.584542502998
18935,17203.324938899001
18936,17204.595763908001
18937,17205.587952280999
18938,17206.337955404000
18939,17206.748932275001
18940,17207.765228749999
18941,17208.267890291001
18942,17209.305523735002
18943,17210.190242322002
18944,17210.989704653999
18945,17211.302420420001
18946,17212.214059340000
18947,17212.786061472001
18948,17214.165785054000
18949,17214.876517348999
18950,17215.725438050002
18951,17216.778247163998
18952,17217.328271787999
18953,17218.006937644001
18954,17218.701332883000
18955,17219.174524480000
18956,17220.019740841999
18957,17221.487546405999
18958,17221.807150575001
18959,17222.425736566998
18960,17223.891095931998
18961,17224.282671212000
18962,17225.192214236002
18963,17225.901641673001
18964,17227.009812441000
18965,17227.447732764998
18966,17228.266922571001
18967,17229.072284374000
18968,17229.778849802002
18969,17230.351074341001
18970,17230.964698710999
18971,17232.456738188001
18972,17233.452259203001
18973,17234.365939497999
18974,17234.694186648001
18975,17234.980875859001
18976,17236.400393820000
18977,17236.961753222000
18978,17237.654917805001
18979,17238.600661867000
18980,17239.148037493000
18981,17240.255937534999
18982,17240.877203290998
18983,17241.847699312999
18984,17242.491284921001
18985,17243.587168094000
18986,17244.430400279001
18987,17245.126442867000
18988,17245.847412179999
18989,17246.352806360999
18990,17247.136937609001
18991,17247.799377243999
18992,17248.648500136998
18993,17249.867865115000
18994,17250.618701916999
18995,17251.441211410998
18996,17252.314982317999
18997,17253.124760912000
18998,17253.716375210999
18999,17254.030381507000
19000,17255.317628137000
19001,17256.387732147999
19002,17256.798349877001
19003,17257.304049917999
19004,17258.284407562998
19005,17258.870760930000
19006,17260.399641184002
19007,17261.016755855999
19008,17261.834538145002
19009,17262.498187304998
19010,17263.361972359999
19011,17264.102021662002
19012,17264.329748970002
19013,17265.518799289999
19014,17266.205578432000
19015,17266.835794481001
19016,17268.251893810000
19017,17268.981310578001
19018,17269.585838568000
19019,17270.361512828000
19020,17270.980406328999
19021,17272.247332139999
19022,17272.854516367999
19023,17273.575871348999
19024,17274.098299402998
19025,17274.877709636999
19026,17275.911333994001
19027,17276.383819086001
19028,17277.194000484000
19029,17278.766870649000
19030,17279.421346599000
19031,17279.949035998001
19032,17280.902523338002
19033,17281.233563441001
19034,17282.099809001000
19035,17282.817713805001
19036,17283.853647969001
19037,17284.579738262000
19038,17285.525867877001
19039,17285.823267051001
19040,17287.121046380002
19041,17288.134093879999
19042,17288.456154858999
19043,17289.652132092000
19044,17290.166848929999
19045,17291.048163093001
19046,17292.042015077001
19047,17292.551721516000
19048,17292.776275376000
19049,17293.657725410001
19050,17294.961689763000
19051,17296.133013465998
19052,17296.597046022001
19053,17297.548381311000
19054,17298.193073347000
19055,17298.911214057000
19056,17299.553188367001
19057,17300.672750668000
19058,17300.966870038999
19059,17302.245390435000
19060,17302.740664669000
19061,17303.416074551002
19062,17304.373034986002
19063,17305.374722023000
19064,17305.867778135002
19065,17307.444202178001
19066,17307.882666385001
19067,17308.483468787999
19068,17309.023412538001
19069,17309.793790806001
19070,17310.823439640000
19071,17311.255117684999
19072,17312.320651747999
19073,17312.972929889002
19074,17314.296452811999
19075,17315.154022719998
19076,17315.570220877002
19077,17316.273615888000
19078,17317.017993434001
19079,17318.078534688000
19080,17319.007972014999
19081,17319.339318236001
19082,17320.347957186001
19083,17320.850216941999
19084,17321.517891238000
19085,17322.537878194002
19086,17323.954022585000
19087,17324.562614053000
19088,17325.049813983998
19089,17326.110241832001
19090,17326.753225160999
19091,17327.415487162001
19092,17328.134903220001
19093,17328.508892917002
19094,17329.977233428999
19095,17330.543593250000
19096,17331.577306110001
19097,17332.147824357002
19098,17332.924972576999
19099,17334.102964764999
19100,17334.754115521999
19101,17335.282118268002
19102,17336.470080692001
19103,17337.050033510001
19104,17337.486719682001
19105,17338.463890022002
19106,17339.199960398000
19107,17339.666778310999
19108,17341.007480016000
19109,17342.230154027999
19110,17342.760653001002
19111,17343.513651894998
19112,17344.077053187000
19113,17344.768023264998
19114,17345.404500272001
19115,17346.824528519999
19116,17347.207141400999
19117,17347.921236094000
19118,17348.473150718000
19119,17349.951232724001
19120,17350.347718913999
19121,17351.270447460000
19122,17352.171811314001
19123,17353.028017858000
19124,17354.062135745000
19125,17354.420578714002
19126,17354.957259317998
19127,17355.986398039000
19128,17356.349565583001
19129,17357.344873365000
19130,17358.428089612000
19131,17359.435982553001
19132,17360.142357070999
19133,17360.932303439000
19134,17361.495316034001
19135,17362.533897655001
19136,17363.084170843002
19137,17363.801721375999
19138,17364.714374046998
19139,17365.620333973999
19140,17366.517185119999
19141,17366.577790073999
19142,17367.496501574002
19143,17368.884487477000
19144,17369.848291737999
19145,17370.710491282000
19146,17371.025258688001
19147,17371.869294248001
19148,17372.614166136002
19149,17373.512859828999
19150,17373.912444049001
19151,17374.723606362000
19152,17375.901922010002
19153,17376.552448858001
19154,17377.500796945998
19155,17378.633116302000
19156,17379.096996593002
19157,17379.401430049002
19158,17380.751003615002
19159,17381.700615078000
19160,17382.238500370000
19161,17382.838405096001
19162,17383.670804342000
19163,17384.059081968000
19164,17385.228328846999
19165,17386.124195380002
19166,17387.055976292999
19167,17388.001761613999
19168,17389.001039184001
19169,17389.283655897001
19170,17390.144204910001
19171,17390.530040603000
19172,17391.528747572000
19173,17392.582180926001
19174,17393.099574881999
19175,17394.225485217001
19176,17394.528575767999
19177,17395.703074002999
19178,17396.531262561999
19179,17397.310131770999
19180,17398.328153441998
19181,17399.050237300999
19182,17399.383198991000
19183,17400.686234548000
19184,17401.021505347999
19185,17401.723141471000
19186,17402.685860033002
19187,17402.916449623001
19188,17405.014733315998
19189,17405.422733488998
19190,17405.970683333999
19191,17406.714542482001
19192,17407.632394797001
19193,17408.322549419001
19194,17408.989138109999
19195,17410.102204216000
19196,17410.525091537002
19197,17411.389486265001
19198,17412.208704927001
19199,17412.910182705000
19200,17413.839827764001
19201,17414.771964041000
19202,17415.911353234998
19203,17416.267093742001
19204,17417.443596951998
19205,17417.808137979999
19206,17418.592266348001
19207,17418.806295228998
19208,17420.170652016001
19209,17421.074210121002
19210,17421.556741741999
19211,17422.766405204002
19212,17423.536415105998
19213,17424.545649229000
19214,17424.973812131000
19215,17425.590316056001
19216,17426.490405875000
19217,17427.671394345001
19218,17428.173531143999
19219,17428.985318586001
19220,17429.249090152000
19221,17430.367282240000
19222,17430.970680563001
19223,17432.473338116000
19224,17433.142591930999
19225,17434.056942403000
19226,17434.570476892000
19227,17435.080798006999
19228,17436.301453492000
19229,17436.595892855999
19230,17437.510244542002
19231,17438.151433450999
19232,17439.308539525999
19233,17440.022848049000
19234,17441.092455706999
19235,17441.496369591001
19236,17442.316932704001
19237,17443.412160208001
19238,17444.308754051999
19239,17445.079512135999
19240,17445.226885742999
19241,17446.316671004999
19242,17447.237279682999
19243,17447.620266250000
19244,17448.266513892999
19245,17449.725077876999
19246,17450.501841507001
19247,17451.526068634001
19248,17452.142112409001
19249,17452.812990539001
19250,17453.204035998999
19251,17454.309066348000
19252,17454.842717627998
19253,17456.114006528998
19254,17456.759712244999
19255,17457.147079210001
19256,17457.915831591999
19257,17459.172453218998
19258,17460.199387188000
19259,17460.570805446001
19260,17461.488068883002
19261,17462.679248916000
19262,17463.012915285999
19263,17463.774326221999
19264,17464.454273140000
19265,17465.026302758000
19266,17465.784157339000
19267,17467.176383614002
19268,17467.757473721002
19269,17469.017408940999
19270,17469.307428128999
19271,17470.235610075000
19272,17470.894161930999
19273,17471.730158148999
19274,17472.615250339000
19275,17473.358824137998
19276,17473.920770855999
19277,17474.813144545999
19278,17475.633151880000
19279,17476.281813754998
19280,17476.948226622000
19281,17478.562817100999
19282,17479.303939926998
19283,17479.731098565000
19284,17480.493922350001
19285,17481.114490782998
19286,17481.841721155000
19287,17482.762290849001
19288,17483.457457051001
19289,17484.242745618001
19290,17485.052953671999
19291,17486.335827750001
19292,17486.882944749999
19293,17487.503128929999
19294,17488.604881005002
19295,17489.000583823999
19296,17490.076989544999
19297,17490.963411802000
19298,17491.631202542001
19299,17492.199867998999
19300,17492.643197800000
19301,17493.600646913001
19302,17494.628636608999
19303,17495.874586098998
19304,17496.739306437001
19305,17496.838469961000
19306,17498.205633957001
19307,17498.865497375999
19308,17499.282373611000
19309,17499.808683679999
19310,17501.015130218999
19311,17501.927682869002
19312,17502.617733827999
19313,17503.210282897999
19314,17504.111048651001
19315,17505.226353223999
19316,17505.705024981999
19317,17506.925705001999
19318,17507.613844994001
19319,17508.132475563001
19320,17509.056400226000
19321,17509.541637298000
19322,17510.408941411999
19323,17511.157359784000
19324,17511.732206625002
19325,17512.905148139002
19326,17514.290846152999
19327,17514.743604795000
19328,17515.335951615001
19329,17516.141958200998
19330,17516.463336179000
19331,17518.065197675001
19332,17518.429662424998
19333,17519.096953347002
19334,17519.939149811002
19335,17520.806339363000
19336,17521.271748429001
19337,17522.617601950999
19338,17523.119564478999
19339,17524.283281289001
19340,17525.132780612999
19341,17525.845969589001
19342,17526.234820013000
19343,17527.263307903999
19344,17527.708923155998
19345,17528.373704573001
19346,17529.351167025001
19347,17530.593550803002
19348,17531.214344798998
19349,17531.790554609001
19350,17533.100621587000
19351,17533.543127386001
19352,17534.312303131999
19353,17535.109431322999
19354,17535.849225147002
19355,17536.814885075000
19356,17537.485306456001
19357,17538.329937572998
19358,17538.545517566999
19359,17539.380706420001
19360,17540.986519931001
19361,17541.668686001001
19362,17542.627632804000
19363,17543.014057568998
19364,17543.954341527002
19365,17544.420048901000
19366,17545.303033651999
19367,17545.996054617000
19368,17547.006558792000
19369,17547.583496987001
19370,17548.370023230000
19371,17549.682306367002
19372,17550.164264644998
19373,17550.936015378000
19374,17551.601398489001
19375,17552.856183166001
19376,17553.528855982000
19377,17554.317672190002
19378,17554.709232780999
19379,17555.252782085001
19380,17556.438263369000
19381,17557.032697859999
19382,17557.820080148998
19383,17559.164233652999
19384,17559.957535182999
19385,17560.760310229001
19386,17561.136530790001
19387,17562.038729224001
19388,17562.856211586000
19389,17563.165459683001
19390,17564.676248111999
19391,17565.234765214002
19392,17565.643821660000
19393,17566.815220244000
19394,17567.233836564999
19395,17568.381018742999
19396,17569.752177711001
19397,17569.959165872999
19398,17570.719612716999
19399,17571.622095079001
19400,17572.429860819000
19401,17573.150266872999
19402,17573.523977180001
19403,17574.233010630000
19404,17575.334567692000
19405,17576.594093632000
19406,17577.196466132998
19407,17578.198505355998
19408,17578.438648525000
19409,17579.537502553001
19410,17580.244270675001
19411,17580.995762015002
19412,17581.951604712001
19413,17582.661236002001
19414,17583.103794868999
19415,17584.030125832000
19416,17584.782312462001
19417,17585.682876628001
19418,17586.693799928002
19419,17587.590144360001
19420,17588.672534814999
19421,17589.111059829000
19422,17589.588330472001
19423,17590.186352496999
19424,17591.211398865998
19425,17591.929631317002
19426,17593.062211574001
19427,17593.396568812001
19428,17594.421426452001
19429,17595.483254843999
19430,17596.499734567002
19431,17596.633988370999
19432,17597.501370775000
19433,17598.828752545000
19434,17599.250709210999
19435,17599.998105977000
19436,17600.777883133000
19437,17601.588118258998
19438,17601.858026254999
19439,17602.792983604999
19440,17604.438461860998
19441,17605.044721144001
19442,17605.719076076999
19443,17606.430107705000
19444,17607.144920670002
19445,17607.978268061001
19446,17608.612239745999
19447,17609.487482770000
19448,17609.920367368999
19449,17611.362577541000
19450,17611.876593615001
19451,17612.409070522001
19452,17613.503847988999
19453,17614.293513928998
19454,17615.334116766000
19455,17616.102357080999
19456,17616.783047736000
19457,17617.416398745001
19458,17618.088328545000
19459,17619.097230915999
19460,17619.240188928001
19461,17620.546078618001
19462,17621.148406030999
19463,17622.554556368999
19464,17623.144169899999
19465,17624.029036278000
19466,17624.772762675999
19467,17625.103121969001
19468,17625.827631791999
19469,17627.246028263999
19470,17627.779208912001
19471,17628.573827045999
19472,17628.902114880999
19473,17629.743164160998
19474,17631.063935771999
19475,17631.609215087999
19476,17632.674741120001
19477,17633.705008313002
19478,17633.974539464001
19479,17635.141285588001
19480,17635.659670284000
19481,17636.106964107999
19482,17636.867519448999
19483,17637.935747035001
19484,17638.642013798999
19485,17639.683546592001
19486,17640.752286717001
19487,17641.169999321999
19488,17641.788426292998
19489,17643.109390881000
19490,17643.473774732000
19491,17644.588733713001
19492,17644.906155445002
19493,17645.955186988002
19494,17646.730976761999
19495,17647.254794523000
19496,17648.015638723999
19497,17648.733073258001
19498,17650.445378690001
19499,17651.086634719999
19500,17651.557432072001
19501,17652.161087281998
19502,17653.136707359001
19503,17653.655437579000
19504,17654.497113792000
19505,17655.277135537999
19506,17656.312968528000
19507,17656.766284647001
19508,17657.697467647999
19509,17658.777040763998
19510,17659.500537520002
19511,17660.168943708999
19512,17660.940676380000
19513,17661.983195297002
19514,17662.853544977999
19515,17663.415127913999
19516,17663.744590596001
19517,17664.794235509999
19518,17665.147270773999
19519,17666.498832908001
19520,17667.699341298001
19521,17667.910844933001
19522,17669.291494239002
19523,17669.881245206001
19524,17670.378992881000
19525,17671.132578599001
19526,17671.843985358999
19527,17672.900414053998
19528,17673.582576927001
19529,17674.391736471000
19530,17675.086464213000
19531,17675.728551373999
19532,17676.700594914000
19533,17677.820213946001
19534,17678.550873786000
19535,17679.593814528002
19536,17680.000555798000
19537,17680.553049343998
19538,17681.368833518001
19539,17682.479770039001
19540,17682.932089071001
19541,17683.245741101000
19542,17684.793237524998
19543,17685.749213383999
19544,17686.647401054001
19545,17687.074553599999
19546,17687.708632015001
19547,17688.623435526999
19548,17689.581506358001
19549,17690.390691928998
19550,17690.924638132001
19551,17691.801409904001
19552,17692.271456487000
19553,17693.436232600001
19554,17693.683650235002
19555,17695.340598579998
19556,17695.864009887999
19557,17696.821190711002
19558,17697.591043534001
19559,17698.240218267001
19560,17698.939461705999
19561,17699.433814065000
19562,17700.059061346001
19563,17701.505693780000
19564,17702.061986885001
19565,17702.759778700001
19566,17703.599146568999
19567,17704.735536046999
19568,17705.328210222000
19569,17706.136171505001
19570,17706.908594673001
19571,17707.568796973999
19572,17708.800830497999
19573,17709.173068311000
19574,17709.714733137000
19575,17710.495186155000
19576,17711.275441668000
19577,17712.235309757001
19578,17713.675946294999
19579,17714.319280356001
19580,17714.841831226000
19581,17715.437188964999
19582,17716.350993403001
19583,17717.028245750000
19584,17717.847965104000
19585,17718.717964443000
19586,17719.367593384999
19587,17720.023250489001
19588,17721.218443586000
19589,17721.956349462002
19590,17722.459514378999
19591,17723.451297068001
19592,17724.859924827000
19593,17725.207398236998
19594,17725.643143560999
19595,17726.732590481999
19596,17727.181997336000
19597,17727.847073042001
19598,17728.915898594001
19599,17729.462248378000
19600,17730.741720595001
19601,17731.704909718999
19602,17732.186188230000
19603,17733.231663623999
19604,17733.696445598001
19605,17734.350649107000
19606,17735.227025934000
19607,17736.195709074000
19608,17736.973413522999
19609,17737.734655848999
19610,17738.248669877001
19611,17738.660433476001
19612,17740.256541530998
19613,17741.172219029999
19614,17741.778199687000
19615,17742.587973226000
19616,17743.299901929000
19617,17744.343075392000
19618,17744.463717475999
19619,17745.481700172000
19620,17745.962370295001
19621,17747.054013126999
19622,17748.037072797000
19623,17748.961616065000
19624,17749.503184161000
19625,17750.606392327001
19626,17751.120181392998
19627,17751.694979014999
19628,17753.238308177999
19629,17753.524960753999
19630,17754.107289158001
19631,17754.879867995998
19632,17755.841312171000
19633,17756.443217682001
19634,17757.126165817001
19635,17758.264223611000
19636,17759.499334761000
19637,17760.108907958998
19638,17760.903840685001
19639,17761.424837070001
19640,17761.750795086002
19641,17762.939116564001
19642,17763.781910738999
19643,17764.506068453000
19644,17765.224709685001
19645,17766.034269633001
19646,17766.947746040001
19647,17767.856814421000
19648,17768.570923030999
19649,17769.455945885002
19650,17770.179006150000
19651,17771.070553466001
19652,17771.789546802000
19653,17772.466766498001
19654,17773.145073031999
19655,17773.653451852999
19656,17774.350730744001
19657,17775.873484917000
19658,17776.767710663000
19659,17777.416820700000
19660,17777.965511228002
19661,17778.887470425001
19662,17779.859437527000
19663,17780.175506391999
19664,17780.906320145001
19665,17782.029890311002
19666,17782.920338094002
19667,17783.301586988000
19668,17784.077282400998
19669,17785.174357575001
19670,17785.698538557001
19671,17787.225031826001
19672,17787.599341787001
19673,17788.537192201999
19674,17789.168122846000
19675,17789.694666530999
19676,17790.509476465999
19677,17791.199291934001
19678,17792.064199191002
19679,17793.121068056000
19680,17793.437834117001
19681,17795.312371911001
19682,17795.452799667000
19683,17796.281264982001
19684,17796.683148264001
19685,17797.836344579999
19686,17798.617766677999
19687,17799.679821526999
19688,17800.184597629999
19689,17800.442382321999
19690,17801.565690364001
19691,17802.257117417001
19692,17803.267619708000
19693,17804.313127027999
19694,17805.321871893000
19695,17805.713087331998
19696,17806.702331728000
19697,17807.161503125000
19698,17808.010285978002
19699,17808.652149526999
19700,17809.248388896001
19701,17810.413734990001
19702,17811.447361818002
19703,17811.806040969001
19704,17812.875860402000
19705,17813.500818421999
19706,17814.596774991998
19707,17815.371160789000
19708,17815.917995471998
19709,17816.991743564002
19710,17817.262519509000
19711,17818.563869689999
19712,17818.824879537999
19713,17819.600882805000
19714,17820.157905320000
19715,17821.994534370999
19716,17822.440067879001
19717,17823.275756522999
19718,17824.114101817999
19719,17824.568904254000
19720,17825.215157987001
19721,17826.094372774998
19722,17827.244512968999
19723,17827.664505148001
19724,17828.397214724999
19725,17829.315714692999
19726,17829.965388794000
19727,17831.335402659999
19728,17831.682800284001
19729,17832.468626648999
19730,17833.722144739000
19731,17834.502884463000
19732,17834.872585611000
19733,17835.612335829999
19734,17836.030290596002
19735,17837.173460962000
19736,17837.840365761000
19737,17838.843577552001
19738,17839.906100077002
19739,17840.587913234998
19740,17841.428815251002
19741,17842.250396390999
19742,17842.594566323001
19743,17843.556791339000
19744,17844.497873752000
19745,17845.143011196000
19746,17845.956439697002
19747,17846.815245577000
19748,17847.235817450000
19749,17847.978541638000
19750,17849.205149804999
19751,17850.516409252999
19752,17850.988570097001
19753,17851.533211364000
19754,17852.109282071000
19755,17853.351803676000
19756,17853.795441336999
19757,17854.250791910999
19758,17855.347257645000
19759,17856.005911710999
19760,17857.213180592000
19761,17858.048561781001
19762,17858.681390246998
19763,17859.424470516002
19764,17860.129695209998
19765,17861.201523686999
19766,17861.906497616001
19767,17862.576627947001
19768,17863.514389995002
19769,17863.971820892999
19770,17864.400677550999
19771,17865.652650128999
19772,17866.444865066002
19773,17867.463979791999
19774,17868.396623037999
19775,17869.338733106000
19776,17869.632532349999
19777,17870.567081598001
19778,17871.116306683001
19779,17871.556689722001
19780,17873.044738950000
19781,17873.786516183001
19782,17874.146607907998
19783,17874.948575724000
19784,17876.127324904999
19785,17877.035955202999
19786,17877.463941498001
19787,17878.656328969999
19788,17879.242470630001
19789,17880.172469919002
19790,17880.598259429000
19791,17881.695496128999
19792,17881.914609424999
19793,17882.859507792000
19794,17883.463851872999
19795,17884.994292326999
19796,17885.954261971001
19797,17886.376795280001
19798,17887.075403848001
19799,17887.750618124999
19800,17888.641507064000
19801,17889.631814220000
19802,17890.055762885000
19803,17890.893648009001
19804,17891.726241893000
19805,17892.533227186999
19806,17893.458977355000
19807,17893.692316877001
19808,17895.285819540000
19809,17895.910694990998
19810,17896.881457053001
19811,17897.523745547001
19812,17898.166393120999
19813,17898.598762080001
19814,17899.590021787000
19815,17900.280895611999
19816,17901.003538641002
19817,17902.258850137001
19818,17902.775147945998
19819,17903.783497740998
19820,17904.807782661999
19821,17905.263299733000
19822,17906.043824035001
19823,17906.472801824999
19824,17907.951321832999
19825,17908.560320861001
19826,17909.035439144001
19827,17909.759078958999
19828,17910.393448573999
19829,17911.230740339000
19830,17912.638629667999
19831,17913.591511980001
19832,17913.788187097001
19833,17915.066355242001
19834,17915.665120305999
19835,17916.040279860001
19836,17917.000249010998
19837,17917.669732464001
19838,17918.445761170002
19839,17919.526668792001
19840,17920.057230904000
19841,17921.282003445001
19842,17921.869134207998
19843,17922.413008535001
19844,17923.515834647998
19845,17924.550585305002
19846,17925.108413785001
19847,17925.740981620002
19848,17926.384823329001
19849,17927.241952072000
19850,17928.056273369999
19851,17928.590904168999
19852,17929.385642252000
19853,17930.812232070999
19854,17931.850369540000
19855,17932.365022317001
19856,17932.587290061001
19857,17933.802118593001
19858,17934.188708778998
19859,17935.240371124000
19860,17935.942231896999
19861,17937.050132027001
19862,17937.418001427999
19863,17937.999395486000
19864,17939.231858397001
19865,17940.160467434998
19866,17940.749608925998
19867,17942.039086268000
19868,17942.205393265001
19869,17943.325895360998
19870,17944.155465465999
19871,17944.612965000000
19872,17945.123159285999
19873,17945.736720813999
19874,17947.289480880001
19875,17947.829853903000
19876,17948.923512197001
19877,17949.533444559002
19878,17950.382577961002
19879,17951.141931100999
19880,17951.755421352998
19881,17952.529285419001
19882,17953.580561053001
19883,17954.031521117999
19884,17955.155214653001
19885,17955.447985803999
19886,17956.260820934000
19887,17957.261580874001
19888,17958.148273364000
19889,17959.501176442998
19890,17959.984572096000
19891,17960.597216492999
19892,17961.188392937998
19893,17961.922944661001
19894,17962.715150257001
19895,17963.718561902999
19896,17964.232375345000
19897,17964.936689022001
19898,17966.265639325000
19899,17967.007600039000
19900,17967.712094088001
19901,17968.508459672001
19902,17968.925067990000
19903,17970.271849477002
19904,17971.067656681000
19905,17971.483753665001
19906,17972.201189492000
19907,17972.954604529001
19908,17973.810756448998
19909,17974.176491581999
19910,17975.756608486001
19911,17976.692266580001
19912,17977.162888831001
19913,17977.960523648999
19914,17978.974196790001
19915,17979.617201969999
19916,17979.712520055000
19917,17980.888657045001
19918,17981.781059407000
19919,17982.666263163999
19920,17983.493945595001
19921,17983.928337981000
19922,17984.780754260999
19923,17986.201883628000
19924,17986.578856413998
19925,17987.530322863000
19926,17988.208644639999
19927,17989.094142738999
19928,17989.653993938002
19929,17990.401958132999
19930,17991.026268409001
19931,17991.767138513998
19932,17992.625866358001
19933,17994.073017207000
19934,17994.630784612000
19935,17995.633396632998
19936,17996.028599206002
19937,17996.556497205002
19938,17997.610664350999
19939,17998.424744617001
19940,17999.447841519999
19941,17999.865822432999
19942,18000.370281896001
19943,18001.457597166998
19944,18002.354759579001
19945,18003.105846237999
19946,18003.878632004002
19947,18005.182091286999
19948,18005.781797682001
19949,18006.401399195001
19950,18007.013829266001
19951,18007.670327247000
19952,18008.510278176000
19953,18009.069610835999
19954,18010.364231550000
19955,18010.900410564998
19956,18011.897797154001
19957,18012.953495074002
19958,18013.379374570999
19959,18014.153942178000
19960,18015.190355268001
19961,18015.766949671000
19962,18016.344628135001
19963,18017.828313577000
19964,18017.905313238000
19965,18018.760206827999
19966,18019.241256619000
19967,18020.159924971002
19968,18021.864675917001
19969,18022.259945049998
19970,18023.073178920000
19971,18023.771107060002
19972,18024.298327461998
19973,18025.419694469001
19974,18025.927973906000
19975,18026.363921820001
19976,18027.619174562002
19977,18028.420231861001
19978,18028.991357690000
19979,18030.117060240998
19980,18030.966501581999
19981,18031.380127090000
19982,18032.397668131998
19983,18033.393587090999
19984,18034.192983464000
19985,18034.739303593000
19986,18035.333868841000
19987,18035.892772539999
19988,18037.025689187001
19989,18037.549269815001
19990,18038.599324388000
19991,18039.680098535999
19992,18040.503823909999
19993,18041.394731960001
19994,18041.984550907000
19995,18042.236191110998
19996,18043.159601374002
19997,18044.238988026002
19998,18045.289724556998
19999,18045.391798845001
20000,18046.464296237998
20001,18047.134530335999
20002,18047.999990927001
20003,18049.018345657001
20004,18050.077510878000
20005,18050.537758074999
20006,18051.435464825001
20007,18052.205131169001
20008,18052.779531346001
20009,18053.568063372000
20010,18054.316228235999
20011,18054.691803780999
20012,18055.794149271998
20013,18057.402247869999
20014,18057.719754541002
20015,18058.234495305001
20016,18059.233284655002
20017,18060.187857632001
20018,18060.562959376999
20019,18061.690873819000
20020,18062.330697257999
20021,18062.938587928998
20022,18063.967582515001
20023,18064.490286559001
20024,18065.143776149001
20025,18066.139574493998
20026,18067.346769004002
20027,18068.162248797002
20028,18068.919002286999
20029,18069.492235907001
20030,18070.296732494000
20031,18070.774691424002
20032,18071.379932423999
20033,18072.687286051001
20034,18073.284491637001
20035,18074.049560105999
20036,18074.752327367001
20037,18076.262835232999
20038,18076.456557156998
20039,18077.595456857001
20040,18077.690756911001
20041,18079.159289671999
20042,18079.932188954001
20043,18080.416707808999
20044,18081.226042969000
20045,18081.863377145000
20046,18082.219365222001
20047,18083.649721926999
20048,18084.407502189999
20049,18085.710726527999
20050,18086.227558898001
20051,18086.729200231999
20052,18087.638063222999
20053,18088.294945543999
20054,18089.234608088998
20055,18089.554767528000
20056,18090.685209366002
20057,18091.497100494998
20058,18092.384522636999
20059,18092.849088079998
20060,18094.009210069002
20061,18094.457860678998
20062,18095.871536531999
20063,18096.617992136002
20064,18097.093386458000
20065,18097.547058261000
20066,18098.774526222001
20067,18099.221538979000
20068,18100.022459458000
20069,18100.472252007999
20070,18101.773996325999
20071,18102.756184698999
20072,18103.763535671998
20073,18104.287948937999
20074,18104.843618188999
20075,18105.786319162999
20076,18106.212292552002
20077,18107.408505328000
20078,18108.271627155998
20079,18108.731590686999
20080,18109.686220984000
20081,18109.832041516998
20082,18111.241540121999
20083,18112.144817067001
20084,18113.083456113000
20085,18113.566893155999
20086,18114.752434230999
20087,18115.401298919998
20088,18116.033198570000
20089,18116.328602090001
20090,18117.258146011001
20091,18118.141471256000
20092,18119.122394049999
20093,18119.950411728001
20094,18120.750137701001
20095,18121.682812709001
20096,18122.295162365001
20097,18123.173475110001
20098,18123.812165896001
20099,18124.749234501000
20100,18125.526680471001
20101,18126.270918164999
20102,18126.649776122998
20103,18127.904485244999
20104,18128.399917379000
20105,18128.703367818001
20106,18130.767565437000
20107,18131.219381437000
20108,18131.960213595001
20109,18132.582410799001
20110,18133.181196189998
20111,18133.971836918001
20112,18134.898546568002
20113,18135.584901950999
20114,18136.287980932000
20115,18137.102663244001
20116,18138.104199167999
20117,18138.976427641999
20118,18139.578429639001
20119,18140.429432593999
20120,18141.369667538002
20121,18142.107872581000
20122,18142.977049974001
20123,18143.750013151999
20124,18144.170790767999
20125,18144.769982444999
20126,18145.683052758999
20127,18146.403416461999
20128,18147.914909865001
20129,18148.273389008002
20130,18149.301036214001
20131,18150.108212810999
20132,18150.860762615001
20133,18151.282867112001
20134,18152.083770639001
20135,18152.788622020002
20136,18154.154284388998
20137,18154.589984630999
20138,18155.153214114998
20139,18155.812054754999
20140,18157.008024334998
20141,18157.895902797001
20142,18158.706377228998
20143,18159.694485066000
20144,18160.346593425998
20145,18160.688085840000
20146,18161.788463893001
20147,18162.421332538001
20148,18162.898392642001
20149,18163.854184305001
20150,18164.650282314000
20151,18165.825259206998
20152,18166.815448032001
20153,18167.497151257001
20154,18167.846689436999
20155,18168.521018102001
20156,18169.887431124000
20157,18170.562791290999
20158,18171.030030621001
20159,18171.827411466002
20160,18172.643225979999
20161,18173.338452337000
20162,18174.059013114002
20163,18175.080215123999
20164,18176.005526633999
20165,18177.298372064000
20166,18177.557114182000
20167,18178.265931410999
20168,18179.084600662001
20169,18179.666183813999
20170,18180.338472605999
20171,18181.192855773999
20172,18182.510495576000
20173,18182.667030293000
20174,18183.898193099001
20175,18184.400667283000
20176,18185.709811805002
20177,18186.304234386000
20178,18186.735225862001
20179,18187.915912928998
20180,18188.483497590001
20181,18189.594985438001
20182,18189.916049724001
20183,18190.681059809001
20184,18191.083440097002
20185,18192.229509916000
20186,18193.676961394001
20187,18194.327514175999
20188,18194.877412644000
20189,18195.664644230001
20190,18196.612600327000
20191,18196.993183260998
20192,18197.695763478001
20193,18198.923032260998
20194,18199.474749847999
20195,18199.993990209001
20196,18201.225890628000
20197,18201.827494720001
20198,18202.717530188998
20199,18203.390257685998
20200,18204.510497412000
20201,18205.366171950998
20202,18206.155633823000
20203,18206.627822667000
20204,18207.041827658999
20205,18208.036404270999
20206,18208.892648821999
20207,18209.627084725002
20208,18210.265169356000
20209,18211.737450524000
20210,18212.555568489999
20211,18212.886975369001
20212,18213.931009450000
20213,18214.358300967000
20214,18215.106195954999
20215,18216.313307132001
20216,18216.840467356000
20217,18217.796767268999
20218,18218.141363817998
20219,18219.040646870999
20220,18219.703650240001
20221,18221.043442054000
20222,18222.008526145000
20223,18222.567056254000
20224,18223.141200030001
20225,18224.210669335000
20226,18224.760199704000
20227,18225.497826863000
20228,18226.038093776999
20229,18226.614866456999
20230,18228.228107152001
20231,18228.602724167002
20232,18229.598589304998
20233,18230.384558166999
20234,18231.130489414001
20235,18231.801334003001
20236,18232.963375856001
20237,18233.311388740000
20238,18234.411356137000
20239,18234.846608437001
20240,18235.797010955001
20241,18236.287974669998
20242,18237.044073175999
20243,18238.059916105001
20244,18239.090348997001
20245,18240.106832674999
20246,18241.020186187001
20247,18241.389359196000
20248,18241.835940286001
20249,18242.625628493999
20250,18243.729902997999
20251,18244.331826738999
20252,18245.290243956999
20253,18245.993518896001
20254,18246.403932191999
20255,18248.028778006999
20256,18248.556807745001
20257,18248.899121185001
20258,18250.195346785000
20259,18250.941922524002
20260,18251.840881044998
20261,18252.286277174000
20262,18252.940998801001
20263,18253.926814130002
20264,18254.161674030998
20265,18255.179365930999
20266,18256.598116773999
20267,18257.376635920002
20268,18257.912942763000
20269,18258.823855708000
20270,18259.386093454999
20271,18260.350858647998
20272,18260.910466425001
20273,18261.589309229999
20274,18262.581548154001
20275,18263.463494151001
20276,18264.068674373000
20277,18264.771561270001
20278,18265.396158845000
20279,18266.725845888999
20280,18267.782827203999
20281,18268.262974516001
20282,18268.847873470000
20283,18269.949437298001
20284,18270.265233120001
20285,18271.025838271999
20286,18271.877481174000
20287,18272.613965615001
20288,18273.418699648999
20289,18274.566104828999
20290,18275.474808013001
20291,18276.165103953001
20292,18276.771740986002
20293,18277.622167922000
20294,18278.007809850002
20295,18279.530737893001
20296,18280.103619177000
20297,18280.588318995000
20298,18281.076936491001
20299,18282.037044916000
20300,18282.997391780998
20301,18283.769956479999
20302,18284.942912359998
20303,18285.626283760001
20304,18286.513320270999
20305,18287.156486104999
20306,18287.763285264999
20307,18288.476616217999
20308,18288.882786220001
20309,18290.341108364999
20310,18290.726144044998
20311,18291.652362222001
20312,18292.886471831000
20313,18292.981337042002
20314,18294.320404540998
20315,18294.837675750001
20316,18295.984949737998
20317,18296.539195263002
20318,18297.202863326998
20319,18297.971946899001
20320,18298.976107776001
20321,18299.444526185998
20322,18299.920447086999
20323,18300.781830232001
20324,18302.341273819002
20325,18303.313200478999
20326,18303.610409706998
20327,18304.373571190001
20328,18304.964082676001
20329,18306.146381549999
20330,18306.388540153999
20331,18307.552248661999
20332,18308.102597825000
20333,18309.119991275998
20334,18309.634122019001
20335,18310.477400940999
20336,18311.648529481001
20337,18312.265655569001
20338,18312.909640983002
20339,18314.408356584001
20340,18314.641482641000
20341,18315.263817660001
20342,18316.274824361000
20343,18316.536282456000
20344,18317.279363357000
20345,18318.510571578001
20346,18319.379433467999
20347,18320.031882589999
20348,18321.116584324001
20349,18322.088825106999
20350,18322.482364981999
20351,18323.015912823001
20352,18323.916647828999
20353,18324.974966319998
20354,18325.568216505999
20355,18326.593491175001
20356,18326.837853666999
20357,18327.732202839001
20358,18328.435580555000
20359,18329.698201438001
20360,18330.637433333999
20361,18331.466791321000
20362,18332.040217770002
20363,18332.633661848002
20364,18333.352342359001
20365,18334.451276173000
20366,18334.690423851000
20367,18335.604559635001
20368,18336.366590647998
20369,18337.614808487000
20370,18338.441758157998
20371,18339.111823782001
20372,18339.589980647001
20373,18340.600687855000
20374,18341.620781337999
20375,18342.179697435000
20376,18343.077915185000
20377,18343.592572096000
20378,18344.308330349999
20379,18345.122708638999
20380,18345.885579270001
20381,18346.510094092999
20382,18348.130875826999
20383,18348.647215074001
20384,18349.321382480000
20385,18350.440619779001
20386,18350.681137881998
20387,18351.433021848999
20388,18351.970920462001
20389,18353.227195965999
20390,18354.136905129999
20391,18354.673335734999
20392,18355.068181669001
20393,18356.518461258001
20394,18357.060162562000
20395,18358.242503158999
20396,18358.638721108000
20397,18359.470085976998
20398,18360.499732630000
20399,18361.308797530000
20400,18361.699251206999
20401,18362.096575218002
20402,18363.339258530999
20403,18363.696221450999
20404,18365.181028200001
20405,18366.102733854001
20406,18366.775235249999
20407,18367.402013440998
20408,18368.069825766001
20409,18368.887881422001
20410,18369.694184697000
20411,18370.559936648999
20412,18371.130631143002
20413,18371.957111694999
20414,18372.772987552002
20415,18373.515881329000
20416,18374.400644613001
20417,18374.953980317001
20418,18376.527665186000
20419,18377.071524444000
20420,18377.723380209001
20421,18378.421524394998
20422,18378.795491632001
20423,18379.949603724999
20424,18380.577227398000
20425,18381.108258280001
20426,18382.346238759001
20427,18383.029670276999
20428,18384.141884616001
20429,18384.837860799998
20430,18385.616503667999
20431,18386.045524141002
20432,18386.975581131999
20433,18388.011641220000
20434,18388.557745181999
20435,18389.558953608001
20436,18390.044835156001
20437,18390.584479323999
20438,18391.194480860999
20439,18392.965307838000
20440,18393.381763508001
20441,18394.320027155001
20442,18395.065865118999
20443,18395.814178531000
20444,18396.583072984002
20445,18397.088210760001
20446,18397.732897880000
20447,18398.600768396998
20448,18399.652316004001
20449,18400.562379014998
20450,18400.931433573998
20451,18402.084831788001
20452,18402.881316003000
20453,18403.526537245001
20454,18404.421153896001
20455,18405.585509445998
20456,18405.883862185001
20457,18406.513809720000
20458,18407.375083335999
20459,18408.219174649999
20460,18408.753414814000
20461,18409.521732006000
20462,18410.614884925999
20463,18412.174449090999
20464,18412.338135572001
20465,18413.014775477001
20466,18413.735790698000
20467,18414.385320488000
20468,18415.233801643000
20469,18416.427629983002
20470,18416.836486779001
20471,18417.396126942000
20472,18418.435875862000
20473,18419.232945265001
20474,18420.044704574000
20475,18420.968843929000
20476,18421.820036831999
20477,18422.744044596999
20478,18423.222227025999
20479,18424.253470135001
20480,18424.769118554999
20481,18425.343714129998
20482,18425.878101753999
20483,18427.002424660001
20484,18427.963703205001
20485,18429.030725129000
20486,18429.755281841000
20487,18430.110515861001
20488,18431.438180342000
20489,18431.948898825998
20490,18432.541710746002
20491,18433.244331055001
20492,18434.578465942999
20493,18434.948822027000
20494,18435.624572649001
20495,18436.499958617002
20496,18436.922981476000
20497,18438.242672856999
20498,18439.353155207998
20499,18440.104939911998
20500,18440.614016955002
20501,18441.394114286999
20502,18442.084755566000
20503,18442.703369375999
20504,18443.474762971000
20505,18444.446854849000
20506,18445.117028447999
20507,18445.820233061000
20508,18447.101523035999
20509,18447.899059482999
20510,18448.530478704000
20511,18448.865121673000
20512,18450.049527147999
20513,18451.324097815999
20514,18451.458617736000
20515,18452.301190382001
20516,18452.911102376002
20517,18453.610559667999
20518,18454.604573323999
20519,18455.162542588001
20520,18456.670911973000
20521,18457.135778615000
20522,18458.243128029000
20523,18458.892341531999
20524,18459.216671127000
20525,18460.092063011001
20526,18461.110621217998
20527,18461.317347882999
20528,18462.694949653000
20529,18463.394606973001
20530,18464.136708591999
20531,18464.546460735000
20532,18465.878502046002
20533,18466.640873564000
20534,18467.501920297000
20535,18468.371111903001
20536,18468.702214385001
20537,18469.801131488999
20538,18470.383018584002
20539,18471.190795433002
20540,18471.755898017000
20541,18472.125834154001
20542,18473.875404674000
20543,18474.705676964000
20544,18475.205994213000
20545,18476.245954628001
20546,18476.770730093998
20547,18477.223125435001
20548,18478.438161247999
20549,18479.093216443998
20550,18479.865993252999
20551,18480.764289626000
20552,18481.041040373999
20553,18482.092509611000
20554,18483.076573954000
20555,18483.732872961002
20556,18484.776182871999
20557,18485.633201361001
20558,18486.636198816999
20559,18487.073807368000
20560,18487.484907261001
20561,18488.274216434002
20562,18489.024760243999
20563,18490.231869022002
20564,18490.637964742000
20565,18491.630479405001
20566,18492.653137272999
20567,18493.558954848999
20568,18494.035204078002
20569,18494.821782215000
20570,18495.628594924001
20571,18496.382090908999
20572,18497.417038164000
20573,18497.925120890999
20574,18498.717048248000
20575,18499.227353500999
20576,18500.047534301000
20577,18500.810929238000
20578,18502.528160458001
20579,18503.010953092002
20580,18503.570945423999
20581,18504.072549963999
20582,18505.373673898001
20583,18505.711238405001
20584,18506.449617752001
20585,18507.104096412000
20586,18508.216990231002
20587,18508.845889464999
20588,18509.932698518998
20589,18510.602932448001
20590,18511.218963252999
20591,18512.199598678999
20592,18513.198778645001
20593,18513.773429336001
20594,18514.735402181999
20595,18515.204711147999
20596,18515.967221267001
20597,18516.666652803000
20598,18517.225264060999
20599,18518.363866724001
20600,18519.114647977000
20601,18520.280952806999
20602,18521.196650966998
20603,18521.667828631998
20604,18522.513320812999
20605,18523.019650687002
20606,18523.500185999001
20607,18524.899563716001
20608,18525.759506640999
20609,18526.006715685999
20610,18526.951239417001
20611,18527.490461311001
20612,18528.806329669998
20613,18529.648128080000
20614,18530.159050239999
20615,18531.297421050000
20616,18532.141425033002
20617,18532.484811824001
20618,18533.326377887999
20619,18534.072659953999
20620,18534.712641123999
20621,18535.234582786001
20622,18536.504289279001
20623,18537.600213621001
20624,18538.229564583002
20625,18539.140716112001
20626,18539.436652429999
20627,18540.594647958998
20628,18541.168526936999
20629,18542.353424355999
20630,18542.623146164999
20631,18543.291395752000
20632,18544.718779024999
20633,18545.008651503998
20634,18545.353688135001
20635,18546.638477822999
20636,18547.893002487999
20637,18548.626298567000
20638,18549.405552026001
20639,18549.890838333002
20640,18550.570655058000
20641,18551.295581222999
20642,18552.155373909001
20643,18552.772472137000
20644,18553.802446410999
20645,18554.551634094001
20646,18555.283924939002
20647,18556.365972915999
20648,18557.228151272000
20649,18557.742097995000
20650,18558.378532142000
20651,18559.422328941000
20652,18560.421350310000
20653,18561.015805915002
20654,18561.555712099002
20655,18562.007600266999
20656,18562.937505129001
20657,18563.843430246001
20658,18565.176837432002
20659,18565.687614683000
20660,18566.714768882000
20661,18567.262552829001
20662,18568.095159121000
20663,18568.842286485000
20664,18569.089544721999
20665,18570.299547834999
20666,18571.064602113998
20667,18572.042869249999
20668,18572.334237764000
20669,18573.563668084000
20670,18574.259115534998
20671,18574.826270781999
20672,18576.324315569000
20673,18576.927756912999
20674,18577.283648929999
20675,18578.283623175001
20676,18578.847954806999
20677,18579.629152922000
20678,18580.399473321999
20679,18581.095625914000
20680,18581.696307558999
20681,18583.462283829002
20682,18583.887002046002
20683,18584.851670493001
20684,18584.978815065999
20685,18585.957723310999
20686,18586.974333819999
20687,18587.496839161999
20688,18588.507832462001
20689,18589.379948326001
20690,18589.582121842999
20691,18590.495039717000
20692,18591.495176511002
20693,18592.298100963999
20694,18593.464752000000
20695,18594.017233402999
20696,18594.902846223998
20697,18595.650187553001
20698,18596.507078514998
20699,18596.780146793000
20700,18597.392581599001
20701,18598.376671760001
20702,18599.489474640999
20703,18600.379842048998
20704,18600.776286263001
20705,18601.933324918999
20706,18602.816334039999
20707,18603.426315508001
20708,18603.956356863000
20709,18605.118200632998
20710,18605.656598048001
20711,18606.640909049001
20712,18607.160125127000
20713,18607.861320861000
20714,18608.581668831001
20715,18609.214508839999
20716,18610.784217393000
20717,18611.445444554000
20718,18612.444363703002
20719,18612.813734847001
20720,18613.510707205001
20721,18614.045795044000
20722,18615.276899863999
20723,18615.806772921002
20724,18616.524980926999
20725,18617.268901742002
20726,18618.348118260001
20727,18619.195593283999
20728,18619.823020315998
20729,18620.777682078999
20730,18621.220233503002
20731,18622.716295970000
20732,18623.251055848999
20733,18623.615237582999
20734,18624.402882902999
20735,18625.286712362002
20736,18625.864349545001
20737,18626.533996798000
20738,18627.713651932001
20739,18629.024137475000
20740,18629.178840051001
20741,18630.431479060000
20742,18630.844023263999
20743,18631.868788036001
20744,18632.058427770000
20745,18633.002879668002
20746,18634.190585239001
20747,18634.786996646999
20748,18635.548333102000
20749,18636.065188424000
20750,18636.788214984001
20751,18638.257208625000
20752,18638.884656249000
20753,18639.716291174998
20754,18640.363499596999
20755,18641.156225858998
20756,18641.942106202001
20757,18642.705159853998
20758,18642.959720384999
20759,18643.857719217001
20760,18645.025184230999
20761,18645.635091036002
20762,18647.191111328000
20763,18647.400949617000
20764,18648.001578135001
20765,18649.068644458999
20766,18649.529389382002
20767,18650.757842121999
20768,18651.331814130001
20769,18652.136668026000
20770,18652.531282063999
20771,18653.415882546000
20772,18654.427410560002
20773,18655.007413371000
20774,18655.907805620001
20775,18657.349743990999
20776,18657.872849513999
20777,18658.534521998001
20778,18658.939619862998
20779,18660.037454466001
20780,18660.285082089002
20781,18661.362531020000
20782,18662.437068668001
20783,18662.828715831001
20784,18663.758889586999
20785,18664.852577270001
20786,18665.523579655001
20787,18666.191885205000
20788,18667.221711786999
20789,18667.776770116001
20790,18668.613017504998
20791,18669.525808630999
20792,18670.179479323000
20793,18670.796292003000
20794,18671.404283205000
20795,18671.887182975999
20796,18673.528826952999
20797,18674.529975065001
20798,18675.049930230001
20799,18675.531065435000
20800,18676.838716208000
20801,18676.971778479001
20802,18678.017447877999
20803,18678.569613042000
20804,18679.446053664000
20805,18680.378221620002
20806,18681.263159986000
20807,18681.579291504000
20808,18682.750663331000
20809,18683.536073521998
20810,18684.337881668998
20811,18685.364474258000
20812,18686.102229937002
20813,18686.913407501001
20814,18687.235225135999
20815,18687.814113277000
20816,18689.057609473999
20817,18689.489393665001
20818,18690.288048064998
20819,18691.496662663001
20820,18692.270943772000
20821,18693.434686074001
20822,18693.861587111998
20823,18694.389007188001
20824,18694.901126494999
20825,18696.258421467999
20826,18697.152212965000
20827,18697.421953614001
20828,18698.336194871001
20829,18698.998423527999
20830,18699.712299608000
20831,18700.743570265000
20832,18701.767542155001
20833,18702.804968437998
20834,18703.093624239998
20835,18704.176372229002
20836,18704.766382585000
20837,18705.391760033999
20838,18706.105781408001
20839,18706.868038735000
20840,18707.422159905000
20841,18708.941760897000
20842,18709.459430093000
20843,18710.275748497999
20844,18711.005251275001
20845,18711.799801192999
20846,18712.785443100998
20847,18713.473578722998
20848,18714.037558468000
20849,18714.958286706002
20850,18715.809706058000
20851,18716.269164744001
20852,18717.108615967001
20853,18717.611315367001
20854,18718.812526393001
20855,18720.169536911999
20856,18720.670734970001
20857,18721.317260254000
20858,18722.139845008001
20859,18722.583862665000
20860,18723.487052265998
20861,18724.035795446998
20862,18725.422574444001
20863,18725.860603516001
20864,18726.280162714000
20865,18727.433121236001
20866,18728.756709731999
20867,18728.955591845999
20868,18729.698375913998
20869,18730.831996702000
20870,18731.673368903001
20871,18732.361596393999
20872,18733.037960590002
20873,18733.630637793001
20874,18734.020548117001
20875,18735.162577685998
20876,18736.045141413000
20877,18736.985538870998
20878,18738.065713300999
20879,18738.795624791001
20880,18739.165826550001
20881,18740.093910719999
20882,18741.040818862999
20883,18741.247138422001
20884,18742.488492998000
20885,18743.097316014999
20886,18744.057465638001
20887,18744.624053244999
20888,18745.357940094000
20889,18746.073367169000
20890,18747.418419029000
20891,18748.277272187999
20892,18748.942154188000
20893,18749.607703515001
20894,18749.947664415002
20895,18751.285239918001
20896,18751.697251672998
20897,18752.211682083998
20898,18753.154457953999
20899,18754.091043642999
20900,18755.422991874999
20901,18755.790552539002
20902,18756.649859149002
20903,18757.562862899998
20904,18757.821999004998
20905,18758.930173442001
20906,18759.961749310001
20907,18760.613256051001
20908,18760.980919805999
20909,18761.887427784000
20910,18762.590709820000
20911,18763.275414307001
20912,18764.852231925001
20913,18765.098276847999
20914,18766.158588529001
20915,18767.210199923000
20916,18767.730765507000
20917,18768.129769175001
20918,18768.838031066000
20919,18769.587778914000
20920,18770.795236283000
20921,18771.382921793000
20922,18772.181063524000
20923,18772.989735832001
20924,18773.871869782000
20925,18774.835165648001
20926,18775.458706146001
20927,18776.104348954999
20928,18777.338405625000
20929,18777.755327447001
20930,18778.366263219999
20931,18779.429220512000
20932,18779.783678153999
20933,18780.706450899001
20934,18781.113458959000
20935,18783.008143389001
20936,18783.549146652000
20937,18784.235398958001
20938,18784.794004226998
20939,18785.458135692999
20940,18786.418300040001
20941,18787.191827809998
20942,18787.837205874999
20943,18788.606037931000
20944,18789.478560427000
20945,18790.177001320000
20946,18791.163867623000
20947,18791.776719406000
20948,18792.624176554000
20949,18793.870658078999
20950,18794.381594682000
20951,18795.177579105999
20952,18795.807609631000
20953,18796.749027226000
20954,18796.857531063000
20955,18797.836098636999
20956,18798.852570393999
20957,18799.773185866001
20958,18800.557962147999
20959,18801.531119710002
20960,18802.408209239999
20961,18802.871422250999
20962,18803.650125187000
20963,18804.255189634001
20964,18805.148940094001
20965,18806.294758724998
20966,18806.971519963001
20967,18807.307375091001
20968,18807.758607285999
20969,18809.189569130998
20970,18809.918326775001
20971,18811.090955080999
20972,18811.815915896001
20973,18812.301223343002
20974,18813.177740075000
20975,18814.013133597000
20976,18814.280601773000
20977,18815.468871474000
20978,18815.738552211002
20979,18817.016427883998
20980,18817.699501970001
20981,18818.848925284001
20982,18819.593396098000
20983,18820.001326779999
20984,18820.760619932000
20985,18822.056516156001
20986,18822.687970653002
20987,18823.290219899001
20988,18823.860120293000
20989,18824.794458567001
20990,18825.432338596002
20991,18826.423105394999
20992,18826.633786675000
20993,18828.282144465000
20994,18829.209709162998
20995,18829.741509959000
20996,18830.516337745001
20997,18831.084493803999
20998,18831.730758647001
20999,18832.464910662002
21000,18833.647633141001
21001,18834.013906814998
21002,18835.255535740998
21003,18835.553601367999
21004,18836.432443695001
21005,18837.662235733998
21006,18838.330046510000
21007,18839.117967308001
21008,18839.660164934001
21009,18840.877889379000
21010,18841.591615480000
21011,18841.824597999999
21012,18842.885423510001
21013,18843.169943754001
21014,18844.063148337002
21015,18845.576962976000
21016,18846.247251561999
21017,18846.969584089002
21018,18847.656616272001
21019,18848.661565091999
21020,18849.157978432999
21021,18849.648621277000
21022,18850.961078105000
21023,18851.446646406999
21024,18852.223054029000
21025,18852.937398149999
21026,18854.083031118000
21027,18854.175226885000
21028,18855.543448977001
21029,18856.347396024001
21030,18857.585976063001
21031,18858.019330386000
21032,18858.535474298998
21033,18859.245931058998
21034,18859.929258229000
21035,18860.931308726998
21036,18861.514496184998
21037,18862.355450432002
21038,18863.134052006000
21039,18864.639845406000
21040,18864.967212428000
21041,18865.681640450999
21042,18866.321571042001
21043,18867.268233819999
21044,18868.047892830000
21045,18869.169501013999
21046,18869.370599565998
21047,18870.272885208000
21048,18871.057117176999
21049,18871.357725106998
21050,18872.715633405001
21051,18873.807014131002
21052,18874.507120138998
21053,18875.485169847001
21054,18875.660439623000
21055,18876.817770644000
21056,18877.633101563999
21057,18877.872210786001
21058,18878.444783348001
21059,18880.054457513001
21060,18880.525197276002
21061,18881.225088607000
21062,18882.132347023999
21063,18882.973842866999
21064,18883.805283279002
21065,18884.621743051001
21066,18885.536576846000
21067,18886.004284626000
21068,18886.873068321001
21069,18887.740860893002
21070,18888.153509775999
21071,18888.887733729000
21072,18889.670300893002
21073,18890.710694484002
21074,18891.855591766998
21075,18892.805022471999
21076,18893.333065805000
21077,18893.829454793002
21078,18894.458908214001
21079,18895.383280491002
21080,18896.358157477000
21081,18897.069732898999
21082,18897.874705750000
21083,18898.124888482002
21084,18899.409393606002
21085,18900.218479307001
21086,18901.054187393998
21087,18901.656419356001
21088,18902.913943505999
21089,18903.543968078000
21090,18904.274616948001
21091,18904.835937558000
21092,18905.364399986000
21093,18906.295712138999
21094,18906.950861588000
21095,18907.805566978001
21096,18909.141703101999
21097,18909.758745226001
21098,18910.330948774001
21099,18911.461879131999
21100,18911.974040723999
21101,18912.633246060999
21102,18913.551419859999
21103,18914.210730708000
21104,18915.163306556999
21105,18915.930054305001
21106,18916.487718269000
21107,18917.090787531000
21108,18917.838724879999
21109,18919.620743652998
21110,18920.207204516999
21111,18920.368447549001
21112,18921.707742383998
21113,18922.048339065001
21114,18922.879266926000
21115,18923.495685771999
21116,18924.374521455000
21117,18925.068234202001
21118,18925.951480379001
21119,18927.040651906002
21120,18927.645518789999
21121,18928.698300320000
21122,18929.237531310999
21123,18929.736702340000
21124,18931.049758444002
21125,18931.735235731001
21126,18932.604050512000
21127,18932.877927905000
21128,18933.507241678999
21129,18934.520387785000
21130,18935.358008433999
21131,18936.122932607999
21132,18937.344264873998
21133,18938.108236348999
21134,18938.903068003001
21135,18939.629818766000
21136,18939.945218831999
21137,18940.722907028001
21138,18941.664404276999
21139,18942.511040361002
21140,18943.461311340001
21141,18943.914686871001
21142,18944.649673353000
21143,18945.871365646999
21144,18946.346866184002
21145,18947.443896640001
21146,18948.307821569000
21147,18949.044098998998
21148,18949.375149713000
21149,18950.490839069000
21150,18951.313426740999
21151,18951.686535615001
21152,18952.153721127001
21153,18953.278938333999
21154,18954.621187925000
21155,18955.443374742001
21156,18956.133779820000
21157,18956.476598447000
21158,18957.397820528000
21159,18958.414537531000
21160,18958.930563688002
21161,18959.673107980001
21162,18960.656418383001
21163,18961.235593601999
21164,18962.115310919999
21165,18962.520488688999
21166,18963.861540260001
21167,18964.416681750001
21168,18965.558506559999
21169,18966.455116294001
21170,18966.981652883002
21171,18967.770477661001
21172,18968.119616604999
21173,18969.087094811999
21174,18969.551643303999
21175,18970.928249983001
21176,18971.469510252999
21177,18972.123668557000
21178,18973.446699845001
21179,18974.172206807001
21180,18974.704563178999
21181,18975.518233530998
21182,18975.967696743999
21183,18977.450019363001
21184,18977.936842646999
21185,18978.429197276000
21186,18979.231515240001
21187,18980.040748967000
21188,18980.436302095000
21189,18981.849290410999
21190,18982.993006935001
21191,18983.463053132000
21192,18984.367232375000
21193,18984.787782587999
21194,18985.738749941000
21195,18986.365577840999
21196,18987.018624808999
21197,18987.996628233999
21198,18988.465461222000
21199,18989.724126279001
21200,18990.515074886000
21201,18991.145889223000
21202,18991.699751937998
21203,18993.079774947000
21204,18993.536551523001
21205,18994.643613621000
21206,18995.038311830998
21207,18995.860661581999
21208,18996.357187537000
21209,18997.563757741998
21210,18997.811309507000
21211,18998.553202356001
21212,19000.053451330001
21213,19000.870800549001
21214,19001.595346089998
21215,19002.229629244001
21216,19003.053899472001
21217,19003.563684147000
21218,19004.110153449001
21219,19005.494286671001
21220,19006.205663223001
21221,19006.606076123000
21222,19007.451062890999
21223,19008.053969394001
21224,19009.506902705001
21225,19009.948670066002
21226,19010.988835361000
21227,19011.558370396000
21228,19012.631707746001
21229,19013.331117521000
21230,19013.742338372998
21231,19014.470871704001
21232,19015.015875706998
21233,19016.073048501999
21234,19017.056631472999
21235,19017.944487058001
21236,19018.780295183999
21237,19019.640168729999
21238,19020.099437540001
21239,19020.851515875001
21240,19021.929186180001
21241,19022.572825243002
21242,19023.116965271001
21243,19024.168255752000
21244,19024.766995426002
21245,19025.419983405998
21246,19026.267555351002
21247,19026.939765102001
21248,19028.321386911000
21249,19029.532198350000
21250,19029.647904519999
21251,19030.149444653001
21252,19031.054804144998
21253,19031.884482455000
21254,19032.609535383999
21255,19033.282642532002
21256,19034.072171513999
21257,19035.186786789000
21258,19035.655538199000
21259,19037.096661603999
21260,19037.373051325001
21261,19038.071141190001
21262,19039.011057420001
21263,19040.156632602000
21264,19040.383605153998
21265,19041.550058367000
21266,19042.212118913001
21267,19042.351186383999
21268,19043.252747172999
21269,19044.341771887001
21270,19045.539091744002
21271,19046.312988818001
21272,19046.774925412999
21273,19048.010546437999
21274,19048.457393731998
21275,19049.042541135001
21276,19049.720803436001
21277,19050.494990030002
21278,19051.688168083001
21279,19052.295968842001
21280,19052.933476075999
21281,19053.673489339999
21282,19054.647451650999
21283,19055.605639595000
21284,19056.315990553001
21285,19057.312566924000
21286,19057.904667275001
21287,19058.595702351999
21288,19059.310921769000
21289,19059.868852441999
21290,19060.872287049999
21291,19061.455850473001
21292,19062.042120606999
21293,19063.714175149998
21294,19064.453892740999
21295,19064.893861747001
21296,19065.649412936000
21297,19066.295892714999
21298,19067.033194576001
21299,19068.330661175001
21300,19068.693080762001
21301,19069.491822251999
21302,19069.938532412001
21303,19071.211216346001
21304,19071.653568826001
21305,19072.497044481999
21306,19073.856045888999
21307,19074.344691803999
21308,19075.332311629001
21309,19075.932933327000
21310,19076.655479813999
21311,19077.218308028001
21312,19077.867071323999
21313,19078.599859567999
21314,19079.842202280000
21315,19080.408742234002
21316,19081.482324762001
21317,19082.042617816001
21318,19082.947772922002
21319,19084.065314949999
21320,19084.282953612001
21321,19085.060769363001
21322,19086.169182378999
21323,19086.825203529999
21324,19087.729536893999
21325,19088.051855531001
21326,19088.736467537001
21327,19089.518269364999
21328,19091.081406555000
21329,19091.658436280999
21330,19092.696569456999
21331,19093.085859702001
21332,19093.791213570999
21333,19094.538716011000
21334,19095.440757982000
21335,19095.853380584002
21336,19096.988802579999
21337,19097.714391477999
21338,19098.231222890001
21339,19099.540850639001
21340,19100.231327525998
21341,19100.862420178000
21342,19101.460742318999
21343,19102.927293976001
21344,19103.489419820999
21345,19104.087353209001
21346,19104.503242081999
21347,19105.441588720001
21348,19106.334959182001
21349,19106.643763314001
21350,19107.997832113000
21351,19108.641327579000
21352,19110.053923210999
21353,19110.457808187999
21354,19111.161826390999
21355,19111.727738836002
21356,19112.560832759002
21357,19113.342231195002
21358,19114.125800710000
21359,19115.102652869002
21360,19115.837881844000
21361,19116.226959991000
21362,19117.012351674999
21363,19118.198743932000
21364,19119.190329632998
21365,19119.937599485998
21366,19120.572042373999
21367,19121.269177663999
21368,19122.166165127001
21369,19122.846655439000
21370,19123.484944767999
21371,19123.860932735999
21372,19124.869033440002
21373,19126.184751893001
21374,19126.941836262002
21375,19127.579491111999
21376,19128.471152195001
21377,19129.029462074999
21378,19129.977502378999
21379,19130.544836740999
21380,19131.661353424999
21381,19132.259231049000
21382,19132.794916605999
21383,19133.622986580001
21384,19134.385048139000
21385,19135.191217888001
21386,19136.017902747000
21387,19137.267655430998
21388,19138.127128153999
21389,19138.535620994000
21390,19139.664385749998
21391,19139.973269136000
21392,19140.130990596001
21393,19141.743916789001
21394,19142.351160522001
21395,19143.057333280001
21396,19143.728614194999
21397,19144.926913004001
21398,19145.659634034000
21399,19146.551436793001
21400,19146.903228272000
21401,19148.056260631001
21402,19148.711972746001
21403,19149.698327804999
21404,19150.318097719999
21405,19150.725084730999
21406,19151.587486355002
21407,19152.282664134000
21408,19153.000891576001
21409,19154.752841598001
21410,19155.216203069998
21411,19155.678308942999
21412,19156.523874773000
21413,19157.476844072000
21414,19158.036011478998
21415,19158.655169922000
21416,19159.492531358999
21417,19160.292819254999
21418,19161.339413852998
21419,19161.968246647000
21420,19162.449545955002
21421,19163.621498727000
21422,19164.290725415001
21423,19165.605281659002
21424,19166.003171257998
21425,19166.772379074999
21426,19167.448066032000
21427,19168.244270446001
21428,19168.794795651000
21429,19169.546325407999
21430,19170.342155728002
21431,19171.369697640999
21432,19172.248146295999
21433,19173.290213589000
21434,19174.117698744001
21435,19174.520393219002
21436,19174.963955332001
21437,19176.005838247002
21438,19177.035545602001
21439,19177.847794449001
21440,19178.254518453999
21441,19179.178619866001
21442,19179.428291625001
21443,19180.772346570000
21444,19181.808274643001
21445,19182.258746784999
21446,19183.456045679999
21447,19184.284250977002
21448,19184.740405621000
21449,19185.300081616999
21450,19186.351318371999
21451,19186.669577441000
21452,19187.468094199001
21453,19188.706558802001
21454,19189.324819718000
21455,19190.396159305001
21456,19190.955361869001
21457,19191.849773704998
21458,19192.462939875000
21459,19193.533190996000
21460,19194.220488880001
21461,19194.807293827002
21462,19195.551048623998
21463,19196.496488539000
21464,19197.192150972998
21465,19197.674258248000
21466,19198.224096370999
21467,19199.979095715000
21468,19200.719062206001
21469,19201.396672137002
21470,19202.043469527001
21471,19202.480000258998
21472,19203.699317917999
21473,19203.917019973000
21474,19204.940046584001
21475,19205.942980979002
21476,19206.412837389998
21477,19207.207123699001
21478,19208.381484120000
21479,19208.883091173000
21480,19209.966818072000
21481,19210.532880645002
21482,19211.293510331001
21483,19212.569326667999
21484,19213.122721803000
21485,19213.339556872001
21486,19214.311663164000
21487,19214.688206194998
21488,19215.986362538999
21489,19216.651091487001
21490,19217.887300994000
21491,19218.475238325998
21492,19219.358668200999
21493,19220.148934328001
21494,19220.677983467998
21495,19221.309843155999
21496,19222.040021205001
21497,19223.485549101999
21498,19223.654645097002
21499,19224.369493154001
21500,19225.371558555998
21501,19225.995593184001
21502,19226.790186187001
21503,19228.181146755000
21504,19228.791173037000
21505,19229.559601533001
21506,19230.054381088001
21507,19230.808153429000
21508,19231.702427828001
21509,19232.236314768001
21510,19233.116725595999
21511,19233.545739596000
21512,19234.835536611001
21513,19236.027117596001
21514,19236.591607096001
21515,19237.008197348001
21516,19237.911758519000
21517,19238.689141239000
21518,19239.723498160001
21519,19240.392814576000
21520,19240.867244784000
21521,19242.093937083999
21522,19242.169499696000
21523,19243.145605203001
21524,19244.011413040000
21525,19245.107386357002
21526,19246.061828203001
21527,19246.703274870000
21528,19247.662082016999
21529,19248.195047427002
21530,19248.746296107998
21531,19249.465984484999
21532,19250.113831347000
21533,19251.227477537999
21534,19252.299174753000
21535,19252.596768219999
21536,19253.275205455000
21537,19254.748840037999
21538,19255.435221880001
21539,19255.662306540002
21540,19256.867612894999
21541,19257.680682456001
21542,19258.281307273999
21543,19259.190913874001
21544,19259.724905694999
21545,19260.335653324000
21546,19260.937589852001
21547,19262.085466962999
21548,19263.366722780000
21549,19264.031437043999
21550,19264.786310103998
21551,19265.394073020001
21552,19265.927747637001
21553,19266.806079118000
21554,19267.782326657001
21555,19268.529682576002
21556,19268.798143123000
21557,19270.190774172999
21558,19270.565508862001
21559,19271.633446532000
21560,19272.377029758001
21561,19272.965914370001
21562,19274.462598216000
21563,19274.911663254999
21564,19275.656058254001
21565,19276.150829712002
21566,19277.014983747002
21567,19277.511822909000
21568,19278.687052629000
21569,19278.918024336999
21570,19280.238362143002
21571,19281.173133886001
21572,19282.133301123999
21573,19282.453611321998
21574,19283.710881294999
21575,19283.915712324000
21576,19284.651582713999
21577,19285.716112099999
21578,19286.740141811999
21579,19287.207111930999
21580,19287.782786643002
21581,19288.444845963000
21582,19289.307575112001
21583,19290.628316552000
21584,19291.523816534002
21585,19292.072792182000
21586,19292.676696544000
21587,19293.794056822000
21588,19294.394383031002
21589,19294.851508237000
21590,19295.369608678000
21591,19296.586799682002
21592,19297.285077561999
21593,19298.208648955999
21594,19299.120003242999
21595,19300.136082970999
21596,19300.215441671000
21597,19301.442365113999
21598,19302.202097796999
21599,19302.983608836999
21600,19304.037320889998
21601,19304.214660096000
21602,19304.903113354001
21603,19306.056359355000
21604,19306.550650591002
21605,19307.241000774000
21606,19308.420804034002
21607,19309.789600093001
21608,19310.139560530999
21609,19310.888565715999
21610,19311.263025519998
21611,19312.153971491000
21612,19312.946945946002
21613,19313.797361094999
21614,19314.726551258998
21615,19315.175251714001
21616,19316.012648562999
21617,19317.066170980001
21618,19317.742155110998
21619,19318.754752042001
21620,19319.273710122001
21621,19320.347049201999
21622,19321.053043119002
21623,19321.653648865999
21624,19322.569598730999
21625,19323.003604561000
21626,19323.769748037001
21627,19324.138596492001
21628,19326.068667475000
21629,19326.378846988999
21630,19327.263159753998
21631,19328.172826776001
21632,19328.675920004000
21633,19329.624046520999
21634,19330.188123633001
21635,19330.892925380998
21636,19331.802770736002
21637,19332.704395166998
21638,19333.384794802001
21639,19333.972311828998
21640,19334.591059005001
21641,19335.919218678999
21642,19336.653609092999
21643,19337.590476642999
21644,19338.495443052001
21645,19338.976155636999
21646,19339.377526370001
21647,19340.309008043001
21648,19341.187037766998
21649,19341.683182360001
21650,19342.745045664000
21651,19343.351309132999
21652,19344.583806728999
21653,19345.516462111002
21654,19346.038321527001
21655,19346.607559388998
21656,19347.181078404999
21657,19348.752589059000
21658,19348.979111709999
21659,19350.042195311999
21660,19350.270090922000
21661,19351.108139294000
21662,19352.046505771999
21663,19352.685466510000
21664,19353.865503875000
21665,19355.026760113000
21666,19355.347340535001
21667,19356.243604842999
21668,19357.038803223000
21669,19357.530255964000
21670,19358.345409546000
21671,19358.798261544001
21672,19360.008230083000
21673,19360.739209769999
21674,19361.623788574001
21675,19362.334300629998
21676,19362.989851170001
21677,19364.040373155000
21678,19364.921781540001
21679,19365.769222059000
21680,19366.049144350000
21681,19367.089523668001
21682,19368.054669459001
21683,19368.449466701000
21684,19368.948047526999
21685,19369.978183767002
21686,19370.560293431001
21687,19372.311989644000
21688,19372.797832225999
21689,19373.306416053001
21690,19374.161440225998
21691,19375.050368994001
21692,19375.242963018001
21693,19376.391411400000
21694,19377.346607962001
21695,19377.939042492999
21696,19378.600817732000
21697,19379.196951825001
21698,19380.551519352000
21699,19381.125552132002
21700,19381.799655636001
21701,19382.867719883001
21702,19383.868176443000
21703,19384.354269840998
21704,19385.212002245000
21705,19385.488456797000
21706,19386.237272628001
21707,19387.141237794000
21708,19388.178211490002
21709,19388.715578980002
21710,19390.051617328001
21711,19390.541687428002
21712,19391.616555953999
21713,19392.087484323001
21714,19392.635902405000
21715,19393.734695449999
21716,19394.395920113999
21717,19395.164232399999
21718,19395.995901130002
21719,19396.812664060999
21720,19397.178249692999
21721,19397.847152942999
21722,19399.282824589001
21723,19400.317980805001
21724,19401.004416790998
21725,19401.410813011000
21726,19402.265856378999
21727,19402.908466900000
21728,19403.865370803000
21729,19404.597882876002
21730,19404.710806562998
21731,19406.095485800000
21732,19407.142218907000
21733,19407.622580608000
21734,19408.731391295001
21735,19409.204015596999
21736,19410.100720970000
21737,19410.787290789998
21738,19412.003522407998
21739,19412.482370205002
21740,19412.985042600001
21741,19413.860382760002
21742,19414.576876638999
21743,19415.091126716001
21744,19416.212940002999
21745,19417.385402648000
21746,19417.849099023999
21747,19419.198460885000
21748,19419.619450937000
21749,19420.119615413001
21750,19420.877544423998
21751,19421.387085861999
21752,19422.619437453999
21753,19423.600301196999
21754,19423.864780444001
21755,19424.657107432002
21756,19425.599918819000
21757,19426.692323225001
21758,19427.233228992001
21759,19428.232193508000
21760,19428.906300223000
21761,19429.763364130999
21762,19430.626648105001
21763,19430.873031834999
21764,19431.859444133999
21765,19432.586403206999
21766,19432.915375659999
21767,19434.258543520999
21768,19435.455713514999
21769,19436.343483043001
21770,19436.561322279002
21771,19437.167090219002
21772,19438.411264964001
21773,19439.038681796999
21774,19439.542145012001
21775,19440.769670267000
21776,19441.022609205000
21777,19442.044871627000
21778,19442.811601783000
21779,19443.547966368998
21780,19444.151783620000
21781,19445.593986645999
21782,19446.426143698001
21783,19446.902807422000
21784,19447.604904112999
21785,19448.453574211999
21786,19448.958467117998
21787,19449.581070320000
21788,19450.503651408999
21789,19451.592292901001
21790,19452.044768381002
21791,19453.097196514002
21792,19454.150336498999
21793,19454.757755405000
21794,19455.370699501000
21795,19456.221424161002
21796,19456.724190379002
21797,19458.108013703000
21798,19458.624974416001
21799,19459.272742629000
21800,19459.665566207001
21801,19460.468486369999
21802,19461.501412468999
21803,19462.706851177001
21804,19463.403754468000
21805,19464.220923303001
21806,19464.986420636000
21807,19465.542071394000
21808,19466.455813510001
21809,19466.751481406998
21810,19467.813915233000
21811,19468.510110973999
21812,19469.376349326001
21813,19470.410591020001
21814,19470.847462145000
21815,19472.027798405001
21816,19472.451850613001
21817,19473.374102817001
21818,19474.664984562001
21819,19475.044267228001
21820,19475.648277412001
21821,19476.245876276000
21822,19477.345288503999
21823,19477.919816231999
21824,19478.510191318001
21825,19479.198697647000
21826,19480.874813219001
21827,19481.405484823001
21828,19482.249421462999
21829,19482.826626676000
21830,19483.493488863998
21831,19483.974356647999
21832,19485.362344035999
21833,19485.698033568999
21834,19486.623367765002
21835,19487.470075288998
21836,19487.977517095998
21837,19488.687662535001
21838,19490.022149095999
21839,19490.771778464001
21840,19491.286094808998
21841,19492.497231866000
21842,19492.918602269001
21843,19494.021116714001
21844,19494.350549940998
21845,19494.852070557001
21846,19495.645637645001
21847,19496.666918389001
21848,19497.748401868001
21849,19498.568738922000
21850,19499.112311610999
21851,19500.175007818001
21852,19500.934643261000
21853,19501.364199531999
21854,19502.219847798999
21855,19503.172162995001
21856,19503.863880745001
21857,19504.607229140001
21858,19505.366863112002
21859,19505.795221068001
21860,19506.909131888999
21861,19507.478680574000
21862,19509.131221352000
21863,19509.527733794999
21864,19510.511847121001
21865,19510.635531264001
21866,19511.569935991000
21867,19512.363757245999
21868,19513.045558205999
21869,19513.973842672000
21870,19514.671587348999
21871,19515.228605365999
21872,19516.826598839001
21873,19517.221298749999
21874,19517.824408469001
21875,19518.615454914001
21876,19519.612359895000
21877,19520.579316970001
21878,19520.976658051000
21879,19521.993218639000
21880,19522.436654822999
21881,19522.981290189000
21882,19523.967940679999
21883,19524.669794742000
21884,19525.997180326998
21885,19526.778086658000
21886,19527.560271304999
21887,19528.030951426001
21888,19529.117123936001
21889,19529.595238906000
21890,19530.165162051999
21891,19530.836802425001
21892,19532.249292927001
21893,19532.937260581999
21894,19533.117050696001
21895,19534.211333507999
21896,19535.010085123999
21897,19536.136594635998
21898,19536.927889099999
21899,19537.454085882000
21900,19538.435557088000
21901,19539.064317419001
21902,19539.718089845999
21903,19540.515849928001
21904,19541.113602269001
21905,19541.643479318001
21906,19542.898519543000
21907,19543.863421317001
21908,19544.889633513001
21909,19545.415094012002
21910,19546.179715069000
21911,19546.505870428999
21912,19547.560032440000
21913,19548.605824761002
21914,19549.299610233000
21915,19549.715342097999
21916,19550.461129669999
21917,19551.497445845998
21918,19552.110626065001
21919,19553.000490243001
21920,19553.997968545998
21921,19554.805316304999
21922,19555.954794499001
21923,19556.409781073999
21924,19556.723411605999
21925,19557.490824548000
21926,19558.536635150998
21927,19559.008310704001
21928,19559.925073360999
21929,19561.055295938000
21930,19561.575460384000
21931,19562.639162421001
21932,19563.272864637001
21933,19564.318483014998
21934,19564.594640878000
21935,19565.651556667999
21936,19566.345367358001
21937,19567.325618993000
21938,19567.785188865000
21939,19568.760613007998
21940,19569.133939376999
21941,19569.589749893999
21942,19571.431485091998
21943,19572.189654743001
21944,19572.810011382000
21945,19573.326442802001
21946,19574.322308440002
21947,19575.015799504999
21948,19575.488662535001
21949,19576.373770480001
21950,19577.096322083002
21951,19578.122576559999
21952,19578.724952838002
21953,19579.595874420000
21954,19580.599432011000
21955,19581.152712736999
21956,19581.908100875000
21957,19583.060707047000
21958,19583.751573998001
21959,19584.433436801999
21960,19585.082152972998
21961,19585.636657548999
21962,19586.259398817001
21963,19587.494883217001
21964,19587.926586472000
21965,19588.931552030001
21966,19590.293865732001
21967,19590.807856637999
21968,19591.505885028000
21969,19592.023502770000
21970,19592.787796385001
21971,19593.472016533000
21972,19594.668039233002
21973,19595.356121548000
21974,19595.800888203001
21975,19596.666127387001
21976,19597.276235781999
21977,19598.759683163000
21978,19598.845533300999
21979,19600.501769556999
21980,19600.960293290998
21981,19601.246034796000
21982,19602.491317265001
21983,19603.174932341000
21984,19603.597926719998
21985,19604.254402225000
21986,19605.047758957000
21987,19606.196305071000
21988,19607.345348912000
21989,19607.877890233001
21990,19608.474490330998
21991,19609.343518958001
21992,19610.190355185001
21993,19610.920628661999
21994,19611.760473497001
21995,19612.242190770001
21996,19613.364529560000
21997,19613.822398048000
21998,19614.645527004999
21999,19615.125403204001
22000,19616.305076707999
22001,19617.381963594002
22002,19618.248264262002
22003,19618.901970673000
22004,19619.702998534998
22005,19620.049416792001
22006,19620.853796176001
22007,19621.474474831000
22008,19622.894306328999
22009,19622.991826795998
22010,19624.146835750002
22011,19624.720166517000
22012,19625.924704061999
22013,19626.841801867999
22014,19627.240882876999
22015,19627.760246472000
22016,19629.104591449999
22017,19629.989490884000
22018,19630.358487510999
22019,19630.911776940000
22020,19631.773316154999
22021,19632.478955811999
22022,19633.097467790001
22023,19634.586905090000
22024,19635.379672690000
22025,19635.963992664001
22026,19636.866434997999
22027,19637.514256680999
22028,19637.996712830001
22029,19639.052978487001
22030,19639.536798723999
22031,19640.468137559001
22032,19641.232210007001
22033,19642.182145065999
22034,19642.902068840001
22035,19643.314883839001
22036,19644.468950350001
22037,19645.640820913999
22038,19646.169698811998
22039,19646.963250935001
22040,19647.641456297999
22041,19648.076770329000
22042,19649.331948559000
22043,19649.602694478999
22044,19650.302530345001
22045,19651.228585171000
22046,19652.470065022000
22047,19653.335729408998
22048,19654.035016588001
22049,19654.693715625999
22050,19655.241265057000
22051,19656.164251167000
22052,19656.785084327999
22053,19657.962581287000
22054,19658.607116619001
22055,19659.227105865000
22056,19659.457164138999
22057,19660.778424437998
22058,19661.584431382998
22059,19662.643934488999
22060,19663.240232115000
22061,19664.243543493001
22062,19665.053005770002
22063,19665.511452486000
22064,19666.298121974000
22065,19666.777335455001
22066,19667.404273715001
22067,19668.819688537998
22068,19669.432046779999
22069,19669.956780090000
22070,19671.415711665999
22071,19671.765420453001
22072,19672.466598564999
22073,19673.505453447000
22074,19674.164518670001
22075,19675.003081963001
22076,19675.590865161001
22077,19676.546620862999
22078,19677.079397926998
22079,19677.800799107001
22080,19678.456333059999
22081,19679.296954179001
22082,19680.993166937998
22083,19681.459021298000
22084,19682.018530686000
22085,19682.707378581999
22086,19683.217901713000
22087,19684.527096725000
22088,19684.757098588001
22089,19685.679208550999
22090,19686.545173945000
22091,19687.220967391000
22092,19688.212773682000
22093,19688.960595203000
22094,19689.807688182998
22095,19690.454472912999
22096,19691.451074061999
22097,19692.319277154998
22098,19693.003532679999
22099,19693.640374187002
22100,19694.304314375000
22101,19694.866727477998
22102,19695.618165513999
22103,19696.552013110999
22104,19697.778012596002
22105,19698.448647189001
22106,19699.152821766998
22107,19700.210636886000
22108,19700.859498733000
22109,19701.375431067001
22110,19701.691351614001
22111,19703.357026266000
22112,19703.551720750002
22113,19704.678926092001
22114,19705.295775103001
22115,19705.594624535999
22116,19706.792192804998
22117,19707.936983601001
22118,19708.609659885002
22119,19709.484432841000
22120,19710.153225296999
22121,19710.975714095999
22122,19711.380581567999
22123,19712.237441730002
22124,19712.959001487001
22125,19713.798470491001
22126,19714.233576932002
22127,19715.764064458999
22128,19716.648359721999
22129,19716.974463778999
22130,19718.067046093001
22131,19718.277387179998
22132,19719.436925383001
22133,19720.509852390998
22134,19721.064250078001
22135,19721.346351654000
22136,19722.433965240001
22137,19723.183573774000
22138,19723.823694612001
22139,19724.593516942001
22140,19725.754701340000
22141,19726.911175051999
22142,19727.416465511000
22143,19727.950384244999
22144,19728.900305425999
22145,19729.434936707999
22146,19729.907573132001
22147,19730.964097516000
22148,19731.851060624002
22149,19732.774206237998
22150,19733.171416014000
22151,19734.165143267001
22152,19735.258203101999
22153,19735.803943668001
22154,19736.654871388000
22155,19737.399828645001
22156,19738.053916757999
22157,19739.181194002998
22158,19739.736059778999
22159,19740.311715201002
22160,19740.672021570001
22161,19741.623263474001
22162,19742.959856871999
22163,19743.786502373001
22164,19744.744823637000
22165,19745.229597087000
22166,19745.838006719001
22167,19746.766265080001
22168,19747.454015406998
22169,19748.004427068001
22170,19749.067935855001
22171,19749.813578437999
22172,19750.406004157001
22173,19751.195556669001
22174,19752.462601103001
22175,19752.651595165000
22176,19753.665383880001
22177,19754.942326707001
22178,19755.759282318999
22179,19755.893290593001
22180,19756.791614351001
22181,19757.347866937002
22182,19758.299374791000
22183,19758.994300864000
22184,19759.681163697001
22185,19760.681708466000
22186,19761.716289019001
22187,19762.795106122001
22188,19763.203572825001
22189,19763.588871172000
22190,19764.729643993000
22191,19765.247002009000
22192,19766.347957761998
22193,19767.087251593999
22194,19767.648282341001
22195,19768.337186974000
22196,19769.124738597999
22197,19769.671809461001
22198,19771.336886998000
22199,19771.857772534000
22200,19772.532896909001
22201,19773.303864407000
22202,19774.327598363001
22203,19774.633504762998
22204,19775.433009756998
22205,19776.127504412001
22206,19776.644116283001
22207,19778.159214001000
22208,19778.588457998001
22209,19779.771013172001
22210,19779.944833148002
22211,19781.316882335999
22212,19781.793831211002
22213,19782.593643804001
22214,19783.483292827001
22215,19784.318448375001
22216,19784.868893856001
22217,19785.401253707001
22218,19786.443402461999
22219,19787.045803246001
22220,19787.577659541999
22221,19789.224779651999
22222,19789.755116403001
22223,19790.850222810001
22224,19791.282421368000
22225,19791.877228586000
22226,19792.361569181001
22227,19793.393309028001
22228,19794.462854185000
22229,19795.019796507000
22230,19795.530914372001
22231,19796.464767668000
22232,19797.516202924999
22233,19798.350600259000
22234,19798.860759427000
22235,19799.817088177999
22236,19800.727068763001
22237,19801.696132132001
22238,19801.928987177002
22239,19802.891911143000
22240,19803.399607359999
22241,19804.067994540001
22242,19804.876183588000
22243,19805.973333643000
22244,19807.133996233999
22245,19807.842456236998
22246,19808.171592698000
22247,19809.341216371999
22248,19809.815937591000
22249,19810.747315551002
22250,19811.246138418999
22251,19812.029447681001
22252,19813.311559597001
22253,19813.687897342999
22254,19814.264577963000
22255,19815.034806569998
22256,19816.115204033998
22257,19817.142531877002
22258,19818.168295258001
22259,19818.630291231999
22260,19819.033150031999
22261,19820.141440212999
22262,19820.785349412999
22263,19821.315258821000
22264,19821.968133531002
22265,19823.287272550999
22266,19823.589660015001
22267,19824.907937059001
22268,19825.796900514000
22269,19826.374918411999
22270,19827.097596655000
22271,19827.443660702000
22272,19828.911863937999
22273,19829.491595787000
22274,19830.217984532999
22275,19830.813129769002
22276,19831.449554720999
22277,19832.063042942998
22278,19833.456020853999
22279,19833.859616446000
22280,19835.103017517999
22281,19835.968986940999
22282,19836.589906483001
22283,19837.289684841999
22284,19837.862175183000
22285,19838.453015562998
22286,19839.321309375999
22287,19840.265338399000
22288,19841.012701418000
22289,19841.842652462001
22290,19842.609299847001
22291,19843.385796264000
22292,19844.283129374999
22293,19845.125054847998
22294,19845.887732058000
22295,19846.692910467002
22296,19847.289574348000
22297,19848.012301076000
22298,19848.967958885001
22299,19849.501565082999
22300,19849.984352626001
22301,19850.733513448002
22302,19852.558004876999
22303,19853.207247134000
22304,19853.432082873998
22305,19854.417910979999
22306,19855.184819829999
22307,19855.736714610000
22308,19856.606583768000
22309,19857.455877225999
22310,19858.278808212999
22311,19858.692501689002
22312,19859.885066873001
22313,19860.295164367999
22314,19861.376702737001
22315,19862.220599099001
22316,19863.066200797999
22317,19863.788840024001
22318,19864.998972332000
22319,19865.221344393001
22320,19865.948623548000
22321,19866.265862060001
22322,19867.507734347000
22323,19868.094831369999
22324,19869.265545856000
22325,19869.807501144998
22326,19870.939984818000
22327,19871.857887925999
22328,19872.216086582001
22329,19873.243077236999
22330,19873.404664400001
22331,19874.678778412999
22332,19875.637475688000
22333,19876.123541519999
22334,19876.686160608999
22335,19877.564517531999
22336,19878.150971072999
22337,19879.181707681000
22338,19880.500386911001
22339,19881.086309298000
22340,19881.837258979001
22341,19882.419376270002
22342,19883.007107228001
22343,19884.102027899000
22344,19884.629899471001
22345,19885.079402548999
22346,19886.125534932002
22347,19887.115367341001
22348,19887.946431962999
22349,19888.868073105001
22350,19889.537777616999
22351,19889.798482257000
22352,19891.412985782001
22353,19891.865701292001
22354,19892.459565503999
22355,19893.467561226000
22356,19893.831618829001
22357,19894.902458864999
22358,19895.245884271000
22359,19896.087023018001
22360,19897.349801652999
22361,19898.152711069000
22362,19899.172131331001
22363,19899.832212745001
22364,19900.228657141000
22365,19901.093115227999
22366,19901.696942126000
22367,19902.365099834999
22368,19903.636295789001
22369,19904.306058127000
22370,19904.890604231001
22371,19905.274661234998
22372,19906.865768486001
22373,19907.433414081999
22374,19908.170325528001
22375,19908.944988428000
22376,19909.961573557001
22377,19910.509313041999
22378,19911.473914532999
22379,19911.746191623999
22380,19912.463395046001
22381,19913.244093723999
22382,19914.137974275000
22383,19915.437842744999
22384,19916.084260047999
22385,19917.078598910000
22386,19917.322490918999
22387,19918.363167353000
22388,19918.861091061000
22389,19919.931415962001
22390,19920.604248072999
22391,19921.282930591002
22392,19921.908507402000
22393,19923.109426052000
22394,19923.459092018002
22395,19924.208690857002
22396,19925.260618270000
22397,19926.655314125001
22398,19926.954594941999
22399,19927.862835169999
22400,19928.216206411002
22401,19929.115084329998
22402,19929.692271347001
22403,19930.614799288000
22404,19931.471082049000
22405,19931.852977319999
22406,19933.380422619000
22407,19933.904725589000
22408,19934.699332262000
22409,19935.615086335001
22410,19936.226152972999
22411,19936.677717924998
22412,19937.956510917000
22413,19938.729106380000
22414,19939.229878114002
22415,19940.043394360000
22416,19940.397009638000
22417,19941.252074827000
22418,19942.434224133998
22419,19943.737248812002
22420,19943.975290945000
22421,19944.824545283001
22422,19945.756500410000
22423,19946.600702106000
22424,19946.843289994998
22425,19947.451567368000
22426,19948.528521663000
22427,19949.523388252001
22428,19950.088060810998
22429,19950.955554093001
22430,19951.742667171999
22431,19952.587123088000
22432,19953.444272773999
22433,19954.083928810000
22434,19955.453823856002
22435,19955.590180460000
22436,19956.236535096999
22437,19957.383267994999
22438,19957.640335501001
22439,19958.666032902001
22440,19959.202357995000
22441,19960.125284425001
22442,19961.521993964001
22443,19962.418690416001
22444,19962.808320520999
22445,19963.286462379001
22446,19964.031047646000
22447,19965.016690255001
22448,19965.926229469998
22449,19966.426150103998
22450,19967.340174240999
22451,19967.991510373999
22452,19968.602706582002
22453,19969.810631527002
22454,19970.426475642998
22455,19971.313054999999
22456,19972.355813106999
22457,19972.962355289001
22458,19973.771643653999
22459,19974.220198346000
22460,19975.212638574001
22461,19975.762130890002
22462,19975.961664123999
22463,19977.617885973999
22464,19978.371869732000
22465,19979.051768300000
22466,19979.973821199001
22467,19980.708953769001
22468,19981.556368881000
22469,19982.044283372001
22470,19982.972385560999
22471,19983.538358782000
22472,19984.700653004998
22473,19985.412022095999
22474,19985.653170668000
22475,19986.586794583000
22476,19987.221167849999
22477,19988.679663830000
22478,19989.481366970002
22479,19990.141059112000
22480,19990.975948536001
22481,19991.483201202998
22482,19992.098877272001
22483,19992.907635282001
22484,19993.811760424000
22485,19994.377365054999
22486,19995.358500800001
22487,19995.939540218002
22488,19997.300550430002
22489,19998.026391156000
22490,19998.249635024000
22491,19999.275621077999
22492,20000.128165335998
22493,20001.194127416002
22494,20001.967612077999
22495,20002.113126662000
22496,20002.796489265998
22497,20003.871410753000
22498,20004.645281551999
22499,20005.082037618999
22500,20006.698426487001
22501,20007.298211619000
22502,20008.058429787001
22503,20008.780338944998
22504,20009.554300147000
22505,20009.974296085002
22506,20010.739624130001
22507,20011.686960272000
22508,20012.621425022000
22509,20013.255854595998
22510,20013.975876965000
22511,20014.736556230000
22512,20015.485784403001
22513,20016.785059680999
22514,20017.460596330999
22515,20018.047559647999
22516,20018.687061419001
22517,20019.919183226000
22518,20020.156753670999
22519,20020.922438746002
22520,20021.728531762001
22521,20022.056538937999
22522,20023.483938378999
22523,20024.659948830002
22524,20025.085241717999
22525,20025.945417217001
22526,20026.529858395999
22527,20027.336548062998
22528,20028.013164797001
22529,20028.945887770999
22530,20029.846528845999
22531,20030.258976728001
22532,20031.067858083999
22533,20031.786379157998
22534,20032.641486306999
22535,20033.831538303999
22536,20034.057083095999
22537,20035.662702165999
22538,20036.182512124000
22539,20036.768859878001
22540,20037.424720014998
22541,20037.953263470001
22542,20038.765155886002
22543,20039.674348000000
22544,20040.580500323998
22545,20041.203760543001
22546,20042.087967537002
22547,20043.223891949001
22548,20043.978308907001
22549,20044.297839544000
22550,20045.146451911001
22551,20046.248303216002
22552,20046.902156517001
22553,20047.441685262002
22554,20048.560056810999
22555,20049.061400438000
22556,20049.361022737001
22557,20050.300538857999
22558,20051.742558983002
22559,20052.596833629999
22560,20053.421580376998
22561,20053.773098089001
22562,20054.458513404999
22563,20055.675521339999
22564,20055.961735765999
22565,20056.676324303000
22566,20057.491096561000
22567,20058.428415810999
22568,20059.473195783001
22569,20059.891664657000
22570,20060.702502012002
22571,20061.956284168999
22572,20062.109790933999
22573,20063.669360197000
22574,20063.911032290998
22575,20064.826867203999
22576,20065.496779036999
22577,20066.025676361001
22578,20066.899459946999
22579,20067.478888484002
22580,20068.489459097000
22581,20069.369256725000
22582,20070.624640807000
22583,20071.040942528001
22584,20072.089954464998
22585,20072.483511032999
22586,20072.987381062001
22587,20073.784379838002
22588,20075.300984643000
22589,20075.531411944001
22590,20076.241526905000
22591,20076.805051376999
22592,20077.879278928998
22593,20078.704736448999
22594,20079.658582315002
22595,20080.484507810001
22596,20081.188915850998
22597,20082.112162029000
22598,20082.686051249999
22599,20083.448849445998
22600,20083.842473662000
22601,20084.705044970000
22602,20085.531752005001
22603,20086.287907442998
22604,20087.727345596999
22605,20088.208097428000
22606,20088.874240417001
22607,20089.547967209000
22608,20090.557664535001
22609,20091.346247658999
22610,20091.833456647000
22611,20092.863348650000
22612,20093.366788364001
22613,20094.281169533999
22614,20094.962889629998
22615,20095.668713274001
22616,20096.155501875000
22617,20097.962952186001
22618,20098.479953700000
22619,20099.128314509999
22620,20099.879699903999
22621,20100.484781384999
22622,20101.106733549001
22623,20102.117546191999
22624,20102.472860472000
22625,20103.780664311998
22626,20104.302054447999
22627,20104.973931221000
22628,20106.223296636999
22629,20106.966363685999
22630,20107.537786043998
22631,20108.221787514001
22632,20109.167745878000
22633,20110.192915488002
22634,20110.766181527000
22635,20111.368531198001
22636,20111.926974388000
22637,20112.535566138002
22638,20113.529052376001
22639,20114.748358061999
22640,20115.476244959002
22641,20116.218803293999
22642,20117.321577702001
22643,20117.803034396002
22644,20118.100355039998
22645,20119.275322134999
22646,20119.796969530998
22647,20120.608600976000
22648,20121.740848281999
22649,20122.228299703002
22650,20122.837965659000
22651,20123.931361184001
22652,20124.565621625999
22653,20125.553803328999
22654,20126.656556893999
22655,20127.178560532000
22656,20127.919243955999
22657,20128.178644525000
22658,20129.427192966999
22659,20130.082814043999
22660,20130.539204737001
22661,20131.203321928999
22662,20132.553277933999
22663,20133.656820860000
22664,20134.189794733000
22665,20134.940293781001
22666,20135.361607954001
22667,20136.293222459000
22668,20137.161938811001
22669,20138.067914036001
22670,20138.564621795002
22671,20139.392045174001
22672,20140.167583604001
22673,20140.565916218999
22674,20141.762695541001
22675,20142.606240844001
22676,20143.815013971998
22677,20144.029831913002
22678,20145.239958654001
22679,20145.832988370999
22680,20146.467812440002
22681,20147.025235303001
22682,20147.465329602001
22683,20148.814132861000
22684,20149.627929113001
22685,20150.218413753999
22686,20151.249461223000
22687,20151.884839480001
22688,20152.962243465001
22689,20153.598399008999
22690,20154.062010389000
22691,20155.062201219000
22692,20156.060397580000
22693,20156.515810844001
22694,20157.328637276001
22695,20157.755276620999
22696,20158.781121676999
22697,20159.249668515000
22698,20160.698374520998
22699,20161.942239548000
22700,20162.177802398000
22701,20162.581237947001
22702,20163.734449862000
22703,20164.229138528000
22704,20164.901218112002
22705,20166.118847368001
22706,20166.491169658999
22707,20167.126935746001
22708,20168.340497828001
22709,20169.145436868999
22710,20169.845919055999
22711,20170.393299971998
22712,20171.515574885001
22713,20172.485192322001
22714,20173.130239560000
22715,20173.634759416000
22716,20174.380269193000
22717,20175.142279946998
22718,20175.671470951002
22719,20176.572208622001
22720,20177.462924529002
22721,20178.640282322998
22722,20179.362189227999
22723,20180.078207446000
22724,20180.859471642001
22725,20181.512191303002
22726,20182.144444522000
22727,20182.737705997999
22728,20183.985962251001
22729,20184.612199757001
22730,20185.454931773002
22731,20185.880753057001
22732,20186.383170941001
22733,20188.036192088999
22734,20188.593932087999
22735,20189.427763362000
22736,20190.288669723999
22737,20190.854031004001
22738,20191.622417506002
22739,20192.507878608001
22740,20192.780592138999
22741,20193.654355338000
22742,20194.353427570000
22743,20195.835111257999
22744,20196.073384870000
22745,20197.490463556998
22746,20197.842358446000
22747,20198.589628723999
22748,20199.137650249999
22749,20200.460874777000
22750,20201.100843105000
22751,20201.588442815999
22752,20202.344852725000
22753,20203.048844539000
22754,20204.149006075000
22755,20204.335200188001
22756,20205.558165276001
22757,20206.559564771000
22758,20207.612833900999
22759,20208.335534401001
22760,20208.648117709999
22761,20209.270994193001
22762,20210.069803445000
22763,20211.031707784001
22764,20211.607390671001
22765,20212.632992481002
22766,20213.252415088002
22767,20214.069794485000
22768,20215.096166890999
22769,20215.814190203000
22770,20216.494530628999
22771,20217.504361260999
22772,20217.948534806001
22773,20218.985716625000
22774,20219.763852644999
22775,20220.421958800998
22776,20220.706745525000
22777,20221.732501777002
22778,20222.164348148999
22779,20224.037077641999
22780,20224.493230568001
22781,20225.071729185998
22782,20225.922456313001
22783,20226.700618870000
22784,20227.513720571002
22785,20227.952632155000
22786,20228.652511388002
22787,20229.892738494000
22788,20230.434528893002
22789,20231.047168391000
22790,20232.011450835002
22791,20232.806371162998
22792,20233.459851063999
22793,20234.716749386000
22794,20235.408594125998
22795,20236.038882801000
22796,20237.011396303998
22797,20237.318293352000
22798,20237.911854521000
22799,20238.883540397001
22800,20239.810231570002
22801,20240.294821795000
22802,20241.276108620001
22803,20242.739016681000
22804,20243.066097627001
22805,20243.805699149001
22806,20244.469418750999
22807,20244.972435354000
22808,20246.243664547001
22809,20246.898284595001
22810,20247.812589449000
22811,20248.083057895001
22812,20248.815355818999
22813,20249.859016916002
22814,20250.502319997999
22815,20251.723465022998
22816,20252.584337344000
22817,20253.231461159001
22818,20253.960075914001
22819,20254.610639782000
22820,20255.439680006999
22821,20256.064873152998
22822,20256.474193458998
22823,20257.492149682999
22824,20258.632419281999
22825,20259.379788645001
22826,20260.056907665999
22827,20260.777154880001
22828,20261.789895422000
22829,20262.429130510998
22830,20263.264443049000
22831,20264.213218544999
22832,20264.440767021999
22833,20265.523598830001
22834,20266.399776591999
22835,20266.880356294001
22836,20267.127704819999
22837,20268.581815394002
22838,20269.661114107999
22839,20270.564325856001
22840,20271.072742785000
22841,20271.983153697001
22842,20272.319660517001
22843,20272.975449432000
22844,20274.081526438000
22845,20274.744017690999
22846,20275.696949047000
22847,20276.118094411999
22848,20276.993360369001
22849,20277.944008286999
22850,20279.161244971001
22851,20279.354643285998
22852,20280.061458674001
22853,20281.597813572000
22854,20282.003805492001
22855,20282.593752938999
22856,20283.141697466999
22857,20284.126428938998
22858,20284.401709614001
22859,20285.612216598001
22860,20286.427812564001
22861,20287.556849189001
22862,20288.270831342001
22863,20288.962640837999
22864,20289.632135483000
22865,20290.578491688000
22866,20290.803630852999
22867,20292.045155244999
22868,20292.595478906002
22869,20293.488754563001
22870,20294.288884809001
22871,20294.901369569001
22872,20295.445446252001
22873,20296.513061918999
22874,20297.867315646999
22875,20298.507576237000
22876,20298.990998728001
22877,20299.584710976000
22878,20300.635175212999
22879,20301.175424753001
22880,20301.895846545001
22881,20302.447737836999
22882,20303.442466706001
22883,20304.295143410000
22884,20305.580947159000
22885,20306.037381893999
22886,20306.671910431000
22887,20307.506323221001
22888,20308.316653482001
22889,20308.982697798001
22890,20310.035303944998
22891,20310.850820936001
22892,20311.110896459999
22893,20311.768371814000
22894,20312.701782133001
22895,20313.639992198001
22896,20314.455780935001
22897,20315.588872467000
22898,20316.220557707002
22899,20317.073649406000
22900,20317.970981179002
22901,20318.061775744001
22902,20318.894807552999
22903,20319.573178641000
22904,20320.960882706000
22905,20321.404692970002
22906,20322.048744594998
22907,20322.920650149001
22908,20324.147848076002
22909,20324.513523652000
22910,20325.388860048999
22911,20326.508138740999
22912,20326.813998801001
22913,20327.878514021999
22914,20328.515844228001
22915,20329.027130990999
22916,20330.056665190001
22917,20330.394034601999
22918,20331.085952049001
22919,20332.894139600001
22920,20333.320825932999
22921,20334.297762440001
22922,20334.670328806002
22923,20335.243474407998
22924,20336.359239713001
22925,20337.011918190001
22926,20337.911241885002
22927,20338.172207648000
22928,20339.528262774002
22929,20339.955000844999
22930,20340.809665436998
22931,20341.614277478999
22932,20342.513611675000
22933,20343.435686768000
22934,20344.345594431001
22935,20344.993929785000
22936,20345.746889988000
22937,20346.076744063001
22938,20346.985330938001
22939,20347.711227424999
22940,20348.330709171001
22941,20349.518529542001
22942,20350.516075730000
22943,20350.799065594001
22944,20352.361164749000
22945,20352.736967279001
22946,20353.146107314999
22947,20353.978744995999
22948,20354.870771913000
22949,20355.955384133002
22950,20356.591504959000
22951,20356.935780694999
22952,20357.970007193999
22953,20358.189479877001
22954,20359.667852209001
22955,20360.676616836001
22956,20361.226969667001
22957,20362.307602500001
22958,20362.615112890999
22959,20363.683761476001
22960,20363.963559049000
22961,20364.904788537999
22962,20365.554780678001
22963,20366.405548272000
22964,20367.222299411002
22965,20368.308133200000
22966,20369.082467314001
22967,20369.711080722998
22968,20370.277744478000
22969,20371.366572980001
22970,20372.276076467999
22971,20373.048168797999
22972,20373.312522461001
22973,20374.288999141001
22974,20374.970413507999
22975,20375.736479223000
22976,20376.455617143001
22977,20377.090004045000
22978,20378.709285672001
22979,20379.395339658000
22980,20379.962578010000
22981,20380.437640650001
22982,20381.423737928999
22983,20382.063154715001
22984,20382.454028470002
22985,20383.950737129999
22986,20384.350352986999
22987,20385.065264696001
22988,20385.778879256999
22989,20386.772602968998
22990,20387.679990729001
22991,20388.525623106001
22992,20389.136008328998
22993,20390.039015372000
22994,20390.725789675002
22995,20391.772729638000
22996,20392.129765941001
22997,20392.700233774001
22998,20393.136919559998
22999,20394.556303357000
23000,20395.317864502002
23001,20396.471746227999
23002,20396.980495987998
23003,20397.728894601001
23004,20398.521264159001
23005,20399.405561662999
23006,20399.617088546001
23007,20400.931961973001
23008,20401.457087269999
23009,20402.288979924000
23010,20402.975418186001
23011,20403.696372065999
23012,20404.482210347000
23013,20405.351744625001
23014,20406.416714276002
23015,20407.487197163999
23016,20408.011558966002
23017,20408.516690420998
23018,20409.033429703999
23019,20409.983584764999
23020,20410.891945022999
23021,20411.331760179000
23022,20412.269127080999
23023,20413.036999425000
23024,20414.387358361000
23025,20414.819642257000
23026,20415.703314917999
23027,20416.249185967001
23028,20416.857953859999
23029,20418.263292339001
23030,20418.686396560999
23031,20419.317407531998
23032,20420.127071559000
23033,20420.910310119001
23034,20421.246632751001
23035,20422.232174304001
23036,20423.843403208000
23037,20424.139558840001
23038,20424.927311289000
23039,20425.920706542001
23040,20426.541544909000
23041,20427.076070682000
23042,20427.832777956999
23043,20428.412413104001
23044,20429.349438961999
23045,20430.549821360000
23046,20431.090349480000
23047,20431.491055292001
23048,20432.736468587998
23049,20433.450514053999
23050,20434.520163771002
23051,20434.843354545999
23052,20435.988941394000
23053,20436.532544771999
23054,20437.286709803000
23055,20437.873058025001
23056,20438.726429369999
23057,20439.243611351001
23058,20440.082824330999
23059,20441.407787478001
23060,20442.362309438999
23061,20442.941707690999
23062,20443.642496438999
23063,20444.171021724000
23064,20444.739635285001
23065,20446.054713710000
23066,20446.503087829999
23067,20447.621365388000
23068,20447.794663036999
23069,20448.589483946998
23070,20449.964169809999
23071,20450.400069559000
23072,20451.120508865999
23073,20452.337616717999
23074,20453.239212516000
23075,20453.559681603001
23076,20454.659617353998
23077,20454.979763085001
23078,20455.572633364998
23079,20456.522048735998
23080,20457.203562760998
23081,20458.304000668999
23082,20459.083851472999
23083,20460.108543989001
23084,20460.666930159001
23085,20461.344198006998
23086,20462.294633852998
23087,20463.137353190999
23088,20463.299960042001
23089,20464.549895647000
23090,20465.517324004999
23091,20465.885534382000
23092,20466.526250671999
23093,20467.155308247999
23094,20468.222580844002
23095,20469.622351382000
23096,20470.324568626998
23097,20470.646062336000
23098,20471.507773609999
23099,20472.296609974001
23100,20473.089124899001
23101,20473.471857432000
23102,20474.342064109998
23103,20475.296132422001
23104,20476.042970851999
23105,20476.869148916001
23106,20477.894939942002
23107,20478.633489106000
23108,20479.142851314999
23109,20479.889736028999
23110,20481.070153253000
23111,20481.911339015001
23112,20482.243737077999
23113,20483.068721831001
23114,20483.446165759000
23115,20484.682135614999
23116,20485.030682827000
23117,20486.282837875999
23118,20487.076861466001
23119,20488.193794029001
23120,20488.848491604000
23121,20489.410846031002
23122,20490.038530136000
23123,20490.530228234999
23124,20491.613877787000
23125,20492.624499417001
23126,20492.979254744001
23127,20493.942619953999
23128,20494.851036059001
23129,20495.099319946999
23130,20496.679678992001
23131,20497.085685416001
23132,20498.068398429001
23133,20498.895295535000
23134,20499.442210852001
23135,20500.138639397999
23136,20501.069751953000
23137,20501.623218935001
23138,20502.181867515999
23139,20502.746467620000
23140,20504.439155470998
23141,20505.173237993000
23142,20505.830891492002
23143,20506.264185382999
23144,20507.432902176999
23145,20507.840703062000
23146,20508.749588835999
23147,20509.543301475998
23148,20510.381586535001
23149,20510.797599500002
23150,20512.042784162000
23151,20512.239924017002
23152,20513.150423870000
23153,20514.338977029998
23154,20515.055943386000
23155,20516.096994668002
23156,20516.809398054000
23157,20517.361295444000
23158,20517.933952459000
23159,20518.763790739999
23160,20519.105766060002
23161,20520.500016824000
23162,20521.196375812000
23163,20521.602412983000
23164,20522.855658057000
23165,20523.780333626000
23166,20524.607755764999
23167,20524.796314746000
23168,20525.787511991999
23169,20526.652466169999
23170,20527.619399045001
23171,20528.337073163999
23172,20528.705415275999
23173,20529.418243171000
23174,20530.155974847999
23175,20531.079296083000
23176,20532.155061422000
23177,20533.351972073000
23178,20533.818703174002
23179,20534.293617331001
23180,20535.177014932000
23181,20535.960964200000
23182,20536.787068024001
23183,20537.023105520999
23184,20538.127745730999
23185,20539.124503744999
23186,20539.647162134999
23187,20540.741835134999
23188,20541.357833847000
23189,20541.891064744999
23190,20543.208212046000
23191,20544.073705720999
23192,20544.495449216000
23193,20545.133778596999
23194,20546.055902583001
23195,20546.770640633000
23196,20547.233538492001
23197,20548.129552674000
23198,20548.779250660999
23199,20550.200887389001
23200,20550.923954989001
23201,20551.695401583002
23202,20552.481358613000
23203,20552.866301689999
23204,20553.582012168001
23205,20554.481232384001
23206,20555.371798687000
23207,20556.395486313999
23208,20556.692333079001
23209,20557.286170407999
23210,20558.190535356000
23211,20559.538523862000
23212,20559.916160123001
23213,20561.120333945000
23214,20561.411664891999
23215,20562.922661414999
23216,20563.155605004999
23217,20563.571540451001
23218,20564.450586890001
23219,20565.174778167999
23220,20565.894182118001
23221,20567.037558135999
23222,20567.933594481001
23223,20568.598562035000
23224,20569.444479901002
23225,20570.347510340001
23226,20570.630830688999
23227,20571.681791256000
23228,20572.636527105999
23229,20573.148404378000
23230,20573.739964118002
23231,20574.865287582001
23232,20575.293669950999
23233,20576.165055605001
23234,20576.542462950001
23235,20578.425076857999
23236,20578.890902744999
23237,20579.583662520999
23238,20580.381505795998
23239,20580.723278966001
23240,20581.559365020999
23241,20582.551116254999
23242,20583.149897353000
23243,20583.763525973001
23244,20584.824420819001
23245,20585.589232634000
23246,20586.580159599001
23247,20587.172564007000
23248,20588.059515539000
23249,20588.646475723999
23250,20589.607475752000
23251,20590.513736595000
23252,20591.155535081001
23253,20591.743240072999
23254,20592.440641067999
23255,20592.868412727999
23256,20593.892924964999
23257,20595.084914987001
23258,20595.886999955001
23259,20596.697909958999
23260,20597.378903261000
23261,20598.260631159999
23262,20598.868008103000
23263,20599.437786049999
23264,20599.918626744002
23265,20601.313056824001
23266,20601.951755765000
23267,20602.701887636998
23268,20603.052571487999
23269,20604.221687001002
23270,20605.120337065000
23271,20605.772618325998
23272,20607.129446497998
23273,20607.290629499999
23274,20608.369299876002
23275,20608.616816807000
23276,20609.833314267002
23277,20610.214880254000
23278,20610.813157592998
23279,20611.918583917999
23280,20612.491397139001
23281,20614.046318953999
23282,20614.820569665000
23283,20615.037475156001
23284,20615.603432796001
23285,20616.697142364999
23286,20617.477225658000
23287,20618.381230497002
23288,20618.937380891999
23289,20619.585313455002
23290,20620.394367845001
23291,20621.181477971000
23292,20621.862000834000
23293,20622.930477913000
23294,20623.742117087000
23295,20624.920492349000
23296,20625.391366063999
23297,20625.849146568002
23298,20626.994373271002
23299,20627.279398221999
23300,20627.876440950000
23301,20628.888179923000
23302,20629.911373872001
23303,20630.683604455000
23304,20631.300418364001
23305,20632.268496974000
23306,20633.112738257001
23307,20634.081071717999
23308,20634.275206756000
23309,20635.216330161998
23310,20636.312821535001
23311,20636.844106999000
23312,20637.587983400001
23313,20638.305572972000
23314,20638.657178584999
23315,20639.535576684000
23316,20641.149027858999
23317,20641.744098874002
23318,20642.372344141000
23319,20643.399929933999
23320,20643.675032732001
23321,20644.593722579000
23322,20645.106906999001
23323,20646.179978093001
23324,20646.904178567998
23325,20647.384528865001
23326,20648.456367996001
23327,20649.378914321998
23328,20649.953131145001
23329,20650.976365327999
23330,20651.355357372999
23331,20652.729069075998
23332,20653.441776975000
23333,20653.967557970002
23334,20654.677370309000
23335,20654.943035331999
23336,20656.262569875998
23337,20656.887085680999
23338,20657.282405030001
23339,20658.815884583000
23340,20659.571834825001
23341,20660.365871873000
23342,20661.125228254001
23343,20661.546700709001
23344,20662.331717018998
23345,20663.082630714998
23346,20664.051940619000
23347,20664.779822519002
23348,20665.759860695998
23349,20665.895787137000
23350,20666.832808206000
23351,20667.732119336000
23352,20668.924320201000
23353,20669.783613954001
23354,20670.282930849000
23355,20670.940543461998
23356,20671.948365409000
23357,20672.656054753999
23358,20673.100027101002
23359,20673.690591298000
23360,20674.467028696999
23361,20675.728966311999
23362,20676.572428356001
23363,20677.225418202001
23364,20678.252837521999
23365,20678.640944254999
23366,20679.454543061998
23367,20680.479393060999
23368,20681.079780682001
23369,20681.786541564001
23370,20682.757116762001
23371,20683.299441147999
23372,20683.673430186998
23373,20684.987908917999
23374,20685.418780464999
23375,20686.536276662999
23376,20687.729408127001
23377,20688.425509625999
23378,20688.945321751002
23379,20689.463997205999
23380,20690.145194676999
23381,20690.981998499999
23382,20691.843877325002
23383,20692.730768615002
23384,20693.427083515999
23385,20693.872857844999
23386,20695.340482683001
23387,20695.965196300000
23388,20696.534092966001
23389,20697.233381536000
23390,20698.584546337999
23391,20698.784871733998
23392,20699.896402277998
23393,20700.347684079999
23394,20701.111426363001
23395,20701.753686511998
23396,20702.240582345999
23397,20703.564143085001
23398,20704.834906103999
23399,20705.323247241002
23400,20705.829632816000
23401,20706.769595071000
23402,20707.587286244001
23403,20708.066816535000
23404,20708.922591212999
23405,20709.512010662002
23406,20710.580468049000
23407,20711.343852753998
23408,20712.071985456001
23409,20712.564935557999
23410,20713.502458594001
23411,20714.887588905000
23412,20715.185053386998
23413,20716.244382222001
23414,20716.950158275002
23415,20717.382981824001
23416,20718.209255501999
23417,20718.893774709999
23418,20719.606273598001
23419,20720.395327205999
23420,20721.254861820002
23421,20722.415496935999
23422,20723.250542166999
23423,20723.833002340001
23424,20724.739152337999
23425,20725.086521514000
23426,20725.687344734000
23427,20727.355849913001
23428,20727.768678830002
23429,20727.983558857999
23430,20728.941297162000
23431,20729.730146050999
23432,20730.484228828002
23433,20731.609921236999
23434,20732.367090897998
23435,20733.295586434000
23436,20734.020582114001
23437,20734.832186121999
23438,20735.331852099000
23439,20735.843164343001
23440,20736.816402341999
23441,20737.295504087000
23442,20738.603195609001
23443,20739.002904233999
23444,20740.319571649001
23445,20740.768493356001
23446,20741.461892170999
23447,20742.553456205002
23448,20743.155835570000
23449,20744.078626265000
23450,20744.643776813999
23451,20745.323239280999
23452,20746.328520620998
23453,20746.895876934999
23454,20747.591364720000
23455,20747.888291559000
23456,20749.392625971999
23457,20750.714143599998
23458,20751.035180121002
23459,20751.837119895001
23460,20752.196219601999
23461,20753.249091075999
23462,20753.977768317000
23463,20754.437959309002
23464,20755.541265110998
23465,20756.292070692001
23466,20756.943042850002
23467,20757.571956483000
23468,20758.973559896000
23469,20759.393672554001
23470,20760.035493511001
23471,20761.163441688001
23472,20761.968417101001
23473,20762.686884244002
23474,20763.311742619000
23475,20763.913685242002
23476,20764.387459370999
23477,20765.256363868000
23478,20766.439016544002
23479,20767.155897066001
23480,20767.984478128001
23481,20769.118149770999
23482,20769.641747614001
23483,20770.290997954999
23484,20770.820942805000
23485,20771.794722159000
23486,20772.453375992998
23487,20773.592540410002
23488,20773.978965851999
23489,20774.879334240999
23490,20775.268564696999
23491,20776.389783876999
23492,20777.183496252001
23493,20778.479667416999
23494,20779.060436520998
23495,20779.607583828001
23496,20780.301998119001
23497,20781.079806092999
23498,20781.776535039000
23499,20782.657880753999
23500,20783.037703488000
23501,20783.838142954999
23502,20785.336807184001
23503,20785.910895451001
23504,20786.645143935999
23505,20787.380682183000
23506,20787.906742861000
23507,20789.012719679002
23508,20789.792036762999
23509,20790.404144032000
23510,20791.402377413000
23511,20791.554383545001
23512,20792.591771789001
23513,20793.419736880001
23514,20793.839927231002
23515,20795.398123415998
23516,20796.098165088999
23517,20796.694043799002
23518,20797.704724973999
23519,20798.413173658999
23520,20798.779949890999
23521,20799.196821008001
23522,20800.392067346002
23523,20801.439001621002
23524,20801.860364363001
23525,20802.872509608002
23526,20803.265409676998
23527,20804.651241234002
23528,20805.242232835000
23529,20806.051414595000
23530,20806.587115371000
23531,20807.640925705000
23532,20808.502252512000
23533,20808.989791250999
23534,20809.590767243000
23535,20810.254486763999
23536,20811.101545422000
23537,20811.762708454000
23538,20813.380277552002
23539,20813.902710924998
23540,20814.593244176998
23541,20815.412892441000
23542,20815.718967229001
23543,20816.867088166000
23544,20817.452696307999
23545,20818.309709268000
23546,20819.047549063001
23547,20819.586197359000
23548,20820.819288573999
23549,20821.191054996001
23550,20822.215629199000
23551,20822.793342647001
23552,20824.091379253001
23553,20825.024227113001
23554,20825.400114892000
23555,20825.808318628999
23556,20826.880982111001
23557,20827.472444722000
23558,20828.104075200001
23559,20828.895249120000
23560,20829.993259046001
23561,20830.650493173998
23562,20831.888608682999
23563,20832.438012287999
23564,20833.040653011001
23565,20833.963246603998
23566,20834.333362693000
23567,20835.429602519998
23568,20836.175855993999
23569,20837.216185084999
23570,20837.538172567001
23571,20838.101632375001
23572,20838.738836888999
23573,20840.257440812002
23574,20841.034189262999
23575,20841.664128577999
23576,20842.671195177001
23577,20843.178200928000
23578,20843.899926712002
23579,20844.794993167001
23580,20845.238496496000
23581,20845.660108877000
23582,20847.192784925999
23583,20847.601893714000
23584,20848.558365609999
23585,20849.487082969001
23586,20850.164745589002
23587,20850.849719112000
23588,20851.654635358002
23589,20852.619243526999
23590,20853.560581127000
23591,20853.830484163998
23592,20854.462417589999
23593,20855.580184391001
23594,20856.042360502001
23595,20856.827930152998
23596,20857.533058748999
23597,20858.978220946999
23598,20859.866365202000
23599,20860.448178110000
23600,20860.837287047001
23601,20861.701883554000
23602,20862.200875776001
23603,20863.287603043998
23604,20864.142322217998
23605,20864.668121672999
23606,20865.408307868998
23607,20866.291443578000
23608,20867.212067159999
23609,20867.823863204001
23610,20868.991731925002
23611,20869.526035286999
23612,20870.279990013001
23613,20871.417540890001
23614,20871.728832667999
23615,20872.665958506001
23616,20872.920522179000
23617,20873.836990681000
23618,20874.495874625001
23619,20875.893069215999
23620,20876.834813830999
23621,20877.210113300000
23622,20877.942930285000
23623,20879.273031330002
23624,20879.427025780999
23625,20880.058315974002
23626,20881.067249740001
23627,20881.885859704002
23628,20882.795685308000
23629,20883.210515130999
23630,20883.973270557999
23631,20884.762461225000
23632,20885.631397898000
23633,20886.941028673999
23634,20887.513670404001
23635,20888.280002054002
23636,20888.917842586001
23637,20889.746471655999
23638,20889.946112631998
23639,20891.100907475000
23640,20891.839610013001
23641,20892.481787716999
23642,20893.352099922002
23643,20894.380486702001
23644,20895.540549788999
23645,20895.961286231999
23646,20896.279215478000
23647,20897.248951193000
23648,20898.469270287002
23649,20899.037278950000
23650,20899.692034292999
23651,20900.344984742002
23652,20901.011677036000
23653,20901.679342742002
23654,20902.674721488998
23655,20903.512126357000
23656,20904.739407513000
23657,20905.324844082999
23658,20906.089166426998
23659,20906.722335885999
23660,20907.407683115001
23661,20908.075064874000
23662,20908.873942957998
23663,20909.349326570999
23664,20910.941635820000
23665,20911.177172149000
23666,20911.851628683999
23667,20912.823678223001
23668,20913.871959073000
23669,20914.359580773998
23670,20915.600774768998
23671,20915.998761211002
23672,20916.562123129999
23673,20917.692255401002
23674,20918.330625658000
23675,20918.825243068000
23676,20919.407191247999
23677,20920.201802246000
23678,20921.757953118999
23679,20922.288811581999
23680,20923.377822572002
23681,20923.720603654001
23682,20924.419371747001
23683,20925.193974644000
23684,20925.872687323001
23685,20926.980809597000
23686,20927.522000448000
23687,20928.268754397999
23688,20928.871439126000
23689,20929.758366741000
23690,20930.803899423001
23691,20931.460085065999
23692,20932.181522432998
23693,20933.357510248999
23694,20934.126394816001
23695,20934.654789593002
23696,20935.287506694000
23697,20935.690873576001
23698,20936.649606792002
23699,20937.556827932000
23700,20938.292157321001
23701,20939.112297481999
23702,20940.438295446002
23703,20940.672608258999
23704,20941.766285169000
23705,20942.275573285999
23706,20943.058076731999
23707,20943.712626791999
23708,20944.801550035001
23709,20945.534670899000
23710,20945.888507418000
23711,20946.936265455999
23712,20947.626628096001
23713,20947.803107653999
23714,20949.722680413000
23715,20950.391324108001
23716,20951.142517788001
23717,20951.394647487999
23718,20952.439773244001
23719,20953.255310344000
23720,20953.857265842002
23721,20954.252442751000
23722,20955.429576606999
23723,20956.007661475000
23724,20957.122371092999
23725,20958.180836760999
23726,20958.264116221999
23727,20959.426560356998
23728,20960.189399780000
23729,20960.943890406001
23730,20961.845711720001
23731,20962.673612752998
23732,20963.099336748000
23733,20963.719067025999
23734,20964.577216685000
23735,20965.226223397000
23736,20966.189499111999
23737,20967.214521771999
23738,20968.026770135999
23739,20969.225602767001
23740,20969.419868901001
23741,20970.146395508000
23742,20970.876231726001
23743,20971.325673669999
23744,20972.611119405999
23745,20973.420512673001
23746,20974.035068048001
23747,20974.397236188001
23748,20975.522174606998
23749,20976.516223174000
23750,20977.331159631001
23751,20977.830273389001
23752,20979.121592623000
23753,20979.548852331001
23754,20980.253741426000
23755,20980.964364854000
23756,20981.868807371000
23757,20982.236909366002
23758,20982.811772254001
23759,20984.069554711001
23760,20985.220756137998
23761,20985.949852492002
23762,20986.517071474002
23763,20987.336811032001
23764,20987.719681518000
23765,20989.085118791001
23766,20989.533572985001
23767,20990.107798098001
23768,20991.011528556999
23769,20991.942092640998
23770,20992.594841840000
23771,20992.992383098001
23772,20994.085589238999
23773,20995.041821948002
23774,20996.302941799000
23775,20996.592091708000
23776,20997.485450849999
23777,20998.035819600998
23778,20998.630311393001
23779,20999.512715928999
23780,21000.100676071001
23781,21001.009721883001
23782,21002.073619786999
23783,21002.474312687002
23784,21003.623782492999
23785,21004.577148699002
23786,21005.172425883000
23787,21005.644016384002
23788,21006.428746860998
23789,21007.644295982998
23790,21008.232799281999
23791,21009.035916420002
23792,21009.476969259002
23793,21009.862150677000
23794,21011.099192008998
23795,21011.849713128999
23796,21013.261822963999
23797,21013.681071985000
23798,21014.351977475999
23799,21015.550097853000
23800,21015.716798435002
23801,21016.515427142000
23802,21017.131966228000
23803,21018.228525505001
23804,21018.768870237000
23805,21019.721017333999
23806,21020.485031957000
23807,21021.411783688000
23808,21021.937153729999
23809,21022.748578939001
23810,21024.135998746999
23811,21024.430941193001
23812,21025.210603512001
23813,21026.026610312001
23814,21026.468633535002
23815,21027.380938997001
23816,21028.228098361000
23817,21028.608252350001
23818,21029.456223280999
23819,21031.240978471000
23820,21031.611816757999
23821,21032.076523394000
23822,21033.030739055001
23823,21033.607303074001
23824,21034.271060872001
23825,21035.218430066001
23826,21036.157675695002
23827,21036.640216451000
23828,21037.612835950000
23829,21037.832708309001
23830,21039.050997137001
23831,21039.917993030002
23832,21040.846318495001
23833,21041.555375912001
23834,21042.304397696000
23835,21043.253043707999
23836,21043.864270458998
23837,21044.365494076999
23838,21045.036758467999
23839,21045.531794890001
23840,21046.855282564000
23841,21047.775248187001
23842,21048.286676389002
23843,21049.327305342998
23844,21050.141485192999
23845,21050.770703643000
23846,21051.474553908000
23847,21052.157927616001
23848,21053.198520957001
23849,21053.778231863998
23850,21054.508985783999
23851,21055.380358778999
23852,21055.843289114000
23853,21056.461444187000
23854,21057.710454423999
23855,21058.662279184002
23856,21059.725048959001
23857,21060.296752916001
23858,21060.747429007999
23859,21061.155486690001
23860,21062.485187424001
23861,21062.893469326002
23862,21063.755904399000
23863,21064.401946497001
23864,21065.338840565000
23865,21066.216869790998
23866,21067.317895319000
23867,21067.673579060000
23868,21068.393211301001
23869,21069.312846158999
23870,21070.401767603002
23871,21071.156360096000
23872,21071.321104692001
23873,21072.286782513998
23874,21073.118211977999
23875,21073.515816330000
23876,21074.310976516001
23877,21075.810836525001
23878,21076.302483407999
23879,21077.353387045001
23880,21077.881463009999
23881,21078.764940575998
23882,21079.309594636001
23883,21080.084389743999
23884,21080.413714787999
23885,21081.855261553999
23886,21082.555015272999
23887,21083.014017778001
23888,21083.868870115999
23889,21084.450170898999
23890,21085.784451052001
23891,21086.546608717999
23892,21087.178734105000
23893,21088.016788366000
23894,21088.665055951999
23895,21089.634932726000
23896,21090.004736334002
23897,21090.600614474999
23898,21091.597341571000
23899,21092.118678923998
23900,21093.302674623999
23901,21094.498862155000
23902,21094.995783328999
23903,21095.762999932998
23904,21096.143043309999
23905,21097.225529156000
23906,21097.778808570001
23907,21099.052769549999
23908,21099.437499701002
23909,21099.964052126001
23910,21100.728101158002
23911,21101.830392178999
23912,21102.483075153999
23913,21103.054697209998
23914,21104.486865653998
23915,21105.231875739999
23916,21105.834227987001
23917,21106.579810320000
23918,21107.042940419000
23919,21107.859789579001
23920,21108.359245350999
23921,21109.665294185001
23922,21109.998009834999
23923,21111.109516345001
23924,21111.907662656999
23925,21112.722738953998
23926,21113.535725156002
23927,21114.240640917000
23928,21114.941401831999
23929,21115.886061116002
23930,21116.300139192001
23931,21117.659777691999
23932,21117.989246562000
23933,21118.442606121000
23934,21119.288799242000
23935,21119.875413004000
23936,21121.649954760000
23937,21122.100816389000
23938,21122.949366451001
23939,21123.355850028998
23940,21124.591680869999
23941,21124.746205206000
23942,21125.721463401998
23943,21126.393188127000
23944,21127.091613094999
23945,21128.209197863001
23946,21128.841327067999
23947,21129.409387533000
23948,21130.599178961002
23949,21131.336854075002
23950,21131.722946981001
23951,21133.091624204000
23952,21133.907975204002
23953,21134.287650987000
23954,21134.865970970000
23955,21135.717710744000
23956,21136.325541662001
23957,21137.284822440000
23958,21137.852569868999
23959,21138.983196566998
23960,21139.927707180999
23961,21140.891892386000
23962,21141.488829885999
23963,21142.111158533000
23964,21142.234084978001
23965,21143.701132349001
23966,21144.433007485000
23967,21145.052539341999
23968,21145.889923524999
23969,21146.514232194000
23970,21147.074572513000
23971,21148.200736844999
23972,21149.108493152999
23973,21150.044336267001
23974,21150.702328414998
23975,21151.504680488000
23976,21152.029046706000
23977,21153.026333710000
23978,21153.412185101999
23979,21154.340660794998
23980,21154.530029271002
23981,21155.963201228002
23982,21156.947780258000
23983,21157.731801898000
23984,21158.218958998001
23985,21158.998114424001
23986,21160.114269275000
23987,21160.510021282000
23988,21161.414760658001
23989,21162.134791298999
23990,21162.965871485001
23991,21163.569626813998
23992,21164.344812972999
23993,21164.932795821001
23994,21165.707765433999
23995,21166.926643105999
23996,21168.078920282998
23997,21168.468450762000
23998,21169.236475779999
23999,21169.994548250001
24000,21170.493280546001
24001,21171.076798858001
24002,21172.089195902001
24003,21173.166035475999
24004,21173.748087501001
24005,21173.933818987000
24006,21175.713325280001
24007,21176.082294144999
24008,21176.844200724001
24009,21177.702408786001
24010,21178.265655080999
24011,21179.523369450999
24012,21180.164759880001
24013,21180.602358423999
24014,21181.221146042000
24015,21181.943429183000
24016,21182.745148473001
24017,21183.656580772000
24018,21184.776169540000
24019,21185.734302802000
24020,21186.344525441000
24021,21186.789532687999
24022,21187.765012032000
24023,21188.532120059001
24024,21188.945844474001
24025,21189.847355094000
24026,21190.830673848999
24027,21191.397679055000
24028,21192.457786158000
24029,21192.783298733000
24030,21193.674343388000
24031,21194.699079331000
24032,21195.941894256001
24033,21196.253848943001
24034,21197.048171872000
24035,21197.706919412001
24036,21198.316461255999
24037,21199.495379434000
24038,21199.727762023002
24039,21200.253770517000
24040,21201.584270339001
24041,21202.481259890999
24042,21203.465382472001
24043,21204.042160630001
24044,21204.871511787002
24045,21205.279331975002
24046,21206.060423988001
24047,21207.178896587000
24048,21207.923156343000
24049,21208.479236120002
24050,21209.234394351999
24051,21209.773590190001
24052,21210.538136142000
24053,21211.778644353999
24054,21212.669682000000
24055,21213.087249685999
24056,21214.432230630999
24057,21214.946503865998
24058,21215.585775693002
24059,21216.083868638001
24060,21216.715059711001
24061,21217.680970681002
24062,21218.452442794998
24063,21219.518263743001
24064,21220.047030026999
24065,21220.882041192999
24066,21222.002343542001
24067,21222.533162905998
24068,21223.092913009001
24069,21224.310034721999
24070,21224.801180848001
24071,21225.591440953001
24072,21226.255310158002
24073,21227.071497835001
24074,21227.815899517002
24075,21228.166620474000
24076,21229.074612952001
24077,21230.801147568000
24078,21231.314509643998
24079,21231.859927624999
24080,21232.480730485000
24081,21233.249850034001
24082,21233.995812861998
24083,21234.864172070000
24084,21235.448739730000
24085,21236.304087061999
24086,21236.986019606000
24087,21238.029330090001
24088,21238.569446713998
24089,21239.765380313998
24090,21239.969827477002
24091,21241.310787734001
24092,21242.072178129001
24093,21242.539914425000
24094,21243.642189242000
24095,21244.136785562001
24096,21244.422898100998
24097,21245.269907612001
24098,21246.471292880000
24099,21246.970957893001
24100,21248.439301771999
24101,21248.661037836999
24102,21249.900465852999
24103,21250.365254453001
24104,21251.276856183002
24105,21251.519673287999
24106,21252.382881498001
24107,21253.694302492000
24108,21254.279837014001
24109,21254.813203131998
24110,21255.267354906999
24111,21256.359594098001
24112,21257.256309994998
24113,21258.219239992999
24114,21259.171750231999
24115,21259.806962711002
24116,21260.291334214999
24117,21261.238348882998
24118,21261.921061949000
24119,21262.337683108999
24120,21263.315413649001
24121,21263.946970845001
24122,21264.837961009001
24123,21266.064016595999
24124,21266.846305986001
24125,21267.346443585000
24126,21267.937730793001
24127,21268.802547203999
24128,21269.965045837998
24129,21270.482072729999
24130,21271.198543510000
24131,21271.683883817001
24132,21272.702454735001
24133,21273.395564050999
24134,21273.903117893002
24135,21274.868821827000
24136,21276.251130151999
24137,21276.728841369000
24138,21277.839758237998
24139,21278.195321079998
24140,21278.675979981999
24141,21279.705925646998
24142,21280.163116868000
24143,21281.052274210000
24144,21282.166741091001
24145,21282.654650244000
24146,21283.470840417998
24147,21284.145625143999
24148,21285.418902291000
24149,21286.115819514998
24150,21286.468041248001
24151,21287.450378621001
24152,21288.508315003000
24153,21289.004284866998
24154,21289.644678688001
24155,21290.516874451001
24156,21290.812333295999
24157,21291.510221848999
24158,21293.210221401001
24159,21293.726298309000
24160,21294.537148653999
24161,21295.457781099001
24162,21295.849968037001
24163,21296.762598279998
24164,21297.243073375001
24165,21298.256261573999
24166,21299.013967128001
24167,21299.628496509002
24168,21300.502225147000
24169,21301.182664148000
24170,21302.222835788001
24171,21302.579935199999
24172,21303.819204501000
24173,21304.641708497998
24174,21305.748304943001
24175,21306.017681671001
24176,21306.497373532999
24177,21307.279066906001
24178,21308.368429774000
24179,21308.681271994999
24180,21309.753150404002
24181,21310.317364588998
24182,21311.649196828999
24183,21312.678218865000
24184,21312.854320801001
24185,21313.613154200000
24186,21314.552962680002
24187,21315.073495977998
24188,21316.129090126000
24189,21316.940531171000
24190,21317.558586329000
24191,21318.115802492001
24192,21318.768195199002
24193,21319.621217417000
24194,21320.702910827000
24195,21321.863258640002
24196,21322.462875524001
24197,21322.878618390001
24198,21323.881417002001
24199,21324.943978943000
24200,21324.995623236999
24201,21325.683596747000
24202,21326.461178000998
24203,21327.802513431001
24204,21328.346131359001
24205,21329.060502578999
24206,21330.233847153999
24207,21330.494362016001
24208,21331.654577320998
24209,21332.318287924001
24210,21333.180994196999
24211,21333.755990000001
24212,21334.723159787001
24213,21335.223524604000
24214,21335.914144221999
24215,21336.573745469999
24216,21337.496418368999
24217,21338.193913171999
24218,21339.674206509000
24219,21340.343848347002
24220,21340.895878217001
24221,21341.603632114002
24222,21342.074308103001
24223,21342.793881845999
24224,21344.018524480001
24225,21344.598374669000
24226,21345.187576349999
24227,21346.049293397002
24228,21346.698474389999
24229,21347.975576573001
24230,21348.500867166000
24231,21349.115096934998
24232,21350.223203542999
24233,21351.176124483001
24234,21351.617720393999
24235,21352.311832349002
24236,21353.089935343000
24237,21353.502187833001
24238,21354.522856291998
24239,21354.948118790999
24240,21356.540171195000
24241,21357.218277591001
24242,21357.712808633001
24243,21358.708223983002
24244,21359.456823576998
24245,21360.017644834999
24246,21360.683914229001
24247,21361.768057775000
24248,21362.088760808001
24249,21363.347332911999
24250,21363.998530867000
24251,21364.380444609000
24252,21364.968753771002
24253,21366.472790322001
24254,21367.306160165001
24255,21368.145818942001
24256,21368.556520285001
24257,21369.498720471001
24258,21370.090274729999
24259,21370.642119420001
24260,21371.629852126000
24261,21372.094715989999
24262,21373.039164139002
24263,21373.950249899000
24264,21374.907386791001
24265,21375.708090253000
24266,21376.521513627999
24267,21377.041659920000
24268,21377.515507519001
24269,21378.946894419001
24270,21379.524281987000
24271,21380.315711741001
24272,21380.652863004001
24273,21381.304144066002
24274,21382.416850869999
24275,21382.974836521000
24276,21384.089656005999
24277,21384.946676700001
24278,21385.978437012000
24279,21386.588463003001
24280,21387.079587627999
24281,21387.845920678999
24282,21388.543596550000
24283,21389.009971658001
24284,21390.412024951002
24285,21390.804359185000
24286,21391.682737798001
24287,21392.404707205002
24288,21393.502307408002
24289,21393.852749715999
24290,21395.085186159002
24291,21395.871297119000
24292,21396.410324310000
24293,21397.079042509999
24294,21398.030108657000
24295,21398.795160775000
24296,21399.210626516000
24297,21399.873161723001
24298,21400.552917689001
24299,21402.014745942000
24300,21403.046572411000
24301,21403.602229212000
24302,21403.981563484998
24303,21404.793324168000
24304,21405.789760903001
24305,21406.474678400999
24306,21406.834468038000
24307,21408.245812854999
24308,21408.640059486999
24309,21409.140709051000
24310,21410.333963475001
24311,21410.874581262000
24312,21411.974030814999
24313,21412.594263479001
24314,21413.677096935000
24315,21414.469876517000
24316,21415.040461215998
24317,21415.619609101999
24318,21416.235415699000
24319,21416.879634592999
24320,21417.826316005001
24321,21418.918334571001
24322,21419.336092445999
24323,21420.392532230999
24324,21421.534507634999
24325,21421.956629503002
24326,21422.749545611001
24327,21423.134814599998
24328,21424.176399127002
24329,21425.195037402998
24330,21425.805443396999
24331,21426.335266300001
24332,21427.117777766998
24333,21427.855488982001
24334,21428.371021204999
24335,21429.880072563999
24336,21430.745223032001
24337,21431.267865416001
24338,21432.148163653001
24339,21432.652837443002
24340,21433.321533612001
24341,21434.267871210999
24342,21434.921533088000
24343,21435.355400449000
24344,21436.377889330000
24345,21437.549210435001
24346,21438.220931119002
24347,21438.752140391000
24348,21439.685597346001
24349,21440.425395250000
24350,21441.337029456001
24351,21442.202022969999
24352,21442.903352136000
24353,21443.179975825999
24354,21444.312300498001
24355,21444.818646150001
24356,21445.623014970999
24357,21446.142018293001
24358,21447.564249479001
24359,21448.595760926000
24360,21448.877177841001
24361,21450.076895407001
24362,21450.577367043999
24363,21450.914581077999
24364,21451.704621519999
24365,21452.759734981999
24366,21453.775053541998
24367,21454.132309035002
24368,21455.054293075002
24369,21455.377511691000
24370,21456.896095840999
24371,21457.533810905999
24372,21458.135258181999
24373,21459.163758128001
24374,21459.788044621000
24375,21460.782199541001
24376,21461.285429018000
24377,21461.863524010001
24378,21462.381700242000
24379,21463.298772953000
24380,21464.234388833000
24381,21465.180188851002
24382,21466.409260091001
24383,21466.700988674002
24384,21467.406704515000
24385,21468.287781570001
24386,21468.895733424000
24387,21469.893653292002
24388,21470.510447969998
24389,21471.087260707001
24390,21472.299297402002
24391,21472.513923582999
24392,21473.452791730000
24393,21474.350028944998
24394,21474.852688924999
24395,21476.640691346998
24396,21477.047535324000
24397,21477.388362836999
24398,21478.236627763999
24399,21478.904693557000
24400,21479.932797201000
24401,21480.090450700001
24402,21481.270461798998
24403,21481.954438297002
24404,21482.814168895999
24405,21483.843173073001
24406,21484.642355045999
24407,21485.339847623000
24408,21485.789510947001
24409,21486.903129694001
24410,21487.404822626999
24411,21488.706516114999
24412,21488.924444200999
24413,21489.880077523001
24414,21490.267217215998
24415,21490.811671384999
24416,21492.148951045001
24417,21493.188259507999
24418,21493.878915718000
24419,21494.608258381999
24420,21495.411921126000
24421,21496.271769817999
24422,21496.681279330001
24423,21497.215353881002
24424,21498.130387191999
24425,21499.066464775002
24426,21500.017084001000
24427,21500.439244192999
24428,21501.339166484999
24429,21502.210393059999
24430,21503.011391024000
24431,21503.891025120000
24432,21504.570333853000
24433,21505.790185475998
24434,21505.907630821999
24435,21506.629846360000
24436,21507.421563839001
24437,21508.510576224999
24438,21508.742708917998
24439,21509.390618955000
24440,21510.946456362999
24441,21511.838040294999
24442,21512.520546494001
24443,21513.100524123001
24444,21513.544675236000
24445,21514.411821759000
24446,21515.331549760998
24447,21516.289611562999
24448,21516.807994052000
24449,21517.259929031999
24450,21518.419977471000
24451,21519.045587450000
24452,21519.725553930999
24453,21520.941495784002
24454,21521.639818619999
24455,21522.394966036001
24456,21523.316268827999
24457,21524.039370096001
24458,21524.319231858000
24459,21525.326117142002
24460,21525.688998142999
24461,21526.561779242998
24462,21527.768506240998
24463,21528.582511082001
24464,21529.174019560000
24465,21530.118403187000
24466,21530.911856555998
24467,21531.607915707998
24468,21532.461579096998
24469,21532.690339847999
24470,21534.051648830002
24471,21534.690851734002
24472,21535.363717684999
24473,21535.881166186999
24474,21536.574384370000
24475,21537.420819460000
24476,21538.799085234001
24477,21539.505220545001
24478,21540.327951945001
24479,21541.022850490001
24480,21541.277900206998
24481,21542.449509628001
24482,21542.868647112999
24483,21543.677909900001
24484,21544.612238157999
24485,21545.350732596002
24486,21545.883139930000
24487,21547.423566294001
24488,21547.743281391002
24489,21548.567550912001
24490,21548.932062209002
24491,21550.585443362001
24492,21550.890605976001
24493,21551.629534939999
24494,21552.316877641999
24495,21553.000530792000
24496,21553.501371292001
24497,21554.659528772001
24498,21555.101722900999
24499,21556.371357575001
24500,21557.315935563998
24501,21558.193620245998
24502,21558.487959311002
24503,21559.281036498000
24504,21560.193275833000
24505,21560.514428175000
24506,21561.511491000001
24507,21562.454184703001
24508,21563.308607840001
24509,21563.782559562002
24510,21564.331812347998
24511,21565.502513885000
24512,21566.445536929001
24513,21567.247916611999
24514,21568.072167171998
24515,21568.480032889001
24516,21569.412867520001
24517,21570.311938391002
24518,21570.806177691000
24519,21571.214055975001
24520,21572.059252583000
24521,21573.032189476002
24522,21574.403466706000
24523,21574.922807776999
24524,21575.468242309998
24525,21576.657784461000
24526,21576.906983320001
24527,21577.623512044000
24528,21578.839071745999
24529,21579.400352673001
24530,21580.113367937000
24531,21580.696637481000
24532,21581.563847148002
24533,21582.295597410000
24534,21583.107177771999
24535,21584.053536112999
24536,21584.994213877999
24537,21585.980880270999
24538,21586.519515036001
24539,21587.213738988001
24540,21587.643608741000
24541,21588.162899044000
24542,21589.575759865002
24543,21589.985408683999
24544,21590.741173721999
24545,21591.720679258000
24546,21592.645312936998
24547,21593.385563754000
24548,21594.239887799002
24549,21594.777911566001
24550,21595.431348999002
24551,21596.700349653001
24552,21597.115711122002
24553,21597.873084063998
24554,21598.634526407001
24555,21599.251229993999
24556,21599.750490946000
24557,21600.669735660002
24558,21602.405219982000
24559,21602.695109594999
24560,21603.398783771001
24561,21604.023384851000
24562,21605.037913382999
24563,21605.573813763000
24564,21606.279408815000
24565,21606.878096110999
24566,21607.775551956001
24567,21608.941670054999
24568,21609.226528145999
24569,21610.307072045001
24570,21610.878913003999
24571,21611.846302681999
24572,21612.703236336001
24573,21613.691905849999
24574,21614.101303689000
24575,21615.021551499001
24576,21615.521801360999
24577,21616.253140991001
24578,21616.989486487000
24579,21617.565595412001
24580,21618.823491363000
24581,21619.327246991001
24582,21620.707085259000
24583,21621.446410250999
24584,21621.856807977001
24585,21622.446343181000
24586,21623.206516024002
24587,21624.013890335002
24588,21625.088064774998
24589,21625.845936377998
24590,21626.311916668001
24591,21626.731170616000
24592,21627.841978731001
24593,21629.048376088002
24594,21629.346901998000
24595,21630.586024569999
24596,21631.291056817001
24597,21632.091231896000
24598,21632.625185421999
24599,21633.262548865001
24600,21634.277693181000
24601,21634.439005245000
24602,21635.316999832001
24603,21636.699869769000
24604,21637.137226543000
24605,21638.375890552001
24606,21638.934075678000
24607,21639.299410600001
24608,21640.553460817999
24609,21641.177328646001
24610,21641.943139956002
24611,21642.544373371002
24612,21643.397070370000
24613,21644.169368674000
24614,21644.977212130001
24615,21645.323950149999
24616,21646.063622483998
24617,21647.736392826999
24618,21648.307042977998
24619,21649.145299244999
24620,21649.588258175001
24621,21650.419467642001
24622,21650.942926126001
24623,21651.787388260000
24624,21652.507175459999
24625,21653.452031393001
24626,21654.078745031999
24627,21654.889404198999
24628,21655.772067651000
24629,21656.760213853999
24630,21657.414144258000
24631,21658.027398721999
24632,21658.776298115001
24633,21659.932298747000
24634,21660.807388041001
24635,21661.107722434001
24636,21661.355851394001
24637,21662.624019974999
24638,21663.041222634001
24639,21664.208020891001
24640,21665.252883018002
24641,21666.053843840000
24642,21666.590160807998
24643,21667.754447707001
24644,21668.106027717000
24645,21668.598495517999
24646,21669.451856844000
24647,21670.531215526000
24648,21671.125091823000
24649,21671.835979726999
24650,21672.755464182999
24651,21673.309814262000
24652,21674.111334955000
24653,21675.143292731002
24654,21676.141815211002
24655,21676.973797444000
24656,21677.345564984000
24657,21678.012445762000
24658,21678.949578701999
24659,21679.554645459000
24660,21680.251208821999
24661,21681.004387006000
24662,21681.525087218000
24663,21683.292940652002
24664,21683.625303860001
24665,21684.611204223998
24666,21684.912425227001
24667,21685.796679464998
24668,21686.587303065000
24669,21687.611759109001
24670,21688.036395951000
24671,21689.039320264001
24672,21689.523650626001
24673,21690.310741304002
24674,21690.814197383999
24675,21692.206749261000
24676,21692.711658943001
24677,21693.892128004001
24678,21694.547413762000
24679,21695.276660735999
24680,21695.953854240001
24681,21696.703430925001
24682,21697.066077249001
24683,21697.698263146001
24684,21699.150551268001
24685,21699.719355696001
24686,21700.369289593000
24687,21701.163444362999
24688,21702.376173110999
24689,21703.068781292000
24690,21703.307029657000
24691,21704.479505870000
24692,21705.344079790000
24693,21705.733510537000
24694,21707.011454374999
24695,21707.201766004000
24696,21707.870393018999
24697,21708.629393969000
24698,21709.539514715001
24699,21710.773375334000
24700,21711.823617447000
24701,21712.207894797000
24702,21712.971907380001
24703,21713.328763271998
24704,21714.383585412001
24705,21715.197597610000
24706,21715.731264819999
24707,21716.674317059998
24708,21717.174869672999
24709,21718.323100419999
24710,21718.997628976002
24711,21719.845201222000
24712,21720.382296152999
24713,21721.462273967001
24714,21722.482367125001
24715,21723.054623693999
24716,21723.594665573000
24717,21724.304794229000
24718,21724.963580758002
24719,21725.809043214002
24720,21726.363764256999
24721,21727.310507351001
24722,21728.611672938001
24723,21729.107015009002
24724,21729.994414476001
24725,21730.770127758002
24726,21731.423222571000
24727,21731.987187606999
24728,21732.548810658998
24729,21733.903705461998
24730,21734.535718847001
24731,21735.066252416000
24732,21735.764914051000
24733,21736.389546779999
24734,21737.373147103001
24735,21738.816175832999
24736,21739.232179128001
24737,21739.686991202001
24738,21740.953886220999
24739,21741.523379714999
24740,21741.918935426002
24741,21742.871358418000
24742,21743.258266686000
24743,21744.279662797999
24744,21745.106196666002
24745,21746.115371884000
24746,21747.032897038000
24747,21747.669145342999
24748,21748.181110303001
24749,21749.148791593001
24750,21749.811451431000
24751,21750.911217966001
24752,21751.423475705000
24753,21752.158969551001
24754,21752.497211004000
24755,21753.749297449998
24756,21754.359217251000
24757,21754.788965419000
24758,21756.162723684000
24759,21757.222163212999
24760,21758.028211509001
24761,21758.269808333000
24762,21759.159281208998
24763,21759.529061820002
24764,21760.636150405000
24765,21761.226850617000
24766,21762.118856878002
24767,21763.165190620999
24768,21763.285727743001
24769,21764.555350273000
24770,21765.639893849999
24771,21765.779932025001
24772,21767.130357563001
24773,21767.478961092998
24774,21768.580654396999
24775,21769.110974857002
24776,21770.028624425999
24777,21770.646864817001
24778,21771.115447144999
24779,21771.518691310001
24780,21773.048352295002
24781,21774.173629255001
24782,21774.548883734002
24783,21775.527842488002
24784,21776.084693535999
24785,21776.874382442998
24786,21777.698901837000
24787,21778.137396745999
24788,21778.995566201000
24789,21779.917551070001
24790,21780.918740162000
24791,21781.150730666999
24792,21781.909528026001
24793,21783.278370234999
24794,21783.540066264999
24795,21784.770531763999
24796,21785.878451913999
24797,21786.066960065000
24798,21786.824330389001
24799,21787.528103185999
24800,21788.135623460999
24801,21789.085278768001
24802,21789.686367539001
24803,21790.556825262000
24804,21791.393735624999
24805,21792.770209976999
24806,21793.171223586000
24807,21793.881600691999
24808,21794.430889519001
24809,21795.070207006000
24810,21796.450570137000
24811,21797.014280328000
24812,21797.437498091000
24813,21798.384880982001
24814,21798.872152231001
24815,21799.716127199001
24816,21800.603555582999
24817,21801.674794772000
24818,21802.676777248002
24819,21803.178751779000
24820,21803.798580506998
24821,21804.887360564000
24822,21805.305498622001
24823,21805.751655428001
24824,21806.672142519001
24825,21807.486651726002
24826,21808.388686659000
24827,21809.533561315999
24828,21809.848976459001
24829,21810.594703027000
24830,21811.730860389998
24831,21812.476560269999
24832,21813.077706401000
24833,21813.862537321002
24834,21814.663255029001
24835,21815.397433506001
24836,21816.109621309999
24837,21816.607007260001
24838,21817.459136292000
24839,21818.009542716001
24840,21819.633491409000
24841,21820.372289955001
24842,21820.888126484999
24843,21821.631862116999
24844,21822.395103139999
24845,21822.904622418999
24846,21823.528142555999
24847,21824.907957070001
24848,21825.314790531000
24849,21825.914870228000
24850,21826.700259507001
24851,21827.751430446999
24852,21828.641267219002
24853,21829.265214177001
24854,21829.885065901999
24855,21831.144139287000
24856,21831.772183917001
24857,21832.565848491999
24858,21832.899344238002
24859,21833.577785525002
24860,21834.369445175998
24861,21835.177180266001
24862,21836.094304336999
24863,21837.046675285001
24864,21837.976292627001
24865,21838.726363112000
24866,21839.357190651001
24867,21839.954959829000
24868,21840.788302104000
24869,21841.646393489002
24870,21842.087059279002
24871,21843.289261106998
24872,21843.864002986000
24873,21844.510913417998
24874,21845.147498515002
24875,21845.854949485001
24876,21847.341840221001
24877,21847.965219351001
24878,21848.879261083999
24879,21849.419881640999
24880,21849.705594958999
24881,21851.071228993998
24882,21851.443544991002
24883,21852.230461374998
24884,21852.547180219000
24885,21854.068455949000
24886,21854.607957361000
24887,21855.620187529999
24888,21856.461449867998
24889,21857.035082221999
24890,21857.518436335999
24891,21858.708224752001
24892,21859.368587666999
24893,21860.244213033999
24894,21860.852016539000
24895,21861.346953149001
24896,21862.138863541000
24897,21862.845687517001
24898,21863.839009533000
24899,21864.914529137000
24900,21865.501676856002
24901,21866.624464979999
24902,21867.386908568002
24903,21867.762351629000
24904,21868.183578389999
24905,21869.196285661001
24906,21869.801302471002
24907,21871.162958607001
24908,21871.498540994002
24909,21872.066018295998
24910,21873.227008925998
24911,21873.976002243999
24912,21874.854960159999
24913,21875.501864933001
24914,21876.429472098000
24915,21877.089885762001
24916,21877.961218232002
24917,21878.492834741999
24918,21879.184362915999
24919,21879.942980579999
24920,21880.600401200001
24921,21881.113680682000
24922,21882.930147925999
24923,21883.573323680001
24924,21883.983363283998
24925,21884.661277894000
24926,21885.484700624998
24927,21886.414283550999
24928,21886.807215313002
24929,21887.972607471998
24930,21888.305533555002
24931,21889.307992237002
24932,21889.975587379002
24933,21891.049818601001
24934,21891.244059593999
24935,21892.453147029999
24936,21893.631611323999
24937,21894.082334900999
24938,21894.895540982001
24939,21895.672162899002
24940,21896.247007779999
24941,21896.701656361001
24942,21897.522412144001
24943,21898.487055507001
24944,21899.302284860001
24945,21900.032578137001
24946,21901.214813114999
24947,21901.685916143000
24948,21902.841479365001
24949,21903.238808504000
24950,21903.618986219000
24951,21904.722200628999
24952,21905.853209387999
24953,21906.321998830001
24954,21906.934947010999
24955,21907.649940992000
24956,21908.033535539998
24957,21909.458214810998
24958,21910.191134430999
24959,21911.346164840001
24960,21911.799338016001
24961,21912.609061536001
24962,21913.267272239998
24963,21913.949838355999
24964,21914.626846963001
24965,21915.300874954999
24966,21916.118225687002
24967,21916.968822109000
24968,21917.952938606999
24969,21918.658873724002
24970,21919.511419973998
24971,21920.157347797998
24972,21920.750817232001
24973,21922.151400928000
24974,21922.668870891001
24975,21923.185139312998
24976,21923.695928320001
24977,21924.926939616002
24978,21925.471148419001
24979,21925.817607567998
24980,21926.822822871000
24981,21927.956423888001
24982,21929.100232584999
24983,21929.769389689998
24984,21930.110710502999
24985,21930.996652477999
24986,21931.521027275001
24987,21932.326048816001
24988,21933.320495960001
24989,21933.862137198001
24990,21934.963665160001
24991,21935.398095965000
24992,21935.898860419999
24993,21937.314372168999
24994,21938.058983814000
24995,21938.635637365998
24996,21939.516644963001
24997,21940.369417079000
24998,21941.219524912001
24999,21941.644121755999
25000,21942.592430133998
25001,21942.661101297999
25002,21943.627433805999
25003,21944.831658521001
25004,21945.765010211999
25005,21946.464747075999
25006,21947.245778658002
25007,21948.085963442001
25008,21948.628280555000
25009,21949.458587277000
25010,21949.998920388000
25011,21951.077906482999
25012,21951.899633268000
25013,21952.157701823999
25014,21953.260364382000
25015,21953.875236527001
25016,21954.555553636001
25017,21955.508697838999
25018,21956.985235792999
25019,21957.268182258998
25020,21958.050289463001
25021,21958.743619366000
25022,21959.176717173999
25023,21960.047719842001
25024,21960.943904423999
25025,21961.611722449001
25026,21962.224115666999
25027,21963.177892723001
25028,21964.487208311999
25029,21965.076943043001
25030,21965.343265956999
25031,21966.409682279002
25032,21967.199487295999
25033,21967.917740176999
25034,21968.972345909999
25035,21969.459483670998
25036,21970.056830445999
25037,21970.593727942000
25038,21971.740016888001
25039,21972.017868223000
25040,21973.671290381000
25041,21974.443595391000
25042,21974.733682195001
25043,21975.970131226000
25044,21976.332717267000
25045,21977.321237749002
25046,21977.708207034000
25047,21978.166645601999
25048,21979.572682173999
25049,21980.333622080001
25050,21980.902578947000
25051,21981.521700107001
25052,21982.579845570999
25053,21983.384139258000
25054,21984.272887521001
25055,21984.989582154001
25056,21985.679764437002
25057,21986.555351108000
25058,21987.080331550002
25059,21987.900165725001
25060,21988.421751110000
25061,21989.229623534000
25062,21989.825293750000
25063,21991.230119166001
25064,21991.975787645999
25065,21993.106776061999
25066,21993.345523962002
25067,21993.918242811000
25068,21994.581284330001
25069,21995.832815997001
25070,21996.410703263002
25071,21997.131596793999
25072,21997.776270090999
25073,21998.492384973000
25074,21999.376485535999
25075,22000.235038563998
25076,22001.073164429999
25077,22001.725957548999
25078,22003.023096294000
25079,22003.649313906000
25080,22004.095438222001
25081,22004.644772454001
25082,22005.640356455999
25083,22006.095368646002
25084,22006.850961001001
25085,22007.874485354001
25086,22008.861866617000
25087,22009.555261115001
25088,22010.302237135002
25089,22011.291004219998
25090,22011.854114459999
25091,22012.426939607001
25092,22013.468733172998
25093,22013.979066075000
25094,22014.913611528998
25095,22016.007862318002
25096,22016.052314141001
25097,22016.777031416001
25098,22017.503957001001
25099,22019.074638295999
25100,22019.845687532001
25101,22020.457075923001
25102,22021.075421664002
25103,22021.831344631999
25104,22022.679339408998
25105,22023.228086951000
25106,22023.712269307998
25107,22025.034689050000
25108,22025.297485179999
25109,22026.445511009999
25110,22027.206471245001
25111,22028.213811353002
25112,22028.634282073999
25113,22029.545027832999
25114,22030.204270106002
25115,22031.556214999000
25116,22031.831124306998
25117,22032.511238334999
25118,22033.274861226000
25119,22033.629080070001
25120,22034.838999668002
25121,22035.531643591999
25122,22036.161632359999
25123,22037.757553472999
25124,22038.157271778000
25125,22038.860551944999
25126,22039.630669984999
25127,22040.270063606000
25128,22040.598141587001
25129,22041.851508324999
25130,22042.716773591001
25131,22043.348640077002
25132,22043.780208074000
25133,22044.918571597998
25134,22045.457019604000
25135,22046.529898966000
25136,22047.386336659001
25137,22048.434647630998
25138,22048.610563663999
25139,22049.509323679002
25140,22050.546680192001
25141,22050.901137778001
25142,22051.663654448999
25143,22052.103453012001
25144,22053.048165880999
25145,22054.381622243000
25146,22055.219627907001
25147,22055.900462713002
25148,22056.233616357000
25149,22057.326360886000
25150,22058.092147921001
25151,22058.616515053000
25152,22059.643052612999
25153,22060.154138917998
25154,22061.063055136001
25155,22061.818153728000
25156,22062.205428827001
25157,22063.210522417001
25158,22064.131548785001
25159,22065.145166323000
25160,22065.928653437000
25161,22066.824342735999
25162,22067.366234500001
25163,22067.765175647000
25164,22068.458578280999
25165,22069.458058652999
25166,22070.040436976000
25167,22071.199932994001
25168,22071.658060997001
25169,22072.411084998999
25170,22073.864323884001
25171,22074.274959124999
25172,22074.852287136000
25173,22075.458088887000
25174,22076.624852328001
25175,22077.586696397000
25176,22077.879942943000
25177,22078.682571066001
25178,22079.270546422998
25179,22080.208764428000
25180,22080.456170328998
25181,22082.172517755000
25182,22082.773480407999
25183,22083.700572565001
25184,22084.237098817001
25185,22085.042751446999
25186,22085.499526152998
25187,22086.490240813000
25188,22087.232823433002
25189,22087.539927703001
25190,22088.765674912000
25191,22089.746084189999
25192,22090.057671123999
25193,22091.147857126001
25194,22091.629431448000
25195,22092.773585100000
25196,22093.848286787001
25197,22094.130744606999
25198,22094.983078784000
25199,22095.734453588000
25200,22096.227051513000
25201,22097.243135537999
25202,22097.736658206999
25203,22098.276544373999
25204,22099.607891015999
25205,22100.607599344999
25206,22101.333617200002
25207,22102.072849214001
25208,22102.548939884000
25209,22103.467034686000
25210,22103.794500239001
25211,22104.951880582001
25212,22105.994520191001
25213,22106.497793687999
25214,22106.792188372001
25215,22107.677508821998
25216,22108.832757832999
25217,22109.567093493999
25218,22110.443481609000
25219,22111.283398733998
25220,22111.969110040998
25221,22112.908489812999
25222,22113.503792309999
25223,22114.013065317002
25224,22114.412028084000
25225,22115.473739919998
25226,22116.570468644000
25227,22116.976816429000
25228,22118.309586220999
25229,22118.829121097999
25230,22119.719218055001
25231,22120.179056790999
25232,22121.258676914000
25233,22121.865654179001
25234,22122.602708064998
25235,22123.495476005999
25236,22123.996176039000
25237,22124.904984183999
25238,22125.542701735001
25239,22126.079891388999
25240,22126.983108250999
25241,22128.560504771001
25242,22129.193049624999
25243,22129.754867169999
25244,22130.024761307999
25245,22131.176956757001
25246,22131.706171049998
25247,22132.549908064000
25248,22133.201145446001
25249,22134.078548987000
25250,22134.752560420999
25251,22135.832307065000
25252,22136.448527033001
25253,22137.360964482999
25254,22138.194091672998
25255,22138.509407016001
25256,22140.010472072001
25257,22140.329778600000
25258,22141.110669242000
25259,22141.912525537002
25260,22142.368526285001
25261,22142.903845325000
25262,22143.915993492999
25263,22145.107173400000
25264,22145.913996020001
25265,22146.484488443999
25266,22147.588921654999
25267,22148.267226920001
25268,22148.657666168001
25269,22149.316412076001
25270,22150.093042474000
25271,22151.268797471999
25272,22151.755345923000
25273,22152.652012695002
25274,22153.271526338001
25275,22153.715933380001
25276,22155.327306854000
25277,22155.603057190001
25278,22156.667855019001
25279,22157.591662084000
25280,22158.152914383001
25281,22158.569884897999
25282,22159.459377120998
25283,22160.433800512001
25284,22160.657200098001
25285,22161.544446525000
25286,22162.414908207000
25287,22163.984525708001
25288,22164.201808508002
25289,22165.129006016999
25290,22165.657809328000
25291,22166.225559251001
25292,22167.390963034999
25293,22168.234265196999
25294,22168.716042356002
25295,22169.341498123002
25296,22170.237865190000
25297,22170.901657503000
25298,22171.728281506999
25299,22172.361290012999
25300,22173.754201780001
25301,22174.321772722000
25302,22175.354425492998
25303,22175.647638397000
25304,22176.589255014998
25305,22177.128029521999
25306,22177.673631080001
25307,22178.463736692000
25308,22179.676843513000
25309,22180.296209840999
25310,22180.914595303999
25311,22181.968611962999
25312,22182.710448041998
25313,22183.551343372001
25314,22184.291369118000
25315,22184.857530083002
25316,22185.605475831999
25317,22186.904754498999
25318,22187.227877824000
25319,22187.742518481999
25320,22188.397230809001
25321,22189.204342605000
25322,22190.186450375000
25323,22191.671613461000
25324,22191.919122865998
25325,22192.880538040001
25326,22193.348778643001
25327,22194.184645433001
25328,22194.863503869001
25329,22195.543545659999
25330,22196.334336971999
25331,22197.376617389000
25332,22197.711839732001
25333,22198.608100802001
25334,22199.871134644000
25335,22200.292492206001
25336,22200.730442103999
25337,22202.257048421001
25338,22202.793618768999
25339,22203.685424738000
25340,22204.161913933000
25341,22204.609163637000
25342,22205.539324365000
25343,22206.366904905000
25344,22206.936461157999
25345,22207.778851464001
25346,22208.980295500998
25347,22209.831853928001
25348,22210.624492573999
25349,22211.090967500000
25350,22211.742836672998
25351,22212.512998304999
25352,22213.354377857999
25353,22214.162880945001
25354,22215.049749073001
25355,22215.578650621999
25356,22216.393296957998
25357,22216.681351560001
25358,22218.010953462999
25359,22219.207560447001
25360,22219.624091458001
25361,22220.406766257998
25362,22221.200775472000
25363,22222.008073321002
25364,22222.596941946002
25365,22223.127994889001
25366,22224.047208630000
25367,22224.309774958001
25368,22226.036264335002
25369,22226.439279548002
25370,22227.243016803001
25371,22228.160864204001
25372,22228.820317811998
25373,22229.606601140000
25374,22230.158824810998
25375,22231.417489625001
25376,22231.910304409001
25377,22232.299992395001
25378,22233.402234178000
25379,22233.965106691001
25380,22234.590573435002
25381,22235.493586054999
25382,22236.569822021000
25383,22237.602797022999
25384,22238.326901417000
25385,22239.140643602001
25386,22239.233293281999
25387,22240.076973505002
25388,22240.823999410000
25389,22242.043384171000
25390,22242.452508613998
25391,22243.154036578999
25392,22244.020659887999
25393,22244.994079344000
25394,22245.849833325999
25395,22246.549289860999
25396,22247.055551434001
25397,22248.235632192998
25398,22248.934701083999
25399,22249.568197887998
25400,22250.395532458999
25401,22250.808383345000
25402,22251.674625211999
25403,22252.054525938998
25404,22253.271631837000
25405,22254.427076368000
25406,22255.337243984999
25407,22255.746736644000
25408,22256.247602514999
25409,22257.669641840999
25410,22257.866115795001
25411,22258.460978738000
25412,22259.364106264999
25413,22260.376278988999
25414,22261.039149444001
25415,22261.845369778999
25416,22262.227912969000
25417,22263.280111661999
25418,22264.163038251001
25419,22265.297456549000
25420,22265.930423376001
25421,22266.502645834000
25422,22267.116626422001
25423,22268.138857862999
25424,22268.645434321999
25425,22268.972587971999
25426,22270.307292622001
25427,22270.795278235000
25428,22271.742028299999
25429,22272.982267537998
25430,22273.741429550999
25431,22273.995876870002
25432,22274.947469535000
25433,22275.369065545001
25434,22276.581055273000
25435,22277.441758566001
25436,22278.013489690999
25437,22278.536775936998
25438,22279.085470135000
25439,22280.156347628999
25440,22280.956178535998
25441,22281.911808727000
25442,22282.717160403001
25443,22283.820361614002
25444,22284.187260700000
25445,22285.017111563000
25446,22285.503482702999
25447,22286.280477363998
25448,22286.901818638002
25449,22287.809386319001
25450,22288.731720753000
25451,22289.529658044001
25452,22290.324915159999
25453,22290.989177109001
25454,22291.943370711000
25455,22292.613326291001
25456,22293.508990831000
25457,22294.290519329999
25458,22294.735793995002
25459,22295.699874637001
25460,22296.349317212000
25461,22297.222757889002
25462,22297.647377085999
25463,22298.018386169999
25464,22299.999631213999
25465,22300.638914677002
25466,22301.002452016000
25467,22302.148967915000
25468,22302.459910039001
25469,22303.108370672999
25470,22304.177847316001
25471,22304.737564108000
25472,22305.537330415002
25473,22306.467712958001
25474,22306.923859377999
25475,22307.884069657001
25476,22308.736096201999
25477,22309.650147819000
25478,22310.248697597999
25479,22311.030668739000
25480,22312.348886293999
25481,22312.592427945001
25482,22313.392985118000
25483,22313.703734231000
25484,22314.523087582998
25485,22315.551466802001
25486,22316.128822187999
25487,22317.460265513000
25488,22317.835743074000
25489,22319.062029404002
25490,22319.742243433000
25491,22320.237262932998
25492,22320.813389847001
25493,22321.700217095000
25494,22322.572147470000
25495,22323.423720101000
25496,22324.221003982999
25497,22324.430562557001
25498,22325.518922863001
25499,22326.117633813999
25500,22327.137960991000
25501,22328.429767235000
25502,22329.095756176001
25503,22329.311808707000
25504,22330.368243973000
25505,22330.841166530001
25506,22331.918385845001
25507,22332.324632898999
25508,22332.870244434998
25509,22333.961995409001
25510,22334.786099568999
25511,22336.085513556001
25512,22336.435250779999
25513,22337.050587572001
25514,22337.833713061002
25515,22338.858005104001
25516,22339.744887184999
25517,22340.037294284000
25518,22341.107065775999
25519,22341.766514915998
25520,22342.188196779000
25521,22343.042555896998
25522,22343.869765472002
25523,22344.830279578000
25524,22345.860599205000
25525,22346.853899934002
25526,22347.121251277000
25527,22348.153363538000
25528,22348.588079775000
25529,22349.299538050000
25530,22349.738096861998
25531,22351.208087755000
25532,22351.773905374001
25533,22352.417167517000
25534,22352.918802127999
25535,22354.233321241001
25536,22355.074362290001
25537,22355.562637997002
25538,22356.393385538999
25539,22357.256317349002
25540,22358.178679871002
25541,22358.622455237000
25542,22359.379335685000
25543,22360.125201228999
25544,22360.425002152999
25545,22361.481594764999
25546,22362.548264384001
25547,22363.709329490001
25548,22364.375145858001
25549,22364.721156547999
25550,22365.674829942000
25551,22366.257551065999
25552,22367.041214623001
25553,22368.020179405001
25554,22368.674266851998
25555,22368.995709426999
25556,22370.348735998999
25557,22370.953333234000
25558,22371.390034157001
25559,22372.465790774000
25560,22373.363529552000
25561,22374.478799492001
25562,22375.028346816001
25563,22375.722044680999
25564,22376.135260611001
25565,22376.929354845000
25566,22377.850069750999
25567,22378.370480936999
25568,22379.135629925000
25569,22380.158561847998
25570,22381.220999589001
25571,22381.752649179001
25572,22382.718370876999
25573,22383.392412970999
25574,22384.027400649000
25575,22384.429394277999
25576,22385.887989609000
25577,22386.389490595000
25578,22387.063362839999
25579,22387.709955856000
25580,22388.373572539000
25581,22388.874937876000
25582,22390.543439254001
25583,22391.042186199000
25584,22391.987133478000
25585,22392.467463028999
25586,22393.569649259000
25587,22394.051496535001
25588,22394.628044908000
25589,22395.210723709999
25590,22396.107694908998
25591,22397.071850367000
25592,22397.854895940000
25593,22398.543135348002
25594,22399.535613092001
25595,22400.277627328000
25596,22400.754478682000
25597,22401.876411595000
25598,22402.690347600001
25599,22403.297784924998
25600,22404.087509260000
25601,22404.485627405000
25602,22405.540049736999
25603,22405.996386120001
25604,22406.984658505000
25605,22407.374641545000
25606,22408.999305558002
25607,22409.847224467001
25608,22410.396415184001
25609,22410.898574556999
25610,22411.332698743001
25611,22412.715841969999
25612,22412.852672723999
25613,22414.065643541999
25614,22414.707704113000
25615,22415.462093709000
25616,22415.928593421999
25617,22417.163226682002
25618,22417.935748279000
25619,22418.451658303999
25620,22419.756404930999
25621,22420.207009086000
25622,22420.921106205999
25623,22421.921272455998
25624,22422.475981987001
25625,22422.852141526000
25626,22423.584249981999
25627,22424.361389080001
25628,22425.815979531999
25629,22426.291128920999
25630,22427.200629528001
25631,22427.903389747000
25632,22428.808653040000
25633,22429.258087577000
25634,22430.264667412001
25635,22430.577004395000
25636,22431.657776848999
25637,22432.625333407999
25638,22433.193744044002
25639,22433.498024745000
25640,22434.590945653999
25641,22435.236271260001
25642,22436.622414756999
25643,22437.218845244999
25644,22438.112834846001
25645,22438.702471322002
25646,22439.336767870001
25647,22439.789653223001
25648,22440.833834933001
25649,22441.455905330000
25650,22442.353355766001
25651,22442.799001927000
25652,22444.088934824998
25653,22444.886257332000
25654,22445.765662542999
25655,22446.273711400001
25656,22446.692660156001
25657,22447.882028886001
25658,22448.969876895000
25659,22449.388074574999
25660,22449.863581501999
25661,22450.596712487000
25662,22451.509559294002
25663,22452.161083251001
25664,22452.819760140999
25665,22454.462862157001
25666,22454.727403917001
25667,22455.646775374000
25668,22456.526040059001
25669,22456.938296248001
25670,22457.747805491999
25671,22458.190687095001
25672,22459.188716925000
25673,22459.987093776999
25674,22460.917540276001
25675,22461.580918456999
25676,22462.229442700002
25677,22462.933256163000
25678,22464.407838726998
25679,22464.640667893000
25680,22465.535840409000
25681,22466.368169854999
25682,22466.911786874000
25683,22467.907355938001
25684,22468.436694741999
25685,22468.991899911998
25686,22469.577966197001
25687,22470.618284351000
25688,22471.897779764000
25689,22472.740923354999
25690,22473.204136412001
25691,22473.945058563000
25692,22474.702280874000
25693,22475.254861117999
25694,22476.122524118000
25695,22477.142024060999
25696,22477.687075455000
25697,22478.333357984000
25698,22478.986736953000
25699,22479.958449934002
25700,22480.924670316999
25701,22481.461567533999
25702,22482.356365788000
25703,22483.737459335000
25704,22484.066298409001
25705,22484.484092320999
25706,22485.422127115002
25707,22485.957053175000
25708,22486.542225407000
25709,22487.659093258000
25710,22488.573654445001
25711,22488.917723117000
25712,22490.365983334999
25713,22491.011645601000
25714,22491.545725929001
25715,22492.311440793001
25716,22493.109930156999
25717,22493.835751219001
25718,22494.710770680998
25719,22495.335841370001
25720,22496.335279817002
25721,22496.801404348000
25722,22497.088326982001
25723,22498.213434087000
25724,22499.452496757000
25725,22500.508716670000
25726,22500.997056112999
25727,22501.422760041001
25728,22502.283649214001
25729,22503.206507203999
25730,22503.852314457999
25731,22504.221283637002
25732,22505.071021373002
25733,22506.270473379001
25734,22506.794773471000
25735,22507.802760027000
25736,22508.422574132001
25737,22509.273708387002
25738,22509.973022177001
25739,22510.871171248000
25740,22511.764796758001
25741,22512.362442066998
25742,22513.114303472001
25743,22513.522406190001
25744,22514.361458512001
25745,22515.204404702999
25746,22515.769888031999
25747,22517.051667385000
25748,22517.780328583001
25749,22518.813659648000
25750,22519.431692146001
25751,22520.057997369000
25752,22520.605909323000
25753,22520.988112708001
25754,22522.557543452000
25755,22522.989883842001
25756,22523.729493220999
25757,22524.382202077999
25758,22525.051895336001
25759,22526.236724109000
25760,22526.833715612000
25761,22527.907937982000
25762,22528.455354021000
25763,22529.320329724000
25764,22530.200643103999
25765,22530.836618378002
25766,22531.020987276999
25767,22532.278264436001
25768,22532.686237304999
25769,22533.263257727998
25770,22534.850221518998
25771,22535.700266633001
25772,22536.068937814998
25773,22536.853056567001
25774,22537.678154663001
25775,22538.354761781000
25776,22539.411347587000
25777,22539.666288430999
25778,22540.739287822002
25779,22541.313042090998
25780,22542.195098963999
25781,22542.992064681999
25782,22543.254721948000
25783,22544.432461052002
25784,22545.796493812999
25785,22546.304207992998
25786,22546.937926841001
25787,22547.704693807998
25788,22548.404243295001
25789,22548.815379144999
25790,22549.750152970999
25791,22550.467796774999
25792,22551.395587643001
25793,22552.237429490000
25794,22552.708058323999
25795,22554.133622550999
25796,22554.721335294998
25797,22555.146084337001
25798,22555.947170014999
25799,22556.870479093999
25800,22557.745619141999
25801,22558.602286482001
25802,22559.043022370999
25803,22559.540442029000
25804,22560.168193706999
25805,22561.258013782000
25806,22562.298849898001
25807,22563.089942252998
25808,22564.019230033999
25809,22564.813758587999
25810,22565.119654974998
25811,22566.122584477998
25812,22566.614820358998
25813,22567.409005796999
25814,22568.068035318000
25815,22569.290381659001
25816,22569.645991251000
25817,22570.578069244999
25818,22571.359315611000
25819,22572.205950200001
25820,22572.795779306001
25821,22574.086303913002
25822,22574.924249256001
25823,22575.057667359000
25824,22575.770200308001
25825,22576.864481565000
25826,22577.439421367999
25827,22578.052978868000
25828,22578.622968025000
25829,22579.674833305002
25830,22581.030828972998
25831,22581.741460927999
25832,22582.159463421998
25833,22582.946882808999
25834,22583.508574052001
25835,22584.443448572001
25836,22585.111583311998
25837,22586.194698027000
25838,22586.627935383000
25839,22587.273130400001
25840,22588.278953883000
25841,22588.582713050000
25842,22590.049861268999
25843,22590.683225745001
25844,22591.438222534998
25845,22592.282337189001
25846,22593.258699753002
25847,22593.626266998999
25848,22594.414351997999
25849,22594.777238371000
25850,22595.518866828999
25851,22596.825134171999
25852,22597.343528265999
25853,22598.386946204999
25854,22599.097429026999
25855,22599.782844108999
25856,22600.978857118000
25857,22601.289441503999
25858,22601.749825613999
25859,22603.225940529999
25860,22603.520783503001
25861,22604.465669465000
25862,22604.861237556001
25863,22605.974176709999
25864,22606.263967206000
25865,22607.107093674000
25866,22608.701164462000
25867,22609.281869097002
25868,22610.014233426999
25869,22610.647026106999
25870,22611.065661338998
25871,22612.026047339001
25872,22612.709252334000
25873,22613.524162689999
25874,22614.426465297001
25875,22614.616107289999
25876,22616.097910426000
25877,22616.806196148002
25878,22617.421967422000
25879,22618.150897709002
25880,22618.972732052000
25881,22620.025692693001
25882,22620.640538660002
25883,22621.497002324999
25884,22621.740257841000
25885,22622.795518788000
25886,22623.203017528002
25887,22624.013328147001
25888,22624.990755303999
25889,22626.161820097001
25890,22626.830035412000
25891,22627.565624452000
25892,22628.367392782999
25893,22629.092226574001
25894,22629.473267865000
25895,22630.365468366999
25896,22630.953359013001
25897,22632.451682075000
25898,22632.701432263999
25899,22633.267823356000
25900,22633.912553378999
25901,22635.239310887999
25902,22635.921987709000
25903,22636.870422409000
25904,22637.530718927999
25905,22638.279693183002
25906,22638.925993154000
25907,22639.768974637002
25908,22640.327023168000
25909,22640.914255052001
25910,22641.584089175001
25911,22642.688717686000
25912,22643.621689823001
25913,22644.503523847001
25914,22645.515763361000
25915,22645.834664784001
25916,22646.197001217999
25917,22647.427174037999
25918,22648.424298565998
25919,22648.803039497001
25920,22649.574916488000
25921,22650.332876993001
25922,22650.937742474998
25923,22651.840745853999
25924,22652.677129229000
25925,22653.277052541001
25926,22654.754173701000
25927,22655.247459630002
25928,22656.143682798000
25929,22656.490036354000
25930,22657.127107577999
25931,22657.910023619999
25932,22658.762784629998
25933,22659.409326560999
25934,22660.363237369998
25935,22661.249518426001
25936,22661.748904988999
25937,22663.145394797000
25938,22663.272511758001
25939,22664.476856781999
25940,22664.929930157999
25941,22665.759439384001
25942,22666.653530247000
25943,22667.517596457001
25944,22667.926992657998
25945,22668.645548199001
25946,22669.188627234002
25947,22669.929155120000
25948,22671.595959296999
25949,22672.405752513001
25950,22672.508186897001
25951,22673.494350328001
25952,22674.473255331999
25953,22674.992464070001
25954,22675.394103500999
25955,22676.409681880999
25956,22677.262875855002
25957,22677.924812910998
25958,22678.731889994000
25959,22679.582526630998
25960,22680.258731026999
25961,22681.151762395999
25962,22681.892550807999
25963,22682.933074790999
25964,22683.575604787999
25965,22684.490973519001
25966,22684.861665060998
25967,22685.287482747000
25968,22686.312723600000
25969,22687.270815792999
25970,22687.620817618001
25971,22688.646696092001
25972,22689.880884618000
25973,22690.747428342998
25974,22691.170084859001
25975,22691.747240593999
25976,22692.703071616001
25977,22692.962306926998
25978,22694.534463349999
25979,22694.929436675000
25980,22695.416142624999
25981,22696.483344753000
25982,22696.818859915998
25983,22697.839686787000
25984,22698.814721277999
25985,22699.792676349000
25986,22700.473006548000
25987,22701.371726889000
25988,22701.658459304999
25989,22702.705365860998
25990,22703.449288766002
25991,22703.840384437000
25992,22704.315600915001
25993,22705.599317368000
25994,22706.575246216002
25995,22707.282284248002
25996,22708.066495948999
25997,22708.676302536998
25998,22709.594621810000
25999,22710.327271686001
26000,22711.134428026999
26001,22711.779566771998
26002,22712.463493275001
26003,22713.442541797001
26004,22713.961049992002
26005,22714.677426291000
26006,22715.055232662999
26007,22716.582879377998
26008,22717.194725038000
26009,22718.458089183001
26010,22719.112551203001
26011,22719.199119835001
26012,22720.205922579000
26013,22720.790500448002
26014,22721.592265444000
26015,22722.475993552998
26016,22723.455660205000
26017,22723.749282691999
26018,22724.583699030001
26019,22725.881079882001
26020,22726.550260600001
26021,22727.095226107998
26022,22727.678890464998
26023,22729.030299408001
26024,22729.755286824999
26025,22730.060855108000
26026,22730.949434310998
26027,22731.437373756999
26028,22732.183126336000
26029,22732.978316438999
26030,22733.977143386001
26031,22735.228661009001
26032,22735.616319843000
26033,22736.611020460001
26034,22737.079807365000
26035,22737.867958258001
26036,22738.626727055998
26037,22739.202086509998
26038,22740.096765752001
26039,22740.902147779001
26040,22741.735911027001
26041,22742.335815958999
26042,22743.118406409001
26043,22743.639545909999
26044,22745.138627020999
26045,22745.863019372999
26046,22746.470730944999
26047,22746.984816570999
26048,22747.943983900001
26049,22748.547366942999
26050,22749.145659504000
26051,22750.039620307001
26052,22750.486578053999
26053,22751.464679699999
26054,22752.852262879002
26055,22753.300500281999
26056,22754.057677297002
26057,22754.916802692998
26058,22755.368544958001
26059,22756.126652141000
26060,22757.134394833000
26061,22758.029121588999
26062,22758.658595296001
26063,22758.994166066001
26064,22759.668229675000
26065,22760.938933049001
26066,22761.372651419999
26067,22762.626723735000
26068,22763.395500883998
26069,22764.021859938999
26070,22765.197067067002
26071,22765.485342260999
26072,22766.025928407998
26073,22766.579880473000
26074,22767.649576691001
26075,22768.474720929000
26076,22769.453451259000
26077,22769.738798948001
26078,22771.019556669002
26079,22771.619597978999
26080,22772.576550204001
26081,22772.984600553002
26082,22774.170781555000
26083,22774.731365584001
26084,22775.358972386999
26085,22776.263475620999
26086,22776.970096213001
26087,22777.421891252001
26088,22778.319982697001
26089,22778.704791913999
26090,22780.448645310000
26091,22781.305481406001
26092,22781.613490416999
26093,22782.489505016001
26094,22782.837818602002
26095,22783.860393203999
26096,22784.914043607001
26097,22785.000958395001
26098,22786.010726983000
26099,22786.936551235001
26100,22787.708986565001
26101,22788.195867961000
26102,22789.474813001001
26103,22789.865921625998
26104,22790.793944919998
26105,22791.918103083000
26106,22792.433711320999
26107,22793.229224965999
26108,22793.663439491000
26109,22794.505768019000
26110,22795.132650246000
26111,22795.617215206999
26112,22797.137549232000
26113,22797.522589141001
26114,22798.561567592002
26115,22799.432576952000
26116,22800.362539928999
26117,22800.664620897001
26118,22801.299243474001
26119,22802.062442849001
26120,22803.187922631001
26121,22803.886138891001
26122,22804.569994422000
26123,22805.145270784000
26124,22805.651497711999
26125,22806.722366466998
26126,22807.939869223999
26127,22808.434814493001
26128,22809.562541350999
26129,22810.062277367000
26130,22810.640047415000
26131,22811.521967500001
26132,22812.063605713000
26133,22812.824303111000
26134,22813.500155049001
26135,22814.304659737001
26136,22815.281413782999
26137,22816.471608438998
26138,22817.024952326999
26139,22817.317805000999
26140,22818.385547706999
26141,22819.238327593001
26142,22820.007988400001
26143,22820.894469595001
26144,22821.369248733001
26145,22821.800052136001
26146,22823.116830693001
26147,22823.457940509001
26148,22824.081678823000
26149,22825.179428652998
26150,22826.553441237000
26151,22827.074600761000
26152,22827.584024393000
26153,22828.445522026999
26154,22829.129616963000
26155,22829.618136186000
26156,22830.251545813000
26157,22831.629330326999
26158,22832.080397114001
26159,22832.693040229002
26160,22833.647147490999
26161,22834.376294472000
26162,22835.458452055998
26163,22836.081703587999
26164,22836.941250444001
26165,22837.309616180999
26166,22838.746370186000
26167,22839.031580047998
26168,22839.949969794001
26169,22840.102523770998
26170,22840.979678938998
26171,22841.803520409001
26172,22843.075365317000
26173,22843.878876290000
26174,22844.686050154000
26175,22845.238857856999
26176,22846.018565778999
26177,22846.746574597000
26178,22847.356937996999
26179,22848.134716393000
26180,22849.236636632999
26181,22849.479208441000
26182,22850.554222071001
26183,22851.127762387001
26184,22852.019417883999
26185,22852.771300156001
26186,22853.565700826999
26187,22854.941600765000
26188,22855.381492619999
26189,22856.045573652998
26190,22856.445950025001
26191,22857.282463386000
26192,22858.126903851000
26193,22858.973076792001
26194,22859.258589951001
26195,22860.487059994000
26196,22861.349546794001
26197,22862.370367774001
26198,22863.094463418001
26199,22863.546086471000
26200,22864.051433223001
26201,22865.261567928999
26202,22865.978950769000
26203,22866.607458310998
26204,22867.469439209999
26205,22868.213418982999
26206,22868.477071675999
26207,22869.295218455001
26208,22870.549256019000
26209,22871.668672020001
26210,22872.064021463000
26211,22872.869387399001
26212,22873.889481122998
26213,22874.215291156001
26214,22875.061482042001
26215,22875.712144867000
26216,22876.092832553000
26217,22877.325595530001
26218,22878.381378820999
26219,22878.828405766999
26220,22879.437064624999
26221,22880.731382079000
26222,22881.206077244002
26223,22881.942693067998
26224,22883.075388493002
26225,22883.415461840999
26226,22884.388123253000
26227,22884.998543370999
26228,22885.619954694001
26229,22886.308688432000
26230,22887.228779822999
26231,22887.623987760999
26232,22889.174464734999
26233,22890.042144326999
26234,22890.623019967999
26235,22891.263189920999
26236,22891.910828962998
26237,22892.316694723999
26238,22893.491676123998
26239,22894.337562362001
26240,22894.964317409002
26241,22895.508886142001
26242,22896.255412089999
26243,22897.505221804000
26244,22898.029726622000
26245,22898.690668566000
26246,22899.848382679000
26247,22900.471913738002
26248,22901.478314225002
26249,22901.849964087000
26250,22902.667303460999
26251,22903.324115629999
26252,22903.635838654998
26253,22904.928004197001
26254,22905.378761697000
26255,22906.810718002002
26256,22907.514854206001
26257,22907.967801104001
26258,22908.843686093001
26259,22909.807535597000
26260,22910.302834918999
26261,22910.820582503002
26262,22911.788121643000
26263,22912.865690701001
26264,22913.271685563999
26265,22914.020772060001
26266,22914.619319375000
26267,22915.304970179001
26268,22916.700768293002
26269,22917.717839708999
26270,22918.009639888001
26271,22918.886732350002
26272,22919.491131464001
26273,22920.292359854000
26274,22920.989975774999
26275,22921.434706330001
26276,22922.394224357002
26277,22923.394399378001
26278,22923.818275384001
26279,22925.217897814000
26280,22925.771909129999
26281,22926.462800535999
26282,22927.140941949001
26283,22927.721615245999
26284,22929.124793899002
26285,22929.698185351001
26286,22930.041616768998
26287,22930.785665292999
26288,22931.598235721998
26289,22932.218872771999
26290,22933.155420940999
26291,22934.144255857998
26292,22934.916758894000
26293,22936.083573905998
26294,22936.635065377999
26295,22937.087842658999
26296,22937.678361679998
26297,22938.606083626000
26298,22939.173327968001
26299,22940.177049877999
26300,22940.936275081000
26301,22941.746854315999
26302,22942.271679132999
26303,22943.205706158999
26304,22944.138300416002
26305,22944.972711214999
26306,22945.599907115000
26307,22946.624070539001
26308,22947.072362311999
26309,22947.674246613999
26310,22948.974673920999
26311,22949.096139719000
26312,22949.779553696000
26313,22950.298873952001
26314,22952.082272414002
26315,22952.616433285999
26316,22953.600545951002
26317,22953.883246671001
26318,22954.720633499001
26319,22955.646090225000
26320,22956.066286886999
26321,22957.149163794002
26322,22957.681452985998
26323,22958.563807300001
26324,22959.222315888001
26325,22959.909867836999
26326,22960.721908445001
26327,22961.737333703000
26328,22962.380968163001
26329,22963.542600336001
26330,22964.074967660999
26331,22965.031859006001
26332,22965.549425472000
26333,22965.794356295999
26334,22966.708942194000
26335,22967.607642284998
26336,22968.595095698001
26337,22969.067355812000
26338,22970.039413356000
26339,22971.242886774002
26340,22971.658615895001
26341,22972.553907179001
26342,22972.907881358999
26343,22973.826877277999
26344,22974.734421297999
26345,22975.686627453000
26346,22976.263712435000
26347,22976.518882756001
26348,22977.515133653000
26349,22978.250045602999
26350,22979.027947817998
26351,22980.508558039000
26352,22981.176479498001
26353,22981.575985010000
26354,22982.195514191000
26355,22983.370843936002
26356,22983.715408811000
26357,22984.333245258000
26358,22985.357453646000
26359,22985.749303016000
26360,22987.021532834999
26361,22987.705856698001
26362,22988.523612853998
26363,22989.285290756001
26364,22989.705020720001
26365,22991.150341024000
26366,22991.638218585002
26367,22992.278726520999
26368,22993.033602634001
26369,22993.941993832999
26370,22994.216345761000
26371,22995.203824037999
26372,22995.759163539002
26373,22996.627983204002
26374,22997.960921432001
26375,22998.637949870001
26376,22999.382783564000
26377,23000.152377721999
26378,23000.724357955001
26379,23001.091736062001
26380,23002.090684783001
26381,23003.053716996001
26382,23003.878861337002
26383,23004.501827864999
26384,23004.903796842002
26385,23005.792859936999
26386,23007.194731980999
26387,23007.641064480002
26388,23008.234883850000
26389,23009.442451051000
26390,23010.012401892000
26391,23010.856779565998
26392,23011.392305353002
26393,23011.808494654000
26394,23012.916517104000
26395,23013.138579751001
26396,23014.465079805999
26397,23015.517285209000
26398,23016.049225407001
26399,23017.053481268002
26400,23017.598655551999
26401,23018.198803330000
26402,23019.033288682000
26403,23020.065817467999
26404,23020.555526302000
26405,23021.120987925999
26406,23022.153776489002
26407,23022.956329272001
26408,23023.397376045999
26409,23023.997152774002
26410,23025.339838716998
26411,23026.347289875001
26412,23027.110262662001
26413,23027.648299437002
26414,23028.123137039998
26415,23028.819941095000
26416,23029.954784513000
26417,23030.207167753000
26418,23031.125047377998
26419,23031.995879257000
26420,23032.757503990000
26421,23033.862639026000
26422,23034.397777865001
26423,23035.350123923999
26424,23035.907134865000
26425,23036.557513898999
26426,23037.560888059001
26427,23038.475618373999
26428,23039.069132674002
26429,23039.540462944999
26430,23040.306766795999
26431,23040.758490025000
26432,23041.920893518000
26433,23043.044276829001
26434,23043.790745351002
26435,23044.429295655002
26436,23045.408204212999
26437,23045.873566582999
26438,23046.853950904999
26439,23047.084245468999
26440,23047.698484486002
26441,23049.189575199001
26442,23049.780933495000
26443,23050.054448603001
26444,23051.280513606001
26445,23051.959778605000
26446,23052.675605796001
26447,23053.744010902999
26448,23054.434851580001
26449,23055.463004390000
26450,23055.617826017999
26451,23056.711754225998
26452,23057.087559136002
26453,23058.132211398999
26454,23058.500881157001
26455,23059.413163862999
26456,23060.155656490999
26457,23061.901749143999
26458,23062.167140014000
26459,23062.689212172001
26460,23063.336160203002
26461,23064.186467062002
26462,23065.011402315002
26463,23065.830102753000
26464,23066.540629341998
26465,23067.279072066998
26466,23067.755448688000
26467,23068.734165395999
26468,23069.527893180999
26469,23070.231807901000
26470,23071.405534597001
26471,23072.046070801000
26472,23072.952316105999
26473,23073.516437741000
26474,23074.261999894999
26475,23074.807310018001
26476,23075.588641103001
26477,23075.918919559001
26478,23077.317244599999
26479,23078.024426863001
26480,23078.972484660000
26481,23079.345327929001
26482,23080.768172013999
26483,23081.045357576000
26484,23081.898797886999
26485,23082.463748916001
26486,23083.434185915001
26487,23084.261040357000
26488,23084.884913845999
26489,23085.812788941999
26490,23085.964273115002
26491,23086.722255836001
26492,23087.955402829000
26493,23089.229237848002
26494,23089.587089583001
26495,23090.516319060000
26496,23091.199345395002
26497,23091.734607299000
26498,23092.237406921999
26499,23093.411245480998
26500,23094.031962917001
26501,23094.489318305001
26502,23095.645629889001
26503,23096.289310321001
26504,23097.310192101999
26505,23098.122529214001
26506,23098.542146471998
26507,23099.297845009001
26508,23100.691039203000
26509,23101.293173655999
26510,23101.544593426999
26511,23102.457520820000
26512,23102.935523728000
26513,23104.056856744999
26514,23104.438600445999
26515,23105.298435995999
26516,23106.673241412002
26517,23107.337045830998
26518,23108.025953418000
26519,23108.947853161000
26520,23109.239511352000
26521,23110.067826965998
26522,23110.708099973999
26523,23111.717056109999
26524,23112.437717925000
26525,23113.343222783998
26526,23113.871268588999
26527,23114.273800984000
26528,23115.613577601001
26529,23116.357585284000
26530,23117.583845269000
26531,23117.783142971999
26532,23118.482046558001
26533,23119.590983941001
26534,23120.268181885000
26535,23120.644469822000
26536,23121.258506280999
26537,23122.048872464999
26538,23123.084133168999
26539,23124.145850956000
26540,23124.931077050998
26541,23125.669075693000
26542,23126.152573363001
26543,23127.009754478000
26544,23127.864200361000
26545,23128.385053913000
26546,23129.537462388998
26547,23130.002456086000
26548,23130.679528462999
26549,23131.297016880999
26550,23132.231156212001
26551,23133.126014452999
26552,23133.635907148000
26553,23135.000115412000
26554,23135.923845455000
26555,23136.324809754002
26556,23136.846451686000
26557,23137.807489953000
26558,23138.023609824999
26559,23139.083157171000
26560,23140.051057332999
26561,23140.737170290002
26562,23141.201571377002
26563,23142.438948327999
26564,23143.521797338999
26565,23143.631368994000
26566,23144.628226108001
26567,23145.385226145001
26568,23146.236151531000
26569,23147.021716817999
26570,23147.728774395000
26571,23148.317885341999
26572,23149.063705230001
26573,23149.610569721001
26574,23150.185574473999
26575,23151.994752948998
26576,23152.332602251001
26577,23153.514967223000
26578,23153.574227076999
26579,23154.563197983000
26580,23155.503837513999
26581,23155.978786914999
26582,23156.516841686000
26583,23157.504677475001
26584,23158.303669730001
26585,23159.364399531001
26586,23159.657454577999
26587,23160.495383082001
26588,23161.456642870002
26589,23162.504354975001
26590,23162.908419185002
26591,23164.121301584000
26592,23164.661816543001
26593,23165.060764918999
26594,23165.836471315000
26595,23166.796841935000
26596,23167.185376522000
26597,23168.016142819000
26598,23169.108591864999
26599,23169.973657912000
26600,23170.921485104001
26601,23171.736354910001
26602,23172.244670461001
26603,23172.557251422000
26604,23173.446028314000
26605,23174.696548544001
26606,23175.339754992001
26607,23175.947770405000
26608,23176.284378873999
26609,23177.474272512001
26610,23177.936050306002
26611,23179.212459520000
26612,23179.878360167000
26613,23180.697003983001
26614,23181.650316517000
26615,23182.295196029001
26616,23182.730911969000
26617,23183.621664310002
26618,23184.084596564000
26619,23184.903093066001
26620,23185.635033489001
26621,23186.779440212998
26622,23187.533837840001
26623,23188.505468621999
26624,23188.796265418001
26625,23189.776555983000
26626,23190.691464201998
26627,23191.291991970000
26628,23192.181332420001
26629,23192.541040755001
26630,23193.721145749001
26631,23194.362852009999
26632,23194.681373096999
26633,23195.700446084000
26634,23196.158258629999
26635,23197.912635876000
26636,23198.484200252002
26637,23199.116878671000
26638,23199.595859966001
26639,23200.534654441999
26640,23201.091775984001
26641,23201.821759228002
26642,23202.502991396999
26643,23203.695890778999
26644,23204.109528427001
26645,23204.727868243001
26646,23205.943848784998
26647,23206.852656108000
26648,23207.254018768999
26649,23207.974657573999
26650,23209.131858081000
26651,23209.723977073001
26652,23210.612136165000
26653,23211.270848266999
26654,23211.645149762000
26655,23212.073218123001
26656,23213.405874477001
26657,23214.087401872999
26658,23215.031407248000
26659,23216.180742150002
26660,23216.513394092999
26661,23217.612128879999
26662,23218.029942552999
26663,23218.547822320001
26664,23219.535613923999
26665,23220.216521601000
26666,23221.141447374001
26667,23221.915815836001
26668,23222.434416106000
26669,23223.161128888001
26670,23224.116108268001
26671,23224.847963004999
26672,23226.122857080001
26673,23226.758467773001
26674,23227.234816504999
26675,23227.964709874999
26676,23228.624511565002
26677,23229.595802381999
26678,23230.064574337001
26679,23230.756178473999
26680,23231.354352929000
26681,23232.892197202000
26682,23233.587174550001
26683,23234.253160503002
26684,23234.810188380001
26685,23235.879774191999
26686,23236.005827755002
26687,23237.479794063998
26688,23237.955391257001
26689,23238.568111049000
26690,23239.427041996001
26691,23240.019583048001
26692,23240.755679505000
26693,23241.435522845000
26694,23242.788558396998
26695,23243.415770164000
26696,23244.163915404999
26697,23245.162354201999
26698,23245.827261867002
26699,23246.226098842999
26700,23246.736803266002
26701,23247.592738783998
26702,23248.559457500000
26703,23249.479250700999
26704,23250.093106575001
26705,23250.776413567000
26706,23251.722723388000
26707,23252.876117958000
26708,23253.140963925998
26709,23253.956232302000
26710,23254.727308431000
26711,23255.930970740999
26712,23256.201658147998
26713,23256.842798566999
26714,23257.780862799002
26715,23258.303854673999
26716,23258.801581060001
26717,23260.172656801999
26718,23261.278795131999
26719,23262.048488914999
26720,23262.410576843999
26721,23263.079762673999
26722,23263.859972400998
26723,23264.713251693000
26724,23265.367856061999
26725,23266.110137290001
26726,23266.938205416001
26727,23267.479718134000
26728,23268.656110807999
26729,23269.286182080999
26730,23269.883288038000
26731,23270.757392087002
26732,23271.991093211000
26733,23272.564082940000
26734,23273.200029848002
26735,23273.771248492001
26736,23274.584950143999
26737,23275.219395818000
26738,23275.814989475999
26739,23276.685087344998
26740,23277.746651271998
26741,23278.443634249001
26742,23279.640248035001
26743,23280.203066374001
26744,23280.598011679998
26745,23281.734867259998
26746,23282.151760359000
26747,23282.672541407999
26748,23284.233939405000
26749,23284.532380207002
26750,23285.283365494000
26751,23285.694597868001
26752,23286.472038505999
26753,23287.837757649999
26754,23288.499682941001
26755,23289.487374745000
26756,23289.994463780000
26757,23290.799594928001
26758,23291.606836837000
26759,23292.123796008000
26760,23292.963986824001
26761,23293.167259411999
26762,23294.422089385000
26763,23295.266072221999
26764,23296.005268510999
26765,23297.114284582000
26766,23297.623931610000
26767,23298.344349854000
26768,23298.934743020000
26769,23300.130425572999
26770,23300.722299354999
26771,23301.587782121002
26772,23301.849779714001
26773,23302.758668637998
26774,23303.627665716998
26775,23304.349144915999
26776,23304.709811927001
26777,23306.134084844001
26778,23307.237238472000
26779,23307.736147897998
26780,23308.497850296000
26781,23308.918369399998
26782,23309.567417220002
26783,23310.403171798000
26784,23311.439781735000
26785,23311.910960338999
26786,23312.705847685000
26787,23313.705486584000
26788,23314.173333470000
26789,23315.207449133999
26790,23316.292006833999
26791,23316.489622204001
26792,23317.618637853000
26793,23318.242186202999
26794,23319.256116428998
26795,23319.750579752999
26796,23320.341523572999
26797,23321.058510781000
26798,23321.532795366998
26799,23322.527872343999
26800,23324.174748447000
26801,23324.447539510998
26802,23324.910724216999
26803,23326.189499091000
26804,23326.709101198001
26805,23327.355933524999
26806,23327.861893159999
26807,23328.986162088000
26808,23329.557219661001
26809,23330.480364915002
26810,23331.237639333998
26811,23331.567948169999
26812,23332.694873552999
26813,23333.435032030000
26814,23334.493316022999
26815,23335.361254238000
26816,23335.997124350000
26817,23336.683852777001
26818,23337.112229082999
26819,23337.991053506001
26820,23338.542903385001
26821,23339.677776961002
26822,23340.051572863002
26823,23340.916458370000
26824,23342.265143982000
26825,23342.923774817998
26826,23343.696885841000
26827,23344.015927893000
26828,23344.701217956001
26829,23346.009958946001
26830,23346.533247823001
26831,23347.304391371999
26832,23348.046604161002
26833,23348.453372795000
26834,23349.235575586001
26835,23350.208370306998
26836,23351.001756039001
26837,23352.117645361999
26838,23353.056685042000
26839,23353.374229058001
26840,23354.169952444001
26841,23355.031221915000
26842,23355.621932153001
26843,23356.175947050000
26844,23356.710375016999
26845,23358.177754838998
26846,23358.717641681000
26847,23359.338808424000
26848,23360.362297213000
26849,23360.935511602998
26850,23361.922994500001
26851,23362.767110401001
26852,23363.337904004002
26853,23364.130250539001
26854,23364.747865385001
26855,23365.795099277999
26856,23366.386100274001
26857,23366.560707711000
26858,23367.543370358999
26859,23368.534672364000
26860,23369.871524807000
26861,23370.349793525998
26862,23371.317612428000
26863,23371.750511540002
26864,23372.215538111999
26865,23373.319929517002
26866,23373.713445128000
26867,23375.075998564000
26868,23375.331967867001
26869,23376.151692210002
26870,23376.751463106000
26871,23378.070643935000
26872,23378.480048901001
26873,23379.507156584001
26874,23379.996050481001
26875,23381.232781195999
26876,23382.039601633998
26877,23382.596773852001
26878,23382.721198453000
26879,23383.720305118000
26880,23384.617039410001
26881,23385.078069611001
26882,23386.220050983000
26883,23387.068557045000
26884,23388.080015192001
26885,23388.615756897001
26886,23389.363306513002
26887,23390.330180156001
26888,23390.488595170998
26889,23391.528803752000
26890,23392.527825777001
26891,23392.961985525999
26892,23393.886469200999
26893,23394.571258857999
26894,23395.231181545001
26895,23395.583248224000
26896,23397.445575496000
26897,23398.035719328000
26898,23398.469594787999
26899,23399.417466658000
26900,23399.910307877999
26901,23400.823214689000
26902,23401.365274263000
26903,23402.177231685000
26904,23402.611403128001
26905,23403.730013024000
26906,23404.680892722001
26907,23405.486057743001
26908,23406.220989844998
26909,23406.841497809000
26910,23407.710040454000
26911,23408.320572028999
26912,23409.317958126001
26913,23410.206040252000
26914,23410.639298611000
26915,23411.205101111998
26916,23411.955295880001
26917,23412.751108469001
26918,23413.572487928999
26919,23414.576339371000
26920,23415.411810353002
26921,23416.472041228000
26922,23417.003025727001
26923,23417.630121505001
26924,23418.299895164000
26925,23418.678427956998
26926,23419.695507650998
26927,23420.844391726001
26928,23421.245795646999
26929,23422.134799310999
26930,23422.504904873000
26931,23424.010368540999
26932,23424.444100122000
26933,23425.106713830999
26934,23426.289101883998
26935,23426.963996735001
26936,23427.325037655999
26937,23428.435701497001
26938,23428.992050428998
26939,23429.588685969000
26940,23430.190057667001
26941,23430.894212873001
26942,23432.150552253999
26943,23433.438779413002
26944,23433.693338565001
26945,23434.485349749000
26946,23434.922084153000
26947,23435.997039475002
26948,23436.725647290001
26949,23437.440184681000
26950,23437.907907827001
26951,23438.997297615999
26952,23439.806576756000
26953,23440.156977553001
26954,23441.097526392001
26955,23442.007274824999
26956,23442.785870566000
26957,23444.034867965001
26958,23444.604127121998
26959,23444.911267717998
26960,23446.003242968000
26961,23446.575926649999
26962,23446.824945918001
26963,23448.058463018999
26964,23448.667561867998
26965,23449.705688872000
26966,23450.348776319999
26967,23451.305400633999
26968,23452.362460354001
26969,23452.777263020998
26970,23453.337260313001
26971,23453.992818929000
26972,23455.222071082000
26973,23455.971173696002
26974,23456.561869779001
26975,23456.995630289999
26976,23457.789266872001
26977,23458.439436257999
26978,23459.593180281001
26979,23460.618868505000
26980,23461.465699023000
26981,23461.849406947000
26982,23462.934428522000
26983,23463.464516101001
26984,23463.923328114000
26985,23464.793787713999
26986,23465.527559883001
26987,23466.364358487001
26988,23466.977463466999
26989,23468.317087816999
26990,23468.690908418001
26991,23469.422308663001
26992,23470.289139574001
26993,23471.142471822001
26994,23472.057314415000
26995,23472.782698743998
26996,23473.264806308998
26997,23473.957875764001
26998,23474.706635930001
26999,23475.639665534000
27000,23476.206855977998
27001,23476.508117717000
27002,23478.306469218001
27003,23478.983782693002
27004,23479.763176414999
27005,23480.148674522999
27006,23481.072845340001
27007,23481.553211628001
27008,23482.315092997000
27009,23483.258410385999
27010,23484.184508843999
27011,23484.678981164001
27012,23485.276083822999
27013,23486.152705706001
27014,23487.083812083001
27015,23488.052566300001
27016,23488.761549051000
27017,23489.319209645000
27018,23490.454217934999
27019,23491.058432195001
27020,23491.702085217999
27021,23492.277387103000
27022,23492.854846619000
27023,23493.432222018000
27024,23494.985456955001
27025,23495.350155372002
27026,23496.397581114001
27027,23497.266404181999
27028,23497.849445413998
27029,23498.580605071998
27030,23499.214759831000
27031,23500.204920160999
27032,23500.610996064999
27033,23501.874835781000
27034,23502.125349531001
27035,23503.040367088000
27036,23503.626530873000
27037,23504.440722381001
27038,23505.294507162002
27039,23506.492797350002
27040,23507.450254935000
27041,23507.884079431002
27042,23508.528860045000
27043,23508.779795080001
27044,23510.182199612998
27045,23510.649183449001
27046,23511.099859114998
27047,23512.405464010000
27048,23512.684221003001
27049,23513.975530612999
27050,23514.973975649998
27051,23515.313775767001
27052,23515.911513145002
27053,23516.916805643999
27054,23517.809369087001
27055,23518.642099902001
27056,23519.015162701999
27057,23520.040672558000
27058,23520.368919163000
27059,23521.172009944999
27060,23521.806510186001
27061,23523.109083881001
27062,23524.065104125999
27063,23524.621537510000
27064,23525.393328220001
27065,23526.282672552999
27066,23526.897861641999
27067,23527.309669959999
27068,23528.040751815999
27069,23528.903679684001
27070,23530.129447957999
27071,23530.497819384000
27072,23531.215286801002
27073,23531.925216873002
27074,23532.988740237000
27075,23533.883554067001
27076,23534.596657294001
27077,23535.187696696001
27078,23536.238463474001
27079,23536.699642498999
27080,23537.468184760000
27081,23538.025086558999
27082,23538.768020113999
27083,23539.595673208001
27084,23540.122617073001
27085,23541.862318430001
27086,23542.201090451999
27087,23543.033492306000
27088,23543.614848443998
27089,23544.367940812001
27090,23544.787021855002
27091,23546.109391194001
27092,23546.844842048999
27093,23547.224062622001
27094,23547.803175297999
27095,23549.019089349000
27096,23549.464176093999
27097,23550.545928553998
27098,23551.003880106000
27099,23552.487331478998
27100,23552.898512545002
27101,23553.694530714001
27102,23554.436534246001
27103,23554.946132665998
27104,23555.419710147999
27105,23556.445344278000
27106,23557.130558034001
27107,23557.982831399000
27108,23558.987665004999
27109,23559.757905807000
27110,23560.381378889000
27111,23561.401122982999
27112,23561.968789641000
27113,23562.624391853999
27114,23563.430961563001
27115,23564.199823899002
27116,23565.095773730998
27117,23565.904474944000
27118,23566.258142393999
27119,23566.668920117001
27120,23567.762411478001
27121,23569.126904758999
27122,23569.873060909998
27123,23570.555648227000
27124,23571.082320496000
27125,23571.851229958000
27126,23572.746699030999
27127,23573.202770053002
27128,23573.823309566000
27129,23574.828389283000
27130,23575.552592561002
27131,23576.520584213999
27132,23576.940850943000
27133,23578.316631637001
27134,23578.836711626001
27135,23579.089467246999
27136,23580.474721080001
27137,23581.495924708001
27138,23581.690988931001
27139,23582.511688918999
27140,23583.055907498001
27141,23583.891249698001
27142,23584.550338050001
27143,23585.412875736001
27144,23586.292158541000
27145,23587.220826645000
27146,23588.508494787999
27147,23588.844555438001
27148,23589.209997512000
27149,23590.078132103001
27150,23590.755151845999
27151,23591.677120031000
27152,23592.468506308000
27153,23593.316796826999
27154,23593.749949653000
27155,23594.575239411999
27156,23595.302141773001
27157,23596.406510864999
27158,23597.168570271999
27159,23598.093906640999
27160,23598.648649838000
27161,23599.380273563998
27162,23600.156560852000
27163,23600.835218759999
27164,23601.630214445999
27165,23601.844870634999
27166,23602.705129888000
27167,23604.108863350000
27168,23604.968302909001
27169,23605.502961435999
27170,23606.254541712002
27171,23606.904722255000
27172,23607.985808983001
27173,23608.364115484001
27174,23609.153861704999
27175,23610.244729304999
27176,23610.651471118999
27177,23611.293961067000
27178,23612.359610545998
27179,23612.703049291998
27180,23613.563891588001
27181,23615.063157968001
27182,23615.385744283001
27183,23616.486777450002
27184,23617.174551131000
27185,23617.475650349999
27186,23618.392958253000
27187,23618.653459749999
27188,23619.999343302999
27189,23620.685701209000
27190,23621.280088722000
27191,23621.985402521001
27192,23623.317027165001
27193,23623.903888345001
27194,23624.494861685002
27195,23625.387754988998
27196,23625.813571884999
27197,23627.121700995998
27198,23627.845200395001
27199,23628.218680984999
27200,23628.816266697999
27201,23629.602032816001
27202,23630.411957341999
27203,23631.031634206000
27204,23632.547088608000
27205,23633.217573407001
27206,23633.763558434999
27207,23634.541470923999
27208,23635.215105415002
27209,23635.952950592000
27210,23636.715832667000
27211,23637.162120419998
27212,23638.145777365000
27213,23639.133995565000
27214,23639.638425649999
27215,23640.679142985002
27216,23640.953340225002
27217,23642.142543853999
27218,23642.986079286999
27219,23644.161507342000
27220,23644.284944202001
27221,23645.011605492000
27222,23645.901319043998
27223,23646.641524905001
27224,23647.263562708999
27225,23647.709379192998
27226,23648.711069459001
27227,23649.796966626000
27228,23650.711124773999
27229,23651.545823362001
27230,23652.110230707000
27231,23652.863833698000
27232,23653.165318490999
27233,23654.230883782999
27234,23655.327574226001
27235,23655.621417617000
27236,23656.770534953001
27237,23657.143619121998
27238,23657.450349014998
27239,23659.042661117001
27240,23659.709774807001
27241,23660.353449613001
27242,23661.357474878001
27243,23662.346557364999
27244,23662.716667402001
27245,23663.410396342999
27246,23664.099155463002
27247,23664.594026680999
27248,23665.438523171000
27249,23666.533716694001
27250,23667.175698977000
27251,23668.117829453000
27252,23668.867438982001
27253,23669.682675970002
27254,23670.445700731001
27255,23670.849945534999
27256,23672.171249084000
27257,23672.587773159001
27258,23673.170758814002
27259,23674.185814672001
27260,23674.850401481999
27261,23675.456253599001
27262,23675.962826261999
27263,23676.913049521001
27264,23678.526475388000
27265,23679.121612628998
27266,23679.456198324999
27267,23680.157469141999
27268,23681.065102556000
27269,23681.568093344998
27270,23682.436992871000
27271,23683.235655017001
27272,23683.789751331999
27273,23684.739412565999
27274,23685.525304334002
27275,23686.519675005999
27276,23686.952418460001
27277,23688.040090831000
27278,23688.571394199000
27279,23689.535928431000
27280,23690.301580941999
27281,23691.250828360000
27282,23691.504972617000
27283,23692.093084923999
27284,23692.854036846002
27285,23693.747533039001
27286,23694.645412901998
27287,23695.683485023001
27288,23696.511699473998
27289,23697.031485935000
27290,23698.127880855998
27291,23698.630211175001
27292,23699.124540797999
27293,23699.631827158999
27294,23700.992183203001
27295,23701.802853187000
27296,23702.135736112999
27297,23702.868241198001
27298,23703.734406138999
27299,23704.524182061999
27300,23705.524223126999
27301,23706.480314121000
27302,23707.103068962999
27303,23707.809827157002
27304,23708.537909297000
27305,23709.095513757002
27306,23709.861826018001
27307,23710.682903352001
27308,23711.095239719001
27309,23712.000303075001
27310,23713.133982742998
27311,23714.288881154000
27312,23714.641864869001
27313,23715.449828419001
27314,23715.677291395001
27315,23717.165208761999
27316,23717.527850390001
27317,23718.617719682999
27318,23718.946835212999
27319,23719.697663308001
27320,23720.647953691001
27321,23721.218022649999
27322,23721.832896797001
27323,23723.091679998000
27324,23723.867101674001
27325,23724.937789107000
27326,23725.332216661998
27327,23726.264933233000
27328,23726.416123725001
27329,23727.597300074001
27330,23727.899579527999
27331,23728.772140130000
27332,23730.136996014000
27333,23730.506201968001
27334,23730.986730289002
27335,23732.290139695000
27336,23733.095007377000
27337,23733.736515322998
27338,23734.255761467000
27339,23735.295103525001
27340,23735.922426446999
27341,23737.030936183000
27342,23737.256454137001
27343,23738.021670360999
27344,23738.669737654000
27345,23739.163102176000
27346,23740.888689577001
27347,23741.333421362000
27348,23742.289348679999
27349,23743.062064850001
27350,23743.540705412001
27351,23744.111940229999
27352,23745.243094779002
27353,23745.506717369000
27354,23746.741517122999
27355,23747.084015695000
27356,23748.037689633999
27357,23748.875216208999
27358,23749.583465408999
27359,23750.633284591000
27360,23750.809754518999
27361,23752.343284033999
27362,23752.978484324001
27363,23753.612736625000
27364,23754.253185873000
27365,23754.629389210000
27366,23755.670564178999
27367,23756.321907071000
27368,23757.133591697999
27369,23757.663357827001
27370,23759.106579201001
27371,23759.925416530001
27372,23760.359396648000
27373,23761.242592276001
27374,23761.798544117999
27375,23762.468731823999
27376,23763.276778241001
27377,23764.349837583999
27378,23764.937448290999
27379,23765.530619614001
27380,23766.186105751000
27381,23766.868409556999
27382,23767.829056269999
27383,23769.101839065999
27384,23769.715689733999
27385,23770.364488589999
27386,23770.910644607000
27387,23772.192349885001
27388,23772.561543494001
27389,23772.938501338998
27390,23773.587083006001
27391,23774.764021521001
27392,23775.453633882000
27393,23776.516915204000
27394,23777.232415348000
27395,23777.793903025999
27396,23778.802256710998
27397,23779.411613913999
27398,23780.155419986000
27399,23781.056167808001
27400,23781.799591389001
27401,23782.323382875002
27402,23783.269187277001
27403,23783.550697266000
27404,23784.641397880001
27405,23785.207323356000
27406,23786.145324891000
27407,23787.667370241001
27408,23787.927146345999
27409,23788.781521092998
27410,23789.335920214999
27411,23789.746006627000
27412,23790.678351151000
27413,23791.582252339998
27414,23792.488462557001
27415,23792.815357366999
27416,23793.756453230999
27417,23794.553984472001
27418,23795.641059453999
27419,23796.282209425000
27420,23796.770034034002
27421,23797.793635442998
27422,23798.920400087001
27423,23799.203448815999
27424,23799.850072341000
27425,23800.880222503001
27426,23801.306941335999
27427,23801.707829084000
27428,23802.750210101000
27429,23804.037916612000
27430,23804.910071486000
27431,23805.305862560999
27432,23806.239414221000
27433,23806.995507829000
27434,23807.517672220001
27435,23808.413377696001
27436,23808.959016741999
27437,23809.692856136000
27438,23810.868847875001
27439,23811.447186891000
27440,23811.949964839001
27441,23812.530275374000
27442,23813.798145581000
27443,23814.711072216000
27444,23815.453969744001
27445,23816.213321700001
27446,23816.972804960002
27447,23817.325689304998
27448,23818.191442546999
27449,23819.026124143998
27450,23819.438174846000
27451,23820.334176634002
27452,23821.350938600001
27453,23822.025969106999
27454,23823.411597300001
27455,23823.660688119999
27456,23824.410542370999
27457,23824.981386590000
27458,23825.757994033000
27459,23827.095870844001
27460,23827.494405355999
27461,23828.080801609001
27462,23828.705805906000
27463,23829.365338790001
27464,23830.584176281001
27465,23830.893999962002
27466,23832.278665037000
27467,23832.958727571000
27468,23833.798055545001
27469,23834.562392381002
27470,23835.031105083999
27471,23835.641789493999
27472,23836.469033984002
27473,23836.969753533998
27474,23838.193818185999
27475,23838.776178913999
27476,23839.539186070000
27477,23840.610060546001
27478,23841.048223934999
27479,23841.857864072001
27480,23843.088036522000
27481,23843.547697947000
27482,23844.024714554998
27483,23845.118196900999
27484,23845.814863922002
27485,23846.321777271001
27486,23847.205121958999
27487,23847.622751645002
27488,23848.271203840999
27489,23849.956685914000
27490,23850.716158078001
27491,23851.304173604000
27492,23851.655639885001
27493,23852.693402153000
27494,23853.369237941999
27495,23853.927865534999
27496,23854.763305263001
27497,23855.754274000999
27498,23856.316276930000
27499,23856.897803912001
27500,23857.823181637999
27501,23858.928098870001
27502,23859.279117972001
27503,23860.334879517999
27504,23861.090911748001
27505,23862.116356674000
27506,23862.686622198002
27507,23863.187440804999
27508,23863.864380608000
27509,23864.319188842001
27510,23865.461016042998
27511,23866.147979085999
27512,23867.152869264999
27513,23867.804121273999
27514,23868.993308564000
27515,23869.595855484000
27516,23870.118321603000
27517,23870.744105951999
27518,23871.489696174001
27519,23872.686851881001
27520,23873.020271042002
27521,23874.026805181002
27522,23874.540910258998
27523,23875.309154465998
27524,23875.735461780001
27525,23877.138533005000
27526,23877.937326769999
27527,23878.929863040001
27528,23879.589009493000
27529,23879.759763647002
27530,23880.851838104001
27531,23881.507298447999
27532,23882.303106644002
27533,23882.796571778999
27534,23883.401845660999
27535,23884.742408891001
27536,23885.695430379001
27537,23885.988118917001
27538,23887.074276509000
27539,23887.627789719001
27540,23888.306406514999
27541,23889.561809051000
27542,23889.996433958000
27543,23890.642516958000
27544,23891.353644422001
27545,23892.231218397999
27546,23892.756678693000
27547,23893.308879720000
27548,23894.491660167001
27549,23895.482626294001
27550,23896.290548680001
27551,23897.100152572999
27552,23897.712955954001
27553,23898.439533162000
27554,23898.877150361001
27555,23899.412042761000
27556,23900.716906933001
27557,23901.466028767001
27558,23902.044788730000
27559,23902.661963707000
27560,23903.494567227001
27561,23904.670552636999
27562,23905.473307610999
27563,23905.718324609999
27564,23906.923368162999
27565,23907.604467721001
27566,23908.353909406000
27567,23909.187543169999
27568,23909.490542131000
27569,23910.066170597998
27570,23911.182672094001
27571,23911.667815553999
27572,23913.086578474002
27573,23913.969117277000
27574,23914.605296901002
27575,23914.852580030001
27576,23915.938079844000
27577,23916.662108306002
27578,23917.281296568999
27579,23918.139317985999
27580,23918.906071265999
27581,23919.450657108999
27582,23920.394523687999
27583,23921.172073985999
27584,23921.767699106000
27585,23922.474458563000
27586,23923.959123400000
27587,23924.667524807999
27588,23924.983696463001
27589,23925.781112107001
27590,23926.500293526999
27591,23927.123625963999
27592,23927.899455233000
27593,23928.485339300001
27594,23929.634478545999
27595,23930.064972951001
27596,23931.447327402999
27597,23931.940978570001
27598,23932.804336573001
27599,23933.413987204000
27600,23934.062816297999
27601,23934.839231736001
27602,23935.739369223000
27603,23936.820360685000
27604,23937.126915662000
27605,23937.544788371000
27606,23938.403203153001
27607,23939.161137701001
27608,23940.490053871999
27609,23941.381300664001
27610,23941.662930648999
27611,23942.919137620000
27612,23943.356178828999
27613,23944.147241578001
27614,23944.555447964001
27615,23945.463769172999
27616,23945.964031241001
27617,23947.207582310999
27618,23947.918189982000
27619,23948.391718164999
27620,23949.590296146998
27621,23950.116473392001
27622,23950.950601541001
27623,23951.701881986999
27624,23952.755605435999
27625,23953.340498445999
27626,23954.034236431999
27627,23954.291309557000
27628,23955.610069923001
27629,23956.203470981000
27630,23956.430900772000
27631,23957.493888787001
27632,23959.010215423001
27633,23959.471386108002
27634,23960.479328614001
27635,23960.987345832000
27636,23961.128654172000
27637,23962.211267639999
27638,23963.427960289999
27639,23963.572304198002
27640,23964.610879550000
27641,23965.289546573000
27642,23965.976706982001
27643,23966.800188584999
27644,23967.681332480999
27645,23968.565437818001
27646,23969.352672550001
27647,23970.031604723001
27648,23971.065828571001
27649,23971.519794053998
27650,23972.252293259000
27651,23972.791556437001
27652,23973.497395200000
27653,23974.042408600999
27654,23975.456005315998
27655,23976.147189916999
27656,23976.980304683999
27657,23977.568045689000
27658,23978.582931328001
27659,23979.255532111001
27660,23979.744660396002
27661,23980.468352119002
27662,23981.401955687001
27663,23982.366817711001
27664,23982.800486802000
27665,23983.536536490999
27666,23984.046380795000
27667,23985.042067556999
27668,23985.953202260000
27669,23987.195896960999
27670,23987.826649986000
27671,23988.207848380000
27672,23989.102008820999
27673,23989.710015264998
27674,23990.332588016001
27675,23991.097282947001
27676,23992.033451644998
27677,23992.683133678001
27678,23993.240374224999
27679,23994.724762940001
27680,23995.331111200001
27681,23995.844808731999
27682,23996.415671940998
27683,23997.439476863001
27684,23998.447057409001
27685,23999.047246769998
27686,23999.656032216000
27687,24000.272055676000
27688,24001.009462734000
27689,24001.592050020001
27690,24002.712284133999
27691,24003.201611496999
27692,24004.764158334001
27693,24005.175244031001
27694,24005.940495252002
27695,24006.509308514000
27696,24007.464354356998
27697,24008.014587385002
27698,24008.271832617000
27699,24009.676110306002
27700,24010.249310897001
27701,24011.277804085999
27702,24011.634243873999
27703,24012.328172656002
27704,24013.577499483999
27705,24014.289456318002
27706,24015.056036812999
27707,24015.949287446001
27708,24016.251140302000
27709,24017.369995943001
27710,24018.020573864000
27711,24018.508635329999
27712,24019.257815474000
27713,24019.657563853001
27714,24021.041871578000
27715,24022.088376716001
27716,24022.721411801002
27717,24023.457270912000
27718,24024.103907567998
27719,24024.836274632999
27720,24025.268184045999
27721,24026.551965279999
27722,24027.159418583000
27723,24027.703237543999
27724,24028.406387890998
27725,24029.369940232998
27726,24029.853560281001
27727,24030.976344883002
27728,24031.666857257002
27729,24032.468068355000
27730,24033.766312906999
27731,24034.162153738998
27732,24034.732896612000
27733,24035.149940722000
27734,24036.020245003001
27735,24036.865234366000
27736,24037.663810820999
27737,24038.267668842000
27738,24039.486286206000
27739,24039.945549570999
27740,24041.228381470999
27741,24041.584538947998
27742,24042.249759582999
27743,24043.097597997999
27744,24043.845118615998
27745,24044.794210880002
27746,24045.347562265000
27747,24046.070048607999
27748,24046.839874257999
27749,24047.317992580000
27750,24047.877490645998
27751,24049.610566255000
27752,24050.398352345001
27753,24050.679600882999
27754,24051.623945302999
27755,24052.161018327999
27756,24053.136260535000
27757,24053.714034496999
27758,24054.183639530002
27759,24055.005391059000
27760,24056.134396074001
27761,24056.728637889999
27762,24057.526757496002
27763,24058.515974619000
27764,24058.908859906998
27765,24059.910825357001
27766,24060.868967392998
27767,24061.428447011000
27768,24062.299067656000
27769,24062.922787599000
27770,24063.726869015001
27771,24063.815556441001
27772,24065.156367994001
27773,24065.616085346999
27774,24066.620373493999
27775,24067.634662140001
27776,24068.625068314999
27777,24069.408385612998
27778,24069.591898277002
27779,24070.384854618002
27780,24071.110345042001
27781,24071.841833580998
27782,24073.079063134999
27783,24073.771399819001
27784,24073.839993738002
27785,24074.697125401999
27786,24076.096922219000
27787,24076.429858330001
27788,24077.447829930999
27789,24078.398458013002
27790,24079.045758835000
27791,24079.755638850002
27792,24080.438325891999
27793,24081.242107242000
27794,24081.647158341999
27795,24082.407924638999
27796,24083.064384950001
27797,24084.214303787001
27798,24085.280682747001
27799,24085.918038899999
27800,24086.615618199001
27801,24087.086288236002
27802,24088.203824631000
27803,24088.789713521001
27804,24089.654018603000
27805,24090.119267807000
27806,24091.018836397001
27807,24091.958359363001
27808,24092.378323882000
27809,24093.072072367999
27810,24093.763184017000
27811,24095.125073307001
27812,24096.114095129000
27813,24096.462643760999
27814,24097.398688077999
27815,24097.989661714000
27816,24098.363857884000
27817,24099.433566779000
27818,24099.895981123002
27819,24100.951839916001
27820,24101.599312077000
27821,24102.422445093998
27822,24103.233301893000
27823,24104.209902873001
27824,24105.109044273999
27825,24105.497403083002
27826,24105.899339045998
27827,24107.580113668999
27828,24107.896439501001
27829,24108.539289554999
27830,24109.235138167998
27831,24109.761747408000
27832,24110.519729905001
27833,24111.423044153002
27834,24112.664130333000
27835,24113.257189452001
27836,24114.219887892999
27837,24114.731666967000
27838,24115.731597118000
27839,24116.071390517998
27840,24116.567511309000
27841,24117.874821008001
27842,24118.220698527999
27843,24119.158125043999
27844,24120.097291858001
27845,24120.627561156001
27846,24121.403459956000
27847,24122.222915980001
27848,24123.218613358000
27849,24124.083236343002
27850,24124.872982240999
27851,24125.318555137001
27852,24125.840010611999
27853,24126.985151636000
27854,24127.478052016999
27855,24128.077368853999
27856,24128.754406757998
27857,24129.733385291001
27858,24131.241458789002
27859,24131.719924679001
27860,24132.026848301000
27861,24133.085833077999
27862,24133.549190971000
27863,24134.446878068000
27864,24135.190401281001
27865,24136.143637702000
27866,24136.684780517000
27867,24137.408763062998
27868,24137.897744640999
27869,24138.860986994001
27870,24139.997901581999
27871,24140.475161734001
27872,24141.672607232002
27873,24142.196623782998
27874,24142.983164636000
27875,24143.876295083999
27876,24144.234969784000
27877,24144.765813934999
27878,24145.399137519998
27879,24146.777616088999
27880,24147.495111254000
27881,24147.900316849002
27882,24149.085440964001
27883,24150.086918039000
27884,24150.243462173999
27885,24151.421555010002
27886,24151.834551524000
27887,24152.815182376002
27888,24153.534397648000
27889,24154.375404965002
27890,24154.916476996001
27891,24155.445006206999
27892,24156.384121846000
27893,24156.887390480999
27894,24158.271002287001
27895,24159.337474781001
27896,24159.900399220998
27897,24160.301954828999
27898,24160.998462676002
27899,24161.752824285999
27900,24162.698692678001
27901,24163.250537286000
27902,24163.936452643000
27903,24164.807438002001
27904,24165.563448074001
27905,24166.620212409001
27906,24167.246767528999
27907,24167.892704075999
27908,24168.637729072001
27909,24169.894864229002
27910,24170.255288839999
27911,24171.333516385999
27912,24171.585471564998
27913,24172.277527140999
27914,24173.160823940001
27915,24173.846356786999
27916,24174.323579626998
27917,24176.091596127000
27918,24176.241683193999
27919,24177.224312991999
27920,24178.210293515000
27921,24178.758059469001
27922,24179.176309066999
27923,24179.984249998000
27924,24180.657760251001
27925,24182.103127265000
27926,24182.148234754000
27927,24183.243059020999
27928,24183.569663340000
27929,24184.375167380000
27930,24185.749193702999
27931,24186.425272998000
27932,24187.122010891999
27933,24187.766526527001
27934,24188.900059202999
27935,24189.215090782000
27936,24189.812613081001
27937,24190.628955944001
27938,24191.436071957000
27939,24191.815197967000
27940,24193.136170027999
27941,24194.058782578999
27942,24194.811994159001
27943,24195.497251142999
27944,24196.127436981998
27945,24196.650626520001
27946,24197.794268335001
27947,24198.582628026001
27948,24199.194301412001
27949,24199.744390628999
27950,24200.430629036000
27951,24201.413458812000
27952,24202.117442150000
27953,24202.590367471999
27954,24203.885816538001
27955,24204.896689264999
27956,24205.672876552999
27957,24206.022793892000
27958,24206.634811134001
27959,24207.555542408001
27960,24207.978968662999
27961,24208.866054679002
27962,24209.885438910002
27963,24210.398125397998
27964,24211.303403979000
27965,24212.081747176999
27966,24213.089757094000
27967,24213.654048856999
27968,24214.384717156001
27969,24215.388112122000
27970,24215.742674443001
27971,24216.807565955001
27972,24217.597468626002
27973,24218.223978450002
27974,24218.584218920001
27975,24219.062567672001
27976,24220.427126948001
27977,24221.450505131001
27978,24222.436809833001
27979,24222.817838896000
27980,24223.481387052001
27981,24224.423217850999
27982,24225.106022339001
27983,24225.618742496001
27984,24226.257510946001
27985,24227.389212046000
27986,24228.132682371001
27987,24228.598984218999
27988,24229.532165416000
27989,24230.334228295000
27990,24231.247267014998
27991,24231.728724709999
27992,24233.092282925001
27993,24233.735558175998
27994,24234.114607359999
27995,24234.776154636998
27996,24235.638580212999
27997,24236.148306707000
27998,24237.033725016001
27999,24237.915460345001
28000,24238.383657457001
28001,24239.881615680999
28002,24240.584801289999
28003,24241.149694057000
28004,24241.831927001000
28005,24242.266761772000
28006,24243.171216941999
28007,24244.360620881998
28008,24244.910170843999
28009,24245.258691161001
28010,24246.503124793999
28011,24246.638171025999
28012,24247.626837322001
28013,24248.639736068999
28014,24249.745957481999
28015,24250.290905541999
28016,24250.994156256002
28017,24251.971586358999
28018,24252.295047051000
28019,24253.328180469001
28020,24253.592017857001
28021,24254.396544104002
28022,24255.180721973000
28023,24256.436512337001
28024,24257.104803539001
28025,24257.837977978001
28026,24258.307686218999
28027,24259.704297496999
28028,24259.955498822001
28029,24260.753905639001
28030,24261.678841861001
28031,24262.418369847001
28032,24262.903551395000
28033,24263.896850584999
28034,24264.371055037998
28035,24265.004609424999
28036,24265.787128666001
28037,24267.329475179002
28038,24267.844833835999
28039,24268.621557361999
28040,24269.416601148001
28041,24269.999306307000
28042,24270.260866473000
28043,24271.313557329999
28044,24272.266397062998
28045,24272.902426752000
28046,24273.764356584001
28047,24274.028838938000
28048,24275.386411865999
28049,24276.301820517001
28050,24276.668814829001
28051,24277.446136349001
28052,24278.458624149000
28053,24279.303559413001
28054,24280.149844221000
28055,24280.414631045001
28056,24281.042049298001
28057,24281.892680736000
28058,24282.546074555001
28059,24283.415719846998
28060,24284.525908276999
28061,24285.388980438998
28062,24286.148142759001
28063,24286.819466338999
28064,24287.271109663001
28065,24288.357607033999
28066,24288.817689118001
28067,24289.505712603001
28068,24290.380165712999
28069,24291.508987035999
28070,24291.876426088998
28071,24292.317470711001
28072,24293.525042023000
28073,24293.993860352999
28074,24295.714690123001
28075,24295.819123488000
28076,24296.872813200000
28077,24297.029291553001
28078,24298.162160308999
28079,24298.820126513001
28080,24299.615660412001
28081,24299.752362602001
28082,24300.910112865000
28083,24301.963454674002
28084,24302.660048635000
28085,24303.799222597001
28086,24304.286198115999
28087,24304.783768284000
28088,24305.566501981000
28089,24306.563445002001
28090,24307.218559429999
28091,24308.162570965000
28092,24308.837017247999
28093,24308.980572885001
28094,24309.993009960999
28095,24310.794956533999
28096,24311.874828028998
28097,24312.515484341999
28098,24313.547623498001
28099,24314.366047433999
28100,24315.061594404000
28101,24315.528069446002
28102,24316.195072121998
28103,24316.637210389999
28104,24317.861070278999
28105,24318.498661408001
28106,24319.453312991001
28107,24319.889688928000
28108,24320.977297286001
28109,24321.702904054000
28110,24322.590332825999
28111,24323.132123644999
28112,24324.041796786001
28113,24324.888522658999
28114,24325.453492586999
28115,24326.137248820000
28116,24326.948640656999
28117,24327.584727623998
28118,24328.215897769998
28119,24328.659593815999
28120,24330.636563667002
28121,24331.008935373000
28122,24331.721912313998
28123,24332.217688692999
28124,24333.060303014001
28125,24333.912423898000
28126,24334.336505724001
28127,24335.432136152001
28128,24336.008420734001
28129,24336.539229201000
28130,24337.874293700999
28131,24338.186238245999
28132,24338.913842729002
28133,24340.107632701001
28134,24340.666803953001
28135,24341.651419533999
28136,24342.508394690001
28137,24342.951203633002
28138,24343.867313647999
28139,24344.137642869999
28140,24344.871310923001
28141,24345.801299431001
28142,24346.645607539998
28143,24347.478548602001
28144,24348.428044365999
28145,24349.186674054999
28146,24350.074206899000
28147,24350.678674844999
28148,24351.247159564999
28149,24351.672627177999
28150,24353.021305978000
28151,24353.806115411000
28152,24354.262094673999
28153,24354.946316038000
28154,24355.509925635000
28155,24356.362521858999
28156,24357.596689884998
28157,24358.222851123999
28158,24359.295859553000
28159,24359.974818033999
28160,24360.276345458999
28161,24361.234091556002
28162,24361.999364448999
28163,24362.495044714000
28164,24363.126507760000
28165,24364.127786704001
28166,24364.881604653001
28167,24365.892436408001
28168,24366.957858966001
28169,24367.098407919999
28170,24367.921078600000
28171,24368.784265982002
28172,24370.101783059999
28173,24370.314473748000
28174,24370.798356447998
28175,24371.957838061000
28176,24372.391928108002
28177,24373.309170744000
28178,24373.697166655998
28179,24374.665480725002
28180,24375.829166336000
28181,24376.850474185001
28182,24377.426209508001
28183,24378.016392139001
28184,24378.549523340000
28185,24379.412404360999
28186,24380.043345181999
28187,24380.698894104000
28188,24381.918336699000
28189,24382.508243945998
28190,24382.962883806998
28191,24383.751640752998
28192,24385.215382572002
28193,24385.394183916000
28194,24386.468837406999
28195,24387.002400154000
28196,24387.938343659000
28197,24388.923886785000
28198,24389.272583256999
28199,24389.936370656000
28200,24390.553651916001
28201,24391.123827569001
28202,24392.264257692001
28203,24393.399657604001
28204,24394.088170776002
28205,24394.726903195002
28206,24395.625932032999
28207,24396.292396004999
28208,24396.690726116001
28209,24397.682932786000
28210,24398.491316678999
28211,24399.090076779001
28212,24400.146744251000
28213,24400.299782334001
28214,24401.769669919999
28215,24401.838940489000
28216,24402.806075461001
28217,24404.176590479001
28218,24404.789499372000
28219,24405.552160411000
28220,24406.128024273999
28221,24406.802549615000
28222,24407.125761939998
28223,24408.448546934000
28224,24408.997189868998
28225,24409.389642736001
28226,24410.524409163001
28227,24411.657144221001
28228,24412.378779654999
28229,24412.950138007000
28230,24413.658358006000
28231,24414.404857076999
28232,24415.055666748998
28233,24416.222334627000
28234,24416.707973982000
28235,24417.556005588001
28236,24417.852092288998
28237,24418.837556316001
28238,24419.297148695001
28239,24420.480226559001
28240,24421.787477262998
28241,24422.144919310002
28242,24422.680363937001
28243,24423.947184384000
28244,24424.414614218000
28245,24424.797318107001
28246,24425.767456293001
28247,24426.036728939001
28248,24427.517968403001
28249,24428.082540119001
28250,24428.809609767999
28251,24429.463253721999
28252,24430.569448476999
28253,24431.134354656999
28254,24432.054816586999
28255,24432.738029873999
28256,24433.627575396000
28257,24434.143470613999
28258,24434.921857780999
28259,24435.665865849001
28260,24436.180914162000
28261,24436.889380672001
28262,24437.764316751000
28263,24438.777224470999
28264,24440.026105396999
28265,24440.687422728999
28266,24440.947988901000
28267,24441.639870423998
28268,24442.362738891999
28269,24443.323208221998
28270,24444.139327911998
28271,24444.769476113001
28272,24445.409603377000
28273,24446.181761060001
28274,24446.941241921999
28275,24448.081957186001
28276,24448.571055320001
28277,24449.252977200998
28278,24450.676680389999
28279,24451.085068130000
28280,24451.635958904000
28281,24452.382531667001
28282,24453.155286582001
28283,24453.750876267000
28284,24454.146594934999
28285,24455.470841774000
28286,24456.264787054999
28287,24457.161195227000
28288,24457.895849187000
28289,24458.563373043002
28290,24459.384000007001
28291,24460.200904079000
28292,24460.498413586000
28293,24461.548963140998
28294,24462.296409076000
28295,24463.197678543998
28296,24463.790107008001
28297,24464.388139638999
28298,24464.710012665000
28299,24466.248060406000
28300,24467.232007232000
28301,24467.831858017998
28302,24468.597877503998
28303,24469.113891318000
28304,24469.946791709001
28305,24470.732190637002
28306,24471.025097606998
28307,24472.024374060999
28308,24472.973510684998
28309,24473.342909991999
28310,24474.728425398000
28311,24475.247169204002
28312,24476.232736308000
28313,24476.684698626999
28314,24477.370096424002
28315,24478.341747306000
28316,24479.408736377001
28317,24479.979708186002
28318,24480.311697403002
28319,24480.871420012001
28320,24482.020987796001
28321,24482.657496003001
28322,24483.266802925002
28323,24484.537071838000
28324,24485.432373715001
28325,24486.136850357001
28326,24486.742460427002
28327,24487.517300553998
28328,24487.902304941999
28329,24488.595001836002
28330,24489.681661884999
28331,24490.533278039002
28332,24490.951937359001
28333,24491.929562227000
28334,24492.580505193000
28335,24493.388122105000
28336,24494.282005629000
28337,24495.468218116999
28338,24495.633220370000
28339,24496.659795774998
28340,24497.196504995001
28341,24498.268915309000
28342,24498.654776234001
28343,24499.249265478000
28344,24500.031523944999
28345,24500.543433323000
28346,24502.369313052001
28347,24502.717359793001
28348,24503.404758961002
28349,24504.422324514999
28350,24504.555803333002
28351,24505.802021427000
28352,24506.296971731001
28353,24507.036224927000
28354,24507.929133017999
28355,24508.701668534999
28356,24509.206836694000
28357,24509.926699231000
28358,24510.895322115000
28359,24511.690530907999
28360,24512.499906395002
28361,24513.591980648998
28362,24514.262457147001
28363,24514.899548476002
28364,24515.492170693000
28365,24515.878833455001
28366,24516.891257923999
28367,24517.509074168000
28368,24518.552694847000
28369,24519.317941874000
28370,24519.782229770000
28371,24521.202214497000
28372,24521.947053376000
28373,24522.315070494002
28374,24522.732815034000
28375,24524.074324206998
28376,24524.644360384002
28377,24525.476463703999
28378,24526.162669777001
28379,24526.833877988000
28380,24527.214068458001
28381,24528.127643669999
28382,24529.024925825001
28383,24530.488330020002
28384,24530.746043079998
28385,24531.805223731000
28386,24532.173073025999
28387,24532.882328265001
28388,24533.831624595001
28389,24534.426923644001
28390,24534.943472622999
28391,24535.723235227000
28392,24536.983954621999
28393,24537.448771861000
28394,24538.343078874001
28395,24539.003319071999
28396,24539.741987099998
28397,24540.800327893001
28398,24541.514672828001
28399,24542.297115591999
28400,24542.770756261001
28401,24543.557022500001
28402,24544.364524335000
28403,24544.826602734000
28404,24545.690187189000
28405,24546.263197224998
28406,24547.598848080001
28407,24548.530026011002
28408,24549.110723395999
28409,24549.819943713999
28410,24550.658005998001
28411,24551.023946817000
28412,24551.532843276000
28413,24552.950225643999
28414,24553.633375314999
28415,24554.136419667000
28416,24554.670620886001
28417,24555.553969088000
28418,24556.586207769000
28419,24557.372758977999
28420,24558.249811112000
28421,24558.775560778002
28422,24559.835951117999
28423,24560.564941360000
28424,24561.260285345001
28425,24561.448480846000
28426,24562.365542708001
28427,24563.010800737000
28428,24564.121780394002
28429,24564.683223066000
28430,24566.158824865000
28431,24566.496811034001
28432,24566.998845017999
28433,24568.142710102999
28434,24568.658721725998
28435,24569.362481306001
28436,24570.358122456000
28437,24570.915012810001
28438,24571.524685881999
28439,24572.531225908999
28440,24573.186573237999
28441,24573.579093663000
28442,24574.478257519000
28443,24575.892638743000
28444,24576.746103386999
28445,24577.361911880998
28446,24577.573076805002
28447,24578.485553256000
28448,24579.424901062001
28449,24579.768515891999
28450,24580.754140663001
28451,24581.331970547999
28452,24582.421709080001
28453,24582.914920560001
28454,24584.208044108000
28455,24584.597704188000
28456,24585.576918212999
28457,24586.016980351000
28458,24586.898079758001
28459,24588.003805988999
28460,24588.496003074000
28461,24589.125094735999
28462,24590.019805322001
28463,24590.239932576002
28464,24590.950134457002
28465,24592.401134039999
28466,24593.093097183999
28467,24593.859670647002
28468,24594.770244774001
28469,24595.568928178000
28470,24596.010462806000
28471,24596.679614346001
28472,24597.356587552000
28473,24598.066532788998
28474,24599.125685075000
28475,24599.976695386002
28476,24600.376777114001
28477,24601.080644471000
28478,24602.132932199002
28479,24603.079488617001
28480,24603.475331858001
28481,24604.968194549001
28482,24605.118666544000
28483,24605.934269158999
28484,24606.532676758001
28485,24607.345714936000
28486,24608.116496377999
28487,24608.787373580999
28488,24609.084803168000
28489,24610.555961231999
28490,24611.572422810001
28491,24612.410257202999
28492,24612.709858708000
28493,24613.370663523001
28494,24614.083286818000
28495,24615.196399406999
28496,24615.796273489999
28497,24616.503307466999
28498,24617.191915602001
28499,24617.866979055001
28500,24618.683919554001
28501,24619.424062500999
28502,24620.205668551000
28503,24621.336158700000
28504,24622.196670193000
28505,24622.606673451999
28506,24623.699669449001
28507,24624.147225547000
28508,24624.802749323000
28509,24625.195041318999
28510,24626.187346060000
28511,24627.073839769000
28512,24627.994397572002
28513,24628.706137821999
28514,24629.397523447002
28515,24630.382627630999
28516,24631.209497062999
28517,24631.661448170002
28518,24632.550497871998
28519,24632.985491470001
28520,24634.457502541001
28521,24634.777627115000
28522,24635.228758358000
28523,24635.963669894001
28524,24636.861967446999
28525,24637.399118132002
28526,24639.050759418002
28527,24639.586808153999
28528,24640.178195372999
28529,24640.977567552000
28530,24641.585634185001
28531,24642.280165406999
28532,24642.898727200001
28533,24643.814598368001
28534,24644.672789926000
28535,24645.042453602000
28536,24646.091947837001
28537,24647.093056243000
28538,24647.805444641999
28539,24648.261667488001
28540,24649.084241498000
28541,24650.382200255000
28542,24650.913806291999
28543,24651.438680206000
28544,24652.377806683999
28545,24652.515468489000
28546,24653.648829909002
28547,24654.332938937001
28548,24654.887449107999
28549,24656.060688313999
28550,24657.135305181000
28551,24657.769420769000
28552,24658.462348795001
28553,24659.141072674000
28554,24659.624504504001
28555,24660.534837847001
28556,24661.157909188001
28557,24662.143725040001
28558,24663.017102663001
28559,24663.472029557000
28560,24664.095277660999
28561,24664.763817218001
28562,24666.338523791001
28563,24666.630268215002
28564,24667.636843184999
28565,24668.274402479001
28566,24669.089029196999
28567,24669.579986763001
28568,24670.768350763999
28569,24670.999570013999
28570,24671.250910911000
28571,24672.536356846998
28572,24673.640694427999
28573,24674.378038465002
28574,24675.073784709999
28575,24676.046290284001
28576,24676.456770822999
28577,24677.208384115002
28578,24678.024043435998
28579,24679.038454999001
28580,24679.609705232000
28581,24680.041647885999
28582,24681.045481506000
28583,24681.736502600001
28584,24682.199250492999
28585,24683.370008843998
28586,24684.046827285001
28587,24685.253490493000
28588,24686.135166141001
28589,24686.495060587000
28590,24687.028901440000
28591,24687.630474564001
28592,24688.565093157002
28593,24689.269104920000
28594,24690.274071419000
28595,24690.728394308000
28596,24691.477319127000
28597,24692.871720371000
28598,24693.093503327000
28599,24694.154685312002
28600,24694.730706537001
28601,24695.438198961001
28602,24696.545816227001
28603,24697.069739196999
28604,24697.780296106001
28605,24698.530342343001
28606,24699.004124698000
28607,24699.666536419001
28608,24700.461745872999
28609,24701.902590425001
28610,24702.808081766001
28611,24703.157742021001
28612,24703.698634353001
28613,24704.878245200001
28614,24705.439777856998
28615,24706.010174766001
28616,24706.477518831001
28617,24707.781613144001
28618,24708.268976554002
28619,24709.263484202002
28620,24709.676892210999
28621,24710.681151930999
28622,24711.257834767999
28623,24712.497647790999
28624,24713.329630272001
28625,24713.612090297000
28626,24714.836237571999
28627,24715.110892328001
28628,24715.840401152000
28629,24716.536596717000
28630,24717.250523162998
28631,24718.222538515001
28632,24718.723623115999
28633,24720.041013153001
28634,24720.939308188001
28635,24721.509855494001
28636,24722.046787937001
28637,24722.746345549000
28638,24723.298907303000
28639,24724.601337822001
28640,24725.229126515002
28641,24725.832442499999
28642,24726.396918752002
28643,24726.975550116000
28644,24728.157803235001
28645,24728.835812443001
28646,24729.700620209998
28647,24730.856864844001
28648,24731.193534512000
28649,24732.327330398999
28650,24732.609910235999
28651,24733.304801827999
28652,24734.091564579001
28653,24734.727050107002
28654,24735.370936640000
28655,24736.624337280999
28656,24737.392563956000
28657,24737.899530524999
28658,24739.049192947001
28659,24739.400617684001
28660,24740.362360816001
28661,24741.212012597000
28662,24741.977640294001
28663,24742.324651350002
28664,24743.321324961002
28665,24744.335618124998
28666,24744.522506509998
28667,24745.314244404999
28668,24745.804327780999
28669,24747.531095050999
28670,24748.134854405998
28671,24748.900245584999
28672,24749.516234598999
28673,24750.185855844000
28674,24750.714892159001
28675,24751.559001442001
28676,24752.485078193000
28677,24752.898942464999
28678,24753.985519745002
28679,24754.715454477999
28680,24755.098560858001
28681,24756.543296682001
28682,24757.142304798999
28683,24757.547315117001
28684,24758.516760054001
28685,24759.588731839998
28686,24760.369355339000
28687,24760.645290417000
28688,24761.473225299000
28689,24761.829866163000
28690,24762.845647431001
28691,24763.613573250001
28692,24764.597959219001
28693,24765.534536759998
28694,24766.223168953999
28695,24767.264698879000
28696,24767.587677779000
28697,24768.290015186001
28698,24768.993361972000
28699,24769.727198089000
28700,24770.821737666000
28701,24771.347147952001
28702,24771.991694101001
28703,24772.911816475000
28704,24773.367881274000
28705,24774.297296784000
28706,24775.404083492998
28707,24776.419531723001
28708,24776.974025514999
28709,24777.271828059998
28710,24778.243367812000
28711,24779.146738150001
28712,24779.490917431998
28713,24780.301651027999
28714,24780.968004545000
28715,24781.761724092001
28716,24783.085246123999
28717,24783.951202144999
28718,24784.321005180998
28719,24784.811652156000
28720,24786.099432530002
28721,24786.439495668001
28722,24787.383199356998
28723,24788.322187930000
28724,24788.728021646999
28725,24789.624099196000
28726,24789.925244544000
28727,24791.075739330001
28728,24791.578468551001
28729,24792.896700550002
28730,24793.497813577000
28731,24794.620530560998
28732,24794.981005283000
28733,24795.800863865999
28734,24796.575060222000
28735,24796.817935490999
28736,24797.480957029002
28737,24799.048304879001
28738,24799.427148489998
28739,24799.924447837999
28740,24800.982652822000
28741,24801.805295966002
28742,24802.866230680000
28743,24803.208442809999
28744,24803.952581866000
28745,24804.995057527001
28746,24805.649741527999
28747,24806.420125264001
28748,24806.901500328000
28749,24807.735424335999
28750,24808.251150778000
28751,24808.868848848000
28752,24810.203241423998
28753,24811.250791187002
28754,24811.891346936001
28755,24812.624300727999
28756,24812.943097138999
28757,24813.800229463999
28758,24814.716308802999
28759,24815.394010888998
28760,24816.059686028999
28761,24816.694131036998
28762,24817.683233955999
28763,24818.532395382001
28764,24818.984702034999
28765,24819.924451488001
28766,24820.755214948000
28767,24821.656407832001
28768,24822.760214123002
28769,24823.119026896999
28770,24823.523402290000
28771,24824.429366034001
28772,24825.171043056998
28773,24825.889636241998
28774,24826.321585587000
28775,24827.577346818998
28776,24828.473950550000
28777,24829.123384615999
28778,24830.135416413999
28779,24830.754610083000
28780,24831.458486755000
28781,24831.683351820000
28782,24832.920323393999
28783,24833.655089443000
28784,24834.616857908000
28785,24835.040346251000
28786,24835.611180245000
28787,24836.185824107000
28788,24837.370380968001
28789,24838.530604997999
28790,24839.067649129000
28791,24839.783149778999
28792,24840.649549042999
28793,24841.365412077001
28794,24842.082896648000
28795,24842.294164462000
28796,24843.369246171998
28797,24843.891510478999
28798,24845.057756369999
28799,24845.659046428998
28800,24846.710759330999
28801,24847.388569652001
28802,24848.125510477999
28803,24848.575624431000
28804,24849.817746994999
28805,24850.412507608999
28806,24851.159937150998
28807,24851.805998033000
28808,24852.400279013000
28809,24853.166889868000
28810,24854.003624833000
28811,24854.683654289998
28812,24855.191888071000
28813,24857.151813139000
28814,24857.332217849002
28815,24857.912121676000
28816,24858.825764432000
28817,24859.218861572001
28818,24859.984050256000
28819,24860.912136539999
28820,24861.551130053998
28821,24862.598158396999
28822,24862.958802793000
28823,24863.726890761001
28824,24864.968295211002
28825,24865.393909512000
28826,24866.296189302000
28827,24867.217988739001
28828,24867.852688905001
28829,24868.482405089999
28830,24869.761151094001
28831,24869.885513204001
28832,24870.517942602000
28833,24871.120469506001
28834,24871.943860578001
28835,24873.143040849001
28836,24874.140621393999
28837,24874.686334843998
28838,24875.417165149000
28839,24876.233555603001
28840,24877.033224082999
28841,24877.499416129998
28842,24878.143730946002
28843,24879.177997061000
28844,24879.882963991000
28845,24880.697517241999
28846,24881.286381431000
28847,24881.771231154002
28848,24882.959773593000
28849,24883.620595573000
28850,24884.819282626999
28851,24885.397542499999
28852,24886.407050901002
28853,24886.555881905999
28854,24887.242320493999
28855,24888.096729180001
28856,24889.059210983000
28857,24889.359859865999
28858,24890.372962246998
28859,24891.121749223999
28860,24892.378502702999
28861,24893.019257232001
28862,24893.659632810999
28863,24894.249685881001
28864,24894.740901237001
28865,24896.203715847001
28866,24896.681134563001
28867,24897.496208492001
28868,24897.608034986999
28869,24899.014698715000
28870,24899.209822059998
28871,24899.961080599998
28872,24901.374341467999
28873,24902.057449299002
28874,24902.839862143999
28875,24903.808463085999
28876,24904.030497722000
28877,24905.114062559998
28878,24905.434282981001
28879,24906.250303268000
28880,24906.850226377999
28881,24908.062946556001
28882,24908.694435518999
28883,24909.708460520000
28884,24909.800239606000
28885,24911.095376814999
28886,24911.998906212000
28887,24912.582867951001
28888,24913.285831547000
28889,24914.138082582998
28890,24914.825768488001
28891,24915.497022759999
28892,24916.297112265001
28893,24916.807646621000
28894,24917.249131041001
28895,24918.475928454998
28896,24919.665741216999
28897,24920.375280433000
28898,24921.159722550001
28899,24921.556217845002
28900,24922.251746272999
28901,24923.224405304001
28902,24923.516308187001
28903,24924.889265170001
28904,24925.467554618001
28905,24925.776665050998
28906,24926.672236757000
28907,24927.748779457001
28908,24928.553851982000
28909,24929.015350928999
28910,24930.004603243000
28911,24931.091197564001
28912,24931.752008994001
28913,24932.208596106000
28914,24932.953461238001
28915,24933.565549228999
28916,24934.026269968999
28917,24935.257573616000
28918,24935.814980227999
28919,24936.693230444998
28920,24937.858097959001
28921,24938.476928587999
28922,24939.122358150002
28923,24939.754131416001
28924,24940.674691439999
28925,24941.259270031998
28926,24941.891841034001
28927,24943.093946066001
28928,24943.604235522002
28929,24944.098402830001
28930,24945.045451286001
28931,24945.313698926999
28932,24946.676065576001
28933,24947.997471479001
28934,24948.313633629001
28935,24948.921556604000
28936,24949.598164936000
28937,24950.585721955998
28938,24951.138490982001
28939,24951.727246631999
28940,24952.347993173000
28941,24953.281962818000
28942,24954.302644545001
28943,24954.991567485999
28944,24955.811802421002
28945,24956.667865587999
28946,24957.185284906001
28947,24957.918660562002
28948,24958.969371331001
28949,24959.750572552999
28950,24960.243230865999
28951,24961.036574080001
28952,24961.512569056998
28953,24962.228019845999
28954,24963.274370958999
28955,24963.737203110999
28956,24965.334737929999
28957,24965.437156651002
28958,24966.843475958001
28959,24967.440849351002
28960,24967.703975152999
28961,24968.228604039999
28962,24969.196549157001
28963,24970.299134474000
28964,24970.761746551001
28965,24971.614103034000
28966,24972.306877474999
28967,24972.873656074000
28968,24974.162981684000
28969,24974.740753073002
28970,24975.448750000000
28971,24976.412345645000
28972,24977.118231920998
28973,24977.808168659001
28974,24978.416515800000
28975,24979.105664682000
28976,24979.958039196001
28977,24980.296191490001
28978,24981.030369295000
28979,24982.756046933999
28980,24983.235793779000
28981,24983.907464345000
28982,24984.462496004999
28983,24985.479938607001
28984,24985.879262270999
28985,24986.936834050000
28986,24987.584952097000
28987,24988.051739950999
28988,24989.182612301000
28989,24989.747263895999
28990,24990.450048639999
28991,24991.111458785999
28992,24992.012811367000
28993,24993.200709278000
28994,24993.914656549001
28995,24994.573297602001
28996,24995.306278524000
28997,24995.813136017001
28998,24996.627426731000
28999,24997.037253883998
29000,24997.971709858000
29001,24999.024046416002
29002,24999.516517106000
29003,25000.349751318001
29004,25001.600386168000
29005,25002.121243917001
29006,25002.737899183001
29007,25003.562122742998
29008,25003.944237291998
29009,25005.240154162999
29010,25005.985079794998
29011,25006.541478472001
29012,25007.077993405001
29013,25007.548419355000
29014,25008.558012235000
29015,25009.586639638001
29016,25010.382253709002
29017,25011.573662666000
29018,25011.919384855999
29019,25012.629733330999
29020,25013.360293172998
29021,25014.197298214000
29022,25014.615366294001
29023,25015.284956356001
29024,25016.404123500000
29025,25017.057895031001
29026,25017.771107417000
29027,25018.870132692002
29028,25019.416699611000
29029,25019.892141410000
29030,25021.188080071999
29031,25021.940660479999
29032,25022.570988190000
29033,25023.247632917999
29034,25023.672840039999
29035,25024.829033736001
29036,25025.375936888999
29037,25025.805643803000
29038,25026.615801520999
29039,25027.812317109001
29040,25028.979671983001
29041,25029.576433204998
29042,25030.013861389001
29043,25030.707316582000
29044,25031.669713105999
29045,25031.915048108000
29046,25033.152979019000
29047,25033.780135648001
29048,25034.699411623002
29049,25034.976079157001
29050,25035.915851729002
29051,25036.642916207998
29052,25037.949103333001
29053,25038.404470345002
29054,25039.060547581001
29055,25040.160142598001
29056,25040.882192549001
29057,25041.581412582000
29058,25041.799330368998
29059,25042.678206772001
29060,25043.287580762000
29061,25044.196537673000
29062,25045.522331998000
29063,25045.776884186002
29064,25046.870428697999
29065,25047.560985929002
29066,25048.473828713999
29067,25048.866263348998
29068,25049.530567324000
29069,25050.639715910002
29070,25051.420678214999
29071,25051.698352020001
29072,25052.745334351999
29073,25053.493577632998
29074,25053.877323263001
29075,25054.719400671998
29076,25056.048016060999
29077,25057.032973288002
29078,25057.460278736999
29079,25058.178021000000
29080,25058.856325250999
29081,25059.185628117000
29082,25060.525500063999
29083,25060.816438073001
29084,25061.759631435001
29085,25062.235663427000
29086,25063.512622580001
29087,25064.231692140998
29088,25065.026934353002
29089,25065.700038076000
29090,25066.185371826999
29091,25067.362868587999
29092,25068.117216069000
29093,25068.651416895998
29094,25069.585614169999
29095,25070.073518906000
29096,25070.486345040001
29097,25071.563618675998
29098,25072.081531607000
29099,25073.487686801000
29100,25074.169722570001
29101,25074.938599240999
29102,25075.570006530001
29103,25076.503829259000
29104,25077.005999927998
29105,25077.524729496999
29106,25078.152831252999
29107,25079.310306718999
29108,25080.350557548001
29109,25080.682588186999
29110,25081.065397408001
29111,25082.314140742001
29112,25083.252350997001
29113,25083.782165306999
29114,25084.942510903002
29115,25085.501268962002
29116,25085.939441951999
29117,25087.164097469002
29118,25087.503158995001
29119,25088.100587442001
29120,25088.787402123002
29121,25089.728272085002
29122,25090.377652204999
29123,25091.772294954000
29124,25092.476176123000
29125,25093.096453239999
29126,25093.744394984002
29127,25094.039001133999
29128,25095.349695044999
29129,25096.034742287000
29130,25096.643975095001
29131,25097.563469680001
29132,25097.844180194999
29133,25098.858379046000
29134,25099.669502601999
29135,25100.409123972000
29136,25101.138797103002
29137,25102.375241817001
29138,25103.180551642999
29139,25103.585148966002
29140,25104.314147515001
29141,25104.892349473001
29142,25105.659063063002
29143,25106.240763939000
29144,25107.176799664001
29145,25107.995311524999
29146,25108.891395258001
29147,25109.655324601001
29148,25110.335674697999
29149,25111.496529839998
29150,25111.749256092000
29151,25112.632997855999
29152,25113.265053761999
29153,25114.326744839000
29154,25114.887731090999
29155,25115.748741742998
29156,25116.157650453999
29157,25116.864585194999
29158,25117.331780092001
29159,25119.202034182999
29160,25119.615321420999
29161,25120.326706111999
29162,25121.017128849999
29163,25122.039646153000
29164,25122.225965390000
29165,25123.169755963001
29166,25123.729514383002
29167,25124.673194619001
29168,25125.402192130001
29169,25126.114690793002
29170,25127.104534211001
29171,25127.773074698998
29172,25128.482601211999
29173,25129.495755872002
29174,25129.857365003001
29175,25131.187308725999
29176,25131.991607518001
29177,25132.146926434001
29178,25132.680464012999
29179,25133.719950856001
29180,25134.461673974001
29181,25135.075541556002
29182,25135.874397789001
29183,25137.024904136000
29184,25138.057767889000
29185,25138.572189150000
29186,25139.328779921001
29187,25139.614386151999
29188,25140.595034585000
29189,25141.177644157000
29190,25142.546630429999
29191,25142.704389480001
29192,25143.551545017999
29193,25144.292036867999
29194,25144.944898755999
29195,25145.895191404001
29196,25146.864523477001
29197,25147.751160721000
29198,25148.402469766999
29199,25148.969313701000
29200,25149.880104471998
29201,25150.472269083999
29202,25151.373805945001
29203,25151.640207837001
29204,25152.118566863999
29205,25153.733871737000
29206,25154.204645903999
29207,25155.543709246002
29208,25155.669098982002
29209,25156.513165607001
29210,25157.385874669999
29211,25158.241826467001
29212,25158.740826559999
29213,25159.539953566000
29214,25160.386694282999
29215,25161.119186794000
29216,25161.763753089999
29217,25162.146337694001
29218,25163.309402055002
29219,25163.978131768999
29220,25165.182228112000
29221,25166.012786073999
29222,25166.782604446998
29223,25167.020789761002
29224,25167.864534570999
29225,25168.485423560000
29226,25169.153807224000
29227,25170.225982677999
29228,25170.897198862000
29229,25171.588246245999
29230,25172.161719707001
29231,25173.693579430001
29232,25174.171257458001
29233,25174.486102202001
29234,25175.433270316000
29235,25176.405077056999
29236,25177.285640482001
29237,25177.814408212002
29238,25178.430130041001
29239,25179.075365688001
29240,25179.722088546001
29241,25180.470080355000
29242,25181.414508389000
29243,25182.719258368001
29244,25183.333055095001
29245,25183.840904023000
29246,25184.686713449999
29247,25185.548035267999
29248,25185.805368456000
29249,25186.843114883999
29250,25187.448430180000
29251,25188.149960676001
29252,25189.283374537001
29253,25189.931508362999
29254,25190.338830583001
29255,25191.231751431002
29256,25192.223086688002
29257,25193.265389316999
29258,25193.920157108001
29259,25194.376472536002
29260,25195.310941955999
29261,25195.877534183001
29262,25196.532879042999
29263,25197.311179955999
29264,25198.050583859000
29265,25198.442216477000
29266,25199.975960188000
29267,25200.838662563001
29268,25201.191299153001
29269,25202.454865311000
29270,25202.648475653001
29271,25203.249522556998
29272,25204.125967851000
29273,25205.427195501001
29274,25205.775685052999
29275,25206.332877429999
29276,25207.132833434000
29277,25207.684039909000
29278,25208.816120798001
29279,25209.584624702999
29280,25210.518292330999
29281,25211.160137832001
29282,25212.242929398999
29283,25212.702566484000
29284,25213.531908588000
29285,25213.802579021001
29286,25214.440799430002
29287,25215.605758358000
29288,25216.189409203002
29289,25217.197929190999
29290,25217.842235855001
29291,25218.842255365998
29292,25219.506856249998
29293,25220.160424287998
29294,25220.985125707000
29295,25221.795889485998
29296,25222.573602744000
29297,25223.035022643999
29298,25224.068152535001
29299,25224.612481527001
29300,25225.361849052999
29301,25225.787356723002
29302,25226.625697455002
29303,25228.148363593002
29304,25228.943763171999
29305,25229.540061663000
29306,25229.915854743002
29307,25230.548150696999
29308,25231.724589718000
29309,25232.280243969999
29310,25232.615986722001
29311,25233.851322331000
29312,25234.469040395001
29313,25235.134085424001
29314,25236.150230411000
29315,25236.854010687999
29316,25237.727233278001
29317,25238.174431496001
29318,25239.398204121000
29319,25240.075162034998
29320,25240.632552596999
29321,25241.528086520000
29322,25241.907009458999
29323,25242.574093710999
29324,25243.208209458000
29325,25244.408331348001
29326,25245.321587601000
29327,25245.808503283999
29328,25247.237214526998
29329,25247.455318494001
29330,25248.248748787999
29331,25249.001802113002
29332,25249.349614129998
29333,25250.342748226001
29334,25251.501883793000
29335,25251.978033014999
29336,25252.465425740000
29337,25253.254788918999
29338,25254.047119831001
29339,25255.029831467000
29340,25256.100043555001
29341,25256.547423249998
29342,25257.681014530001
29343,25258.103979611002
29344,25258.550438976999
29345,25259.642034600001
29346,25260.108343716998
29347,25260.844641095999
29348,25261.459128311999
29349,25262.400620314998
29350,25263.732328452999
29351,25264.336619385002
29352,25264.805973641000
29353,25265.551487864999
29354,25266.312894488001
29355,25267.203144263000
29356,25268.061501950000
29357,25268.685777373001
29358,25269.215901488998
29359,25269.884634736001
29360,25271.060810202001
29361,25271.321060709000
29362,25271.990792789002
29363,25273.498098481999
29364,25274.206029322999
29365,25274.852146955000
29366,25275.649775644000
29367,25276.369505004001
29368,25276.790616642000
29369,25277.356545016999
29370,25278.313156075001
29371,25279.200130191999
29372,25280.038287985000
29373,25280.586723060002
29374,25281.406552151999
29375,25282.299077069001
29376,25283.260160335001
29377,25284.095550708000
29378,25284.179193265001
29379,25285.370608669000
29380,25286.264148228998
29381,25286.944843403999
29382,25287.530519910000
29383,25287.876682916001
29384,25288.765451562002
29385,25289.477079991000
29386,25290.726505513001
29387,25291.851938865999
29388,25292.104336774999
29389,25292.987961014998
29390,25293.726383928999
29391,25294.299920338999
29392,25294.923084703001
29393,25296.064745428001
29394,25296.334122166001
29395,25297.422487874999
29396,25298.002280915000
29397,25298.808140361001
29398,25299.658665929001
29399,25300.617992127001
29400,25300.762078128999
29401,25302.588091187001
29402,25302.833789339998
29403,25303.591428424999
29404,25304.029159420999
29405,25304.844589093002
29406,25305.644013891000
29407,25306.214524446001
29408,25307.046419998002
29409,25307.752379654001
29410,25308.890812141999
29411,25309.806670632999
29412,25310.710534244001
29413,25310.815270709001
29414,25311.745009736002
29415,25312.390435271998
29416,25313.468930104998
29417,25313.895279519998
29418,25314.967365015000
29419,25315.599255228000
29420,25316.157037157001
29421,25316.391554006001
29422,25317.962368566001
29423,25318.667738404001
29424,25319.674100890999
29425,25320.311531305000
29426,25320.775197710002
29427,25322.031219344000
29428,25322.230917142999
29429,25323.024319354001
29430,25323.530339612000
29431,25324.249455797999
29432,25325.682579439999
29433,25326.039271710000
29434,25326.911352487001
29435,25327.773230606999
29436,25328.511313719999
29437,25329.272524481999
29438,25329.864282170001
29439,25330.977776029998
29440,25331.438384295001
29441,25332.270163816000
29442,25332.812390719999
29443,25333.528553249002
29444,25334.486670212998
29445,25334.741538408001
29446,25335.862323158999
29447,25337.104008187001
29448,25337.957482839000
29449,25338.445398819000
29450,25339.058428177999
29451,25339.671258676000
29452,25340.225524153000
29453,25341.273268863999
29454,25342.313568215999
29455,25342.540946665998
29456,25343.243769093999
29457,25344.361022564000
29458,25345.095797405000
29459,25345.947636574001
29460,25346.488040507000
29461,25347.644624723998
29462,25348.016697837000
29463,25349.289991127000
29464,25349.704468435000
29465,25350.147963200001
29466,25350.965923842999
29467,25351.766389502998
29468,25352.106708685998
29469,25353.308339313000
29470,25354.640292415999
29471,25354.978865793000
29472,25355.720336926999
29473,25356.479937975000
29474,25357.444174692999
29475,25357.992836099998
29476,25358.311570901002
29477,25359.383125675002
29478,25360.461692737001
29479,25360.799774724001
29480,25361.634411382001
29481,25362.449116121999
29482,25362.688201247998
29483,25364.295223392000
29484,25364.993647519001
29485,25365.716509540998
29486,25366.465058307000
29487,25367.011185738000
29488,25367.771062521999
29489,25368.402564509001
29490,25369.116154001000
29491,25369.729940345998
29492,25370.790728242999
29493,25371.360103401999
29494,25372.465184141001
29495,25373.587557463001
29496,25373.866158489000
29497,25374.408259809999
29498,25375.204082085002
29499,25376.220673325999
29500,25377.178066640001
29501,25377.606951846999
29502,25378.268034956000
29503,25378.788672346000
29504,25379.704006051001
29505,25380.426007450998
29506,25381.431605524998
29507,25382.197431618999
29508,25383.249832267000
29509,25384.078138702000
29510,25384.573471787000
29511,25384.883640090000
29512,25386.046690609001
29513,25386.443363081002
29514,25387.106353874999
29515,25388.297992656000
29516,25388.972009863999
29517,25389.635739983001
29518,25390.369484463001
29519,25391.389364015999
29520,25392.010428685000
29521,25392.832620473000
29522,25393.890962361002
29523,25394.167752399000
29524,25394.894982434998
29525,25395.924583131000
29526,25396.681492030999
29527,25396.926062799001
29528,25397.542359591000
29529,25398.462523651000
29530,25400.075444425998
29531,25400.524915130001
29532,25401.194969863001
29533,25401.983479446000
29534,25402.489454283001
29535,25403.299420980002
29536,25404.072414220998
29537,25404.720155649000
29538,25405.695203417999
29539,25406.202672799001
29540,25407.054159283001
29541,25407.635437166999
29542,25408.708270946001
29543,25409.465610249001
29544,25410.083521683999
29545,25411.165417529999
29546,25411.965922021998
29547,25412.590311622000
29548,25413.287109934001
29549,25413.602688806001
29550,25414.228530747001
29551,25415.493648773001
29552,25416.008100145002
29553,25416.778137121000
29554,25417.988319353000
29555,25418.547972938999
29556,25419.536061407001
29557,25420.086143443001
29558,25420.690075433002
29559,25421.168187191000
29560,25422.557082546999
29561,25422.981226946999
29562,25423.764358703000
29563,25424.476569390001
29564,25424.889912795999
29565,25425.981843735000
29566,25426.391790995000
29567,25428.066191140999
29568,25428.664696174001
29569,25429.077511342999
29570,25429.806903412002
29571,25430.699932195999
29572,25431.326790029001
29573,25431.892243044000
29574,25432.661367394001
29575,25433.334383152000
29576,25434.167161793001
29577,25435.515756919001
29578,25435.834673447000
29579,25436.628199728999
29580,25437.338947663000
29581,25438.215127702999
29582,25439.070645872998
29583,25439.791092267002
29584,25440.398423998002
29585,25441.262070250999
29586,25441.654609939000
29587,25442.700753184999
29588,25442.937037332002
29589,25444.024701619001
29590,25444.964059713999
29591,25446.110757938000
29592,25446.598623329999
29593,25447.670703775999
29594,25447.835271055999
29595,25448.815642186000
29596,25449.010557942998
29597,25450.147918885999
29598,25451.108575239999
29599,25451.824528440000
29600,25452.519844467999
29601,25452.661404457001
29602,25454.304245583000
29603,25454.865881303998
29604,25455.613674807999
29605,25456.229204692001
29606,25457.361137667998
29607,25458.078011838999
29608,25458.393791015998
29609,25459.387263641998
29610,25459.877498342001
29611,25460.434820194001
29612,25461.192470395999
29613,25462.551607525998
29614,25463.142947392000
29615,25464.306942064999
29616,25464.770714666000
29617,25465.190002200001
29618,25466.081955795999
29619,25467.057951434999
29620,25467.548788943001
29621,25468.405963466001
29622,25468.898259507001
29623,25470.063012662999
29624,25470.504357319998
29625,25471.240837669000
29626,25471.895778310001
29627,25473.038153341000
29628,25474.073586454000
29629,25474.835596524001
29630,25475.284903513999
29631,25475.851052163001
29632,25476.573701113000
29633,25477.423067168002
29634,25478.207105439000
29635,25478.453111773000
29636,25479.952373896998
29637,25480.217442376001
29638,25481.486498311999
29639,25482.235469414001
29640,25482.796673633999
29641,25483.613892530000
29642,25484.180111311998
29643,25484.896206226000
29644,25486.275502075001
29645,25486.547800179000
29646,25487.113483503999
29647,25487.824782723001
29648,25488.434264747000
29649,25489.319018153001
29650,25490.602016583998
29651,25491.320999922002
29652,25491.932078939000
29653,25492.755864149000
29654,25493.675929547000
29655,25494.062221442000
29656,25494.713905919001
29657,25495.185030750999
29658,25496.413826143998
29659,25497.120785835999
29660,25497.765250682001
29661,25498.593556532000
29662,25499.682773760000
29663,25499.866460744001
29664,25501.064085868002
29665,25501.800659707002
29666,25502.682672736999
29667,25503.222140399001
29668,25504.004527723999
29669,25504.578637145001
29670,25505.191384080001
29671,25506.343957522000
29672,25506.565261172000
29673,25507.230019047001
29674,25508.894290183001
29675,25509.759119015001
29676,25510.089343652999
29677,25510.659493299001
29678,25511.482690544999
29679,25512.125518818000
29680,25512.976346400999
29681,25513.922860654999
29682,25514.391620929000
29683,25515.142494496002
29684,25515.942557278999
29685,25516.577343506000
29686,25517.635107938000
29687,25518.291430489000
29688,25519.237528810001
29689,25520.084569118000
29690,25520.673273093998
29691,25521.474564983000
29692,25522.220908735999
29693,25522.662732380999
29694,25523.165597601001
29695,25524.002558175998
29696,25525.158241010999
29697,25525.994266851001
29698,25526.720109851001
29699,25527.332145729000
29700,25528.551577179998
29701,25529.050572820001
29702,25529.306175440001
29703,25530.629308092000
29704,25530.934793559001
29705,25532.005987430999
29706,25532.894660596001
29707,25533.214175262001
29708,25533.828895939001
29709,25534.572528011999
29710,25535.838186942001
29711,25536.587745080000
29712,25537.657767297998
29713,25538.264112453999
29714,25538.635162209001
29715,25539.394588428000
29716,25540.115501225999
29717,25540.912158801999
29718,25541.671304881002
29719,25542.217448578998
29720,25543.157246676001
29721,25544.042307365999
29722,25544.980199287998
29723,25545.737771152999
29724,25546.289924869001
29725,25546.678004750000
29726,25548.301214886000
29727,25548.691300442999
29728,25549.337197106001
29729,25549.813765954001
29730,25550.927202878000
29731,25551.114184761998
29732,25552.208188565000
29733,25552.758771477998
29734,25554.084827541999
29735,25554.987037310999
29736,25555.396605361999
29737,25556.524089189999
29738,25556.698357949001
29739,25557.634613664999
29740,25558.160406996001
29741,25558.870731678999
29742,25560.066412462002
29743,25560.632064501999
29744,25561.308338219002
29745,25561.982437672999
29746,25562.704625621001
29747,25563.906934125000
29748,25564.697683220998
29749,25565.291693764000
29750,25565.919789881998
29751,25566.828070478001
29752,25567.628138194999
29753,25568.169479093998
29754,25568.607063118001
29755,25569.420101214000
29756,25570.136290620001
29757,25571.314765945001
29758,25572.355963615999
29759,25573.044297782999
29760,25573.389400976001
29761,25574.377039129002
29762,25574.967323244000
29763,25575.657950088000
29764,25576.539052065000
29765,25577.571162914999
29766,25577.944889433998
29767,25578.301190342001
29768,25579.549061477999
29769,25580.307508075999
29770,25580.798940421999
29771,25581.870604722000
29772,25582.980706578001
29773,25583.541987568002
29774,25584.419672818000
29775,25584.843757047001
29776,25585.175347239001
29777,25586.291347791001
29778,25586.805193508000
29779,25587.945418189000
29780,25588.414043790999
29781,25589.236904234000
29782,25590.483179709001
29783,25591.032099581000
29784,25591.573128712000
29785,25592.527245316000
29786,25593.102979379000
29787,25593.908746028999
29788,25594.896420694000
29789,25595.353086098999
29790,25596.168994694999
29791,25596.920076966999
29792,25597.095128787001
29793,25598.076432237998
29794,25599.690304193999
29795,25600.200334472000
29796,25600.816854155000
29797,25601.666110599999
29798,25602.115384378001
29799,25603.096668661001
29800,25603.768352055999
29801,25604.169711920000
29802,25604.934661294999
29803,25606.124868786999
29804,25606.858722753001
29805,25607.284206764001
29806,25608.282097193998
29807,25609.206050871999
29808,25609.657388796000
29809,25610.762431884999
29810,25611.476953449001
29811,25612.399922608001
29812,25612.615401071002
29813,25613.334834593999
29814,25614.348543848999
29815,25614.720456487001
29816,25615.500204782002
29817,25616.666428019998
29818,25617.305731853001
29819,25618.599518761999
29820,25619.055421106001
29821,25619.886144338001
29822,25620.115841030001
29823,25620.729090741999
29824,25622.059623282999
29825,25622.698379025001
29826,25623.349230455002
29827,25624.064253594999
29828,25624.596251690000
29829,25625.440413166001
29830,25626.702645895999
29831,25627.023013083999
29832,25628.160986462000
29833,25628.905309881000
29834,25629.603056679000
29835,25630.239644828001
29836,25630.941132438998
29837,25631.579856290999
29838,25632.122718136001
29839,25632.942428237999
29840,25633.731433839999
29841,25635.185181658999
29842,25635.484625415000
29843,25636.378529353002
29844,25636.891036961999
29845,25637.857134459999
29846,25638.740464416998
29847,25639.063964206998
29848,25640.172448150999
29849,25640.555408828001
29850,25641.682057108999
29851,25642.132555338001
29852,25642.789335287998
29853,25643.445533968999
29854,25644.438762417001
29855,25645.920601496000
29856,25646.474401277999
29857,25646.603255909999
29858,25647.730894691002
29859,25648.444945621999
29860,25648.813942040000
29861,25649.495002399999
29862,25650.721349461001
29863,25651.243741446000
29864,25651.885761714999
29865,25652.793475274000
29866,25653.863494812002
29867,25654.504149646000
29868,25655.225887983001
29869,25655.686960218001
29870,25656.758892360001
29871,25657.626164132002
29872,25658.402743310999
29873,25658.887887088000
29874,25659.299320179001
29875,25659.958032891001
29876,25661.161641217001
29877,25661.693760498001
29878,25662.967773471999
29879,25663.640659498000
29880,25664.518432138000
29881,25664.936557993999
29882,25665.879381006001
29883,25666.310744532999
29884,25666.984762010001
29885,25667.934600002998
29886,25668.703671570001
29887,25669.445727357001
29888,25670.217629680999
29889,25670.849846450001
29890,25671.624339749000
29891,25672.536967166001
29892,25673.466461682001
29893,25674.519041469001
29894,25674.789102823001
29895,25675.452725783001
29896,25676.146534557000
29897,25677.246175723001
29898,25677.546028240999
29899,25678.280192085000
29900,25678.799201525999
29901,25680.306842340000
29902,25681.082573221000
29903,25681.791846613000
29904,25682.560119170001
29905,25682.897986577002
29906,25683.753194789999
29907,25684.644725052000
29908,25685.459308418998
29909,25686.078619030999
29910,25686.862874502000
29911,25687.442990170999
29912,25688.146649073002
29913,25688.833183473002
29914,25690.074037048998
29915,25690.901566249999
29916,25691.283304744000
29917,25692.620474546002
29918,25693.281106396000
29919,25693.448787681002
29920,25694.251803228999
29921,25695.066648497999
29922,25695.433122576000
29923,25696.808493954999
29924,25697.481812262002
29925,25698.049252351000
29926,25698.952182588000
29927,25700.064509841999
29928,25700.490782050001
29929,25701.241764414000
29930,25701.867803804998
29931,25702.977558505001
29932,25703.451570795001
29933,25704.524776173999
29934,25704.587255056998
29935,25705.662393148999
29936,25706.324686391999
29937,25706.700695161999
29938,25708.413124372000
29939,25709.066569762999
29940,25709.938709819999
29941,25710.316413450000
29942,25710.814558736001
29943,25711.854366324002
29944,25712.462416171998
29945,25713.281313395000
29946,25713.827765590999
29947,25714.816198035998
29948,25715.308696945998
29949,25716.591702787999
29950,25717.263278278999
29951,25717.441672295001
29952,25718.758288448000
29953,25719.570271363002
29954,25720.344448544001
29955,25720.895676757998
29956,25721.754338040999
29957,25722.158051150000
29958,25722.897361222000
29959,25723.568718560000
29960,25724.493389466999
29961,25725.276233165001
29962,25726.554126054001
29963,25727.000045461999
29964,25727.813202688001
29965,25728.660579577001
29966,25729.103199093999
29967,25729.913783227999
29968,25730.227327492001
29969,25731.738896622999
29970,25732.339752892000
29971,25732.815135288001
29972,25733.302839970998
29973,25734.217409718000
29974,25735.319355780000
29975,25736.113859116998
29976,25737.030637647000
29977,25737.589090414000
29978,25738.277643861999
29979,25739.223582711998
29980,25739.734664250998
29981,25740.223776048999
29982,25740.996774308998
29983,25741.757500128999
29984,25742.661621226001
29985,25743.586366193998
29986,25744.668535429999
29987,25745.110003857000
29988,25745.789219071001
29989,25746.483101640999
29990,25747.218193099001
29991,25748.585356084001
29992,25748.724782516001
29993,25749.293147445002
29994,25750.264446863999
29995,25751.014282177999
29996,25751.605483121999
29997,25752.363503318000
29998,25753.215571952001
29999,25754.460945737999
30000,25755.348274561002
30001,25755.713015460002
30002,25756.391956590000
30003,25757.061545660999
30004,25757.546929649001
30005,25758.707444635002
30006,25759.151351666998
30007,25760.010986208999
30008,25761.045916138999
30009,25761.463219852001
30010,25762.346992274001
30011,25763.535216863998
30012,25763.974627936001
30013,25764.526703561001
30014,25765.598929472999
30015,25766.309810775001
30016,25767.002560028999
30017,25767.792663878001
30018,25768.276102492000
30019,25769.013675054000
30020,25769.231894684999
30021,25770.899161157002
30022,25771.846256536999
30023,25772.354179868998
30024,25773.003606541999
30025,25773.976616942000
30026,25774.593724267001
30027,25775.082594198000
30028,25775.799701566000
30029,25776.791499154999
30030,25777.393820677000
30031,25778.254411565002
30032,25779.086608821999
30033,25779.408721248001
30034,25780.723485711002
30035,25781.121136625999
30036,25782.215012682002
30037,25783.211686303999
30038,25783.727894318999
30039,25784.314647554998
30040,25785.108167980001
30041,25785.367349953001
30042,25786.721133519000
30043,25786.922170415000
30044,25787.994735286000
30045,25788.565397694001
30046,25790.118275171000
30047,25790.594965722001
30048,25791.246722098000
30049,25791.674408522002
30050,25792.574992948001
30051,25793.298837732000
30052,25794.291113097999
30053,25795.010097446000
30054,25795.629318265001
30055,25795.987262047001
30056,25797.017182041000
30057,25797.699680204001
30058,25798.588732613000
30059,25799.802790242000
30060,25800.389760717000
30061,25801.059447789001
30062,25801.676805445000
30063,25802.641253761001
30064,25803.252955028998
30065,25803.586084559000
30066,25804.232896920999
30067,25805.441668463001
30068,25806.374192087998
30069,25806.854775219999
30070,25807.884643697002
30071,25808.460157329999
30072,25809.200759474999
30073,25810.351607481000
30074,25810.751650876002
30075,25811.336648201999
30076,25812.450011620000
30077,25813.072208575999
30078,25813.537532580001
30079,25814.484234471998
30080,25814.799503825001
30081,25815.749649288999
30082,25817.035810722002
30083,25817.876250074001
30084,25818.552198115001
30085,25819.347223829001
30086,25819.652518145998
30087,25820.304877171999
30088,25821.308363707001
30089,25821.918836920999
30090,25822.947384240000
30091,25823.569261903998
30092,25823.865595882002
30093,25825.179273074002
30094,25825.945548909000
30095,25826.848999203001
30096,25827.083406025999
30097,25828.190267033999
30098,25829.424798159998
30099,25829.654818202998
30100,25830.361709388999
30101,25830.848632723999
30102,25831.691079794000
30103,25832.515320474002
30104,25832.930319259998
30105,25834.315684693000
30106,25835.199816726999
30107,25835.653786759998
30108,25836.841185730998
30109,25837.109513023999
30110,25837.838932311999
30111,25838.693398075000
30112,25839.307178734001
30113,25840.185241690000
30114,25840.855968840999
30115,25841.887353493999
30116,25842.397608022002
30117,25842.657414401001
30118,25843.800593348999
30119,25845.316467908000
30120,25845.500695810999
30121,25846.474929229000
30122,25847.063478225999
30123,25847.661032219999
30124,25848.522983487001
30125,25849.243319819001
30126,25849.654915067000
30127,25850.466214772001
30128,25851.355212336999
30129,25852.509475690000
30130,25853.147527420999
30131,25853.888746781999
30132,25854.731317138001
30133,25855.211077931999
30134,25855.841246040000
30135,25857.154271497999
30136,25857.563982449999
30137,25858.399235154000
30138,25858.926067321001
30139,25859.429097070999
30140,25860.356069641999
30141,25861.325663203999
30142,25861.979046061999
30143,25863.075472113000
30144,25863.947457487000
30145,25864.539259835001
30146,25865.319251348999
30147,25865.748708470001
30148,25866.373138309002
30149,25866.998331488001
30150,25868.266477640002
30151,25868.983112944999
30152,25869.278752278999
30153,25870.387836959999
30154,25871.178493893000
30155,25872.137434202999
30156,25872.507318979999
30157,25873.609770405001
30158,25874.401894489001
30159,25874.841017350998
30160,25875.676384671999
30161,25876.609643766002
30162,25877.099174048999
30163,25877.447514995001
30164,25878.428820472000
30165,25879.146177127001
30166,25880.770792137999
30167,25881.342463590001
30168,25881.799252018998
30169,25882.199456242000
30170,25883.401155955002
30171,25883.976670535001
30172,25884.606243385999
30173,25885.437226811999
30174,25886.085505743999
30175,25887.088318171998
30176,25887.568633643001
30177,25888.355453975000
30178,25889.329714029998
30179,25889.876140658002
30180,25891.062976797999
30181,25891.701187641000
30182,25892.673053562001
30183,25892.936385065001
30184,25893.802609214999
30185,25894.421543593999
30186,25894.860373480002
30187,25895.898251921000
30188,25896.759985704000
30189,25897.550000175001
30190,25898.349851162999
30191,25899.371810878001
30192,25900.104729622999
30193,25900.710172835999
30194,25901.063798317002
30195,25901.887197111999
30196,25903.145415331001
30197,25903.713207305002
30198,25904.254645133002
30199,25904.926705943999
30200,25905.629677976998
30201,25906.224398760001
30202,25907.576269771998
30203,25908.334702648001
30204,25909.126892438999
30205,25909.792221387001
30206,25910.645901147000
30207,25911.076147299998
30208,25911.668406070999
30209,25912.735270163001
30210,25913.178351947001
30211,25913.746230567001
30212,25915.068290807001
30213,25915.699954493000
30214,25916.695729236999
30215,25917.109593429999
30216,25917.843355721001
30217,25918.857519830999
30218,25919.558504647001
30219,25920.502013902998
30220,25920.972722541999
30221,25921.413194534001
30222,25922.437596841999
30223,25923.246262025001
30224,25923.713982498000
30225,25924.168467881998
30226,25925.961412874000
30227,25926.340548618002
30228,25927.495666997998
30229,25927.722002728999
30230,25928.597570392001
30231,25929.076984365998
30232,25929.867889259000
30233,25930.603941066998
30234,25931.687570618000
30235,25932.252579450000
30236,25932.883781651999
30237,25933.467852392001
30238,25934.730837360999
30239,25935.406560558000
30240,25936.130280518999
30241,25936.966357558998
30242,25937.506629584001
30243,25938.775241600000
30244,25939.125499999001
30245,25939.660255871000
30246,25940.315018240999
30247,25940.881835475000
30248,25941.916974003001
30249,25943.039042404002
30250,25943.631529635000
30251,25944.736635738001
30252,25945.242623917002
30253,25945.755458844000
30254,25946.787090936999
30255,25947.254886686002
30256,25948.061720827001
30257,25948.867092903001
30258,25949.775116035002
30259,25950.177094064002
30260,25950.950037561000
30261,25951.929435664999
30262,25952.376441274999
30263,25953.378733785001
30264,25954.921967758000
30265,25955.043448197001
30266,25955.765382789999
30267,25956.218115301999
30268,25957.207870351998
30269,25957.789116851000
30270,25958.546859073002
30271,25959.252527788001
30272,25960.016431774999
30273,25960.883685511999
30274,25962.204948931001
30275,25962.489030574001
30276,25963.304468140999
30277,25963.850702356998
30278,25964.712122007000
30279,25965.771761970998
30280,25966.137417952999
30281,25967.270046343001
30282,25967.543836572000
30283,25968.323585448001
30284,25968.829767169998
30285,25969.776446063999
30286,25971.040264006999
30287,25971.734503127002
30288,25972.453374057000
30289,25973.134145003001
30290,25974.044521652999
30291,25974.618209396998
30292,25975.126813002000
30293,25975.604851661999
30294,25976.742377720999
30295,25977.612037889001
30296,25978.314159640999
30297,25979.149584737999
30298,25979.442661449000
30299,25980.890367896998
30300,25981.435180569999
30301,25982.047647444000
30302,25983.022446587001
30303,25983.941405506001
30304,25984.163921620999
30305,25985.032479620000
30306,25985.848123249001
30307,25986.291698962999
30308,25987.171224770998
30309,25987.712057723998
30310,25989.295741663002
30311,25989.992776982999
30312,25990.491871507002
30313,25991.367393318000
30314,25991.792505525002
30315,25992.281117089002
30316,25993.569750929000
30317,25994.468452049001
30318,25994.577343494999
30319,25995.445876727001
30320,25996.313131988001
30321,25997.331963797002
30322,25997.602070172001
30323,25999.011309553000
30324,25999.242172392002
30325,26000.761264743000
30326,26000.993886500000
30327,26001.824369386999
30328,26002.419445897001
30329,26003.042997498000
30330,26003.689509796000
30331,26004.446746141999
30332,26005.333605333999
30333,26006.337570194999
30334,26007.192520637000
30335,26007.773153898001
30336,26008.582005699998
30337,26009.558550485999
30338,26009.877085352000
30339,26010.712234873001
30340,26011.378279381999
30341,26012.406946876999
30342,26013.194078932000
30343,26013.670086324000
30344,26014.145709726999
30345,26014.876713883001
30346,26016.033810079000
30347,26017.224946742001
30348,26017.859945867000
30349,26018.309151342000
30350,26019.280848319999
30351,26019.651681324001
30352,26020.672488231001
30353,26021.184843670999
30354,26021.616869901001
30355,26022.948506610999
30356,26023.440763473998
30357,26024.132471153000
30358,26025.520583910002
30359,26025.915839328001
30360,26026.533684662001
30361,26027.147737427000
30362,26028.519549950001
30363,26028.894793280000
30364,26029.905666790000
30365,26030.191548711002
30366,26030.885568231999
30367,26031.606453347998
30368,26032.548983757999
30369,26033.145790720999
30370,26034.116269948001
30371,26035.198300221000
30372,26036.157870079001
30373,26036.503978197001
30374,26037.117468555000
30375,26037.747087422998
30376,26038.635087750001
30377,26039.198534022999
30378,26040.198746196998
30379,26041.128960401998
30380,26041.428974217000
30381,26042.207730877999
30382,26043.245536087001
30383,26043.886961614000
30384,26044.982932114999
30385,26045.715839722001
30386,26046.173108153998
30387,26047.074009979999
30388,26047.862420002999
30389,26048.361203870001
30390,26049.213453623001
30391,26049.738489062998
30392,26050.039401511000
30393,26051.697558944001
30394,26052.712110550001
30395,26052.957322374001
30396,26053.883462418999
30397,26054.539961839000
30398,26055.339442575001
30399,26055.937439248999
30400,26056.722250201001
30401,26057.748892213000
30402,26058.038269454999
30403,26058.997529828001
30404,26059.652122410000
30405,26060.343968833000
30406,26061.118943269001
30407,26062.208896316999
30408,26063.026797219001
30409,26063.772001697998
30410,26064.730581579999
30411,26065.246143388002
30412,26065.452279777001
30413,26066.217700588000
30414,26067.302181755000
30415,26068.039254260999
30416,26068.642366937001
30417,26069.507714961001
30418,26070.423658676002
30419,26071.402913334001
30420,26072.048508534001
30421,26072.573303159999
30422,26073.164862232999
30423,26074.201750668999
30424,26075.230545735001
30425,26075.714382277001
30426,26076.033134598001
30427,26077.198939813999
30428,26077.473515064001
30429,26078.265756952998
30430,26079.466277561001
30431,26080.597259736001
30432,26081.323802104002
30433,26081.493199454999
30434,26082.513118397001
30435,26083.232030849002
30436,26084.005153413000
30437,26084.316654383001
30438,26085.330963376000
30439,26085.947427539999
30440,26087.211823704001
30441,26087.537459397001
30442,26088.450827815999
30443,26089.120118077000
30444,26089.979028371999
30445,26090.939056664000
30446,26091.814458375000
30447,26092.261961155000
30448,26092.784492297000
30449,26093.897139900000
30450,26094.467851433001
30451,26094.756038325999
30452,26095.752130665001
30453,26096.574321538999
30454,26097.565843262000
30455,26098.668274702999
30456,26099.282024712000
30457,26099.890224532999
30458,26100.381927356000
30459,26101.326977179000
30460,26101.652051251000
30461,26102.955210237000
30462,26103.764670057000
30463,26104.041210124000
30464,26104.963969958000
30465,26105.265952885002
30466,26106.850390542000
30467,26107.401503572000
30468,26107.883927537001
30469,26109.201858935001
30470,26109.768163295001
30471,26110.382947965001
30472,26111.227743138999
30473,26111.618092064000
30474,26112.307695888001
30475,26112.933268158999
30476,26114.144914775999
30477,26114.706305487001
30478,26115.849636275001
30479,26116.516292618999
30480,26117.153947311999
30481,26117.928963390001
30482,26118.545220863001
30483,26119.549896517001
30484,26120.110256455999
30485,26120.826928843999
30486,26121.530391965000
30487,26122.489948823000
30488,26122.945821286001
30489,26123.622103670001
30490,26124.204150082998
30491,26125.928379000001
30492,26126.418359679999
30493,26127.166810416998
30494,26127.769128496999
30495,26128.209306442001
30496,26129.234077282999
30497,26129.726964666999
30498,26130.588760626000
30499,26131.263045168002
30500,26132.010070639000
30501,26133.020657924000
30502,26133.700422282000
30503,26134.607185744000
30504,26135.212744198001
30505,26136.266089743000
30506,26136.362630223000
30507,26137.753352929001
30508,26138.472203664998
30509,26139.031552418001
30510,26139.520455901999
30511,26140.043079622999
30512,26141.174907261000
30513,26141.556745889000
30514,26143.097337964002
30515,26143.646805280001
30516,26144.252030393000
30517,26145.427292204000
30518,26145.971803042001
30519,26146.338749080998
30520,26147.011545075999
30521,26147.824162580000
30522,26148.873722758999
30523,26149.682988572000
30524,26150.013278574999
30525,26150.873962164998
30526,26151.787088285000
30527,26152.413551232999
30528,26153.529228760999
30529,26154.281426492002
30530,26154.944713524001
30531,26155.805991092999
30532,26156.182115750998
30533,26156.963558975000
30534,26157.763058863002
30535,26158.502700256999
30536,26158.845759176002
30537,26159.820572839999
30538,26161.186804247001
30539,26161.971057273000
30540,26162.493197823002
30541,26163.097418066001
30542,26163.571388865999
30543,26164.767272633999
30544,26165.536602494001
30545,26165.932045572001
30546,26166.937810411000
30547,26167.547600500999
30548,26168.075688492001
30549,26169.050778141002
30550,26169.693917791999
30551,26170.672173565999
30552,26171.658741610001
30553,26172.423763002000
30554,26173.180081412000
30555,26173.591763024000
30556,26174.511686565998
30557,26174.997933899002
30558,26175.532369552999
30559,26176.364838772999
30560,26177.798582406998
30561,26178.026372626999
30562,26178.675298040002
30563,26179.962503990999
30564,26180.588900605999
30565,26181.286854335998
30566,26181.912754911998
30567,26182.660254801998
30568,26183.576533692001
30569,26184.249269689000
30570,26185.175907712000
30571,26185.617590373000
30572,26185.870078534001
30573,26186.911043012999
30574,26187.975276525998
30575,26189.048608353001
30576,26189.795647392999
30577,26190.512875822002
30578,26190.907192610000
30579,26191.813453756000
30580,26192.293312543999
30581,26193.291221314001
30582,26193.798573024000
30583,26194.818037069999
30584,26195.169021139001
30585,26196.388929486999
30586,26196.999308105002
30587,26197.929004489000
30588,26198.360787742000
30589,26199.270690091998
30590,26200.495330230999
30591,26201.045177004002
30592,26201.477812453999
30593,26202.215051960000
30594,26202.772406697000
30595,26203.791672525000
30596,26204.306395500000
30597,26204.960239833999
30598,26206.117249094001
30599,26207.310839720001
30600,26207.722458385000
30601,26208.298589425998
30602,26209.515646329000
30603,26209.635439243000
30604,26210.155537347000
30605,26211.550423880999
30606,26212.107691288998
30607,26212.796214741000
30608,26213.569662681999
30609,26214.160000315002
30610,26214.669087031001
30611,26216.142513538001
30612,26216.844198792001
30613,26217.659030881001
30614,26217.997443429998
30615,26219.110850647001
30616,26219.846109219001
30617,26220.302908400001
30618,26220.833621547001
30619,26221.529282128999
30620,26222.472153466999
30621,26223.367558587001
30622,26224.494551895001
30623,26224.909907284000
30624,26225.768652699000
30625,26226.455151549999
30626,26227.300880136001
30627,26227.753707240001
30628,26228.878701884001
30629,26229.610118247001
30630,26229.995621562000
30631,26230.736449978998
30632,26231.662842875001
30633,26232.169931835000
30634,26233.019410769000
30635,26233.899283346000
30636,26235.122345927000
30637,26235.981887460999
30638,26236.292475480001
30639,26236.853764305000
30640,26237.639071656002
30641,26238.181855585000
30642,26239.299950901001
30643,26239.792986270000
30644,26240.851329109999
30645,26241.126287080999
30646,26242.267462471002
30647,26243.284258688000
30648,26243.902181382000
30649,26244.247203064999
30650,26245.456860064001
30651,26246.191063799000
30652,26246.782112696001
30653,26247.657604699001
30654,26248.234463089000
30655,26248.880275913001
30656,26249.398790490999
30657,26250.033468424001
30658,26251.593468499999
30659,26252.224495996001
30660,26253.065098087998
30661,26253.609819828998
30662,26254.377427883999
30663,26255.070141387001
30664,26255.898558475001
30665,26256.455123193002
30666,26256.866329356999
30667,26258.515744386001
30668,26258.614366158999
30669,26259.457480830999
30670,26260.040406134998
30671,26261.149059571999
30672,26261.844090652001
30673,26262.893023371998
30674,26263.583875879001
30675,26264.208720087001
30676,26264.971259827998
30677,26265.395242490998
30678,26266.312341384000
30679,26266.831027623000
30680,26267.691681552998
30681,26268.356738932001
30682,26269.464498679001
30683,26270.264400082000
30684,26271.446309464001
30685,26271.762827285002
30686,26272.088282436998
30687,26272.985951023998
30688,26273.910751108000
30689,26274.957403068001
30690,26275.451680908998
30691,26275.994170332000
30692,26276.507727394001
30693,26277.596149205001
30694,26278.272376827001
30695,26279.086718707000
30696,26280.340929288999
30697,26280.727918713001
30698,26281.679220470000
30699,26282.432484421999
30700,26282.924332446000
30701,26283.400734602001
30702,26284.355319615999
30703,26284.854536330000
30704,26285.896833773000
30705,26286.639595741999
30706,26287.697786254001
30707,26288.245585508001
30708,26288.780211283000
30709,26290.037931354000
30710,26290.471578829001
30711,26291.388009766000
30712,26291.888172773000
30713,26292.778324277999
30714,26293.590714381000
30715,26294.091023904999
30716,26294.863288551998
30717,26295.444007111000
30718,26295.977709924999
30719,26297.901893383001
30720,26298.209495879000
30721,26298.858000115000
30722,26299.632983699001
30723,26300.248415452999
30724,26301.084570840001
30725,26301.442736681998
30726,26302.482783744999
30727,26303.410564342001
30728,26303.801567021001
30729,26304.622869010000
30730,26305.492350396999
30731,26306.423194526000
30732,26307.205450201000
30733,26307.655848458999
30734,26308.628906993999
30735,26309.720032211000
30736,26310.310209687999
30737,26310.644643367999
30738,26311.514114950001
30739,26311.946899298000
30740,26312.700265216001
30741,26314.017261950001
30742,26314.273010018998
30743,26315.571881928001
30744,26316.311046187999
30745,26317.164718008000
30746,26317.588558206000
30747,26318.311306441999
30748,26318.889911390001
30749,26319.932096797002
30750,26320.528599678000
30751,26321.426912606999
30752,26322.092637665999
30753,26322.748162094998
30754,26323.169516111000
30755,26324.415874964001
30756,26325.217764752000
30757,26326.290909939002
30758,26326.948464780002
30759,26327.474396995000
30760,26327.807658502999
30761,26329.115625558999
30762,26329.738209913001
30763,26329.948940746999
30764,26330.749358726000
30765,26331.834590625000
30766,26332.812320176999
30767,26333.706563075000
30768,26334.219092275998
30769,26334.940531668999
30770,26335.612420526999
30771,26336.453054509999
30772,26337.402107935999
30773,26338.012890915001
30774,26338.542225319001
30775,26339.438622688001
30776,26340.133556073000
30777,26340.462266269999
30778,26341.548053750001
30779,26342.569630660000
30780,26343.332108515999
30781,26344.288447944000
30782,26344.979150879000
30783,26345.587336858000
30784,26346.348358065999
30785,26346.550258848001
30786,26347.394110370999
30787,26348.603044828000
30788,26349.202667882000
30789,26350.088768651000
30790,26350.291190061998
30791,26351.671937580999
30792,26352.357401593999
30793,26353.164059295999
30794,26353.725002653999
30795,26354.515460830000
30796,26355.490243703000
30797,26356.266477757999
30798,26356.590746985999
30799,26357.287712293000
30800,26358.146531062001
30801,26358.634721787999
30802,26359.469615599999
30803,26361.025286998000
30804,26361.694038269001
30805,26361.967583819001
30806,26362.961606026998
30807,26363.358987894000
30808,26364.572608438000
30809,26364.716597309001
30810,26365.926368857999
30811,26366.397631824999
30812,26367.104132239001
30813,26368.115552273001
30814,26368.799277193000
30815,26369.463753378001
30816,26370.069381943002
30817,26371.499574427999
30818,26372.181656697001
30819,26372.552571698001
30820,26373.521867252999
30821,26374.195874444002
30822,26374.410551511999
30823,26375.500998083000
30824,26376.201222864001
30825,26376.725008180001
30826,26378.061241878000
30827,26378.545385343001
30828,26379.805541100999
30829,26380.131402448998
30830,26380.982808966000
30831,26381.650425459000
30832,26382.086397219999
30833,26383.176968821001
30834,26384.123246006999
30835,26384.765845096001
30836,26385.183166602001
30837,26385.649246526998
30838,26386.648373538999
30839,26387.699149100001
30840,26388.839379708999
30841,26389.092962416998
30842,26390.191738013000
30843,26390.794881192000
30844,26391.527174417999
30845,26392.057731707999
30846,26392.732033832999
30847,26393.398618919000
30848,26394.186724407002
30849,26395.394269254000
30850,26395.768320849002
30851,26396.721973918000
30852,26397.754897030001
30853,26398.137958875999
30854,26398.719164579001
30855,26400.096914328002
30856,26400.612347061000
30857,26401.157329660000
30858,26401.835074044000
30859,26402.579102471002
30860,26403.547823903002
30861,26403.898035188002
30862,26404.528826082998
30863,26405.716880301999
30864,26406.886049884000
30865,26407.678020880001
30866,26408.126764606001
30867,26408.676448025999
30868,26409.210370560999
30869,26410.305992565001
30870,26410.853060922000
30871,26411.753218084999
30872,26412.342912124001
30873,26413.415338280000
30874,26413.600484854000
30875,26414.777709931001
30876,26415.627248714001
30877,26416.450679910002
30878,26416.916813156000
30879,26418.121719156999
30880,26418.548860431001
30881,26419.402960046002
30882,26420.152635314000
30883,26420.524163065998
30884,26421.041158094999
30885,26421.966119703000
30886,26423.152010187001
30887,26424.000009787000
30888,26424.754236672001
30889,26425.253671896000
30890,26426.299715166999
30891,26427.020651939001
30892,26427.355080412999
30893,26428.075931841999
30894,26429.196732896999
30895,26429.857314315999
30896,26430.518483451000
30897,26431.112227595000
30898,26431.996184244999
30899,26432.484328787999
30900,26433.707588593999
30901,26434.583149082999
30902,26435.557282668000
30903,26435.879039946001
30904,26436.644808862999
30905,26437.240061842000
30906,26438.010884218002
30907,26438.540197556998
30908,26439.781926587999
30909,26440.013813824000
30910,26440.770104779000
30911,26442.472730920999
30912,26442.697888047998
30913,26443.303825687999
30914,26444.219475917002
30915,26444.679215489999
30916,26445.742122981999
30917,26446.776541920000
30918,26447.050542475001
30919,26447.769549174998
30920,26448.401787097999
30921,26449.213386427000
30922,26449.903358822001
30923,26450.734032314998
30924,26451.972801685999
30925,26452.812510913998
30926,26453.146340908999
30927,26454.069489736001
30928,26454.856419184001
30929,26455.231663369999
30930,26456.100842274998
30931,26456.416286795000
30932,26457.892384412000
30933,26458.375506292999
30934,26459.133621591001
30935,26459.826781774998
30936,26460.575522632000
30937,26461.790988774999
30938,26462.208835849000
30939,26463.062756866999
30940,26463.865018515000
30941,26464.349312025999
30942,26465.428591926000
30943,26465.832225417002
30944,26466.614609249002
30945,26466.933167455001
30946,26467.895506933000
30947,26469.239609568998
30948,26469.903803990001
30949,26470.855998051000
30950,26471.335254390000
30951,26472.091115060000
30952,26472.358994564998
30953,26473.548207095999
30954,26474.279222816000
30955,26474.991776949999
30956,26475.589329921000
30957,26476.500139806001
30958,26476.860222792999
30959,26478.189179129000
30960,26478.763461718001
30961,26479.357668147000
30962,26480.488518216000
30963,26481.449222190000
30964,26482.082149196998
30965,26482.385545904999
30966,26482.930429161999
30967,26483.988758068001
30968,26484.536409589000
30969,26485.236172610999
30970,26486.342311810000
30971,26487.037509021000
30972,26487.962163731001
30973,26488.777307793000
30974,26489.543625383001
30975,26489.793732081998
30976,26490.857486732999
30977,26491.594991427999
30978,26492.187139664999
30979,26493.293248770002
30980,26493.725489365999
30981,26494.412188449998
30982,26495.009149579000
30983,26495.616259041999
30984,26497.181808386002
30985,26498.024118649999
30986,26498.517956336000
30987,26498.911639172999
30988,26500.158891220999
30989,26500.453167149000
30990,26501.285423210000
30991,26501.924291607000
30992,26502.477915198000
30993,26503.567707796999
30994,26504.385320748999
30995,26505.117316524000
30996,26506.004797647998
30997,26506.682113793999
30998,26507.208011762999
30999,26508.493975854999
31000,26508.693400476001
31001,26509.949957119999
31002,26510.474146426001
31003,26510.963794601001
31004,26511.499984599999
31005,26512.460675214999
31006,26513.339454235000
31007,26513.804811563001
31008,26515.096587092001
31009,26516.041593939000
31010,26516.598226403999
31011,26517.349054653001
31012,26517.873271405999
31013,26518.454888493001
31014,26519.029670823998
31015,26520.474094517002
31016,26520.880970406000
31017,26521.499433976001
31018,26522.141261936002
31019,26523.122613571999
31020,26524.067589684000
31021,26524.602324080999
31022,26525.626601446002
31023,26526.443465724999
31024,26526.924057370001
31025,26527.869834575999
31026,26528.391411586999
31027,26529.247656187999
31028,26529.567781653001
31029,26530.382450066001
31030,26531.082136727000
31031,26532.469346152000
31032,26533.287573721998
31033,26533.993906131000
31034,26534.217652890999
31035,26535.277930435001
31036,26536.081149484002
31037,26536.704053408001
31038,26537.387042081999
31039,26538.222902743000
31040,26538.813272963998
31041,26539.878692007002
31042,26540.425013529999
31043,26540.632718191999
31044,26542.109674032999
31045,26542.794124330001
31046,26543.879168178999
31047,26544.619786215000
31048,26544.940440629998
31049,26545.793826491001
31050,26546.287511409999
31051,26547.176521775000
31052,26547.647404078001
31053,26548.760944325000
31054,26549.460636199001
31055,26550.128557266999
31056,26551.095494014000
31057,26552.207296339999
31058,26552.618218983000
31059,26553.158541154000
31060,26553.735962325001
31061,26555.179870045999
31062,26555.793944372999
31063,26556.012537785002
31064,26557.161710086999
31065,26557.376209845999
31066,26558.121860289000
31067,26559.161804198000
31068,26560.425857507002
31069,26560.767431374999
31070,26561.955469404998
31071,26562.494971518001
31072,26562.996156329002
31073,26563.779924531998
31074,26564.546620244000
31075,26564.989778725001
31076,26566.055891927001
31077,26566.619773210001
31078,26567.671008813999
31079,26568.354813449001
31080,26568.942547367002
31081,26569.837282385000
31082,26570.582828318999
31083,26571.709062529000
31084,26572.235906984999
31085,26572.964937812001
31086,26573.383778856001
31087,26574.345874907998
31088,26575.050906703000
31089,26575.680794762000
31090,26576.157258448002
31091,26577.082950120999
31092,26578.647953555999
31093,26579.053174117002
31094,26579.844142352998
31095,26580.262684738002
31096,26581.262549132000
31097,26581.625981257999
31098,26582.546332614998
31099,26583.405205816001
31100,26584.338552612000
31101,26584.803763274998
31102,26585.114437393000
31103,26586.373850715001
31104,26587.096692974999
31105,26587.968272310001
31106,26588.936947245002
31107,26589.360125943000
31108,26590.411767342001
31109,26591.137444718999
31110,26591.726274888999
31111,26592.247300334999
31112,26592.513260485001
31113,26593.822621877000
31114,26594.640966955001
31115,26595.381672506999
31116,26596.263440314000
31117,26597.120682974000
31118,26597.789250987000
31119,26598.475830274001
31120,26599.146301392000
31121,26599.961166940000
31122,26600.615417149002
31123,26601.601695795998
31124,26602.164244585001
31125,26602.735432179001
31126,26603.444944993000
31127,26604.434477047998
31128,26604.684613048001
31129,26606.497657454001
31130,26607.022167461000
31131,26607.603865020999
31132,26608.330845011002
31133,26608.737588171000
31134,26609.593193454999
31135,26610.620221296002
31136,26610.934291391000
31137,26611.705990818999
31138,26612.654574509001
31139,26613.448777221001
31140,26614.403899395002
31141,26615.142196901001
31142,26615.615504827001
31143,26616.418555603999
31144,26617.437934755999
31145,26618.266654052000
31146,26618.745070630001
31147,26619.421470556001
31148,26620.212134795001
31149,26620.696050085000
31150,26621.402304076000
31151,26622.236669106002
31152,26623.688513992001
31153,26624.014101313998
31154,26624.856255351999
31155,26625.977837427999
31156,26626.274686585999
31157,26626.940185300002
31158,26627.467606016002
31159,26628.423615729000
31160,26629.173934414001
31161,26630.382957835001
31162,26630.609920243998
31163,26631.157647869000
31164,26632.064982910000
31165,26633.339744200999
31166,26633.909415443999
31167,26634.525669490999
31168,26635.704897180000
31169,26635.977830979002
31170,26636.946365716001
31171,26637.346150298999
31172,26638.204816301000
31173,26638.893873378998
31174,26639.299408581999
31175,26640.494408465001
31176,26641.511189502002
31177,26642.490550880000
31178,26642.927535070001
31179,26643.489599289998
31180,26644.259264730001
31181,26644.941754760999
31182,26646.083058886001
31183,26646.695099507000
31184,26647.102635218998
31185,26647.819372491002
31186,26648.943624970001
31187,26649.259562020001
31188,26650.290390267000
31189,26650.906368086002
31190,26652.247032194999
31191,26652.905250396001
31192,26653.588062938001
31193,26654.007045940001
31194,26654.831937207000
31195,26655.533531080000
31196,26655.907166499001
31197,26657.033447607999
31198,26657.914301872999
31199,26658.368109464998
31200,26659.534092785001
31201,26660.193530932000
31202,26660.886981703999
31203,26661.841785401000
31204,26662.436692134001
31205,26662.961541166002
31206,26663.895310656000
31207,26664.942503630002
31208,26665.417692466999
31209,26665.843267017000
31210,26666.673577112000
31211,26667.036738453000
31212,26668.517303967001
31213,26669.418866888998
31214,26670.279216131999
31215,26670.770720445002
31216,26671.208874487998
31217,26672.548323528001
31218,26672.860072050000
31219,26673.156675598999
31220,26674.356578125000
31221,26675.159512581999
31222,26675.826356336001
31223,26676.469567144999
31224,26677.562898008000
31225,26678.177585038000
31226,26678.855451339001
31227,26679.654727470999
31228,26680.798282876000
31229,26681.422652034998
31230,26681.954286066000
31231,26682.602950256001
31232,26683.106768091999
31233,26684.134564691001
31234,26684.691091139000
31235,26685.457907312000
31236,26686.313914004000
31237,26687.560829213999
31238,26688.264111908000
31239,26689.010671868000
31240,26689.279404016001
31241,26690.003672324001
31242,26690.877859722001
31243,26691.745987720002
31244,26692.642382893999
31245,26692.974921289999
31246,26693.952317994001
31247,26694.500156815000
31248,26695.111358124999
31249,26696.400657605001
31250,26697.127045219000
31251,26697.961620171001
31252,26698.563594374002
31253,26699.379627849001
31254,26700.032037720001
31255,26700.731863492001
31256,26701.274010726000
31257,26702.131374326000
31258,26702.310866945001
31259,26703.995327837001
31260,26704.795605198000
31261,26705.053277473002
31262,26706.091153205001
31263,26706.995400026000
31264,26707.375887914000
31265,26708.309896798000
31266,26709.097545031000
31267,26709.691589350001
31268,26710.566732167001
31269,26711.152112414999
31270,26711.890389221000
31271,26712.511683788001
31272,26713.141816345000
31273,26714.394105036001
31274,26715.415282957001
31275,26715.898348025999
31276,26716.971749057000
31277,26717.309835147000
31278,26717.725654884001
31279,26718.511030574002
31280,26719.545241286000
31281,26720.202097420999
31282,26721.021877322000
31283,26721.524587198001
31284,26722.417659814000
31285,26723.765273300000
31286,26724.003276369000
31287,26724.734440048000
31288,26725.432622410000
31289,26726.690640992001
31290,26727.054000010001
31291,26728.026019920999
31292,26728.522566135001
31293,26728.873611421001
31294,26729.815186664000
31295,26730.611425076000
31296,26731.309328678999
31297,26732.929202554002
31298,26733.076800482999
31299,26734.001636899000
31300,26734.576104323001
31301,26735.378437030002
31302,26736.159427330000
31303,26736.644810955000
31304,26737.265726008001
31305,26738.479058181001
31306,26739.074729764001
31307,26739.721716880002
31308,26740.424497578999
31309,26741.204086496000
31310,26742.013360743000
31311,26743.377282484998
31312,26743.825952486000
31313,26744.259600678000
31314,26745.108702436999
31315,26745.924350501999
31316,26746.576116346001
31317,26747.120325997999
31318,26747.664039419000
31319,26748.822065091001
31320,26749.405867895999
31321,26750.889683401001
31322,26751.162787935998
31323,26752.015770217000
31324,26752.677041936000
31325,26753.160907009002
31326,26754.052664833001
31327,26755.035999246000
31328,26755.788867563999
31329,26756.333093614001
31330,26756.827528435999
31331,26757.523475523001
31332,26758.585200337999
31333,26759.395253896000
31334,26760.241869655001
31335,26760.978377199001
31336,26762.096130317001
31337,26762.648424440002
31338,26762.978810228000
31339,26763.892395637999
31340,26764.284525375999
31341,26765.133110197999
31342,26766.209607311001
31343,26766.750892225999
31344,26767.686047384999
31345,26768.427079514000
31346,26769.295978450999
31347,26769.930580347002
31348,26770.900060503998
31349,26771.205703808999
31350,26772.485590692999
31351,26773.029007394001
31352,26773.314741327002
31353,26774.613611421999
31354,26775.075678927002
31355,26775.702765915001
31356,26775.947025436999
31357,26777.683524578999
31358,26778.796968573999
31359,26778.980084598999
31360,26779.757314054001
31361,26780.454540290000
31362,26781.048791431000
31363,26781.987570120000
31364,26782.559959292001
31365,26783.327553065999
31366,26784.034337272999
31367,26784.890452664000
31368,26785.814288472000
31369,26786.211864561999
31370,26787.317331365000
31371,26788.087705950002
31372,26788.628131498001
31373,26789.731817126001
31374,26790.501340461000
31375,26791.093679815000
31376,26791.385531299999
31377,26792.411848357999
31378,26792.752508940001
31379,26793.773895523998
31380,26794.726921632999
31381,26795.537462587999
31382,26796.340598315001
31383,26797.361378385001
31384,26797.806149163000
31385,26798.610189531999
31386,26799.007160601999
31387,26799.670494930000
31388,26800.993511556000
31389,26801.544501267999
31390,26802.163608169001
31391,26802.766746183999
31392,26803.387513512000
31393,26804.501444791000
31394,26805.208126038000
31395,26806.328470067001
31396,26807.056256324999
31397,26807.580784169000
31398,26808.192919369001
31399,26809.138400101001
31400,26809.601090724998
31401,26810.316666741001
31402,26811.003936014000
31403,26811.710685910999
31404,26812.761232760000
31405,26813.745902174000
31406,26814.718376763001
31407,26814.918777137002
31408,26815.432414673000
31409,26816.742990709001
31410,26817.462935357999
31411,26817.995583135002
31412,26818.729430304000
31413,26819.524768322000
31414,26820.155947135001
31415,26820.730043119001
31416,26821.734885647998
31417,26822.141576277001
31418,26823.506800407002
31419,26824.558729863002
31420,26824.872429952000
31421,26825.625368164001
31422,26826.443386378000
31423,26826.843855733001
31424,26827.569901947001
31425,26828.270398748002
31426,26829.435428001001
31427,26830.036946714001
31428,26830.705411598999
31429,26831.221478503001
31430,26832.690890020000
31431,26833.154524240999
31432,26833.708676974999
31433,26834.744267368002
31434,26835.220244065000
31435,26836.350579237998
31436,26836.971470248998
31437,26837.487702205999
31438,26837.834204500999
31439,26838.903191310001
31440,26839.339340848001
31441,26840.901892200000
31442,26841.497529208002
31443,26842.245976247999
31444,26843.029897947999
31445,26843.625795952001
31446,26844.296453562001
31447,26844.842230710001
31448,26846.083806760002
31449,26846.347033766000
31450,26847.167054285001
31451,26848.104297373000
31452,26848.751736230999
31453,26849.507336708000
31454,26850.193464051001
31455,26851.106678290002
31456,26852.158352234001
31457,26852.924518300999
31458,26853.700658703001
31459,26853.830170329002
31460,26854.629444480001
31461,26855.490900957000
31462,26856.374047563000
31463,26856.781933044000
31464,26857.475115794001
31465,26858.927109503999
31466,26859.469328413001
31467,26860.326476962000
31468,26861.047933636000
31469,26861.530652234000
31470,26862.215829945999
31471,26863.087026557001
31472,26864.130136831998
31473,26864.575898707000
31474,26865.315807753999
31475,26865.976022928000
31476,26866.522720869001
31477,26867.275080694999
31478,26868.819331821000
31479,26869.201453051999
31480,26870.066727974001
31481,26870.715778013000
31482,26871.578760878001
31483,26872.294920580000
31484,26872.749019430001
31485,26873.261746290002
31486,26874.023778513001
31487,26875.361287624000
31488,26875.767184706001
31489,26876.590006607999
31490,26877.629878268999
31491,26877.979232908001
31492,26879.262080183002
31493,26879.446733829001
31494,26880.589515643002
31495,26881.273128949000
31496,26881.912451798999
31497,26882.572858821000
31498,26883.424012755000
31499,26883.767428649000
31500,26884.773109168000
31501,26885.334781562000
31502,26886.452768477000
31503,26887.850957076000
31504,26888.162207114001
31505,26888.692836250000
31506,26889.190702661999
31507,26890.105999116000
31508,26890.877537404998
31509,26891.527072411998
31510,26892.702854217001
31511,26892.903640342000
31512,26893.561297980999
31513,26894.813325241001
31514,26895.494753121999
31515,26896.156306951001
31516,26896.888397045001
31517,26897.951007746000
31518,26898.687906692001
31519,26899.279603187999
31520,26899.847883159000
31521,26900.810878484001
31522,26901.210657799998
31523,26901.596965567998
31524,26902.810350029002
31525,26903.784526567000
31526,26904.645363100000
31527,26905.450097670000
31528,26905.904459663001
31529,26906.869777387001
31530,26907.582386712002
31531,26908.090935445998
31532,26908.736167357001
31533,26909.700532620998
31534,26910.595918262999
31535,26911.251409596000
31536,26911.725885781001
31537,26912.312871466998
31538,26913.301907272999
31539,26914.618824423000
31540,26915.111454901999
31541,26915.969682598999
31542,26916.531950351000
31543,26917.477289389000
31544,26917.645419131000
31545,26918.617018141002
31546,26919.383728096000
31547,26919.886346096999
31548,26920.901180096000
31549,26921.607879374002
31550,26922.879996553002
31551,26923.222460880999
31552,26924.313391951000
31553,26924.568055582000
31554,26925.178575410999
31555,26926.663023693000
31556,26927.106649017998
31557,26927.850657499999
31558,26928.123093565999
31559,26928.955875973999
31560,26930.100075458002
31561,26930.293946648999
31562,26931.410932572999
31563,26932.672086323000
31564,26933.073550008001
31565,26934.056113562001
31566,26934.739714760999
31567,26935.184251418999
31568,26935.665888070998
31569,26936.619056864001
31570,26937.500345380002
31571,26938.017179964001
31572,26939.235812357001
31573,26939.576851004000
31574,26940.365673351000
31575,26941.351511367000
31576,26942.064530270000
31577,26943.017727995000
31578,26943.705283079002
31579,26944.094217567999
31580,26945.263201206999
31581,26945.668563495001
31582,26946.682974572999
31583,26946.888324095002
31584,26947.597056922001
31585,26948.395473228000
31586,26949.992277980000
31587,26950.592787378999
31588,26951.063786768998
31589,26951.851519981999
31590,26952.601141324001
31591,26953.156106389000
31592,26954.083877626999
31593,26954.602086841001
31594,26955.583011243001
31595,26956.304001392000
31596,26956.827494237001
31597,26957.516689480999
31598,26958.660648459001
31599,26959.341566628998
31600,26959.846254192998
31601,26961.312120897001
31602,26961.681291323999
31603,26962.445023909000
31604,26963.109992906000
31605,26963.663826234999
31606,26964.078041942001
31607,26965.184120287999
31608,26965.952138711000
31609,26966.831480654000
31610,26967.315688423001
31611,26968.762762874001
31612,26969.276170372999
31613,26969.857361887000
31614,26970.341265889001
31615,26971.392611841002
31616,26971.961532080000
31617,26973.053810764999
31618,26973.491982599000
31619,26974.308453048001
31620,26974.839483337000
31621,26975.388653736001
31622,26976.418354474001
31623,26977.468555162999
31624,26978.556455205999
31625,26979.022632623000
31626,26979.595467634001
31627,26980.209432120999
31628,26981.220198725001
31629,26981.916605102000
31630,26982.144361166000
31631,26983.051754102002
31632,26983.965043890999
31633,26984.968445855000
31634,26985.662935396998
31635,26986.362048726998
31636,26987.002204003998
31637,26987.929160865999
31638,26988.679945789001
31639,26989.562110090999
31640,26990.106920159000
31641,26991.040727416999
31642,26991.227168811001
31643,26992.332273142001
31644,26992.942517763000
31645,26993.325628674000
31646,26994.566588121001
31647,26995.649736425999
31648,26996.230913902000
31649,26997.282538453001
31650,26997.667839336998
31651,26998.324802741001
31652,26998.931808664001
31653,26999.443071688002
31654,27000.946937553999
31655,27001.452984328000
31656,27001.699072952000
31657,27002.769841331999
31658,27003.402849377999
31659,27004.439701636999
31660,27005.503988039000
31661,27005.690447608999
31662,27006.630126374999
31663,27007.760502824000
31664,27008.304709058000
31665,27008.714235577001
31666,27009.434436571999
31667,27010.158096392999
31668,27010.812174602001
31669,27011.561057489998
31670,27012.810818989001
31671,27013.680694563001
31672,27014.338964986000
31673,27014.778265936999
31674,27015.695180846000
31675,27016.436418716999
31676,27017.016043922002
31677,27018.042206548998
31678,27018.442817899999
31679,27019.294947638999
31680,27020.091697369000
31681,27020.933715832001
31682,27021.258804657002
31683,27022.081968896000
31684,27023.524592608999
31685,27024.199412441001
31686,27024.953329894000
31687,27025.400098605998
31688,27025.950324723999
31689,27026.941899476002
31690,27027.527984214001
31691,27028.029556428999
31692,27029.065432961001
31693,27029.789421320998
31694,27030.585541806999
31695,27031.571647730001
31696,27032.368582662999
31697,27033.077761295001
31698,27033.408559678999
31699,27034.449612078999
31700,27035.189790133001
31701,27036.061041108002
31702,27036.874059501999
31703,27037.268532336999
31704,27037.780887880999
31705,27038.394394759998
31706,27039.732348058998
31707,27040.422044460000
31708,27041.460481079001
31709,27042.013704650999
31710,27042.923121337000
31711,27043.629016521001
31712,27043.959229338001
31713,27044.918818155002
31714,27045.272622981000
31715,27046.275918523999
31716,27047.334964361002
31717,27047.976909645000
31718,27048.238171216999
31719,27049.675959249998
31720,27050.097052125999
31721,27050.860386347002
31722,27051.876117664000
31723,27052.836913054001
31724,27053.209908494999
31725,27053.653089414998
31726,27054.879465809001
31727,27055.156200097001
31728,27056.001474630000
31729,27056.757741941001
31730,27057.138361103000
31731,27058.864442847000
31732,27059.528060471999
31733,27060.122793082999
31734,27060.709324325999
31735,27061.297103084999
31736,27062.020688061999
31737,27063.092781079999
31738,27063.698391143000
31739,27064.256918114999
31740,27065.219754652000
31741,27065.710443823999
31742,27066.511702307998
31743,27067.399118288002
31744,27068.183388666999
31745,27069.219323190999
31746,27069.808694693998
31747,27070.557147995001
31748,27071.556678952998
31749,27071.998522442002
31750,27072.325167327999
31751,27073.198563022001
31752,27073.863303020000
31753,27074.875094351999
31754,27075.775485835999
31755,27076.662185816000
31756,27077.043266365999
31757,27078.177621246999
31758,27078.972102028001
31759,27079.550408186999
31760,27079.775830602000
31761,27081.118939944001
31762,27081.787450833999
31763,27082.563818030001
31764,27082.947795912001
31765,27083.832999194001
31766,27084.316648328000
31767,27085.216382958999
31768,27086.611950741000
31769,27087.244915854000
31770,27087.897176570001
31771,27088.562646385999
31772,27089.280276988000
31773,27089.735581778001
31774,27090.592879307002
31775,27091.409482207000
31776,27092.127151741999
31777,27092.662814728999
31778,27093.648793752000
31779,27094.795279426002
31780,27095.289575205999
31781,27095.871102006000
31782,27096.629084736000
31783,27097.593321929999
31784,27098.648515943001
31785,27099.003437215000
31786,27099.622645095002
31787,27100.284648419001
31788,27101.060603641999
31789,27101.846434564999
31790,27102.281925208001
31791,27103.563908747001
31792,27104.364025743998
31793,27105.491688442999
31794,27105.817938001001
31795,27106.394111529000
31796,27107.398947575999
31797,27107.864946088001
31798,27108.366803481000
31799,27109.440656352999
31800,27110.511415435001
31801,27110.845716274998
31802,27111.567611374001
31803,27112.100633455000
31804,27113.426170479001
31805,27114.105060670001
31806,27114.951012684000
31807,27115.570951818001
31808,27116.405570701001
31809,27116.907039098001
31810,27118.064106420999
31811,27118.228478407000
31812,27119.106845060000
31813,27119.261849366001
31814,27120.898082285999
31815,27121.456415125998
31816,27122.513581423002
31817,27123.307417925000
31818,27123.767702551999
31819,27124.322703370999
31820,27125.290045057998
31821,27125.995170648999
31822,27126.833717902999
31823,27127.545561281000
31824,27128.071893438999
31825,27128.746729005001
31826,27129.829643409001
31827,27130.121276614002
31828,27131.385661175002
31829,27131.864153132999
31830,27133.425256101000
31831,27133.700143573002
31832,27134.248132815999
31833,27135.050113212001
31834,27135.362847575001
31835,27136.409548133000
31836,27137.117971195999
31837,27137.933636385002
31838,27138.573096358999
31839,27139.516160906001
31840,27140.414123244998
31841,27141.263310319999
31842,27141.665670670001
31843,27142.641327227000
31844,27143.137134854001
31845,27144.145751497999
31846,27144.909087917000
31847,27145.519161454002
31848,27146.164405551001
31849,27146.800825391001
31850,27147.402349706001
31851,27148.085311769999
31852,27149.900036335999
31853,27150.252368287001
31854,27150.715399321001
31855,27151.558678715999
31856,27152.514244203001
31857,27153.042314517999
31858,27153.539984436000
31859,27154.280877745001
31860,27155.192105904000
31861,27155.953495148999
31862,27156.800505494000
31863,27157.543785174999
31864,27158.049216744999
31865,27159.136103795001
31866,27159.795356622999
31867,27160.771038759998
31868,27161.412430050001
31869,27162.137682348999
31870,27162.956587494002
31871,27163.318413655001
31872,27163.869998984999
31873,27165.073190018000
31874,27165.467035616999
31875,27166.243856361001
31876,27167.530619607001
31877,27168.359105037001
31878,27168.976889885998
31879,27169.834740779999
31880,27170.093557747001
31881,27170.618359534001
31882,27171.946254228998
31883,27172.582598845001
31884,27173.443578158000
31885,27173.762719599999
31886,27174.494278998001
31887,27175.339084320000
31888,27176.481763494001
31889,27176.876406421001
31890,27178.027870185000
31891,27178.858623371001
31892,27179.342989502002
31893,27180.161842113001
31894,27180.765257756000
31895,27181.437080147000
31896,27182.120652512000
31897,27182.520593146000
31898,27183.736105509000
31899,27184.636097789000
31900,27185.611216330999
31901,27185.892289457999
31902,27187.114096564001
31903,27187.297709777002
31904,27188.478395575999
31905,27189.135144643002
31906,27189.847372384000
31907,27190.223267514000
31908,27191.668962375999
31909,27191.913148916999
31910,27192.433386365999
31911,27193.158432428001
31912,27194.144029507999
31913,27195.432326980001
31914,27196.055144690999
31915,27196.882188412001
31916,27197.330576958000
31917,27197.907677988998
31918,27198.747663720002
31919,27199.447103992999
31920,27200.028397169001
31921,27201.054327860002
31922,27201.928557551000
31923,27202.124049100999
31924,27203.361393561001
31925,27204.401050622000
31926,27204.854288082999
31927,27205.367758380999
31928,27206.267738473001
31929,27207.497057084001
31930,27207.902227556999
31931,27208.658957799998
31932,27208.912672146998
31933,27209.945184250999
31934,27210.316233050002
31935,27211.506681514998
31936,27212.293952084001
31937,27213.307076984001
31938,27214.089023167999
31939,27214.639304722001
31940,27215.617535255002
31941,27215.807045234000
31942,27216.697090334001
31943,27217.378942735999
31944,27218.348878992001
31945,27219.073771570998
31946,27219.615771182001
31947,27220.602773139999
31948,27221.166172672001
31949,27221.748522472000
31950,27223.155394122001
31951,27223.880624402002
31952,27224.348383748002
31953,27225.373668278000
31954,27225.540659981001
31955,27226.571756441001
31956,27227.288543580999
31957,27227.857032312000
31958,27228.423204359999
31959,27229.245887338999
31960,27230.627079127000
31961,27231.486508679998
31962,27231.839012108001
31963,27232.450371041999
31964,27233.421462627000
31965,27234.107793351999
31966,27234.564685301000
31967,27236.003755012000
31968,27236.251697462001
31969,27236.753204681001
31970,27237.724912574002
31971,27238.283376312000
31972,27239.164018138999
31973,27240.117608781999
31974,27241.102785455001
31975,27241.628241723000
31976,27242.613697541001
31977,27243.459372885001
31978,27243.615048510001
31979,27244.462349947000
31980,27244.828141992999
31981,27245.922706710000
31982,27247.071898643000
31983,27247.354114800000
31984,27248.151106083998
31985,27249.232336368001
31986,27249.998976915998
31987,27250.677590056999
31988,27251.239075373000
31989,27252.118717408001
31990,27252.945281508000
31991,27253.660200451999
31992,27254.300150476000
31993,27254.969488915998
31994,27255.661999586999
31995,27256.133602517999
31996,27257.022593123002
31997,27258.395612387001
31998,27259.150174188999
31999,27260.092670799000
32000,27260.170357249001
32001,27260.844177718998
32002,27261.893873542002
32003,27262.528416353001
32004,27263.378508804999
32005,27263.687448842000
32006,27264.743551298001
32007,27265.783273589001
32008,27266.006650533000
32009,27267.261240381999
32010,27267.776818122999
32011,27268.411202389001
32012,27269.747932512000
32013,27270.480101443001
32014,27270.620744091000
32015,27271.607935382999
32016,27272.261982479002
32017,27272.836303581000
32018,27273.571401347999
32019,27274.224315537998
32020,27275.446138748001
32021,27276.195676586001
32022,27276.933578931999
32023,27277.932405602001
32024,27278.520991852001
32025,27278.925607038000
32026,27279.660332514999
32027,27280.414378604000
32028,27281.483782386000
32029,27282.139046160999
32030,27282.971241880001
32031,27283.176611333001
32032,27283.838434059999
32033,27285.271917982001
32034,27285.884450363999
32035,27286.884640249998
32036,27287.402969358001
32037,27288.234575757000
32038,27288.951623296001
32039,27289.694870649000
32040,27290.035688873999
32041,27290.741726496999
32042,27291.855092089001
32043,27292.135481922000
32044,27293.499197011999
32045,27294.268609208000
32046,27294.986719776000
32047,27295.599733896001
32048,27296.262711329000
32049,27297.044434651001
32050,27298.151355395999
32051,27298.536827970001
32052,27299.440017985002
32053,27299.807720362998
32054,27300.623473131000
32055,27301.679071292001
32056,27302.043942831999
32057,27302.645439856002
32058,27304.224156179000
32059,27305.086792640999
32060,27305.425607947000
32061,27306.080264552998
32062,27306.918843594001
32063,27307.420433744999
32064,27307.979439973999
32065,27309.244673656998
32066,27309.596225992002
32067,27310.617923078000
32068,27311.061206885999
32069,27312.292727780001
32070,27312.694563175999
32071,27313.823204908000
32072,27314.399972089999
32073,27315.067251461998
32074,27315.873593983000
32075,27316.846136708999
32076,27317.405560334999
32077,27318.050600400999
32078,27318.429097231001
32079,27319.121033883999
32080,27320.118946594001
32081,27321.400384301000
32082,27322.073534947998
32083,27322.633757215001
32084,27323.475197737000
32085,27324.245718450999
32086,27324.737708888999
32087,27325.754324981001
32088,27325.817937909000
32089,27327.271470563999
32090,27327.738944515000
32091,27328.495585092001
32092,27329.178423439000
32093,27329.937604555998
32094,27330.824424900002
32095,27331.624027442002
32096,27332.520915390000
32097,27333.674572102002
32098,27333.850067414001
32099,27334.420617527001
32100,27335.074653930998
32101,27336.176464886001
32102,27336.576639752999
32103,27337.241781214001
32104,27338.292428846002
32105,27338.926745395001
32106,27340.332981978001
32107,27340.966550121000
32108,27341.136774441999
32109,27342.022064298999
32110,27342.592934680000
32111,27343.985992497001
32112,27344.247160000999
32113,27345.031863224998
32114,27345.807820613001
32115,27346.352464660002
32116,27347.071686780000
32117,27347.776307765002
32118,27349.113910912001
32119,27349.721485967999
32120,27350.505046104001
32121,27351.375336480000
32122,27351.870564222001
32123,27352.509081860000
32124,27353.412901030999
32125,27353.867102785000
32126,27354.246958942000
32127,27355.702004434999
32128,27356.491792616001
32129,27356.899916271999
32130,27357.908663369999
32131,27358.492677415001
32132,27359.706355946000
32133,27359.980298576000
32134,27360.935049864998
32135,27361.574208820999
32136,27362.459435081000
32137,27363.015069189001
32138,27363.802192078001
32139,27364.322105363000
32140,27364.945605268000
32141,27365.797483434999
32142,27367.080982948999
32143,27368.126406246000
32144,27368.327318653999
32145,27369.297269823001
32146,27369.791314253998
32147,27370.388339469999
32148,27371.101397678001
32149,27372.222476809002
32150,27372.809625181999
32151,27373.494028170000
32152,27373.909610822000
32153,27375.164827903998
32154,27376.035261544999
32155,27376.446460294999
32156,27377.250463249002
32157,27378.376346837998
32158,27378.946406900999
32159,27379.964280988999
32160,27380.231276107999
32161,27380.891972328001
32162,27381.428860054999
32163,27382.449422361999
32164,27383.127482922999
32165,27383.878512341002
32166,27385.231939386998
32167,27385.806924237000
32168,27386.224667358001
32169,27387.326940617000
32170,27387.820979436001
32171,27388.456161265000
32172,27389.211614061001
32173,27390.032752666000
32174,27390.903633964001
32175,27391.677485490000
32176,27392.035520773999
32177,27392.776170122001
32178,27393.553507583001
32179,27394.803534678002
32180,27395.853681197001
32181,27396.251608793002
32182,27396.621528874999
32183,27397.689804480000
32184,27398.466031868000
32185,27398.850387767001
32186,27399.570770875998
32187,27400.317583871001
32188,27401.078685494002
32189,27402.330752859001
32190,27402.737407918001
32191,27403.840961776001
32192,27404.459527284998
32193,27404.943970075001
32194,27405.684127927001
32195,27406.792495476999
32196,27407.518607589001
32197,27408.035731038999
32198,27408.691828298000
32199,27409.390519934001
32200,27409.968198836999
32201,27410.886417381000
32202,27411.892648531000
32203,27412.514081837999
32204,27413.701331647000
32205,27414.340162042001
32206,27415.161446533999
32207,27415.428593613000
32208,27415.916313580001
32209,27416.996777954999
32210,27417.643379735000
32211,27418.666573038001
32212,27419.160451628999
32213,27420.052362597999
32214,27420.553197255998
32215,27421.799952539001
32216,27422.542287804001
32217,27422.800763300998
32218,27424.247148183000
32219,27424.522187863000
32220,27425.365104689001
32221,27426.000328455000
32222,27426.827229259001
32223,27427.510570695002
32224,27427.840149993001
32225,27428.517994198999
32226,27430.223043311002
32227,27430.809818448000
32228,27431.511128954000
32229,27432.202194246001
32230,27432.555430646000
32231,27433.784452889999
32232,27434.201935945999
32233,27434.913435909999
32234,27435.834074430000
32235,27436.355557617000
32236,27437.368000287999
32237,27437.900263698000
32238,27438.624882250999
32239,27439.451307603002
32240,27440.466484584998
32241,27441.267589334999
32242,27442.036219632999
32243,27442.751523785999
32244,27443.375737612001
32245,27443.854517893000
32246,27444.588747528000
32247,27445.186385565001
32248,27446.304208998001
32249,27446.943420784999
32250,27447.664181626998
32251,27448.783389568998
32252,27449.642569869000
32253,27450.052861896998
32254,27450.875838145999
32255,27451.404156171000
32256,27452.059087295998
32257,27453.475566607998
32258,27453.939082666999
32259,27454.346269217000
32260,27454.825452956000
32261,27456.020919644001
32262,27456.401236572001
32263,27457.671159042999
32264,27458.615748626999
32265,27459.288260033001
32266,27459.898998831999
32267,27460.598664378002
32268,27461.276122836000
32269,27462.092670921000
32270,27462.459054700001
32271,27463.255290345998
32272,27464.366464807001
32273,27464.748040398001
32274,27466.098667538001
32275,27466.574554824001
32276,27467.244747666999
32277,27467.852749897000
32278,27469.167372577998
32279,27469.590621214000
32280,27470.429753608001
32281,27470.982364607000
32282,27471.627628456001
32283,27472.581540015999
32284,27473.054560065000
32285,27473.779099389001
32286,27474.339765818000
32287,27475.838372015001
32288,27476.596360398999
32289,27477.306908369999
32290,27477.882841073999
32291,27478.516272391000
32292,27479.124422140001
32293,27479.878032143999
32294,27480.686007141001
32295,27481.588531576999
32296,27482.288705313000
32297,27482.978518732001
32298,27483.290543883999
32299,27484.662528104000
32300,27485.466957187000
32301,27486.143740826999
32302,27486.616732324001
32303,27487.890098151998
32304,27488.452494759000
32305,27489.039255014999
32306,27489.693426410999
32307,27490.328604732000
32308,27490.743606304000
32309,27491.838130344000
32310,27492.859793438001
32311,27493.782434089000
32312,27494.213628224999
32313,27495.308621544998
32314,27496.080448958000
32315,27496.188225828999
32316,27497.172998393999
32317,27498.225229606000
32318,27498.672059953999
32319,27499.315654386999
32320,27500.452665622000
32321,27500.790619084000
32322,27501.481545732000
32323,27502.328374050001
32324,27503.228793310998
32325,27504.504530995000
32326,27505.110853574999
32327,27505.546641647001
32328,27506.273769226002
32329,27506.776610541001
32330,27507.665140101999
32331,27508.612699786001
32332,27508.868460274000
32333,27509.754150052999
32334,27510.716697632000
32335,27511.755829538000
32336,27512.436393639000
32337,27512.970907936000
32338,27513.906384196001
32339,27514.254203514000
32340,27515.466076744000
32341,27516.155092836001
32342,27516.694280688000
32343,27517.676779665999
32344,27517.976385126000
32345,27518.499142869001
32346,27519.605900614999
32347,27520.365495632999
32348,27521.735181724998
32349,27522.066688477000
32350,27522.823177953000
32351,27523.662241433001
32352,27524.553472799002
32353,27524.990912382000
32354,27525.117588724999
32355,27526.292745092000
32356,27527.543446592001
32357,27527.821227937999
32358,27528.655506818999
32359,27529.260902900001
32360,27530.453373996999
32361,27530.880930326999
32362,27531.991646123999
32363,27532.621346783999
32364,27533.255337269999
32365,27534.137301803999
32366,27534.734510871000
32367,27535.441085112001
32368,27535.876497705001
32369,27536.847169011999
32370,27537.367953957000
32371,27538.342702688999
32372,27539.843282378999
32373,27540.200125569001
32374,27540.887798424999
32375,27541.240777340001
32376,27542.209595732002
32377,27542.865392364001
32378,27543.861457290001
32379,27544.504822223000
32380,27545.073912145999
32381,27545.731715720001
32382,27546.608775182998
32383,27547.563637281000
32384,27547.992413775999
32385,27549.030983796001
32386,27549.922655121001
32387,27550.906845764999
32388,27551.294476520001
32389,27551.939465274001
32390,27552.709845504000
32391,27553.162691862999
32392,27554.145444828999
32393,27554.455261194998
32394,27555.925864033001
32395,27556.397293673999
32396,27557.288406573000
32397,27558.099881849001
32398,27558.871136596001
32399,27559.568330258000
32400,27560.146089303002
32401,27560.843552584000
32402,27561.717626443999
32403,27562.753981597001
32404,27562.993531328000
32405,27563.992804641999
32406,27564.417918120002
32407,27564.766589501000
32408,27566.665313055000
32409,27567.113791886000
32410,27567.799043923998
32411,27568.824204457000
32412,27569.180929175000
32413,27569.837800329999
32414,27570.697359146001
32415,27571.243327921999
32416,27572.028988204998
32417,27572.748814400002
32418,27573.739152079001
32419,27574.323811056998
32420,27575.358081699000
32421,27576.123326313998
32422,27576.597035362000
32423,27577.313111242998
32424,27578.415037625000
32425,27579.335438581998
32426,27579.815672286000
32427,27580.090511113001
32428,27580.917504370002
32429,27581.927601248000
32430,27582.439363892001
32431,27583.088960139001
32432,27584.300080830999
32433,27585.173666606999
32434,27586.144048409999
32435,27586.541485697999
32436,27587.118510348999
32437,27587.795449587000
32438,27588.525447302000
32439,27589.306667568999
32440,27590.295451919999
32441,27590.941435224999
32442,27591.408086785999
32443,27592.372579904000
32444,27592.942180474001
32445,27594.028194676001
32446,27594.846128161000
32447,27595.667081814001
32448,27596.380279944002
32449,27596.681542760001
32450,27598.051980142001
32451,27598.462500203001
32452,27598.745383672998
32453,27599.659136021000
32454,27600.198330830000
32455,27601.464338127000
32456,27602.454628152998
32457,27603.229868281000
32458,27603.547557422000
32459,27604.418952136999
32460,27605.307801431001
32461,27605.886103771001
32462,27606.567927067001
32463,27607.372688954001
32464,27608.373657710999
32465,27608.662990223998
32466,27609.473044085000
32467,27610.118878157999
32468,27611.299537598999
32469,27611.558555318999
32470,27613.098331059002
32471,27613.626035795001
32472,27614.491067976000
32473,27614.791114730000
32474,27615.751286382001
32475,27615.997326951001
32476,27616.856948598001
32477,27617.986152791000
32478,27618.636356931998
32479,27618.995728585000
32480,27620.211981654000
32481,27621.147142166999
32482,27621.852072030000
32483,27622.477641416001
32484,27622.759689080001
32485,27624.150166651001
32486,27624.748364723000
32487,27625.420962044998
32488,27626.211729216000
32489,27626.603839928001
32490,27627.394966103999
32491,27627.973507141000
32492,27629.000252010999
32493,27630.235611323002
32494,27631.116415075001
32495,27631.233409250999
32496,27632.258029750999
32497,27632.950049251998
32498,27633.544078665000
32499,27634.267526525000
32500,27635.011288787999
32501,27635.512321343002
32502,27636.748923718998
32503,27637.529539431001
32504,27637.882557642999
32505,27638.677270311000
32506,27639.744375198999
32507,27640.488299743000
32508,27641.286781399001
32509,27642.127815585001
32510,27642.640455501001
32511,27643.182024419999
32512,27644.116494619000
32513,27644.771276472999
32514,27645.269186926998
32515,27645.953292982002
32516,27647.113261723000
32517,27648.229613011001
32518,27648.659929361002
32519,27649.729832305999
32520,27650.168382502001
32521,27650.756883123999
32522,27651.181328710001
32523,27652.559568375000
32524,27653.168729018002
32525,27653.876004606002
32526,27654.359287700001
32527,27655.035100087000
32528,27655.928443131001
32529,27656.973408491001
32530,27657.649088124999
32531,27658.416676698998
32532,27659.246332521001
32533,27660.292001291000
32534,27660.680498644000
32535,27661.035436287999
32536,27662.033282068998
32537,27662.438087991999
32538,27663.338792236998
32539,27664.360895649999
32540,27664.985604203001
32541,27666.063395713001
32542,27666.769501735002
32543,27667.236976201999
32544,27668.093969517999
32545,27669.016812586000
32546,27669.522709679000
32547,27670.271655011999
32548,27671.188860718001
32549,27671.640270882999
32550,27672.633151106002
32551,27673.092119287001
32552,27673.635552177999
32553,27674.556696737000
32554,27676.198410284000
32555,27676.570000772001
32556,27677.237806080000
32557,27677.683880994002
32558,27678.498660785001
32559,27679.365009049001
32560,27680.003861361001
32561,27680.374867519000
32562,27681.632948474002
32563,27682.239527281999
32564,27682.757543765001
32565,27684.099306641001
32566,27684.671965644000
32567,27685.091069712998
32568,27686.257462401001
32569,27686.730146358001
32570,27687.758666165999
32571,27688.483874715999
32572,27689.111293665999
32573,27689.642416832001
32574,27690.033660462999
32575,27691.031829719999
32576,27691.914927434002
32577,27692.972170135999
32578,27693.537711147001
32579,27694.615171019999
32580,27695.329115090000
32581,27695.716358272999
32582,27696.704537775000
32583,27696.883492115001
32584,27697.799248185001
32585,27699.028756241001
32586,27699.437447581000
32587,27700.207275897999
32588,27700.755166735002
32589,27701.609915228000
32590,27702.620344989002
32591,27703.270919320999
32592,27704.389260214000
32593,27704.913468990999
32594,27705.584950533001
32595,27706.395771119001
32596,27706.673921805999
32597,27707.958509773998
32598,27708.211606673001
32599,27708.836763161002
32600,27709.686188602998
32601,27711.212063171999
32602,27711.651637090999
32603,27712.434239061000
32604,27713.014236024999
32605,27713.606776070999
32606,27714.449949030000
32607,27715.450516850000
32608,27716.217001088000
32609,27716.401183672999
32610,27717.401356278999
32611,27718.206721414001
32612,27718.849289463000
32613,27719.317462991999
32614,27720.633621048000
32615,27721.441365350998
32616,27722.189176955999
32617,27723.014353220002
32618,27723.617229472002
32619,27724.222050816999
32620,27724.901550554001
32621,27725.195655388001
32622,27726.546524099002
32623,27726.975734784999
32624,27728.169908135998
32625,27728.608093658000
32626,27729.289982433002
32627,27730.649606620998
32628,27731.075956395998
32629,27731.645640162998
32630,27732.332603371000
32631,27733.435094734999
32632,27734.017559843000
32633,27734.890811488000
32634,27735.294878853001
32635,27735.823609847001
32636,27736.622666870000
32637,27737.467582367000
32638,27738.757581990001
32639,27739.502456560000
32640,27740.331537111000
32641,27740.545541686999
32642,27741.580235867001
32643,27742.091668141999
32644,27742.818229847999
32645,27743.603121102999
32646,27744.480603853001
32647,27744.912498600999
32648,27745.889590487001
32649,27746.707408786999
32650,27747.524314121001
32651,27748.152847236001
32652,27748.708349686000
32653,27750.186892139998
32654,27750.811632550998
32655,27751.019923616001
32656,27751.870977660001
32657,27752.666816869001
32658,27753.188654512000
32659,27753.893569822001
32660,27754.872948529999
32661,27755.315792923000
32662,27756.660438068000
32663,27757.588851953002
32664,27758.027397205002
32665,27758.712963140999
32666,27759.346434512001
32667,27760.249001630000
32668,27760.607275988001
32669,27761.712263400001
32670,27762.622677829000
32671,27763.242059001001
32672,27763.448545481999
32673,27764.326911927001
32674,27765.323903854998
32675,27766.485859619999
32676,27766.963400147000
32677,27768.039200599000
32678,27768.247235714000
32679,27769.384350302000
32680,27769.967219812999
32681,27770.600748053999
32682,27771.000384444000
32683,27771.703190689001
32684,27772.936598396002
32685,27773.707845288998
32686,27774.365525501002
32687,27775.469952809999
32688,27775.794720623999
32689,27776.707997661000
32690,27777.376595103000
32691,27778.114338444000
32692,27779.271079785001
32693,27779.436361975000
32694,27780.262581317998
32695,27780.974777998999
32696,27781.742363367001
32697,27782.500662255999
32698,27782.922069436001
32699,27784.442665020000
32700,27785.085462186002
32701,27786.085209981000
32702,27786.550683594000
32703,27786.986446104998
32704,27787.451559994999
32705,27788.658555546001
32706,27789.269580189000
32707,27790.040009553999
32708,27790.710121382999
32709,27791.404257950999
32710,27792.512090444001
32711,27793.116117066002
32712,27793.918332309000
32713,27794.709947158000
32714,27795.262615128999
32715,27796.312851737999
32716,27797.103606781999
32717,27797.590690289999
32718,27798.097713619001
32719,27799.005125594998
32720,27799.674753906002
32721,27799.885030541001
32722,27801.712684840000
32723,27802.299644953000
32724,27802.981800800000
32725,27803.529474674000
32726,27804.651626843999
32727,27805.073899063998
32728,27805.675745150002
32729,27806.422148158999
32730,27807.150734997002
32731,27808.193382867001
32732,27808.921459264999
32733,27809.254481329001
32734,27810.178552980000
32735,27810.863331248998
32736,27812.012404805999
32737,27812.864469649001
32738,27813.405102697001
32739,27814.291272581999
32740,27814.859008956999
32741,27815.379260917001
32742,27816.233577027000
32743,27816.787278573000
32744,27817.565012480001
32745,27818.458666281000
32746,27819.090523252002
32747,27820.394984636001
32748,27821.156305175999
32749,27821.654885635999
32750,27822.102822256998
32751,27822.862943609001
32752,27823.852604881002
32753,27824.778342010999
32754,27825.334429039001
32755,27825.874558998999
32756,27826.602815578000
32757,27827.107897594000
32758,27828.385336603998
32759,27828.840935044002
32760,27829.826870574001
32761,27831.061636907001
32762,27831.427961244000
32763,27831.960000972002
32764,27832.978657592001
32765,27833.340571116001
32766,27834.080498996002
32767,27834.635253912002
32768,27835.686158282999
32769,27836.669816565001
32770,27837.079128326001
32771,27838.137522483001
32772,27838.699758903000
32773,27839.615857304001
32774,27840.282196058000
32775,27841.285789524001
32776,27841.753997495998
32777,27842.300980125001
32778,27843.418930520002
32779,27844.051082351001
32780,27844.624689356999
32781,27844.943857224000
32782,27845.858756727001
32783,27847.116147714001
32784,27848.273028626001
32785,27848.757041517001
32786,27849.066752582999
32787,27850.281635854000
32788,27850.481517200998
32789,27851.395395840998
32790,27852.046052595000
32791,27853.204004384999
32792,27853.391320326999
32793,27854.429514307001
32794,27855.049657238000
32795,27855.893811070000
32796,27857.103286718000
32797,27857.252263875002
32798,27858.133534089000
32799,27859.373556670998
32800,27859.921031995000
32801,27860.578958326001
32802,27861.084867900001
32803,27861.511543045999
32804,27862.492687804999
32805,27863.394449351999
32806,27863.885734190000
32807,27865.150276236000
32808,27865.794159489000
32809,27866.680143819998
32810,27867.432055619000
32811,27867.971808858001
32812,27868.462613978001
32813,27869.249220150999
32814,27870.466803521002
32815,27870.868838095001
32816,27871.471459111999
32817,27872.538732364999
32818,27872.939815322999
32819,27873.458384590002
32820,27874.724602876999
32821,27875.992901652000
32822,27876.205087900002
32823,27877.118478015000
32824,27877.584689529998
32825,27878.493026192999
32826,27879.060694743999
32827,27879.882085566001
32828,27880.341208323000
32829,27881.006051476001
32830,27882.157252121000
32831,27883.205464213999
32832,27883.778125297002
32833,27884.303808215001
32834,27885.285565329999
32835,27885.757246899000
32836,27886.933999656001
32837,27887.288436334999
32838,27888.292063393001
32839,27888.961306877001
32840,27889.297050818001
32841,27890.240247169000
32842,27890.889284880999
32843,27891.593472943001
32844,27892.885126442001
32845,27893.424205548999
32846,27894.553846298000
32847,27895.110913842000
32848,27895.626320514999
32849,27896.239180778000
32850,27896.995982306002
32851,27897.428891806001
32852,27898.822089912999
32853,27899.460589048998
32854,27899.885879173002
32855,27900.467668329999
32856,27901.959609302001
32857,27902.438975492001
32858,27902.990867639000
32859,27904.003115478001
32860,27904.669022583999
32861,27905.542763080000
32862,27906.127260551999
32863,27906.879740434000
32864,27907.359263742001
32865,27908.068977930001
32866,27908.634032270998
32867,27909.765531284000
32868,27910.854004944998
32869,27911.716770235002
32870,27912.201384417000
32871,27912.956823582001
32872,27913.210989896001
32873,27914.694871103002
32874,27914.940374254998
32875,27915.548962621000
32876,27916.574918824001
32877,27917.243872227999
32878,27917.987725726001
32879,27918.734241085000
32880,27919.409167766000
32881,27920.140825374001
32882,27921.375672836999
32883,27922.177404344999
32884,27922.663478545001
32885,27923.459649294000
32886,27923.769408409000
32887,27924.870414984001
32888,27925.240671662999
32889,27926.054218779998
32890,27926.810798017999
32891,27927.833260545998
32892,27928.560361692998
32893,27929.535985204999
32894,27930.177040064998
32895,27930.992983373999
32896,27931.421404920002
32897,27931.987930042000
32898,27933.159362441002
32899,27934.082570451999
32900,27934.429179975999
32901,27935.158923843999
32902,27935.637185707001
32903,27936.411400843001
32904,27937.476030383001
32905,27938.622039893999
32906,27939.154470409001
32907,27939.773649203002
32908,27940.849484414000
32909,27941.353495273001
32910,27942.077282335998
32911,27942.238082431999
32912,27943.401162235001
32913,27944.075020394001
32914,27944.893263055001
32915,27945.728640521000
32916,27946.683289337001
32917,27947.140852633001
32918,27947.998162369000
32919,27948.860766829999
32920,27949.444296653000
32921,27950.556526830002
32922,27951.155632234000
32923,27951.487674632001
32924,27952.294458275999
32925,27953.364041895999
32926,27953.600863587999
32927,27954.553473959000
32928,27954.965184756998
32929,27956.874507770000
32930,27957.196964110000
32931,27957.808340324998
32932,27958.509005082000
32933,27959.148156215000
32934,27959.763659490000
32935,27960.609917966998
32936,27961.590504815998
32937,27962.016430299002
32938,27962.817491308000
32939,27963.702094392000
32940,27964.114177586998
32941,27965.429990809000
32942,27965.876900898002
32943,27966.799456882000
32944,27967.581726336000
32945,27968.360675309999
32946,27968.998508028999
32947,27969.852651673998
32948,27970.339484510001
32949,27970.726342938000
32950,27971.419627996002
32951,27972.725403378001
32952,27973.519846333002
32953,27974.189167508001
32954,27975.247865646001
32955,27975.579094412999
32956,27976.712300676001
32957,27977.098367858001
32958,27977.654545025998
32959,27978.755715353000
32960,27979.228305873999
32961,27980.460904354000
32962,27980.767408332002
32963,27981.209056741998
32964,27982.159586536000
32965,27983.136309996000
32966,27983.892621904000
32967,27985.102435853001
32968,27985.683690589001
32969,27986.274606878000
32970,27986.586468525998
32971,27987.624228922999
32972,27988.271297537001
32973,27988.930110865000
32974,27989.676440124000
32975,27990.454414463002
32976,27991.238186139999
32977,27992.426412925000
32978,27993.170297584002
32979,27993.627536880002
32980,27993.986707206001
32981,27995.246523646001
32982,27996.061824005999
32983,27996.752952253999
32984,27997.293523932000
32985,27997.901071896002
32986,27998.670668052000
32987,27999.442546646002
32988,27999.906733144999
32989,28001.146102242001
32990,28002.190673304998
32991,28002.697060121001
32992,28003.586920772999
32993,28004.140764479002
32994,28004.925965803999
32995,28005.401315429001
32996,28006.040289583001
32997,28006.843359327999
32998,28007.943679562999
32999,28008.627769064002
33000,28009.115408349000
33001,28009.918367675000
33002,28010.737429068999
33003,28011.852293461001
33004,28012.513968509000
33005,28012.983079714999
33006,28013.827291032001
33007,28014.829108082002
33008,28015.290357903999
33009,28015.789470103002
33010,28016.626198565002
33011,28017.318073266000
33012,28017.731485976001
33013,28019.548013732001
33014,28019.798170049999
33015,28020.856033520002
33016,28021.350923730999
33017,28021.987695049000
33018,28022.701054444002
33019,28023.333752265000
33020,28024.430997128002
33021,28025.065838901999
33022,28025.731842460002
33023,28025.999930575999
33024,28027.434826927001
33025,28027.835096589999
33026,28028.642231819998
33027,28029.535745575999
33028,28030.493134413999
33029,28031.369655834998
33030,28031.899715298001
33031,28032.616499362000
33032,28032.863982645998
33033,28033.726295765999
33034,28034.669941540000
33035,28035.249951559999
33036,28036.092711901001
33037,28037.048546675000
33038,28037.853607837998
33039,28038.792839908001
33040,28039.166175937000
33041,28039.990392627999
33042,28040.723351052999
33043,28041.425001698000
33044,28042.190769328001
33045,28043.111638252001
33046,28043.754534691001
33047,28044.217899070001
33048,28044.879114666001
33049,28045.478026661000
33050,28046.978417236001
33051,28047.786134270998
33052,28048.466795837001
33053,28048.941233146001
33054,28049.655253878002
33055,28050.568733810000
33056,28051.165701554000
33057,28051.828854363001
33058,28052.119764121999
33059,28053.571185985002
33060,28054.054941095001
33061,28054.964974956001
33062,28055.598935465001
33063,28056.724601280999
33064,28057.036296441998
33065,28057.783555700000
33066,28059.140978722000
33067,28059.470812957999
33068,28060.053645837001
33069,28060.981040711002
33070,28061.417514281002
33071,28062.100302555998
33072,28062.899243889999
33073,28063.835432471999
33074,28064.526933427001
33075,28065.708975980000
33076,28066.593097350000
33077,28067.106858768999
33078,28067.437988446000
33079,28068.326794143999
33080,28068.745215784002
33081,28070.124350483999
33082,28070.510913318001
33083,28071.365501836000
33084,28071.944858048999
33085,28072.574303682999
33086,28073.627844044000
33087,28074.542099686001
33088,28075.048162483999
33089,28076.083321147002
33090,28076.827255348999
33091,28077.426423326000
33092,28078.056353376000
33093,28078.921064315000
33094,28079.458639324999
33095,28079.886670197000
33096,28080.761469911999
33097,28081.724310936999
33098,28083.165233077001
33099,28083.485807335001
33100,28083.838799609999
33101,28084.926313721000
33102,28085.852235722999
33103,28086.070975412000
33104,28087.187931211000
33105,28087.682062919001
33106,28088.580337863001
33107,28089.184094398999
33108,28090.122871070002
33109,28090.531211227000
33110,28091.146434267001
33111,28092.387196406999
33112,28093.515033598000
33113,28093.978159123999
33114,28094.600295249998
33115,28095.521147075000
33116,28096.081919376000
33117,28096.321904946999
33118,28097.385004322001
33119,28098.163386544999
33120,28099.208649740001
33121,28099.314020098998
33122,28100.592816877001
33123,28101.496823566999
33124,28102.159930401998
33125,28102.871400706001
33126,28103.395314812002
33127,28104.080753852999
33128,28105.473802879998
33129,28105.958169325000
33130,28106.241078794999
33131,28107.117025091000
33132,28107.552126809998
33133,28108.595219827999
33134,28109.292889101001
33135,28110.497396137001
33136,28111.302474606000
33137,28111.811880138001
33138,28112.782184930998
33139,28113.144044664001
33140,28113.909285687001
33141,28114.633990443999
33142,28115.237223812001
33143,28116.085143084001
33144,28117.053945829000
33145,28117.636419961000
33146,28118.336468570000
33147,28119.412444377002
33148,28119.618284197000
33149,28120.909405423001
33150,28121.822009621999
33151,28122.332801001001
33152,28122.898674186999
33153,28123.596957963000
33154,28124.403121404001
33155,28125.281744456999
33156,28125.663707977001
33157,28126.051018834001
33158,28127.459553524001
33159,28128.450720665001
33160,28129.199716341001
33161,28130.008901396999
33162,28130.340698092001
33163,28130.933633008000
33164,28132.006054084999
33165,28132.573145887000
33166,28133.379059920000
33167,28134.311942077002
33168,28134.812068738000
33169,28135.329500452001
33170,28136.070777525001
33171,28137.423695697998
33172,28137.822307126000
33173,28138.761181063001
33174,28139.524900381999
33175,28140.500553008998
33176,28141.058173817000
33177,28141.541082796000
33178,28142.099943035999
33179,28142.916004821000
33180,28143.457160244001
33181,28144.811920751999
33182,28145.329783992998
33183,28145.992678531002
33184,28147.116016081000
33185,28147.858070586000
33186,28148.274691221999
33187,28149.094002128000
33188,28149.840702525998
33189,28150.692634620998
33190,28151.388280110001
33191,28152.050303119999
33192,28152.721914557998
33193,28153.429748652001
33194,28154.059022357000
33195,28154.680654832999
33196,28156.314831602002
33197,28156.873177731999
33198,28157.634534618999
33199,28158.028060224999
33200,28158.667921650998
33201,28159.628506740999
33202,28160.125627066998
33203,28160.992395492998
33204,28161.792424135001
33205,28162.107732452001
33206,28163.471308716998
33207,28164.119895380001
33208,28164.861340490999
33209,28165.466539207999
33210,28166.299717564001
33211,28167.267917935998
33212,28167.830139155001
33213,28168.853905565000
33214,28169.185579765999
33215,28169.966109374000
33216,28170.384715478998
33217,28171.361810636001
33218,28171.947365156000
33219,28173.003842099999
33220,28174.193953402999
33221,28174.568348957000
33222,28175.342354127999
33223,28176.356170083000
33224,28176.805007367999
33225,28177.271909805000
33226,28177.793570333000
33227,28179.283974717000
33228,28179.770743051002
33229,28180.359767608999
33230,28181.082496880001
33231,28181.657503732000
33232,28182.752630542000
33233,28183.872636302000
33234,28184.109710151999
33235,28185.314173306000
33236,28185.793246042002
33237,28186.428419831002
33238,28187.495406926999
33239,28187.689005561999
33240,28188.321620911000
33241,28189.366709629001
33242,28189.820767792000
33243,28191.002311025000
33244,28192.171610284000
33245,28192.527168266999
33246,28193.341943867999
33247,28193.757370236999
33248,28194.570033716001
33249,28195.673988695999
33250,28196.241537640999
33251,28196.997166108002
33252,28197.277373460001
33253,28198.619013932999
33254,28198.815015605000
33255,28199.723116126999
33256,28200.567174774002
33257,28201.433565152998
33258,28202.624600546002
33259,28203.254294375001
33260,28203.804619474999
33261,28204.113152540001
33262,28205.168985904998
33263,28205.751059640999
33264,28206.298251509001
33265,28207.310778341001
33266,28208.169877894001
33267,28208.854407447001
33268,28209.493202471000
33269,28210.625228289999
33270,28211.289606192000
33271,28211.900967199999
33272,28212.485930073999
33273,28213.589460497999
33274,28214.044864038999
33275,28215.038266248001
33276,28215.670823676999
33277,28216.197316473001
33278,28216.484205878998
33279,28217.487758087002
33280,28218.978371259000
33281,28219.546035421001
33282,28220.187159756999
33283,28221.093607130999
33284,28221.592582576999
33285,28222.386157854999
33286,28222.924124419002
33287,28223.709830078998
33288,28224.368055497998
33289,28225.391177402998
33290,28225.978889629001
33291,28226.621547545001
33292,28227.711136956001
33293,28228.209584601002
33294,28229.017717832001
33295,28229.913055762001
33296,28230.929386076001
33297,28231.433634764999
33298,28232.209586887999
33299,28232.534557052000
33300,28233.221056574999
33301,28234.286092867998
33302,28234.913674599000
33303,28235.329542911000
33304,28236.514607831999
33305,28237.723199552001
33306,28238.339516753000
33307,28238.743399718001
33308,28239.611773967001
33309,28240.012667571998
33310,28240.937128526999
33311,28241.792031608002
33312,28242.796836712001
33313,28243.015203682000
33314,28243.810453566999
33315,28244.465183626999
33316,28245.512452349001
33317,28245.956097541999
33318,28247.650545955999
33319,28247.787636895999
33320,28248.343750931999
33321,28249.536371247999
33322,28250.039309175001
33323,28250.706602368999
33324,28251.261388301002
33325,28251.781403025001
33326,28252.691120539999
33327,28253.881214432000
33328,28254.465521823000
33329,28255.440218836000
33330,28255.828478340001
33331,28256.779142757001
33332,28257.589917874000
33333,28258.278333470000
33334,28258.804343926000
33335,28259.797177192999
33336,28260.466326451002
33337,28261.185326030001
33338,28261.584251631000
33339,28262.620415767000
33340,28262.943970471999
33341,28264.211109467000
33342,28265.208502606001
33343,28266.179365823999
33344,28266.402438331999
33345,28267.386028056000
33346,28267.672037166001
33347,28268.325112017999
33348,28269.467978920999
33349,28270.006631426000
33350,28270.848641653000
33351,28271.553362064002
33352,28272.047352222002
33353,28273.564594103998
33354,28273.856050180999
33355,28274.718551062000
33356,28275.080888787001
33357,28276.459101105000
33358,28277.184743987000
33359,28277.588478141999
33360,28278.176940895999
33361,28279.102016718000
33362,28279.550473071999
33363,28280.151577182001
33364,28281.243607611999
33365,28282.338833824000
33366,28283.019127611002
33367,28283.857348573001
33368,28284.355443829001
33369,28285.184960937000
33370,28285.740518195002
33371,28286.547609903999
33372,28287.154033709001
33373,28287.918662761000
33374,28288.892601544001
33375,28289.839967995998
33376,28289.948310461001
33377,28290.589870795000
33378,28292.047602821000
33379,28292.592056644000
33380,28293.791772561999
33381,28294.078333707999
33382,28294.800276823000
33383,28295.478514843999
33384,28296.355460074999
33385,28296.935531797000
33386,28297.381894811999
33387,28298.233699970999
33388,28299.191805076000
33389,28300.152224944999
33390,28301.120805102000
33391,28301.554495711000
33392,28302.389619201000
33393,28303.012447450001
33394,28303.445117263000
33395,28304.668201027001
33396,28305.531716178000
33397,28305.970027136002
33398,28306.426484647000
33399,28307.273461220000
33400,28307.980280821001
33401,28308.968716543000
33402,28309.724661526001
33403,28310.566981136999
33404,28311.723175029001
33405,28311.998691929999
33406,28312.975187357999
33407,28313.389632228998
33408,28314.017011694999
33409,28314.481683174999
33410,28315.789036745999
33411,28316.468260885002
33412,28316.884192263002
33413,28318.091826680000
33414,28318.745297745001
33415,28319.433294135000
33416,28320.272064367000
33417,28321.044459654000
33418,28321.784638927002
33419,28322.405021891002
33420,28323.212015862999
33421,28324.049622246999
33422,28324.459932573998
33423,28325.232374367999
33424,28325.924228830001
33425,28326.333759063000
33426,28328.168793235000
33427,28328.769829764002
33428,28329.359306901999
33429,28329.717773756998
33430,28330.621658126001
33431,28331.564908320001
33432,28331.952169950000
33433,28332.665733981001
33434,28333.651173165999
33435,28334.257949346000
33436,28334.987179559001
33437,28335.875760467999
33438,28336.502103374001
33439,28337.521653696000
33440,28337.962366868000
33441,28339.239379013001
33442,28339.612121450999
33443,28340.679586376002
33444,28341.168754301001
33445,28341.513594967000
33446,28342.421870016999
33447,28342.951608708001
33448,28343.956838733000
33449,28344.813405706998
33450,28345.655522714002
33451,28346.359132652000
33452,28347.642670662000
33453,28347.953860932001
33454,28348.288407657001
33455,28349.127578398002
33456,28350.034650938000
33457,28350.835236221999
33458,28351.802937693999
33459,28352.130633444998
33460,28352.744083538000
33461,28353.516848675001
33462,28354.365241281001
33463,28355.525946547001
33464,28356.175660486999
33465,28356.994813406000
33466,28357.876313690002
33467,28358.167978917001
33468,28358.867036869000
33469,28359.768358533998
33470,28360.509510864998
33471,28360.819344550000
33472,28361.624629964001
33473,28363.074837512999
33474,28363.442258128998
33475,28364.474556988000
33476,28365.114344193000
33477,28365.483446570001
33478,28366.532340218000
33479,28367.544698963000
33480,28368.012970772001
33481,28368.646045849000
33482,28369.308148388001
33483,28370.243367457999
33484,28370.773697725999
33485,28371.416331773999
33486,28372.102466830998
33487,28373.522927096001
33488,28374.251857261999
33489,28374.841943865998
33490,28375.709479960999
33491,28376.305705531999
33492,28376.586386912000
33493,28377.608925295001
33494,28378.119209847999
33495,28379.282800402001
33496,28380.099182552000
33497,28380.278521020999
33498,28381.252991525002
33499,28382.262591066999
33500,28383.176791272999
33501,28383.621992189001
33502,28384.458083402998
33503,28385.118316717999
33504,28386.200461300999
33505,28386.850430380000
33506,28387.212231661000
33507,28387.904674993999
33508,28388.372906371998
33509,28389.495689500000
33510,28390.240286875000
33511,28391.518465050998
33512,28392.074315382000
33513,28392.743705002002
33514,28393.283455276000
33515,28394.379645967001
33516,28394.623343665000
33517,28395.415805891000
33518,28396.573558709999
33519,28396.844726768999
33520,28397.772718673001
33521,28398.445725534999
33522,28399.330292725001
33523,28399.974355889000
33524,28400.557923962999
33525,28402.022779221999
33526,28402.655390576001
33527,28403.293295010000
33528,28403.611965984001
33529,28404.531102329001
33530,28405.179707768999
33531,28405.900171916001
33532,28406.549317771001
33533,28407.422888756999
33534,28408.016061498001
33535,28409.451882948000
33536,28410.020234539999
33537,28410.503093095998
33538,28411.297031932001
33539,28412.164657337002
33540,28412.432656231998
33541,28413.940143796000
33542,28414.093289687000
33543,28415.057572893002
33544,28415.721168578999
33545,28416.144759406001
33546,28416.767727312999
33547,28418.127699702000
33548,28418.958936112998
33549,28419.657509959001
33550,28420.367924417998
33551,28421.158777658002
33552,28421.902107384001
33553,28422.416590650999
33554,28423.072472262000
33555,28423.483826038999
33556,28424.637224115999
33557,28425.545239510000
33558,28426.264212024002
33559,28426.756896905001
33560,28427.733366815999
33561,28428.706284786000
33562,28429.163195551999
33563,28429.883399060000
33564,28431.001512322000
33565,28431.566355463001
33566,28432.007244805001
33567,28432.791280250000
33568,28433.694690507000
33569,28434.273151860001
33570,28434.582511983001
33571,28435.835395149999
33572,28436.922635437000
33573,28437.854359444998
33574,28438.422981080999
33575,28438.872801730002
33576,28439.457994264001
33577,28440.151152656999
33578,28441.266723285000
33579,28442.059719370998
33580,28442.237845958000
33581,28443.335416064001
33582,28443.936752605001
33583,28444.849718558999
33584,28445.679832270998
33585,28446.311784215999
33586,28447.197145737999
33587,28448.033101232999
33588,28449.017497213001
33589,28449.243781974001
33590,28450.161968785000
33591,28450.643642093000
33592,28451.320395934999
33593,28452.005267139000
33594,28452.812257635000
33595,28454.140432246000
33596,28454.638907615001
33597,28455.372133440000
33598,28456.274974855001
33599,28456.850241904001
33600,28457.658664088998
33601,28458.322492451000
33602,28458.634720010999
33603,28460.040799936000
33604,28460.599439738999
33605,28461.267856973001
33606,28461.642700741999
33607,28462.540446350002
33608,28463.319161562002
33609,28464.630071398999
33610,28465.353587649999
33611,28465.912472102998
33612,28466.480619318001
33613,28467.429431058001
33614,28468.023294183000
33615,28468.378365391000
33616,28469.407384847000
33617,28469.993360503999
33618,28471.002834532999
33619,28471.461103717000
33620,28472.808151662000
33621,28473.588269962998
33622,28473.857947461998
33623,28474.511933196001
33624,28475.501268411001
33625,28476.574392774000
33626,28476.887370216999
33627,28477.970684012002
33628,28478.358025973001
33629,28478.560725145999
33630,28480.084013519001
33631,28480.363103877000
33632,28481.214549634999
33633,28482.487626892998
33634,28483.237597784999
33635,28483.918650697000
33636,28484.637261569998
33637,28484.930387965000
33638,28485.977617996999
33639,28486.313253717999
33640,28487.263780033001
33641,28488.254643418000
33642,28488.812188430999
33643,28489.623239206001
33644,28490.161200587001
33645,28491.209022791001
33646,28491.968205026002
33647,28492.840462405002
33648,28493.486537494999
33649,28494.247663103000
33650,28494.760049403001
33651,28495.916142757000
33652,28496.169135239001
33653,28497.103066270000
33654,28497.276006062999
33655,28498.147364165001
33656,28499.777348546999
33657,28500.308875629002
33658,28500.922523386998
33659,28501.746955019000
33660,28502.376203525000
33661,28503.006353247001
33662,28503.714800549002
33663,28504.656286698999
33664,28505.256621442000
33665,28505.968564333001
33666,28506.720904717000
33667,28507.486283622999
33668,28507.998242071000
33669,28509.155833676999
33670,28509.863721886999
33671,28510.518517208999
33672,28511.880640350999
33673,28512.228277798000
33674,28512.722398292000
33675,28513.320439523999
33676,28513.976689298001
33677,28514.919666633999
33678,28515.566591459999
33679,28516.530482450999
33680,28517.002082309002
33681,28518.363467380001
33682,28518.771544201001
33683,28519.908009942999
33684,28520.200730903998
33685,28520.618001259001
33686,28521.843532333001
33687,28522.780100297001
33688,28523.084136886999
33689,28523.969033873000
33690,28524.533491110000
33691,28525.398198789000
33692,28525.594530751001
33693,28527.046290013001
33694,28528.066381979999
33695,28528.798283361000
33696,28529.275142043000
33697,28529.836684401998
33698,28530.808584038001
33699,28531.591470953001
33700,28531.858999758999
33701,28532.601987365000
33702,28533.555414471000
33703,28534.389040880000
33704,28535.255516999001
33705,28536.008420906001
33706,28536.574117209999
33707,28537.301808360000
33708,28538.476844866000
33709,28538.908812906000
33710,28539.843233102001
33711,28540.371898649999
33712,28541.096203514000
33713,28541.897848990000
33714,28542.345448537999
33715,28542.987327769999
33716,28544.062196616000
33717,28544.663371693001
33718,28546.033930976999
33719,28546.719158432999
33720,28547.122134273999
33721,28548.073042240001
33722,28548.420054178001
33723,28549.104626920001
33724,28549.883629510001
33725,28551.151350541000
33726,28551.679203492000
33727,28551.962962693000
33728,28552.696002029999
33729,28553.889517361000
33730,28554.850174676001
33731,28555.101231735000
33732,28556.246754284999
33733,28556.965873572000
33734,28557.738533339001
33735,28558.427444166002
33736,28559.095342850000
33737,28559.396781586998
33738,28560.386041328002
33739,28560.839201660001
33740,28561.975569253998
33741,28562.873726595000
33742,28563.796063000998
33743,28564.509980538001
33744,28564.874546252999
33745,28565.804914024000
33746,28566.519815369000
33747,28567.303573747002
33748,28568.008459983001
33749,28568.539480584001
33750,28569.505031675999
33751,28570.283025748999
33752,28570.764605257002
33753,28571.371582913998
33754,28572.247084799001
33755,28573.782002201999
33756,28574.161479241000
33757,28574.842222046002
33758,28575.631023106998
33759,28576.083627847998
33760,28576.698611043001
33761,28577.820774866999
33762,28578.148740519999
33763,28578.857870558000
33764,28579.990254262000
33765,28580.668011908001
33766,28581.390299866001
33767,28582.508831675001
33768,28583.031470659000
33769,28583.485132442001
33770,28584.326339888001
33771,28585.313207834999
33772,28586.244217047999
33773,28586.648288162000
33774,28587.086409778000
33775,28587.931101916001
33776,28588.504956424000
33777,28589.399100265000
33778,28590.668918844000
33779,28591.314979901999
33780,28591.833007128000
33781,28593.104118327999
33782,28593.444379752000
33783,28594.029423929998
33784,28594.537654751999
33785,28595.450857692998
33786,28596.276146413999
33787,28597.084418957002
33788,28597.823796778001
33789,28598.435398201000
33790,28599.195741244999
33791,28600.284348828001
33792,28600.626133628000
33793,28601.928903188000
33794,28602.435057491999
33795,28603.206940865999
33796,28603.736997018001
33797,28604.446640028000
33798,28605.271910241001
33799,28605.815816071001
33800,28606.717646091001
33801,28606.877752425000
33802,28608.505552553001
33803,28609.603312070001
33804,28609.896325397000
33805,28610.479733002001
33806,28611.086516382999
33807,28612.065442908999
33808,28612.709605800999
33809,28613.522076976999
33810,28614.199085826000
33811,28615.080891801001
33812,28615.366197349002
33813,28616.366295018001
33814,28617.102938634998
33815,28617.974263483000
33816,28618.796628315999
33817,28619.766765781998
33818,28620.477598464000
33819,28620.923307567999
33820,28621.895874103000
33821,28622.476779461998
33822,28622.856484016000
33823,28623.342992426002
33824,28625.050079631001
33825,28625.118999287999
33826,28626.217901844000
33827,28626.923557131999
33828,28627.930138256001
33829,28628.509795016002
33830,28629.203429360001
33831,28629.915604717000
33832,28630.455457346001
33833,28631.601639582001
33834,28632.288364528002
33835,28632.729523135000
33836,28633.645672211002
33837,28633.777970207000
33838,28634.914106087999
33839,28635.951914214002
33840,28636.940197610998
33841,28637.765597148998
33842,28638.251426536001
33843,28638.742807870000
33844,28639.516985293001
33845,28640.433571289999
33846,28640.779724124000
33847,28641.855325900000
33848,28642.374222966999
33849,28643.096646619000
33850,28644.238979379999
33851,28645.068100267999
33852,28645.363489779000
33853,28646.476286196001
33854,28646.827060449999
33855,28648.232369663001
33856,28648.937226505001
33857,28649.092063967000
33858,28649.806072265001
33859,28650.783989187999
33860,28651.265306402001
33861,28652.151049741002
33862,28652.554047835001
33863,28654.209734061002
33864,28654.519891881999
33865,28655.632210500000
33866,28656.073135349001
33867,28656.879109140002
33868,28657.476802708999
33869,28657.864969828999
33870,28658.974926026000
33871,28659.794581349001
33872,28660.482641377999
33873,28661.187275846001
33874,28661.812886840002
33875,28662.276104356999
33876,28663.773542382001
33877,28664.462690500000
33878,28664.993159599999
33879,28665.725494140999
33880,28666.744806046001
33881,28667.225387750001
33882,28667.871892856001
33883,28668.577175255999
33884,28669.043825755001
33885,28669.805307410999
33886,28670.910843832000
33887,28671.948920068000
33888,28672.528712371000
33889,28673.288253767001
33890,28674.040314566999
33891,28674.555833095001
33892,28675.305648089001
33893,28676.263087468000
33894,28677.082418720998
33895,28677.422956053000
33896,28678.381787138002
33897,28678.768019665000
33898,28679.896414858998
33899,28680.424953802001
33900,28681.131925594000
33901,28682.409873152999
33902,28683.342438267999
33903,28683.735495376000
33904,28684.507477711999
33905,28684.868520303000
33906,28685.597930743999
33907,28686.498863201999
33908,28687.169864300002
33909,28688.013181790000
33910,28688.744785031999
33911,28689.356648028999
33912,28690.748001561002
33913,28691.090902954998
33914,28691.700886319999
33915,28692.569609650000
33916,28693.550294745000
33917,28693.896310918000
33918,28694.897134027000
33919,28695.784219376001
33920,28696.123872242999
33921,28696.614738460001
33922,28697.365625812999
33923,28698.288665747001
33924,28699.611710993999
33925,28700.371953184000
33926,28700.811166485000
33927,28701.484162966000
33928,28702.358974678998
33929,28703.164029331001
33930,28703.513348658998
33931,28704.240185064999
33932,28704.971545942000
33933,28706.282585878002
33934,28706.682674583000
33935,28707.036633733998
33936,28708.413877565999
33937,28708.797852795000
33938,28709.724414331002
33939,28710.771804799999
33940,28711.333070623001
33941,28712.034531693000
33942,28712.846407321002
33943,28713.119364627000
33944,28714.051711854001
33945,28714.675503795999
33946,28715.468489595001
33947,28716.172987815000
33948,28717.211741884999
33949,28718.295427019999
33950,28718.928536299001
33951,28719.490544804001
33952,28720.212062006001
33953,28720.370020111000
33954,28721.724525763999
33955,28722.617784004000
33956,28723.117920224999
33957,28723.595014701001
33958,28724.431028839001
33959,28725.187528180999
33960,28725.924660712000
33961,28727.025535788001
33962,28727.627054565000
33963,28728.699919195999
33964,28729.132919921001
33965,28730.096070692001
33966,28730.574676991000
33967,28731.044825001001
33968,28731.995622129001
33969,28732.478513934999
33970,28733.230754918000
33971,28734.475151343999
33972,28735.193132270000
33973,28735.911343168998
33974,28736.363734439001
33975,28737.479281984000
33976,28738.332320362999
33977,28738.494104100999
33978,28739.656714522000
33979,28740.321325967001
33980,28740.817625457999
33981,28741.891266429000
33982,28742.446748385999
33983,28742.783851693999
33984,28743.532400728000
33985,28745.078015601001
33986,28745.838509973000
33987,28746.380872844999
33988,28747.267447542999
33989,28747.536609068000
33990,28748.592597639999
33991,28748.905376701001
33992,28749.742447122000
33993,28750.858644299002
33994,28751.285882001001
33995,28751.942171628001
33996,28752.908185254000
33997,28753.835660798999
33998,28754.559460143999
33999,28755.290511685002
34000,28755.618891188999
34001,28757.060109636001
34002,28757.545416092002
34003,28758.385324666000
34004,28758.717729782999
34005,28759.308068478000
34006,28760.129832254999
34007,28760.848676747999
34008,28762.000415479000
34009,28762.480082857001
34010,28763.882017962998
34011,28764.233365560001
34012,28765.002243370000
34013,28765.524336441998
34014,28766.417164776001
34015,28766.912643806001
34016,28767.639867192000
34017,28768.850014502001
34018,28769.148963926000
34019,28770.070996879000
34020,28770.572369768000
34021,28771.414023886999
34022,28772.291441358000
34023,28773.271772314001
34024,28774.358188817001
34025,28774.645942589999
34026,28775.075175294001
34027,28776.014704026002
34028,28777.079921684999
34029,28777.308957589001
34030,28777.824691189999
34031,28778.722373347999
34032,28779.703632216999
34033,28780.815108077000
34034,28781.481161864998
34035,28782.152923669000
34036,28782.705528407001
34037,28783.362027501000
34038,28784.419173430000
34039,28784.939391085001
34040,28785.807709230001
34041,28786.533360279998
34042,28787.157664627000
34043,28787.579216495000
34044,28788.541635018999
34045,28789.311522222000
34046,28790.346154709001
34047,28791.100577503999
34048,28791.879003173999
34049,28792.871873895001
34050,28793.282855608999
34051,28793.840434834001
34052,28794.400569115998
34053,28795.062961790001
34054,28796.223385986999
34055,28796.850396534999
34056,28797.676610961000
34057,28798.187947864000
34058,28799.223442893999
34059,28800.214623177999
34060,28800.683662774001
34061,28801.248373356000
34062,28802.262988391001
34063,28802.947879829000
34064,28803.926376233001
34065,28804.160882028002
34066,28804.918827825000
34067,28805.767001754000
34068,28806.298483660001
34069,28806.844923270000
34070,28808.683476382001
34071,28809.202512538999
34072,28809.497648310000
34073,28810.497361898000
34074,28811.174801221001
34075,28811.485108208999
34076,28812.855236963998
34077,28813.038713021000
34078,28813.945680295001
34079,28814.568212913000
34080,28815.657007464000
34081,28816.237262061000
34082,28817.011547564998
34083,28817.592756462000
34084,28818.700948607999
34085,28819.517522547001
34086,28820.229350502999
34087,28820.901041164001
34088,28821.466498119000
34089,28822.257241664000
34090,28822.573476280999
34091,28823.755831836999
34092,28824.042504008001
34093,28825.183750884000
34094,28826.236534022999
34095,28826.770116010000
34096,28827.761533100002
34097,28828.431795097000
34098,28828.904628617001
34099,28829.541633138000
34100,28830.219202634999
34101,28831.431972675000
34102,28832.047534148998
34103,28832.662446779999
34104,28833.229887358000
34105,28833.597547724999
34106,28835.072452583001
34107,28835.666223245000
34108,28836.716074707001
34109,28837.295747613000
34110,28838.050478843001
34111,28838.836385285002
34112,28839.301997703998
34113,28840.149667500002
34114,28840.632646701000
34115,28841.176325498000
34116,28842.477876363999
34117,28842.934080372001
34118,28843.962154928999
34119,28845.024932990000
34120,28845.299182784998
34121,28845.927737130001
34122,28846.868421317999
34123,28847.845655711000
34124,28848.589474791999
34125,28848.845337900999
34126,28849.704153207000
34127,28850.587645210999
34128,28851.168895315001
34129,28851.745445624001
34130,28852.556078153000
34131,28853.544984656000
34132,28854.849348533000
34133,28855.457374885998
34134,28855.811518265000
34135,28856.300024855002
34136,28857.379460862001
34137,28857.785421348999
34138,28858.631180949000
34139,28859.440573327000
34140,28860.327933239001
34141,28860.815649859000
34142,28861.590362041999
34143,28862.593036528000
34144,28863.348647183000
34145,28864.110370889000
34146,28864.734066632001
34147,28865.485118141001
34148,28866.632696313001
34149,28866.880893084999
34150,28867.726254300000
34151,28868.429838855001
34152,28868.625626785000
34153,28869.511215121001
34154,28870.906567598999
34155,28871.556302748999
34156,28872.504453374000
34157,28872.856342905001
34158,28873.887814031001
34159,28874.551800644000
34160,28875.121133099001
34161,28875.516626829001
34162,28876.803520701000
34163,28877.431895718000
34164,28877.888270375999
34165,28879.036240751000
34166,28879.308738960000
34167,28880.224076605999
34168,28881.080612461999
34169,28882.189843624001
34170,28882.759425860000
34171,28883.740869601999
34172,28884.184417625998
34173,28884.633826130001
34174,28885.384953274999
34175,28886.218361738000
34176,28887.196372055001
34177,28887.350344148999
34178,28888.310480595999
34179,28889.656061760001
34180,28890.320352851999
34181,28891.026514745001
34182,28891.385042538001
34183,28892.318969951000
34184,28892.853023644999
34185,28894.115641062999
34186,28894.579752147001
34187,28895.256593971000
34188,28895.736330857999
34189,28896.639453764001
34190,28897.294186550000
34191,28897.944996359001
34192,28899.328920315998
34193,28899.929522861999
34194,28900.788440746001
34195,28901.183168817999
34196,28902.285667860000
34197,28902.746151144001
34198,28903.189497775002
34199,28903.962140996999
34200,28904.645750275002
34201,28905.888036164000
34202,28906.541337914001
34203,28906.977590861999
34204,28907.925199458001
34205,28908.848758717999
34206,28909.483786666999
34207,28910.304626245001
34208,28911.086569416999
34209,28911.564957422001
34210,28912.471248288999
34211,28913.431793045002
34212,28913.622544515001
34213,28914.264745934001
34214,28915.134871109000
34215,28915.855043631000
34216,28917.274494447000
34217,28917.785635905999
34218,28918.841558756001
34219,28919.215878797000
34220,28919.582003539999
34221,28920.472469672000
34222,28921.411574279002
34223,28921.987429868001
34224,28922.866093615001
34225,28923.532236611001
34226,28924.031073815000
34227,28924.938843510001
34228,28926.176022773001
34229,28926.551376136002
34230,28926.968770858999
34231,28928.518487501002
34232,28929.075253045001
34233,28929.603188482000
34234,28930.256465246999
34235,28930.970935650999
34236,28931.412765652000
34237,28932.388866673002
34238,28932.952027905001
34239,28934.021145491999
34240,28934.936903800000
34241,28935.643019273000
34242,28936.515931403999
34243,28937.005330843000
34244,28937.792821120998
34245,28938.336019768001
34246,28939.389433801000
34247,28939.670383365999
34248,28940.929828544999
34249,28941.618986837999
34250,28941.813671755001
34251,28942.792137683002
34252,28943.219866562002
34253,28944.782078356999
34254,28945.651504867001
34255,28945.933314721999
34256,28946.820180585000
34257,28947.372936617001
34258,28948.395291820001
34259,28948.705411972001
34260,28949.423288790000
34261,28950.143013418001
34262,28950.980184639000
34263,28951.842808378999
34264,28952.949934058001
34265,28953.333115390000
34266,28954.230982256999
34267,28954.974025777999
34268,28955.496533573001
34269,28956.359238305002
34270,28957.496256541999
34271,28957.916379586000
34272,28958.491214179001
34273,28958.942030113001
34274,28959.957547217000
34275,28960.723484976999
34276,28961.267280792999
34277,28962.461029164999
34278,28963.324655270000
34279,28964.136777971999
34280,28964.774517196001
34281,28965.362100267001
34282,28965.929344918000
34283,28966.343077153000
34284,28967.515095322000
34285,28968.449189112998
34286,28968.936010050998
34287,28969.415521576000
34288,28970.684074731998
34289,28971.079397136000
34290,28972.113528780999
34291,28972.896667184999
34292,28973.565973009001
34293,28974.362359573999
34294,28975.160209414000
34295,28975.669451475002
34296,28976.447717825999
34297,28977.295804058002
34298,28977.546979244999
34299,28978.152107948001
34300,28979.409611685001
34301,28980.659423934001
34302,28981.191705887999
34303,28981.790321074001
34304,28982.241742933002
34305,28983.319762681000
34306,28983.964204493001
34307,28984.570606746998
34308,28985.285015803998
34309,28986.105723637000
34310,28986.923352848000
34311,28987.551465437999
34312,28988.160729161998
34313,28988.949215135999
34314,28990.001683017999
34315,28990.655872112002
34316,28991.800629252000
34317,28992.328394515000
34318,28992.915606725001
34319,28993.465932644998
34320,28994.275498964998
34321,28994.855099017001
34322,28995.477240614000
34323,28996.629484281999
34324,28997.393530029000
34325,28997.732791020000
34326,28999.296493908001
34327,28999.772399750000
34328,29000.312256760000
34329,29000.925985177000
34330,29001.586594437998
34331,29002.833342307000
34332,29003.322743146000
34333,29004.143386551001
34334,29004.526044613001
34335,29005.371056327000
34336,29005.711770931001
34337,29007.098680278999
34338,29007.750204181000
34339,29008.937058926000
34340,29009.335568265000
34341,29010.198660246999
34342,29010.731533799000
34343,29011.391969257002
34344,29012.135588878002
34345,29012.945403146001
34346,29013.226268286999
34347,29014.492857317000
34348,29015.148321508001
34349,29016.140714196001
34350,29016.552332687999
34351,29017.516202973999
34352,29018.023433072001
34353,29019.295841711999
34354,29019.836467732999
34355,29020.347492113000
34356,29021.212501051999
34357,29021.749212506998
34358,29022.561906921001
34359,29023.363757748000
34360,29023.688082965000
34361,29024.484255673000
34362,29026.112901023000
34363,29026.621436100999
34364,29027.232253807000
34365,29027.967476403999
34366,29028.715259395001
34367,29029.169891189998
34368,29029.753078364000
34369,29031.094516530000
34370,29031.464199937000
34371,29032.326170901000
34372,29032.866761359001
34373,29033.474310860001
34374,29034.796124157001
34375,29035.224920862998
34376,29036.280488330001
34377,29036.813848180998
34378,29037.587778612000
34379,29038.722453025999
34380,29039.165236069999
34381,29039.566449951999
34382,29039.982278668998
34383,29041.089604388999
34384,29041.814103572000
34385,29042.677299373001
34386,29043.829638431002
34387,29044.235222877000
34388,29045.132613155001
34389,29045.943012705000
34390,29046.348712008999
34391,29047.179330350998
34392,29047.942028858000
34393,29048.743510578999
34394,29049.468358202001
34395,29050.042726536001
34396,29050.852524791000
34397,29051.543631830002
34398,29052.063594814001
34399,29053.123234387000
34400,29054.515156541998
34401,29054.946357528999
34402,29055.437372431999
34403,29056.164542415001
34404,29056.665988413999
34405,29057.763386744002
34406,29058.130466528000
34407,29059.011803984999
34408,29059.553765347999
34409,29060.598765149000
34410,29061.451527800000
34411,29062.309030827000
34412,29063.020624155000
34413,29063.465645273998
34414,29064.235597537001
34415,29065.367242165001
34416,29065.884923463000
34417,29066.632429126999
34418,29067.313389925999
34419,29067.959401779000
34420,29068.519859055999
34421,29069.047055939001
34422,29070.338203551000
34423,29071.357845682000
34424,29071.741116120000
34425,29072.861276921001
34426,29073.524046777002
34427,29073.980530592002
34428,29074.764145534999
34429,29075.408110569999
34430,29075.760420957999
34431,29077.131859513000
34432,29077.855679960001
34433,29078.431764199999
34434,29078.862057271999
34435,29079.937798506999
34436,29080.948766080000
34437,29081.552768712001
34438,29082.171064884998
34439,29083.375311045002
34440,29083.735251130001
34441,29084.273834529002
34442,29085.255696500000
34443,29085.808135841999
34444,29086.374465441000
34445,29087.057270173998
34446,29087.963441080999
34447,29089.187363654000
34448,29090.052116637999
34449,29090.617472997001
34450,29091.153945572001
34451,29091.586251414999
34452,29092.719647883001
34453,29093.316312465999
34454,29094.305018311999
34455,29094.882966973000
34456,29095.159213838000
34457,29096.326170644999
34458,29097.129816895002
34459,29097.554926669000
34460,29098.538948791000
34461,29099.577277916000
34462,29100.290061491000
34463,29101.244470884001
34464,29101.460270027001
34465,29102.383422848001
34466,29102.823379138001
34467,29103.571832335001
34468,29104.211991920001
34469,29105.315513775000
34470,29105.882197138999
34471,29106.890423076002
34472,29107.769753163000
34473,29108.093763739998
34474,29109.360424555001
34475,29109.909805765001
34476,29110.170083503999
34477,29111.179337918002
34478,29112.191438579001
34479,29112.961363470000
34480,29113.251981388999
34481,29113.902464281000
34482,29114.674306199999
34483,29115.335427460999
34484,29116.871125516001
34485,29117.558751715002
34486,29117.935288807999
34487,29118.821260150999
34488,29119.519518157998
34489,29120.174643771999
34490,29120.815033935000
34491,29121.289638804999
34492,29122.553910161001
34493,29122.847365219000
34494,29123.842411737998
34495,29124.599746186999
34496,29125.674909215999
34497,29126.086202181999
34498,29126.686206806000
34499,29127.727076521998
34500,29128.661777383000
34501,29129.379916750000
34502,29129.763756503002
34503,29130.390396971001
34504,29131.137320493999
34505,29131.907350255999
34506,29132.715034374000
34507,29133.207630770001
34508,29134.409937330998
34509,29135.550932979000
34510,29135.937372785000
34511,29136.853294745000
34512,29137.137475145999
34513,29137.770546274001
34514,29138.755039361000
34515,29139.577580870999
34516,29140.070149055999
34517,29141.271547531000
34518,29141.628474180001
34519,29142.010561256000
34520,29143.228710996998
34521,29144.139162559000
34522,29144.820778723999
34523,29145.757762787998
34524,29146.347660929001
34525,29146.907551339998
34526,29147.932397846002
34527,29148.393078452998
34528,29149.080912441001
34529,29149.552091129000
34530,29150.157552731001
34531,29151.804831537000
34532,29152.213588701001
34533,29153.030226171999
34534,29153.735592557001
34535,29154.632679299000
34536,29155.012132076001
34537,29155.876649000002
34538,29156.836054338000
34539,29157.219332690001
34540,29158.133850687998
34541,29158.855531615998
34542,29159.570915337001
34543,29159.890977389001
34544,29161.074315778002
34545,29161.750236773001
34546,29162.856095283001
34547,29163.787610804000
34548,29164.196614082000
34549,29165.061577057000
34550,29165.376322659002
34551,29165.948306013001
34552,29166.964181093001
34553,29167.850368230000
34554,29168.347941823999
34555,29169.162718897001
34556,29169.896277006999
34557,29171.185065250000
34558,29171.638012521002
34559,29172.177503552000
34560,29172.983681927999
34561,29173.737030146000
34562,29174.821385022999
34563,29175.369740085000
34564,29175.882960196999
34565,29176.589041638999
34566,29177.154667401999
34567,29178.026093789998
34568,29178.598931185999
34569,29180.048114281999
34570,29180.810464590999
34571,29181.506578126999
34572,29181.655373271999
34573,29183.050744673001
34574,29183.320746649999
34575,29184.163370604001
34576,29184.485989294000
34577,29185.672141907999
34578,29186.402634512000
34579,29187.054604549001
34580,29188.099189973000
34581,29188.294367775001
34582,29189.253419842000
34583,29190.432763003999
34584,29191.095898403000
34585,29191.816054514999
34586,29192.242524530000
34587,29193.378858263000
34588,29193.643837026000
34589,29194.418417636000
34590,29195.200865966999
34591,29195.651205206999
34592,29196.727961754001
34593,29197.631590789999
34594,29198.776498603002
34595,29199.268869093001
34596,29199.761089766998
34597,29200.616562830000
34598,29201.104019547001
34599,29201.829359292002
34600,29203.268277332001
34601,29203.384920537999
34602,29204.188139375001
34603,29204.589436099999
34604,29205.613157093001
34605,29206.424514224000
34606,29207.453924293000
34607,29207.913591348999
34608,29208.912363796000
34609,29209.969797323000
34610,29210.336998724000
34611,29210.762691774002
34612,29211.652037866999
34613,29212.273702372000
34614,29212.758103534001
34615,29213.941163785999
34616,29214.636274845001
34617,29215.470706314001
34618,29216.307835773001
34619,29217.000463180000
34620,29217.838704541999
34621,29218.211157754002
34622,29219.432581272999
34623,29219.840170320000
34624,29220.641472387000
34625,29221.246786558000
34626,29222.237604802001
34627,29222.845645220001
34628,29223.268721837001
34629,29223.735112265000
34630,29225.474137470999
34631,29226.091768938000
34632,29227.034139378000
34633,29227.343838124001
34634,29227.995053760998
34635,29228.708829928000
34636,29229.615381243999
34637,29230.246105513001
34638,29230.695079981000
34639,29231.820537809999
34640,29232.442058853001
34641,29233.249815007999
34642,29233.994909444002
34643,29235.030616163000
34644,29235.485662996001
34645,29236.144887420000
34646,29237.229136554000
34647,29238.065613997001
34648,29238.499306082998
34649,29239.233672728998
34650,29239.770194270001
34651,29240.245065642001
34652,29241.367049271001
34653,29242.020297027000
34654,29243.182174992999
34655,29243.773663879001
34656,29244.671843897999
34657,29245.496522788999
34658,29246.148588960001
34659,29246.310232083000
34660,29247.213830061999
34661,29248.090833094000
34662,29249.138754121999
34663,29249.614228842998
34664,29250.157341967999
34665,29250.917878758999
34666,29251.826230038001
34667,29252.556173794001
34668,29253.531222702000
34669,29254.682838699999
34670,29254.805847942000
34671,29255.539084229000
34672,29256.644895295001
34673,29256.807077750000
34674,29257.813616853000
34675,29258.216683727998
34676,29259.272291624999
34677,29259.545137329002
34678,29261.303503165000
34679,29261.850442084000
34680,29262.236656469999
34681,29263.044825784000
34682,29263.655685229998
34683,29264.735384046999
34684,29265.270684853000
34685,29266.057294306000
34686,29266.722187326999
34687,29267.439027728000
34688,29268.041120442002
34689,29268.776622187001
34690,29269.645034682999
34691,29270.247832767000
34692,29271.804985204999
34693,29272.053285339000
34694,29272.838184804001
34695,29273.677329546001
34696,29274.257599289002
34697,29274.713243549999
34698,29275.307890997999
34699,29276.288475935999
34700,29277.288501161001
34701,29277.929010684002
34702,29278.396634835000
34703,29279.411498457001
34704,29280.425445421999
34705,29281.085987212999
34706,29281.543519843999
34707,29282.301567710001
34708,29283.329017151002
34709,29283.964840371002
34710,29284.730464321001
34711,29285.268839655000
34712,29285.762748751000
34713,29286.438322599999
34714,29287.335128639999
34715,29288.653151326002
34716,29289.240795353999
34717,29290.140028296999
34718,29290.712838998999
34719,29291.243250987001
34720,29291.984293821999
34721,29292.689113586999
34722,29293.646853736002
34723,29294.049589316000
34724,29294.849334235001
34725,29295.804156909999
34726,29296.498855022000
34727,29297.117705760000
34728,29298.171031623999
34729,29298.484240613001
34730,29299.801101347999
34731,29300.560260426999
34732,29301.230282121000
34733,29301.755572974002
34734,29301.944109249998
34735,29303.457208241001
34736,29303.742604481999
34737,29304.173567869999
34738,29305.327295734998
34739,29306.262757352000
34740,29307.210969872998
34741,29307.907136971000
34742,29308.571782817999
34743,29309.090172200998
34744,29309.878654254000
34745,29310.414909834999
34746,29311.523672840998
34747,29312.265356571999
34748,29312.775367816001
34749,29313.614177212999
34750,29313.949276742002
34751,29314.765806439002
34752,29316.117910093999
34753,29316.906879220001
34754,29317.317288605998
34755,29318.275614072001
34756,29318.978270641001
34757,29319.692129047999
34758,29320.396829838999
34759,29320.667816648998
34760,29321.407369397999
34761,29322.408218609002
34762,29323.520761268999
34763,29323.811727174001
34764,29325.027434666001
34765,29325.677671803001
34766,29326.078971724000
34767,29327.262971808999
34768,29327.695157818998
34769,29328.504259767000
34770,29329.597668393999
34771,29329.797097096998
34772,29330.517610130999
34773,29331.340299656000
34774,29332.116263339001
34775,29332.643645029999
34776,29333.469385740002
34777,29334.916808827998
34778,29335.645403573999
34779,29336.122844916001
34780,29336.525036930001
34781,29337.356165927999
34782,29338.042427834000
34783,29338.713519581001
34784,29339.742611397000
34785,29340.388062533999
34786,29340.811727585002
34787,29341.755777212002
34788,29342.930643525000
34789,29343.316198484001
34790,29344.046787897001
34791,29344.971907789000
34792,29345.815013935000
34793,29346.386471055001
34794,29347.238855322001
34795,29347.986204501001
34796,29348.325759362000
34797,29349.023198194001
34798,29349.658767331999
34799,29350.604278908999
34800,29351.850146723998
34801,29352.600034726998
34802,29352.982775074001
34803,29353.972798892999
34804,29354.583198747001
34805,29355.563634318001
34806,29355.628646316000
34807,29356.602921047001
34808,29357.422979160001
34809,29358.497877934999
34810,29358.846050059001
34811,29359.600322695998
34812,29360.040116228000
34813,29361.334627033000
34814,29362.057165032002
34815,29362.988656845999
34816,29363.680787248999
34817,29364.356025789999
34818,29364.834663092999
34819,29365.738675208999
34820,29366.073110107001
34821,29367.184971694998
34822,29367.567870227002
34823,29368.400084837001
34824,29369.530573298001
34825,29370.256691671999
34826,29371.278296991000
34827,29371.741437294000
34828,29372.369054023999
34829,29372.627470937001
34830,29374.337805796000
34831,29374.729433568999
34832,29375.157053765000
34833,29376.024241907999
34834,29376.601404035999
34835,29377.342537935001
34836,29378.183676044999
34837,29378.939238047002
34838,29380.168797160000
34839,29380.604740659001
34840,29381.791855519001
34841,29382.046286581000
34842,29382.738780546999
34843,29383.428186452998
34844,29384.019316670001
34845,29384.847904048998
34846,29385.577016886000
34847,29386.553704417998
34848,29387.401825481000
34849,29387.770612341999
34850,29388.702634035999
34851,29389.774739895998
34852,29390.167698704001
34853,29391.134472288999
34854,29391.844851555001
34855,29392.234438481999
34856,29393.481250859000
34857,29393.871723883000
34858,29394.420379045001
34859,29395.238139765999
34860,29395.550701839999
34861,29397.047957471001
34862,29398.321094096002
34863,29398.418226750000
34864,29399.131006724001
34865,29400.034985523002
34866,29400.537256422002
34867,29401.332632424001
34868,29401.898498560000
34869,29402.882123316002
34870,29403.737771255001
34871,29404.058227632999
34872,29404.805129966000
34873,29406.088270443001
34874,29406.457773960999
34875,29407.297264641998
34876,29408.100112741002
34877,29409.117191170000
34878,29409.843336647999
34879,29410.364707363002
34880,29410.938659191001
34881,29411.609419372999
34882,29412.040520084000
34883,29413.238661421001
34884,29413.970088631999
34885,29414.497413334000
34886,29415.758554577002
34887,29416.628308496998
34888,29417.068705307000
34889,29417.610210670999
34890,29418.686307022999
34891,29418.879874594000
34892,29419.965298842999
34893,29420.840712812998
34894,29421.578219049999
34895,29421.836476724999
34896,29422.901762624999
34897,29423.255091514999
34898,29424.260201985999
34899,29425.546918836000
34900,29426.215469555998
34901,29426.833560288000
34902,29427.357941816001
34903,29428.088429253999
34904,29428.981523792001
34905,29429.599395844001
34906,29430.100094089001
34907,29430.602779795001
34908,29431.970902566001
34909,29432.537318833001
34910,29433.662908072001
34911,29434.062691004001
34912,29434.724322334001
34913,29435.740727177999
34914,29436.244655300001
34915,29437.253779475999
34916,29437.892058320998
34917,29438.612937523001
34918,29439.009645237002
34919,29439.970534601001
34920,29440.690118279999
34921,29440.939378472001
34922,29442.395367404999
34923,29443.115139875001
34924,29443.958155994998
34925,29444.854726074998
34926,29445.544202327001
34927,29445.859474905999
34928,29446.331510247001
34929,29447.295320809000
34930,29448.194348134999
34931,29449.089185552999
34932,29449.527626915999
34933,29450.273077589001
34934,29450.952865596999
34935,29452.223890259000
34936,29452.734845485000
34937,29453.444033959000
34938,29454.076064702000
34939,29455.320648481000
34940,29455.683501026000
34941,29456.425899140999
34942,29456.861642346001
34943,29457.821108138000
34944,29458.312160271998
34945,29458.838445210000
34946,29460.277749794001
34947,29461.236637434999
34948,29461.711347660999
34949,29462.468449789001
34950,29462.967788882001
34951,29463.907089733999
34952,29464.476819604999
34953,29465.344611924000
34954,29466.000430145999
34955,29466.522592049001
34956,29467.679749065999
34957,29468.191643616999
34958,29468.753048965002
34959,29469.630874543000
34960,29470.416299503999
34961,29471.928923709998
34962,29472.094593194000
34963,29472.720328575000
34964,29473.581263057000
34965,29474.165526735000
34966,29474.792530899002
34967,29475.482772982999
34968,29476.218455458002
34969,29477.143030846000
34970,29477.780893822001
34971,29478.887238550000
34972,29479.578240858002
34973,29480.445240821999
34974,29480.872319606999
34975,29481.535628205002
34976,29482.338217848999
34977,29483.185421487000
34978,29484.199301345001
34979,29484.683720479999
34980,29485.170744393999
34981,29485.505564152001
34982,29486.697530305999
34983,29487.689949838001
34984,29488.363304654002
34985,29489.552774329000
34986,29489.882872151000
34987,29490.632348776999
34988,29491.561439041001
34989,29492.165420819001
34990,29492.286712767000
34991,29493.315404003999
34992,29494.282460358001
34993,29494.960404754002
34994,29495.762112987999
34995,29496.442978110001
34996,29497.495699169998
34997,29497.926831696001
34998,29498.630147848002
34999,29499.905592709001
35000,29500.321989055999
35001,29501.069647550001
35002,29501.518486524001
35003,29502.497810181001
35004,29503.091109311001
35005,29503.762046214000
35006,29504.373609892999
35007,29505.060634795998
35008,29506.767520579000
35009,29507.153256844998
35010,29507.859499148999
35011,29508.479542323999
35012,29508.948728339001
35013,29509.808411106002
35014,29510.673015091001
35015,29511.284697161002
35016,29512.260097168000
35017,29512.534648362001
35018,29513.803647394001
35019,29513.919170975001
35020,29515.095284592000
35021,29516.098781004999
35022,29516.563217921001
35023,29517.412001507000
35024,29518.335359730001
35025,29519.081848001999
35026,29519.478639268000
35027,29520.203915192000
35028,29520.740464759001
35029,29521.387031828999
35030,29522.342974165000
35031,29523.558415146999
35032,29524.054873528999
35033,29524.710729187002
35034,29525.797636079998
35035,29526.417660282001
35036,29527.054912052001
35037,29527.415669799000
35038,29528.477139587001
35039,29529.419510504002
35040,29529.860366690998
35041,29530.657758287001
35042,29531.264494899999
35043,29532.006576757001
35044,29532.512958550000
35045,29534.088733696000
35046,29534.501681762002
35047,29535.536760923002
35048,29536.122013671000
35049,29536.627993057002
35050,29537.106207893001
35051,29538.132937784001
35052,29538.846186317998
35053,29539.294337020001
35054,29540.338939380999
35055,29540.768949547000
35056,29542.266378069002
35057,29542.670353792000
35058,29543.496255758000
35059,29543.796650406999
35060,29544.885418499998
35061,29545.717280900000
35062,29546.623934030998
35063,29546.983818279001
35064,29547.660068556001
35065,29548.384125568002
35066,29549.033433770001
35067,29549.815828280000
35068,29550.490514014000
35069,29551.843174171001
35070,29552.429369760001
35071,29553.264954662001
35072,29553.910861552002
35073,29554.387014738000
35074,29555.373645656000
35075,29555.900553618001
35076,29556.083982990000
35077,29557.692121616001
35078,29558.342331594999
35079,29558.700391794999
35080,29559.415724031998
35081,29560.445695045000
35082,29561.229178750000
35083,29562.103090469001
35084,29562.909433706998
35085,29563.333954264999
35086,29564.216179415002
35087,29565.013004340999
35088,29565.712903536001
35089,29566.213013411001
35090,29566.590061806000
35091,29567.575068521001
35092,29568.549162267002
35093,29569.519204537999
35094,29570.505423743001
35095,29571.046687026999
35096,29571.412429805001
35097,29572.383443503000
35098,29572.848410475999
35099,29573.935872965001
35100,29574.560844924999
35101,29575.199215827000
35102,29576.043316300002
35103,29576.376350490998
35104,29577.515385839000
35105,29578.272719026001
35106,29578.798689841999
35107,29579.832290023998
35108,29581.009014465999
35109,29581.416809449998
35110,29582.127187669001
35111,29582.518865432001
35112,29583.288623838998
35113,29583.941924651001
35114,29584.950901392000
35115,29585.378352263000
35116,29586.367336216001
35117,29587.317102452002
35118,29587.972642897999
35119,29588.868618929999
35120,29589.568179435999
35121,29590.023686919001
35122,29590.841750808999
35123,29591.671030381000
35124,29592.657347106000
35125,29592.859955656000
35126,29594.124192272000
35127,29594.356656489999
35128,29594.762167035999
35129,29595.770359031001
35130,29597.277517871000
35131,29597.933283226001
35132,29598.374379195000
35133,29598.983452679000
35134,29600.186497713999
35135,29600.517985474999
35136,29600.958890694001
35137,29602.007303720002
35138,29602.493409405000
35139,29603.347485211001
35140,29604.540031541001
35141,29604.820213243001
35142,29605.696926148001
35143,29606.572222440001
35144,29607.372240616001
35145,29607.850597457000
35146,29609.030160974999
35147,29609.641899448001
35148,29610.276926881001
35149,29610.777279968999
35150,29611.436913091999
35151,29612.257304929000
35152,29613.071689767999
35153,29613.561986191002
35154,29614.725081174998
35155,29615.746914135001
35156,29616.542515906000
35157,29616.967944184002
35158,29617.698193658001
35159,29618.128689576999
35160,29618.822183518001
35161,29620.171209201999
35162,29620.523097686000
35163,29621.269210290000
35164,29621.927199905000
35165,29622.533347754001
35166,29623.630587013002
35167,29624.391317452999
35168,29625.014035964999
35169,29626.224964186000
35170,29626.619156565001
35171,29627.329082155000
35172,29628.103587410998
35173,29628.913319128002
35174,29629.218401553000
35175,29629.956187020001
35176,29630.557778285001
35177,29631.844989672001
35178,29632.614419910999
35179,29633.498609882001
35180,29634.226641116999
35181,29634.390125526999
35182,29635.653549237999
35183,29636.327737283998
35184,29636.926882779000
35185,29637.447547181000
35186,29638.610627526999
35187,29639.100806704999
35188,29639.894951005001
35189,29640.303358296002
35190,29641.103945372000
35191,29642.136065002000
35192,29643.184082461001
35193,29644.026712306000
35194,29644.549644645998
35195,29645.148294843999
35196,29645.748081320999
35197,29646.572047019999
35198,29647.103771483002
35199,29647.818283527999
35200,29649.034110916000
35201,29649.384104665001
35202,29650.004776997001
35203,29651.422014157000
35204,29651.932986205000
35205,29652.793551548999
35206,29652.914374309999
35207,29654.065398929000
35208,29654.970862907001
35209,29655.882990927999
35210,29656.226883783002
35211,29656.616930962002
35212,29657.514971666002
35213,29658.270215527999
35214,29658.897610136999
35215,29660.281153360000
35216,29660.780127698999
35217,29661.742596188000
35218,29662.455759142998
35219,29662.932286848001
35220,29663.633393051001
35221,29664.355024732002
35222,29664.938346651001
35223,29665.886582571999
35224,29666.515544745002
35225,29667.493550642001
35226,29668.009013514999
35227,29669.031502189999
35228,29669.166844091000
35229,29670.697118063999
35230,29671.278934726000
35231,29672.017369674999
35232,29672.782043099000
35233,29673.261168321002
35234,29673.953250371000
35235,29674.847361479999
35236,29675.486903187000
35237,29675.927466271001
35238,29676.562681561001
35239,29678.132629913998
35240,29679.007528474998
35241,29679.170120424998
35242,29680.209119571999
35243,29680.958057789001
35244,29681.134368655999
35245,29682.283862037999
35246,29682.972225352001
35247,29684.069575883001
35248,29684.243029926001
35249,29684.919275302000
35250,29685.888314313001
35251,29686.410778599002
35252,29687.631647947001
35253,29688.246734719000
35254,29689.064213260001
35255,29689.884758109001
35256,29690.761697155001
35257,29691.302556810999
35258,29691.689355758001
35259,29692.328585267998
35260,29693.031234816001
35261,29694.187223937999
35262,29694.818112271001
35263,29695.533543546000
35264,29696.436406124001
35265,29697.287270092002
35266,29698.009500955999
35267,29698.615965984001
35268,29699.170489976001
35269,29700.403245486999
35270,29700.644287307001
35271,29701.600873746000
35272,29702.390985741000
35273,29702.902455038002
35274,29703.363750260000
35275,29704.347233170000
35276,29705.003423348000
35277,29706.567883541000
35278,29707.161768980000
35279,29707.576986118002
35280,29708.173214802999
35281,29708.813011606999
35282,29710.034493373001
35283,29710.153609108998
35284,29711.074205896999
35285,29711.744411708001
35286,29712.663870821001
35287,29713.390931361999
35288,29714.244528637999
35289,29715.079890294001
35290,29715.561612994999
35291,29716.315837638002
35292,29717.581662766999
35293,29718.134658659001
35294,29718.431010369000
35295,29719.584413396002
35296,29719.955465649000
35297,29720.633497047002
35298,29721.132905695998
35299,29722.323791596002
35300,29723.033036967001
35301,29724.102494899998
35302,29724.739873014001
35303,29725.513823727000
35304,29726.391205152999
35305,29726.655909827001
35306,29727.306762754000
35307,29728.065062533999
35308,29729.189180199999
35309,29729.881547167999
35310,29730.478779355999
35311,29730.993306363998
35312,29731.596588843000
35313,29733.003518566999
35314,29733.488589662000
35315,29734.497686306000
35316,29735.053148507999
35317,29735.890321465999
35318,29736.658039639999
35319,29737.054572320001
35320,29737.819191838000
35321,29738.496057312001
35322,29739.151534273002
35323,29739.863855263000
35324,29740.985405414998
35325,29742.076116132001
35326,29742.506988224999
35327,29743.124146286002
35328,29743.892850947999
35329,29744.534437867998
35330,29745.432462049001
35331,29746.417842203999
35332,29746.833415211000
35333,29747.235999033001
35334,29748.230436936999
35335,29749.224291365001
35336,29749.501510485999
35337,29750.167823519001
35338,29751.587855895999
35339,29752.442649946999
35340,29752.931880619999
35341,29753.870174667001
35342,29754.155083066998
35343,29754.877869266002
35344,29755.549335700001
35345,29756.344130010999
35346,29757.209763380000
35347,29757.834561546999
35348,29758.842962884999
35349,29759.263868411999
35350,29760.471652462998
35351,29760.941566817000
35352,29761.910371261001
35353,29762.565528596999
35354,29762.881677306999
35355,29764.314772369002
35356,29764.785134210000
35357,29765.320475076998
35358,29765.935463110000
35359,29766.715723689002
35360,29766.999463207001
35361,29768.580156975000
35362,29769.451316253999
35363,29769.966627485999
35364,29770.811063091998
35365,29771.442446673002
35366,29772.107454513000
35367,29772.883579049001
35368,29773.332846273999
35369,29774.138813229001
35370,29775.129599791999
35371,29775.865584079002
35372,29776.235433589001
35373,29777.287832812999
35374,29778.143769337999
35375,29778.607003485002
35376,29779.543721825001
35377,29780.723845367000
35378,29781.265024331002
35379,29781.704714482999
35380,29782.403956897000
35381,29783.014214874001
35382,29783.941248263000
35383,29784.484614451001
35384,29785.165014863000
35385,29786.092179784999
35386,29787.010180768000
35387,29788.322400875000
35388,29788.742012882001
35389,29788.834207829001
35390,29789.754243246000
35391,29790.724316160999
35392,29791.343312063000
35393,29792.253591893001
35394,29792.867966844999
35395,29793.567658546999
35396,29794.185473633999
35397,29794.679081851002
35398,29795.886531192002
35399,29796.659296345999
35400,29797.667318396001
35401,29798.201769144001
35402,29798.979411069002
35403,29799.588547537998
35404,29800.454871770999
35405,29801.028983713000
35406,29801.386576411001
35407,29802.087556749000
35408,29803.315060993002
35409,29804.136816763999
35410,29804.855041971001
35411,29805.367077341001
35412,29806.464017483999
35413,29807.003781391999
35414,29807.897664497999
35415,29808.334529270000
35416,29809.535665415999
35417,29809.714235961001
35418,29810.892509054000
35419,29811.256352449000
35420,29811.893849628999
35421,29812.788666887998
35422,29813.228567021000
35423,29814.666199468000
35424,29815.511328228000
35425,29816.174540287000
35426,29816.728891825001
35427,29817.500193763000
35428,29817.911175621000
35429,29818.509829675000
35430,29819.763307192999
35431,29820.426432303000
35432,29820.775791770000
35433,29821.572141503999
35434,29822.742880007001
35435,29823.284962998001
35436,29824.292595041999
35437,29824.678768958998
35438,29825.470848188001
35439,29826.720229628001
35440,29827.130445560000
35441,29827.850157184999
35442,29828.442622521001
35443,29828.881249642000
35444,29829.799449151000
35445,29830.549795688999
35446,29831.167046125000
35447,29832.657714460998
35448,29833.290548421999
35449,29833.551777822999
35450,29834.650310040000
35451,29835.354904783999
35452,29835.857515694999
35453,29836.417106368001
35454,29837.439632442001
35455,29838.027615259001
35456,29839.151599623001
35457,29839.449750272001
35458,29840.239269422000
35459,29840.738304154998
35460,29841.915503945998
35461,29843.142670996000
35462,29843.377201695999
35463,29844.407401289998
35464,29844.674247732000
35465,29845.633122588999
35466,29846.423959912001
35467,29846.875467844999
35468,29847.364320413999
35469,29848.413443111000
35470,29849.149688762998
35471,29850.186500837000
35472,29851.017439924999
35473,29851.694578629002
35474,29852.482740648000
35475,29852.660804065999
35476,29853.708573551001
35477,29854.726475967000
35478,29855.291861258000
35479,29855.988823635998
35480,29856.668763600999
35481,29857.005164393999
35482,29858.011980718999
35483,29858.887544689002
35484,29859.734692819002
35485,29860.403165440999
35486,29861.671935380000
35487,29862.217447430001
35488,29862.623671580001
35489,29863.395943608000
35490,29863.799607483001
35491,29864.956309645000
35492,29865.135197129999
35493,29866.660178474998
35494,29866.956311001999
35495,29867.568600168001
35496,29868.808849927002
35497,29869.396164132999
35498,29870.057347737002
35499,29870.915528129000
35500,29871.693899099999
35501,29872.452205592999
35502,29872.929234495001
35503,29873.812454194001
35504,29874.642066737000
35505,29875.033059762001
35506,29875.606001264001
35507,29876.240537393998
35508,29877.954940928001
35509,29878.494361614001
35510,29879.209203282000
35511,29879.795419990001
35512,29880.317200048001
35513,29881.266602280000
35514,29882.006931313001
35515,29882.465416925999
35516,29883.298498336000
35517,29884.260776858999
35518,29884.699045224999
35519,29885.643252447000
35520,29886.285183734999
35521,29887.122195929001
35522,29887.915563469000
35523,29888.912907072001
35524,29889.383735623000
35525,29890.516095505998
35526,29890.954419653001
35527,29891.458347022999
35528,29891.863926904000
35529,29893.090359057001
35530,29893.429189723000
35531,29894.598526115002
35532,29895.182497731999
35533,29896.272556921002
35534,29896.995526780000
35535,29897.830546181001
35536,29898.238248034999
35537,29899.000905299999
35538,29899.331490589000
35539,29900.804363234001
35540,29901.438784686001
35541,29901.823857135001
35542,29902.411636100001
35543,29903.340308309998
35544,29903.930226761000
35545,29904.868497097999
35546,29906.094367857000
35547,29906.647990312998
35548,29907.304258256001
35549,29907.958303988002
35550,29908.838615124001
35551,29909.235732673998
35552,29909.961217165001
35553,29910.816935716000
35554,29911.222646962000
35555,29912.246114287002
35556,29913.313684264998
35557,29914.082745864001
35558,29914.590766513000
35559,29915.207079737000
35560,29916.122640490001
35561,29917.030693577999
35562,29917.705643424000
35563,29918.301344913001
35564,29918.955284534000
35565,29919.738108658999
35566,29920.439266128000
35567,29921.106142150002
35568,29921.549136954000
35569,29922.718156505001
35570,29923.792724392999
35571,29924.693832329001
35572,29925.072653641000
35573,29925.771037346000
35574,29926.554367810000
35575,29926.978360313002
35576,29927.673531885001
35577,29928.692680218999
35578,29929.473120506998
35579,29930.213015341000
35580,29930.672862743999
35581,29931.351778904002
35582,29932.940205982999
35583,29933.206448105000
35584,29933.596589730001
35585,29934.881085762001
35586,29935.458236162998
35587,29936.378218428999
35588,29936.784365575000
35589,29937.629730069999
35590,29938.028293554999
35591,29938.492319327001
35592,29939.796105925001
35593,29940.594482031000
35594,29941.537754630001
35595,29942.278451501999
35596,29942.907182406001
35597,29943.702245023000
35598,29944.022306564999
35599,29945.069470319999
35600,29945.738034490001
35601,29946.437142203999
35602,29947.090936781999
35603,29948.017958568002
35604,29948.727935826999
35605,29949.100035431999
35606,29950.169157458000
35607,29950.861195639998
35608,29952.052133548001
35609,29953.007337248000
35610,29953.269067507001
35611,29953.566826448001
35612,29954.738134709001
35613,29955.208388250001
35614,29956.038953962001
35615,29956.720030810000
35616,29957.259172250000
35617,29958.381281651000
35618,29959.384534905999
35619,29960.036231391001
35620,29960.637723385000
35621,29961.412627743000
35622,29961.965900652001
35623,29962.755369103001
35624,29963.749552797999
35625,29964.436008326000
35626,29965.039502983000
35627,29965.538404313000
35628,29966.257815001001
35629,29966.923503204001
35630,29967.958564322002
35631,29969.150705750999
35632,29969.714056497000
35633,29970.134028204000
35634,29971.373934943000
35635,29971.859594383001
35636,29972.339284492002
35637,29973.055178129998
35638,29973.414498594000
35639,29974.889949903001
35640,29975.358420904999
35641,29976.014566361999
35642,29977.003322453002
35643,29977.567305454999
35644,29978.471367220998
35645,29979.305875356000
35646,29979.934726504001
35647,29980.711794929000
35648,29981.472368724000
35649,29982.397571010999
35650,29982.471794001001
35651,29983.409355268999
35652,29984.309664832999
35653,29984.713867655999
35654,29985.408912150000
35655,29987.079007929002
35656,29987.511223426001
35657,29988.493935335999
35658,29988.658607283000
35659,29989.299001285999
35660,29990.204552054001
35661,29991.025772682999
35662,29991.738268838999
35663,29992.490920550001
35664,29993.062106216999
35665,29993.708652747999
35666,29994.793159499000
35667,29995.489451640002
35668,29996.010577395999
35669,29997.165208990002
35670,29997.808918949999
35671,29998.728208778000
35672,29999.379225453002
35673,29999.710029622001
35674,30000.637707266000
35675,30001.248319722999
35676,30001.638329433001
35677,30002.639078718999
35678,30003.986962035000
35679,30004.196972919999
35680,30005.257971237999
35681,30005.987677885001
35682,30006.865648583000
35683,30007.159856515002
35684,30008.140122592999
35685,30008.629836914999
35686,30009.477868942002
35687,30010.559507218000
35688,30011.013867877002
35689,30011.693900932001
35690,30011.898750041000
35691,30013.075925940000
35692,30014.281446024001
35693,30014.981357646000
35694,30015.635195559000
35695,30016.582736576001
35696,30016.911355977001
35697,30017.518625772998
35698,30018.561774856000
35699,30018.926709548999
35700,30019.675261745000
35701,30020.543168819000
35702,30021.405123422999
35703,30022.074991314999
35704,30023.330736593001
35705,30023.647117877001
35706,30024.394576715000
35707,30024.830111895000
35708,30026.170209241001
35709,30026.990841592000
35710,30027.244992373999
35711,30027.952243692998
35712,30028.585659490000
35713,30029.484390350000
35714,30030.053420510001
35715,30030.857170733001
35716,30031.771634884000
35717,30033.029879133999
35718,30033.471142242000
35719,30034.176965062001
35720,30034.845705797001
35721,30035.459703725999
35722,30035.927913184001
35723,30036.884494282000
35724,30037.788041440999
35725,30038.350466257001
35726,30039.322218486999
35727,30039.682673480002
35728,30040.622269525000
35729,30041.426063348001
35730,30042.489235126999
35731,30043.037258058001
35732,30043.760082334000
35733,30044.371435629000
35734,30045.299994088000
35735,30046.060248950998
35736,30046.493691008000
35737,30046.880440195000
35738,30047.836333591000
35739,30048.562889010998
35740,30050.151885545001
35741,30050.449708878001
35742,30051.262288300000
35743,30051.641795830001
35744,30052.883294413001
35745,30053.273099534999
35746,30053.710353805000
35747,30054.965052709002
35748,30055.673139879000
35749,30055.924293606000
35750,30057.027868650999
35751,30057.472550156999
35752,30058.454485822000
35753,30059.202584527000
35754,30059.928700843000
35755,30061.293500683001
35756,30061.548847845999
35757,30062.362907143000
35758,30063.087389975000
35759,30063.400364014000
35760,30064.032592545002
35761,30065.159030070001
35762,30065.833861138999
35763,30066.493715714001
35764,30067.218074045999
35765,30068.520758051000
35766,30069.014636471999
35767,30069.734953391999
35768,30070.336126673999
35769,30070.879108590001
35770,30072.096908677999
35771,30072.612844493000
35772,30073.405752724000
35773,30073.977201692000
35774,30074.655608434001
35775,30075.275039617001
35776,30075.828755185001
35777,30077.236525241999
35778,30078.067516889001
35779,30078.831242279000
35780,30079.349232786000
35781,30079.970126615000
35782,30080.759594697000
35783,30081.638282929001
35784,30081.989496004000
35785,30082.624580563999
35786,30083.493729549002
35787,30084.768770751001
35788,30085.096645194000
35789,30085.752966626002
35790,30086.804932088999
35791,30087.372794740000
35792,30088.238891444998
35793,30089.194312586998
35794,30089.711731353000
35795,30090.493860432001
35796,30090.930606704998
35797,30091.897936584999
35798,30092.412203128999
35799,30093.069528938999
35800,30093.663342301999
35801,30095.123008686998
35802,30095.536873097000
35803,30096.742475863000
35804,30097.382646637001
35805,30097.816164206000
35806,30098.277688416001
35807,30099.075276013002
35808,30100.017314146000
35809,30100.885380184001
35810,30101.572892185999
35811,30102.088368813998
35812,30102.540926220001
35813,30103.752517133998
35814,30104.540782240001
35815,30105.334231715002
35816,30105.921536350001
35817,30106.950524995002
35818,30107.636505797000
35819,30108.527386587000
35820,30108.647657183999
35821,30109.411242225000
35822,30110.293880647001
35823,30110.721136697000
35824,30111.754507203001
35825,30112.704461277001
35826,30113.682739323001
35827,30114.178927150999
35828,30114.901449714998
35829,30115.551029457001
35830,30116.450115894000
35831,30117.182343420001
35832,30117.611863028000
35833,30118.591609206000
35834,30119.398119190999
35835,30119.777421658000
35836,30120.776928904001
35837,30121.418214731999
35838,30121.634269058999
35839,30123.472251980002
35840,30124.162951073999
35841,30124.659877269001
35842,30125.121457885001
35843,30126.154898189001
35844,30126.510426772002
35845,30127.464834474002
35846,30127.814283485000
35847,30128.920275978999
35848,30129.551537390002
35849,30130.249940561000
35850,30131.296086341001
35851,30132.189351248999
35852,30132.522142821999
35853,30133.567205038002
35854,30133.953541997002
35855,30134.935341398999
35856,30135.880161294001
35857,30136.542869980000
35858,30136.958938001000
35859,30137.542634046000
35860,30138.086466152999
35861,30139.293415839002
35862,30139.899120055001
35863,30141.098391586002
35864,30141.654124892000
35865,30142.488421352002
35866,30143.315194015999
35867,30143.792649078001
35868,30144.270227186000
35869,30145.053797883000
35870,30145.795538258000
35871,30146.985019840002
35872,30147.264086005998
35873,30148.121838619001
35874,30148.833110889002
35875,30149.566826916998
35876,30150.712373691000
35877,30151.015719118001
35878,30152.360579020999
35879,30152.805045026998
35880,30153.452501852000
35881,30153.870197280001
35882,30155.070449414001
35883,30155.424493940001
35884,30156.252287587002
35885,30156.498541801000
35886,30157.742279643000
35887,30159.039260259000
35888,30159.638615618001
35889,30160.089591453001
35890,30160.854076723001
35891,30161.419366042999
35892,30162.182561428999
35893,30163.391079433000
35894,30163.665886493000
35895,30164.244312802999
35896,30165.352192924001
35897,30165.951821843999
35898,30166.293926548999
35899,30167.412634737000
35900,30168.444468123998
35901,30168.939221548000
35902,30170.033498092002
35903,30170.681642157000
35904,30171.331317107000
35905,30171.882654011999
35906,30172.518230512000
35907,30173.121499780002
35908,30173.772491617001
35909,30175.188114378001
35910,30175.377721978999
35911,30176.515203759998
35912,30176.954124749998
35913,30178.263930941001
35914,30178.723648138999
35915,30179.270078805999
35916,30179.916131286998
35917,30180.922840932999
35918,30181.845761993001
35919,30182.157163569998
35920,30183.096849599999
35921,30183.479711500000
35922,30184.116615817002
35923,30185.062581155998
35924,30186.152207613999
35925,30187.309897661002
35926,30187.595834021999
35927,30188.336212615999
35928,30188.941881275001
35929,30189.712657404001
35930,30190.332302341001
35931,30191.045395387999
35932,30191.983447536000
35933,30192.400224950001
35934,30193.276602765000
35935,30194.271293664999
35936,30195.243019979000
35937,30195.413038669001
35938,30196.184467816998
35939,30197.467034164001
35940,30198.075530490001
35941,30198.690967160001
35942,30199.539064919001
35943,30199.840923823998
35944,30200.641433577999
35945,30201.401220077001
35946,30202.164600397002
35947,30202.684087759000
35948,30203.957969398001
35949,30204.905189459001
35950,30205.550268022998
35951,30205.983591296001
35952,30206.897795944002
35953,30207.548524606002
35954,30207.931776268000
35955,30208.792239238999
35956,30210.064514820999
35957,30210.449664160002
35958,30211.046700177001
35959,30211.568373532999
35960,30212.564755975000
35961,30213.518719676002
35962,30214.432955871001
35963,30215.193758805999
35964,30215.548564376000
35965,30216.567836415001
35966,30217.425540880002
35967,30217.757107418998
35968,30218.372899439000
35969,30219.096478414001
35970,30219.689473587001
35971,30220.916689655001
35972,30221.737859253000
35973,30222.359287232000
35974,30223.432136553001
35975,30223.864948939001
35976,30224.281647217998
35977,30225.488353227000
35978,30225.960458966001
35979,30226.974588508001
35980,30227.530455220000
35981,30227.904721608000
35982,30229.060216612001
35983,30229.487832028000
35984,30230.275544872002
35985,30231.033772167000
35986,30232.204137518002
35987,30233.035681171001
35988,30233.914468524999
35989,30234.274808254999
35990,30234.655444287000
35991,30235.382229298000
35992,30236.465679893001
35993,30237.046871074999
35994,30237.608276544001
35995,30238.683806401001
35996,30239.220674435001
35997,30240.149087289999
35998,30241.099046299001
35999,30241.681519754002
36000,30242.245834730998
36001,30243.065675868002
36002,30244.149482606001
36003,30244.492100880001
36004,30245.396634629000
36005,30246.037951119000
36006,30246.497880609000
36007,30247.280960182001
36008,30247.673461660001
36009,30249.456953874000
36010,30249.984609300001
36011,30250.485743222001
36012,30251.442769892001
36013,30251.984491538999
36014,30252.950404233001
36015,30253.269695966999
36016,30253.915090171999
36017,30254.817966107999
36018,30255.687513229001
36019,30256.441955374001
36020,30257.163389109999
36021,30257.544896541000
36022,30258.703746342999
36023,30259.389167968999
36024,30260.313217162999
36025,30261.073658398000
36026,30261.875823008999
36027,30262.283375469000
36028,30263.045430869999
36029,30263.733244612999
36030,30264.220212422999
36031,30265.186967729001
36032,30265.935023138001
36033,30266.445137875999
36034,30267.997005167999
36035,30268.598345508999
36036,30269.043451316000
36037,30269.864036322000
36038,30270.238178803000
36039,30271.090779562001
36040,30272.168517917002
36041,30272.892743716999
36042,30273.386464807001
36043,30273.898970818998
36044,30274.663415407998
36045,30275.652622997000
36046,30276.325973507999
36047,30277.158415098002
36048,30278.261529660998
36049,30278.913102540999
36050,30279.443573266999
36051,30280.108900032999
36052,30281.118376627001
36053,30281.463057579000
36054,30281.750819887999
36055,30282.966070000999
36056,30283.804902356002
36057,30284.520810172002
36058,30285.628669149999
36059,30285.966589714000
36060,30286.697465025001
36061,30287.894651721999
36062,30288.185644501998
36063,30289.151566373999
36064,30289.672471170001
36065,30290.449326554000
36066,30291.433325966998
36067,30291.912971447000
36068,30292.416168128999
36069,30293.014142888002
36070,30293.986602890000
36071,30295.360925830999
36072,30295.976674769001
36073,30296.615356957001
36074,30297.277090774001
36075,30297.830079995001
36076,30298.652513027999
36077,30299.107179676001
36078,30300.141142516000
36079,30300.738195819999
36080,30301.677921273000
36081,30302.039923878001
36082,30303.034867991999
36083,30304.064252138000
36084,30304.628721035999
36085,30305.341902267999
36086,30305.849536737001
36087,30307.334916086998
36088,30307.826661514999
36089,30308.074096251999
36090,30308.909757951002
36091,30309.427263000998
36092,30310.382046512001
36093,30310.880707739001
36094,30311.966899006999
36095,30312.910362723000
36096,30313.590589522999
36097,30314.481778001002
36098,30315.259909038999
36099,30315.548207307002
36100,30316.145806568002
36101,30317.324072224001
36102,30317.688482302001
36103,30318.725898992001
36104,30319.309710799000
36105,30320.175170491999
36106,30320.617691280000
36107,30321.266199190999
36108,30322.443130445001
36109,30323.493345849001
36110,30324.051526089999
36111,30324.625406080999
36112,30325.405601595001
36113,30325.998990937998
36114,30326.724096331000
36115,30327.612705711999
36116,30328.004453828999
36117,30328.411807410001
36118,30329.908081469999
36119,30330.662369906000
36120,30331.435083687000
36121,30332.208486584001
36122,30332.515018254999
36123,30333.592949503000
36124,30334.111879838001
36125,30335.088568615000
36126,30335.712248825999
36127,30336.523864989998
36128,30337.066742735999
36129,30337.487755881000
36130,30338.556433168000
36131,30339.196000938002
36132,30340.114974339001
36133,30341.225542059001
36134,30341.688157454999
36135,30342.895166019000
36136,30343.016562862002
36137,30343.888823518999
36138,30344.308786889000
36139,30344.894229779002
36140,30346.083854413999
36141,30346.916101863000
36142,30347.512775110001
36143,30347.846183230999
36144,30349.283643143001
36145,30349.970878008000
36146,30350.391370730998
36147,30351.275805453999
36148,30352.321022616001
36149,30352.492939512002
36150,30353.742719194001
36151,30354.381035052000
36152,30354.542824200002
36153,30355.591614223002
36154,30356.046136792000
36155,30356.813894937000
36156,30358.037117075000
36157,30359.281614446001
36158,30359.613493764002
36159,30359.965352627001
36160,30360.812464718001
36161,30361.697977003001
36162,30362.357608923001
36163,30362.959622563001
36164,30363.678539490000
36165,30364.512581155999
36166,30365.232946094002
36167,30366.131513974000
36168,30366.582293588999
36169,30367.556907482998
36170,30368.156443453001
36171,30369.425175609002
36172,30369.977549305000
36173,30370.640395003000
36174,30371.178189341001
36175,30371.985547150001
36176,30372.523518400001
36177,30373.220627508999
36178,30373.922848143000
36179,30374.815842143998
36180,30375.779652952999
36181,30376.528646670999
36182,30377.384739806999
36183,30378.199926218000
36184,30378.689609171000
36185,30379.275129681999
36186,30379.773366588000
36187,30381.187781027002
36188,30381.666118526999
36189,30382.293684675999
36190,30382.959516917999
36191,30383.583786245999
36192,30384.084427706999
36193,30385.716688372999
36194,30386.064950702999
36195,30386.891405184000
36196,30387.868287559999
36197,30388.345567872999
36198,30389.227632719001
36199,30389.521326906000
36200,30390.348240417999
36201,30390.967514582000
36202,30391.842144214999
36203,30392.496229603999
36204,30393.697516355998
36205,30394.261983699998
36206,30394.953288708999
36207,30395.782886084002
36208,30396.382288313998
36209,30397.139246473002
36210,30398.334671583001
36211,30398.645583494999
36212,30399.221916863000
36213,30399.885731774000
36214,30401.084597843001
36215,30401.354669593002
36216,30401.889146796999
36217,30402.844718536999
36218,30404.225356389001
36219,30405.042074178000
36220,30405.398702402999
36221,30406.128127198001
36222,30406.672513437999
36223,30407.438923767000
36224,30408.124151520999
36225,30408.897741368000
36226,30409.867524675999
36227,30410.304235505999
36228,30411.075039959000
36229,30411.934164785998
36230,30412.704929145999
36231,30413.768406136998
36232,30414.064561472002
36233,30415.082284764001
36234,30415.757280818001
36235,30416.566493973001
36236,30417.382936522001
36237,30417.876014726000
36238,30418.220274498999
36239,30418.868951273002
36240,30420.007141983999
36241,30420.937811201002
36242,30421.818977588999
36243,30422.458059867000
36244,30423.285968819000
36245,30423.859372473002
36246,30424.621874642999
36247,30425.410613456999
36248,30425.639993469998
36249,30426.810374339999
36250,30427.664173719000
36251,30428.318870110001
36252,30428.573614084002
36253,30429.638049338999
36254,30430.513752080999
36255,30430.964175025001
36256,30432.453910662000
36257,30432.954363006000
36258,30433.595645601999
36259,30434.356547537001
36260,30434.572734140998
36261,30435.672252019998
36262,30436.307631502001
36263,30436.838445001002
36264,30437.858289381998
36265,30438.271158332002
36266,30439.647129084999
36267,30440.446678323999
36268,30441.095586662999
36269,30441.340593819001
36270,30442.171472606002
36271,30443.269423247999
36272,30443.925912029001
36273,30444.579424731000
36274,30445.310775564001
36275,30445.925537781000
36276,30446.383820196999
36277,30447.522423143000
36278,30447.798129938001
36279,30449.373755258999
36280,30449.927395358001
36281,30450.568437138001
36282,30451.436310536999
36283,30452.235548088000
36284,30452.519742053999
36285,30453.263063394999
36286,30453.999552226000
36287,30454.562839511000
36288,30455.862886663999
36289,30456.504074239001
36290,30456.900962524000
36291,30457.764825344999
36292,30458.760986968999
36293,30459.601702340999
36294,30460.142382010999
36295,30460.814233800000
36296,30461.735509324000
36297,30462.545219432999
36298,30462.831205300001
36299,30463.840915831999
36300,30464.273960002000
36301,30464.927591359999
36302,30465.650322261001
36303,30467.210010985000
36304,30467.703347735998
36305,30468.396228444999
36306,30469.343353234999
36307,30469.637679034000
36308,30470.144341736999
36309,30471.159736824000
36310,30472.112332870001
36311,30472.751230423000
36312,30473.061780469001
36313,30474.084921754999
36314,30474.775757496001
36315,30475.796795015001
36316,30476.269722046000
36317,30477.120030278002
36318,30478.004789959999
36319,30479.132740870002
36320,30479.396007018000
36321,30480.245901097001
36322,30480.459650502002
36323,30481.475178440000
36324,30482.005918838000
36325,30482.914407298002
36326,30483.595388259000
36327,30484.670064579001
36328,30485.476394992002
36329,30486.238239992999
36330,30486.720428975001
36331,30487.656308761001
36332,30488.241712413001
36333,30488.750980506000
36334,30489.781288539001
36335,30490.453443505001
36336,30491.414970502999
36337,30491.751748743001
36338,30492.362284159000
36339,30492.954061804001
36340,30494.297474682000
36341,30495.175264001002
36342,30496.071461380001
36343,30496.545210052998
36344,30496.812676162001
36345,30498.233795855002
36346,30498.493382676999
36347,30499.212212168000
36348,30499.586373888000
36349,30500.761438362999
36350,30501.598053401001
36351,30502.127616992999
36352,30503.374618984999
36353,30503.793509528001
36354,30504.571135177001
36355,30505.134244475001
36356,30506.115239821000
36357,30506.931969671001
36358,30507.785458180999
36359,30507.966691693000
36360,30508.984067105001
36361,30509.344912262000
36362,30510.173218723001
36363,30511.152600162000
36364,30511.746671340999
36365,30512.752282122001
36366,30513.988349588999
36367,30514.435608121999
36368,30514.774565077001
36369,30515.595767676001
36370,30516.253795135999
36371,30516.743432970001
36372,30518.077595447001
36373,30518.535538283999
36374,30519.113646162001
36375,30520.032708688999
36376,30520.576763780999
36377,30521.762817216000
36378,30522.275547406000
36379,30523.117784120001
36380,30523.974842243999
36381,30524.649123029001
36382,30525.249259533000
36383,30526.125381534999
36384,30526.549593072999
36385,30527.461363007998
36386,30527.790959621001
36387,30528.400520489999
36388,30530.020176940001
36389,30530.726763308001
36390,30531.407324806001
36391,30531.738038158001
36392,30532.838871022999
36393,30533.375367357999
36394,30534.106022915999
36395,30534.802498601999
36396,30535.648765192000
36397,30536.160331974999
36398,30537.187759061999
36399,30537.666962810999
36400,30538.446279059001
36401,30538.938555928999
36402,30540.392932696999
36403,30540.872377290001
36404,30541.810439363999
36405,30542.499858867999
36406,30543.180576396000
36407,30543.634990035000
36408,30544.111006163999
36409,30545.091328989001
36410,30545.984480362000
36411,30546.395830983001
36412,30547.537306890001
36413,30548.061583086001
36414,30549.265308048001
36415,30549.906147670001
36416,30550.623673459999
36417,30550.745798119999
36418,30551.850019376001
36419,30552.860369598999
36420,30553.641862152999
36421,30554.100989285998
36422,30554.459841911001
36423,30555.354212819999
36424,30556.137707991002
36425,30556.833631214999
36426,30558.132844238000
36427,30558.817277245002
36428,30559.445588592000
36429,30560.190619020999
36430,30560.888272917000
36431,30561.344098876001
36432,30562.273470053002
36433,30562.763811286000
36434,30563.417364091001
36435,30564.608793908999
36436,30565.119159771999
36437,30565.966444426002
36438,30566.810533430998
36439,30567.288898048999
36440,30568.134408623999
36441,30569.355170399998
36442,30569.889812591999
36443,30570.221820968000
36444,30571.087734484001
36445,30571.987561382000
36446,30572.501151142002
36447,30573.097074411999
36448,30573.768013092998
36449,30574.534016910002
36450,30575.849773401002
36451,30576.723850331000
36452,30577.223202764999
36453,30577.946268545998
36454,30578.417950752999
36455,30579.149116981000
36456,30580.069418257001
36457,30580.501965969001
36458,30581.754209117000
36459,30582.263581104002
36460,30582.678434271002
36461,30583.308043272002
36462,30584.697297054001
36463,30585.199414527000
36464,30586.007335200000
36465,30586.696560005999
36466,30587.846276463999
36467,30588.187810653999
36468,30589.087191425999
36469,30589.566570026000
36470,30590.021511540999
36471,30590.712462169999
36472,30591.734297807001
36473,30592.728414403999
36474,30593.199136774001
36475,30594.437892210000
36476,30594.825107219000
36477,30595.723467915999
36478,30596.385671327000
36479,30596.819132711000
36480,30597.897231845000
36481,30598.570164539000
36482,30599.167989807000
36483,30599.947279650001
36484,30600.722359574000
36485,30601.317611076000
36486,30601.770978625002
36487,30602.847919733998
36488,30604.227761178001
36489,30604.743806744002
36490,30605.260832003001
36491,30606.118759948000
36492,30606.343323519999
36493,30607.367898871998
36494,30608.208349605000
36495,30608.535829005999
36496,30609.581182664999
36497,30609.983859680000
36498,30611.355195299999
36499,30612.115263031999
36500,30612.308222857999
36501,30613.650715049000
36502,30613.893534391998
36503,30614.749749991999
36504,30615.821175366000
36505,30616.516281757002
36506,30616.904024079999
36507,30617.539363822001
36508,30618.455105862999
36509,30618.786799338999
36510,30619.702918681000
36511,30620.926782267001
36512,30621.652798406001
36513,30622.358287924999
36514,30623.058916037000
36515,30624.017793233001
36516,30624.520224121999
36517,30624.821510574999
36518,30625.476839562001
36519,30626.854321780000
36520,30627.303588824001
36521,30628.199450292999
36522,30628.571995782000
36523,30629.413155118000
36524,30630.373479197999
36525,30631.283641746999
36526,30631.902048427000
36527,30632.661231218000
36528,30633.553308497001
36529,30634.067515685001
36530,30634.677245262999
36531,30635.561906456001
36532,30635.963452829001
36533,30636.709879853999
36534,30637.428721425000
36535,30638.421309736001
36536,30639.680072938001
36537,30640.278603152001
36538,30640.745265000998
36539,30641.270577885000
36540,30642.040305806000
36541,30643.119986516002
36542,30643.622087734999
36543,30644.408732328000
36544,30645.044647334998
36545,30645.644456757000
36546,30646.664509075999
36547,30647.025312309001
36548,30648.239233980999
36549,30648.547424335000
36550,30650.011836193000
36551,30650.701977064000
36552,30651.070351694001
36553,30651.835980412001
36554,30652.448684480001
36555,30653.228066009000
36556,30653.647164622002
36557,30654.474148215999
36558,30655.572237045999
36559,30656.340295608999
36560,30656.716841530000
36561,30657.980650436999
36562,30658.699919504001
36563,30659.089541054000
36564,30660.024483755999
36565,30660.659601848001
36566,30661.280597811001
36567,30662.395218299000
36568,30663.147263431001
36569,30663.315724417000
36570,30664.096056475999
36571,30664.580027677999
36572,30665.802828526001
36573,30667.059991954000
36574,30667.406714911998
36575,30668.297411767999
36576,30668.881796616999
36577,30669.681957083001
36578,30670.144057838999
36579,30670.921375116999
36580,30671.595354874000
36581,30672.388212949001
36582,30673.156770328998
36583,30673.977174951000
36584,30674.621019811999
36585,30675.696800925001
36586,30676.211004904999
36587,30676.726104556001
36588,30677.934920555999
36589,30678.691993896999
36590,30679.357332069001
36591,30679.944715883001
36592,30680.360470370000
36593,30681.087154690998
36594,30682.297104179001
36595,30682.553613207001
36596,30683.110366036999
36597,30684.755474682999
36598,30685.229793115999
36599,30686.138971393000
36600,30686.799151548999
36601,30687.096383185999
36602,30687.984421468998
36603,30688.517709758999
36604,30689.776530024999
36605,30690.170413325999
36606,30690.932442271998
36607,30691.602414981000
36608,30692.351170448001
36609,30692.923839851999
36610,30694.110512594001
36611,30694.966843236001
36612,30695.760456462998
36613,30695.983478239999
36614,30697.168759246000
36615,30697.843098505000
36616,30698.289996342999
36617,30698.927318457001
36618,30699.520176802998
36619,30700.257682152002
36620,30701.424181014001
36621,30702.410041993000
36622,30702.884572406001
36623,30703.559001227000
36624,30704.425386056999
36625,30705.317342806000
36626,30705.547647283001
36627,30706.627736415001
36628,30707.263268827999
36629,30708.089249766999
36630,30708.666159713001
36631,30709.291982356001
36632,30710.074420367000
36633,30710.679762767999
36634,30711.675686743001
36635,30712.661215870001
36636,30713.585441050000
36637,30714.421100332998
36638,30714.552425446000
36639,30715.178919405000
36640,30716.208298113001
36641,30716.501394417999
36642,30717.634022917999
36643,30718.454674682998
36644,30718.799217160999
36645,30719.664606429000
36646,30720.837421764001
36647,30721.717226762001
36648,30721.890507544002
36649,30722.664117437002
36650,30723.610291014000
36651,30724.746689416999
36652,30724.994848380000
36653,30725.597977477999
36654,30726.749531852001
36655,30726.885774924001
36656,30727.448069153001
36657,30728.563536156998
36658,30729.564131030998
36659,30730.487733121001
36660,30731.257166824002
36661,30731.777712747000
36662,30732.323232567000
36663,30733.389329893998
36664,30733.787616443999
36665,30734.527575619999
36666,30734.998731242998
36667,30736.307057629001
36668,30736.899204424000
36669,30737.454747658001
36670,30738.179985072002
36671,30738.876877305000
36672,30740.142227847999
36673,30740.585764079999
36674,30741.666426045002
36675,30742.152663714001
36676,30742.638612578001
36677,30743.576933152999
36678,30744.197120658999
36679,30744.912004389000
36680,30745.202082382999
36681,30746.364114774999
36682,30747.118915006002
36683,30748.330887179000
36684,30748.851984173001
36685,30749.746658819000
36686,30750.045934733000
36687,30750.959138931001
36688,30751.262061275000
36689,30752.769024634999
36690,30753.152002982999
36691,30753.891506615000
36692,30754.254354232999
36693,30755.090917974001
36694,30756.049776116000
36695,30756.740738924000
36696,30757.653293189000
36697,30758.516994008001
36698,30759.189258529001
36699,30760.210275592999
36700,30760.615344757000
36701,30761.130318381998
36702,30761.663725277998
36703,30762.555266759999
36704,30763.381342993001
36705,30764.073352473999
36706,30764.961218075001
36707,30765.857594425001
36708,30766.529230736000
36709,30767.138483678998
36710,30768.074385214000
36711,30768.805952598999
36712,30769.289332191001
36713,30770.336538217001
36714,30770.752819173998
36715,30771.747351645001
36716,30772.186646933002
36717,30772.993833820001
36718,30773.557626082998
36719,30774.010717352001
36720,30776.053124473001
36721,30776.257373393000
36722,30776.862285040999
36723,30777.542807466001
36724,30778.374555654998
36725,30778.922325339001
36726,30779.635858259000
36727,30780.477533375000
36728,30780.936152890001
36729,30782.112271368002
36730,30782.476288900001
36731,30783.415250840000
36732,30784.251510515001
36733,30785.220873243001
36734,30785.367812077999
36735,30786.600950274998
36736,30787.343366035999
36737,30788.021943090000
36738,30788.891084955001
36739,30789.270905606001
36740,30789.602307042998
36741,30790.686106671001
36742,30791.281691134001
36743,30792.402475522998
36744,30793.060941684002
36745,30793.923156792000
36746,30795.087247825999
36747,30795.300881362000
36748,30796.098286327000
36749,30796.465029677001
36750,30797.401162360002
36751,30798.247752805000
36752,30798.996502062000
36753,30799.938014218002
36754,30800.232999191001
36755,30800.732832982001
36756,30801.953178766002
36757,30802.700185136000
36758,30803.489259106002
36759,30804.636508052001
36760,30805.029636207000
36761,30805.604021636998
36762,30806.293753102000
36763,30807.176199433001
36764,30807.785626112000
36765,30808.357620974999
36766,30808.830771548000
36767,30810.018695920000
36768,30811.100781322999
36769,30811.690940503999
36770,30812.526845404002
36771,30812.951802175001
36772,30813.551854380999
36773,30814.824865611001
36774,30815.255790684001
36775,30815.995949126998
36776,30816.681662374001
36777,30817.311424136002
36778,30818.248772319999
36779,30818.656828644002
36780,30819.298371182998
36781,30820.526284830001
36782,30821.302683761998
36783,30822.374592516000
36784,30822.704968458002
36785,30823.545781217999
36786,30824.156307920999
36787,30824.729605597000
36788,30825.160188906000
36789,30826.255353548000
36790,30827.245035239001
36791,30827.655264114001
36792,30828.397532325998
36793,30829.250936011002
36794,30830.201120179001
36795,30830.995182074999
36796,30831.670118679001
36797,30831.947300872002
36798,30833.175947350999
36799,30834.022101587001
36800,30834.530212910999
36801,30835.041083079999
36802,30835.606948591001
36803,30836.497176764999
36804,30837.005728034001
36805,30838.282788646000
36806,30839.327777889001
36807,30839.839256878000
36808,30840.472456611998
36809,30841.092018071999
36810,30842.041158915999
36811,30842.408508467001
36812,30843.151041605001
36813,30844.248529021999
36814,30844.698024333000
36815,30845.204111293999
36816,30846.625207788002
36817,30846.864720830999
36818,30847.548371919998
36819,30848.484264000999
36820,30849.498300881001
36821,30850.451022820002
36822,30850.792237444999
36823,30851.524595571998
36824,30852.023442709000
36825,30852.853788610999
36826,30853.605366938002
36827,30854.132662317999
36828,30854.953577689001
36829,30855.757823206000
36830,30857.133499846001
36831,30857.444606167999
36832,30858.344392822000
36833,30858.835957291001
36834,30859.621531417000
36835,30860.180304303001
36836,30861.027466042000
36837,30862.140827948999
36838,30862.463052699000
36839,30863.259619794000
36840,30863.789778183000
36841,30864.280533318000
36842,30865.619039270001
36843,30866.490682378000
36844,30867.172604926000
36845,30867.787388165001
36846,30868.883962980999
36847,30869.121709309002
36848,30870.091334577999
36849,30870.551264577000
36850,30871.060888114000
36851,30871.789301174002
36852,30873.213774402000
36853,30873.499923329000
36854,30874.335540592001
36855,30875.264898070000
36856,30876.049010008999
36857,30876.604821624998
36858,30877.212609869999
36859,30878.447673851999
36860,30878.918373206001
36861,30879.380299842000
36862,30880.326843814000
36863,30880.977814653001
36864,30881.525787056999
36865,30882.373467196001
36866,30882.845332272002
36867,30884.145828381999
36868,30885.199017007999
36869,30885.831708008001
36870,30886.329765159000
36871,30886.987401746999
36872,30887.221862037000
36873,30888.640558217001
36874,30889.010957794999
36875,30889.848572174000
36876,30890.486472065000
36877,30891.422607187000
36878,30891.847722114999
36879,30893.162454682999
36880,30893.580682222000
36881,30894.243216085000
36882,30895.339766321998
36883,30895.897359855000
36884,30896.808003817001
36885,30897.376197502999
36886,30897.960523472000
36887,30898.701723740000
36888,30899.084931837999
36889,30899.929051296000
36890,30900.904967975999
36891,30902.144508754998
36892,30902.706069565000
36893,30903.020914064000
36894,30904.332024527001
36895,30904.782012408999
36896,30905.339135114002
36897,30906.024817906000
36898,30906.723275749999
36899,30907.811108321999
36900,30908.500515362000
36901,30908.953422031998
36902,30909.579422911000
36903,30910.452130361999
36904,30911.217480183001
36905,30912.507129736001
36906,30913.105142654000
36907,30913.551833449001
36908,30914.526525516001
36909,30915.054577551000
36910,30915.777822036001
36911,30916.093229823000
36912,30917.288769850999
36913,30917.781849348001
36914,30918.440300047001
36915,30919.507066138998
36916,30920.667627907998
36917,30921.149650153999
36918,30921.563360036002
36919,30922.460566206999
36920,30922.977457673001
36921,30924.135945190999
36922,30924.908365544001
36923,30925.452479028001
36924,30925.756805671001
36925,30926.688228674000
36926,30927.410480702001
36927,30928.299343946001
36928,30928.812418974001
36929,30930.183853147999
36930,30930.815208697000
36931,30931.557161846998
36932,30932.107840139000
36933,30932.821925769000
36934,30933.415364985001
36935,30934.021850449000
36936,30934.726658328000
36937,30935.780802697001
36938,30936.456656045000
36939,30937.232198759000
36940,30937.800451265000
36941,30938.724579932001
36942,30939.544635004000
36943,30940.373042540999
36944,30940.946341792998
36945,30941.774818032001
36946,30942.353396662002
36947,30943.153191575999
36948,30944.037672301001
36949,30944.493812182998
36950,30944.866162197999
36951,30945.536808788002
36952,30947.156000498999
36953,30947.667969866001
36954,30948.764262516001
36955,30949.060178510001
36956,30949.809043072000
36957,30950.416366887999
36958,30951.330701768002
36959,30951.770778603001
36960,30952.829600560999
36961,30953.380230630999
36962,30954.077665526002
36963,30954.905646068000
36964,30955.435332530000
36965,30956.582168583001
36966,30957.350562254000
36967,30957.611441886002
36968,30959.050787695000
36969,30959.924850722000
36970,30960.067185995998
36971,30960.636107511000
36972,30961.446941025999
36973,30962.127877981999
36974,30962.853290188999
36975,30963.698319979001
36976,30964.553340866001
36977,30965.229787756001
36978,30966.526745464998
36979,30966.905458633999
36980,30967.483428960000
36981,30968.293774451999
36982,30968.762757113000
36983,30969.813434395001
36984,30970.651558985999
36985,30971.082904526000
36986,30971.948508010999
36987,30972.519291085999
36988,30973.121270265001
36989,30973.803244332001
36990,30975.269760597999
36991,30975.924530642002
36992,30976.641962861999
36993,30977.139875997000
36994,30977.780327658002
36995,30978.816631489000
36996,30979.349972974000
36997,30979.644843454000
36998,30980.624463992001
36999,30981.312395312001
37000,30982.396142779999
37001,30983.188005610002
37002,30983.871019999999
37003,30984.390000518000
37004,30985.315649405999
37005,30986.079935696001
37006,30986.964956850999
37007,30987.326575313000
37008,30988.567003462002
37009,30988.810667850001
37010,30989.377441776000
37011,30990.220829040001
37012,30991.078221198000
37013,30991.519280417000
37014,30992.722866524000
37015,30993.799108408999
37016,30994.285820896999
37017,30995.054258193999
37018,30995.786558717002
37019,30996.263441592000
37020,30996.574175735001
37021,30997.743968327999
37022,30998.766567573999
37023,30999.353250012002
37024,30999.669607510001
37025,31000.492833892000
37026,31001.699162375000
37027,31002.327620216998
37028,31002.974775432001
37029,31003.791356557998
37030,31004.690802984998
37031,31005.267180228999
37032,31006.187755708001
37033,31006.574381612001
37034,31007.287949416001
37035,31007.724172519000
37036,31008.840903947999
37037,31009.143777290999
37038,31010.948300283999
37039,31011.090341209001
37040,31012.108162783999
37041,31012.583341853999
37042,31013.287083100000
37043,31014.066277482001
37044,31014.912073952000
37045,31015.554011595999
37046,31015.953185312999
37047,31017.126177360999
37048,31017.817898841000
37049,31018.254252089999
37050,31018.998834329999
37051,31019.798943325000
37052,31020.906954586000
37053,31021.905013980999
37054,31022.405218429001
37055,31022.950184646001
37056,31023.728443991000
37057,31024.168846985998
37058,31025.151699765000
37059,31025.719010024000
37060,31026.211144940000
37061,31027.450693824001
37062,31028.024219968000
37063,31028.882116827001
37064,31029.823100385001
37065,31030.646697299999
37066,31031.079011708000
37067,31031.360250537000
37068,31032.738489001000
37069,31033.449690335001
37070,31034.055754751000
37071,31034.805621816999
37072,31035.251528051002
37073,31035.757936960999
37074,31036.722871883001
37075,31037.869576759000
37076,31038.601096210001
37077,31039.322989638000
37078,31040.136474292001
37079,31041.080033891001
37080,31041.265986787999
37081,31041.964223381001
37082,31042.747847597999
37083,31043.354089846998
37084,31044.304128389002
37085,31045.175096478000
37086,31045.637716137000
37087,31046.690949739001
37088,31047.240974990000
37089,31048.053389041001
37090,31048.868695926001
37091,31049.713486774999
37092,31050.531541307999
37093,31051.024680651000
37094,31051.606105079001
37095,31052.384259975999
37096,31053.327585653002
37097,31053.633673511002
37098,31054.332491420999
37099,31055.112702258000
37100,31056.697524299001
37101,31057.295006272001
37102,31057.877618921000
37103,31058.106642635001
37104,31059.230844761001
37105,31059.819089117002
37106,31060.400012827002
37107,31061.485025135000
37108,31062.063071969002
37109,31062.715759106999
37110,31063.272327137001
37111,31064.329802458000
37112,31064.890185199001
37113,31065.833076920000
37114,31066.719120966001
37115,31067.402680550000
37116,31068.060060109001
37117,31069.192985186000
37118,31069.363755266000
37119,31070.095913816000
37120,31070.747144661000
37121,31071.071466354999
37122,31072.670754755000
37123,31072.969767898001
37124,31073.925304992001
37125,31074.984221200000
37126,31075.297924216000
37127,31076.381734373001
37128,31076.925842862001
37129,31077.477781721998
37130,31078.122765034001
37131,31079.339477787998
37132,31079.876995629998
37133,31080.389985029000
37134,31081.124703093999
37135,31081.800673820999
37136,31082.413389672001
37137,31083.633286791999
37138,31084.492866282999
37139,31085.545673295001
37140,31085.743951632001
37141,31086.374828076001
37142,31087.177463947999
37143,31087.764381657998
37144,31088.781198920002
37145,31089.089326246001
37146,31089.974518820000
37147,31090.734773058000
37148,31091.719347232000
37149,31092.611121005000
37150,31093.266476441000
37151,31093.664539342000
37152,31094.477755210999
37153,31095.588123231999
37154,31096.336547069001
37155,31096.900961397001
37156,31097.256800699000
37157,31098.188803337998
37158,31099.066715051002
37159,31099.250492711999
37160,31100.204937265000
37161,31101.411795517000
37162,31102.288079746999
37163,31102.736432013000
37164,31104.005305268001
37165,31104.082320557001
37166,31104.797531977001
37167,31105.621964213002
37168,31106.086280166001
37169,31107.102110147000
37170,31107.932939998998
37171,31108.774679259001
37172,31109.207840652001
37173,31109.571903136999
37174,31111.156823073001
37175,31111.686231211999
37176,31112.348133493000
37177,31113.285181746000
37178,31113.753258638000
37179,31114.720525867000
37180,31115.415395928001
37181,31115.700914560999
37182,31116.585033215000
37183,31117.103697391001
37184,31117.875894982000
37185,31119.258061184999
37186,31119.859172895998
37187,31120.606530173001
37188,31121.562174286999
37189,31121.648476154001
37190,31122.570985812999
37191,31123.327338251998
37192,31124.481317120000
37193,31124.620088320000
37194,31125.633235673002
37195,31126.037970582998
37196,31126.974539629999
37197,31127.808326503000
37198,31128.421493870999
37199,31129.127071571002
37200,31130.570540573000
37201,31131.013587188001
37202,31131.662593812001
37203,31132.241547406000
37204,31133.044877680000
37205,31133.277757583000
37206,31134.338352404000
37207,31135.190007138001
37208,31135.719952402000
37209,31136.558149561999
37210,31137.654546326001
37211,31138.217130913999
37212,31139.232821787002
37213,31139.398557207998
37214,31140.549393964000
37215,31141.065680575000
37216,31141.757648838000
37217,31142.874906682999
37218,31143.378773673001
37219,31143.956984512999
37220,31144.354279831001
37221,31145.225294899999
37222,31146.067782463000
37223,31147.603578992999
37224,31147.935178512002
37225,31148.562538660000
37226,31149.221986240998
37227,31150.131266599001
37228,31150.857369915000
37229,31151.332130391002
37230,31151.664780227999
37231,31153.012405476999
37232,31153.546852354000
37233,31154.480861820000
37234,31154.951789188999
37235,31156.028213279002
37236,31156.556819658999
37237,31157.391406387000
37238,31158.218863226000
37239,31159.084018680998
37240,31159.835909844998
37241,31160.166243693999
37242,31160.988743667000
37243,31161.519807064000
37244,31162.434288820001
37245,31162.955176588999
37246,31163.848128240999
37247,31164.731844889000
37248,31165.941448093999
37249,31166.497124459001
37250,31167.159760662002
37251,31167.599228913001
37252,31168.098112329000
37253,31169.119855179000
37254,31170.161688197000
37255,31170.545703692002
37256,31171.358385817999
37257,31171.846374518998
37258,31172.769132264999
37259,31173.413142394002
37260,31174.468091036000
37261,31175.336689440999
37262,31175.728549021002
37263,31177.075213614000
37264,31177.345623212001
37265,31177.871552789999
37266,31178.811037202999
37267,31179.512539376999
37268,31179.829738165001
37269,31180.504757054001
37270,31181.855222139999
37271,31182.709850437001
37272,31183.259285363001
37273,31183.982499656999
37274,31184.698299965999
37275,31185.627667928002
37276,31186.117636399002
37277,31186.821330146999
37278,31187.835299004000
37279,31188.122142780001
37280,31189.161195383000
37281,31189.929214030999
37282,31190.295870573002
37283,31190.793245833000
37284,31192.090568566000
37285,31193.278720880000
37286,31193.605841488999
37287,31194.651711175000
37288,31195.059898051000
37289,31195.698058628001
37290,31196.274326801002
37291,31197.156016505000
37292,31197.718264949999
37293,31198.809277418000
37294,31199.341457055001
37295,31199.836360288002
37296,31201.211221066002
37297,31201.844420754001
37298,31202.391526496001
37299,31203.158465018001
37300,31203.688612018999
37301,31205.013521482000
37302,31205.488588151999
37303,31206.134014407999
37304,31206.774825777000
37305,31207.047020966998
37306,31208.122695335998
37307,31208.873279191001
37308,31209.676991568002
37309,31210.808308438998
37310,31211.634683291999
37311,31212.049141373998
37312,31212.788336776001
37313,31213.562304486000
37314,31214.158071500999
37315,31214.661417750998
37316,31215.596677617999
37317,31216.431508328998
37318,31217.270891904998
37319,31217.661177670001
37320,31218.558216459998
37321,31219.373955019000
37322,31219.900996516000
37323,31221.440887976001
37324,31221.723932080000
37325,31222.408653086000
37326,31222.902884284002
37327,31223.950918817001
37328,31224.672569086000
37329,31224.867606981999
37330,31225.951520209001
37331,31226.205635891001
37332,31227.505070173000
37333,31228.590048769998
37334,31229.382583614999
37335,31229.567048555000
37336,31230.625167220001
37337,31231.028328700999
37338,31231.861168938001
37339,31232.760779576001
37340,31233.402035219999
37341,31234.263560910000
37342,31234.735056407000
37343,31235.305270674002
37344,31236.078376024001
37345,31237.252302361001
37346,31237.752739067000
37347,31238.739829065998
37348,31239.529890918999
37349,31240.305424782000
37350,31241.093229309001
37351,31241.502845063998
37352,31241.823106272001
37353,31242.736648456001
37354,31243.646506571000
37355,31244.383858730002
37356,31245.283238319000
37357,31245.868794964001
37358,31246.664951221999
37359,31247.966084497999
37360,31248.090553350001
37361,31248.719698614001
37362,31249.706619978999
37363,31250.631923278001
37364,31251.048201286001
37365,31251.860617392002
37366,31252.509865724001
37367,31253.252427487001
37368,31253.836642888000
37369,31254.208334335999
37370,31255.893859902000
37371,31256.684523190001
37372,31257.242090692002
37373,31257.881327217001
37374,31258.388444844000
37375,31259.244495355000
37376,31259.838397290001
37377,31260.901508831001
37378,31261.146199400999
37379,31261.883920841999
37380,31263.089416947001
37381,31263.624083956998
37382,31264.380771557000
37383,31265.129653191001
37384,31265.927419569001
37385,31266.661057285000
37386,31267.659278677998
37387,31268.307471016000
37388,31268.802985249000
37389,31269.635465141000
37390,31269.999870819000
37391,31270.897807073001
37392,31271.432958043999
37393,31272.367096751001
37394,31273.442504039998
37395,31274.091984297000
37396,31275.004082063999
37397,31275.719807969999
37398,31276.299470983999
37399,31276.928211787999
37400,31277.418114429001
37401,31278.204143640000
37402,31279.701859565001
37403,31279.933474563000
37404,31280.158056397999
37405,31281.316885079999
37406,31281.720965646000
37407,31283.139218711000
37408,31283.566242600002
37409,31284.612359506998
37410,31285.263551819000
37411,31285.885894090999
37412,31286.629620462001
37413,31287.329709999001
37414,31287.906104836999
37415,31288.398095040000
37416,31289.223445943000
37417,31290.224051919999
37418,31290.816645575000
37419,31292.194960186000
37420,31292.736747080002
37421,31292.984599160001
37422,31293.759270498998
37423,31294.909997166000
37424,31295.430200141000
37425,31296.240874691000
37426,31296.855169508999
37427,31297.487749410000
37428,31298.217499081999
37429,31299.012999602000
37430,31299.697726693001
37431,31300.165736694002
37432,31301.518976641000
37433,31302.463552124002
37434,31303.219531440998
37435,31303.496422746000
37436,31304.123539192002
37437,31305.006565803000
37438,31305.681465574002
37439,31306.067471607999
37440,31307.248149694999
37441,31308.081493308000
37442,31308.364416593002
37443,31309.448163082001
37444,31310.197482390999
37445,31311.172045276999
37446,31311.654675156999
37447,31312.395882853001
37448,31313.068653487000
37449,31314.133999369998
37450,31314.688387736998
37451,31315.399078146998
37452,31315.789180487001
37453,31316.559095899000
37454,31316.976434043001
37455,31318.384145281001
37456,31319.499961052999
37457,31319.705151876999
37458,31320.636955485999
37459,31321.503900951000
37460,31322.037361650000
37461,31322.519877637998
37462,31323.315019959002
37463,31324.181488673999
37464,31324.811066425998
37465,31325.649410122001
37466,31326.331128246999
37467,31327.066193074999
37468,31327.713758703001
37469,31328.672587429999
37470,31329.356526412001
37471,31330.405901247999
37472,31331.103744816999
37473,31331.842445137001
37474,31332.153330305999
37475,31332.656905946998
37476,31333.904053255999
37477,31334.288597878000
37478,31335.069765033000
37479,31335.573710633002
37480,31337.018747473001
37481,31337.791506034999
37482,31338.320208533001
37483,31339.170399335999
37484,31339.585480303998
37485,31340.100697629001
37486,31341.414589656000
37487,31341.968215528999
37488,31342.550321856001
37489,31343.377514217002
37490,31343.967227916000
37491,31344.480532155001
37492,31345.436807713999
37493,31346.326451109999
37494,31347.489983329000
37495,31347.926834525999
37496,31348.575665161999
37497,31349.456348135998
37498,31350.302555924001
37499,31350.537329416002
37500,31351.278874905998
37501,31351.781812145000
37502,31352.881179328000
37503,31353.848076973001
37504,31354.490240220999
37505,31355.051177488000
37506,31356.090654965999
37507,31356.690973753000
37508,31357.492660093001
37509,31358.268963887000
37510,31358.812489078002
37511,31359.680068528000
37512,31360.364780311000
37513,31361.252366817000
37514,31361.527896800999
37515,31362.097822259999
37516,31363.304315386998
37517,31363.683166301002
37518,31365.230575678001
37519,31365.943884271001
37520,31366.341280969998
37521,31367.013807862000
37522,31367.662904714001
37523,31368.241914959999
37524,31369.166567804001
37525,31369.902130009999
37526,31370.686364550998
37527,31371.320477063000
37528,31371.750574530000
37529,31373.143609170002
37530,31373.771702655999
37531,31374.284501197999
37532,31374.917805173001
37533,31376.353701231001
37534,31376.631784959998
37535,31377.445347624998
37536,31378.062571752998
37537,31378.618738622001
37538,31379.296200688001
37539,31379.951809007998
37540,31380.778951549000
37541,31381.764752333998
37542,31382.750319368999
37543,31383.390461348001
37544,31384.182767156999
37545,31384.605631037000
37546,31385.655831126001
37547,31386.073675907999
37548,31386.629686758999
37549,31387.700138298998
37550,31388.350529322001
37551,31389.246971662000
37552,31389.862859155000
37553,31390.089211637001
37554,31391.068603689000
37555,31392.363351079999
37556,31393.206945503000
37557,31393.562425482000
37558,31394.437573210002
37559,31395.175804875998
37560,31395.589261223002
37561,31396.619939184999
37562,31396.955190641002
37563,31397.670147489000
37564,31398.451172181001
37565,31399.492386919999
37566,31400.337881210999
37567,31401.070254277001
37568,31401.923750188002
37569,31402.305586376999
37570,31403.169798147999
37571,31403.643817780001
37572,31405.045556002999
37573,31405.464968256001
37574,31406.065941564000
37575,31406.333742928000
37576,31407.532057835000
37577,31408.176308430000
37578,31408.669584504001
37579,31410.146061725001
37580,31410.392241345999
37581,31411.712556937000
37582,31412.296755424999
37583,31412.784260815999
37584,31413.313520516000
37585,31413.950718139000
37586,31414.725822299999
37587,31415.747314975000
37588,31416.308761664000
37589,31417.070678910000
37590,31417.805037963000
37591,31418.729914911000
37592,31419.318231808000
37593,31420.347681804000
37594,31420.797651189001
37595,31421.876881412001
37596,31422.192456929999
37597,31423.265622997002
37598,31423.697857972002
37599,31424.531246224000
37600,31425.197656755001
37601,31425.489500092001
37602,31426.292976852001
37603,31427.925967079002
37604,31428.468224855998
37605,31429.308903639001
37606,31429.573288405001
37607,31430.348404863002
37608,31431.329497899998
37609,31432.003810506001
37610,31432.274742140999
37611,31433.387270256000
37612,31434.091447061001
37613,31434.898052361001
37614,31435.285683570000
37615,31436.333290285998
37616,31437.069427834998
37617,31437.753995178002
37618,31438.743416419999
37619,31439.708373738002
37620,31440.099837938000
37621,31440.747947509000
37622,31441.634263791999
37623,31441.942275695001
37624,31442.521367613001
37625,31443.680894534999
37626,31444.405760615999
37627,31445.022630494001
37628,31445.997628213001
37629,31447.114850193000
37630,31447.593193560999
37631,31448.137254572001
37632,31448.607630539998
37633,31449.605578059000
37634,31450.369053169001
37635,31451.313560798000
37636,31451.822436915001
37637,31452.466321958000
37638,31452.820700222001
37639,31453.854575867001
37640,31454.754729644999
37641,31455.604819372998
37642,31456.685955147001
37643,31457.250101770001
37644,31457.608888408999
37645,31458.622489548001
37646,31459.149362428001
37647,31459.796746414999
37648,31460.585124122001
37649,31461.013990675001
37650,31462.009715384000
37651,31463.085982953002
37652,31463.703111676001
37653,31464.460641109999
37654,31464.960356197000
37655,31465.982304232999
37656,31466.544623612001
37657,31467.807927735001
37658,31467.961517123000
37659,31468.573078008001
37660,31469.670079397001
37661,31470.048252977002
37662,31470.899849041001
37663,31471.426778912999
37664,31472.074988720000
37665,31473.659103770999
37666,31474.252431875000
37667,31474.720303883001
37668,31475.788975724001
37669,31476.192167968999
37670,31476.679572015000
37671,31477.314174665000
37672,31478.444902397001
37673,31479.206632523001
37674,31479.677015734000
37675,31480.600503122001
37676,31480.978805285002
37677,31482.086138331000
37678,31483.142677669999
37679,31483.535817358999
37680,31484.218889265001
37681,31485.104455671000
37682,31486.230599750001
37683,31486.548332795999
37684,31487.047230029999
37685,31487.689851998999
37686,31488.436392001000
37687,31489.117838172999
37688,31490.133608108001
37689,31491.078871960999
37690,31492.124623547999
37691,31492.239330285000
37692,31493.309480683001
37693,31494.036578461000
37694,31494.327758775002
37695,31495.385721445000
37696,31496.067766471999
37697,31496.785397336000
37698,31497.420598797999
37699,31498.331217794999
37700,31498.822807643999
37701,31499.657891661998
37702,31500.178732509001
37703,31501.573165922000
37704,31502.394505740001
37705,31502.957463907998
37706,31503.493396572001
37707,31503.960094409998
37708,31504.909425580001
37709,31505.716630933999
37710,31506.084251753000
37711,31506.838906425000
37712,31507.902000429000
37713,31508.434698753001
37714,31509.820631564999
37715,31510.231066983000
37716,31510.702332149001
37717,31511.587953052000
37718,31512.284273611000
37719,31513.105412437999
37720,31513.862711458001
37721,31514.703661144002
37722,31515.160491351999
37723,31515.790759645999
37724,31516.281389323001
37725,31517.193782828999
37726,31518.564905742998
37727,31518.844168246000
37728,31520.029058618999
37729,31520.510635833001
37730,31521.432310475000
37731,31521.841185786001
37732,31522.616983086002
37733,31523.201441896999
37734,31523.561354245001
37735,31525.145736071001
37736,31525.612902779001
37737,31526.026992588999
37738,31526.914465559999
37739,31528.129796236000
37740,31528.345663684999
37741,31529.405037524000
37742,31530.124677774002
37743,31530.875869914998
37744,31531.635439655998
37745,31532.133750845998
37746,31532.788131653000
37747,31533.800552418001
37748,31534.039169135998
37749,31534.763244769001
37750,31535.732308114999
37751,31537.024171008001
37752,31537.787238841000
37753,31538.290289602999
37754,31538.838858374002
37755,31539.347386254001
37756,31540.290353880999
37757,31541.130407573000
37758,31541.793656006001
37759,31542.644910240000
37760,31542.820092816000
37761,31544.046036371001
37762,31544.677472883999
37763,31545.345304736002
37764,31546.232693077000
37765,31547.111154310998
37766,31547.906124460002
37767,31548.710874610999
37768,31549.242694992001
37769,31550.089632368999
37770,31550.347765699000
37771,31551.057104521002
37772,31552.081881181999
37773,31552.421302940998
37774,31553.750799124999
37775,31554.521076738001
37776,31555.030116552000
37777,31555.904553329001
37778,31556.857588332001
37779,31557.437413009000
37780,31557.714940944999
37781,31558.618692807999
37782,31559.711211962000
37783,31560.301890321000
37784,31560.892750514999
37785,31561.642041368999
37786,31561.981207017001
37787,31562.863484494999
37788,31564.115620723998
37789,31565.153999188002
37790,31565.440893202998
37791,31566.193311357001
37792,31567.149469420001
37793,31567.463965585001
37794,31568.276294754000
37795,31568.778667449998
37796,31569.806125005001
37797,31570.385553579999
37798,31571.029928712000
37799,31572.301537682000
37800,31572.712542490000
37801,31573.861781525000
37802,31574.139948057000
37803,31574.665652661999
37804,31576.165431141999
37805,31576.558578865999
37806,31577.297292657000
37807,31577.771396970998
37808,31578.562444285999
37809,31579.065113176999
37810,31580.161022608001
37811,31580.507715849999
37812,31581.501319900999
37813,31582.699984170999
37814,31583.477987173999
37815,31584.020051628999
37816,31584.498375943000
37817,31585.296218095998
37818,31585.874285987000
37819,31586.612933224998
37820,31587.424319590998
37821,31588.326297938998
37822,31589.041734687999
37823,31589.505728024000
37824,31590.134966881000
37825,31591.495124403002
37826,31591.866764568000
37827,31592.861125085001
37828,31593.681410570000
37829,31594.139657923999
37830,31594.810334794001
37831,31595.914762656001
37832,31596.441857181999
37833,31596.662648750000
37834,31597.278157090001
37835,31598.382832924999
37836,31599.543905854000
37837,31600.256090053001
37838,31600.900660757001
37839,31601.700270527999
37840,31602.209180385002
37841,31602.976827089002
37842,31603.766841561999
37843,31604.386079683001
37844,31605.245263313998
37845,31605.900535034001
37846,31606.645646843001
37847,31607.132003802999
37848,31608.025488423998
37849,31608.802712372999
37850,31609.613670704999
37851,31610.555163580000
37852,31611.498815579002
37853,31612.285031992000
37854,31612.408663351998
37855,31613.160507802000
37856,31613.776857877001
37857,31614.676031630999
37858,31615.407213044000
37859,31616.285745287001
37860,31616.656625659001
37861,31617.836722311000
37862,31618.841382995000
37863,31619.246109604999
37864,31619.999692251000
37865,31620.611922380998
37866,31621.312905899002
37867,31622.431776719000
37868,31623.094587602998
37869,31623.498566879000
37870,31624.122395032002
37871,31625.188223104000
37872,31625.324956441000
37873,31626.224462603001
37874,31627.800929690002
37875,31628.420894645998
37876,31628.721044219001
37877,31629.659886147001
37878,31630.361622209999
37879,31631.096630467000
37880,31631.570521525999
37881,31632.296013857998
37882,31632.906459623999
37883,31634.082638381002
37884,31634.575069699000
37885,31635.531319802001
37886,31636.140976388000
37887,31636.630341299999
37888,31637.911702564001
37889,31638.709522148001
37890,31638.934004387000
37891,31640.213086288000
37892,31640.559476169001
37893,31641.145034780999
37894,31642.079661358999
37895,31642.460074195002
37896,31643.378530743001
37897,31643.881733879000
37898,31645.204861863000
37899,31645.938453016999
37900,31646.898590252000
37901,31647.422969930001
37902,31647.786925353001
37903,31648.810659940998
37904,31648.954690890001
37905,31650.370936790001
37906,31651.002429453001
37907,31651.649131357000
37908,31652.097882630002
37909,31652.755786153000
37910,31653.936264638000
37911,31654.712368281998
37912,31655.233505167998
37913,31656.240506771999
37914,31657.054812709001
37915,31657.832250473999
37916,31658.265269052001
37917,31658.937493702000
37918,31659.548412625001
37919,31660.378013146001
37920,31660.679394900999
37921,31662.223214992999
37922,31662.472428718000
37923,31663.780441309998
37924,31664.218455923001
37925,31665.018970831999
37926,31665.565894282001
37927,31666.464662795999
37928,31667.256872464000
37929,31667.889083990001
37930,31668.283144722998
37931,31669.643082169001
37932,31669.945643760999
37933,31670.636486693998
37934,31671.051461227999
37935,31672.105402833000
37936,31673.289834310999
37937,31674.346605587001
37938,31674.567596235000
37939,31675.261226635001
37940,31675.820556014001
37941,31676.864792640001
37942,31677.183025325001
37943,31678.054900829000
37944,31678.677288323001
37945,31679.599778291002
37946,31680.443213426999
37947,31680.925550886001
37948,31682.185519923001
37949,31682.703202409000
37950,31683.273137951001
37951,31683.926796166001
37952,31685.095628188999
37953,31685.682218878999
37954,31686.554816209999
37955,31686.755673232001
37956,31687.650542586001
37957,31687.945184740998
37958,31689.158072913000
37959,31689.834456509001
37960,31690.911530885998
37961,31691.618336806001
37962,31692.389288885999
37963,31693.127356101999
37964,31693.863639282001
37965,31694.227269173000
37966,31694.651648153998
37967,31696.049160768001
37968,31696.485588030999
37969,31697.370224161001
37970,31697.883265696000
37971,31698.808515017001
37972,31699.294152820999
37973,31700.383856704000
37974,31701.094707695000
37975,31702.142318823000
37976,31702.634223174002
37977,31703.168105204000
37978,31704.082201387999
37979,31704.620491604001
37980,31705.248511291000
37981,31706.182098993999
37982,31706.502743148001
37983,31707.214182255000
37984,31708.935004039002
37985,31709.449363066000
37986,31709.817087431002
37987,31710.591122070000
37988,31711.342988359000
37989,31712.057188125000
37990,31712.807486910999
37991,31713.641479774000
37992,31714.322039900999
37993,31714.832993339001
37994,31715.570682952999
37995,31716.597496172999
37996,31716.765736203000
37997,31718.005432784001
37998,31718.914126882999
37999,31719.639443133001
38000,31720.475762710001
38001,31720.979313493001
38002,31721.930248330002
38003,31722.175638540000
38004,31722.732159085001
38005,31723.584733068001
38006,31724.615986080000
38007,31725.479532465000
38008,31725.838788115001
38009,31726.772963208001
38010,31727.854182313000
38011,31728.421977703001
38012,31729.062629887001
38013,31729.643940030001
38014,31730.505683910000
38015,31731.400079477000
38016,31732.084849552000
38017,31732.743663165002
38018,31733.114525572000
38019,31733.981974318001
38020,31734.430488685000
38021,31735.735288790002
38022,31736.712099738001
38023,31737.321257329000
38024,31738.339513136001
38025,31738.581727711000
38026,31738.975687491002
38027,31740.236417037999
38028,31740.864453515998
38029,31741.146718823002
38030,31742.255810134000
38031,31742.905147861999
38032,31743.679724995000
38033,31744.615873948002
38034,31745.255994546002
38035,31745.920204247999
38036,31746.566740763999
38037,31747.921744562002
38038,31748.416540672999
38039,31748.919723434999
38040,31749.519609730000
38041,31750.242831989999
38042,31751.102818717001
38043,31751.715683715000
38044,31752.047669054999
38045,31753.449239801001
38046,31754.141556970000
38047,31755.140043863001
38048,31755.808893644000
38049,31756.343096444001
38050,31756.973833661999
38051,31757.665939916998
38052,31758.316845025001
38053,31759.202183308000
38054,31760.227349166002
38055,31760.706464062001
38056,31761.111583266000
38057,31761.865788848001
38058,31762.774731811001
38059,31763.941306328001
38060,31764.636669104999
38061,31765.116859231999
38062,31765.968030053999
38063,31766.922184259001
38064,31767.338737801001
38065,31767.962122890000
38066,31768.633119671998
38067,31769.065736163000
38068,31770.209347202999
38069,31770.933426306001
38070,31771.972273258001
38071,31772.677736500998
38072,31773.229364215000
38073,31774.092289407999
38074,31774.652605882999
38075,31775.446399468001
38076,31776.236714196999
38077,31777.146934586999
38078,31777.567229071999
38079,31778.072846047002
38080,31779.085401329001
38081,31779.750465465000
38082,31780.376554997001
38083,31781.010712908999
38084,31782.706263136999
38085,31783.041735250001
38086,31783.645915280998
38087,31784.509821183001
38088,31784.800181642000
38089,31785.545930339002
38090,31786.313192643000
38091,31787.404470325000
38092,31787.704613471000
38093,31788.510366712999
38094,31789.393603747001
38095,31790.363615155999
38096,31790.939948774001
38097,31791.675513381000
38098,31792.507467371001
38099,31793.057975959000
38100,31794.137260996999
38101,31794.558095236000
38102,31795.579893657999
38103,31795.903872006998
38104,31796.590389731002
38105,31797.024871815000
38106,31798.039443983002
38107,31799.171158034998
38108,31800.211920578000
38109,31800.572774998000
38110,31801.118067849002
38111,31802.339873875000
38112,31802.717483306998
38113,31803.222011911999
38114,31804.031187637000
38115,31804.715964077001
38116,31805.725584198000
38117,31806.467030077001
38118,31807.107867614999
38119,31807.347921510001
38120,31808.787813358002
38121,31809.267678136999
38122,31810.179084793999
38123,31811.191473045001
38124,31811.744549071998
38125,31812.203677037000
38126,31812.931939532999
38127,31813.658893292999
38128,31814.359228277001
38129,31814.892625098000
38130,31815.814255558002
38131,31816.516234724000
38132,31817.614565273001
38133,31818.576145540999
38134,31819.170267390000
38135,31819.674831387001
38136,31819.967841589001
38137,31821.077376336001
38138,31822.170656851002
38139,31822.728809351000
38140,31822.995947638999
38141,31824.070160824998
38142,31824.587715079000
38143,31825.163221675000
38144,31826.385571873001
38145,31826.916681834002
38146,31827.990765375002
38147,31828.798931483001
38148,31829.343664132000
38149,31830.197704802998
38150,31830.428193525000
38151,31831.541753256999
38152,31831.796506285998
38153,31832.542951437001
38154,31833.581977571001
38155,31834.618592275001
38156,31834.951554307001
38157,31835.960485195999
38158,31836.501464860001
38159,31837.542226792000
38160,31838.132766477000
38161,31838.864096861002
38162,31839.467849525001
38163,31840.296932658999
38164,31841.163095098000
38165,31841.611973847001
38166,31842.288689376001
38167,31843.007187277999
38168,31843.343646264999
38169,31845.080430004000
38170,31845.690189555000
38171,31846.406889074002
38172,31847.007067285998
38173,31847.592021695000
38174,31848.440616584001
38175,31848.898685254000
38176,31849.601292757001
38177,31850.810447188000
38178,31851.175157005000
38179,31851.758915128001
38180,31852.657075124000
38181,31853.791607415002
38182,31854.252394728999
38183,31854.855172632000
38184,31855.914646092999
38185,31856.487919286999
38186,31857.669487095001
38187,31858.067881878000
38188,31858.604232279002
38189,31858.977441125000
38190,31859.892708030002
38191,31860.926502500999
38192,31861.240535353001
38193,31862.397107409000
38194,31863.317797666001
38195,31864.178402250000
38196,31864.634823338001
38197,31865.400501978998
38198,31865.917618069001
38199,31866.889931851001
38200,31867.134812075001
38201,31868.548549202002
38202,31868.919369120998
38203,31869.553927469999
38204,31870.381375217999
38205,31870.977061418998
38206,31871.620938672000
38207,31873.057203425000
38208,31873.646424883002
38209,31874.460414464000
38210,31874.789323731002
38211,31875.585027158999
38212,31876.471024008999
38213,31877.032869906001
38214,31877.706089841999
38215,31878.037022305001
38216,31879.095508738999
38217,31880.287511496001
38218,31880.820935553002
38219,31881.688674311001
38220,31882.387217102001
38221,31882.840122612000
38222,31883.729768690999
38223,31884.537349358001
38224,31885.395690343001
38225,31885.826928989001
38226,31886.703836091001
38227,31887.231152168999
38228,31887.884539203998
38229,31888.579173280999
38230,31889.524949890001
38231,31890.577903401001
38232,31891.047160304999
38233,31892.490998686000
38234,31892.588782330000
38235,31893.418921852000
38236,31893.772344385001
38237,31894.501511031998
38238,31895.326237755002
38239,31896.275771936998
38240,31896.943569461000
38241,31897.749218663001
38242,31898.064099593001
38243,31899.311394508000
38244,31900.260780749999
38245,31900.670342658999
38246,31901.148922242999
38247,31902.476910759000
38248,31903.021877964002
38249,31903.488889453001
38250,31904.404107071001
38251,31905.054012244000
38252,31905.439459994999
38253,31906.208274016000
38254,31906.945726193000
38255,31908.393383889001
38256,31909.151969422001
38257,31909.614678835002
38258,31910.155484129002
38259,31911.064744823001
38260,31911.595743458998
38261,31912.513307208999
38262,31913.062424719999
38263,31913.773433466002
38264,31914.501018136001
38265,31915.446138750001
38266,31916.149280532001
38267,31916.541183035999
38268,31917.563385957001
38269,31918.319094736002
38270,31919.569437007998
38271,31919.923538897001
38272,31920.578520158000
38273,31921.339014400000
38274,31922.006310279001
38275,31922.494777899999
38276,31923.161870425000
38277,31924.139596370002
38278,31924.771082292002
38279,31925.607878055001
38280,31926.853814611000
38281,31927.176432000000
38282,31928.049271090000
38283,31928.951732905000
38284,31929.138003950000
38285,31929.746401623001
38286,31931.186349984000
38287,31931.635844113000
38288,31932.445039992999
38289,31932.821014166999
38290,31933.222728761000
38291,31934.519627983998
38292,31935.133887501001
38293,31936.295476619001
38294,31936.908579690000
38295,31937.688672788001
38296,31938.241223246001
38297,31939.251943411000
38298,31939.551082522001
38299,31940.132866852000
38300,31940.881195346999
38301,31941.778568523001
38302,31942.585876755002
38303,31943.238543118001
38304,31944.375943235998
38305,31944.885231500000
38306,31945.485363760999
38307,31946.275022349000
38308,31947.234110556001
38309,31948.029166261000
38310,31948.458877541001
38311,31949.399373573000
38312,31949.618982829001
38313,31950.890822605001
38314,31951.256438109001
38315,31951.794489846001
38316,31952.593762295000
38317,31953.957412872001
38318,31954.929706489998
38319,31955.324763478999
38320,31955.862073122000
38321,31956.715354800999
38322,31957.003268876000
38323,31958.237603419999
38324,31958.597699300000
38325,31959.450346803002
38326,31960.511109564999
38327,31960.736011483001
38328,31961.545606268999
38329,31962.566498882999
38330,31963.400862899001
38331,31964.061954833000
38332,31964.681764493002
38333,31965.588238546999
38334,31966.561038996999
38335,31966.958649275999
38336,31967.482957232001
38337,31968.326033521000
38338,31968.751237993001
38339,31969.362902176999
38340,31970.862956461999
38341,31971.522744939000
38342,31971.937981380001
38343,31973.182614418001
38344,31973.694134181002
38345,31974.280464129999
38346,31974.933373032000
38347,31975.630693202998
38348,31976.498813695998
38349,31977.241447855999
38350,31977.999401235000
38351,31978.544603601000
38352,31979.290720681998
38353,31979.869943408001
38354,31980.869011768002
38355,31981.844534545002
38356,31982.726284879998
38357,31983.389963543999
38358,31983.970517450001
38359,31984.487759595999
38360,31985.052637680001
38361,31986.145225454002
38362,31986.662622427000
38363,31987.197712542998
38364,31988.070834672999
38365,31988.995186238000
38366,31990.194228333999
38367,31990.572957119999
38368,31991.253401900001
38369,31991.713282111999
38370,31992.806016457998
38371,31993.505758488001
38372,31994.302689061002
38373,31995.067180380000
38374,31995.349328986002
38375,31996.173357307001
38376,31996.920423577001
38377,31997.554592444001
38378,31998.452927924001
38379,31999.733084721000
38380,32000.227657717001
38381,32000.904729113001
38382,32001.611831834001
38383,32002.497504756000
38384,32003.032054806001
38385,32003.254180107000
38386,32004.122071066002
38387,32005.426330408001
38388,32005.929584128000
38389,32006.485904018002
38390,32007.392160529998
38391,32007.995469935999
38392,32009.228348999000
38393,32009.545081205000
38394,32010.698214314001
38395,32010.954462186000
38396,32011.844861871999
38397,32012.838598684000
38398,32013.335758550998
38399,32013.626781753999
38400,32014.499312158001
38401,32015.248763684998
38402,32016.006706673001
38403,32017.348972460000
38404,32018.099807039001
38405,32018.577922781998
38406,32019.206421112998
38407,32019.829755202001
38408,32020.608565423001
38409,32021.251461265001
38410,32022.413305425001
38411,32022.751345811001
38412,32023.281734542001
38413,32024.311294445000
38414,32024.906865869001
38415,32025.929767139001
38416,32026.470802332999
38417,32027.164120789999
38418,32028.456928984000
38419,32029.088922838000
38420,32029.621666163999
38421,32030.010929638000
38422,32030.924364736002
38423,32031.476833122000
38424,32032.135196560001
38425,32033.123384922001
38426,32033.644347549001
38427,32035.034299129002
38428,32035.275991537001
38429,32036.310773374000
38430,32037.109342409000
38431,32037.547741039001
38432,32038.122214874998
38433,32039.214238444001
38434,32039.687559754999
38435,32040.583042370999
38436,32041.392907512000
38437,32041.906911451999
38438,32042.444672878999
38439,32042.848298704001
38440,32044.625084232001
38441,32045.111527367000
38442,32045.940046594998
38443,32046.491240128998
38444,32047.265315283999
38445,32047.882063645000
38446,32048.728332907001
38447,32049.062561326999
38448,32049.896547265998
38449,32050.555656010001
38450,32051.688279276001
38451,32052.274082250999
38452,32053.087817486001
38453,32053.835560113999
38454,32054.821779825001
38455,32054.966390817001
38456,32056.016611568000
38457,32057.184776761002
38458,32057.455609640001
38459,32058.209648014999
38460,32058.603546466002
38461,32059.587693483001
38462,32060.129674647000
38463,32061.024603242000
38464,32061.608785762000
38465,32062.917154129998
38466,32063.579858804002
38467,32064.578844452000
38468,32064.887166614000
38469,32065.292244314998
38470,32066.164142629001
38471,32066.818275779999
38472,32067.832124395001
38473,32068.649770870001
38474,32069.019310118001
38475,32069.717786104000
38476,32070.636538624000
38477,32071.684808647999
38478,32071.911728002000
38479,32073.382746761999
38480,32073.593497420999
38481,32074.522415754000
38482,32075.181474780002
38483,32075.982139479998
38484,32076.598428638001
38485,32077.046344871000
38486,32077.761431100000
38487,32078.353026006000
38488,32079.631075952999
38489,32080.624482525000
38490,32081.238212680000
38491,32081.772663016000
38492,32082.322119888999
38493,32083.466060885999
38494,32084.066312186002
38495,32084.428418190000
38496,32085.324957458000
38497,32086.315122512999
38498,32086.909848195999
38499,32087.303031545998
38500,32088.295493840000
38501,32088.871549787000
38502,32089.726426090001
38503,32091.030420493000
38504,32091.508942650002
38505,32092.176280886000
38506,32093.075241623999
38507,32093.360842941998
38508,32094.018294338999
38509,32094.828644860001
38510,32095.506420235000
38511,32096.447732379002
38512,32097.232038712998
38513,32097.568290858999
38514,32099.075692966999
38515,32099.717135851999
38516,32100.017838964999
38517,32100.904113681001
38518,32101.358965506999
38519,32102.634219096999
38520,32103.320767919999
38521,32103.762418826998
38522,32104.448497505000
38523,32104.949855479001
38524,32105.809951920000
38525,32106.470029262000
38526,32107.614589717999
38527,32108.590228118999
38528,32109.057708344000
38529,32110.008809206000
38530,32110.529707836999
38531,32111.048382334000
38532,32111.921983166001
38533,32112.441711889998
38534,32113.295116477999
38535,32113.810775569000
38536,32115.076159311000
38537,32115.634356735001
38538,32116.096212075001
38539,32117.065976992999
38540,32117.804731622000
38541,32118.740414232001
38542,32119.460352417998
38543,32120.237343461002
38544,32120.694395712999
38545,32121.309958929000
38546,32122.252800433998
38547,32122.992222235000
38548,32123.343084999000
38549,32123.846639452000
38550,32125.249492922001
38551,32126.299094066999
38552,32126.822469025999
38553,32127.470157496999
38554,32128.247702029999
38555,32128.902734040999
38556,32129.135842684998
38557,32130.395815014999
38558,32131.201237304998
38559,32131.644437999999
38560,32132.494112377000
38561,32132.994590419999
38562,32133.707285712000
38563,32134.844547197001
38564,32135.729517808999
38565,32136.004762424000
38566,32137.151395813002
38567,32138.080105788998
38568,32138.382791390999
38569,32139.327007430002
38570,32139.770672023998
38571,32139.967102134000
38572,32141.229119988999
38573,32142.025138976001
38574,32142.728419602001
38575,32143.643486155001
38576,32144.494129276001
38577,32145.160317097001
38578,32145.768101023001
38579,32146.646993930000
38580,32147.038442738001
38581,32148.115756846000
38582,32148.636242918001
38583,32149.524952463002
38584,32150.053447224000
38585,32150.830077754999
38586,32151.352947681000
38587,32152.063173587001
38588,32153.047936479001
38589,32154.550680986002
38590,32154.889474441999
38591,32155.327460836001
38592,32155.824450369000
38593,32156.934281567999
38594,32157.497682695001
38595,32158.072741825999
38596,32158.755612673998
38597,32159.811549863000
38598,32160.106463568001
38599,32161.410970773999
38600,32162.032249783999
38601,32162.796454939002
38602,32163.287467465001
38603,32164.171638732001
38604,32165.123045257998
38605,32165.720811854000
38606,32166.406615382999
38607,32167.257374151999
38608,32167.698692368002
38609,32168.103428343999
38610,32169.075349274000
38611,32169.827237219000
38612,32170.934921829001
38613,32171.648354552999
38614,32172.439813451001
38615,32173.254983142000
38616,32173.905166396002
38617,32174.338179885999
38618,32175.160209182999
38619,32175.446618286998
38620,32176.770555965999
38621,32177.608816716998
38622,32177.990674073000
38623,32178.585958239000
38624,32179.404155160999
38625,32180.386413325999
38626,32181.347018572000
38627,32181.773031764998
38628,32182.746701847998
38629,32183.527102642001
38630,32184.001298578001
38631,32184.801615182001
38632,32185.239999612000
38633,32186.182778989001
38634,32186.793061811000
38635,32187.080382634998
38636,32188.601717768001
38637,32189.446849881999
38638,32190.125465855999
38639,32190.809962732001
38640,32191.314147491001
38641,32191.864934617999
38642,32192.971237287002
38643,32193.846792425000
38644,32194.137415935998
38645,32194.952497072001
38646,32195.563363976999
38647,32196.571345658998
38648,32197.184416347001
38649,32197.544019630001
38650,32198.858069664999
38651,32199.829091723001
38652,32200.282899162001
38653,32201.367259379000
38654,32201.789953290001
38655,32202.069312021002
38656,32203.008031730002
38657,32203.838423521000
38658,32204.194305166999
38659,32205.400444352999
38660,32206.033523286002
38661,32206.851480636000
38662,32207.473795485999
38663,32208.645331993001
38664,32209.088717269999
38665,32209.739139410001
38666,32210.455427863999
38667,32211.154651960998
38668,32212.370209920002
38669,32212.661123056001
38670,32213.370140167000
38671,32213.826202913999
38672,32214.515331406001
38673,32215.369149863000
38674,32216.831322238999
38675,32217.206501812001
38676,32218.184798703001
38677,32218.540612880999
38678,32219.502974127001
38679,32220.054930913000
38680,32220.601800475000
38681,32221.409372073998
38682,32222.053829286000
38683,32223.183248390000
38684,32223.469196918999
38685,32224.340973449001
38686,32225.489960194001
38687,32225.907681266999
38688,32226.421127818001
38689,32227.600999961000
38690,32228.568103728001
38691,32228.996983024001
38692,32229.617398375001
38693,32230.180422011999
38694,32231.042415623000
38695,32231.539588396001
38696,32232.419267910002
38697,32233.129615909998
38698,32233.739944704001
38699,32235.438260113999
38700,32235.612844691001
38701,32236.459868964001
38702,32236.811039865999
38703,32237.695211490998
38704,32238.331885795000
38705,32239.091366488999
38706,32240.065799692999
38707,32240.616044988001
38708,32241.355378803000
38709,32241.853722332999
38710,32242.524193920999
38711,32243.739677639998
38712,32244.360584631999
38713,32245.349062316000
38714,32246.095450643999
38715,32246.375927887999
38716,32247.531752321000
38717,32248.064596362001
38718,32248.681521654002
38719,32249.129200857002
38720,32249.693583791999
38721,32251.015922863000
38722,32251.723509043000
38723,32252.633249479000
38724,32253.146976282002
38725,32253.908122649998
38726,32254.922371515000
38727,32255.274743664999
38728,32255.973950539999
38729,32257.051700227999
38730,32257.609685005998
38731,32258.075334755002
38732,32259.172576713001
38733,32259.549576042999
38734,32260.117377372000
38735,32261.077004989998
38736,32262.030292779000
38737,32263.106624807999
38738,32263.715451395001
38739,32264.557079124999
38740,32264.777446241998
38741,32265.577300823999
38742,32265.996254522001
38743,32267.244944162001
38744,32267.838972428999
38745,32268.361296602001
38746,32269.119280643001
38747,32270.156459935999
38748,32270.869268195001
38749,32271.776965028999
38750,32272.270485173001
38751,32272.830372189001
38752,32273.882978688998
38753,32274.936445801999
38754,32275.289328990999
38755,32275.636479288001
38756,32276.686449270001
38757,32277.148083893000
38758,32277.848119955001
38759,32278.544163376999
38760,32280.071440788000
38761,32280.499499201000
38762,32281.257429581001
38763,32281.902568918002
38764,32282.685862943999
38765,32283.454246296002
38766,32283.803051209001
38767,32284.561609523000
38768,32285.448602225999
38769,32286.248285504000
38770,32287.182377882000
38771,32287.471463847000
38772,32288.170565330998
38773,32289.109936739002
38774,32290.117987717000
38775,32290.998055567001
38776,32291.559606970000
38777,32292.078766694998
38778,32293.032491515001
38779,32293.538113232000
38780,32294.219349087001
38781,32294.924568663999
38782,32295.375767867001
38783,32296.426224129002
38784,32297.232445927999
38785,32298.248515400999
38786,32299.150462885002
38787,32299.584083491001
38788,32300.133976831999
38789,32300.735217649999
38790,32301.832771480000
38791,32302.333726112000
38792,32303.606124558999
38793,32303.712874392000
38794,32304.326512738000
38795,32304.960146410001
38796,32306.260330367000
38797,32306.633312423000
38798,32307.584018150999
38799,32308.492660308999
38800,32309.469904603000
38801,32309.977143208002
38802,32310.477509969998
38803,32311.182091662002
38804,32311.915605345999
38805,32312.269944606000
38806,32313.380686398999
38807,32314.145448706000
38808,32314.997526904001
38809,32315.455967554000
38810,32316.769231990002
38811,32317.104085523999
38812,32317.744362697998
38813,32318.860785552999
38814,32319.463800230998
38815,32319.917890527999
38816,32320.870226307001
38817,32321.586023496999
38818,32322.411179729999
38819,32322.596302999998
38820,32323.517164293000
38821,32323.929045266999
38822,32325.843941112002
38823,32326.121946863001
38824,32326.852228513999
38825,32327.551910766000
38826,32328.043433475999
38827,32328.920484863000
38828,32329.592508308000
38829,32330.223592656999
38830,32330.895148910000
38831,32331.931025107999
38832,32332.349041973001
38833,32333.329275995002
38834,32333.950664565000
38835,32334.842465459998
38836,32335.722852720999
38837,32336.040867526001
38838,32337.344564570001
38839,32337.886926463001
38840,32338.715741664000
38841,32338.987159755001
38842,32339.552695594000
38843,32340.441463600000
38844,32341.271988852001
38845,32341.868151776001
38846,32343.028464088999
38847,32343.684601759000
38848,32344.527096689999
38849,32345.540564251001
38850,32345.761987957001
38851,32346.433299101001
38852,32346.868587276000
38853,32348.215729091000
38854,32348.898225934001
38855,32349.307354613000
38856,32350.101933647999
38857,32350.864379921000
38858,32351.315796231000
38859,32352.370686661001
38860,32353.431670645001
38861,32354.099152906001
38862,32354.824675039999
38863,32355.557669836999
38864,32355.961879793998
38865,32356.868030299000
38866,32357.576274472998
38867,32357.961073399001
38868,32358.853938054999
38869,32359.381895867999
38870,32360.689192407001
38871,32361.622283766999
38872,32362.067267356000
38873,32362.493548332001
38874,32363.623106953000
38875,32364.095260171998
38876,32365.097962293999
38877,32365.832194084000
38878,32366.197196339999
38879,32367.059867784999
38880,32367.957296783999
38881,32368.244953092999
38882,32369.042611657002
38883,32369.901908036001
38884,32370.894762073000
38885,32371.915479060001
38886,32372.644501453000
38887,32372.970566425000
38888,32373.878423325001
38889,32374.389402697001
38890,32375.048668211999
38891,32375.512889225000
38892,32376.860820810001
38893,32377.486242362000
38894,32377.951354230001
38895,32378.571563911999
38896,32379.857406063002
38897,32380.539268316999
38898,32381.190784448001
38899,32381.640175858000
38900,32382.774043760000
38901,32383.384519176001
38902,32384.185783820001
38903,32384.853472532999
38904,32385.313560480001
38905,32385.836376333002
38906,32386.544251231000
38907,32387.766954258001
38908,32388.428534949999
38909,32389.615304764000
38910,32390.291208151000
38911,32390.433084345001
38912,32391.456305852000
38913,32392.072499627000
38914,32392.799914503001
38915,32393.581463391001
38916,32394.125134390000
38917,32395.020022163000
38918,32395.836065693002
38919,32396.290399035999
38920,32397.460940593999
38921,32397.615054655002
38922,32398.748335479999
38923,32399.960309045000
38924,32400.409416294999
38925,32401.068647758999
38926,32401.596771257999
38927,32402.198422990001
38928,32403.160200046001
38929,32403.727872918000
38930,32404.291589786000
38931,32405.063952179000
38932,32406.220094215001
38933,32407.001205355999
38934,32407.821375746000
38935,32408.361742782999
38936,32409.096017249001
38937,32409.629164262999
38938,32410.357105028001
38939,32411.332349715001
38940,32412.242876251999
38941,32412.604142142001
38942,32413.152729853999
38943,32414.115932410001
38944,32414.358957605000
38945,32415.712359239998
38946,32416.695646880002
38947,32417.394927899000
38948,32417.644957435001
38949,32419.015061192000
38950,32419.531606537999
38951,32419.918532183001
38952,32420.366003152001
38953,32421.443089778000
38954,32421.917559893001
38955,32423.086091069999
38956,32423.764261740002
38957,32424.326274183000
38958,32425.425439327999
38959,32425.829927739000
38960,32426.882229837000
38961,32427.316870334002
38962,32428.262052829999
38963,32429.034379182998
38964,32429.628953618001
38965,32430.256838869998
38966,32430.777762165999
38967,32431.926208068999
38968,32432.286493170999
38969,32432.684686314999
38970,32434.308421581001
38971,32435.228358565000
38972,32435.695416357001
38973,32436.326508547001
38974,32436.916069962001
38975,32437.376567044001
38976,32438.527645309001
38977,32439.027441866001
38978,32439.943579809002
38979,32440.419204917998
38980,32441.229116077000
38981,32442.004788666000
38982,32442.913320878000
38983,32443.680439919000
38984,32444.125255491999
38985,32445.294060290998
38986,32446.013622672999
38987,32446.503142304002
38988,32447.524880732999
38989,32447.806087912999
38990,32448.685078742001
38991,32448.971750494002
38992,32449.788959097001
38993,32450.981370046000
38994,32451.782990699001
38995,32452.535953760998
38996,32453.208136358000
38997,32454.169940340002
38998,32454.476004405999
38999,32455.553998266001
39000,32455.811016961001
39001,32456.558487071001
39002,32457.654011873001
39003,32458.478423870001
39004,32458.898681813000
39005,32459.358826913998
39006,32460.121685719001
39007,32461.351280497001
39008,32461.976667666000
39009,32463.014219178000
39010,32463.760372461002
39011,32464.149571219001
39012,32464.768918884001
39013,32465.638090971999
39014,32466.405671729000
39015,32466.587943287999
39016,32467.767785684999
39017,32468.364252487001
39018,32469.126151804001
39019,32470.371241289002
39020,32470.967534387000
39021,32471.587410182001
39022,32472.119507092000
39023,32472.715383292001
39024,32474.093304368002
39025,32474.599253114000
39026,32475.067330599999
39027,32475.841775833000
39028,32476.316803660000
39029,32477.368255007001
39030,32477.756240168001
39031,32478.690542280001
39032,32479.714963596001
39033,32480.605037666999
39034,32481.521355658999
39035,32481.674946890002
39036,32482.670443464001
39037,32483.124814125000
39038,32483.811104672001
39039,32484.386648225998
39040,32485.698592814999
39041,32485.883096205001
39042,32486.993011225000
39043,32487.744941871999
39044,32488.032866338999
39045,32489.297564491000
39046,32490.162908456001
39047,32490.631490562999
39048,32491.277147304001
39049,32492.273550372000
39050,32492.802366383999
39051,32493.593570475001
39052,32494.278191623001
39053,32494.625331515999
39054,32495.301772915001
39055,32496.209581736999
39056,32497.724210576001
39057,32498.306411336001
39058,32498.512295526001
39059,32499.635697149999
39060,32500.180888434999
39061,32500.843874286998
39062,32501.398544247000
39063,32502.389114851001
39064,32503.302172463998
39065,32503.538778376998
39066,32504.331824508001
39067,32505.329217304999
39068,32505.885911563000
39069,32506.765180885999
39070,32507.500143750000
39071,32508.368786921001
39072,32509.432636288999
39073,32509.842216016001
39074,32510.536976240001
39075,32510.929367803001
39076,32511.562758634998
39077,32512.552635322001
39078,32513.231336630000
39079,32513.974025210999
39080,32514.726036210999
39081,32515.790169811000
39082,32516.672137500998
39083,32517.172949821001
39084,32517.653307831999
39085,32518.505286283998
39086,32519.163691410002
39087,32520.170944262001
39088,32520.654820963999
39089,32521.580791703000
39090,32522.164172915000
39091,32522.457139033999
39092,32523.404738046000
39093,32524.228040749000
39094,32525.553879458999
39095,32526.191367866999
39096,32526.657370747002
39097,32527.422076316001
39098,32528.020226339999
39099,32528.891574734000
39100,32529.635010962000
39101,32529.905346412001
39102,32530.513089698001
39103,32532.018038244001
39104,32532.411144577000
39105,32533.142296826001
39106,32534.103491925998
39107,32534.796126599998
39108,32535.187584613999
39109,32536.502878003001
39110,32536.923171218001
39111,32537.739558524001
39112,32538.278799337000
39113,32539.236775255002
39114,32539.513689569001
39115,32540.373879682000
39116,32540.952322672001
39117,32541.912752214001
39118,32542.864953041000
39119,32543.754944009001
39120,32544.624962155001
39121,32545.213673894999
39122,32545.658755855002
39123,32546.151334032002
39124,32546.962548607000
39125,32547.960938167002
39126,32548.662073940999
39127,32549.479818226999
39128,32549.848709049002
39129,32550.471644729001
39130,32551.821197040001
39131,32552.417414280000
39132,32552.934333898000
39133,32554.018200880000
39134,32554.555327687001
39135,32555.625826094001
39136,32556.008853948999
39137,32556.619491698999
39138,32557.205936750001
39139,32558.101474313000
39140,32558.473573359999
39141,32559.442000302999
39142,32560.780342344999
39143,32561.291611426001
39144,32562.093583172998
39145,32562.425190442002
39146,32563.499187686000
39147,32564.163328669001
39148,32564.591214372998
39149,32565.738478583000
39150,32566.045446151998
39151,32566.927980017001
39152,32567.859375323998
39153,32568.290264686999
39154,32568.998833938000
39155,32569.547920804001
39156,32571.201441166999
39157,32571.585947899999
39158,32572.494398489001
39159,32572.776618483000
39160,32573.713618012000
39161,32574.420153398001
39162,32574.672674992999
39163,32575.748131405999
39164,32576.382002901999
39165,32577.147981409002
39166,32577.918079724001
39167,32579.025446874999
39168,32579.516672980000
39169,32580.491716568999
39170,32580.970963506999
39171,32581.571406096002
39172,32582.299948893000
39173,32583.671684450001
39174,32583.955353564001
39175,32584.484689248002
39176,32585.127378806999
39177,32585.791355195001
39178,32586.520255585001
39179,32587.707751041999
39180,32588.331719358001
39181,32589.318725772999
39182,32590.044510745000
39183,32590.605061467999
39184,32591.406943917002
39185,32591.930287109000
39186,32592.414999952001
39187,32593.223589631001
39188,32594.208138706999
39189,32594.933215696001
39190,32595.500351289000
39191,32596.416003283000
39192,32597.031817251998
39193,32597.949751310000
39194,32598.572879125000
39195,32599.482606791000
39196,32600.557046053000
39197,32600.847058954001
39198,32601.124936544002
39199,32602.440515982002
39200,32602.957284148000
39201,32603.529059979999
39202,32604.027508076000
39203,32604.883922614001
39204,32606.208523761001
39205,32607.027357055002
39206,32607.864078166000
39207,32608.055446922001
39208,32608.587729045001
39209,32609.767837638999
39210,32610.207746497999
39211,32611.166066248999
39212,32611.660445369998
39213,32612.612926856000
39214,32613.129513732001
39215,32613.805494429002
39216,32614.535118038999
39217,32615.810968270001
39218,32616.091536982000
39219,32617.071346813002
39220,32618.069348519999
39221,32618.525030739002
39222,32619.273566802000
39223,32619.839349021000
39224,32620.471261843999
39225,32620.868672937999
39226,32621.880424978001
39227,32623.158405710001
39228,32623.308812521998
39229,32624.384877130000
39230,32625.117483925998
39231,32626.172493252001
39232,32626.516046289002
39233,32627.026795375001
39234,32627.989565379001
39235,32628.674495677002
39236,32629.672802618999
39237,32630.204054808000
39238,32630.610497766000
39239,32631.486026032999
39240,32632.106640561000
39241,32632.810288736000
39242,32634.330472762998
39243,32634.772811953000
39244,32635.600721489001
39245,32636.090375518001
39246,32636.801463218999
39247,32637.351493170001
39248,32638.177596173999
39249,32638.940532160999
39250,32639.560539046000
39251,32640.180882250999
39252,32641.110401366001
39253,32642.340975676001
39254,32642.591503747000
39255,32643.382827106001
39256,32643.987885851999
39257,32645.056809905000
39258,32645.804732404002
39259,32646.430582490000
39260,32647.168034670001
39261,32647.756005621999
39262,32648.118321082999
39263,32649.229411804001
39264,32649.852582631000
39265,32650.258159346999
39266,32651.914008380001
39267,32652.411488940001
39268,32652.994550833999
39269,32653.931147322000
39270,32654.631767252002
39271,32654.916236729001
39272,32655.672525323000
39273,32656.371118643001
39274,32657.530529005999
39275,32658.159229682002
39276,32658.782444457000
39277,32659.101673951998
39278,32660.213244662998
39279,32661.121305904999
39280,32661.956738641999
39281,32662.744726993998
39282,32663.122556459999
39283,32664.135339979999
39284,32664.898043013000
39285,32665.370581006999
39286,32666.013874443001
39287,32666.562436790999
39288,32667.257096373000
39289,32668.254994712999
39290,32669.260184502000
39291,32670.068418440002
39292,32670.778532589000
39293,32671.424469537000
39294,32671.954152449001
39295,32672.581507903000
39296,32673.762355970000
39297,32674.226253680001
39298,32674.889456017001
39299,32675.666146323001
39300,32676.225824449000
39301,32677.162830017001
39302,32677.620538194002
39303,32678.694804383002
39304,32679.187055809001
39305,32680.612650930001
39306,32681.225013525000
39307,32681.770236485001
39308,32682.108883427001
39309,32682.886187800999
39310,32683.665845337000
39311,32684.522219902999
39312,32684.839458548999
39313,32686.126885644000
39314,32686.518622240001
39315,32687.459356899999
39316,32688.549473690000
39317,32688.884903521001
39318,32689.820481866002
39319,32690.216501519000
39320,32691.212101833000
39321,32692.027211930999
39322,32692.569819388998
39323,32693.371311434999
39324,32694.170611084999
39325,32694.515577874001
39326,32694.769273783000
39327,32696.350086547998
39328,32697.312384189001
39329,32698.053602216001
39330,32698.455045202001
39331,32699.352584355998
39332,32699.995827809002
39333,32700.808136561998
39334,32701.255864129002
39335,32701.709953509999
39336,32702.967401628001
39337,32703.461740510000
39338,32704.439278534999
39339,32704.930183504999
39340,32705.741081611999
39341,32706.614053284000
39342,32707.312680010000
39343,32708.147517355999
39344,32708.956623722999
39345,32709.738956517001
39346,32710.249185360000
39347,32710.714525995001
39348,32711.501600599000
39349,32712.293512740001
39350,32712.962894518001
39351,32713.617542931999
39352,32714.529483843002
39353,32715.983926059998
39354,32716.353450598999
39355,32716.707917527001
39356,32717.745802930000
39357,32718.085229541000
39358,32718.724248840001
39359,32720.051593254000
39360,32720.702296355001
39361,32720.948967393000
39362,32721.673020867001
39363,32722.653788203999
39364,32723.274083632001
39365,32724.123444580000
39366,32725.007957890000
39367,32726.045850268001
39368,32726.371984300000
39369,32727.231415285001
39370,32728.050858530001
39371,32728.467785860001
39372,32729.306623135999
39373,32729.532670253000
39374,32730.527398306000
39375,32731.397444983999
39376,32732.432531536000
39377,32733.187442257000
39378,32733.679961647002
39379,32734.437100966999
39380,32735.315071536999
39381,32736.132323193000
39382,32736.517128447002
39383,32737.306391596001
39384,32738.205448281002
39385,32738.868648434000
39386,32739.546902749000
39387,32740.137027041001
39388,32740.619389607000
39389,32741.560331240998
39390,32742.853389230000
39391,32743.560626257000
39392,32744.198903996999
39393,32744.956377472001
39394,32745.384707311001
39395,32746.017326534999
39396,32746.875968077002
39397,32747.415667132998
39398,32748.468192056000
39399,32748.906949460001
39400,32749.947241721002
39401,32750.234735457001
39402,32751.824929972001
39403,32752.180774745000
39404,32752.611230950999
39405,32753.346807525999
39406,32754.709126321999
39407,32755.113278264998
39408,32755.856432221000
39409,32756.379136723001
39410,32756.893664760999
39411,32757.731283522000
39412,32758.382641716002
39413,32759.239044398000
39414,32760.418052838999
39415,32760.942272516000
39416,32761.900253477001
39417,32762.692831132001
39418,32762.970885966999
39419,32763.589548699001
39420,32764.654651694000
39421,32765.106661557998
39422,32765.774288395001
39423,32767.007873783001
39424,32767.371497556000
39425,32768.067221912002
39426,32768.689087129002
39427,32769.639798825003
39428,32770.599033432998
39429,32771.473469274999
39430,32772.122770839000
39431,32772.600256004996
39432,32773.253198671999
39433,32774.232664288000
39434,32774.734578433003
39435,32775.314520132000
39436,32775.987429143002
39437,32776.602947959997
39438,32778.230127454997
39439,32778.495512665999
39440,32779.483667519002
39441,32780.031663456000
39442,32780.663676294003
39443,32781.354834186997
39444,32782.147540578000
39445,32782.938467747001
39446,32783.905370629000
39447,32784.161324758999
39448,32784.950001259000
39449,32785.459860918003
39450,32786.583655080001
39451,32787.123402698999
39452,32788.158293881002
39453,32789.003183494002
39454,32789.665128129003
39455,32790.568674704999
39456,32791.199530580001
39457,32791.475998586000
39458,32792.152026814001
39459,32792.782260977998
39460,32794.061210724001
39461,32794.710382889003
39462,32794.968322178000
39463,32796.259033362003
39464,32796.955424737003
39465,32797.635814866997
39466,32798.480749987000
39467,32798.985049766998
39468,32799.781702186003
39469,32800.676243046997
39470,32801.279012188999
39471,32802.054827344997
39472,32802.544329295000
39473,32803.171255360001
39474,32804.127613424003
39475,32804.300695842001
39476,32805.997774272000
39477,32806.975989535000
39478,32807.216516875997
39479,32807.790282921000
39480,32808.456773279999
39481,32809.666279598001
39482,32809.768285206999
39483,32810.629872413003
39484,32811.481475458000
39485,32812.030967794002
39486,32813.019642268002
39487,32813.682919710998
39488,32814.588034576998
39489,32814.930768774997
39490,32816.106340666003
39491,32816.674094315997
39492,32817.787673471998
39493,32818.241894175997
39494,32818.876322714001
39495,32819.445404350001
39496,32820.355185027001
39497,32820.718037222003
39498,32821.396171355998
39499,32822.572438745003
39500,32823.244743484996
39501,32824.107984472997
39502,32825.111015483002
39503,32825.575765503003
39504,32826.493984694003
39505,32826.689497655003
39506,32827.339575917002
39507,32828.468984439998
39508,32829.315613649997
39509,32829.852976394002
39510,32830.563678216997
39511,32831.019626645000
39512,32831.658670322002
39513,32833.067818957003
39514,32833.683454416998
39515,32834.258799825002
39516,32835.399532021002
39517,32835.845156260999
39518,32836.608766470999
39519,32836.984692974998
39520,32837.974530154999
39521,32838.527625804003
39522,32838.915034245998
39523,32840.051944610997
39524,32840.939004569002
39525,32841.788105207001
39526,32842.561636607999
39527,32843.124390260004
39528,32843.686161293997
39529,32844.544270061997
39530,32845.512876252003
39531,32846.142392774003
39532,32846.795553846001
39533,32847.097387321002
39534,32848.469580074001
39535,32848.631424421998
39536,32849.582392058997
39537,32849.914803678999
39538,32851.324526787001
39539,32852.307378933998
39540,32853.050194978998
39541,32853.271549361001
39542,32854.145803255997
39543,32854.883957015998
39544,32855.143997815998
39545,32856.342172543998
39546,32856.771215551998
39547,32857.839718752002
39548,32858.444072134000
39549,32858.937714052998
39550,32860.147642698998
39551,32860.758137432000
39552,32861.518384952004
39553,32862.281467205998
39554,32862.824594512000
39555,32863.697016765000
39556,32864.773327387004
39557,32865.192209966997
39558,32865.480823334998
39559,32866.145328648003
39560,32867.017433358997
39561,32867.847498964002
39562,32868.987769612002
39563,32869.937221091997
39564,32870.133376833997
39565,32871.137074765997
39566,32871.862060840002
39567,32872.419903966002
39568,32873.022784993998
39569,32873.662087204000
39570,32874.755702738003
39571,32875.377647914000
39572,32875.924382894998
39573,32876.694930979997
39574,32877.535795563999
39575,32878.306145269999
39576,32878.805611169999
39577,32880.325046671001
39578,32880.827468328003
39579,32881.102395763999
39580,32882.225493792001
39581,32882.486599065996
39582,32883.166002913997
39583,32884.231472357998
39584,32884.695984899998
39585,32885.266256296003
39586,32886.269445872000
39587,32887.520479872001
39588,32888.075451739001
39589,32888.757138344001
39590,32889.176232366000
39591,32889.892063184998
39592,32890.839007946997
39593,32891.660293822002
39594,32892.232244592997
39595,32892.992438521003
39596,32893.668154838997
39597,32894.086794043003
39598,32894.948609731997
39599,32895.742223103000
39600,32897.024181086002
39601,32897.446797122997
39602,32898.324862893998
39603,32899.016240409001
39604,32899.715240726997
39605,32900.360476512004
39606,32900.903894114002
39607,32901.474195121998
39608,32902.151980312003
39609,32903.361162859001
39610,32904.135577909001
39611,32904.641484054999
39612,32905.250944042004
39613,32906.475834161000
39614,32907.125250530997
39615,32907.475251964002
39616,32908.551680336001
39617,32909.186199026000
39618,32909.956906109001
39619,32910.476768471999
39620,32911.321237821001
39621,32912.033440400002
39622,32912.242804471003
39623,32913.207910470002
39624,32914.471948986000
39625,32915.230832344998
39626,32916.116591667000
39627,32916.687767167001
39628,32917.149006967004
39629,32917.643893385997
39630,32918.581745948002
39631,32919.440744086001
39632,32920.103708413997
39633,32920.856016876001
39634,32921.193054287003
39635,32922.386652841000
39636,32923.065562691998
39637,32923.837413168003
39638,32924.602568019000
39639,32925.110116604999
39640,32926.404898836001
39641,32927.042606991999
39642,32927.460400766999
39643,32928.015946671003
39644,32928.892901845997
39645,32929.371165860997
39646,32930.083916041003
39647,32930.994924530998
39648,32931.837849329000
39649,32932.988494992998
39650,32933.452010374000
39651,32934.067440104998
39652,32935.013179973997
39653,32935.517514419997
39654,32936.398212720997
39655,32936.530428446997
39656,32937.879513063999
39657,32938.684546760000
39658,32938.964292659999
39659,32939.967459002997
39660,32940.197973652997
39661,32941.154688283001
39662,32942.437199749002
39663,32943.338873182001
39664,32943.580875054999
39665,32944.538200208997
39666,32944.917172608999
39667,32946.115884532002
39668,32946.456855516000
39669,32946.813870584003
39670,32947.732090174999
39671,32948.870095742997
39672,32949.120415195001
39673,32950.442116341001
39674,32951.202402010000
39675,32951.770894082001
39676,32952.246837259001
39677,32953.231681627003
39678,32953.782103156002
39679,32954.887680357002
39680,32955.495301725998
39681,32955.978064265000
39682,32956.581727345998
39683,32957.217727825999
39684,32958.215565938997
39685,32958.883559658003
39686,32959.563152212002
39687,32960.856350798997
39688,32961.461645686002
39689,32962.325977813001
39690,32962.678212147002
39691,32963.262439238002
39692,32963.923535048998
39693,32964.726597025001
39694,32965.521573192003
39695,32966.475947070001
39696,32966.887055999003
39697,32967.676451788997
39698,32968.554037012997
39699,32969.353019506001
39700,32970.163215269997
39701,32970.698123813003
39702,32971.908564407000
39703,32972.040639469000
39704,32973.073973969003
39705,32973.650994000003
39706,32974.495496060998
39707,32974.918369628002
39708,32975.598356529998
39709,32975.981704710997
39710,32977.741105032997
39711,32978.533159459999
39712,32978.725508871998
39713,32979.708624013001
39714,32980.312324990002
39715,32981.014126383998
39716,32981.656068121003
39717,32982.590989094999
39718,32983.012843488999
39719,32983.786487646998
39720,32984.953480231001
39721,32985.218808602003
39722,32985.759639327996
39723,32987.106676415002
39724,32987.408028564998
39725,32988.699186067999
39726,32989.122053325002
39727,32990.263322493003
39728,32990.729541931003
39729,32991.012397420003
39730,32991.816065507999
39731,32992.491263595999
39732,32993.513828262003
39733,32993.853128852999
39734,32995.064351724999
39735,32995.562910613000
39736,32996.665755020003
39737,32997.598479419001
39738,32997.929548246000
39739,32998.404148009002
39740,32999.122874592002
39741,33000.320910474999
39742,33000.928891274001
39743,33001.640303537002
39744,33002.093286891002
39745,33002.762236360999
39746,33003.469225032000
39747,33004.326405056003
39748,33005.275952253003
39749,33006.355049003003
39750,33006.968839440000
39751,33007.401672722001
39752,33008.227671462002
39753,33009.070225668998
39754,33009.387315307002
39755,33010.240838468002
39756,33010.797980611002
39757,33011.617463340997
39758,33012.635465660998
39759,33013.324620050000
39760,33014.168836407996
39761,33014.780686931001
39762,33015.244393947003
39763,33016.554643716001
39764,33017.113931359003
39765,33017.747786551001
39766,33018.329749776000
39767,33019.275897380001
39768,33019.752677566001
39769,33020.511706087003
39770,33021.057324663998
39771,33021.758418140002
39772,33022.729690936001
39773,33024.020668167002
39774,33024.588402398003
39775,33025.200352918000
39776,33025.657794453997
39777,33026.623253887999
39778,33027.109840937002
39779,33027.542811808002
39780,33028.897269674999
39781,33029.495286723002
39782,33030.104720263000
39783,33030.435487162998
39784,33031.559947636000
39785,33032.615819503000
39786,33033.079291105001
39787,33033.878613938003
39788,33034.572824069997
39789,33035.660895701003
39790,33036.136365325001
39791,33036.791626288999
39792,33037.500660546000
39793,33037.741172987000
39794,33038.621417520000
39795,33039.573123882998
39796,33040.456139706002
39797,33041.262537545997
39798,33042.170224089001
39799,33042.833685021003
39800,33043.254605909999
39801,33044.240870294998
39802,33044.674248283998
39803,33045.552969336997
39804,33046.357301049997
39805,33046.932979748999
39806,33047.603551717002
39807,33048.718406305001
39808,33048.955267477999
39809,33049.456504602000
39810,33050.794180509001
39811,33051.714667489003
39812,33052.554860787997
39813,33053.114769863001
39814,33053.624659312998
39815,33054.069772921001
39816,33055.147403550996
39817,33055.785310309002
39818,33056.332243028002
39819,33056.933539120997
39820,33057.994052747003
39821,33058.838542204998
39822,33059.792820886003
39823,33060.139407281997
39824,33061.215629168997
39825,33061.605369179997
39826,33062.213975523999
39827,33063.567030657003
39828,33063.905006585999
39829,33064.600590757997
39830,33065.416631854998
39831,33065.654473720999
39832,33066.695483149997
39833,33067.088952434999
39834,33068.672264874003
39835,33069.128577549003
39836,33069.774841106002
39837,33070.834451338997
39838,33071.551006321999
39839,33071.796207419997
39840,33072.759138631998
39841,33072.892807648001
39842,33074.035412277000
39843,33075.103188093999
39844,33075.487153105998
39845,33076.289625234000
39846,33076.886733687003
39847,33077.906386130999
39848,33078.732837269003
39849,33079.244768994999
39850,33080.292831651997
39851,33080.825388800004
39852,33081.607310817002
39853,33082.189844583001
39854,33082.915587959003
39855,33083.483145218997
39856,33084.237484555997
39857,33084.838211531001
39858,33085.579519457999
39859,33087.217516698998
39860,33087.584960783002
39861,33088.266882067001
39862,33088.775991495000
39863,33089.365121631003
39864,33090.284409022002
39865,33091.228575649002
39866,33091.551362598002
39867,33092.480061975999
39868,33093.246490448000
39869,33093.567390295997
39870,33094.707308015000
39871,33095.515413904002
39872,33095.840551180998
39873,33097.077425023999
39874,33098.112055883998
39875,33098.413479925002
39876,33099.076999418998
39877,33100.072974595998
39878,33100.413179445000
39879,33100.919920801003
39880,33101.688489788001
39881,33102.686707032000
39882,33103.493525079997
39883,33104.250271548000
39884,33105.015256407001
39885,33105.880748566000
39886,33106.573194817996
39887,33107.255876919000
39888,33107.745107283998
39889,33108.600200519002
39890,33109.251400861998
39891,33110.459986930997
39892,33110.910487487999
39893,33111.142209942998
39894,33111.900904429996
39895,33112.737661120002
39896,33113.823693612001
39897,33114.820720174001
39898,33115.611253572999
39899,33115.859751083997
39900,33116.934437420998
39901,33117.413070513998
39902,33117.938235203997
39903,33118.833648888001
39904,33119.426356556003
39905,33120.180645831999
39906,33120.979765844997
39907,33121.790806511002
39908,33122.681423601003
39909,33123.399566419997
39910,33124.144266158000
39911,33124.456517288003
39912,33125.642762007003
39913,33126.594538723002
39914,33127.167140482998
39915,33127.500585233000
39916,33128.077320964003
39917,33129.176629275004
39918,33129.716465899997
39919,33130.273014437997
39920,33131.107443032997
39921,33132.468298214997
39922,33132.983146707003
39923,33133.888048592002
39924,33134.364151986003
39925,33135.058615784998
39926,33135.450768160001
39927,33136.342584081001
39928,33137.286340616003
39929,33137.861623670004
39930,33138.662393409999
39931,33139.389126255002
39932,33139.928238380002
39933,33140.601621349000
39934,33141.959269259998
39935,33142.467532761002
39936,33143.162015815004
39937,33143.871903943000
39938,33144.704158107998
39939,33145.429452149001
39940,33145.930085052001
39941,33146.594130662001
39942,33147.296354928003
39943,33147.538035632999
39944,33149.170137610003
39945,33149.745632256003
39946,33150.746317921999
39947,33151.115265847999
39948,33151.919221012002
39949,33152.704655328998
39950,33153.466063391999
39951,33153.744342552003
39952,33155.170730691003
39953,33155.364115201002
39954,33156.133941457003
39955,33156.949830905003
39956,33157.504625542002
39957,33158.324380436003
39958,33159.112421277998
39959,33159.988911915003
39960,33161.117183085000
39961,33161.776297472999
39962,33162.169318448003
39963,33162.847641934000
39964,33163.321053300999
39965,33164.334830804000
39966,33164.694695637001
39967,33166.113925234997
39968,33166.199455228001
39969,33166.956309995003
39970,33168.292150305999
39971,33169.140163418000
39972,33169.364432536000
39973,33170.031568922997
39974,33171.060470591001
39975,33171.688049748002
39976,33172.519908060996
39977,33173.444268936000
39978,33173.573887535997
39979,33174.523854154002
39980,33175.008800326999
39981,33175.632477469997
39982,33176.806784957000
39983,33177.809028039002
39984,33178.595829411002
39985,33179.365294362004
39986,33179.401575495998
39987,33180.653270306000
39988,33181.309901166998
39989,33181.815722940999
39990,33182.200477780003
39991,33183.308340178002
39992,33184.309784751997
39993,33184.810031137000
39994,33185.419133987001
39995,33186.288953326002
39996,33187.034462458003
39997,33187.918886587002
39998,33188.797437781002
39999,33189.398508728002
40000,33190.012145055000
