n,unfolded_x,spacing_s
1,0.44927787,1.12061782
2,1.56989569,0.82343700
3,2.39333269,1.27751379
4,3.67084648,0.64622317
5,4.31706965,1.27630911
6,5.59337876,0.97158828
7,6.56496704,0.72926103
8,7.29422807,1.47645232
9,8.77068039,0.57752264
10,9.34820303,1.06888515
11,10.41708819,1.19713157
12,11.61421976,1.02523379
13,12.63945354,0.53355554
14,13.17300908,1.57015120
15,14.74316028,0.73678639
16,15.47994668,0.93673928
17,16.41668596,0.97169403
18,17.38837999,1.42680197
19,18.81518195,0.57265392
20,19.38783587,0.88001891
21,20.26785478,1.45464727
22,21.72250205,0.75256709
23,22.47506914,1.12047262
24,23.59554176,0.58161717
25,24.17715893,1.56442993
26,25.74158886,0.92823757
27,26.66982643,0.52758729
28,27.19741373,1.29124600
29,28.48865973,1.09547886
30,29.58413859,1.06994808
31,30.65408667,0.77029421
32,31.42438087,0.77517298
33,32.19955385,1.75394178
34,33.95349563,0.38679984
35,34.34029547,1.12499263
36,35.46528811,0.88278291
37,36.34807101,1.19513761
38,37.54320862,1.21112846
39,38.75433709,0.74464902
40,39.49898611,0.62113375
41,40.12011986,1.55516241
42,41.67528227,0.99058471
43,42.66586698,0.72822295
44,43.39408993,1.16878969
45,44.56287962,0.61322178
46,45.17610140,1.64574015
47,46.82184156,0.79834240
48,47.62018396,0.68607218
49,48.30625614,0.98684790
50,49.29310404,1.44189378
51,50.73499782,0.71292730
52,51.44792512,1.32488389
53,52.77280901,0.44064427
54,53.21345328,1.06449966
55,54.27795294,1.57416471
56,55.85211766,0.76026419
57,56.61238185,0.64304874
58,57.25543059,1.20515675
59,58.46058734,0.95276426
60,59.41335159,1.30189198
61,60.71524357,0.85899804
62,61.57424161,0.99921432
63,62.57345594,0.42868851
64,63.00214444,1.84225912
65,64.84440357,0.70980439
66,65.55420796,0.89429965
67,66.44850761,1.02929810
68,67.47780571,0.82066775
69,68.29847346,1.22526769
70,69.52374115,1.43259206
71,70.95633321,0.39007417
72,71.34640738,0.87954050
73,72.22594787,1.18366726
74,73.40961513,1.41798190
75,74.82759703,0.57361458
76,75.40121162,1.19346134
77,76.59467296,0.88221084
78,77.47688380,0.62487526
79,78.10175906,1.78868055
80,79.89043961,0.67860908
81,80.56904869,0.93858023
82,81.50762892,0.66820403
83,82.17583295,1.39630622
84,83.57213917,0.93125536
85,84.50339453,1.18190263
86,85.68529716,0.92862954
87,86.61392670,0.67327909
88,87.28720578,0.91268679
89,88.19989258,1.63503176
90,89.83492434,0.93211471
91,90.76703904,0.40562876
92,91.17266780,1.46299848
93,92.63566628,0.55565972
94,93.19132600,1.39055570
95,94.58188170,1.09567399
96,95.67755569,1.09638889
97,96.77394458,0.42314293
98,97.19708751,0.98094993
99,98.17803744,1.63192990
100,99.80996734,0.71977723
101,100.52974457,1.03367019
102,101.56341476,0.86628024
103,102.42969500,1.03083490
104,103.46052990,0.72615988
105,104.18668978,1.78886830
106,105.97555808,0.56427191
107,106.53982999,0.86170773
108,107.40153772,0.84522241
109,108.24676013,1.20744868
110,109.45420880,1.31694867
111,110.77115747,0.63386286
112,111.40502033,1.31768272
113,112.72270305,0.74831701
114,113.47102006,0.55162233
115,114.02264240,1.64422052
116,115.66686292,1.18099668
117,116.84785960,0.63024068
118,117.47810028,0.78010124
119,118.25820152,1.22479083
120,119.48299235,0.91254918
121,120.39554153,1.17925804
122,121.57479957,1.27918413
123,122.85398370,0.52047939
124,123.37446309,1.08422481
125,124.45868790,0.59060701
126,125.04929490,1.95697712
127,127.00627202,0.45204624
128,127.45831826,0.98553841
129,128.44385667,1.11268598
130,129.55654265,0.75712348
131,130.31366613,1.01609293
132,131.32975906,1.38314452
133,132.71290358,1.04673280
134,133.75963637,0.86133175
135,134.62096813,0.37248061
136,134.99344874,1.47623421
137,136.46968294,1.14398361
138,137.61366655,1.11375095
139,138.72741750,0.64566004
140,139.37307755,1.33800947
141,140.71108702,0.53434126
142,141.24542828,0.92218816
143,142.16761643,1.79122726
144,143.95884370,0.65538984
145,144.61423354,0.78463711
146,145.39887065,0.96896448
147,146.36783513,0.92833684
148,147.29617197,1.40939964
149,148.70557161,0.69859952
150,149.40417113,1.44316848
151,150.84733961,0.61661311
152,151.46395272,0.82907077
153,152.29302349,0.87607518
154,153.16909868,1.62238854
155,154.79148722,1.00053384
156,155.79202105,0.57989207
157,156.37191312,0.95957655
158,157.33148968,1.37131367
159,158.70280335,0.35788405
160,159.06068740,1.66534039
161,160.72602778,0.94992184
162,161.67594963,0.96373190
163,162.63968153,0.75235225
164,163.39203378,0.64394451
165,164.03597830,1.65992794
166,165.69590624,1.07536065
167,166.77126689,0.59035485
168,167.36162174,1.30591945
169,168.66754119,0.69870743
170,169.36624862,0.94143339
171,170.30768201,1.03221530
172,171.33989731,1.62330370
173,172.96320101,0.72873500
174,173.69193601,0.51545694
175,174.20739295,1.15306418
176,175.36045712,0.99617974
177,176.35663686,1.31770959
178,177.67434645,0.90752838
179,178.58187483,0.95496883
180,179.53684365,1.15294081
181,180.68978446,0.63171217
182,181.32149664,0.70192937
183,182.02342600,1.95511951
184,183.97854552,0.52202607
185,184.50057159,1.27610003
186,185.77667162,0.32443835
187,186.10110997,1.37698323
188,187.47809320,0.93724851
189,188.41534171,1.05260209
190,189.46794380,1.28108647
191,190.74903027,0.99021479
192,191.73924506,0.59303106
193,192.33227612,0.89268116
194,193.22495729,1.06521802
195,194.29017531,1.71499082
196,196.00516612,0.51899452
197,196.52416064,0.77841270
198,197.30257334,1.41993151
199,198.72250485,0.52689597
200,199.24940082,1.01422832
201,200.26362914,1.36514860
202,201.62877774,1.22635640
203,202.85513414,0.67701661
204,203.53215075,0.91058073
205,204.44273147,0.59526378
206,205.03799526,1.62381295
207,206.66180821,0.90731656
208,207.56912477,1.04163118
209,208.61075595,0.97052877
210,209.58128472,0.85946052
211,210.44074524,1.17058665
212,211.61133188,0.29108839
213,211.90242028,1.95790084
214,213.86032112,0.98513664
215,214.84545776,0.52340881
216,215.36886656,0.95909087
217,216.32795743,1.09858628
218,217.42654371,0.90736959
219,218.33391330,1.43552697
220,219.76944027,0.61736016
221,220.38680043,1.47959278
222,221.86639321,0.65441282
223,222.52080603,0.56370173
224,223.08450776,1.17933854
225,224.26384630,1.53214636
226,225.79599266,0.95910511
227,226.75509777,0.70259405
228,227.45769182,0.87653111
229,228.33422293,1.19389757
230,229.52812050,0.82692599
231,230.35504649,0.95856854
232,231.31361503,1.72360743
233,233.03722246,0.39443751
234,233.43165997,1.15929615
235,234.59095612,0.66500047
236,235.25595659,0.86802879
237,236.12398538,1.75869496
238,237.88268035,0.67317313
239,238.55585348,0.92297658
240,239.47883006,1.07495140
241,240.55378146,1.09907879
242,241.65286025,0.39254060
243,242.04540085,1.35192394
244,243.39732479,1.36319677
245,244.76052156,1.10573361
246,245.86625516,0.61601208
247,246.48226724,0.59571956
248,247.07798680,1.43896947
249,248.51695627,0.84999758
250,249.36695385,1.39220873
251,250.75916259,0.71265220
252,251.47181478,1.21495867
253,252.68677346,0.80499703
254,253.49177049,0.90029817
255,254.39206866,0.59781444
256,254.98988310,1.99343293
257,256.98331603,0.69392261
258,257.67723865,0.70269036
259,258.37992900,1.16727933
260,259.54720833,0.68485135
261,260.23205969,1.28246831
262,261.51452800,0.88792508
263,262.40245308,1.20471206
264,263.60716514,1.32968266
265,264.93684780,0.44697535
266,265.38382315,0.97339390
267,266.35721705,0.74453775
268,267.10175480,1.49668741
269,268.59844222,1.20359249
270,269.80203471,0.90271524
271,270.70474995,0.46839176
272,271.17314171,1.55123365
273,272.72437535,0.63912603
274,273.36350138,0.73262711
275,274.09612849,1.63322193
276,275.72935041,1.02386056
277,276.75321097,0.90866240
278,277.66187337,0.74300339
279,278.40487675,0.73283002
280,279.13770677,1.23827091
281,280.37597768,1.51199723
282,281.88797491,0.45259344
283,282.34056835,1.31526543
284,283.65583379,0.99757407
285,284.65340785,0.65524578
286,285.30865363,1.05839816
287,286.36705179,0.78648652
288,287.15353831,1.99192989
289,289.14546821,0.35446277
290,289.49993097,0.98782569
291,290.48775666,0.74879858
292,291.23655524,1.28651434
293,292.52306958,0.77145741
294,293.29452699,1.33296824
295,294.62749523,0.99470749
296,295.62220272,0.96222760
297,296.58443032,1.26464377
298,297.84907410,0.29650045
299,298.14557454,0.86241065
300,299.00798520,1.75762244
301,300.76560764,0.93256804
302,301.69817568,0.97653044
303,302.67470612,0.65463153
304,303.32933765,1.11398069
305,304.44331834,1.04810672
306,305.49142506,0.76884661
307,306.26027167,1.22237077
308,307.48264244,1.44553724
309,308.92817968,0.79025082
310,309.71843050,0.47482514
311,310.19325564,1.25092660
312,311.44418224,0.66065388
313,312.10483613,1.65768502
314,313.76252114,1.14610364
315,314.90862478,0.24709209
316,315.15571687,1.57043321
317,316.72615009,0.74028089
318,317.46643098,0.85476320
319,318.32119418,0.80849918
320,319.12969336,1.70031917
321,320.83001252,0.85806718
322,321.68807971,1.06307142
323,322.75115112,0.51286873
324,323.26401985,0.88589834
325,324.14991818,1.48239726
326,325.63231544,0.74754866
327,326.37986410,1.30380310
328,327.68366720,0.92962156
329,328.61328877,0.95612352
330,329.56941228,1.02679153
331,330.59620382,0.54737880
332,331.14358261,1.00887551
333,332.15245813,1.82188279
334,333.97434092,0.77058616
335,334.74492708,0.61171887
336,335.35664595,1.01575111
337,336.37239706,1.26988280
338,337.64227986,0.45980578
339,338.10208564,1.54428644
340,339.64637209,0.76346122
341,340.40983330,1.49249779
342,341.90233109,0.70947052
343,342.61180161,0.76015934
344,343.37196095,0.71985397
345,344.09181492,1.28486959
346,345.37668451,1.47674181
347,346.85342632,0.71072950
348,347.56415582,1.05567140
349,348.61982722,0.68124418
350,349.30107140,1.33070464
351,350.63177604,0.76318120
352,351.39495723,0.65099571
353,352.04595295,1.87920884
354,353.92516179,0.78280600
355,354.70796779,0.79535066
356,355.50331845,1.05010755
357,356.55342601,0.48685756
358,357.04028357,1.38642994
359,358.42671350,1.28077527
360,359.70748878,0.91498908
361,360.62247785,0.77491438
362,361.39739223,1.57495174
363,362.97234396,0.24345134
364,363.21579531,1.04144607
365,364.25724138,0.97025710
366,365.22749848,1.45206894
367,366.67956742,1.37691504
368,368.05648246,0.38846624
369,368.44494869,0.73725864
370,369.18220734,1.30008901
371,370.48229635,0.92076315
372,371.40305950,0.98205824
373,372.38511774,1.26133437
374,373.64645211,1.00092897
375,374.64738108,1.04266011
376,375.69004119,0.75609974
377,376.44614092,1.04170242
378,377.48784334,0.34792720
379,377.83577054,2.20246646
380,380.03823700,0.48228516
381,380.52052216,1.04095629
382,381.56147845,0.92826815
383,382.48974660,0.89674738
384,383.38649398,1.10204156
385,384.48853554,0.77998968
386,385.26852522,1.17087346
387,386.43939867,1.44455587
388,387.88395455,0.81474199
389,388.69869654,0.87012999
390,389.56882653,0.47019937
391,390.03902590,1.35717056
392,391.39619647,1.00146913
393,392.39766560,1.58704867
394,393.98471426,0.43542261
395,394.42013688,0.97641114
396,395.39654801,1.32784304
397,396.72439106,0.81214179
398,397.53653284,0.42480880
399,397.96134164,1.44704919
400,399.40839084,1.60535437
401,401.01374521,0.52800606
402,401.54175127,1.05287480
403,402.59462606,0.71601486
404,403.31064092,0.88915199
405,404.19979292,1.34363333
406,405.54342625,1.05207427
407,406.59550052,0.82693629
408,407.42243681,1.47910737
409,408.90154418,0.54286715
410,409.44441134,1.01597572
411,410.46038705,0.89315002
412,411.35353707,0.67413271
413,412.02766978,1.87863345
414,413.90630323,0.87355802
415,414.77986125,0.75406562
416,415.53392687,0.69469097
417,416.22861784,1.35638912
418,417.58500696,0.82025585
419,418.40526281,0.79562383
420,419.20088664,1.56698949
421,420.76787613,0.72241163
422,421.49028776,1.43012800
423,422.92041576,0.57961121
424,423.50002697,0.63928885
425,424.13931582,1.00424283
426,425.14355865,1.52937432
427,426.67293297,1.03297857
428,427.70591154,0.95044971
429,428.65636126,0.71997356
430,429.37633481,1.24836784
431,430.62470265,0.69940145
432,431.32410410,1.18453100
433,432.50863510,0.54156549
434,433.05020059,1.88503562
435,434.93523621,1.02032538
436,435.95556160,0.26724704
437,436.22280864,1.25443662
438,437.47724526,0.75766889
439,438.23491415,1.06070560
440,439.29561975,1.49374703
441,440.78936678,0.73962446
442,441.52899124,0.97615905
443,442.50515028,1.15860825
444,443.66375853,1.00853803
445,444.67229656,0.50420851
446,445.17650507,0.89856329
447,446.07506836,1.62373807
448,447.69880643,1.10193037
449,448.80073680,0.87756027
450,449.67829706,0.89377264
451,450.57206971,0.43220935
452,451.00427906,1.83642565
453,452.84070470,0.23632537
454,453.07703007,1.46306020
455,454.54009027,1.09309689
456,455.63318716,1.15618729
457,456.78937445,0.70826270
458,457.49763715,1.01701930
459,458.51465645,0.60918567
460,459.12384211,1.05474747
461,460.17858958,1.84596098
462,462.02455056,0.68216620
463,462.70671676,0.54587574
464,463.25259250,1.36047243
465,464.61306493,0.86471671
466,465.47778164,0.81300948
467,466.29079112,1.08026426
468,467.37105538,1.05425568
469,468.42531106,1.44779697
470,469.87310803,0.88562643
471,470.75873446,0.71268461
472,471.47141906,0.72954382
473,472.20096288,0.99669543
474,473.19765831,1.42455305
475,474.62221137,0.91450728
476,475.53671865,1.37304669
477,476.90976533,0.35341863
478,477.26318396,1.29868503
479,478.56186899,1.11434477
480,479.67621376,0.55496794
481,480.23118169,0.77439172
482,481.00557341,1.99253139
483,482.99810480,0.59443681
484,483.59254161,1.22852065
485,484.82106226,0.35488817
486,485.17595043,1.22844977
487,486.40440021,0.86500053
488,487.26940074,1.27690455
489,488.54630529,1.11337302
490,489.65967830,0.73016372
491,490.38984202,1.50436918
492,491.89421120,0.72374057
493,492.61795178,0.54122723
494,493.15917900,1.17304581
495,494.33222481,0.84921243
496,495.18143725,1.76978092
497,496.95121816,0.80863639
498,497.75985455,0.68360331
499,498.44345786,0.85280698
500,499.29626485,1.22774268
501,500.52400752,0.98673391
502,501.51074143,0.63845223
503,502.14919366,1.43838924
504,503.58758290,1.28075103
505,504.86833393,0.63864294
506,505.50697687,1.17633574
507,506.68331260,0.76899892
508,507.45231152,0.37566968
509,507.82798120,1.80685780
510,509.63483901,1.17458794
511,510.80942695,0.67291020
512,511.48233715,1.11419112
513,512.59652827,0.85227240
514,513.44880067,1.13394236
515,514.58274303,0.70277650
516,515.28551953,0.93624537
517,516.22176490,1.28231315
518,517.50407805,1.58907569
519,519.09315374,0.50900452
520,519.60215825,0.70216998
521,520.30432823,0.94746963
522,521.25179786,1.22411065
523,522.47590851,0.78330770
524,523.25921621,1.65681170
525,524.91602791,0.49903855
526,525.41506646,1.08350316
527,526.49856962,1.38687816
528,527.88544778,0.40406124
529,528.28950903,1.07213750
530,529.36164653,0.61172008
531,529.97336661,1.96726898
532,531.94063559,0.72886441
533,532.66950000,0.93140578
534,533.60090579,0.93652654
535,534.53743232,0.64668111
536,535.18411343,1.24681200
537,536.43092543,1.17944424
538,537.61036967,0.59544368
539,538.20581335,1.58117605
540,539.78698940,0.90199055
541,540.68897995,0.98277096
542,541.67175091,0.64999540
543,542.32174631,0.99544089
544,543.31718720,0.76664928
545,544.08383648,1.70780075
546,545.79163724,1.05336360
547,546.84500084,0.71472466
548,547.55972550,0.63568783
549,548.19541333,1.63168061
550,549.82709394,0.48374054
551,550.31083448,0.82837598
552,551.13921046,1.35732311
553,552.49653356,1.14343485
554,553.63996841,1.22121619
555,554.86118461,0.82142025
556,555.68260485,0.60492352
557,556.28752838,0.84532760
558,557.13285598,1.24486864
559,558.37772462,1.27862657
560,559.65635120,0.99290368
561,560.64925487,0.84976547
562,561.49902034,1.24076043
563,562.73978077,0.57797124
564,563.31775201,1.39441292
565,564.71216493,0.40381015
566,565.11597508,0.97440784
567,566.09038291,2.04490391
568,568.13528682,0.50354538
569,568.63883220,0.78296408
570,569.42179628,1.10139795
571,570.52319422,0.67712205
572,571.20031627,1.26785844
573,572.46817471,0.89155033
574,573.35972504,1.44556630
575,574.80529135,0.53572220
576,575.34101355,1.46695914
577,576.80797268,0.83051591
578,577.63848859,0.86832323
579,578.50681182,0.39058508
580,578.89739690,1.51066890
581,580.40806580,1.28830920
582,581.69637500,1.16618726
583,582.86256225,0.80218837
584,583.66475062,0.48545662
585,584.15020724,1.35564232
586,585.50584956,1.06724310
587,586.57309266,0.62346022
588,587.19655289,1.18176250
589,588.37831539,1.41285732
590,589.79117271,1.03277496
591,590.82394766,0.64621502
592,591.47016268,0.96256217
593,592.43272485,0.90289793
594,593.33562278,0.67110431
595,594.00672709,2.01561623
596,596.02234332,0.48574355
597,596.50808687,0.98202125
598,597.49010813,1.03888138
599,598.52898951,1.18826312
600,599.71725263,0.50736178
601,600.22461441,1.19253500
602,601.41714941,0.71387396
603,602.13102337,1.70337795
604,603.83440132,0.91396125
605,604.74836257,1.14305861
606,605.89142118,0.25011377
607,606.14153495,1.01187790
608,607.15341285,1.44145834
609,608.59487118,0.70427892
610,609.29915011,1.35417738
611,610.65332748,1.12041170
612,611.77373919,0.55930885
613,612.33304804,1.47637024
614,613.80941828,0.66758887
615,614.47700714,0.72368779
616,615.20069493,0.83589307
617,616.03658799,1.76941191
618,617.80599990,1.21122258
619,619.01722248,0.30833146
620,619.32555394,1.19248724
621,620.51804119,0.84553518
622,621.36357637,1.01022589
623,622.37380226,1.01429527
624,623.38809752,1.19434635
625,624.58244387,0.75873519
626,625.34117906,1.69616334
627,627.03734239,0.55198042
628,627.58932281,0.72372983
629,628.31305264,1.12722755
630,629.44028019,0.59326390
631,630.03354409,1.48573414
632,631.51927823,1.45563401
633,632.97491224,0.57121503
634,633.54612727,0.89070495
635,634.43683222,0.94778147
636,635.38461369,1.29655929
637,636.68117297,0.75920698
638,637.44037995,0.50334934
639,637.94372929,1.80037244
640,639.74410174,0.99148048
641,640.73558222,0.92654189
642,641.66212411,1.09114171
643,642.75326582,0.39151301
644,643.14477883,0.95903812
645,644.10381695,1.45166594
646,645.55548289,1.05363511
647,646.60911800,1.06117901
648,647.67029701,0.77776164
649,648.44805866,1.25721389
650,649.70527255,0.85144732
651,650.55671987,0.69714623
652,651.25386609,1.13638100
653,652.39024709,0.70139375
654,653.09164084,1.99026151
655,655.08190236,0.63769616
656,655.71959852,0.81716540
657,656.53676392,0.61702715
658,657.15379107,1.48826540
659,658.64205647,0.52465553
660,659.16671199,1.31961993
661,660.48633192,1.10921677
662,661.59554869,0.97646966
663,662.57201834,1.08436018
664,663.65637852,1.05847383
665,664.71485236,0.81419173
666,665.52904409,0.50791461
667,666.03695870,1.08667746
668,667.12363617,1.92979177
669,669.05342794,0.35859709
670,669.41202503,1.42728408
671,670.83930910,0.53646253
672,671.37577163,0.89118339
673,672.26695502,1.35544698
674,673.62240200,0.75970247
675,674.38210447,0.79547860
676,675.17758307,1.46193828
677,676.63952135,1.28608371
678,677.92560506,0.67349054
679,678.59909560,0.86400430
680,679.46309989,0.80450689
681,680.26760679,0.96483983
682,681.23244662,1.10402299
683,682.33646961,1.62905229
684,683.96552190,0.72507754
685,684.69059944,0.48186690
686,685.17246634,1.61411550
687,686.78658184,0.73068490
688,687.51726674,0.78725813
689,688.30452486,0.84920074
690,689.15372560,1.28758754
691,690.44131314,1.36045295
692,691.80176608,1.25164454
693,693.05341063,0.18029089
694,693.23370152,1.37558037
695,694.60928189,0.33541405
696,694.94469594,1.65929005
697,696.60398598,0.82080761
698,697.42479359,1.11161642
699,698.53641001,1.15459558
700,699.69100559,0.94423631
701,700.63524190,0.85794993
702,701.49319182,1.09594800
703,702.58913983,0.78095462
704,703.37009444,0.46680558
705,703.83690002,2.08071077
706,705.91761079,0.88617924
707,706.80379003,0.75693221
708,707.56072224,0.83968010
709,708.40040234,0.96345963
710,709.36386197,1.24315424
711,710.60701622,0.53820045
712,711.14521667,1.41094043
713,712.55615709,0.95234239
714,713.50849948,1.11498480
715,714.62348428,1.46005013
716,716.08353441,0.28089227
717,716.36442668,0.72772342
718,717.09215010,1.20075100
719,718.29290110,1.03670312
720,719.32960422,1.51239927
721,720.84200348,0.85300887
722,721.69501235,0.87634416
723,722.57135651,0.71022418
724,723.28158069,1.40586133
725,724.68744202,0.69273012
726,725.38017214,0.94339012
727,726.32356226,0.79587064
728,727.11943290,2.00425709
729,729.12368999,0.42711999
730,729.55080998,0.99781172
731,730.54862170,1.03984597
732,731.58846767,0.58608636
733,732.17455403,0.97099815
734,733.14555218,1.55077611
735,734.69632829,0.95231425
736,735.64864254,0.82324624
737,736.47188878,1.13974578
738,737.61163456,1.05835267
739,738.66998723,0.82311518
740,739.49310241,0.81512582
741,740.30822824,0.79475592
742,741.10298416,1.37442318
743,742.47740734,1.41944891
744,743.89685625,0.97188038
745,744.86873663,0.59230833
746,745.46104496,0.65086164
747,746.11190660,1.38818190
748,747.50008851,1.07496103
749,748.57504953,0.53026966
750,749.10531920,1.82740270
751,750.93272190,0.37051051
752,751.30323241,1.56470374
753,752.86793614,0.63789370
754,753.50582984,1.07306897
755,754.57889881,0.54754455
756,755.12644336,0.91201106
757,756.03845442,1.82996400
758,757.86841842,0.97334618
759,758.84176460,0.55956994
760,759.40133455,1.13088230
761,760.53221685,1.01133556
762,761.54355241,0.69576475
763,762.23931716,1.43156430
764,763.67088146,0.44637652
765,764.11725798,1.32290269
766,765.44016067,1.59331716
767,767.03347783,0.58243416
768,767.61591199,0.90439527
769,768.52030726,0.76654315
770,769.28685041,0.92294849
771,770.20979890,1.13357013
772,771.34336903,1.31038727
773,772.65375630,1.14490332
774,773.79865961,0.78578803
775,774.58444764,0.66977371
776,775.25422135,1.59680866
777,776.85103001,0.67300859
778,777.52403860,0.47263076
779,777.99666936,1.22812030
780,779.22478966,1.59137737
781,780.81616703,0.90628915
782,781.72245618,1.00835059
783,782.73080677,0.86147623
784,783.59228300,0.44356435
785,784.03584735,1.39034404
786,785.42619139,0.95017251
787,786.37636389,1.34082507
788,787.71718896,0.63663410
789,788.35382306,1.37875905
790,789.73258211,0.98622441
791,790.71880652,0.77169693
792,791.49050344,0.81811069
793,792.30861414,1.18027136
794,793.48888550,0.39427885
795,793.88316434,2.16162766
796,796.04479200,0.79353282
797,796.83832481,0.51149998
798,797.34982479,1.09601004
799,798.44583483,0.94245967
800,799.38829450,1.20328106
801,800.59157556,0.60006241
802,801.19163797,1.22600322
803,802.41764119,1.26090479
804,803.67854598,0.92395497
805,804.60250095,1.26785094
806,805.87035189,0.61443879
807,806.48479068,0.92296416
808,807.40775484,0.44542642
809,807.85318126,1.81852575
810,809.67170700,0.86646362
811,810.53817062,1.34936390
812,811.88753452,0.55992880
813,812.44746332,0.98317475
814,813.43063807,1.06819737
815,814.49883544,1.10970561
816,815.60854105,0.60043202
817,816.20897307,0.94544817
818,817.15442124,1.57718178
819,818.73160302,1.33988790
820,820.07149092,0.43362112
821,820.50511205,0.76059936
822,821.26571141,1.27112474
823,822.53683614,0.58374513
824,823.12058128,1.24403410
825,824.36461537,1.50104815
826,825.86566352,0.66515495
827,826.53081847,0.83036670
828,827.36118518,1.57226582
829,828.93345100,0.47326138
830,829.40671237,1.00786032
831,830.41457270,0.73461981
832,831.14919250,1.05714983
833,832.20634233,1.73337555
834,833.93971788,0.70219432
835,834.64191221,1.15568565
836,835.79759785,0.57534119
837,836.37293905,0.73552705
838,837.10846609,1.50446448
839,838.61293057,0.82122614
840,839.43415671,0.81264754
841,840.24680425,1.46900816
842,841.71581241,1.02935653
843,842.74516894,0.75358223
844,843.49875117,1.32697277
845,844.82572394,0.40357829
846,845.22930223,0.86923652
847,846.09853875,1.11256166
848,847.21110041,1.90539697
849,849.11649738,0.38717489
850,849.50367227,1.10535425
851,850.60902653,0.67717515
852,851.28620167,1.44539969
853,852.73160136,0.58148290
854,853.31308426,0.92378456
855,854.23686882,1.27413769
856,855.51100651,0.83197200
857,856.34297851,1.69708378
858,858.04006228,0.63872744
859,858.67878972,0.82356350
860,859.50235322,0.65173851
861,860.15409174,1.14686762
862,861.30095935,1.04419825
863,862.34515761,1.32053620
864,863.66569381,1.06923992
865,864.73493373,0.79743793
866,865.53237166,0.94546088
867,866.47783254,1.08101938
868,867.55885192,1.03167658
869,868.59052851,0.86251645
870,869.45304495,0.31269632
871,869.76574127,2.15282587
872,871.91856714,0.85800983
873,872.77657697,0.80259413
874,873.57917110,0.99504092
875,874.57421201,0.79051673
876,875.36472874,0.75742284
877,876.12215158,1.48006456
878,877.60221615,0.77896002
879,878.38117617,1.32801672
880,879.70919290,0.69634285
881,880.40553575,1.41581704
882,881.82135278,0.99188116
883,882.81323394,0.28321503
884,883.09644897,1.28677350
885,884.38322247,0.71153859
886,885.09476105,1.45260406
887,886.54736511,1.48713292
888,888.03449804,0.79604450
889,888.83054253,0.26519995
890,889.09574248,1.29522422
891,890.39096671,1.31242462
892,891.70339132,0.52950287
893,892.23289420,1.05737159
894,893.29026579,1.21776153
895,894.50802732,1.23470210
896,895.74272942,0.97463555
897,896.71736497,0.92065204
898,897.63801701,0.85344054
899,898.49145756,0.72259508
900,899.21405264,0.78655937
901,900.00061201,1.80746192
902,901.80807393,0.94002694
903,902.74810087,0.64463733
904,903.39273819,1.46219978
905,904.85493797,0.36823838
906,905.22317635,1.38962104
907,906.61279739,0.77386546
908,907.38666285,0.90514699
909,908.29180984,0.86812976
910,909.15993960,1.83668310
911,910.99662269,0.73232549
912,911.72894819,0.93442302
913,912.66337120,0.66081708
914,913.32418828,0.83671993
915,914.16090821,1.44449408
916,915.60540229,0.53626874
917,916.14167104,1.67477209
918,917.81644312,0.86242177
919,918.67886489,0.63400173
920,919.31286662,1.40845845
921,920.72132507,1.19993749
922,921.92126255,0.13762758
923,922.05889013,1.04395131
924,923.10284144,1.19138681
925,924.29422825,1.57386424
926,925.86809249,0.91572802
927,926.78382051,0.80825382
928,927.59207433,0.84893726
929,928.44101159,0.85195354
930,929.29296513,1.05325902
931,930.34622415,1.28291763
932,931.62914178,0.63153277
933,932.26067455,1.23123656
934,933.49191111,1.32140581
935,934.81331692,1.12824931
936,935.94156623,0.21721384
937,936.15878006,1.52746857
938,937.68624864,0.42528951
939,938.11153814,0.91255602
940,939.02409416,1.88971196
941,940.91380612,0.78156864
942,941.69537476,1.08829968
943,942.78367444,0.34498187
944,943.12865631,1.53410911
945,944.66276542,0.79127990
946,945.45404533,0.99759283
947,946.45163816,0.58901920
948,947.04065736,1.65418377
949,948.69484113,0.85587841
950,949.55071954,1.39479126
951,950.94551080,0.73367729
952,951.67918809,0.59719802
953,952.27638611,0.78546632
954,953.06185243,1.37938275
955,954.44123518,1.05044409
956,955.49167927,1.16258318
957,956.65426245,1.10264282
958,957.75690527,0.61117740
959,958.36808267,1.29995144
960,959.66803412,0.81617081
961,960.48420492,0.98411695
962,961.46832187,0.73706617
963,962.20538804,0.87137164
964,963.07675968,2.14978759
965,965.22654727,0.39929217
966,965.62583944,0.79420293
967,966.42004237,1.09155716
968,967.51159953,0.81721350
969,968.32881303,0.98466744
970,969.31348048,1.04711320
971,970.36059368,1.42824739
972,971.78884107,0.51095911
973,972.29980017,1.41278775
974,973.71258792,0.97933364
975,974.69192156,0.98640284
976,975.67832440,0.67976652
977,976.35809092,0.67858851
978,977.03667943,1.24735700
979,978.28403643,1.42751410
980,979.71155053,1.10996037
981,980.82151091,0.86288354
982,981.68439444,0.86191891
983,982.54631335,0.50549882
984,983.05181217,1.83948428
985,984.89129645,0.35239625
986,985.24369270,0.88885941
987,986.13255210,1.42984179
988,987.56239389,1.22128433
989,988.78367822,0.90537895
990,989.68905717,1.02026274
991,990.70931991,0.60663813
992,991.31595804,1.06176793
993,992.37772597,0.61064163
994,992.98836760,1.61822762
995,994.60659522,1.50234642
996,996.10894164,0.16881975
997,996.27776139,1.13931417
998,997.41707556,1.37489774
999,998.79197330,0.62583070
1000,999.41780400,0.85755890
1001,1000.27536290,1.23733627
1002,1001.51269917,0.52703917
1003,1002.03973834,1.72768221
1004,1003.76742055,1.21759492
1005,1004.98501547,0.66698938
1006,1005.65200485,0.62144508
1007,1006.27344993,1.05931778
1008,1007.33276771,0.91396805
1009,1008.24673576,1.35440709
1010,1009.60114285,0.71835610
1011,1010.31949896,1.53144338
1012,1011.85094233,0.65945373
1013,1012.51039606,0.95771710
1014,1013.46811316,1.32604249
1015,1014.79415565,0.67406281
1016,1015.46821845,0.81570282
1017,1016.28392127,0.58225326
1018,1016.86617453,2.02258123
1019,1018.88875576,0.82200230
1020,1019.71075807,0.97855941
1021,1020.68931748,0.89169778
1022,1021.58101525,0.65590583
1023,1022.23692109,1.20857174
1024,1023.44549283,0.95031172
1025,1024.39580455,1.00871657
1026,1025.40452112,1.11268870
1027,1026.51720982,0.91964979
1028,1027.43685962,1.64803350
1029,1029.08489312,0.42319593
1030,1029.50808905,0.94114799
1031,1030.44923704,0.74160745
1032,1031.19084449,1.18853612
1033,1032.37938061,0.74100879
1034,1033.12038940,1.98950030
1035,1035.10988970,0.48319785
1036,1035.59308755,0.88525355
1037,1036.47834110,0.88544328
1038,1037.36378437,1.22327118
1039,1038.58705556,1.03486875
1040,1039.62192430,0.53462013
1041,1040.15654444,1.04006259
1042,1041.19660703,1.42678408
1043,1042.62339111,1.40561097
1044,1044.02900208,0.36659181
1045,1044.39559388,1.41676312
1046,1045.81235701,0.63016830
1047,1046.44252531,0.39746673
1048,1046.83999204,1.64102241
1049,1048.48101445,1.16704643
1050,1049.64806087,0.87446217
1051,1050.52252305,1.14605319
1052,1051.66857624,0.87537067
1053,1052.54394691,1.04141785
1054,1053.58536476,0.92892997
1055,1054.51429472,0.96588149
1056,1055.48017622,0.58648980
1057,1056.06666601,1.17735471
1058,1057.24402072,1.69225316
1059,1058.93627388,0.98868531
1060,1059.92495919,0.62526122
1061,1060.55022041,0.60910566
1062,1061.15932608,1.31395331
1063,1062.47327939,1.00190456
1064,1063.47518395,0.71797274
1065,1064.19315669,1.40515403
1066,1065.59831072,1.12946322
1067,1066.72777394,0.59400002
1068,1067.32177396,1.64975480
1069,1068.97152877,0.61969547
1070,1069.59122424,0.66877052
1071,1070.25999476,1.06923950
1072,1071.32923426,0.64931505
1073,1071.97854931,1.89247894
1074,1073.87102826,0.77737890
1075,1074.64840716,1.09412342
1076,1075.74253058,0.73751552
1077,1076.48004610,0.89624778
1078,1077.37629388,0.96964202
1079,1078.34593591,1.33614345
1080,1079.68207936,0.58189620
1081,1080.26397556,0.87281152
1082,1081.13678708,1.84946506
1083,1082.98625215,0.63532544
1084,1083.62157759,1.12106677
1085,1084.74264436,0.60695389
1086,1085.34959824,1.15837108
1087,1086.50796932,0.46525680
1088,1086.97322612,1.42255255
1089,1088.39577867,1.38424809
1090,1089.78002676,1.08270754
1091,1090.86273429,0.43960226
1092,1091.30233656,1.15779157
1093,1092.46012813,1.30149645
1094,1093.76162458,0.86876667
1095,1094.63039125,0.29340992
1096,1094.92380117,1.44376127
1097,1096.36756244,1.05108344
1098,1097.41864588,1.45639826
1099,1098.87504414,1.01093723
1100,1099.88598137,0.63642434
1101,1100.52240571,0.74498912
1102,1101.26739483,0.90189523
1103,1102.16929006,1.44607677
1104,1103.61536683,0.63691174
1105,1104.25227857,1.49919345
1106,1105.75147202,0.66061998
1107,1106.41209200,1.42093266
1108,1107.83302467,0.62721801
1109,1108.46024268,1.10099871
1110,1109.56124139,1.05716195
1111,1110.61840334,0.44606991
1112,1111.06447325,0.93325791
1113,1111.99773117,2.10615887
1114,1114.10389003,0.64272949
1115,1114.74661952,0.63945663
1116,1115.38607616,1.24570301
1117,1116.63177917,0.67078548
1118,1117.30256464,1.08923950
1119,1118.39180414,1.08046274
1120,1119.47226688,0.82888170
1121,1120.30114858,1.26546335
1122,1121.56661194,0.96136760
1123,1122.52797953,1.34631982
1124,1123.87429935,0.85623389
1125,1124.73053324,0.69589365
1126,1125.42642689,0.64792875
1127,1126.07435564,1.18617430
1128,1127.26052994,1.19198855
1129,1128.45251849,1.22906907
1130,1129.68158756,1.30639673
1131,1130.98798429,0.47110956
1132,1131.45909385,0.70304100
1133,1132.16213485,1.72385232
1134,1133.88598717,0.37304537
1135,1134.25903254,1.23722603
1136,1135.49625857,0.46003914
1137,1135.95629770,1.72142126
1138,1137.67771896,1.22721243
1139,1138.90493139,0.75479898
1140,1139.65973037,0.87228056
1141,1140.53201093,0.84991041
1142,1141.38192134,0.93736642
1143,1142.31928776,0.73940447
1144,1143.05869223,1.81182633
1145,1144.87051856,0.62605582
1146,1145.49657438,1.02050732
1147,1146.51708170,1.05188690
1148,1147.56896860,1.30165484
1149,1148.87062343,0.40339263
1150,1149.27401606,1.18329549
1151,1150.45731156,0.83488402
1152,1151.29219557,0.75588193
1153,1152.04807750,1.79933395
1154,1153.84741145,1.08537245
1155,1154.93278390,0.62137680
1156,1155.55416071,1.05664451
1157,1156.61080522,0.37797395
1158,1156.98877917,1.64358264
1159,1158.63236181,0.79679130
1160,1159.42915311,0.74071971
1161,1160.16987282,1.64649323
1162,1161.81636605,0.68092327
1163,1162.49728932,1.11488451
1164,1163.61217383,1.12907816
1165,1164.74125200,1.03000622
1166,1165.77125821,0.22116938
1167,1165.99242760,1.04460335
1168,1167.03703095,1.44949285
1169,1168.48652380,1.44097862
1170,1169.92750242,0.76306683
1171,1170.69056925,0.72763537
1172,1171.41820461,1.18046285
1173,1172.59866746,0.70929770
1174,1173.30796516,1.25028288
1175,1174.55824804,0.72624328
1176,1175.28449133,1.17056435
1177,1176.45505568,0.77698497
1178,1177.23204065,1.80711598
1179,1179.03915663,0.85341354
1180,1179.89257017,0.36512011
1181,1180.25769028,1.19878364
1182,1181.45647392,0.84899431
1183,1182.30546823,0.83446728
1184,1183.13993552,1.35902457
1185,1184.49896008,1.41874255
1186,1185.91770263,0.63215920
1187,1186.54986183,0.88885843
1188,1187.43872026,1.06355239
1189,1188.50227264,1.21356313
1190,1189.71583578,0.80168012
1191,1190.51751590,0.53571887
1192,1191.05323477,1.08177141
1193,1192.13500618,1.84102825
1194,1193.97603443,0.52261229
1195,1194.49864673,1.47270486
1196,1195.97135159,0.49768154
1197,1196.46903312,0.76208294
1198,1197.23111607,0.93151172
1199,1198.16262779,1.45869531
1200,1199.62132310,0.75167178
1201,1200.37299489,1.15117600
1202,1201.52417089,1.16663595
1203,1202.69080684,0.83215750
1204,1203.52296434,1.36128501
1205,1204.88424935,0.46192445
1206,1205.34617380,0.97237646
1207,1206.31855026,1.14580946
1208,1207.46435972,0.40182852
1209,1207.86618824,2.17679038
1210,1210.04297862,0.74565264
1211,1210.78863126,0.86712558
1212,1211.65575684,0.47966563
1213,1212.13542247,1.49167214
1214,1213.62709461,0.80872789
1215,1214.43582250,0.80782745
1216,1215.24364995,1.21102845
1217,1216.45467840,1.00121263
1218,1217.45589102,1.15627924
1219,1218.61217026,1.22393501
1220,1219.83610527,0.83274180
1221,1220.66884707,0.87018552
1222,1221.53903259,0.64358001
1223,1222.18261260,0.85425867
1224,1223.03687127,1.52383337
1225,1224.56070464,1.18149356
1226,1225.74219820,0.83516907
1227,1226.57736727,1.28748160
1228,1227.86484887,0.37965616
1229,1228.24450503,1.16316318
1230,1229.40766821,1.29983220
1231,1230.70750041,0.79938277
1232,1231.50688318,0.34456639
1233,1231.85144957,1.65738047
1234,1233.50883003,1.47677761
1235,1234.98560765,0.76004533
1236,1235.74565298,0.68492981
1237,1236.43058279,1.20068087
1238,1237.63126367,0.41287913
1239,1238.04414280,1.36962698
1240,1239.41376978,0.85915951
1241,1240.27292929,1.61692443
1242,1241.88985372,0.73279359
1243,1242.62264731,0.61262362
1244,1243.23527092,1.68170058
1245,1244.91697150,0.65713668
1246,1245.57410818,0.76078471
1247,1246.33489289,0.89615031
1248,1247.23104320,0.97867575
1249,1248.20971896,1.21997101
1250,1249.42968997,1.75212915
1251,1251.18181911,0.32077418
1252,1251.50259330,1.15664440
1253,1252.65923770,0.53509403
1254,1253.19433173,1.13196035
1255,1254.32629207,1.21067102
1256,1255.53696309,0.90831526
1257,1256.44527835,0.80322173
1258,1257.24850008,1.48339735
1259,1258.73189743,0.98931394
1260,1259.72121138,0.84349188
1261,1260.56470326,1.07557927
1262,1261.64028253,0.87490925
1263,1262.51519178,0.68800741
1264,1263.20319918,0.69099649
1265,1263.89419568,2.09636053
1266,1265.99055621,0.61487489
1267,1266.60543110,1.07332535
1268,1267.67875645,0.80849294
1269,1268.48724938,0.86434567
1270,1269.35159505,1.39519163
1271,1270.74678668,0.42730701
1272,1271.17409369,1.23326927
1273,1272.40736297,0.88552557
1274,1273.29288854,1.26629434
1275,1274.55918288,1.26171904
1276,1275.82090192,1.19389857
1277,1277.01480049,0.40191121
1278,1277.41671171,0.60923018
1279,1278.02594189,1.42111604
1280,1279.44705793,0.79587977
1281,1280.24293769,1.24036340
1282,1281.48330109,1.44122014
1283,1282.92452123,0.61638694
1284,1283.54090817,0.85839265
1285,1284.39930082,1.15963863
1286,1285.55893945,1.23225626
1287,1286.79119571,0.44598574
1288,1287.23718146,1.06252118
1289,1288.29970264,0.70077355
1290,1289.00047619,2.02376337
1291,1291.02423956,0.71235673
1292,1291.73659629,0.80090328
1293,1292.53749957,1.03053886
1294,1293.56803843,0.98778468
1295,1294.55582310,0.36423423
1296,1294.92005733,1.68260371
1297,1296.60266104,0.84065610
1298,1297.44331714,1.12631706
1299,1298.56963420,0.87449521
1300,1299.44412942,1.47077919
1301,1300.91490861,0.57662367
1302,1301.49153228,1.09580767
1303,1302.58733996,0.78271559
1304,1303.37005554,0.72594711
1305,1304.09600265,1.14487527
1306,1305.24087792,1.45377703
1307,1306.69465495,1.47668473
1308,1308.17133968,0.27178029
1309,1308.44311997,0.87024328
1310,1309.31336325,1.00124113
1311,1310.31460439,1.40716802
1312,1311.72177241,0.68755123
1313,1312.40932364,0.61218739
1314,1313.02151102,1.71930026
1315,1314.74081128,0.70607423
1316,1315.44688551,1.35730643
1317,1316.80419193,1.00018921
1318,1317.80438115,0.62051038
1319,1318.42489153,0.97382618
1320,1319.39871770,0.58048456
1321,1319.97920226,1.36929820
1322,1321.34850046,1.55936530
1323,1322.90786576,0.63584474
1324,1323.54371050,1.04850522
1325,1324.59221572,0.92378143
1326,1325.51599714,1.08609476
1327,1326.60209191,0.72406846
1328,1327.32616036,1.22515685
1329,1328.55131721,0.81820588
1330,1329.36952309,0.58771743
1331,1329.95724052,2.05806388
1332,1332.01530440,0.82023310
1333,1332.83553750,0.69384921
1334,1333.52938671,0.97647904
1335,1334.50586575,0.71409623
1336,1335.21996198,1.15706963
1337,1336.37703161,0.89308173
1338,1337.27011334,1.34707316
1339,1338.61718649,0.99750400
1340,1339.61469050,1.24825703
1341,1340.86294753,0.26014480
1342,1341.12309233,1.92482843
1343,1343.04792076,0.36485642
1344,1343.41277718,0.89193700
1345,1344.30471417,0.68939157
1346,1344.99410574,1.39399802
1347,1346.38810377,1.44623979
1348,1347.83434355,0.85568204
1349,1348.69002559,1.23146618
1350,1349.92149177,0.37826858
1351,1350.29976035,0.85919558
1352,1351.15895594,1.39796319
1353,1352.55691912,0.83681518
1354,1353.39373431,1.00858020
1355,1354.40231450,1.01242259
1356,1355.41473709,1.20804744
1357,1356.62278453,1.30642755
1358,1357.92921208,0.63369434
1359,1358.56290641,0.79422159
1360,1359.35712800,1.27828119
1361,1360.63540919,0.37004329
1362,1361.00545248,1.09393912
1363,1362.09939160,1.90009850
1364,1363.99949010,0.94715398
1365,1364.94664407,0.26043412
1366,1365.20707819,1.30844671
1367,1366.51552491,1.05008538
1368,1367.56561029,0.85295066
1369,1368.41856095,1.13803234
1370,1369.55659330,0.50011456
1371,1370.05670785,1.40580201
1372,1371.46250986,1.15986950
1373,1372.62237936,1.26340882
1374,1373.88578817,0.80937904
1375,1374.69516721,0.89344738
1376,1375.58861459,0.59552754
1377,1376.18414214,0.84631283
1378,1377.03045497,1.78900690
1379,1378.81946187,0.35443549
1380,1379.17389736,1.69955391
1381,1380.87345127,0.72316980
1382,1381.59662107,0.85233652
1383,1382.44895759,1.06537827
1384,1383.51433586,1.20956335
1385,1384.72389920,0.66744693
1386,1385.39134614,0.72085628
1387,1386.11220242,1.00399663
1388,1387.11619905,1.80853216
1389,1388.92473121,0.94743172
1390,1389.87216293,0.75927201
1391,1390.63143494,0.67192662
1392,1391.30336156,1.18129500
1393,1392.48465656,0.84123267
1394,1393.32588923,0.91826836
1395,1394.24415759,1.33128876
1396,1395.57544634,1.13164744
1397,1396.70709378,0.56336523
1398,1397.27045901,1.55436536
1399,1398.82482437,0.90167394
1400,1399.72649831,0.92982298
1401,1400.65632128,0.38455083
1402,1401.04087211,1.48964541
1403,1402.53051752,0.36767591
1404,1402.89819343,1.97849033
1405,1404.87668376,0.84110668
1406,1405.71779044,1.02614273
1407,1406.74393317,0.84293340
1408,1407.58686657,0.48041248
1409,1408.06727905,1.55199751
1410,1409.61927656,0.98634315
1411,1410.60561971,0.54193389
1412,1411.14755360,1.08231373
1413,1412.22986733,1.68486892
1414,1413.91473625,0.68548705
1415,1414.60022330,1.02552484
1416,1415.62574813,1.28048540
1417,1416.90623353,0.23977823
1418,1417.14601176,0.96860213
1419,1418.11461389,1.08026309
1420,1419.19487698,1.53616343
1421,1420.73104041,1.03459593
1422,1421.76563634,0.80725722
1423,1422.57289356,0.84354965
1424,1423.41644320,1.19581777
1425,1424.61226098,1.06968766
1426,1425.68194864,0.51429936
1427,1426.19624800,1.19955669
1428,1427.39580469,0.83082756
1429,1428.22663225,1.16783312
1430,1429.39446537,1.83116845
1431,1431.22563382,0.45017169
1432,1431.67580551,0.66867298
1433,1432.34447850,1.00093766
1434,1433.34541616,0.93970062
1435,1434.28511678,1.15349976
1436,1435.43861654,0.88362629
1437,1436.32224283,1.34492897
1438,1437.66717179,1.06476070
1439,1438.73193249,0.63931440
1440,1439.37124689,1.41266130
1441,1440.78390820,0.67222640
1442,1441.45613460,1.31283572
1443,1442.76897032,0.38363134
1444,1443.15260167,0.66450516
1445,1443.81710682,1.97112756
1446,1445.78823438,1.07419153
1447,1446.86242591,0.70603485
1448,1447.56846076,1.07159822
1449,1448.64005898,0.89259780
1450,1449.53265678,0.55450823
1451,1450.08716500,1.45580957
1452,1451.54297457,0.97529729
1453,1452.51827186,0.70263445
1454,1453.22090631,1.36897399
1455,1454.58988030,1.01720890
1456,1455.60708921,1.40486166
1457,1457.01195086,0.44821892
1458,1457.46016979,0.92740729
1459,1458.38757708,0.86486634
1460,1459.25244342,0.99930147
1461,1460.25174489,0.98649659
1462,1461.23824148,1.75840338
1463,1462.99664486,0.77153514
1464,1463.76818001,0.73980933
1465,1464.50798934,0.67020304
1466,1465.17819238,1.62997178
1467,1466.80816415,0.70188610
1468,1467.51005025,0.62735673
1469,1468.13740698,1.19333351
1470,1469.33074050,1.01621953
1471,1470.34696002,1.56442582
1472,1471.91138584,0.72468054
1473,1472.63606638,1.19964200
1474,1473.83570837,0.54662808
1475,1474.38233645,0.88612919
1476,1475.26846564,0.81968441
1477,1476.08815004,1.40008261
1478,1477.48823265,1.33985224
1479,1478.82808489,0.49119403
1480,1479.31927893,1.43215452
1481,1480.75143344,0.85962198
1482,1481.61105543,0.79923095
1483,1482.41028638,1.26860571
1484,1483.67889209,0.67312984
1485,1484.35202193,0.93308227
1486,1485.28510420,0.67654754
1487,1485.96165174,2.15289277
1488,1488.11454451,0.52688620
1489,1488.64143071,1.15024006
1490,1489.79167077,0.50366274
1491,1490.29533351,1.01992398
1492,1491.31525749,1.10932090
1493,1492.42457840,1.06568367
1494,1493.49026207,0.67120725
1495,1494.16146932,1.91603394
1496,1496.07750327,0.08925291
1497,1496.16675618,1.40065025
1498,1497.56740643,1.43775921
1499,1499.00516564,0.49287623
1500,1499.49804188,0.76803904
1501,1500.26608091,0.83750089
1502,1501.10358180,1.15448868
1503,1502.25807048,1.36732989
1504,1503.62540038,1.22809785
1505,1504.85349823,1.02281571
1506,1505.87631394,0.34671639
1507,1506.22303033,1.32880019
1508,1507.55183052,0.71146515
1509,1508.26329567,1.39617720
1510,1509.65947287,0.71796168
1511,1510.37743456,0.72646614
1512,1511.10390070,1.45879998
1513,1512.56270068,1.49218746
1514,1514.05488814,0.54536352
1515,1514.60025166,0.81441810
1516,1515.41466976,1.16177779
1517,1516.57644754,0.81517426
1518,1517.39162180,0.45414445
1519,1517.84576625,1.80426441
1520,1519.65003066,1.14068399
1521,1520.79071465,0.86085448
1522,1521.65156913,0.75530574
1523,1522.40687487,1.12352837
1524,1523.53040324,1.18681100
1525,1524.71721423,0.69613916
1526,1525.41335339,0.89658369
1527,1526.30993708,0.79630217
1528,1527.10623925,1.39396117
1529,1528.50020042,1.22419140
1530,1529.72439182,1.20731233
1531,1530.93170415,0.77417118
1532,1531.70587533,0.70765844
1533,1532.41353377,0.53891639
1534,1532.95245016,1.72510063
1535,1534.67755079,0.56941960
1536,1535.24697038,1.20522027
1537,1536.45219065,1.24018506
1538,1537.69237571,0.94412280
1539,1538.63649851,0.84131215
1540,1539.47781066,1.27828767
1541,1540.75609832,0.78999770
1542,1541.54609603,0.76771941
1543,1542.31381544,0.92783853
1544,1543.24165397,0.73838020
1545,1543.98003417,2.17498586
1546,1546.15502003,0.61644219
1547,1546.77146222,0.54922151
1548,1547.32068373,1.41379696
1549,1548.73448069,0.48078187
1550,1549.21526256,1.33413436
1551,1550.54939692,0.63450160
1552,1551.18389852,1.49500116
1553,1552.67889967,0.55354174
1554,1553.23244142,1.28475466
1555,1554.51719607,1.38576664
1556,1555.90296271,0.80323611
1557,1556.70619882,0.83270802
1558,1557.53890684,0.84313101
1559,1558.38203785,0.70480754
1560,1559.08684539,1.19305456
1561,1560.27989995,1.24861380
1562,1561.52851374,1.28345911
1563,1562.81197286,0.97508924
1564,1563.78706210,0.74835817
1565,1564.53542027,0.63514883
1566,1565.17056910,1.52226094
1567,1566.69283004,1.03240540
1568,1567.72523544,0.36156108
1569,1568.08679652,0.96609726
1570,1569.05289378,1.68656336
1571,1570.73945715,0.91941336
1572,1571.65887050,1.30934935
1573,1572.96821985,0.45990702
1574,1573.42812687,1.11164059
1575,1574.53976746,0.65556041
1576,1575.19532787,0.94186194
1577,1576.13718981,1.40910873
1578,1577.54629854,1.06313341
1579,1578.60943195,1.25499041
1580,1579.86442236,0.29919322
1581,1580.16361559,1.69287012
1582,1581.85648571,0.80498533
1583,1582.66147104,0.56603073
1584,1583.22750177,1.29865228
1585,1584.52615405,0.71388908
1586,1585.24004312,0.79104792
1587,1586.03109104,1.92893737
1588,1587.96002841,0.95828072
1589,1588.91830913,0.72372099
1590,1589.64203012,0.58020886
1591,1590.22223898,1.23996297
1592,1591.46220194,0.82136154
1593,1592.28356348,1.38602194
1594,1593.66958542,0.44312624
1595,1594.11271166,1.48716337
1596,1595.59987503,1.09992343
1597,1596.69979846,0.82514642
1598,1597.52494488,1.14487266
1599,1598.66981754,1.22353469
1600,1599.89335223,0.38017904
1601,1600.27353127,0.71542337
1602,1600.98895465,1.15696372
1603,1602.14591836,1.72202556
1604,1603.86794392,0.74182661
1605,1604.60977054,1.11723738
1606,1605.72700792,0.94793010
1607,1606.67493802,0.53667717
1608,1607.21161519,1.25758002
1609,1608.46919521,1.18590562
1610,1609.65510084,0.50113761
1611,1610.15623845,1.29480539
1612,1611.45104384,0.79137711
1613,1612.24242096,1.83373648
1614,1614.07615743,0.57606522
1615,1614.65222266,1.08989589
1616,1615.74211854,0.41237280
1617,1616.15449134,1.22223728
1618,1617.37672862,0.94861242
1619,1618.32534104,0.79544372
1620,1619.12078476,1.93018788
1621,1621.05097264,0.53417610
1622,1621.58514875,0.84469958
1623,1622.42984833,1.02841128
1624,1623.45825961,1.29061987
1625,1624.74887948,0.76172497
1626,1625.51060445,0.83023852
1627,1626.34084297,0.77613446
1628,1627.11697743,1.14434351
1629,1628.26132094,1.64341819
1630,1629.90473913,0.81447339
1631,1630.71921252,0.95117581
1632,1631.67038833,1.05850117
1633,1632.72888950,0.41376201
1634,1633.14265151,0.94266280
1635,1634.08531432,1.64702594
1636,1635.73234026,0.60617281
1637,1636.33851306,1.06541378
1638,1637.40392684,1.41466715
1639,1638.81859399,0.66578984
1640,1639.48438383,1.25807223
1641,1640.74245606,0.73820115
1642,1641.48065721,1.05392475
1643,1642.53458195,0.81692846
1644,1643.35151041,0.50329100
1645,1643.85480142,1.73587074
1646,1645.59067215,1.45565457
1647,1647.04632672,0.70596649
1648,1647.75229322,0.59865268
1649,1648.35094590,0.94620300
1650,1649.29714889,1.41182909
1651,1650.70897798,0.56669126
1652,1651.27566924,1.03997526
1653,1652.31564451,1.07659048
1654,1653.39223498,1.26892993
1655,1654.66116491,0.70468072
1656,1655.36584563,1.73334361
1657,1657.09918924,0.56971961
1658,1657.66890885,0.57754694
1659,1658.24645580,1.16278347
1660,1659.40923926,0.62407282
1661,1660.03331209,1.35597398
1662,1661.38928607,1.35834375
1663,1662.74762982,0.94940010
1664,1663.69702992,0.95192243
1665,1664.64895235,0.88373758
1666,1665.53268993,0.77999998
1667,1666.31268992,1.31539339
1668,1667.62808331,0.87635808
1669,1668.50444139,0.89420063
1670,1669.39864201,0.45796197
1671,1669.85660398,2.03611709
1672,1671.89272107,1.11345640
1673,1673.00617747,0.34713706
1674,1673.35331453,1.41692268
1675,1674.77023721,0.56680618
1676,1675.33704339,0.79506217
1677,1676.13210556,1.18844398
1678,1677.32054954,1.13216267
1679,1678.45271222,1.35783554
1680,1679.81054776,0.68435834
1681,1680.49490610,0.99101757
1682,1681.48592367,1.14303515
1683,1682.62895882,1.17587552
1684,1683.80483435,0.70480737
1685,1684.50964172,0.44076843
1686,1684.95041014,1.49425274
1687,1686.44466289,0.71945195
1688,1687.16411484,1.73438882
1689,1688.89850366,1.04332540
1690,1689.94182906,0.66392055
1691,1690.60574961,0.70824571
1692,1691.31399532,0.87411742
1693,1692.18811274,1.48723070
1694,1693.67534344,0.63793511
1695,1694.31327854,0.97725462
1696,1695.29053317,1.30911541
1697,1696.59964857,0.93214839
1698,1697.53179696,1.38349412
1699,1698.91529108,0.50595060
1700,1699.42124168,1.33194729
1701,1700.75318897,0.57379287
1702,1701.32698184,0.97717617
1703,1702.30415800,0.52675902
1704,1702.83091702,2.20218127
1705,1705.03309830,0.58654912
1706,1705.61964741,1.01798871
1707,1706.63763612,0.80028331
1708,1707.43791943,1.22800911
1709,1708.66592854,0.58828256
1710,1709.25421110,1.26047941
1711,1710.51469051,0.98372077
1712,1711.49841128,0.59994199
1713,1712.09835327,1.39294941
1714,1713.49130268,1.26622707
1715,1714.75752975,1.16646143
1716,1715.92399118,0.81273571
1717,1716.73672689,0.44418812
1718,1717.18091501,1.09511180
1719,1718.27602681,0.98188715
1720,1719.25791396,1.19410457
1721,1720.45201852,0.98272724
1722,1721.43474576,1.66658023
1723,1723.10132600,0.39084683
1724,1723.49217282,0.67506466
1725,1724.16723749,1.66922120
1726,1725.83645869,0.71758687
1727,1726.55404556,0.85348693
1728,1727.40753249,0.67680426
1729,1728.08433676,1.08150122
1730,1729.16583798,1.65481920
1731,1730.82065718,1.00797625
1732,1731.82863342,0.88582782
1733,1732.71446124,0.74349099
1734,1733.45795223,1.02338409
1735,1734.48133632,0.68409801
1736,1735.16543433,1.14720058
1737,1736.31263491,1.29147796
1738,1737.60411287,0.94726072
1739,1738.55137359,0.79817971
1740,1739.34955329,1.41696730
1741,1740.76652059,1.01490133
1742,1741.78142193,0.70392540
1743,1742.48534733,0.93275024
1744,1743.41809757,1.11765762
1745,1744.53575518,0.42223761
1746,1744.95799279,1.26123915
1747,1746.21923194,2.04555158
1748,1748.26478352,0.20643745
1749,1748.47122097,1.19420487
1750,1749.66542583,0.74761061
1751,1750.41303644,0.77989470
1752,1751.19293114,1.76365637
1753,1752.95658750,0.18429166
1754,1753.14087916,0.99765089
1755,1754.13853005,1.42506927
1756,1755.56359932,1.08211299
1757,1756.64571230,0.95157640
1758,1757.59728871,1.28551574
1759,1758.88280444,0.72111894
1760,1759.60392338,0.95027658
1761,1760.55419996,0.19100227
1762,1760.74520223,1.68469086
1763,1762.42989309,1.02328338
1764,1763.45317647,1.51445031
1765,1764.96762678,0.46360975
1766,1765.43123653,1.26326956
1767,1766.69450608,0.64873645
1768,1767.34324253,1.31910649
1769,1768.66234902,0.67755263
1770,1769.33990165,1.21743531
1771,1770.55733696,0.57078340
1772,1771.12812036,1.04305711
1773,1772.17117748,1.88557725
1774,1774.05675473,0.87534866
1775,1774.93210339,0.48146106
1776,1775.41356446,0.92051827
1777,1776.33408272,1.27899273
1778,1777.61307545,0.45571708
1779,1778.06879254,1.25146897
1780,1779.32026151,1.28138074
1781,1780.60164225,1.09438091
1782,1781.69602316,0.87049290
1783,1782.56651606,0.84124415
1784,1783.40776021,1.43860224
1785,1784.84636245,0.71099829
1786,1785.55736074,0.84973128
1787,1786.40709203,0.80381490
1788,1787.21090692,0.78042361
1789,1787.99133053,1.84717624
1790,1789.83850677,0.74352447
1791,1790.58203124,1.34031398
1792,1791.92234522,0.82973575
1793,1792.75208097,0.35140184
1794,1793.10348281,1.16448835
1795,1794.26797116,1.26746325
1796,1795.53543441,1.19555793
1797,1796.73099233,0.20737253
1798,1796.93836487,1.72950746
1799,1798.66787233,0.94879512
1800,1799.61666745,1.13078072
1801,1800.74744818,0.94868584
1802,1801.69613402,0.78749835
1803,1802.48363237,0.80344349
1804,1803.28707586,1.09054447
1805,1804.37762033,0.52718794
1806,1804.90480827,1.99031975
1807,1806.89512802,1.07471826
1808,1807.96984628,0.46873100
1809,1808.43857728,0.87631750
1810,1809.31489478,1.34331242
1811,1810.65820720,0.85880146
1812,1811.51700866,0.83627990
1813,1812.35328856,0.91673661
1814,1813.27002518,1.18774672
1815,1814.45777189,0.81009817
1816,1815.26787006,1.75311233
1817,1817.02098239,0.67910325
1818,1817.70008564,0.92057740
1819,1818.62066304,0.98319627
1820,1819.60385931,0.32558918
1821,1819.92944850,1.38731165
1822,1821.31676015,1.18427925
1823,1822.50103940,1.00816471
1824,1823.50920411,1.23096338
1825,1824.74016748,0.87532874
1826,1825.61549622,0.98411885
1827,1826.59961507,0.69039444
1828,1827.29000951,1.70552294
1829,1828.99553245,0.31595516
1830,1829.31148761,0.71011724
1831,1830.02160484,1.07454543
1832,1831.09615027,1.74663333
1833,1832.84278360,1.14106506
1834,1833.98384866,0.46912999
1835,1834.45297865,1.25278585
1836,1835.70576450,0.57026428
1837,1836.27602877,0.99152100
1838,1837.26754977,1.18690687
1839,1838.45445664,0.84235070
1840,1839.29680735,1.38588284
1841,1840.68269019,0.85713856
1842,1841.53982875,0.83594398
1843,1842.37577273,1.62653134
1844,1844.00230407,0.69844036
1845,1844.70074443,0.52355062
1846,1845.22429505,1.09519680
1847,1846.31949185,0.97991297
1848,1847.29940482,0.81093828
1849,1848.11034310,1.69564534
1850,1849.80598844,1.22306394
1851,1851.02905238,0.50020041
1852,1851.52925279,0.82978062
1853,1852.35903341,0.97027550
1854,1853.32930892,1.29831084
1855,1854.62761976,0.73358891
1856,1855.36120867,1.18503905
1857,1856.54624772,0.41563214
1858,1856.96187986,1.94242260
1859,1858.90430246,0.66885542
1860,1859.57315788,1.19232488
1861,1860.76548276,0.82411511
1862,1861.58959788,0.95121707
1863,1862.54081495,0.79077353
1864,1863.33158848,0.47427473
1865,1863.80586321,1.89258851
1866,1865.69845172,1.03877178
1867,1866.73722350,0.76656264
1868,1867.50378614,1.32253094
1869,1868.82631708,0.43228062
1870,1869.25859770,1.43004010
1871,1870.68863780,0.77402592
1872,1871.46266371,0.90194019
1873,1872.36460390,0.97405326
1874,1873.33865716,0.77987766
1875,1874.11853482,1.52084513
1876,1875.63937996,1.38565344
1877,1877.02503339,0.82070965
1878,1877.84574305,0.48639565
1879,1878.33213869,0.88365667
1880,1879.21579536,1.14198503
1881,1880.35778040,1.23360315
1882,1881.59138355,0.46756856
1883,1882.05895211,1.77385163
1884,1883.83280374,0.80847726
1885,1884.64128100,0.74233753
1886,1885.38361853,1.26163740
1887,1886.64525593,1.12367963
1888,1887.76893556,0.72535212
1889,1888.49428768,0.82838762
1890,1889.32267530,0.67987972
1891,1890.00255501,1.25916718
1892,1891.26172220,1.83202918
1893,1893.09375138,0.52672989
1894,1893.62048127,0.89567713
1895,1894.51615839,1.26124729
1896,1895.77740568,0.45332060
1897,1896.23072628,0.93067173
1898,1897.16139802,1.63378911
1899,1898.79518713,0.41671814
1900,1899.21190527,1.17853578
1901,1900.39044105,1.03861913
1902,1901.42906018,1.66043968
1903,1903.08949986,0.38242566
1904,1903.47192552,1.13383714
1905,1904.60576266,0.90671161
1906,1905.51247427,0.70485838
1907,1906.21733266,0.90131867
1908,1907.11865133,1.21132554
1909,1908.32997687,1.54930818
1910,1909.87928505,0.95632296
1911,1910.83560801,0.80001443
1912,1911.63562244,0.48138612
1913,1912.11700856,1.53607507
1914,1913.65308363,1.01302478
1915,1914.66610841,0.67650557
1916,1915.34261397,0.69569524
1917,1916.03830921,1.46453611
1918,1917.50284532,1.02425115
1919,1918.52709648,1.27572881
1920,1919.80282529,1.05877091
1921,1920.86159620,0.92786440
1922,1921.78946060,0.20010226
1923,1921.98956286,1.35828866
1924,1923.34785152,0.79937907
1925,1924.14723059,1.52021393
1926,1925.66744452,0.83272897
1927,1926.50017349,1.19108375
1928,1927.69125725,0.85308047
1929,1928.54433772,1.04733572
1930,1929.59167344,1.04745995
1931,1930.63913339,0.70410295
1932,1931.34323634,1.30882948
1933,1932.65206582,0.56058020
1934,1933.21264602,0.62040745
1935,1933.83305347,2.45865010
1936,1936.29170357,0.23045150
1937,1936.52215506,1.20835693
1938,1937.73051199,0.64386175
1939,1938.37437375,1.04616201
1940,1939.42053576,0.92511490
1941,1940.34565066,0.99067013
1942,1941.33632079,1.12243985
1943,1942.45876065,0.98054933
1944,1943.43930998,1.32374810
1945,1944.76305809,0.60689047
1946,1945.36994855,1.39360893
1947,1946.76355748,1.12951861
1948,1947.89307609,0.50300222
1949,1948.39607831,0.69625054
1950,1949.09232885,1.05049769
1951,1950.14282654,1.29083370
1952,1951.43366023,1.19316977
1953,1952.62683000,1.38576170
1954,1954.01259171,0.51902489
1955,1954.53161660,1.09281103
1956,1955.62442762,0.42330671
1957,1956.04773433,1.67141535
1958,1957.71914968,0.75800660
1959,1958.47715628,0.73292881
1960,1959.21008509,1.07536858
1961,1960.28545367,1.23788875
1962,1961.52334243,1.41007657
1963,1962.93341899,0.94472575
1964,1963.87814474,0.36411729
1965,1964.24226203,1.50297496
1966,1965.74523699,0.43410985
1967,1966.17934684,0.87839390
1968,1967.05774074,1.26240760
1969,1968.32014834,1.73189355
1970,1970.05204189,0.55616163
1971,1970.60820352,0.66438410
1972,1971.27258761,1.47370078
1973,1972.74628839,0.74251258
1974,1973.48880097,1.09226160
1975,1974.58106257,0.75207039
1976,1975.33313295,1.00394784
1977,1976.33708079,0.76361331
1978,1977.10069410,1.50630988
1979,1978.60700398,1.31128397
1980,1979.91828795,0.93401491
1981,1980.85230286,0.60815757
1982,1981.46046043,1.10792825
1983,1982.56838868,0.30626562
1984,1982.87465430,1.80249708
1985,1984.67715139,0.66915220
1986,1985.34630359,0.96552425
1987,1986.31182784,1.53173782
1988,1987.84356566,0.78495700
1989,1988.62852266,0.72735340
1990,1989.35587606,1.46126262
1991,1990.81713868,0.80687882
1992,1991.62401750,0.68550174
1993,1992.30951924,0.85317130
1994,1993.16269054,0.84554277
1995,1994.00823330,1.91366792
1996,1995.92190123,0.83719992
1997,1996.75910115,0.99293571
1998,1997.75203686,0.64878238
1999,1998.40081924,0.97905638
2000,1999.37987562,1.22514118
2001,2000.60501680,0.54927583
2002,2001.15429263,1.34105198
2003,2002.49534461,1.03159052
2004,2003.52693514,0.73273785
2005,2004.25967299,1.41474290
2006,2005.67441589,1.31512173
2007,2006.98953762,0.67136929
2008,2007.66090691,0.64412146
2009,2008.30502836,0.99817118
2010,2009.30319954,1.12696273
2011,2010.43016227,0.52492786
2012,2010.95509014,1.87015742
2013,2012.82524756,0.85498151
2014,2013.68022907,1.21272457
2015,2014.89295364,0.40616709
2016,2015.29912073,1.04829021
2017,2016.34741094,1.28075332
2018,2017.62816426,1.04782715
2019,2018.67599141,0.55962377
2020,2019.23561518,0.74072463
2021,2019.97633981,1.61637481
2022,2021.59271462,1.37414549
2023,2022.96686011,0.50940303
2024,2023.47626314,1.40153913
2025,2024.87780226,0.65819647
2026,2025.53599873,0.62706198
2027,2026.16306071,0.90485118
2028,2027.06791189,1.51655553
2029,2028.58446742,0.84395719
2030,2029.42842461,1.35757859
2031,2030.78600320,0.68278896
2032,2031.46879216,1.05190502
2033,2032.52069718,1.35230503
2034,2033.87300221,0.44864650
2035,2034.32164871,1.33389887
2036,2035.65554758,0.42774998
2037,2036.08329756,1.26958662
2038,2037.35288418,0.74726194
2039,2038.10014612,2.08165586
2040,2040.18180198,0.71070772
2041,2040.89250969,0.46108578
2042,2041.35359547,0.98421872
2043,2042.33781419,1.09271683
2044,2043.43053102,0.97621136
2045,2044.40674238,1.02901801
2046,2045.43576039,0.79447156
2047,2046.23023195,1.57221589
2048,2047.80244784,0.55718622
2049,2048.35963407,1.34073198
2050,2049.70036605,1.03789055
2051,2050.73825660,0.86618897
2052,2051.60444556,0.96711938
2053,2052.57156494,0.55732874
2054,2053.12889368,0.79205665
2055,2053.92095033,1.76048188
2056,2055.68143221,1.14636593
2057,2056.82779814,0.70518366
2058,2057.53298180,1.32028760
2059,2058.85326940,0.52696492
2060,2059.38023432,0.86300417
2061,2060.24323848,1.31668680
2062,2061.55992528,1.00762849
2063,2062.56755377,0.70937778
2064,2063.27693155,0.82816266
2065,2064.10509421,1.68135962
2066,2065.78645383,0.97180179
2067,2066.75825562,1.10419004
2068,2067.86244566,0.63798305
2069,2068.50042872,0.74474782
2070,2069.24517653,1.16054610
2071,2070.40572263,0.75942827
2072,2071.16515089,1.12871294
2073,2072.29386383,1.65485803
2074,2073.94872186,0.71677109
2075,2074.66549294,0.84493115
2076,2075.51042409,0.75018676
2077,2076.26061086,1.78196838
2078,2078.04257924,0.41537813
2079,2078.45795736,0.59393575
2080,2079.05189312,1.46005619
2081,2080.51194930,0.49924960
2082,2081.01119890,1.69787726
2083,2082.70907616,1.16679382
2084,2083.87586998,0.90625674
2085,2084.78212673,0.76215426
2086,2085.54428099,0.83997454
2087,2086.38425553,0.72910097
2088,2087.11335650,1.30604812
2089,2088.41940463,1.13912736
2090,2089.55853199,0.85636326
2091,2090.41489526,1.05479009
2092,2091.46968535,1.35621362
2093,2092.82589897,0.74395110
2094,2093.56985007,0.96483714
2095,2094.53468721,1.06604154
2096,2095.60072875,1.01220266
2097,2096.61293141,0.41561804
2098,2097.02854945,0.91960867
2099,2097.94815812,1.90731062
2100,2099.85546874,1.10395329
2101,2100.95942203,0.59503917
2102,2101.55446120,0.90830337
2103,2102.46276456,1.01427867
2104,2103.47704324,0.82493885
2105,2104.30198209,1.48979037
2106,2105.79177246,0.24011780
2107,2106.03189026,1.33293995
2108,2107.36483022,1.44696325
2109,2108.81179347,0.37534120
2110,2109.18713467,1.96814087
2111,2111.15527553,0.38489398
2112,2111.54016951,1.18464129
2113,2112.72481081,0.27883588
2114,2113.00364669,1.20210010
2115,2114.20574679,1.16803998
2116,2115.37378676,1.03628634
2117,2116.41007310,1.49182708
2118,2117.90190018,0.95336830
2119,2118.85526848,0.39292779
2120,2119.24819628,1.28721616
2121,2120.53541244,0.91732075
2122,2121.45273319,1.16848418
2123,2122.62121737,0.88181635
2124,2123.50303372,0.48826036
2125,2123.99129407,1.24488166
2126,2125.23617574,1.81550023
2127,2127.05167597,0.71974624
2128,2127.77142221,0.70502908
2129,2128.47645129,1.12442062
2130,2129.60087192,0.89807000
2131,2130.49894192,0.58678421
2132,2131.08572613,1.08385053
2133,2132.16957665,1.65388612
2134,2133.82346278,0.59976654
2135,2134.42322932,1.24994871
2136,2135.67317802,0.77363704
2137,2136.44681506,1.26743495
2138,2137.71425001,0.91633679
2139,2138.63058681,0.93602823
2140,2139.56661504,0.57859095
2141,2140.14520599,1.16530808
2142,2141.31051407,0.81026304
2143,2142.12077711,1.72804740
2144,2143.84882451,0.91748683
2145,2144.76631133,1.26065242
2146,2146.02696375,0.35807622
2147,2146.38503997,0.56834071
2148,2146.95338069,1.68103944
2149,2148.63442013,0.88562959
2150,2149.52004972,0.66026584
2151,2150.18031556,1.22431597
2152,2151.40463154,1.34610454
2153,2152.75073608,0.76575234
2154,2153.51648841,1.13675667
2155,2154.65324508,1.24502378
2156,2155.89826886,0.46945287
2157,2156.36772173,0.97700810
2158,2157.34472984,0.77500340
2159,2158.11973323,0.96188242
2160,2159.08161566,1.96766581
2161,2161.04928147,0.62362167
2162,2161.67290314,0.81750443
2163,2162.49040757,1.07892438
2164,2163.56933195,0.95821084
2165,2164.52754278,0.86315343
2166,2165.39069621,1.00115338
2167,2166.39184958,1.16682379
2168,2167.55867338,0.66083334
2169,2168.21950672,1.01304455
2170,2169.23255127,1.67267609
2171,2170.90522737,1.06704843
2172,2171.97227580,0.52199639
2173,2172.49427218,0.91200475
2174,2173.40627694,1.12129586
2175,2174.52757279,0.41817486
2176,2174.94574765,1.59315506
2177,2176.53890271,0.76155582
2178,2177.30045853,1.64287578
2179,2178.94333431,0.68535913
2180,2179.62869344,0.80888144
2181,2180.43757489,0.94016655
2182,2181.37774144,1.51796761
2183,2182.89570905,0.54304184
2184,2183.43875089,0.99081979
2185,2184.42957069,0.34704208
2186,2184.77661277,1.82662626
2187,2186.60323903,1.05239740
2188,2187.65563643,1.28288013
2189,2188.93851656,0.71330538
2190,2189.65182195,0.81379742
2191,2190.46561937,0.93877262
2192,2191.40439199,0.66181208
2193,2192.06620407,1.58488699
2194,2193.65109106,0.62104154
2195,2194.27213260,1.41276637
2196,2195.68489897,0.69802692
2197,2196.38292589,1.26120601
2198,2197.64413190,1.24391784
2199,2198.88804974,0.65986978
2200,2199.54791952,0.72962330
2201,2200.27754282,1.31347611
2202,2201.59101893,0.57672972
2203,2202.16774866,0.76817657
2204,2202.93592523,2.04983671
2205,2204.98576193,1.06132738
2206,2206.04708932,0.29468245
2207,2206.34177177,1.16631806
2208,2207.50808983,0.79871127
2209,2208.30680110,1.32534617
2210,2209.63214728,0.71371813
2211,2210.34586541,1.02664711
2212,2211.37251251,0.89126074
2213,2212.26377326,1.30026978
2214,2213.56404304,1.20626446
2215,2214.77030750,0.77149187
2216,2215.54179937,1.51660519
2217,2217.05840455,0.36303626
2218,2217.42144081,0.71492189
2219,2218.13636270,0.92920712
2220,2219.06556982,1.32400912
2221,2220.38957893,1.34792805
2222,2221.73750699,0.77350596
2223,2222.51101295,1.35693744
2224,2223.86795039,0.70407513
2225,2224.57202553,0.64891018
2226,2225.22093571,1.46121981
2227,2226.68215551,0.86331809
2228,2227.54547361,0.74763988
2229,2228.29311349,0.93992247
2230,2229.23303596,0.92772562
2231,2230.16076158,1.82517195
2232,2231.98593354,0.94533500
2233,2232.93126853,0.56221740
2234,2233.49348593,1.00712165
2235,2234.50060758,0.73463700
2236,2235.23524458,1.38089534
2237,2236.61613992,0.35034497
2238,2236.96648489,1.54721078
2239,2238.51369567,1.32315866
2240,2239.83685433,0.72597108
2241,2240.56282541,0.70748796
2242,2241.27031336,1.72202228
2243,2242.99233564,0.46528364
2244,2243.45761927,1.09926742
2245,2244.55688669,0.71547622
2246,2245.27236291,0.85177374
2247,2246.12413665,1.09850161
2248,2247.22263826,1.58989394
2249,2248.81253220,1.02333860
2250,2249.83587080,0.86611779
2251,2250.70198859,0.86569037
2252,2251.56767896,0.75385738
2253,2252.32153634,0.81233178
2254,2253.13386812,1.59364960
2255,2254.72751772,0.85813229
2256,2255.58565000,0.32308393
2257,2255.90873393,1.89539032
2258,2257.80412425,0.73867230
2259,2258.54279655,1.29781889
2260,2259.84061544,0.63944626
2261,2260.48006170,1.19262371
2262,2261.67268541,0.83841758
2263,2262.51110298,0.38930021
2264,2262.90040319,1.25689627
2265,2264.15729946,1.57212646
2266,2265.72942593,1.15286396
2267,2266.88228989,0.90891002
2268,2267.79119990,0.40344613
2269,2268.19464603,1.34019977
2270,2269.53484580,1.10623646
2271,2270.64108227,0.77491178
2272,2271.41599404,0.80103750
2273,2272.21703154,1.23215584
2274,2273.44918738,0.84474424
2275,2274.29393163,1.24968308
2276,2275.54361471,1.59248775
2277,2277.13610246,0.53791536
2278,2277.67401781,0.76359038
2279,2278.43760819,0.77437304
2280,2279.21198123,1.09698392
2281,2280.30896515,0.99177178
2282,2281.30073693,1.10544084
2283,2282.40617777,1.39190263
2284,2283.79808040,0.71529423
2285,2284.51337463,1.36101363
2286,2285.87438826,0.32981639
2287,2286.20420465,1.41387477
2288,2287.61807942,1.14836508
2289,2288.76644450,0.48515916
2290,2289.25160366,1.08925514
2291,2290.34085880,0.47670567
2292,2290.81756447,2.46790621
2293,2293.28547069,0.16717109
2294,2293.45264178,1.19658159
2295,2294.64922337,1.00226029
2296,2295.65148367,0.91761925
2297,2296.56910292,0.40332810
2298,2296.97243101,1.54652407
2299,2298.51895508,0.81621946
2300,2299.33517454,1.28131813
2301,2300.61649266,0.79885614
2302,2301.41534880,1.20194355
2303,2302.61729235,1.01225131
2304,2303.62954366,1.25278056
2305,2304.88232422,0.70172891
2306,2305.58405313,0.50644198
2307,2306.09049510,1.28545884
2308,2307.37595394,0.77392996
2309,2308.14988390,1.20495928
2310,2309.35484318,1.74968296
2311,2311.10452614,0.65468755
2312,2311.75921370,0.77841455
2313,2312.53762825,0.61781118
2314,2313.15543943,1.37400577
2315,2314.52944520,1.10670316
2316,2315.63614836,0.70963522
2317,2316.34578358,0.80436483
2318,2317.15014841,1.32894573
2319,2318.47909414,1.11471240
2320,2319.59380654,1.20163622
2321,2320.79544276,0.99961177
2322,2321.79505453,0.65697983
2323,2322.45203436,1.17523468
2324,2323.62726904,0.60835243
2325,2324.23562147,0.60613427
2326,2324.84175574,1.85623501
2327,2326.69799075,0.99465018
2328,2327.69264092,0.93732760
2329,2328.62996852,0.89607505
2330,2329.52604357,1.09260610
2331,2330.61864967,0.95548688
2332,2331.57413656,0.71959337
2333,2332.29372992,1.50299087
2334,2333.79672079,0.37680611
2335,2334.17352690,0.83461053
2336,2335.00813744,1.50816569
2337,2336.51630313,1.54137895
2338,2338.05768208,0.63942693
2339,2338.69710901,1.04747179
2340,2339.74458080,0.42245926
2341,2340.16704006,1.15577090
2342,2341.32281097,1.03909582
2343,2342.36190679,1.08590559
2344,2343.44781238,0.81402639
2345,2344.26183877,1.66766451
2346,2345.92950328,0.69511820
2347,2346.62462147,0.59260310
2348,2347.21722458,1.61542789
2349,2348.83265247,0.95598209
2350,2349.78863456,0.57819122
2351,2350.36682577,0.73050512
2352,2351.09733089,1.08257238
2353,2352.17990327,1.14567918
2354,2353.32558246,1.81429032
2355,2355.13987277,0.32493248
2356,2355.46480525,1.39139341
2357,2356.85619866,0.52273572
2358,2357.37893438,0.89368058
2359,2358.27261496,1.14105446
2360,2359.41366942,0.98528796
2361,2360.39895738,1.20848971
2362,2361.60744709,0.62205951
2363,2362.22950660,1.15405049
2364,2363.38355709,1.67071190
2365,2365.05426899,0.55839741
2366,2365.61266641,0.87316130
2367,2366.48582771,1.15604778
2368,2367.64187549,0.58854190
2369,2368.23041739,1.08660595
2370,2369.31702334,0.62133542
2371,2369.93835877,2.03676055
2372,2371.97511932,0.78237580
2373,2372.75749512,0.77209024
2374,2373.52958536,1.07623511
2375,2374.60582047,0.62532381
2376,2375.23114428,1.54136306
2377,2376.77250734,0.72952535
2378,2377.50203269,0.66653069
2379,2378.16856338,1.02789065
2380,2379.19645403,1.33848463
2381,2380.53493866,1.08895484
2382,2381.62389350,1.17532409
2383,2382.79921759,1.14988163
2384,2383.94909922,0.50987793
2385,2384.45897715,0.74076102
2386,2385.19973817,0.86312086
2387,2386.06285903,1.55206984
2388,2387.61492887,0.69217654
2389,2388.30710541,1.30904671
2390,2389.61615212,1.26459888
2391,2390.88075100,0.45711644
2392,2391.33786744,1.28339663
2393,2392.62126407,0.97256484
2394,2393.59382891,0.92144183
2395,2394.51527074,0.90738297
2396,2395.42265371,1.01093117
2397,2396.43358489,0.32128261
2398,2396.75486749,2.08975052
2399,2398.84461801,1.21588364
2400,2400.06050165,0.69125802
2401,2400.75175966,0.35007096
2402,2401.10183062,1.69925458
2403,2402.80108521,0.36039246
2404,2403.16147766,1.09152460
2405,2404.25300226,1.23430951
2406,2405.48731177,0.97627293
2407,2406.46358470,1.13352967
2408,2407.59711437,0.85344665
2409,2408.45056102,1.23906780
2410,2409.68962882,1.38375524
2411,2411.07338406,0.16011534
2412,2411.23349940,1.27191069
2413,2412.50541009,0.61540243
2414,2413.12081252,0.94738299
2415,2414.06819551,1.58845909
2416,2415.65665459,0.95724077
2417,2416.61389537,1.42129630
2418,2418.03519167,0.48295394
2419,2418.51814562,0.90322386
2420,2419.42136948,0.71567296
2421,2420.13704243,1.72596231
2422,2421.86300475,0.53205002
2423,2422.39505477,0.74604121
2424,2423.14109597,1.09900774
2425,2424.24010372,1.51552566
2426,2425.75562938,0.95742539
2427,2426.71305477,1.03288793
2428,2427.74594270,0.91120764
2429,2428.65715034,0.79601783
2430,2429.45316817,0.76530971
2431,2430.21847788,0.99058552
2432,2431.20906340,0.97352839
2433,2432.18259179,1.77765415
2434,2433.96024593,0.74903911
2435,2434.70928504,0.65353445
2436,2435.36281949,1.18078314
2437,2436.54360263,1.11248977
2438,2437.65609240,0.97595895
2439,2438.63205135,0.63590289
2440,2439.26795424,1.05105229
2441,2440.31900653,1.16319560
2442,2441.48220214,0.49288870
2443,2441.97509084,2.16299244
2444,2444.13808328,0.59015743
2445,2444.72824071,0.88857660
2446,2445.61681731,1.00733322
2447,2446.62415053,0.42007625
2448,2447.04422678,1.31113680
2449,2448.35536359,1.14576181
2450,2449.50112540,0.84006050
2451,2450.34118590,1.15710240
2452,2451.49828829,1.27668828
2453,2452.77497658,0.79830584
2454,2453.57328242,0.89118442
2455,2454.46446683,1.23384379
2456,2455.69831063,1.03086959
2457,2456.72918021,0.76384990
2458,2457.49303011,0.21619262
2459,2457.70922273,1.53873397
2460,2459.24795671,1.70782339
2461,2460.95578010,0.69204452
2462,2461.64782462,1.08492066
2463,2462.73274528,0.87462255
2464,2463.60736783,0.66227078
2465,2464.26963861,1.17415743
2466,2465.44379604,0.89393727
2467,2466.33773331,1.28802848
2468,2467.62576179,0.52540042
2469,2468.15116221,1.50095138
2470,2469.65211359,0.67156490
2471,2470.32367849,1.73764893
2472,2472.06132742,0.79924293
2473,2472.86057035,0.36464222
2474,2473.22521257,1.09065449
2475,2474.31586706,1.19599077
2476,2475.51185782,0.46941914
2477,2475.98127696,1.38823290
2478,2477.36950986,1.60387375
2479,2478.97338361,0.81475770
2480,2479.78814132,0.71743606
2481,2480.50557737,0.70119645
2482,2481.20677382,1.64134027
2483,2482.84811410,0.44467445
2484,2483.29278855,1.41168953
2485,2484.70447807,0.34555467
2486,2485.05003274,1.06459124
2487,2486.11462398,1.64935184
2488,2487.76397582,1.00821534
2489,2488.77219117,0.91677314
2490,2489.68896431,1.00952527
2491,2490.69848958,0.87583833
2492,2491.57432791,0.58241159
2493,2492.15673950,0.84832583
2494,2493.00506532,1.68784954
2495,2494.69291487,0.77541959
2496,2495.46833446,1.08350426
2497,2496.55183872,1.07950322
2498,2497.63134194,1.07688732
2499,2498.70822926,0.68314132
2500,2499.39137057,1.44251504
2501,2500.83388561,0.45446368
2502,2501.28834929,1.12395966
2503,2502.41230896,0.70148393
2504,2503.11379288,1.04166639
2505,2504.15545927,1.81715916
2506,2505.97261843,1.03617884
2507,2507.00879727,0.48005352
2508,2507.48885079,0.96302223
2509,2508.45187303,0.74419817
2510,2509.19607120,1.37384508
2511,2510.56991628,1.00123148
2512,2511.57114776,0.37845448
2513,2511.94960224,1.96321940
2514,2513.91282164,0.39807554
2515,2514.31089717,1.23452552
2516,2515.54542269,1.19474407
2517,2516.74016676,1.07987429
2518,2517.82004105,0.76936263
2519,2518.58940368,0.53272562
2520,2519.12212930,1.11685384
2521,2520.23898315,0.85793518
2522,2521.09691832,1.61301563
2523,2522.70993395,1.23714078
2524,2523.94707473,0.51423301
2525,2524.46130774,1.22953877
2526,2525.69084651,0.87431252
2527,2526.56515903,0.52824338
2528,2527.09340241,1.60032029
2529,2528.69372270,0.76324002
2530,2529.45696272,0.87596370
2531,2530.33292642,0.69763092
2532,2531.03055734,1.82392681
2533,2532.85448415,1.01839510
2534,2533.87287925,0.73998804
2535,2534.61286729,0.92832091
2536,2535.54118820,0.95653233
2537,2536.49772053,0.78696629
2538,2537.28468682,0.74864401
2539,2538.03333083,1.43720010
2540,2539.47053093,1.16713335
2541,2540.63766428,1.31900756
2542,2541.95667183,0.50306193
2543,2542.45973377,0.78817051
2544,2543.24790428,1.57129570
2545,2544.81919998,0.84657949
2546,2545.66577948,0.60251145
2547,2546.26829093,0.96028428
2548,2547.22857521,0.97115166
2549,2548.19972687,1.28850252
2550,2549.48822940,1.18151172
2551,2550.66974112,1.45662986
2552,2552.12637098,0.53138074
2553,2552.65775171,0.58015130
2554,2553.23790301,1.03883076
2555,2554.27673377,1.05006192
2556,2555.32679569,1.12336136
2557,2556.45015704,1.04551117
2558,2557.49566822,0.86048790
2559,2558.35615612,1.51257445
2560,2559.86873057,0.49110912
2561,2560.35983970,1.62563774
2562,2561.98547744,0.29498858
2563,2562.28046602,1.36512331
2564,2563.64558933,0.81620854
2565,2564.46179787,0.68659643
2566,2565.14839430,0.71029351
2567,2565.85868781,2.29101426
2568,2568.14970208,0.57050376
2569,2568.72020584,0.76864909
2570,2569.48885492,1.13896453
2571,2570.62781945,0.76271622
2572,2571.39053567,1.01570170
2573,2572.40623737,0.99215397
2574,2573.39839133,1.07410896
2575,2574.47250030,0.80899147
2576,2575.28149176,1.21403837
2577,2576.49553013,1.01127814
2578,2577.50680827,1.34653831
2579,2578.85334658,0.90860090
2580,2579.76194748,0.90317808
2581,2580.66512556,0.70935960
2582,2581.37448515,0.52275657
2583,2581.89724172,1.69678144
2584,2583.59402316,0.54259043
2585,2584.13661359,1.66488412
2586,2585.80149771,0.99047251
2587,2586.79197022,1.01632681
2588,2587.80829703,0.34680929
2589,2588.15510631,1.25774695
2590,2589.41285326,1.52186194
2591,2590.93471521,0.37126766
2592,2591.30598286,0.83854045
2593,2592.14452331,1.06307798
2594,2593.20760129,1.22841402
2595,2594.43601531,1.75504773
2596,2596.19106304,0.32381854
2597,2596.51488159,1.06903698
2598,2597.58391856,0.97218281
2599,2598.55610137,0.82770757
2600,2599.38380894,0.69260270
2601,2600.07641164,1.22259060
2602,2601.29900224,1.36461310
2603,2602.66361534,1.14666164
2604,2603.81027698,0.43344523
2605,2604.24372221,1.42010269
2606,2605.66382490,1.07698972
2607,2606.74081461,0.85322033
2608,2607.59403495,0.73869796
2609,2608.33273291,1.21803202
2610,2609.55076493,0.58167438
2611,2610.13243931,0.91302897
2612,2611.04546828,1.77381472
2613,2612.81928300,1.04977766
2614,2613.86906066,1.02347321
2615,2614.89253387,0.47709561
2616,2615.36962948,0.90092808
2617,2616.27055756,1.04188582
2618,2617.31244338,1.31259368
2619,2618.62503707,0.83476262
2620,2619.45979968,0.59619802
2621,2620.05599770,1.69752733
2622,2621.75352503,0.97817358
2623,2622.73169861,0.59925517
2624,2623.33095377,1.65563648
2625,2624.98659025,0.68002105
2626,2625.66661130,0.53349966
2627,2626.20011096,1.24528365
2628,2627.44539461,0.33714378
2629,2627.78253839,1.89068513
2630,2629.67322352,1.02840233
2631,2630.70162585,1.17848043
2632,2631.88010628,0.59318418
2633,2632.47329047,0.97203550
2634,2633.44532597,1.06608807
2635,2634.51141404,0.97287078
2636,2635.48428482,0.82643882
2637,2636.31072365,1.31726277
2638,2637.62798642,0.48917347
2639,2638.11715989,1.16287219
2640,2639.28003208,1.78700354
2641,2641.06703562,0.70675818
2642,2641.77379380,0.94288437
2643,2642.71667817,0.43131139
2644,2643.14798956,1.44282104
2645,2644.59081060,0.52608667
2646,2645.11689728,1.09863180
2647,2646.21552908,1.30550264
2648,2647.52103172,1.49753376
2649,2649.01856548,0.36299292
2650,2649.38155840,1.23487709
2651,2650.61643549,0.75617830
2652,2651.37261379,1.31995864
2653,2652.69257243,1.09080247
2654,2653.78337489,0.40580438
2655,2654.18917927,0.81494448
2656,2655.00412375,1.28022015
2657,2656.28434390,1.52462634
2658,2657.80897024,0.96736872
2659,2658.77633896,0.86812884
2660,2659.64446780,1.21932757
2661,2660.86379537,0.53554913
2662,2661.39934450,0.46336303
2663,2661.86270752,1.73898385
2664,2663.60169137,0.87582342
2665,2664.47751479,0.81226750
2666,2665.28978229,1.40300026
2667,2666.69278255,0.75555614
2668,2667.44833869,1.34275772
2669,2668.79109641,0.84593445
2670,2669.63703086,0.91931153
2671,2670.55634239,0.93290025
2672,2671.48924264,0.72568801
2673,2672.21493066,1.03320694
2674,2673.24813759,0.80986841
2675,2674.05800601,2.24923340
2676,2676.30723940,0.31559550
2677,2676.62283491,0.94139795
2678,2677.56423286,0.69522000
2679,2678.25945285,1.27782391
2680,2679.53727676,1.05333803
2681,2680.59061479,0.65297539
2682,2681.24359018,1.15783670
2683,2682.40142688,0.93257243
2684,2683.33399932,1.22046699
2685,2684.55446631,0.97230090
2686,2685.52676720,1.54830249
2687,2687.07506969,0.40828890
2688,2687.48335859,1.19607642
2689,2688.67943501,0.55490488
2690,2689.23433990,0.83541734
2691,2690.06975724,1.14522155
2692,2691.21497879,1.66617379
2693,2692.88115257,0.47785715
2694,2693.35900972,1.48134621
2695,2694.84035593,0.95846300
2696,2695.79881893,0.35326224
2697,2696.15208117,1.39565599
2698,2697.54773716,0.99099488
2699,2698.53873204,1.16720762
2700,2699.70593966,0.39075521
2701,2700.09669487,0.84271342
2702,2700.93940829,1.92098538
2703,2702.86039368,0.90507788
2704,2703.76547155,1.08556091
2705,2704.85103246,0.67279551
2706,2705.52382797,0.83340566
2707,2706.35723363,0.98367629
2708,2707.34090993,0.96725078
2709,2708.30816071,0.92787899
2710,2709.23603970,1.37448629
2711,2710.61052599,1.14936825
2712,2711.75989424,0.79695816
2713,2712.55685239,0.72470809
2714,2713.28156048,1.72786652
2715,2715.00942700,0.59504908
2716,2715.60447607,0.70298847
2717,2716.30746455,0.89241140
2718,2717.19987595,1.20678722
2719,2718.40666317,0.64156517
2720,2719.04822834,1.76365009
2721,2720.81187843,1.19823168
2722,2722.01011012,0.59224062
2723,2722.60235073,0.88481309
2724,2723.48716383,0.87090055
2725,2724.35806438,0.82879393
2726,2725.18685831,1.64411816
2727,2726.83097646,0.34148613
2728,2727.17246259,1.17782980
2729,2728.35029239,1.06078327
2730,2729.41107566,1.40703489
2731,2730.81811055,0.95047925
2732,2731.76858980,0.64710570
2733,2732.41569549,1.37811055
2734,2733.79380604,0.71756794
2735,2734.51137399,0.60459684
2736,2735.11597083,0.79041100
2737,2735.90638184,1.70093633
2738,2737.60731817,1.33771300
2739,2738.94503117,0.69388280
2740,2739.63891397,0.80014170
2741,2740.43905567,1.25520279
2742,2741.69425846,0.56798862
2743,2742.26224707,1.35921824
2744,2743.62146531,0.92289333
2745,2744.54435864,0.50125752
2746,2745.04561616,1.48089993
2747,2746.52651609,0.72736008
2748,2747.25387617,1.52640684
2749,2748.78028302,1.25586605
2750,2750.03614906,0.70028209
2751,2750.73643115,0.47761449
2752,2751.21404564,1.03239241
2753,2752.24643805,1.05064826
2754,2753.29708631,1.15963528
2755,2754.45672159,0.78449885
2756,2755.24122044,1.65553575
2757,2756.89675619,0.83400288
2758,2757.73075906,0.63188943
2759,2758.36264849,1.11534467
2760,2759.47799316,1.28647656
2761,2760.76446973,0.75260322
2762,2761.51707295,0.84861478
2763,2762.36568773,0.96060400
2764,2763.32629173,0.51938101
2765,2763.84567273,2.08618112
2766,2765.93185386,0.96027178
2767,2766.89212564,0.60150992
2768,2767.49363556,1.29632014
2769,2768.78995570,0.49501104
2770,2769.28496674,1.25883361
2771,2770.54380035,0.39479063
2772,2770.93859098,1.74476009
2773,2772.68335107,0.82145230
2774,2773.50480337,0.78536591
2775,2774.29016927,1.39914543
2776,2775.68931471,0.91723582
2777,2776.60655053,1.19114483
2778,2777.79769536,0.84831649
2779,2778.64601184,0.64122082
2780,2779.28723266,1.16954871
2781,2780.45678137,0.60330873
2782,2781.06009010,1.13009836
2783,2782.19018845,1.63135427
2784,2783.82154272,1.02294779
2785,2784.84449051,1.06178836
2786,2785.90627887,0.41038196
2787,2786.31666083,0.77403162
2788,2787.09069245,1.82369579
2789,2788.91438823,0.38345368
2790,2789.29784191,1.04854984
2791,2790.34639175,0.76451118
2792,2791.11090294,1.64383154
2793,2792.75473447,0.64868600
2794,2793.40342048,1.47479490
2795,2794.87821538,0.82345491
2796,2795.70167029,1.00738249
2797,2796.70905278,0.59195410
2798,2797.30100687,0.80736903
2799,2798.10837590,1.07887446
2800,2799.18725036,1.26279998
2801,2800.45005034,1.52788001
2802,2801.97793035,0.46762553
2803,2802.44555588,1.10477716
2804,2803.55033304,1.10490630
2805,2804.65523934,0.85946146
2806,2805.51470080,0.85413470
2807,2806.36883551,1.23793820
2808,2807.60677371,0.83929175
2809,2808.44606546,0.55262802
2810,2808.99869348,1.24614212
2811,2810.24483560,1.99440020
2812,2812.23923580,0.54894497
2813,2812.78818077,0.53773864
2814,2813.32591940,1.36399237
2815,2814.68991178,0.55482896
2816,2815.24474074,0.94681131
2817,2816.19155205,1.34926089
2818,2817.54081294,0.69116411
2819,2818.23197705,1.43211781
2820,2819.66409486,1.20489441
2821,2820.86898927,0.39673035
2822,2821.26571963,1.31707337
2823,2822.58279300,1.20415807
2824,2823.78695106,0.95632475
2825,2824.74327581,0.49300489
2826,2825.23628070,0.73159738
2827,2825.96787808,1.30322821
2828,2827.27110629,1.34616025
2829,2828.61726654,1.12184283
2830,2829.73910936,1.24521659
2831,2830.98432596,0.51995751
2832,2831.50428347,0.93474690
2833,2832.43903037,0.71399649
2834,2833.15302686,1.41454433
2835,2834.56757119,0.87813190
2836,2835.44570308,0.93614696
2837,2836.38185005,0.92520958
2838,2837.30705962,1.23816010
2839,2838.54521973,1.26788187
2840,2839.81310159,0.95294759
2841,2840.76604918,0.91891804
2842,2841.68496723,0.52288009
2843,2842.20784731,1.43886507
2844,2843.64671238,0.52199447
2845,2844.16870685,0.68005016
2846,2844.84875701,2.17609190
2847,2847.02484891,0.66261014
2848,2847.68745905,1.05267915
2849,2848.74013820,0.52319172
2850,2849.26332992,1.30732616
2851,2850.57065608,0.98996794
2852,2851.56062401,0.98429162
2853,2852.54491563,0.65992455
2854,2853.20484018,1.28454525
2855,2854.48938543,0.55764931
2856,2855.04703474,1.83459716
2857,2856.88163190,0.66719345
2858,2857.54882535,1.50621893
2859,2859.05504429,0.48655099
2860,2859.54159528,0.85464454
2861,2860.39623982,0.62464660
2862,2861.02088643,1.27711617
2863,2862.29800259,1.38375625
2864,2863.68175884,0.57043041
2865,2864.25218925,1.48371827
2866,2865.73590752,1.06679111
2867,2866.80269863,0.61406061
2868,2867.41675924,1.01022171
2869,2868.42698095,1.35638593
2870,2869.78336688,0.77161132
2871,2870.55497819,0.67832535
2872,2871.23330355,0.87124268
2873,2872.10454623,1.05093223
2874,2873.15547846,1.85425413
2875,2875.00973259,0.84763300
2876,2875.85736559,0.80080383
2877,2876.65816942,0.63359099
2878,2877.29176042,1.36627552
2879,2878.65803593,0.49291218
2880,2879.15094812,1.29862337
2881,2880.44957149,0.80211729
2882,2881.25168878,1.39850151
2883,2882.65019029,0.99559242
2884,2883.64578272,0.55079303
2885,2884.19657575,1.80097608
2886,2885.99755183,0.76898104
2887,2886.76653287,0.57642019
2888,2887.34295306,1.24955852
2889,2888.59251158,0.48413122
2890,2889.07664280,1.12071719
2891,2890.19736000,1.10506294
2892,2891.30242293,1.60554843
2893,2892.90797136,0.91591241
2894,2893.82388377,0.73434649
2895,2894.55823026,1.08494332
2896,2895.64317358,0.45420476
2897,2896.09737834,1.41916954
2898,2897.51654788,1.28404504
2899,2898.80059292,0.46487494
2900,2899.26546786,0.66537842
2901,2899.93084628,1.75647275
2902,2901.68731902,1.03904891
2903,2902.72636793,0.99685401
2904,2903.72322194,0.90293247
2905,2904.62615441,1.12079226
2906,2905.74694667,0.61690993
2907,2906.36385660,0.62618630
2908,2906.99004290,1.21981892
2909,2908.20986182,1.35816194
2910,2909.56802376,1.24550617
2911,2910.81352993,0.74074949
2912,2911.55427942,1.14792135
2913,2912.70220077,0.54368866
2914,2913.24588943,1.80353614
2915,2915.04942557,0.18874483
2916,2915.23817040,1.04263942
2917,2916.28080982,1.22211264
2918,2917.50292245,0.63172280
2919,2918.13464525,1.11265750
2920,2919.24730275,1.81851287
2921,2921.06581561,0.77309476
2922,2921.83891038,0.92953761
2923,2922.76844799,0.39111202
2924,2923.15956001,1.09657609
2925,2924.25613610,1.38675667
2926,2925.64289277,0.44012173
2927,2926.08301450,1.43819130
2928,2927.52120580,0.98523432
2929,2928.50644011,1.19257309
2930,2929.69901320,0.89802714
2931,2930.59704034,0.85345168
2932,2931.45049202,1.38378970
2933,2932.83428172,0.70844961
2934,2933.54273133,0.87026648
2935,2934.41299781,0.78014356
2936,2935.19314137,0.66544335
2937,2935.85858471,2.04501463
2938,2937.90359934,0.92437492
2939,2938.82797427,0.64939419
2940,2939.47736846,1.41140953
2941,2940.88877799,0.50125938
2942,2941.39003737,0.80630200
2943,2942.19633937,1.18643753
2944,2943.38277690,1.35678380
2945,2944.73956070,0.41835463
2946,2945.15791533,1.22348680
2947,2946.38140213,1.09941152
2948,2947.48081365,1.28847999
2949,2948.76929365,1.10762545
2950,2949.87691909,0.72923971
2951,2950.60615880,0.81143850
2952,2951.41759730,0.84760135
2953,2952.26519865,1.01085644
2954,2953.27605509,0.92155181
2955,2954.19760690,1.21633837
2956,2955.41394527,1.89647151
2957,2957.31041677,0.26207600
2958,2957.57249277,0.60690769
2959,2958.17940046,1.31396760
2960,2959.49336806,1.10239072
2961,2960.59575879,1.17964118
2962,2961.77539996,0.36363604
2963,2962.13903600,1.02887469
2964,2963.16791069,1.21062061
2965,2964.37853130,1.11734639
2966,2965.49587769,1.46855762
2967,2966.96443531,0.75594468
2968,2967.72037999,0.88438439
2969,2968.60476438,0.86587585
2970,2969.47064023,0.95887269
2971,2970.42951292,0.40632238
2972,2970.83583530,1.88038608
2973,2972.71622138,0.68901713
2974,2973.40523851,1.23538834
2975,2974.64062685,0.86969328
2976,2975.51032013,1.21682763
2977,2976.72714776,0.89202529
2978,2977.61917305,0.74756622
2979,2978.36673927,1.41364310
2980,2979.78038236,0.49256372
2981,2980.27294608,1.05736010
2982,2981.33030618,0.48839588
2983,2981.81870206,2.13960756
2984,2983.95830962,0.84795559
2985,2984.80626521,1.00894820
2986,2985.81521341,0.62595055
2987,2986.44116396,0.87968807
2988,2987.32085203,1.02456801
2989,2988.34542004,1.26280243
2990,2989.60822247,0.58365152
2991,2990.19187400,1.18001783
2992,2991.37189182,1.29326486
2993,2992.66515669,0.95204606
2994,2993.61720275,0.74217680
2995,2994.35937955,1.61610925
2996,2995.97548880,0.88603421
2997,2996.86152301,0.36878928
2998,2997.23031230,0.84394271
2999,2998.07425501,1.29974148
3000,2999.37399649,0.74007607
3001,3000.11407256,1.72342837
3002,3001.83750093,0.86748805
3003,3002.70498899,1.08331847
3004,3003.78830745,0.79889863
3005,3004.58720608,0.59410261
3006,3005.18130869,1.37786348
3007,3006.55917217,0.90808585
3008,3007.46725803,0.99139689
3009,3008.45865492,0.98948545
3010,3009.44814037,0.49856860
3011,3009.94670896,1.89804364
3012,3011.84475260,1.17467325
3013,3013.01942585,0.45443521
3014,3013.47386106,1.04521936
3015,3014.51908042,1.11650096
3016,3015.63558138,0.61187548
3017,3016.24745686,0.79498469
3018,3017.04244155,1.23746637
3019,3018.27990791,1.77573381
3020,3020.05564172,0.32718143
3021,3020.38282315,1.38109605
3022,3021.76391920,0.53576143
3023,3022.29968064,1.37390579
3024,3023.67358643,0.93044180
3025,3024.60402823,0.92450379
3026,3025.52853202,0.76034291
3027,3026.28887493,0.76374891
3028,3027.05262384,1.39879805
3029,3028.45142189,1.06227112
3030,3029.51369301,1.55981206
3031,3031.07350507,0.64150763
3032,3031.71501269,0.89670262
3033,3032.61171532,0.63763577
3034,3033.24935109,0.82417172
3035,3034.07352280,1.62495863
3036,3035.69848144,0.67180655
3037,3036.37028799,0.82193966
3038,3037.19222765,1.70712359
3039,3038.89935124,0.57124578
3040,3039.47059702,1.02999711
3041,3040.50059413,1.40657624
3042,3041.90717037,0.46670113
3043,3042.37387149,1.26205888
3044,3043.63593037,0.78348023
3045,3044.41941060,0.43340304
3046,3044.85281364,1.35289691
3047,3046.20571056,1.85341575
3048,3048.05912630,0.81764577
3049,3048.87677207,0.53340399
3050,3049.41017606,1.03278765
3051,3050.44296371,1.27341155
3052,3051.71637525,0.48300825
3053,3052.19938350,1.16803812
3054,3053.36742162,1.13958097
3055,3054.50700259,0.89975990
3056,3055.40676250,0.89467400
3057,3056.30143650,1.25126622
3058,3057.55270272,1.43720457
3059,3058.98990729,0.62917095
3060,3059.61907824,1.21127989
3061,3060.83035814,0.24454206
3062,3061.07490019,1.32360598
3063,3062.39850617,0.64951548
3064,3063.04802166,1.39555486
3065,3064.44357652,1.15817028
3066,3065.60174679,1.23084671
3067,3066.83259350,0.94780870
3068,3067.78040220,0.69471021
3069,3068.47511241,0.63442497
3070,3069.10953738,1.84911629
3071,3070.95865367,0.51248737
3072,3071.47114104,0.74761761
3073,3072.21875865,0.87437749
3074,3073.09313614,1.22894854
3075,3074.32208469,1.72754838
3076,3076.04963307,0.42159537
3077,3076.47122844,1.41709191
3078,3077.88832035,0.81848546
3079,3078.70680581,0.41786630
3080,3079.12467211,1.23871080
3081,3080.36338291,0.78765463
3082,3081.15103754,1.29305783
3083,3082.44409537,1.24859062
3084,3083.69268600,0.97324409
3085,3084.66593008,0.65722849
3086,3085.32315857,1.44980166
3087,3086.77296024,0.82940462
3088,3087.60236485,1.19437666
3089,3088.79674152,0.29658193
3090,3089.09332345,1.39542841
3091,3090.48875186,0.88942577
3092,3091.37817762,0.44948691
3093,3091.82766453,2.20452977
3094,3094.03219430,0.89944218
3095,3094.93163648,0.66920100
3096,3095.60083748,0.80643691
3097,3096.40727439,0.96775737
3098,3097.37503176,0.95671633
3099,3098.33174809,1.18372319
3100,3099.51547128,0.97372869
3101,3100.48919997,0.62358063
3102,3101.11278060,1.63733013
3103,3102.75011073,0.77546452
3104,3103.52557525,1.11466111
3105,3104.64023636,1.02564861
3106,3105.66588497,1.14015609
3107,3106.80604107,0.69172511
3108,3107.49776618,0.65568971
3109,3108.15345589,0.70534895
3110,3108.85880484,1.79484552
3111,3110.65365036,0.93551123
3112,3111.58916159,1.24441393
3113,3112.83357551,0.82924638
3114,3113.66282189,0.84405255
3115,3114.50687444,0.88543427
3116,3115.39230871,1.02070896
3117,3116.41301768,1.15058546
3118,3117.56360313,0.96341909
3119,3118.52702222,0.53732568
3120,3119.06434790,1.32184953
3121,3120.38619744,1.13784369
3122,3121.52404113,1.71661768
3123,3123.24065881,0.43447427
3124,3123.67513308,0.56569540
3125,3124.24082848,1.25297075
3126,3125.49379923,0.80287873
3127,3126.29667796,0.99898991
3128,3127.29566787,0.83926897
3129,3128.13493683,1.65526966
3130,3129.79020650,1.09393253
3131,3130.88413903,0.56122432
3132,3131.44536335,0.88803444
3133,3132.33339780,1.37741715
3134,3133.71081494,1.08496378
3135,3134.79577872,0.43417624
3136,3135.22995496,1.31236261
3137,3136.54231757,0.39898408
3138,3136.94130165,1.32634601
3139,3138.26764767,1.63982701
3140,3139.90747467,0.82111989
3141,3140.72859456,0.94141710
3142,3141.67001166,1.19148729
3143,3142.86149895,0.40549827
3144,3143.26699722,0.71640696
3145,3143.98340418,1.54590746
3146,3145.52931164,0.96803223
3147,3146.49734387,0.98434148
3148,3147.48168536,0.77659831
3149,3148.25828367,1.86103230
3150,3150.11931597,0.15519757
3151,3150.27451354,1.41944712
3152,3151.69396066,0.90171485
3153,3152.59567551,1.13070477
3154,3153.72638028,0.30120767
3155,3154.02758795,1.28552462
3156,3155.31311257,0.64793840
3157,3155.96105096,2.03665159
3158,3157.99770255,0.86748787
3159,3158.86519043,0.72836711
3160,3159.59355753,0.90388613
3161,3160.49744366,0.73405261
3162,3161.23149627,1.44125808
3163,3162.67275436,0.89481659
3164,3163.56757094,0.45590669
3165,3164.02347763,1.48592379
3166,3165.50940142,0.97585917
3167,3166.48526059,0.89624472
3168,3167.38150531,1.42932696
3169,3168.81083227,1.23085227
3170,3170.04168454,0.41563033
3171,3170.45731486,0.90085059
3172,3171.35816546,0.87560147
3173,3172.23376693,0.93342218
3174,3173.16718911,1.18340601
3175,3174.35059511,1.30414091
3176,3175.65473602,1.09609866
3177,3176.75083468,0.93815250
3178,3177.68898717,0.80149431
3179,3178.49048148,1.04943748
3180,3179.53991897,0.77728330
3181,3180.31720226,1.43559975
3182,3181.75280202,0.85432207
3183,3182.60712409,0.31961254
3184,3182.92673662,1.12459620
3185,3184.05133282,1.93481542
3186,3185.98614824,0.75914214
3187,3186.74529038,1.00084169
3188,3187.74613207,0.70971267
3189,3188.45584475,1.13182986
3190,3189.58767461,0.77504236
3191,3190.36271697,0.57762615
3192,3190.94034311,1.78921192
3193,3192.72955504,0.50218851
3194,3193.23174355,1.66193339
3195,3194.89367694,0.59713933
3196,3195.49081627,0.84675339
3197,3196.33756966,1.55941783
3198,3197.89698748,0.72624854
3199,3198.62323602,0.90243108
3200,3199.52566710,0.58729247
3201,3200.11295957,1.21425421
3202,3201.32721378,0.83786047
3203,3202.16507425,1.35811670
3204,3203.52319095,1.47944546
3205,3205.00263641,0.97994834
3206,3205.98258475,0.42812309
3207,3206.41070784,0.75268266
3208,3207.16339050,1.26453019
3209,3208.42792069,1.06104560
3210,3209.48896629,1.06766389
3211,3210.55663017,0.56941331
3212,3211.12604349,1.39792983
3213,3212.52397332,1.00385575
3214,3213.52782907,1.31130721
3215,3214.83913628,0.71704355
3216,3215.55617983,1.17600299
3217,3216.73218282,0.76872563
3218,3217.50090844,0.93569316
3219,3218.43660160,0.64133187
3220,3219.07793347,0.87638229
3221,3219.95431576,2.05688790
3222,3222.01120366,0.77378205
3223,3222.78498570,0.57010472
3224,3223.35509042,1.44024173
3225,3224.79533216,0.61270607
3226,3225.40803822,0.97325993
3227,3226.38129815,1.23637396
3228,3227.61767211,0.67448389
3229,3228.29215600,1.24514755
3230,3229.53730355,0.51151164
3231,3230.04881519,1.41442508
3232,3231.46324027,1.55193638
3233,3233.01517665,0.65595153
3234,3233.67112819,1.12147128
3235,3234.79259947,0.72267926
3236,3235.51527873,0.42393590
3237,3235.93921463,1.49261883
3238,3237.43183346,0.97199390
3239,3238.40382735,0.82679782
3240,3239.23062517,1.65295389
3241,3240.88357907,0.79759226
3242,3241.68117132,0.97240887
3243,3242.65358020,0.48291386
3244,3243.13649405,1.84429556
3245,3244.98078962,0.51538745
3246,3245.49617706,0.90070122
3247,3246.39687829,0.70284015
3248,3247.09971844,1.02457226
3249,3248.12429069,1.41278626
3250,3249.53707695,1.46893801
3251,3251.00601496,0.73536736
3252,3251.74138232,0.74979748
3253,3252.49117981,1.16017996
3254,3253.65135977,0.61077868
3255,3254.26213845,0.94327670
3256,3255.20541514,1.16619473
3257,3256.37160987,1.35299647
3258,3257.72460634,0.54651625
3259,3258.27112259,1.26522539
3260,3259.53634798,0.99771308
3261,3260.53406106,1.56861753
3262,3262.10267859,0.31818386
3263,3262.42086244,0.93604392
3264,3263.35690636,1.25421033
3265,3264.61111670,0.80202503
3266,3265.41314173,0.33693694
3267,3265.75007867,1.74787620
3268,3267.49795487,1.47233131
3269,3268.97028618,0.85007109
3270,3269.82035727,0.75965830
3271,3270.58001557,0.72682761
3272,3271.30684318,1.07004483
3273,3272.37688801,1.21214977
3274,3273.58903777,0.98043865
3275,3274.56947643,0.65641350
3276,3275.22588993,0.88018153
3277,3276.10607146,1.83046251
3278,3277.93653396,0.37368246
3279,3278.31021642,1.44268396
3280,3279.75290038,1.33642247
3281,3281.08932285,0.24834091
3282,3281.33766376,1.13871751
3283,3282.47638127,0.44218301
3284,3282.91856428,1.37560044
3285,3284.29416472,1.22888912
3286,3285.52305384,1.09223637
3287,3286.61529021,1.18953269
3288,3287.80482289,0.75165543
3289,3288.55647832,0.92728960
3290,3289.48376792,1.04449649
3291,3290.52826441,1.01998390
3292,3291.54824831,0.95279508
3293,3292.50104339,0.79196827
3294,3293.29301166,1.29631046
3295,3294.58932212,0.12498151
3296,3294.71430363,2.45578753
3297,3297.17009116,0.64160070
3298,3297.81169186,0.77885673
3299,3298.59054860,0.82185275
3300,3299.41240134,1.03796935
3301,3300.45037069,0.89087495
3302,3301.34124564,0.91637592
3303,3302.25762156,1.02997048
3304,3303.28759204,1.44086527
3305,3304.72845730,0.88536017
3306,3305.61381747,0.81921759
3307,3306.43303506,1.24137290
3308,3307.67440796,0.86290831
3309,3308.53731628,1.37037359
3310,3309.90768987,0.55924895
3311,3310.46693882,0.54184389
3312,3311.00878270,1.20249135
3313,3312.21127405,1.01723239
3314,3313.22850645,1.76155902
3315,3314.99006546,0.50393257
3316,3315.49399803,1.62429449
3317,3317.11829252,0.26536228
3318,3317.38365480,0.95438354
3319,3318.33803834,0.74922585
3320,3319.08726419,1.79248981
3321,3320.87975400,0.44302826
3322,3321.32278225,0.82350712
3323,3322.14628938,1.32084306
3324,3323.46713244,1.18216852
3325,3324.64930096,1.06483697
3326,3325.71413792,1.07548256
3327,3326.78962049,0.76486540
3328,3327.55448589,0.92643150
3329,3328.48091739,0.85625516
3330,3329.33717255,0.85541426
3331,3330.19258681,0.82490816
3332,3331.01749497,1.79825138
3333,3332.81574635,1.15590389
3334,3333.97165024,0.68934033
3335,3334.66099057,0.50273792
3336,3335.16372849,1.44610100
3337,3336.60982949,1.28513484
3338,3337.89496434,0.15324418
3339,3338.04820852,1.47247962
3340,3339.52068814,0.74807088
3341,3340.26875902,0.99094388
3342,3341.25970290,1.20398133
3343,3342.46368423,1.40552954
3344,3343.86921376,1.16928720
3345,3345.03850097,0.42881734
3346,3345.46731831,0.89525284
3347,3346.36257115,1.09259075
3348,3347.45516190,0.49513719
3349,3347.95029909,1.63429711
3350,3349.58459620,0.87349352
3351,3350.45808971,0.99390485
3352,3351.45199456,1.49126188
3353,3352.94325643,0.58961521
3354,3353.53287164,0.80099280
3355,3354.33386444,1.33970928
3356,3355.67357372,0.92075519
3357,3356.59432891,1.14080407
3358,3357.73513298,0.23126717
3359,3357.96640014,0.92141080
3360,3358.88781095,1.84484935
3361,3360.73266029,1.18046933
3362,3361.91312962,0.79568324
3363,3362.70881287,0.86257525
3364,3363.57138812,1.09603996
3365,3364.66742807,0.41535865
3366,3365.08278673,1.40869114
3367,3366.49147786,0.80247705
3368,3367.29395491,1.09978808
3369,3368.39374299,1.25684410
3370,3369.65058709,0.79951635
3371,3370.45010344,0.99458659
3372,3371.44469003,1.41656670
3373,3372.86125673,1.09486931
3374,3373.95612604,0.34160754
3375,3374.29773358,0.96259427
3376,3375.26032785,1.05196238
3377,3376.31229022,0.98854711
3378,3377.30083733,0.79285026
3379,3378.09368759,2.11807244
3380,3380.21176003,0.42816899
3381,3380.63992902,0.88000120
3382,3381.51993022,1.19477152
3383,3382.71470173,0.28539434
3384,3383.00009607,1.77303581
3385,3384.77313188,0.63099627
3386,3385.40412815,0.98390386
3387,3386.38803201,0.74664612
3388,3387.13467814,1.25716535
3389,3388.39184349,1.51746975
3390,3389.90931324,0.80391054
3391,3390.71322378,0.79861024
3392,3391.51183402,1.34972530
3393,3392.86155932,0.62704521
3394,3393.48860454,0.51217654
3395,3394.00078108,1.03735546
3396,3395.03813654,1.56547806
3397,3396.60361460,1.07963542
3398,3397.68325002,0.95176868
3399,3398.63501869,0.92666957
3400,3399.56168826,1.08784546
3401,3400.64953372,0.76269765
3402,3401.41223137,1.24267797
3403,3402.65490934,0.81139591
3404,3403.46630526,0.87529231
3405,3404.34159757,0.90116774
3406,3405.24276531,0.91448438
3407,3406.15724969,1.45685055
3408,3407.61410024,1.54248984
3409,3409.15659008,0.54421838
3410,3409.70080845,0.95444654
3411,3410.65525499,0.31698142
3412,3410.97223641,1.59971837
3413,3412.57195478,0.67602318
3414,3413.24797796,1.22547775
3415,3414.47345571,0.74090930
3416,3415.21436501,1.72000983
3417,3416.93437484,0.63625383
3418,3417.57062867,0.69942539
3419,3418.27005406,1.58514426
3420,3419.85519832,0.84584948
3421,3420.70104781,0.74891642
3422,3421.44996423,0.90192752
3423,3422.35189175,0.83956103
3424,3423.19145278,0.74566794
3425,3423.93712072,2.13675216
3426,3426.07387288,0.42426948
3427,3426.49814235,1.45863332
3428,3427.95677567,0.40816392
3429,3428.36493959,1.27571184
3430,3429.64065143,0.61515665
3431,3430.25580808,0.95896359
3432,3431.21477167,1.55527333
3433,3432.77004500,0.61583414
3434,3433.38587914,0.71765742
3435,3434.10353656,1.43426121
3436,3435.53779778,1.33579522
3437,3436.87359299,0.86427506
3438,3437.73786805,0.84147905
3439,3438.57934710,1.03232361
3440,3439.61167071,0.63129132
3441,3440.24296203,1.09279324
3442,3441.33575527,0.68337819
3443,3442.01913346,1.46755639
3444,3443.48668985,1.44046311
3445,3444.92715296,0.81875101
3446,3445.74590397,0.91857968
3447,3446.66448365,0.45814469
3448,3447.12262834,1.47446445
3449,3448.59709280,1.20391056
3450,3449.80100335,0.68292428
3451,3450.48392763,0.39266819
3452,3450.87659583,1.61411073
3453,3452.49070656,0.83287892
3454,3453.32358548,1.38277205
3455,3454.70635753,1.23667045
3456,3455.94302798,0.73476481
3457,3456.67779279,1.01220802
3458,3457.69000081,0.49048518
3459,3458.18048600,0.89474551
3460,3459.07523151,1.45567695
3461,3460.53090846,0.73382860
3462,3461.26473706,1.52901440
3463,3462.79375146,0.64987023
3464,3463.44362168,1.15986999
3465,3464.60349168,1.11908729
3466,3465.72257897,0.78090045
3467,3466.50347942,0.98827042
3468,3467.49174985,1.13279956
3469,3468.62454940,0.79369588
3470,3469.41824529,0.64656774
3471,3470.06481303,0.91563061
3472,3470.98044364,2.17843643
3473,3473.15888007,0.72947873
3474,3473.88835880,0.51174414
3475,3474.40010294,1.15802708
3476,3475.55813002,0.99480676
3477,3476.55293678,0.59948698
3478,3477.15242377,1.36343652
3479,3478.51586028,0.80600993
3480,3479.32187021,1.09969286
3481,3480.42156307,1.08450312
3482,3481.50606619,1.24378911
3483,3482.74985530,0.56282397
3484,3483.31267927,1.71807273
3485,3485.03075200,0.63968896
3486,3485.67044096,0.69961377
3487,3486.37005473,0.93038732
3488,3487.30044205,0.68341588
3489,3487.98385793,1.46358897
3490,3489.44744690,1.02849999
3491,3490.47594689,1.34823843
3492,3491.82418531,1.09025990
3493,3492.91444521,0.76881441
3494,3493.68325962,0.33842197
3495,3494.02168159,1.50618738
3496,3495.52786898,1.08723408
3497,3496.61510306,0.77345532
3498,3497.38855838,1.07821553
3499,3498.46677391,0.49021687
3500,3498.95699078,1.72589428
3501,3500.68288505,1.04868545
3502,3501.73157051,1.29969050
3503,3503.03126100,0.39178523
3504,3503.42304623,0.97557479
3505,3504.39862102,1.22182582
3506,3505.62044684,0.54814459
3507,3506.16859143,0.75944334
3508,3506.92803477,1.76974076
3509,3508.69777553,1.17944603
3510,3509.87722155,0.60168539
3511,3510.47890694,1.00197372
3512,3511.48088066,1.07695776
3513,3512.55783842,1.19848939
3514,3513.75632781,0.67672244
3515,3514.43305025,0.93596813
3516,3515.36901838,1.11428558
3517,3516.48330396,0.53939906
3518,3517.02270302,1.27394348
3519,3518.29664650,1.66719199
3520,3519.96383849,0.75433321
3521,3520.71817171,1.19365802
3522,3521.91182973,0.53879920
3523,3522.45062893,0.75128697
3524,3523.20191589,0.93952278
3525,3524.14143867,1.63995084
3526,3525.78138952,0.47119538
3527,3526.25258490,0.98114456
3528,3527.23372946,1.66099039
3529,3528.89471986,0.58549952
3530,3529.48021938,1.15780412
3531,3530.63802350,0.81052441
3532,3531.44854791,1.56369082
3533,3533.01223873,0.44542866
3534,3533.45766739,0.58142063
3535,3534.03908803,1.12452257
3536,3535.16361060,0.99236337
3537,3536.15597397,1.74567755
3538,3537.90165151,1.13953679
3539,3539.04118831,0.31666573
3540,3539.35785404,1.23673276
3541,3540.59458680,0.84477017
3542,3541.43935698,0.95916502
3543,3542.39852199,0.99360355
3544,3543.39212555,1.03959046
3545,3544.43171600,0.91286447
3546,3545.34458048,1.35235864
3547,3546.69693911,0.33151785
3548,3547.02845696,2.16524602
3549,3549.19370299,0.43413254
3550,3549.62783552,0.99048496
3551,3550.61832048,0.75160544
3552,3551.36992592,0.95247203
3553,3552.32239795,1.00831304
3554,3553.33071099,0.71476516
3555,3554.04547615,1.55563240
3556,3555.60110855,1.22188698
3557,3556.82299553,0.98718885
3558,3557.81018438,0.65192594
3559,3558.46211032,0.91715561
3560,3559.37926593,1.07378382
3561,3560.45304975,1.35334224
3562,3561.80639199,0.59016998
3563,3562.39656197,0.89055668
3564,3563.28711864,0.60646070
3565,3563.89357934,1.87063147
3566,3565.76421082,0.97784653
3567,3566.74205735,0.88773896
3568,3567.62979631,1.36064789
3569,3568.99044420,0.39839733
3570,3569.38884153,0.98081369
3571,3570.36965522,0.67807330
3572,3571.04772852,1.27051808
3573,3572.31824660,1.41588823
3574,3573.73413483,0.57016140
3575,3574.30429623,1.45578803
3576,3575.76008426,0.79383958
3577,3576.55392384,0.88981968
3578,3577.44374352,1.51723941
3579,3578.96098293,0.47338506
3580,3579.43436799,0.81346377
3581,3580.24783176,1.35695160
3582,3581.60478336,0.48669011
3583,3582.09147348,0.92823853
3584,3583.01971201,1.87190172
3585,3584.89161372,1.33822155
3586,3586.22983527,0.23546693
3587,3586.46530221,0.88580661
3588,3587.35110881,0.95280418
3589,3588.30391300,1.26461703
3590,3589.56853003,0.83314530
3591,3590.40167534,0.84495851
3592,3591.24663384,1.24003828
3593,3592.48667212,0.95795385
3594,3593.44462597,1.23665746
3595,3594.68128344,0.81200614
3596,3595.49328958,1.41783204
3597,3596.91112162,0.64201332
3598,3597.55313494,1.07133956
3599,3598.62447451,0.73750461
3600,3599.36197912,0.46040647
3601,3599.82238559,1.49216351
3602,3601.31454911,1.45436978
3603,3602.76891889,0.97389393
3604,3603.74281282,0.81145258
3605,3604.55426541,1.25481149
3606,3605.80907690,0.72773196
3607,3606.53680886,0.49512403
3608,3607.03193289,1.74416550
3609,3608.77609839,0.69210064
3610,3609.46819903,0.81687401
3611,3610.28507304,0.82250204
3612,3611.10757508,1.36963384
3613,3612.47720892,1.43674636
3614,3613.91395528,0.98629825
3615,3614.90025353,0.59717436
3616,3615.49742789,1.02060548
3617,3616.51803336,0.90423855
3618,3617.42227191,0.64639359
3619,3618.06866550,1.47589879
3620,3619.54456429,0.49684068
3621,3620.04140497,2.03859835
3622,3622.08000333,0.56881136
3623,3622.64881469,0.72908133
3624,3623.37789602,0.99341754
3625,3624.37131356,1.55724124
3626,3625.92855480,0.54056211
3627,3626.46911691,1.09268438
3628,3627.56180129,0.43083374
3629,3627.99263503,1.42156819
3630,3629.41420322,0.72520716
3631,3630.13941038,1.67615133
3632,3631.81556171,1.10629940
3633,3632.92186111,0.81831811
3634,3633.74017922,0.72752615
3635,3634.46770537,0.99383794
3636,3635.46154331,0.63838167
3637,3636.09992498,1.25636089
3638,3637.35628588,1.39669840
3639,3638.75298428,0.45610030
3640,3639.20908458,1.21430961
3641,3640.42339419,1.32500439
3642,3641.74839858,0.93146416
3643,3642.67986274,0.88554714
3644,3643.56540989,1.03789218
3645,3644.60330207,0.97118921
3646,3645.57449128,0.93656209
3647,3646.51105338,0.54360260
3648,3647.05465597,0.82062038
3649,3647.87527635,2.25374012
3650,3650.12901647,0.40571815
3651,3650.53473462,1.29860354
3652,3651.83333816,0.77176765
3653,3652.60510581,0.55840276
3654,3653.16350857,1.50629023
3655,3654.66979880,0.66081822
3656,3655.33061702,1.16991302
3657,3656.50053004,0.70249350
3658,3657.20302353,1.24974517
3659,3658.45276871,1.08042814
3660,3659.53319685,0.96055097
3661,3660.49374782,1.46839611
3662,3661.96214393,0.96044498
3663,3662.92258891,0.54496511
3664,3663.46755401,0.48509700
3665,3663.95265101,1.51728366
3666,3665.46993467,0.66763113
3667,3666.13756580,1.28601556
3668,3667.42358136,1.26173051
3669,3668.68531187,1.23699502
3670,3669.92230689,0.63956642
3671,3670.56187331,0.77894083
3672,3671.34081414,1.16310656
3673,3672.50392071,1.10347280
3674,3673.60739350,0.94851945
3675,3674.55591295,0.83507609
3676,3675.39098904,0.66489393
3677,3676.05588297,1.10056604
3678,3677.15644901,1.88556055
3679,3679.04200956,0.94125708
3680,3679.98326664,0.30831618
3681,3680.29158282,1.41263827
3682,3681.70422108,0.85886336
3683,3682.56308445,0.61055842
3684,3683.17364286,0.89470881
3685,3684.06835167,1.50678241
3686,3685.57513408,0.92299121
3687,3686.49812529,1.28698871
3688,3687.78511400,0.50157675
3689,3688.28669075,1.42937864
3690,3689.71606939,0.94049044
3691,3690.65655983,0.93924747
3692,3691.59580730,1.01312321
3693,3692.60893051,0.66520479
3694,3693.27413530,0.82557815
3695,3694.09971345,1.19158816
3696,3695.29130162,1.09966646
3697,3696.39096808,1.71218340
3698,3698.10315148,0.68723468
3699,3698.79038616,0.76171364
3700,3699.55209980,0.88642621
3701,3700.43852601,0.60675198
3702,3701.04527799,1.69364349
3703,3702.73892148,0.84954585
3704,3703.58846733,0.39432630
3705,3703.98279364,1.44436034
3706,3705.42715397,1.43122088
3707,3706.85837486,0.45589396
3708,3707.31426881,1.54234446
3709,3708.85661327,0.80220393
3710,3709.65881720,1.03236090
3711,3710.69117810,0.57269220
3712,3711.26387030,1.16540347
3713,3712.42927377,0.36300161
3714,3712.79227538,1.71255260
3715,3714.50482798,1.53092648
3716,3716.03575447,0.55450155
3717,3716.59025602,0.86104679
3718,3717.45130281,1.25017309
3719,3718.70147590,0.65760293
3720,3719.35907883,1.28394471
3721,3720.64302354,0.52023943
3722,3721.16326297,1.58201982
3723,3722.74528279,0.51302835
3724,3723.25831114,0.70478343
3725,3723.96309457,1.85595758
3726,3725.81905215,1.03920879
3727,3726.85826094,1.08390783
3728,3727.94216877,0.40433711
3729,3728.34650588,1.07822647
3730,3729.42473235,0.86305978
3731,3730.28779213,0.94934317
3732,3731.23713530,1.08292534
3733,3732.32006063,1.22618575
3734,3733.54624638,1.07789644
3735,3734.62414283,1.44015091
3736,3736.06429373,0.19686800
3737,3736.26116174,1.00081834
3738,3737.26198007,1.70881650
3739,3738.97079657,0.67426350
3740,3739.64506007,0.51302812
3741,3740.15808818,1.05187998
3742,3741.20996816,0.83795764
3743,3742.04792581,1.66922842
3744,3743.71715423,1.00910665
3745,3744.72626088,1.07250752
3746,3745.79876840,1.05444031
3747,3746.85320871,0.49334054
3748,3747.34654926,0.90414447
3749,3748.25069373,1.01470016
3750,3749.26539388,1.24484155
3751,3750.51023543,0.88010758
3752,3751.39034301,1.13018194
3753,3752.52052495,0.95175365
3754,3753.47227860,1.02800264
3755,3754.50028125,1.46066123
3756,3755.96094247,0.66384956
3757,3756.62479203,0.76829973
3758,3757.39309176,1.14246168
3759,3758.53555344,0.78577814
3760,3759.32133158,0.90271145
3761,3760.22404303,0.71309891
3762,3760.93714194,2.21023817
3763,3763.14738011,0.63622367
3764,3763.78360379,0.84328511
3765,3764.62688890,0.63689341
3766,3765.26378231,1.40838061
3767,3766.67216292,0.57138987
3768,3767.24355280,1.40319851
3769,3768.64675131,0.81427142
3770,3769.46102273,0.54943225
3771,3770.01045498,1.58111061
3772,3771.59156559,0.85606459
3773,3772.44763018,1.35789687
3774,3773.80552706,0.90539773
3775,3774.71092479,1.02946336
3776,3775.74038815,1.09227539
3777,3776.83266354,0.09433983
3778,3776.92700336,1.03521216
3779,3777.96221552,1.59399440
3780,3779.55620992,0.93445346
3781,3780.49066338,1.06175843
3782,3781.55242181,1.44781108
3783,3783.00023289,0.40704705
3784,3783.40727994,1.07456196
3785,3784.48184190,0.95895296
3786,3785.44079486,1.17745065
3787,3786.61824551,1.07882460
3788,3787.69707011,0.36500997
3789,3788.06208009,1.12533259
3790,3789.18741268,1.03538159
3791,3790.22279427,1.90734914
3792,3792.13014341,0.57154096
3793,3792.70168437,1.22018016
3794,3793.92186452,0.19296184
3795,3794.11482636,1.32375397
3796,3795.43858034,1.07046213
3797,3796.50904246,0.58670824
3798,3797.09575070,1.22136853
3799,3798.31711923,1.45321854
3800,3799.77033777,0.80512959
3801,3800.57546736,0.92622481
3802,3801.50169217,0.92689861
3803,3802.42859078,1.57136931
3804,3803.99996010,0.56072145
3805,3804.56068155,0.78546001
3806,3805.34614156,0.94897442
3807,3806.29511598,1.04116284
3808,3807.33627883,0.61185957
3809,3807.94813839,1.95730558
3810,3809.90544397,0.77616261
3811,3810.68160659,1.09930872
3812,3811.78091531,1.08638999
3813,3812.86730530,0.31791656
3814,3813.18522186,0.95209670
3815,3814.13731856,1.46872402
3816,3815.60604258,0.89686166
3817,3816.50290423,1.00051512
3818,3817.50341935,0.47016776
3819,3817.97358711,1.78580033
3820,3819.75938744,1.08459771
3821,3820.84398515,0.56544781
3822,3821.40943297,1.58865929
3823,3822.99809225,0.33104006
3824,3823.32913231,1.31853481
3825,3824.64766712,0.32040298
3826,3824.96807009,1.10373163
3827,3826.07180173,1.37894696
3828,3827.45074868,1.54899520
3829,3828.99974388,0.68846588
3830,3829.68820976,0.80280734
3831,3830.49101710,0.95224882
3832,3831.44326592,1.03368993
3833,3832.47695585,1.44160545
3834,3833.91856130,0.16726171
3835,3834.08582301,1.23513967
3836,3835.32096269,1.08092758
3837,3836.40189027,0.89253085
3838,3837.29442112,1.12538689
3839,3838.41980801,1.81930201
3840,3840.23911003,0.54192511
3841,3840.78103514,0.52451928
3842,3841.30555442,1.21651214
3843,3842.52206656,0.61389529
3844,3843.13596185,1.15027683
3845,3844.28623868,1.21615253
3846,3845.50239121,0.77522919
3847,3846.27762040,1.76065739
3848,3848.03827779,0.30786724
3849,3848.34614503,1.32753168
3850,3849.67367671,0.79559870
3851,3850.46927541,1.06360503
3852,3851.53288043,1.17170483
3853,3852.70458526,0.89078017
3854,3853.59536543,0.49283949
3855,3854.08820492,0.74003498
3856,3854.82823990,1.90284661
3857,3856.73108651,1.24646405
3858,3857.97755056,0.65416206
3859,3858.63171262,0.90133581
3860,3859.53304843,1.25554976
3861,3860.78859819,0.44860253
3862,3861.23720072,0.86601296
3863,3862.10321369,1.44616281
3864,3863.54937649,0.93738284
3865,3864.48675933,0.81840754
3866,3865.30516687,1.39080811
3867,3866.69597499,0.68409424
3868,3867.38006922,1.38706100
3869,3868.76713023,1.07842329
3870,3869.84555352,0.78134054
3871,3870.62689406,0.61554104
3872,3871.24243510,0.99332054
3873,3872.23575565,1.20919974
3874,3873.44495539,0.52504614
3875,3873.97000153,1.74320947
3876,3875.71321100,1.32705063
3877,3877.04026163,0.71935701
3878,3877.75961864,0.65821417
3879,3878.41783281,0.69849285
3880,3879.11632566,1.61898315
3881,3880.73530881,0.81761653
3882,3881.55292534,0.69829878
3883,3882.25122411,1.07626251
3884,3883.32748662,0.92807179
3885,3884.25555841,1.32628848
3886,3885.58184689,1.28085871
3887,3886.86270560,0.75670660
3888,3887.61941220,1.13936160
3889,3888.75877380,0.94397191
3890,3889.70274571,0.37341136
3891,3890.07615707,1.32918961
3892,3891.40534667,0.44980096
3893,3891.85514764,2.06384380
3894,3893.91899144,0.64002743
3895,3894.55901887,0.91211562
3896,3895.47113448,1.32071275
3897,3896.79184723,0.67850007
3898,3897.47034730,1.08724464
3899,3898.55759194,0.86057541
3900,3899.41816735,1.27681894
3901,3900.69498629,0.54456362
3902,3901.23954990,1.02158139
3903,3902.26113129,0.74847228
3904,3903.00960357,1.99980221
3905,3905.00940578,0.77520074
3906,3905.78460652,1.02883434
3907,3906.81344087,0.69011119
3908,3907.50355205,0.76162885
3909,3908.26518090,0.99220587
3910,3909.25738678,1.27170558
3911,3910.52909235,0.79667754
3912,3911.32576989,0.92459788
3913,3912.25036777,1.61637378
3914,3913.86674155,0.94470720
3915,3914.81144875,0.26167538
3916,3915.07312413,1.74192763
3917,3916.81505176,0.94815174
3918,3917.76320350,0.84398591
3919,3918.60718940,0.63273054
3920,3919.23991995,0.79268564
3921,3920.03260558,1.22845409
3922,3921.26105967,1.20177570
3923,3922.46283537,1.51744126
3924,3923.98027663,0.78280048
3925,3924.76307711,0.78295305
3926,3925.54603017,0.93401672
3927,3926.48004689,1.01316432
3928,3927.49321121,0.60836849
3929,3928.10157969,1.65039481
3930,3929.75197450,0.57430024
3931,3930.32627475,0.99969213
3932,3931.32596687,0.96061038
3933,3932.28657726,1.44208438
3934,3933.72866164,1.25155494
3935,3934.98021658,0.70378015
3936,3935.68399673,0.55811503
3937,3936.24211177,1.55647100
3938,3937.79858277,0.49073309
3939,3938.28931586,0.59421559
3940,3938.88353145,1.39265169
3941,3940.27618314,1.52796770
3942,3941.80415084,1.13852947
3943,3942.94268031,0.51458239
3944,3943.45726270,1.10086555
3945,3944.55812825,0.76087210
3946,3945.31900035,1.35782807
3947,3946.67682842,0.98265739
3948,3947.65948582,0.56685561
3949,3948.22634143,0.98514238
3950,3949.21148382,1.02655623
3951,3950.23804005,1.43902200
3952,3951.67706206,0.89402072
3953,3952.57108277,1.39026069
3954,3953.96134346,0.95408495
3955,3954.91542841,0.40846206
3956,3955.32389047,0.80904266
3957,3956.13293313,1.03802464
3958,3957.17095777,1.48667586
3959,3958.65763363,0.53435498
3960,3959.19198861,1.49545976
3961,3960.68744837,0.84386144
3962,3961.53130981,1.44631968
3963,3962.97762948,0.19696796
3964,3963.17459744,1.47289801
3965,3964.64749546,1.28263812
3966,3965.93013357,0.13674849
3967,3966.06688206,1.55138319
3968,3967.61826526,0.46564191
3969,3968.08390717,0.80430345
3970,3968.88821062,2.35610933
3971,3971.24431995,0.48225143
3972,3971.72657138,0.83955872
3973,3972.56613011,0.91637753
3974,3973.48250764,1.00051176
3975,3974.48301940,0.91118661
3976,3975.39420601,0.92580560
3977,3976.32001161,0.97106914
3978,3977.29108075,1.33335026
3979,3978.62443100,0.79164663
3980,3979.41607763,1.03169347
3981,3980.44777110,1.22391346
3982,3981.67168456,1.10303419
3983,3982.77471875,0.96538519
3984,3983.74010394,0.82611198
3985,3984.56621592,0.65872925
3986,3985.22494517,0.93682705
3987,3986.16177222,1.00434979
3988,3987.16612200,1.37694967
3989,3988.54307168,1.13343252
3990,3989.67650420,1.26971815
3991,3990.94622235,0.70231032
3992,3991.64853267,0.84414374
3993,3992.49267641,0.60618897
3994,3993.09886538,1.53031537
3995,3994.62918075,1.09518575
3996,3995.72436651,0.68642642
3997,3996.41079292,0.40359868
3998,3996.81439160,1.82427025
3999,3998.63866185,0.89226458
4000,3999.53092643,1.50038971
4001,4001.03131615,0.48796255
4002,4001.51927870,1.21405037
4003,4002.73332907,0.59890066
4004,4003.33222973,1.14748759
4005,4004.47971732,0.44243429
4006,4004.92215161,1.41019847
4007,4006.33235008,1.32639058
4008,4007.65874066,1.16630382
4009,4008.82504447,0.94061677
4010,4009.76566125,0.28874839
4011,4010.05440964,1.99926285
4012,4012.05367248,0.32380436
4013,4012.37747684,1.03660788
4014,4013.41408472,1.00903732
4015,4014.42312204,0.98098345
4016,4015.40410549,0.70004787
4017,4016.10415336,1.14486115
4018,4017.24901451,1.81774349
4019,4019.06675800,0.85604813
4020,4019.92280613,0.58402596
4021,4020.50683210,1.05250947
4022,4021.55934157,0.61815165
4023,4022.17749322,1.17855006
4024,4023.35604327,1.00123561
4025,4024.35727888,1.35500472
4026,4025.71228360,0.33998986
4027,4026.05227346,1.73285517
4028,4027.78512863,0.87737997
4029,4028.66250860,0.83795120
4030,4029.50045981,1.01820152
4031,4030.51866133,1.40898266
4032,4031.92764399,0.57987746
4033,4032.50752145,0.73630680
4034,4033.24382825,0.71232343
4035,4033.95615168,1.21411585
4036,4035.17026753,1.86699055
4037,4037.03725808,0.51426593
4038,4037.55152401,1.18027708
4039,4038.73180109,1.01990855
4040,4039.75170964,0.56906424
4041,4040.32077388,0.91990096
4042,4041.24067484,1.52180726
4043,4042.76248211,0.36177673
4044,4043.12425884,1.40685601
4045,4044.53111484,0.82544220
4046,4045.35655704,0.95478258
4047,4046.31133962,1.40678577
4048,4047.71812540,1.27340887
4049,4048.99153426,0.69294691
4050,4049.68448118,0.79813901
4051,4050.48262018,0.66675441
4052,4051.14937459,1.35836678
4053,4052.50774137,0.67369664
4054,4053.18143801,0.90432829
4055,4054.08576629,1.90730193
4056,4055.99306822,0.82183812
4057,4056.81490634,0.66000133
4058,4057.47490767,1.01435344
4059,4058.48926111,0.85895399
4060,4059.34821510,1.46784602
4061,4060.81606111,0.63018954
4062,4061.44625066,0.87700617
4063,4062.32325683,0.91033211
4064,4063.23358894,0.86013849
4065,4064.09372743,1.75559777
4066,4065.84932519,0.85740267
4067,4066.70672786,1.07453494
4068,4067.78126281,0.83060839
4069,4068.61187119,1.04496261
4070,4069.65683380,0.71108166
4071,4070.36791546,0.39174610
4072,4070.75966156,1.98489975
4073,4072.74456131,0.63353354
4074,4073.37809486,1.11737658
4075,4074.49547144,1.12027023
4076,4075.61574167,1.08042131
4077,4076.69616298,0.79748613
4078,4077.49364910,1.23493077
4079,4078.72857988,0.70719849
4080,4079.43577837,1.15981594
4081,4080.59559431,0.74188448
4082,4081.33747879,0.62586357
4083,4081.96334236,1.29113917
4084,4083.25448152,1.53947714
4085,4084.79395867,1.36736962
4086,4086.16132828,0.69841625
4087,4086.85974453,0.11056890
4088,4086.97031343,1.52729509
4089,4088.49760852,0.88698596
4090,4089.38459448,1.16547302
4091,4090.55006750,0.71065106
4092,4091.26071856,0.99741311
4093,4092.25813167,1.54973749
4094,4093.80786916,0.59436151
4095,4094.40223067,1.04013498
4096,4095.44236565,1.63007924
4097,4097.07244488,0.56047589
4098,4097.63292077,0.75844299
4099,4098.39136377,1.02137233
4100,4099.41273609,0.68571680
4101,4100.09845289,1.00112152
4102,4101.09957442,1.50346345
4103,4102.60303787,1.30380610
4104,4103.90684397,0.60796538
4105,4104.51480935,1.35511570
4106,4105.86992505,0.48653969
4107,4106.35646474,1.05824643
4108,4107.41471117,0.90316838
4109,4108.31787955,1.47067260
4110,4109.78855216,0.57121805
4111,4110.35977021,0.79842473
4112,4111.15819494,0.94043486
4113,4112.09862979,1.94544305
4114,4114.04407284,0.72019099
4115,4114.76426383,0.77335286
4116,4115.53761670,1.20698881
4117,4116.74460550,0.69273815
4118,4117.43734366,0.73364869
4119,4118.17099234,1.13321326
4120,4119.30420560,0.84451016
4121,4120.14871576,1.54538727
4122,4121.69410303,1.03617544
4123,4122.73027847,0.96726447
4124,4123.69754295,0.71757042
4125,4124.41511336,0.98103342
4126,4125.39614679,1.52063288
4127,4126.91677966,0.70737633
4128,4127.62415599,0.53672226
4129,4128.16087824,0.96099867
4130,4129.12187691,1.40561460
4131,4130.52749152,0.56325554
4132,4131.09074705,1.89376475
4133,4132.98451181,0.78050187
4134,4133.76501368,1.10358330
4135,4134.86859698,0.70541727
4136,4135.57401425,0.38250612
4137,4135.95652037,1.47125587
4138,4137.42777624,1.00493201
4139,4138.43270825,1.01667869
4140,4139.44938694,0.88965720
4141,4140.33904414,1.25778715
4142,4141.59683129,0.97500067
4143,4142.57183196,1.12062388
4144,4143.69245584,1.05273928
4145,4144.74519512,0.64118520
4146,4145.38638032,1.44719705
4147,4146.83357737,0.39719204
4148,4147.23076941,1.04651962
4149,4148.27728903,0.47554355
4150,4148.75283258,2.15495326
4151,4150.90778583,1.10389198
4152,4152.01167781,0.44615392
4153,4152.45783174,1.08392882
4154,4153.54176055,0.99882109
4155,4154.54058164,0.92374276
4156,4155.46432440,0.81424847
4157,4156.27857288,1.26295694
4158,4157.54152982,0.94496600
4159,4158.48649582,0.60378082
4160,4159.09027665,1.60268142
4161,4160.69295807,0.67873154
4162,4161.37168961,1.59469777
4163,4162.96638737,0.91084651
4164,4163.87723388,0.58818072
4165,4164.46541461,0.86037784
4166,4165.32579245,0.86103930
4167,4166.18683175,0.99882107
4168,4167.18565281,1.40306990
4169,4168.58872271,0.66361293
4170,4169.25233564,1.86685534
4171,4171.11919098,0.54831139
4172,4171.66750237,0.71704966
4173,4172.38455203,0.88991356
4174,4173.27446559,1.47826971
4175,4174.75273530,0.88817268
4176,4175.64090798,0.64710297
4177,4176.28801094,1.03754755
4178,4177.32555849,0.63830195
4179,4177.96386044,1.67979554
4180,4179.64365598,1.21799277
4181,4180.86164875,1.05353485
4182,4181.91518360,0.54513581
4183,4182.46031941,1.05097176
4184,4183.51129117,1.09866573
4185,4184.60995690,0.39223490
4186,4185.00219180,1.22698474
4187,4186.22917654,1.28519391
4188,4187.51437045,1.36892804
4189,4188.88329849,0.38322643
4190,4189.26652492,1.24272794
4191,4190.50925287,1.31861604
4192,4191.82786891,0.70938944
4193,4192.53725835,1.17704983
4194,4193.71430818,0.59524468
4195,4194.30955286,1.05750177
4196,4195.36705463,1.12982562
4197,4196.49688025,0.24695465
4198,4196.74383490,2.02383267
4199,4198.76766757,1.32509742
4200,4200.09276500,0.44257858
4201,4200.53534358,1.21121966
4202,4201.74656324,0.60320199
4203,4202.34976523,0.69653001
4204,4203.04629525,1.77362605
4205,4204.81992129,0.62675794
4206,4205.44667924,0.60830502
4207,4206.05498426,1.39348774
4208,4207.44847201,1.20507055
4209,4208.65354256,1.03910820
4210,4209.69265076,0.75699550
4211,4210.44964626,1.48354844
4212,4211.93319470,0.77669484
4213,4212.70988954,0.64503319
4214,4213.35492274,0.63981967
4215,4213.99474241,1.20079918
4216,4215.19554158,1.14403031
4217,4216.33957189,1.54879497
4218,4217.88836686,0.79052219
4219,4218.67888905,1.00594469
4220,4219.68483374,0.74565167
4221,4220.43048540,1.13087615
4222,4221.56136155,0.83935397
4223,4222.40071553,1.12319536
4224,4223.52391089,0.83360395
4225,4224.35751485,1.21288485
4226,4225.57039970,0.43951210
4227,4226.00991180,1.34946421
4228,4227.35937602,1.85663002
4229,4229.21600604,0.51730150
4230,4229.73330754,0.82633714
4231,4230.55964467,0.71483793
4232,4231.27448261,1.33063681
4233,4232.60511941,0.56808982
4234,4233.17320924,0.96035594
4235,4234.13356518,1.37176656
4236,4235.50533174,1.11666585
4237,4236.62199759,1.23548835
4238,4237.85748594,0.68566601
4239,4238.54315195,0.72088053
4240,4239.26403248,1.59961973
4241,4240.86365221,0.58195339
4242,4241.44560560,1.25184162
4243,4242.69744722,0.68388217
4244,4243.38132939,0.38083374
4245,4243.76216313,1.62274906
4246,4245.38491219,1.46515123
4247,4246.85006342,0.72995447
4248,4247.58001789,1.37514066
4249,4248.95515855,0.74238227
4250,4249.69754082,0.60649958
4251,4250.30404039,0.89184277
4252,4251.19588317,1.05177995
4253,4252.24766312,1.57820803
4254,4253.82587115,0.38509255
4255,4254.21096369,1.08356850
4256,4255.29453219,1.56952938
4257,4256.86406157,0.49242447
4258,4257.35648605,1.47831203
4259,4258.83479807,0.88072417
4260,4259.71552224,0.70763606
4261,4260.42315830,1.05440299
4262,4261.47756129,0.80945053
4263,4262.28701182,0.91428561
4264,4263.20129743,0.78924025
4265,4263.99053768,2.30866329
4266,4266.29920096,0.29805724
4267,4266.59725821,1.13479763
4268,4267.73205583,0.49340797
4269,4268.22546381,1.23913148
4270,4269.46459529,1.17906545
4271,4270.64366074,0.76308945
4272,4271.40675019,0.84936153
4273,4272.25611172,1.14151292
4274,4273.39762464,1.03861938
4275,4274.43624402,0.90520486
4276,4275.34144888,1.61499524
4277,4276.95644412,0.67006228
4278,4277.62650640,1.23105270
4279,4278.85755909,0.62012347
4280,4279.47768257,0.83909495
4281,4280.31677752,0.65116433
4282,4280.96794185,1.41369088
4283,4282.38163273,1.09110549
4284,4283.47273822,1.27377993
4285,4284.74651815,0.77966652
4286,4285.52618467,1.29027789
4287,4286.81646255,0.93231736
4288,4287.74877992,0.24229248
4289,4287.99107240,1.74048493
4290,4289.73155733,1.04156505
4291,4290.77312237,0.39208583
4292,4291.16520821,0.97835406
4293,4292.14356226,0.93402430
4294,4293.07758656,1.82415448
4295,4294.90174104,0.95041567
4296,4295.85215671,0.89399039
4297,4296.74614709,0.73863158
4298,4297.48477868,1.09368651
4299,4298.57846519,0.58870666
4300,4299.16717185,1.18055326
4301,4300.34772511,0.99134498
4302,4301.33907009,0.99237717
4303,4302.33144726,1.57755492
4304,4303.90900218,0.60510141
4305,4304.51410359,0.78708007
4306,4305.30118366,1.39761930
4307,4306.69880297,1.32315040
4308,4308.02195337,0.44856289
4309,4308.47051627,0.60565781
4310,4309.07617407,1.60324508
4311,4310.67941916,0.20021071
4312,4310.87962987,1.40190168
4313,4312.28153155,1.44516068
4314,4313.72669223,1.37350372
4315,4315.10019595,0.58048027
4316,4315.68067622,0.65493578
4317,4316.33561199,1.12391086
4318,4317.45952285,0.78458291
4319,4318.24410576,1.25240196
4320,4319.49650772,1.16303850
4321,4320.65954622,0.55857685
4322,4321.21812307,0.93518273
4323,4322.15330580,1.72927350
4324,4323.88257930,0.67938104
4325,4324.56196035,1.19183283
4326,4325.75379317,0.82572411
4327,4326.57951729,1.06480894
4328,4327.64432623,0.83335611
4329,4328.47768234,0.76773407
4330,4329.24541641,0.48145554
4331,4329.72687195,2.12627445
4332,4331.85314640,0.72378445
4333,4332.57693085,1.30242671
4334,4333.87935757,0.57188208
4335,4334.45123964,1.11860286
4336,4335.56984250,0.80156718
4337,4336.37140968,1.34610792
4338,4337.71751760,0.60342296
4339,4338.32094056,1.10864763
4340,4339.42958819,0.79369288
4341,4340.22328107,1.10924528
4342,4341.33252635,1.09902676
4343,4342.43155311,1.52130322
4344,4343.95285633,1.05987498
4345,4345.01273131,0.50630668
4346,4345.51903798,0.85457729
4347,4346.37361527,0.69493869
4348,4347.06855396,1.49966426
4349,4348.56821822,0.67041576
4350,4349.23863398,1.04374572
4351,4350.28237970,1.49961657
4352,4351.78199627,1.03547306
4353,4352.81746934,0.57330912
4354,4353.39077846,1.09597813
4355,4354.48675659,1.14082426
4356,4355.62758084,1.05499517
4357,4356.68257601,1.01683532
4358,4357.69941134,0.27329398
4359,4357.97270531,1.26059382
4360,4359.23329913,0.82285537
4361,4360.05615450,2.10207882
4362,4362.15823332,0.63198349
4363,4362.79021681,0.56335387
4364,4363.35357068,1.50779543
4365,4364.86136611,0.63625316
4366,4365.49761926,0.57921799
4367,4366.07683726,1.21094808
4368,4367.28778534,1.27365126
4369,4368.56143660,0.94576931
4370,4369.50720591,0.83491075
4371,4370.34211666,1.13932446
4372,4371.48144112,1.19487255
4373,4372.67631367,1.34155526
4374,4374.01786892,0.29926088
4375,4374.31712981,1.48292843
4376,4375.80005823,0.45712228
4377,4376.25718051,0.91406500
4378,4377.17124552,1.07588801
4379,4378.24713352,0.93427717
4380,4379.18141069,1.73037116
4381,4380.91178185,0.92997282
4382,4381.84175466,1.11244969
4383,4382.95420435,0.18986750
4384,4383.14407186,1.06839601
4385,4384.21246786,1.57531368
4386,4385.78778155,0.66213543
4387,4386.44991697,1.02886622
4388,4387.47878319,0.47408392
4389,4387.95286711,1.59437875
4390,4389.54724586,1.04019257
4391,4390.58743842,0.95713349
4392,4391.54457191,1.51366643
4393,4393.05823834,0.58417934
4394,4393.64241768,0.74287919
4395,4394.38529687,1.05230069
4396,4395.43759756,0.62107192
4397,4396.05866949,1.09809105
4398,4397.15676053,1.51978074
4399,4398.67654128,0.96233561
4400,4399.63887689,0.98312448
4401,4400.62200137,1.03520141
4402,4401.65720278,0.77601978
4403,4402.43322256,1.38408987
4404,4403.81731242,0.43790526
4405,4404.25521769,1.22409137
4406,4405.47930906,1.22055735
4407,4406.69986640,0.48038264
4408,4407.18024904,0.60910640
4409,4407.78935544,2.11993831
4410,4409.90929376,1.05336509
4411,4410.96265885,0.73443874
4412,4411.69709759,0.85471366
4413,4412.55181125,0.74599714
4414,4413.29780839,1.34424143
4415,4414.64204982,0.33207043
4416,4414.97412025,1.65800066
4417,4416.63212091,0.54524330
4418,4417.17736422,1.49134392
4419,4418.66870814,0.96867192
4420,4419.63738005,1.01310668
4421,4420.65048674,0.63740522
4422,4421.28789196,1.72850205
4423,4423.01639401,0.61850255
4424,4423.63489656,0.75331919
4425,4424.38821575,0.65832326
4426,4425.04653902,1.10982678
4427,4426.15636580,1.22921313
4428,4427.38557893,1.28219596
4429,4428.66777489,1.20025952
4430,4429.86803441,0.96234576
4431,4430.83038016,0.67006051
4432,4431.50044067,0.95286993
4433,4432.45331060,0.61158984
4434,4433.06490044,1.78100253
4435,4434.84590297,0.42661472
4436,4435.27251769,1.00863873
4437,4436.28115642,1.19856253
4438,4437.47971895,0.79372011
4439,4438.27343906,1.69494076
4440,4439.96837982,0.80661882
4441,4440.77499863,0.76093501
4442,4441.53593364,0.98920806
4443,4442.52514170,0.92314611
4444,4443.44828780,0.98448684
4445,4444.43277464,0.45726405
4446,4444.89003869,1.36118596
4447,4446.25122464,1.90579128
4448,4448.15701592,0.59818378
4449,4448.75519970,0.49592042
4450,4449.25112012,1.36239707
4451,4450.61351719,0.90043913
4452,4451.51395632,0.98985166
4453,4452.50380798,1.13869823
4454,4453.64250621,0.59758277
4455,4454.24008898,1.04350789
4456,4455.28359687,0.94215955
4457,4456.22575643,1.28457552
4458,4457.51033195,1.36173283
4459,4458.87206478,0.89286557
4460,4459.76493036,1.06226644
4461,4460.82719680,0.70439914
4462,4461.53159593,0.57871285
4463,4462.11030878,0.98951465
4464,4463.09982343,1.46596746
4465,4464.56579089,0.94390532
4466,4465.50969621,0.73885173
4467,4466.24854794,1.62389688
4468,4467.87244481,0.94107940
4469,4468.81352421,0.39956275
4470,4469.21308696,1.40308319
4471,4470.61617015,1.11943455
4472,4471.73560471,0.76595000
4473,4472.50155470,0.89779456
4474,4473.39934926,0.68348162
4475,4474.08283088,0.91922887
4476,4475.00205975,1.80182673
4477,4476.80388648,1.20502710
4478,4478.00891358,0.63087073
4479,4478.63978431,0.98787628
4480,4479.62766059,0.60894904
4481,4480.23660963,1.34236832
4482,4481.57897795,0.82924617
4483,4482.40822411,0.65648030
4484,4483.06470442,1.81379600
4485,4484.87850041,0.25002224
4486,4485.12852265,1.62062614
4487,4486.74914879,0.46884329
4488,4487.21799209,1.74593635
4489,4488.96392844,0.91263814
4490,4489.87656658,0.51593466
4491,4490.39250124,0.94372525
4492,4491.33622649,1.06015862
4493,4492.39638511,0.76362914
4494,4493.16001425,0.93532626
4495,4494.09534051,1.75599600
4496,4495.85133651,0.84042567
4497,4496.69176218,1.16083598
4498,4497.85259815,0.77876572
4499,4498.63136387,0.57143518
4500,4499.20279905,1.14098655
4501,4500.34378560,1.40209347
4502,4501.74587906,0.75720735
4503,4502.50308642,0.80215044
4504,4503.30523686,0.62537961
4505,4503.93061647,1.78941129
4506,4505.72002776,0.99390749
4507,4506.71393525,1.06658176
4508,4507.78051701,0.75829669
4509,4508.53881371,1.53064383
4510,4510.06945754,0.11076042
4511,4510.18021795,0.81308402
4512,4510.99330198,1.23781270
4513,4512.23111467,1.18641313
4514,4513.41752780,1.20846131
4515,4514.62598911,1.32490462
4516,4515.95089373,0.36306509
4517,4516.31395883,1.24931045
4518,4517.56326927,1.03521323
4519,4518.59848250,1.02011838
4520,4519.61860088,0.96166310
4521,4520.58026398,0.63790648
4522,4521.21817045,1.12197639
4523,4522.34014684,1.02509301
4524,4523.36523986,0.67078357
4525,4524.03602343,2.13803395
4526,4526.17405738,0.75752500
4527,4526.93158238,0.61687562
4528,4527.54845800,0.74155237
4529,4528.29001037,1.21239520
4530,4529.50240557,0.64102266
4531,4530.14342823,1.68237969
4532,4531.82580792,0.12976099
4533,4531.95556891,1.55645509
4534,4533.51202400,1.20890980
4535,4534.72093381,0.74958452
4536,4535.47051833,1.19059173
4537,4536.66111006,0.88765695
4538,4537.54876701,1.22865684
4539,4538.77742385,0.78404688
4540,4539.56147072,0.90932048
4541,4540.47079120,0.48502634
4542,4540.95581755,1.01786274
4543,4541.97368029,1.96816615
4544,4543.94184644,0.67176853
4545,4544.61361497,1.13863979
4546,4545.75225476,0.87324955
4547,4546.62550431,1.06942282
4548,4547.69492714,0.48351128
4549,4548.17843842,1.10228647
4550,4549.28072489,1.40047716
4551,4550.68120205,0.72250530
4552,4551.40370735,0.86180762
4553,4552.26551497,1.00115337
4554,4553.26666834,1.52287622
4555,4554.78954456,0.81668892
4556,4555.60623348,1.47252443
4557,4557.07875791,0.49276000
4558,4557.57151791,0.54234314
4559,4558.11386105,1.40325511
4560,4559.51711615,0.70135157
4561,4560.21846772,0.87654360
4562,4561.09501133,1.38097797
4563,4562.47598929,1.51082137
4564,4563.98681066,0.80533197
4565,4564.79214263,0.73880377
4566,4565.53094640,0.55699659
4567,4566.08794300,1.74710653
4568,4567.83504953,0.86258531
4569,4568.69763484,0.50515051
4570,4569.20278535,1.12406974
4571,4570.32685509,0.92133374
4572,4571.24818883,0.98701480
4573,4572.23520362,1.61633231
4574,4573.85153593,0.84984773
4575,4574.70138366,1.24845913
4576,4575.94984279,0.52473651
4577,4576.47457930,1.00107168
4578,4577.47565098,0.76894919
4579,4578.24460018,0.80723758
4580,4579.05183776,1.50473421
4581,4580.55657196,1.04801074
4582,4581.60458271,0.80442494
4583,4582.40900765,1.16553998
4584,4583.57454763,1.19185953
4585,4584.76640716,0.81701466
4586,4585.58342182,0.89696760
4587,4586.48038942,1.08019823
4588,4587.56058765,1.22599136
4589,4588.78657901,0.31436996
4590,4589.10094897,0.90656503
4591,4590.00751400,1.16782825
4592,4591.17534226,1.92613910
4593,4593.10148136,0.75749953
4594,4593.85898089,0.61742161
4595,4594.47640250,1.27087164
4596,4595.74727414,0.40613838
4597,4596.15341252,1.23637991
4598,4597.38979243,1.14193256
4599,4598.53172499,0.93093693
4600,4599.46266192,0.59173428
4601,4600.05439620,1.79757503
4602,4601.85197123,0.59064753
4603,4602.44261876,0.90366858
4604,4603.34628734,1.71723449
4605,4605.06352183,0.54439459
4606,4605.60791642,1.07249251
4607,4606.68040893,0.60127068
4608,4607.28167962,0.66435658
4609,4607.94603620,1.54742153
4610,4609.49345773,0.65816626
4611,4610.15162398,1.65912598
4612,4611.81074997,1.12495847
4613,4612.93570844,0.56797266
4614,4613.50368109,1.13641713
4615,4614.64009822,0.61733285
4616,4615.25743107,1.24471415
4617,4616.50214522,0.97752647
4618,4617.47967169,1.21409180
4619,4618.69376349,0.46456835
4620,4619.15833184,0.88596290
4621,4620.04429474,1.51165477
4622,4621.55594952,1.65349399
4623,4623.20944351,0.34274054
4624,4623.55218405,0.91153573
4625,4624.46371978,1.21792343
4626,4625.68164320,0.69722977
4627,4626.37887298,0.93902252
4628,4627.31789550,0.57853255
4629,4627.89642805,1.71868149
4630,4629.61510954,1.15415234
4631,4630.76926188,0.73549953
4632,4631.50476141,1.30153122
4633,4632.80629262,0.44104463
4634,4633.24733725,1.42206939
4635,4634.66940664,1.13259632
4636,4635.80200296,0.54531404
4637,4636.34731700,0.93838977
4638,4637.28570677,1.03138807
4639,4638.31709484,0.74347078
4640,4639.06056561,1.60737064
4641,4640.66793625,0.99823241
4642,4641.66616866,1.52190298
4643,4643.18807164,0.37751932
4644,4643.56559096,0.88941023
4645,4644.45500119,0.49649034
4646,4644.95149153,1.60849667
4647,4646.55998820,0.88738679
4648,4647.44737499,0.93277398
4649,4648.38014897,0.89984514
4650,4649.27999412,1.46299740
4651,4650.74299152,0.90485945
4652,4651.64785097,0.80968807
4653,4652.45753904,1.27171807
4654,4653.72925711,1.09413508
4655,4654.82339218,0.48109422
4656,4655.30448641,1.07955524
4657,4656.38404164,1.00295313
4658,4657.38699477,0.30183725
4659,4657.68883202,2.21900928
4660,4659.90784130,1.02797996
4661,4660.93582126,0.72139710
4662,4661.65721836,0.66534913
4663,4662.32256748,1.44769701
4664,4663.77026449,0.54316229
4665,4664.31342678,1.02244980
4666,4665.33587657,1.14883500
4667,4666.48471157,0.89303086
4668,4667.37774244,1.15126598
4669,4668.52900842,0.59518923
4670,4669.12419764,1.51311319
4671,4670.63731083,1.44249037
4672,4672.07980120,0.48478868
4673,4672.56458989,1.10135448
4674,4673.66594437,0.69824842
4675,4674.36419279,0.95304024
4676,4675.31723303,0.71444865
4677,4676.03168168,1.50875008
4678,4677.54043176,0.73748861
4679,4678.27792036,1.61731069
4680,4679.89523105,1.00513898
4681,4680.90037004,0.46153115
4682,4681.36190119,1.11517510
4683,4682.47707628,0.81893236
4684,4683.29600864,1.81934635
4685,4685.11535499,0.25874998
4686,4685.37410497,0.63457284
4687,4686.00867781,1.08511344
4688,4687.09379125,1.39863541
4689,4688.49242666,1.21300091
4690,4689.70542757,1.17795894
4691,4690.88338651,0.84916499
4692,4691.73255150,0.80386387
4693,4692.53641537,1.04867747
4694,4693.58509285,0.50520952
4695,4694.09030237,1.11319051
4696,4695.20349288,1.28660891
4697,4696.49010179,0.94560452
4698,4697.43570631,1.37980064
4699,4698.81550694,0.54187660
4700,4699.35738355,1.15311125
4701,4700.51049479,1.30480821
4702,4701.81530300,1.00900065
4703,4702.82430365,0.37346695
4704,4703.19777061,1.29943888
4705,4704.49720949,0.93313048
4706,4705.43033997,0.73178454
4707,4706.16212451,0.78345680
4708,4706.94558131,2.29099668
4709,4709.23657799,0.39804957
4710,4709.63462756,1.22096639
4711,4710.85559395,0.48132966
4712,4711.33692361,0.96609381
4713,4712.30301742,1.15757425
4714,4713.46059167,1.00580117
4715,4714.46639284,0.92758460
4716,4715.39397744,1.01692519
4717,4716.41090263,0.78609522
4718,4717.19699785,1.78491889
4719,4718.98191674,0.37808887
4720,4719.36000561,1.25956418
4721,4720.61956980,1.27082725
4722,4721.89039705,0.83686014
4723,4722.72725719,0.52989864
4724,4723.25715583,0.82474833
4725,4724.08190415,0.98317182
4726,4725.06507598,1.45171445
4727,4726.51679042,1.39312417
4728,4727.90991459,0.48290069
4729,4728.39281528,1.65523704
4730,4730.04805232,0.43855565
4731,4730.48660797,0.64240858
4732,4731.12901655,1.60977952
4733,4732.73879608,0.59074238
4734,4733.32953846,1.26710080
4735,4734.59663926,0.63574975
4736,4735.23238901,0.96470945
4737,4736.19709845,1.13699375
4738,4737.33409220,1.68796223
4739,4739.02205443,0.85662266
4740,4739.87867709,0.78346469
4741,4740.66214178,0.62234748
4742,4741.28448926,1.14808876
4743,4742.43257802,0.90881823
4744,4743.34139624,0.93339323
4745,4744.27478947,0.85280555
4746,4745.12759503,1.72339424
4747,4746.85098927,0.95979306
4748,4747.81078233,0.62071617
4749,4748.43149850,0.93955083
4750,4749.37104933,1.36847779
4751,4750.73952712,0.93876203
4752,4751.67828915,0.76896925
4753,4752.44725840,1.11329811
4754,4753.56055650,0.39206723
4755,4753.95262373,1.24425652
4756,4755.19688026,1.28615196
4757,4756.48303222,1.53629402
4758,4758.01932624,0.61593340
4759,4758.63525964,1.09466700
4760,4759.72992664,0.85454150
4761,4760.58446814,0.95488934
4762,4761.53935748,0.21735265
4763,4761.75671013,1.95998850
4764,4763.71669863,1.08670723
4765,4764.80340585,0.04628964
4766,4764.84969549,1.77161740
4767,4766.62131289,0.98235009
4768,4767.60366298,1.14469872
4769,4768.74836170,0.82787425
4770,4769.57623595,1.05125127
4771,4770.62748722,1.00019216
4772,4771.62767937,0.77680593
4773,4772.40448530,0.70323302
4774,4773.10771832,0.90371557
4775,4774.01143389,1.48911345
4776,4775.50054734,1.51460047
4777,4777.01514781,0.95833606
4778,4777.97348387,0.34246624
4779,4778.31595011,1.03874435
4780,4779.35469446,1.16649677
4781,4780.52119123,1.03092195
4782,4781.55211318,0.97461006
4783,4782.52672324,0.56052616
4784,4783.08724940,1.42520108
4785,4784.51245048,0.89002860
4786,4785.40247908,0.99025254
4787,4786.39273162,1.40158794
4788,4787.79431956,1.20290651
4789,4788.99722607,0.77475717
4790,4789.77198324,0.39466414
4791,4790.16664738,1.12820390
4792,4791.29485128,1.03727544
4793,4792.33212672,0.75025088
4794,4793.08237760,1.57225027
4795,4794.65462787,0.90370060
4796,4795.55832847,1.26748199
4797,4796.82581046,0.71076256
4798,4797.53657302,1.27173178
4799,4798.80830479,0.23702953
4800,4799.04533433,1.78710544
4801,4800.83243977,0.58716100
4802,4801.41960077,1.08667191
4803,4802.50627268,0.72523786
4804,4803.23151054,0.55445150
4805,4803.78596204,2.44199254
4806,4806.22795458,0.33523482
4807,4806.56318940,1.07472236
4808,4807.63791176,1.13361595
4809,4808.77152770,0.67154582
4810,4809.44307352,0.86867356
4811,4810.31174708,0.87967583
4812,4811.19142290,1.13663229
4813,4812.32805519,1.19238020
4814,4813.52043539,1.02053337
4815,4814.54096876,1.11406390
4816,4815.65503266,0.84900596
4817,4816.50403862,0.96838124
4818,4817.47241986,1.49637706
4819,4818.96879692,0.57849095
4820,4819.54728787,0.99083023
4821,4820.53811810,0.42166248
4822,4820.95978058,1.64036307
4823,4822.60014365,0.33746267
4824,4822.93760632,1.55225373
4825,4824.48986005,1.61880484
4826,4826.10866489,0.75068960
4827,4826.85935449,0.61518532
4828,4827.47453981,0.86203951
4829,4828.33657932,0.89799909
4830,4829.23457841,1.41691981
4831,4830.65149822,0.77682518
4832,4831.42832340,0.93852190
4833,4832.36684530,0.80336579
4834,4833.17021109,1.54430451
4835,4834.71451560,0.70933782
4836,4835.42385342,1.55972399
4837,4836.98357741,0.58365327
4838,4837.56723068,0.91761622
4839,4838.48484690,1.38698806
4840,4839.87183496,0.37811681
4841,4840.24995177,0.55485577
4842,4840.80480754,1.40841122
4843,4842.21321876,1.63359055
4844,4843.84680931,0.96925736
4845,4844.81606667,0.66835079
4846,4845.48441746,1.09164114
4847,4846.57605859,1.04293882
4848,4847.61899742,0.85975789
4849,4848.47875531,0.82844010
4850,4849.30719541,1.38251787
4851,4850.68971328,0.71973397
4852,4851.40944725,0.61572839
4853,4852.02517565,1.34323332
4854,4853.36840897,1.20265911
4855,4854.57106808,1.56534817
4856,4856.13641625,0.55286574
4857,4856.68928199,0.82765275
4858,4857.51693475,0.97942505
4859,4858.49635979,0.53692920
4860,4859.03328899,1.40061656
4861,4860.43390555,0.98651213
4862,4861.42041768,0.79933919
4863,4862.21975687,1.53102890
4864,4863.75078577,1.17661635
4865,4864.92740213,0.54074179
4866,4865.46814392,0.70722605
4867,4866.17536997,1.79209606
4868,4867.96746603,0.61391737
4869,4868.58138340,0.88987949
4870,4869.47126289,0.65724997
4871,4870.12851285,1.05558196
4872,4871.18409482,0.98015578
4873,4872.16425060,1.75782661
4874,4873.92207720,0.90151997
4875,4874.82359717,0.78072387
4876,4875.60432104,1.24922884
4877,4876.85354988,0.33795933
4878,4877.19150922,1.21736910
4879,4878.40887832,0.80776255
4880,4879.21664087,1.19336250
4881,4880.41000337,1.23940312
4882,4881.64940648,0.77166761
4883,4882.42107409,0.79593227
4884,4883.21700636,1.70733545
4885,4884.92434180,0.69004038
4886,4885.61438219,1.15837657
4887,4886.77275876,0.68353809
4888,4887.45629685,0.94928170
4889,4888.40557855,1.09596049
4890,4889.50153904,0.58158347
4891,4890.08312251,0.88148535
4892,4890.96460786,2.01728801
4893,4892.98189587,0.77247115
4894,4893.75436702,0.97378373
4895,4894.72815075,0.89076531
4896,4895.61891606,0.58656051
4897,4896.20547657,1.21192178
4898,4897.41739834,1.38001331
4899,4898.79741165,0.63177854
4900,4899.42919019,0.61600902
4901,4900.04519921,1.27998488
4902,4901.32518409,1.25956860
4903,4902.58475269,1.02839595
4904,4903.61314864,1.03629089
4905,4904.64943953,1.33535421
4906,4905.98479374,0.80976939
4907,4906.79456313,0.30682398
4908,4907.10138712,1.15342520
4909,4908.25481232,0.78081739
4910,4909.03562971,1.69621939
4911,4910.73184910,0.47911636
4912,4911.21096546,1.75956994
4913,4912.97053541,0.56447807
4914,4913.53501348,0.97562435
4915,4914.51063783,1.06789298
4916,4915.57853081,0.97336001
4917,4916.55189082,0.88618863
4918,4917.43807946,1.22762314
4919,4918.66570260,0.57926673
4920,4919.24496933,0.96154463
4921,4920.20651396,0.81117451
4922,4921.01768847,1.99111648
4923,4923.00880495,1.07147048
4924,4924.08027544,0.52368187
4925,4924.60395731,0.60361007
4926,4925.20756738,1.43472756
4927,4926.64229494,0.83110656
4928,4927.47340150,0.50630248
4929,4927.97970397,1.57113857
4930,4929.55084255,0.77235809
4931,4930.32320064,1.38777844
4932,4931.71097908,0.93514581
4933,4932.64612489,0.66778976
4934,4933.31391466,1.49894789
4935,4934.81286255,0.79933132
4936,4935.61219387,1.24590132
4937,4936.85809519,0.32396742
4938,4937.18206261,1.16396682
4939,4938.34602943,0.55225235
4940,4938.89828178,1.58679125
4941,4940.48507303,1.18450418
4942,4941.66957721,1.11055729
4943,4942.78013449,1.07430127
4944,4943.85443576,0.95430975
4945,4944.80874551,0.27797460
4946,4945.08672011,1.09206923
4947,4946.17878934,1.54287950
4948,4947.72166883,0.75957166
4949,4948.48124049,0.83402611
4950,4949.31526660,0.80935221
4951,4950.12461881,1.55116937
4952,4951.67578818,0.96582137
4953,4952.64160955,1.14723911
4954,4953.78884867,0.89229106
4955,4954.68113973,0.95869760
4956,4955.63983733,0.70927544
4957,4956.34911277,0.91818596
4958,4957.26729872,1.06375671
4959,4958.33105543,0.56374892
4960,4958.89480435,2.17037802
4961,4961.06518237,0.68548775
4962,4961.75067012,0.74438226
4963,4962.49505238,1.01432744
4964,4963.50937982,0.89627553
4965,4964.40565536,1.38423809
4966,4965.78989345,0.73042213
4967,4966.52031558,0.58093527
4968,4967.10125085,1.52230284
4969,4968.62355369,0.54024014
4970,4969.16379383,1.01908497
4971,4970.18287881,1.62688473
4972,4971.80976353,1.35257607
4973,4973.16233960,0.23516192
4974,4973.39750152,1.51426492
4975,4974.91176644,0.23182250
4976,4975.14358894,0.93820085
4977,4976.08178979,1.34543748
4978,4977.42722727,0.93945172
4979,4978.36667899,1.19050796
4980,4979.55718695,0.84604327
4981,4980.40323022,1.53392769
4982,4981.93715792,0.60564820
4983,4982.54280612,0.84567495
4984,4983.38848107,1.15404034
4985,4984.54252141,1.38327047
4986,4985.92579188,0.41945167
4987,4986.34524355,1.12391684
4988,4987.46916039,0.17463551
4989,4987.64379590,1.79267342
4990,4989.43646932,1.49504232
4991,4990.93151164,0.82911638
4992,4991.76062802,0.99026350
4993,4992.75089152,0.68052086
4994,4993.43141238,1.16950235
4995,4994.60091473,0.55077217
4996,4995.15168691,1.26158103
4997,4996.41326794,1.03148304
4998,4997.44475098,0.90462791
4999,4998.34937889,1.18085289
5000,4999.53023177,1.12669031
5001,5000.65692209,0.55906028
5002,5001.21598237,2.02624634
5003,5003.24222871,0.38481568
5004,5003.62704439,0.71519658
5005,5004.34224097,1.01812949
5006,5005.36037045,1.02985539
5007,5006.39022585,0.77083061
5008,5007.16105646,0.99012904
5009,5008.15118550,1.49305770
5010,5009.64424320,1.57382247
5011,5011.21806566,0.37322824
5012,5011.59129391,0.70258414
5013,5012.29387805,1.18587701
5014,5013.47975506,0.93429439
5015,5014.41404945,1.14393355
5016,5015.55798300,1.09821094
5017,5016.65619394,0.51630997
5018,5017.17250391,0.90415648
5019,5018.07666040,1.43815988
5020,5019.51482028,1.47815087
5021,5020.99297115,0.48918589
5022,5021.48215704,1.33193734
5023,5022.81409438,0.79634879
5024,5023.61044318,0.92955424
5025,5024.53999742,0.73046110
5026,5025.27045851,0.54211786
5027,5025.81257637,1.78979856
5028,5027.60237494,1.01955715
5029,5028.62193209,0.94602698
5030,5029.56795907,1.07694137
5031,5030.64490044,0.99463318
5032,5031.63953362,0.85289956
5033,5032.49243318,1.00581255
5034,5033.49824573,1.35565670
5035,5034.85390243,0.32537474
5036,5035.17927717,1.11755334
5037,5036.29683052,1.15650844
5038,5037.45333896,0.43787893
5039,5037.89121789,2.05462914
5040,5039.94584703,0.93922854
5041,5040.88507557,0.97832938
5042,5041.86340494,0.70686217
5043,5042.57026711,0.45811734
5044,5043.02838445,1.40171044
5045,5044.43009489,1.14970792
5046,5045.57980281,0.63815960
5047,5046.21796240,1.01174555
5048,5047.22970796,1.78456030
5049,5049.01426825,0.26520997
5050,5049.27947822,1.33937704
5051,5050.61885526,0.87201534
5052,5051.49087060,1.38405154
5053,5052.87492214,0.86320373
5054,5053.73812586,0.49535546
5055,5054.23348133,1.05579826
5056,5055.28927959,0.79915785
5057,5056.08843744,1.05369953
5058,5057.14213697,2.02767531
5059,5059.16981228,0.33518461
5060,5059.50499689,1.13974866
5061,5060.64474555,1.07021482
5062,5061.71496036,0.81749922
5063,5062.53245958,0.62350068
5064,5063.15596026,1.19579629
5065,5064.35175655,1.37420357
5066,5065.72596012,0.70608920
5067,5066.43204932,0.64531062
5068,5067.07735994,1.30881517
5069,5068.38617512,1.45843159
5070,5069.84460671,0.96199954
5071,5070.80660625,0.90886984
5072,5071.71547609,0.70869800
5073,5072.42417409,1.21693783
5074,5073.64111192,0.57384514
5075,5074.21495705,0.84859443
5076,5075.06355148,1.23790706
5077,5076.30145855,1.20776269
5078,5077.50922123,1.50905983
5079,5079.01828107,0.68552874
5080,5079.70380981,0.77723334
5081,5080.48104315,0.68110665
5082,5081.16214980,1.76773697
5083,5082.92988677,0.51502637
5084,5083.44491314,1.02032157
5085,5084.46523471,0.74727654
5086,5085.21251125,0.87516879
5087,5086.08768005,1.61266308
5088,5087.70034312,0.58510389
5089,5088.28544702,1.86303603
5090,5090.14848305,0.57357028
5091,5090.72205333,0.87920309
5092,5091.60125641,0.73118368
5093,5092.33244009,0.92534511
5094,5093.25778520,0.91311552
5095,5094.17090072,1.34115170
5096,5095.51205242,0.96206313
5097,5096.47411555,1.02515739
5098,5097.49927294,1.15906603
5099,5098.65833896,0.94984868
5100,5099.60818765,0.95178185
5101,5100.55996950,1.28268183
5102,5101.84265133,0.37630876
5103,5102.21896009,1.51337642
5104,5103.73233651,0.73168029
5105,5104.46401681,0.51266193
5106,5104.97667874,0.93640636
5107,5105.91308509,2.14687848
5108,5108.05996357,0.90140086
5109,5108.96136444,0.51389255
5110,5109.47525699,1.05059660
5111,5110.52585359,1.21143054
5112,5111.73728413,0.30019893
5113,5112.03748306,1.56761217
5114,5113.60509523,0.62498115
5115,5114.23007637,1.25669730
5116,5115.48677367,0.86041819
5117,5116.34719186,1.25767608
5118,5117.60486795,0.90502688
5119,5118.50989483,1.12976927
5120,5119.63966410,1.20848487
5121,5120.84814897,1.01832535
5122,5121.86647432,0.51992016
5123,5122.38639449,0.50796255
5124,5122.89435704,1.48610186
5125,5124.38045889,0.85572056
5126,5125.23617945,1.22703584
5127,5126.46321530,1.45379904
5128,5127.91701434,0.79082275
5129,5128.70783708,1.24680699
5130,5129.95464408,0.12352428
5131,5130.07816836,1.18112871
5132,5131.25929707,1.54638858
5133,5132.80568565,0.79693685
5134,5133.60262251,0.44339999
5135,5134.04602250,1.41900686
5136,5135.46502936,0.58528294
5137,5136.05031230,1.75397070
5138,5137.80428300,1.20889707
5139,5139.01318007,0.52790043
5140,5139.54108049,1.05060525
5141,5140.59168574,0.91978850
5142,5141.51147424,0.90477019
5143,5142.41624443,0.74805664
5144,5143.16430108,0.86088120
5145,5144.02518228,1.69318851
5146,5145.71837079,1.00989615
5147,5146.72826694,0.99509498
5148,5147.72336191,0.50158858
5149,5148.22495049,1.56848499
5150,5149.79343548,0.78508838
5151,5150.57852387,0.93434775
5152,5151.51287162,1.01664957
5153,5152.52952119,0.74947615
5154,5153.27899733,1.09789070
5155,5154.37688803,0.56666282
5156,5154.94355085,1.76223543
5157,5156.70578628,1.10142702
5158,5157.80721330,1.22879701
5159,5159.03601031,0.55817098
5160,5159.59418129,0.67980981
5161,5160.27399110,1.06495698
5162,5161.33894808,0.82616597
5163,5162.16511405,1.68229304
5164,5163.84740708,0.41902816
5165,5164.26643525,0.81191732
5166,5165.07835256,1.92509988
5167,5167.00345244,0.52272484
5168,5167.52617729,0.84594273
5169,5168.37212002,1.40278104
5170,5169.77490106,0.97088726
5171,5170.74578832,0.78998169
5172,5171.53577001,0.79175463
5173,5172.32752464,0.74630409
5174,5173.07382873,0.93894436
5175,5174.01277310,1.71165528
5176,5175.72442838,1.09262903
5177,5176.81705741,1.04281880
5178,5177.85987621,0.65590441
5179,5178.51578062,0.82667618
5180,5179.34245680,1.35052575
5181,5180.69298255,0.55536748
5182,5181.24835003,1.15266829
5183,5182.40101832,1.04786228
5184,5183.44888060,1.05889370
5185,5184.50777429,0.68609692
5186,5185.19387121,1.21254170
5187,5186.40641291,1.58492051
5188,5187.99133342,1.00062738
5189,5188.99196080,0.39321071
5190,5189.38517151,1.05846877
5191,5190.44364028,0.90503731
5192,5191.34867759,0.98452033
5193,5192.33319792,0.76913138
5194,5193.10232930,1.22822089
5195,5194.33055019,1.66850444
5196,5195.99905463,0.52999064
5197,5196.52904527,1.23320289
5198,5197.76224815,0.73269607
5199,5198.49494423,0.70290791
5200,5199.19785214,1.64784912
5201,5200.84570126,0.69926845
5202,5201.54496972,0.98818380
5203,5202.53315352,0.33244891
5204,5202.86560243,1.35649258
5205,5204.22209501,1.40516454
5206,5205.62725955,1.45614215
5207,5207.08340170,0.27213406
5208,5207.35553577,1.60880418
5209,5208.96433995,0.63978621
5210,5209.60412616,0.68175911
5211,5210.28588527,0.61670956
5212,5210.90259483,1.80208951
5213,5212.70468434,0.47721651
5214,5213.18190084,1.50730484
5215,5214.68920568,0.75296951
5216,5215.44217519,1.20937723
5217,5216.65155242,0.89444704
5218,5217.54599946,1.12398656
5219,5218.66998602,1.13053920
5220,5219.80052522,0.50020762
5221,5220.30073284,1.14956504
5222,5221.45029788,0.84962295
5223,5222.29992083,0.87500241
5224,5223.17492324,0.88656031
5225,5224.06148355,2.21679346
5226,5226.27827701,0.58955422
5227,5226.86783123,0.55216406
5228,5227.41999529,1.05374121
5229,5228.47373649,0.79694164
5230,5229.27067814,1.40687352
5231,5230.67755166,0.57147400
5232,5231.24902566,1.19093036
5233,5232.43995602,0.84406953
5234,5233.28402555,1.21692948
5235,5234.50095503,1.09611112
5236,5235.59706615,0.91354687
5237,5236.51061302,1.30950628
5238,5237.82011930,1.02612115
5239,5238.84624045,0.54780348
5240,5239.39404393,1.26838509
5241,5240.66242902,0.35774703
5242,5241.02017606,0.87840004
5243,5241.89857610,1.78308119
5244,5243.68165729,0.95085773
5245,5244.63251502,0.96679930
5246,5245.59931432,1.37030446
5247,5246.96961878,0.44683405
5248,5247.41645283,1.04307241
5249,5248.45952524,0.82980632
5250,5249.28933155,1.32723561
5251,5250.61656717,0.97775659
5252,5251.59432376,0.92911818
5253,5252.52344194,0.20474155
5254,5252.72818349,1.82271509
5255,5254.55089858,1.24954669
5256,5255.80044527,1.05071938
5257,5256.85116465,1.00873777
5258,5257.85990242,0.49554441
5259,5258.35544683,0.95568895
5260,5259.31113578,1.24048095
5261,5260.55161672,0.48119273
5262,5261.03280945,1.28763101
5263,5262.32044046,1.15331697
5264,5263.47375743,1.50026636
5265,5264.97402379,0.78284156
5266,5265.75686535,0.32214429
5267,5266.07900964,1.54187842
5268,5267.62088806,1.23568116
5269,5268.85656922,0.79122924
5270,5269.64779846,0.51230048
5271,5270.16009894,1.08196674
5272,5271.24206567,1.20098184
5273,5272.44304751,0.54505811
5274,5272.98810562,1.89576572
5275,5274.88387134,0.95761326
5276,5275.84148460,0.96435213
5277,5276.80583673,0.72856536
5278,5277.53440209,0.97509544
5279,5278.50949753,0.56226882
5280,5279.07176635,1.27119065
5281,5280.34295700,1.37768792
5282,5281.72064492,0.52142045
5283,5282.24206537,1.17240238
5284,5283.41446776,1.03811287
5285,5284.45258062,1.36250603
5286,5285.81508665,1.06038766
5287,5286.87547431,0.33169547
5288,5287.20716978,1.66321886
5289,5288.87038864,0.75895100
5290,5289.62933964,0.45187355
5291,5290.08121319,1.10738901
5292,5291.18860220,0.75999775
5293,5291.94859995,2.05073305
5294,5293.99933300,0.74519273
5295,5294.74452573,0.99100333
5296,5295.73552906,0.68003192
5297,5296.41556097,1.28810236
5298,5297.70366334,0.41681239
5299,5298.12047573,1.63533266
5300,5299.75580839,0.60982489
5301,5300.36563328,0.81929101
5302,5301.18492429,1.22779666
5303,5302.41272095,1.11905709
5304,5303.53177804,0.79273258
5305,5304.32451062,1.58880332
5306,5305.91331395,1.07754791
5307,5306.99086186,0.58677700
5308,5307.57763886,0.77876876
5309,5308.35640762,0.74759354
5310,5309.10400116,1.25834114
5311,5310.36234230,0.95083198
5312,5311.31317428,1.00881015
5313,5312.32198443,1.46963613
5314,5313.79162057,1.04138703
5315,5314.83300760,0.80536089
5316,5315.63836849,0.60053916
5317,5316.23890765,1.39030916
5318,5317.62921681,0.93248289
5319,5318.56169970,0.96133091
5320,5319.52303061,1.04773708
5321,5320.57076769,0.49793874
5322,5321.06870643,0.85581187
5323,5321.92451830,1.99603751
5324,5323.92055582,0.86089162
5325,5324.78144744,1.19642831
5326,5325.97787575,0.25219218
5327,5326.23006793,1.56096037
5328,5327.79102830,0.55558692
5329,5328.34661522,0.76275862
5330,5329.10937384,1.04531177
5331,5330.15468561,1.71339447
5332,5331.86808007,0.43392359
5333,5332.30200366,1.19183717
5334,5333.49384083,1.27788570
5335,5334.77172653,0.57894178
5336,5335.35066831,1.54293014
5337,5336.89359845,0.81355576
5338,5337.70715421,0.52709476
5339,5338.23424896,1.43329726
5340,5339.66754622,0.30615074
5341,5339.97369696,1.19245711
5342,5341.16615407,1.22821254
5343,5342.39436661,1.45685712
5344,5343.85122372,1.16993398
5345,5345.02115770,0.65383084
5346,5345.67498854,0.78504805
5347,5346.46003659,0.55297052
5348,5347.01300711,1.59022260
5349,5348.60322971,1.12481083
5350,5349.72804055,0.42628772
5351,5350.15432826,1.05949972
5352,5351.21382799,1.28484282
5353,5352.49867081,1.23340581
5354,5353.73207662,0.70330286
5355,5354.43537948,1.46349500
5356,5355.89887448,0.75051405
5357,5356.64938853,0.99276166
5358,5357.64215019,0.71286640
5359,5358.35501659,0.77879245
5360,5359.13380904,0.95072581
5361,5360.08453485,1.24534089
5362,5361.32987574,1.79003184
5363,5363.11990758,0.45625667
5364,5363.57616425,0.80863513
5365,5364.38479938,1.39117710
5366,5365.77597648,0.69665155
5367,5366.47262803,0.90660657
5368,5367.37923460,1.10412295
5369,5368.48335755,1.05221376
5370,5369.53557131,0.80167325
5371,5370.33724456,0.92857665
5372,5371.26582121,0.80681375
5373,5372.07263496,2.18634689
5374,5374.25898185,0.39861447
5375,5374.65759631,0.97261966
5376,5375.63021597,0.92911669
5377,5376.55933266,0.86795905
5378,5377.42729171,0.72415741
5379,5378.15144912,1.14680387
5380,5379.29825299,1.19680376
5381,5380.49505674,0.73703641
5382,5381.23209315,1.79572484
5383,5383.02781800,0.44493000
5384,5383.47274799,1.18464380
5385,5384.65739180,0.58490883
5386,5385.24230063,1.53324703
5387,5386.77554766,1.06344376
5388,5387.83899142,0.62525950
5389,5388.46425092,0.44826429
5390,5388.91251521,1.26478574
5391,5390.17730095,1.17731024
5392,5391.35461119,1.43872135
5393,5392.79333254,0.92173253
5394,5393.71506507,1.23948684
5395,5394.95455191,0.65370721
5396,5395.60825912,0.60104770
5397,5396.20930682,1.22338645
5398,5397.43269327,0.72939978
5399,5398.16209305,1.51271559
5400,5399.67480864,0.65775057
5401,5400.33255921,1.05643134
5402,5401.38899056,1.15157174
5403,5402.54056229,0.95297143
5404,5403.49353372,1.47362975
5405,5404.96716347,0.65801749
5406,5405.62518097,0.95066662
5407,5406.57584758,0.66286577
5408,5407.23871336,1.49876153
5409,5408.73747488,0.45099206
5410,5409.18846695,0.49710089
5411,5409.68556784,2.17052342
5412,5411.85609127,1.08102838
5413,5412.93711965,0.76846459
5414,5413.70558424,0.82388597
5415,5414.52947021,0.71975035
5416,5415.24922056,1.42504418
5417,5416.67426474,0.73958478
5418,5417.41384952,1.01634058
5419,5418.43019010,1.10651410
5420,5419.53670420,0.49725346
5421,5420.03395766,1.39771542
5422,5421.43167309,1.29763865
5423,5422.72931174,0.83684028
5424,5423.56615202,1.32011308
5425,5424.88626510,0.98173636
5426,5425.86800146,0.52661486
5427,5426.39461633,0.81225143
5428,5427.20686776,0.80663039
5429,5428.01349815,1.41211017
5430,5429.42560831,1.17364770
5431,5430.59925601,0.80139806
5432,5431.40065408,1.44048988
5433,5432.84114395,0.88559690
5434,5433.72674085,0.72305076
5435,5434.44979161,0.90062275
5436,5435.35041437,1.32938751
5437,5436.67980188,1.04139902
5438,5437.72120090,0.46506908
5439,5438.18626998,1.19257807
5440,5439.37884805,0.57014089
5441,5439.94898894,1.50031564
5442,5441.44930458,1.90393471
5443,5443.35323929,0.26068931
5444,5443.61392860,0.81684529
5445,5444.43077389,1.11815540
5446,5445.54892929,0.85757503
5447,5446.40650432,0.85487128
5448,5447.26137560,1.22174880
5449,5448.48312440,0.58403725
5450,5449.06716165,1.70088741
5451,5450.76804906,0.94262406
5452,5451.71067312,0.56321729
5453,5452.27389041,1.26407107
5454,5453.53796148,1.46091739
5455,5454.99887887,0.48250364
5456,5455.48138251,1.11259352
5457,5456.59397604,0.77278018
5458,5457.36675622,0.76293866
5459,5458.12969488,1.07019900
5460,5459.19989388,1.07210695
5461,5460.27200083,1.62649591
5462,5461.89849674,0.99810762
5463,5462.89660436,0.62777473
5464,5463.52437909,1.34439286
5465,5464.86877194,0.35227221
5466,5465.22104415,0.80889361
5467,5466.02993776,1.94582740
5468,5467.97576516,0.26816131
5469,5468.24392647,1.21460834
5470,5469.45853481,0.48509790
5471,5469.94363271,1.91903844
5472,5471.86267115,0.70937845
5473,5472.57204960,1.15485188
5474,5473.72690148,0.95447917
5475,5474.68138066,0.94213769
5476,5475.62351834,0.98154639
5477,5476.60506474,0.49868376
5478,5477.10374849,0.92880681
5479,5478.03255530,1.24639303
5480,5479.27894833,1.50648151
5481,5480.78542984,0.97509090
5482,5481.76052074,1.05057228
5483,5482.81109302,0.49973854
5484,5483.31083156,1.10311342
5485,5484.41394497,1.36976829
5486,5485.78371327,0.77764101
5487,5486.56135428,0.56329982
5488,5487.12465410,1.40491585
5489,5488.52956995,0.75258332
5490,5489.28215328,0.87887691
5491,5490.16103019,1.44651812
5492,5491.60754831,1.41460864
5493,5493.02215696,0.98067593
5494,5494.00283289,0.46568442
5495,5494.46851730,0.64418711
5496,5495.11270441,1.39069236
5497,5496.50339677,0.70965188
5498,5497.21304865,1.08799284
5499,5498.30104149,1.22930227
5500,5499.53034376,0.94267388
5501,5500.47301764,1.29862651
5502,5501.77164415,0.91888197
5503,5502.69052612,0.65698064
5504,5503.34750676,1.28631174
5505,5504.63381850,0.98506427
5506,5505.61888276,1.16473827
5507,5506.78362103,0.38453071
5508,5507.16815174,1.02415035
5509,5508.19230209,0.64795403
5510,5508.84025612,2.26713840
5511,5511.10739453,0.52635766
5512,5511.63375218,0.98089525
5513,5512.61464743,1.21386973
5514,5513.82851716,0.60429829
5515,5514.43281545,1.00002820
5516,5515.43284365,0.64165374
5517,5516.07449739,1.49348701
5518,5517.56798439,0.96490710
5519,5518.53289150,0.66666235
5520,5519.19955385,1.54779708
5521,5520.74735093,0.48645767
5522,5521.23380860,1.65162906
5523,5522.88543766,0.77381359
5524,5523.65925125,1.27116013
5525,5524.93041138,0.32432468
5526,5525.25473607,1.04053081
5527,5526.29526687,0.91813527
5528,5527.21340214,1.21939966
5529,5528.43280180,0.56349925
5530,5528.99630105,1.98727810
5531,5530.98357915,1.06603093
5532,5532.04961008,0.46947741
5533,5532.51908749,0.74507236
5534,5533.26415985,1.15896555
5535,5534.42312540,1.11869678
5536,5535.54182218,1.17369092
5537,5536.71551310,0.63936380
5538,5537.35487690,0.64907849
5539,5538.00395539,1.54639557
5540,5539.55035096,0.73806788
5541,5540.28841884,1.61587820
5542,5541.90429704,0.91707205
5543,5542.82136909,0.69291091
5544,5543.51428000,1.32130086
5545,5544.83558086,0.48106761
5546,5545.31664847,0.90729088
5547,5546.22393935,0.69889370
5548,5546.92283305,1.70537888
5549,5548.62821193,0.95575152
5550,5549.58396345,1.11682472
5551,5550.70078817,0.72194169
5552,5551.42272987,1.42361514
5553,5552.84634501,0.58237426
5554,5553.42871927,1.10195650
5555,5554.53067577,0.94282276
5556,5555.47349852,1.14336900
5557,5556.61686753,0.85711637
5558,5557.47398389,0.40294799
5559,5557.87693188,1.31255718
5560,5559.18948906,1.73487158
5561,5560.92436064,0.96350421
5562,5561.88786485,0.88780906
5563,5562.77567392,0.81380658
5564,5563.58948050,0.60776853
5565,5564.19724903,1.13904412
5566,5565.33629315,1.16170118
5567,5566.49799433,0.83021049
5568,5567.32820482,0.96079497
5569,5568.28899978,1.23926163
5570,5569.52826141,1.38093177
5571,5570.90919319,0.51290673
5572,5571.42209991,0.85757009
5573,5572.27967000,2.05705183
5574,5574.33672183,0.12303099
5575,5574.45975283,0.75679748
5576,5575.21655030,1.12384351
5577,5576.34039381,0.79717737
5578,5577.13757119,0.99730110
5579,5578.13487229,1.53774163
5580,5579.67261392,1.19820928
5581,5580.87082321,0.85170681
5582,5581.72253002,0.95654114
5583,5582.67907115,0.81889037
5584,5583.49796152,0.69517376
5585,5584.19313528,1.37331936
5586,5585.56645464,0.72067953
5587,5586.28713418,1.44152815
5588,5587.72866232,0.56279701
5589,5588.29145933,0.72413366
5590,5589.01559299,1.75971379
5591,5590.77530678,1.06195274
5592,5591.83725953,1.05621220
5593,5592.89347172,0.42040451
5594,5593.31387623,1.31026718
5595,5594.62414341,0.85506730
5596,5595.47921072,0.72117423
5597,5596.20038494,0.74462199
5598,5596.94500693,1.51382592
5599,5598.45883285,1.50106874
5600,5599.95990159,0.71977882
5601,5600.67968041,0.83029102
5602,5601.50997143,1.05248772
5603,5602.56245915,0.77905052
5604,5603.34150967,1.38050432
5605,5604.72201399,0.89807896
5606,5605.62009296,0.70727207
5607,5606.32736503,0.71294582
5608,5607.04031085,1.33942538
5609,5608.37973623,1.07733398
5610,5609.45707021,1.16029722
5611,5610.61736743,1.52725382
5612,5612.14462124,0.43272637
5613,5612.57734761,1.08709964
5614,5613.66444725,0.67894970
5615,5614.34339695,0.54360514
5616,5614.88700209,1.72103306
5617,5616.60803515,0.86717388
5618,5617.47520902,0.71007402
5619,5618.18528304,1.60586367
5620,5619.79114671,0.91252586
5621,5620.70367257,0.64798177
5622,5621.35165434,1.54986442
5623,5622.90151876,0.40329708
5624,5623.30481584,1.49680846
5625,5624.80162430,0.57902109
5626,5625.38064540,0.96943465
5627,5626.35008005,0.73808840
5628,5627.08816845,0.89777714
5629,5627.98594559,2.11336974
5630,5630.09931533,0.86056748
5631,5630.95988281,0.54121626
5632,5631.50109907,0.90051712
5633,5632.40161620,1.18422857
5634,5633.58584477,0.95370779
5635,5634.53955256,0.54455631
5636,5635.08410887,1.41775278
5637,5636.50186165,0.91836490
5638,5637.42022655,1.04137371
5639,5638.46160026,0.96921599
5640,5639.43081625,1.09198290
5641,5640.52279915,1.26730675
5642,5641.79010590,1.05786482
5643,5642.84797072,0.71088761
5644,5643.55885833,1.09252746
5645,5644.65138579,0.29624496
5646,5644.94763074,1.44999526
5647,5646.39762600,0.60954538
5648,5647.00717138,1.78086964
5649,5648.78804102,0.67282329
5650,5649.46086431,1.60354414
5651,5651.06440845,0.75335868
5652,5651.81776714,0.31543139
5653,5652.13319853,1.09882824
5654,5653.23202676,1.50982605
5655,5654.74185281,0.88871156
5656,5655.63056438,0.68633507
5657,5656.31689945,0.77793278
5658,5657.09483223,1.12118294
5659,5658.21601517,1.59296860
5660,5659.80898377,0.88792218
5661,5660.69690595,1.01488191
5662,5661.71178786,1.23973497
5663,5662.95152283,0.36345107
5664,5663.31497390,0.95671913
5665,5664.27169303,1.25990083
5666,5665.53159387,0.32842638
5667,5665.86002025,1.59657608
5668,5667.45659633,1.46531107
5669,5668.92190741,0.55896980
5670,5669.48087721,1.13549831
5671,5670.61637552,0.75184685
5672,5671.36822237,1.46073940
5673,5672.82896177,0.78652061
5674,5673.61548239,0.74967741
5675,5674.36515980,0.97032118
5676,5675.33548098,1.25845756
5677,5676.59393854,0.41560221
5678,5677.00954075,1.09386382
5679,5678.10340457,2.02263327
5680,5680.12603783,0.67880865
5681,5680.80484648,0.94458255
5682,5681.74942903,0.63130220
5683,5682.38073123,1.12356819
5684,5683.50429942,0.59162737
5685,5684.09592679,1.37984689
5686,5685.47577368,1.19508619
5687,5686.67085987,0.39344725
5688,5687.06430712,1.44865179
5689,5688.51295891,1.25065678
5690,5689.76361569,0.80866015
5691,5690.57227584,0.92785234
5692,5691.50012818,1.19790235
5693,5692.69803053,1.04273505
5694,5693.74076558,0.94813847
5695,5694.68890405,0.42984713
5696,5695.11875118,0.64687363
5697,5695.76562480,1.73854445
5698,5697.50416925,1.06461709
5699,5698.56878633,1.64443081
5700,5700.21321714,0.09970126
5701,5700.31291840,1.38659532
5702,5701.69951372,0.85477872
5703,5702.55429244,0.63544193
5704,5703.18973437,1.29710479
5705,5704.48683916,1.06701316
5706,5705.55385232,0.78310409
5707,5706.33695641,0.96350715
5708,5707.30046356,1.14601260
5709,5708.44647616,0.90719357
5710,5709.35366973,1.71704221
5711,5711.07071194,0.85368529
5712,5711.92439723,0.52457497
5713,5712.44897220,0.77745813
5714,5713.22643033,1.47565925
5715,5714.70208958,0.29663500
5716,5714.99872458,1.30239516
5717,5716.30111974,0.87087244
5718,5717.17199218,2.02261561
5719,5719.19460779,0.32847504
5720,5719.52308283,1.10981235
5721,5720.63289518,0.67880015
5722,5721.31169533,1.19159564
5723,5722.50329098,1.32423179
5724,5723.82752276,0.56166920
5725,5724.38919196,0.97760408
5726,5725.36679604,1.01108458
5727,5726.37788062,0.50552592
5728,5726.88340653,1.82197223
5729,5728.70537876,1.16698524
5730,5729.87236400,0.71383543
5731,5730.58619944,1.27169692
5732,5731.85789635,0.83572700
5733,5732.69362335,0.54675321
5734,5733.24037656,0.85683599
5735,5734.09721256,1.13228926
5736,5735.22950181,1.52909696
5737,5736.75859877,0.61521106
5738,5737.37380983,1.00410078
5739,5738.37791061,1.33850573
5740,5739.71641635,1.12050624
5741,5740.83692259,0.43289534
5742,5741.26981793,1.57197005
5743,5742.84178798,0.70187435
5744,5743.54366233,0.79706012
5745,5744.34072245,1.05740711
5746,5745.39812956,0.75379803
5747,5746.15192759,0.82120784
5748,5746.97313543,2.06944227
5749,5749.04257770,0.72776760
5750,5749.77034530,1.25321236
5751,5751.02355766,0.24532542
5752,5751.26888307,0.94521186
5753,5752.21409493,1.31108078
5754,5753.52517571,1.13863434
5755,5754.66381005,0.48787301
5756,5755.15168306,1.14975138
5757,5756.30143444,1.20489780
5758,5757.50633224,1.20434688
5759,5758.71067912,0.51035930
5760,5759.22103842,1.66921181
5761,5760.89025023,0.88314300
5762,5761.77339323,0.96057858
5763,5762.73397181,0.66255220
5764,5763.39652401,0.75912265
5765,5764.15564666,1.11040217
5766,5765.26604883,0.81193206
5767,5766.07798090,1.62142895
5768,5767.69940985,0.98560834
5769,5768.68501819,1.13194890
5770,5769.81696708,0.70556925
5771,5770.52253634,1.11434786
5772,5771.63688420,0.76654371
5773,5772.40342791,0.80301840
5774,5773.20644631,1.75391967
5775,5774.96036598,0.43619872
5776,5775.39656470,0.64496690
5777,5776.04153160,1.05566967
5778,5777.09720127,1.52913683
5779,5778.62633809,1.56487508
5780,5780.19121318,0.30977647
5781,5780.50098964,1.07612883
5782,5781.57711848,1.00356299
5783,5782.58068147,1.11284849
5784,5783.69352995,0.15725534
5785,5783.85078529,1.40557357
5786,5785.25635885,1.20671186
5787,5786.46307071,1.00824902
5788,5787.47131973,1.52991203
5789,5789.00123176,0.56199064
5790,5789.56322240,0.61573182
5791,5790.17895422,1.57387802
5792,5791.75283224,0.97193791
5793,5792.72477015,0.85530895
5794,5793.58007910,0.75038808
5795,5794.33046718,0.73503824
5796,5795.06550542,1.36893703
5797,5796.43444245,0.73002634
5798,5797.16446879,1.51807672
5799,5798.68254551,1.39722414
5800,5800.07976964,0.81571073
5801,5800.89548037,0.41696471
5802,5801.31244508,1.09382834
5803,5802.40627342,0.73436674
5804,5803.14064016,1.46108821
5805,5804.60172837,0.72329906
5806,5805.32502743,1.15380452
5807,5806.47883194,0.83031631
5808,5807.30914825,1.28424533
5809,5808.59339358,1.13674708
5810,5809.73014065,0.84411322
5811,5810.57425388,1.16565551
5812,5811.73990939,0.77547948
5813,5812.51538886,1.08914491
5814,5813.60453378,0.79252400
5815,5814.39705778,0.74427579
5816,5815.14133357,0.64389010
5817,5815.78522367,2.21848735
5818,5818.00371102,1.00848840
5819,5819.01219942,0.26278892
5820,5819.27498833,1.49057109
5821,5820.76555943,0.74288353
5822,5821.50844296,0.78768502
5823,5822.29612798,1.25729268
5824,5823.55342066,0.85785003
5825,5824.41127069,0.92258168
5826,5825.33385237,1.32621214
5827,5826.66006450,0.27644648
5828,5826.93651098,1.81757230
5829,5828.75408328,0.80976498
5830,5829.56384826,1.47281834
5831,5831.03666659,0.70059583
5832,5831.73726242,0.67177379
5833,5832.40903621,0.76978371
5834,5833.17881992,0.98751732
5835,5834.16633725,1.39114529
5836,5835.55748254,0.57143454
5837,5836.12891708,1.45808498
5838,5837.58700206,1.45685602
5839,5839.04385808,0.47495716
5840,5839.51881524,1.17824311
5841,5840.69705835,0.31965978
5842,5841.01671813,1.98318285
5843,5842.99990098,0.44692617
5844,5843.44682714,0.96358735
5845,5844.41041450,0.81052222
5846,5845.22093672,0.83685929
5847,5846.05779601,1.33640680
5848,5847.39420281,1.51831369
5849,5848.91251649,1.01979055
5850,5849.93230704,0.61728657
5851,5850.54959361,0.94789161
5852,5851.49748522,1.14998213
5853,5852.64746734,0.63389093
5854,5853.28135828,0.68595797
5855,5853.96731624,1.61341815
5856,5855.58073440,0.86367424
5857,5856.44440863,1.29587310
5858,5857.74028173,0.58139431
5859,5858.32167604,1.21532968
5860,5859.53700572,1.33167773
5861,5860.86868346,0.87659729
5862,5861.74528074,0.51516475
5863,5862.26044549,1.40178131
5864,5863.66222680,0.71656177
5865,5864.37878857,0.68148725
5866,5865.06027582,1.02254052
5867,5866.08281634,1.51458319
5868,5867.59739954,1.50979534
5869,5869.10719488,0.59878674
5870,5869.70598162,0.93559344
5871,5870.64157506,0.66568595
5872,5871.30726101,0.99136746
5873,5872.29862847,1.13684260
5874,5873.43547107,1.29293918
5875,5874.72841025,0.68435730
5876,5875.41276755,0.45270369
5877,5875.86547124,2.02120441
5878,5877.88667565,0.54672733
5879,5878.43340298,1.12947476
5880,5879.56287774,1.19095883
5881,5880.75383657,1.14407356
5882,5881.89791013,0.71200589
5883,5882.60991602,0.50325862
5884,5883.11317464,1.06886283
5885,5884.18203747,0.91751832
5886,5885.09955579,1.41651619
5887,5886.51607199,1.24547139
5888,5887.76154338,0.94686330
5889,5888.70840668,1.00139769
5890,5889.70980437,0.74028146
5891,5890.45008582,1.00530686
5892,5891.45539268,1.17021540
5893,5892.62560808,0.70568277
5894,5893.33129085,1.18896029
5895,5894.52025114,0.87885597
5896,5895.39910711,0.89642376
5897,5896.29553087,0.68345857
5898,5896.97898944,2.23475932
5899,5899.21374876,0.56569729
5900,5899.77944606,0.78341889
5901,5900.56286494,1.17559544
5902,5901.73846038,0.34409795
5903,5902.08255832,1.51523458
5904,5903.59779290,0.56598949
5905,5904.16378240,0.95715575
5906,5905.12093814,1.55325731
5907,5906.67419545,0.95619291
5908,5907.63038837,1.03848048
5909,5908.66886885,0.91677167
5910,5909.58564052,0.80712892
5911,5910.39276945,1.22112359
5912,5911.61389304,1.40148730
5913,5913.01538033,0.27730672
5914,5913.29268705,0.86344534
5915,5914.15613239,0.99353137
5916,5915.14966376,1.01399121
5917,5916.16365497,1.66329885
5918,5917.82695382,0.85799653
5919,5918.68495035,1.06382153
5920,5919.74877188,1.15684894
5921,5920.90562082,0.72233598
5922,5921.62795680,0.23686282
5923,5921.86481962,1.45716065
5924,5923.32198027,1.34683269
5925,5924.66881296,0.75602726
5926,5925.42484022,0.78531731
5927,5926.21015753,1.32214325
5928,5927.53230078,1.10901656
5929,5928.64131734,0.93163635
5930,5929.57295369,1.38643827
5931,5930.95939196,0.50421312
5932,5931.46360508,1.04627711
5933,5932.50988218,0.93218200
5934,5933.44206418,0.89036339
5935,5934.33242757,0.64617350
5936,5934.97860107,1.22003966
5937,5936.19864073,1.85468251
5938,5938.05332324,0.98782232
5939,5939.04114557,0.39967951
5940,5939.44082508,0.74624600
5941,5940.18707108,1.58599826
5942,5941.77306933,0.55546601
5943,5942.32853534,1.32583884
5944,5943.65437418,0.49836506
5945,5944.15273924,1.41448605
5946,5945.56722529,0.53490056
5947,5946.10212585,1.48250002
5948,5947.58462587,0.85750894
5949,5948.44213481,1.69055966
5950,5950.13269447,0.54646148
5951,5950.67915596,0.77322098
5952,5951.45237694,1.17127422
5953,5952.62365116,0.55732602
5954,5953.18097718,0.72567294
5955,5953.90665012,1.80768033
5956,5955.71433045,0.61577016
5957,5956.33010061,1.27508807
5958,5957.60518868,1.16617889
5959,5958.77136757,0.98624284
5960,5959.75761041,0.63317772
5961,5960.39078813,0.95534260
5962,5961.34613073,1.36227660
5963,5962.70840733,0.93577099
5964,5963.64417832,0.79216050
5965,5964.43633882,0.54443839
5966,5964.98077720,1.04150590
5967,5966.02228310,1.85733369
5968,5967.87961679,0.85616848
5969,5968.73578527,1.34288310
5970,5970.07866838,0.22770513
5971,5970.30637350,1.31288626
5972,5971.61925976,0.64708167
5973,5972.26634143,1.01822001
5974,5973.28456144,1.17989875
5975,5974.46446019,0.67558904
5976,5975.14004922,1.63489899
5977,5976.77494822,0.75769999
5978,5977.53264821,0.98627704
5979,5978.51892524,0.88542102
5980,5979.40434626,1.48860825
5981,5980.89295452,0.91374989
5982,5981.80670441,0.72089923
5983,5982.52760364,0.49388579
5984,5983.02148943,1.46030076
5985,5984.48179019,0.77074506
5986,5985.25253525,0.73028697
5987,5985.98282222,2.11526070
5988,5988.09808292,0.57486685
5989,5988.67294977,1.16068969
5990,5989.83363946,0.68581647
5991,5990.51945594,0.78064040
5992,5991.30009634,0.94042927
5993,5992.24052561,1.46898551
5994,5993.70951111,0.66595327
5995,5994.37546438,1.07316513
5996,5995.44862952,0.66399124
5997,5996.11262076,1.33875113
5998,5997.45137189,1.52302666
5999,5998.97439855,0.62645081
6000,5999.60084936,0.90215916
6001,6000.50300852,1.41816352
6002,6001.92117203,0.52794798
6003,6002.44912002,0.88982656
6004,6003.33894657,0.57760652
6005,6003.91655310,1.24240327
6006,6005.15895637,1.67186703
6007,6006.83082339,0.83447234
6008,6007.66529573,0.96989706
6009,6008.63519279,1.07842252
6010,6009.71361531,0.62444476
6011,6010.33806007,1.28391866
6012,6011.62197873,0.82289859
6013,6012.44487732,1.14443348
6014,6013.58931079,0.76738662
6015,6014.35669742,0.78536653
6016,6015.14206394,1.30487280
6017,6016.44693674,0.77613146
6018,6017.22306820,1.72139210
6019,6018.94446030,1.15590807
6020,6020.10036836,0.50829776
6021,6020.60866612,0.72478084
6022,6021.33344696,0.85830769
6023,6022.19175465,1.29069300
6024,6023.48244765,0.73787331
6025,6024.22032096,1.28169416
6026,6025.50201511,0.71116993
6027,6026.21318504,1.85208405
6028,6028.06526909,0.55182024
6029,6028.61708933,0.58551192
6030,6029.20260125,1.48407153
6031,6030.68667278,1.06545973
6032,6031.75213251,0.70225591
6033,6032.45438842,1.16880515
6034,6033.62319357,0.69648708
6035,6034.31968065,0.46841221
6036,6034.78809286,1.53280978
6037,6036.32090264,1.73022193
6038,6038.05112457,0.63648916
6039,6038.68761372,0.93885700
6040,6039.62647073,1.03140183
6041,6040.65787256,0.82737964
6042,6041.48525220,0.99841840
6043,6042.48367060,0.45412727
6044,6042.93779788,1.73015138
6045,6044.66794925,0.95330933
6046,6045.62125858,0.51180343
6047,6046.13306201,1.32511205
6048,6047.45817406,1.18503013
6049,6048.64320419,1.13641993
6050,6049.77962413,0.95166686
6051,6050.73129099,0.87424831
6052,6051.60553930,0.87445103
6053,6052.47999033,0.81250316
6054,6053.29249349,0.98337978
6055,6054.27587326,0.78716350
6056,6055.06303676,1.32566640
6057,6056.38870316,1.55993998
6058,6057.94864313,0.99189560
6059,6058.94053873,0.54099972
6060,6059.48153845,1.18375155
6061,6060.66529000,0.25949640
6062,6060.92478640,2.12114642
6063,6063.04593283,0.38604737
6064,6063.43198020,0.70251606
6065,6064.13449626,1.10106245
6066,6065.23555871,1.19151159
6067,6066.42707030,1.01643358
6068,6067.44350388,1.30825446
6069,6068.75175834,0.97208408
6070,6069.72384243,1.35207268
6071,6071.07591511,0.24666865
6072,6071.32258375,1.17316000
6073,6072.49574375,0.49819724
6074,6072.99394099,1.31174370
6075,6074.30568469,0.98465066
6076,6075.29033535,1.38971911
6077,6076.68005446,1.24724536
6078,6077.92729981,0.24075260
6079,6078.16805242,1.78407887
6080,6079.95213129,0.44147209
6081,6080.39360338,1.08633523
6082,6081.47993861,1.12027590
6083,6082.60021451,0.83141320
6084,6083.43162771,1.10717532
6085,6084.53880304,0.73678048
6086,6085.27558352,0.45582931
6087,6085.73141283,2.19933327
6088,6087.93074610,1.15938866
6089,6089.09013477,0.49927465
6090,6089.58940942,0.85138262
6091,6090.44079204,1.19836240
6092,6091.63915444,0.62258024
6093,6092.26173468,0.96479577
6094,6093.22653045,1.31839571
6095,6094.54492616,0.71927625
6096,6095.26420242,1.17536260
6097,6096.43956501,1.30181347
6098,6097.74137849,0.91553699
6099,6098.65691547,0.61028907
6100,6099.26720454,1.55640138
6101,6100.82360593,1.10901029
6102,6101.93261621,0.45168986
6103,6102.38430608,0.97687459
6104,6103.36118066,0.64221515
6105,6104.00339582,1.19231427
6106,6105.19571008,1.36663068
6107,6106.56234076,0.96181048
6108,6107.52415125,1.56716445
6109,6109.09131570,0.66254170
6110,6109.75385740,0.60923579
6111,6110.36309318,0.99106417
6112,6111.35415736,0.99288246
6113,6112.34703982,1.14635457
6114,6113.49339439,1.17718236
6115,6114.67057675,0.55614648
6116,6115.22672323,0.94883619
6117,6116.17555941,1.34674370
6118,6117.52230311,1.12451571
6119,6118.64681882,1.35023457
6120,6119.99705339,0.77985256
6121,6120.77690595,0.42552944
6122,6121.20243540,1.51123406
6123,6122.71366946,0.60234008
6124,6123.31600954,0.88801971
6125,6124.20402925,0.66234961
6126,6124.86637885,2.03475544
6127,6126.90113429,0.80519580
6128,6127.70633010,1.10869657
6129,6128.81502667,0.48978130
6130,6129.30480796,1.18076184
6131,6130.48556980,1.31857300
6132,6131.80414280,0.49718829
6133,6132.30133110,1.41576687
6134,6133.71709797,0.42523412
6135,6134.14233209,1.21099784
6136,6135.35332993,0.76871024
6137,6136.12204018,1.41773237
6138,6137.53977255,1.41842517
6139,6138.95819772,0.68848263
6140,6139.64668035,1.31587541
6141,6140.96255575,0.68203537
6142,6141.64459112,0.26990365
6143,6141.91449477,1.26102755
6144,6143.17552232,1.40446829
6145,6144.57999062,0.83901126
6146,6145.41900188,0.87949614
6147,6146.29849802,1.32224029
6148,6147.62073831,1.29900570
6149,6148.91974401,0.50571786
6150,6149.42546186,0.99634443
6151,6150.42180629,1.25356451
6152,6151.67537080,1.13912082
6153,6152.81449162,0.74717386
6154,6153.56166548,0.28636756
6155,6153.84803304,1.62331740
6156,6155.47135044,0.37650319
6157,6155.84785363,2.36527818
6158,6158.21313181,0.48616977
6159,6158.69930158,0.92144896
6160,6159.62075054,0.92182314
6161,6160.54257368,0.92907428
6162,6161.47164796,0.87747262
6163,6162.34912058,1.12910055
6164,6163.47822113,0.74048508
6165,6164.21870622,1.23630634
6166,6165.45501255,1.18151567
6167,6166.63652822,0.68641202
6168,6167.32294024,1.04646231
6169,6168.36940255,1.67151125
6170,6170.04091380,0.65154768
6171,6170.69246148,0.97147806
6172,6171.66393954,0.64411036
6173,6172.30804989,1.11168678
6174,6173.41973668,0.78681582
6175,6174.20655250,0.89497826
6176,6175.10153075,1.30860142
6177,6176.41013217,1.49148605
6178,6177.90161823,0.83589723
6179,6178.73751546,1.01231467
6180,6179.74983013,0.72678562
6181,6180.47661575,0.73700444
6182,6181.21362019,1.29465064
6183,6182.50827083,1.21046359
6184,6183.71873441,0.88212528
6185,6184.60085969,0.42009082
6186,6185.02095051,0.98573399
6187,6186.00668450,1.88751189
6188,6187.89419639,0.64638857
6189,6188.54058496,1.20296906
6190,6189.74355402,1.13602638
6191,6190.87958040,0.61367392
6192,6191.49325432,1.01062624
6193,6192.50388056,0.79148144
6194,6193.29536200,0.56146313
6195,6193.85682513,1.83046308
6196,6195.68728821,0.66335935
6197,6196.35064756,1.42577784
6198,6197.77642539,0.88152011
6199,6198.65794550,0.79885727
6200,6199.45680277,1.02099198
6201,6200.47779475,1.41621719
6202,6201.89401194,0.62149494
6203,6202.51550688,0.65438882
6204,6203.16989570,1.46363130
6205,6204.63352699,0.58750235
6206,6205.22102934,0.75741564
6207,6205.97844499,1.51095394
6208,6207.48939893,1.75674352
6209,6209.24614245,0.56779370
6210,6209.81393615,0.71085907
6211,6210.52479522,0.68371741
6212,6211.20851263,1.28255066
6213,6212.49106329,0.82880538
6214,6213.31986868,1.13476532
6215,6214.45463400,0.84203829
6216,6215.29667229,1.12244020
6217,6216.41911248,1.22633048
6218,6217.64544296,0.88130391
6219,6218.52674687,1.17264286
6220,6219.69938972,0.76404344
6221,6220.46343317,1.44461415
6222,6221.90804732,0.65149753
6223,6222.55954484,0.85658863
6224,6223.41613348,0.81242738
6225,6224.22856086,0.60518215
6226,6224.83374301,1.64109208
6227,6226.47483509,1.57036374
6228,6228.04519882,0.44011231
6229,6228.48531114,1.17722115
6230,6229.66253229,1.16115665
6231,6230.82368894,0.71010798
6232,6231.53379692,0.40831821
6233,6231.94211513,1.71804887
6234,6233.66016400,0.91402503
6235,6234.57418903,0.67884976
6236,6235.25303879,1.07509744
6237,6236.32813622,0.94472922
6238,6237.27286545,1.39401314
6239,6238.66687859,1.41867493
6240,6240.08555352,0.41736298
6241,6240.50291650,1.24752486
6242,6241.75044136,0.67953287
6243,6242.42997423,0.66308827
6244,6243.09306250,1.45539689
6245,6244.54845938,0.50210777
6246,6245.05056715,1.19183609
6247,6246.24240324,1.82985266
6248,6248.07225590,0.69503494
6249,6248.76729084,0.72285262
6250,6249.49014347,0.77708242
6251,6250.26722589,1.31643590
6252,6251.58366179,1.26993407
6253,6252.85359586,0.54319651
6254,6253.39679237,0.91607379
6255,6254.31286616,0.84693758
6256,6255.15980374,1.19079958
6257,6256.35060332,0.92490319
6258,6257.27550651,1.74691690
6259,6259.02242341,0.65735418
6260,6259.67977759,1.15496816
6261,6260.83474575,0.65023323
6262,6261.48497899,1.01804966
6263,6262.50302865,0.58691782
6264,6263.08994647,1.07677402
6265,6264.16672049,1.43408431
6266,6265.60080480,1.18591473
6267,6266.78671953,0.22403993
6268,6267.01075946,1.96476006
6269,6268.97551952,0.39038122
6270,6269.36590074,1.43130168
6271,6270.79720242,0.68796348
6272,6271.48516590,0.99678197
6273,6272.48194787,1.32447532
6274,6273.80642319,0.46687154
6275,6274.27329473,0.79774291
6276,6275.07103765,0.83703827
6277,6275.90807591,2.01789762
6278,6277.92597354,0.84125220
6279,6278.76722574,1.12497801
6280,6279.89220375,0.71497202
6281,6280.60717577,0.61832548
6282,6281.22550124,1.21381031
6283,6282.43931156,1.10617310
6284,6283.54548466,0.75198923
6285,6284.29747388,1.20613285
6286,6285.50360674,0.64964047
6287,6286.15324721,1.53566876
6288,6287.68891597,0.91284560
6289,6288.60176157,0.66650739
6290,6289.26826896,2.02689614
6291,6291.29516510,0.24279418
6292,6291.53795927,1.02802808
6293,6292.56598735,0.56444100
6294,6293.13042835,1.10906564
6295,6294.23949400,1.03638769
6296,6295.27588169,0.96244659
6297,6296.23832828,1.48944933
6298,6297.72777761,1.06102138
6299,6298.78879899,1.07607468
6300,6299.86487368,0.51540856
6301,6300.38028223,1.09184769
6302,6301.47212992,0.86860274
6303,6302.34073266,1.32492411
6304,6303.66565677,0.81023440
6305,6304.47589118,0.95093721
6306,6305.42682839,0.71844848
6307,6306.14527687,0.91694394
6308,6307.06222081,1.99330320
6309,6309.05552400,0.76851843
6310,6309.82404244,0.78763287
6311,6310.61167531,0.83737543
6312,6311.44905074,1.44776370
6313,6312.89681444,0.29180550
6314,6313.18861993,0.81556703
6315,6314.00418696,1.28803184
6316,6315.29221881,1.15118374
6317,6316.44340254,1.50489319
6318,6317.94829573,0.47115743
6319,6318.41945317,1.07341433
6320,6319.49286749,1.23222651
6321,6320.72509401,0.67362774
6322,6321.39872175,1.42119460
6323,6322.81991635,0.79752431
6324,6323.61744066,0.51748123
6325,6324.13492189,1.08839927
6326,6325.22332116,1.06223468
6327,6326.28555584,0.98129534
6328,6327.26685118,1.52153362
6329,6328.78838479,1.27940981
6330,6330.06779460,0.62092580
6331,6330.68872040,0.89057697
6332,6331.57929737,0.63453297
6333,6332.21383034,0.89594452
6334,6333.10977486,1.64225285
6335,6334.75202771,0.79025362
6336,6335.54228134,0.40552098
6337,6335.94780232,1.70562578
6338,6337.65342810,0.90123882
6339,6338.55466692,1.12334855
6340,6339.67801546,0.79287335
6341,6340.47088882,1.50136813
6342,6341.97225695,0.45798491
6343,6342.43024186,1.12346597
6344,6343.55370783,0.82021545
6345,6344.37392328,0.73710630
6346,6345.11102957,0.78648084
6347,6345.89751041,1.93302509
6348,6347.83053550,1.10366973
6349,6348.93420522,0.75482727
6350,6349.68903250,0.68658141
6351,6350.37561391,1.26283527
6352,6351.63844918,0.84475889
6353,6352.48320808,0.94467178
6354,6353.42787985,0.79881305
6355,6354.22669291,1.53574109
6356,6355.76243400,0.51336173
6357,6356.27579573,0.83915814
6358,6357.11495387,1.38536965
6359,6358.50032351,1.32709559
6360,6359.82741910,1.04578175
6361,6360.87320085,0.94538382
6362,6361.81858467,0.53461732
6363,6362.35320199,0.93440039
6364,6363.28760238,1.23742011
6365,6364.52502249,0.36983947
6366,6364.89486196,1.67176039
6367,6366.56662235,0.80852451
6368,6367.37514686,1.39140038
6369,6368.76654725,1.23139245
6370,6369.99793969,0.55974216
6371,6370.55768186,0.45371933
6372,6371.01140118,1.72237636
6373,6372.73377754,1.03623403
6374,6373.77001157,0.66927705
6375,6374.43928862,0.85053539
6376,6375.28982402,0.63697262
6377,6375.92679664,1.46613436
6378,6377.39293099,1.31611217
6379,6378.70904316,1.11644077
6380,6379.82548393,0.90807585
6381,6380.73355978,1.06310397
6382,6381.79666375,0.65138074
6383,6382.44804448,0.71240922
6384,6383.16045370,1.21381545
6385,6384.37426916,0.80707441
6386,6385.18134357,1.45753763
6387,6386.63888119,0.76900381
6388,6387.40788500,1.38899516
6389,6388.79688016,0.41831758
6390,6389.21519773,1.52431710
6391,6390.73951483,1.18393435
6392,6391.92344918,0.46317892
6393,6392.38662811,1.11484277
6394,6393.50147087,0.96195511
6395,6394.46342598,0.81666331
6396,6395.28008929,1.02526701
6397,6396.30535630,0.54346865
6398,6396.84882494,2.37668378
6399,6399.22550872,0.73041771
6400,6399.95592643,0.36610078
6401,6400.32202721,1.43777516
6402,6401.75980238,0.45436713
6403,6402.21416950,1.15443803
6404,6403.36860753,1.13957651
6405,6404.50818404,1.16807912
6406,6405.67626316,0.37693467
6407,6406.05319783,1.26451229
6408,6407.31771011,1.39152876
6409,6408.70923888,0.73856025
6410,6409.44779913,1.37882582
6411,6410.82662495,0.71734750
6412,6411.54397245,1.39399613
6413,6412.93796857,0.78773692
6414,6413.72570549,0.21764712
6415,6413.94335261,1.00934208
6416,6414.95269470,1.45216003
6417,6416.40485472,1.10857680
6418,6417.51343152,1.16949730
6419,6418.68292882,1.05038894
6420,6419.73331776,1.02433870
6421,6420.75765646,0.72126461
6422,6421.47892107,0.87386817
6423,6422.35278924,1.11281604
6424,6423.46560529,1.31371598
6425,6424.77932127,0.43108016
6426,6425.21040143,1.31586048
6427,6426.52626191,0.43511636
6428,6426.96137827,1.39846382
6429,6428.35984209,1.51523802
6430,6429.87508011,1.25334710
6431,6431.12842721,0.46659561
6432,6431.59502282,0.70974771
6433,6432.30477053,1.08977229
6434,6433.39454282,1.19074552
6435,6434.58528833,0.51256729
6436,6435.09785562,1.06718854
6437,6436.16504416,1.39741675
6438,6437.56246092,1.27922333
6439,6438.84168425,0.75479659
6440,6439.59648084,0.84960446
6441,6440.44608530,0.95790150
6442,6441.40398680,1.61000682
6443,6443.01399363,0.47667344
6444,6443.49066706,0.85687242
6445,6444.34753948,1.04037856
6446,6445.38791804,0.91450912
6447,6446.30242716,0.56475352
6448,6446.86718067,2.06843621
6449,6448.93561688,0.60072474
6450,6449.53634162,1.38329061
6451,6450.91963222,0.92529293
6452,6451.84492515,0.46777770
6453,6452.31270286,1.28128458
6454,6453.59398744,0.23623494
6455,6453.83022238,1.92905874
6456,6455.75928112,0.65500753
6457,6456.41428865,1.00239712
6458,6457.41668577,0.70194149
6459,6458.11862726,1.86344160
6460,6459.98206886,0.51088195
6461,6460.49295081,1.11096284
6462,6461.60391365,1.12972992
6463,6462.73364356,0.95279234
6464,6463.68643590,0.61914097
6465,6464.30557687,1.19681332
6466,6465.50239019,0.36764490
6467,6465.87003509,1.29909036
6468,6467.16912545,1.59683621
6469,6468.76596166,1.37110216
6470,6470.13706383,0.38633642
6471,6470.52340025,0.91199066
6472,6471.43539091,0.96159942
6473,6472.39699033,1.15078151
6474,6473.54777183,1.01311440
6475,6474.56088623,0.98857419
6476,6475.54946042,0.44324010
6477,6475.99270053,1.64405548
6478,6477.63675600,0.65881228
6479,6478.29556828,1.00820712
6480,6479.30377540,1.66656336
6481,6480.97033876,0.98406069
6482,6481.95439945,0.63068089
6483,6482.58508035,0.81512632
6484,6483.40020666,1.05515890
6485,6484.45536557,0.51563059
6486,6484.97099616,1.51486447
6487,6486.48586062,0.74477082
6488,6487.23063145,1.43257914
6489,6488.66321059,1.11297124
6490,6489.77618182,0.79274910
6491,6490.56893093,1.07134230
6492,6491.64027323,0.87945046
6493,6492.51972368,0.77160149
6494,6493.29132517,1.54761756
6495,6494.83894273,0.77321681
6496,6495.61215954,0.58413863
6497,6496.19629818,0.68812064
6498,6496.88441881,1.39515787
6499,6498.27957668,1.80444335
6500,6500.08402003,0.70990714
6501,6500.79392717,0.67271797
6502,6501.46664514,1.32282881
6503,6502.78947395,0.71148846
6504,6503.50096241,0.74712783
6505,6504.24809023,0.89342619
6506,6505.14151643,1.31665325
6507,6506.45816968,1.03676362
6508,6507.49493330,0.90312573
6509,6508.39805903,1.40601157
6510,6509.80407060,0.57926789
6511,6510.38333849,1.09129997
6512,6511.47463846,1.56259108
6513,6513.03722954,0.53701036
6514,6513.57423990,0.87589867
6515,6514.45013857,0.75087477
6516,6515.20101333,1.12520598
6517,6516.32621932,0.92694857
6518,6517.25316788,0.87753053
6519,6518.13069842,1.80693184
6520,6519.93763026,0.94892222
6521,6520.88655248,1.06129038
6522,6521.94784286,0.39386487
6523,6522.34170773,0.68077826
6524,6523.02248599,1.76651462
6525,6524.78900060,0.52138924
6526,6525.31038984,1.13819079
6527,6526.44858063,1.01978659
6528,6527.46836722,0.58911325
6529,6528.05748047,1.60757343
6530,6529.66505390,0.95000379
6531,6530.61505768,1.15980783
6532,6531.77486552,0.88296833
6533,6532.65783385,1.09133103
6534,6533.74916488,0.62845733
6535,6534.37762221,1.22863312
6536,6535.60625532,0.26053083
6537,6535.86678615,1.11560720
6538,6536.98239336,2.08471640
6539,6539.06710975,0.42062670
6540,6539.48773646,1.10987990
6541,6540.59761636,1.03424792
6542,6541.63186427,1.07965333
6543,6542.71151760,0.55425518
6544,6543.26577278,1.43538369
6545,6544.70115647,0.56671081
6546,6545.26786729,1.51866774
6547,6546.78653503,0.29548630
6548,6547.08202133,1.02482273
6549,6548.10684406,1.27291485
6550,6549.37975891,1.56997465
6551,6550.94973356,0.89803875
6552,6551.84777231,0.94882906
6553,6552.79660136,0.69854782
6554,6553.49514918,0.73317339
6555,6554.22832258,1.00367693
6556,6555.23199951,1.19693243
6557,6556.42893193,1.09908692
6558,6557.52801885,0.50759064
6559,6558.03560949,1.96460707
6560,6560.00021656,0.64968208
6561,6560.64989864,0.77988037
6562,6561.42977901,0.95997217
6563,6562.38975118,1.35721159
6564,6563.74696276,1.10482556
6565,6564.85178833,0.61568967
6566,6565.46747800,0.60091421
6567,6566.06839221,1.13742412
6568,6567.20581633,0.95070644
6569,6568.15652277,1.40958680
6570,6569.56610957,1.45927564
6571,6571.02538521,0.84339421
6572,6571.86877942,0.43818836
6573,6572.30696778,1.49569619
6574,6573.80266397,0.57934525
6575,6574.38200922,0.62593275
6576,6575.00794197,1.51543811
6577,6576.52338008,1.03191475
6578,6577.55529483,0.78096101
6579,6578.33625584,1.15714866
6580,6579.49340450,0.76602699
6581,6580.25943149,1.73809511
6582,6581.99752660,0.71901420
6583,6582.71654080,0.85592174
6584,6583.57246253,0.89017004
6585,6584.46263258,1.08727235
6586,6585.54990493,0.99117854
6587,6586.54108346,0.25061319
6588,6586.79169666,1.38352432
6589,6588.17522097,1.58262273
6590,6589.75784371,1.17899340
6591,6590.93683711,0.84500976
6592,6591.78184687,0.60102768
6593,6592.38287454,1.08782336
6594,6593.47069790,0.82948543
6595,6594.30018333,1.51480393
6596,6595.81498726,0.66550947
6597,6596.48049673,0.67475287
6598,6597.15524961,1.06250574
6599,6598.21775534,1.16569134
6600,6599.38344669,1.45133984
6601,6600.83478652,0.51357347
6602,6601.34836000,1.74888379
6603,6603.09724378,0.64272938
6604,6603.73997316,0.85931439
6605,6604.59928755,0.41489025
6606,6605.01417780,1.23877992
6607,6606.25295773,0.98531413
6608,6607.23827186,1.27245244
6609,6608.51072430,1.02097921
6610,6609.53170351,1.08281760
6611,6610.61452110,1.27202441
6612,6611.88654551,0.51252156
6613,6612.39906707,1.04005693
6614,6613.43912401,1.35681912
6615,6614.79594312,0.57563006
6616,6615.37157318,1.11163199
6617,6616.48320517,0.97331798
6618,6617.45652315,0.88279732
6619,6618.33932047,0.35067447
6620,6618.68999493,2.44653125
6621,6621.13652619,0.70459727
6622,6621.84112346,0.87508140
6623,6622.71620487,0.72223676
6624,6623.43844163,1.01197712
6625,6624.45041875,1.00554919
6626,6625.45596793,0.91004378
6627,6626.36601172,0.75620902
6628,6627.12222073,1.42874932
6629,6628.55097005,0.98123301
6630,6629.53220306,0.95992027
6631,6630.49212333,1.18511500
6632,6631.67723834,0.70322700
6633,6632.38046533,1.56537451
6634,6633.94583985,0.59591888
6635,6634.54175873,1.17247438
6636,6635.71423311,0.65036760
6637,6636.36460070,0.54792301
6638,6636.91252372,1.39045127
6639,6638.30297499,1.00196973
6640,6639.30494472,1.52169110
6641,6640.82663582,0.84691465
6642,6641.67355047,1.38300351
6643,6643.05655398,0.39029967
6644,6643.44685366,0.90484939
6645,6644.35170305,0.74881313
6646,6645.10051618,1.60653011
6647,6646.70704629,1.08621652
6648,6647.79326281,0.24617008
6649,6648.03943289,1.06309979
6650,6649.10253268,1.60517856
6651,6650.70771124,0.71050658
6652,6651.41821782,1.62193775
6653,6653.04015557,0.58778168
6654,6653.62793725,0.84517913
6655,6654.47311639,1.34984470
6656,6655.82296109,0.30891765
6657,6656.13187874,1.05758336
6658,6657.18946210,0.93239262
6659,6658.12185472,1.21043073
6660,6659.33228545,1.90335209
6661,6661.23563753,0.29323411
6662,6661.52887164,0.90383103
6663,6662.43270267,0.95220554
6664,6663.38490821,1.40937426
6665,6664.79428247,0.76082419
6666,6665.55510665,0.73909142
6667,6666.29419808,1.31169910
6668,6667.60589717,0.54156743
6669,6668.14746460,1.26142318
6670,6669.40888778,0.67304543
6671,6670.08193321,1.74150564
6672,6671.82343885,1.30176079
6673,6673.12519964,0.43773912
6674,6673.56293877,1.04553672
6675,6674.60847549,0.78533378
6676,6675.39380927,0.79580518
6677,6676.18961445,1.01650515
6678,6677.20611960,1.40912632
6679,6678.61524592,0.73749983
6680,6679.35274575,1.02733857
6681,6680.38008432,1.38568863
6682,6681.76577295,1.08551968
6683,6682.85129263,0.46941326
6684,6683.32070589,1.10267309
6685,6684.42337899,1.62812480
6686,6686.05150379,0.34363606
6687,6686.39513984,0.95100897
6688,6687.34614881,0.94545027
6689,6688.29159908,0.45041995
6690,6688.74201903,1.98454482
6691,6690.72656385,1.20712154
6692,6691.93368539,0.63135656
6693,6692.56504195,1.40756657
6694,6693.97260853,0.37509193
6695,6694.34770046,0.98646297
6696,6695.33416342,1.06162874
6697,6696.39579217,1.03760774
6698,6697.43339991,0.87087844
6699,6698.30427835,1.19201763
6700,6699.49629598,1.02913621
6701,6700.52543219,0.77053252
6702,6701.29596471,1.32189668
6703,6702.61786139,1.15569299
6704,6703.77355438,1.27095931
6705,6705.04451369,0.55490006
6706,6705.59941375,0.37818062
6707,6705.97759437,1.50998306
6708,6707.48757742,1.13807753
6709,6708.62565496,0.04209840
6710,6708.66775336,1.83043277
6711,6710.49818613,1.53564247
6712,6712.03382859,0.78480344
6713,6712.81863203,0.61455164
6714,6713.43318366,1.10155423
6715,6714.53473789,0.72194927
6716,6715.25668716,1.38004312
6717,6716.63673028,1.03009067
6718,6717.66682095,0.61205393
6719,6718.27887488,1.03142315
6720,6719.31029802,0.72666447
6721,6720.03696250,1.60970064
6722,6721.64666313,1.24413171
6723,6722.89079485,0.72246847
6724,6723.61326332,1.06740185
6725,6724.68066517,1.11490580
6726,6725.79557097,0.65592974
6727,6726.45150072,0.70877854
6728,6727.16027926,0.71233565
6729,6727.87261491,1.95229317
6730,6729.82490808,0.46063764
6731,6730.28554572,1.38990974
6732,6731.67545546,1.00035462
6733,6732.67581008,0.79722127
6734,6733.47303135,1.28053308
6735,6734.75356443,0.63935939
6736,6735.39292382,1.26720791
6737,6736.66013174,0.84416066
6738,6737.50429240,0.91555284
6739,6738.41984524,0.66020587
6740,6739.08005111,1.17102406
6741,6740.25107518,1.02483199
6742,6741.27590717,1.95651791
6743,6743.23242507,0.61161454
6744,6743.84403962,0.77921286
6745,6744.62325248,0.60200088
6746,6745.22525336,1.19097452
6747,6746.41622788,0.93034475
6748,6747.34657263,1.23330830
6749,6748.57988094,0.61704967
6750,6749.19693060,1.10270935
6751,6750.29963995,1.44506661
6752,6751.74470656,1.10045877
6753,6752.84516533,0.20870248
6754,6753.05386782,1.85029577
6755,6754.90416358,0.82470604
6756,6755.72886962,0.80848904
6757,6756.53735867,1.11877196
6758,6757.65613062,0.36981750
6759,6758.02594812,1.13666041
6760,6759.16260853,0.92645787
6761,6760.08906640,1.79405631
6762,6761.88312271,0.89282040
6763,6762.77594311,0.78190721
6764,6763.55785032,1.26643104
6765,6764.82428136,0.69726475
6766,6765.52154612,0.70286581
6767,6766.22441192,1.14706930
6768,6767.37148123,1.10552850
6769,6768.47700972,1.40839803
6770,6769.88540775,0.17548974
6771,6770.06089749,0.95108709
6772,6771.01198458,1.67628666
6773,6772.68827124,1.25221524
6774,6773.94048648,0.66506108
6775,6774.60554757,1.16030617
6776,6775.76585374,0.70942116
6777,6776.47527490,1.02510311
6778,6777.50037801,0.59440889
6779,6778.09478690,1.31424016
6780,6779.40902707,0.56260760
6781,6779.97163466,1.92432699
6782,6781.89596165,0.69974137
6783,6782.59570302,1.31901741
6784,6783.91472043,0.61064123
6785,6784.52536166,0.54064815
6786,6785.06600981,1.78977272
6787,6786.85578253,0.92118881
6788,6787.77697134,0.50502220
6789,6788.28199354,0.80905533
6790,6789.09104887,1.34840606
6791,6790.43945494,0.73843134
6792,6791.17788628,1.34812903
6793,6792.52601530,1.33287026
6794,6793.85888556,1.06207307
6795,6794.92095863,0.83388769
6796,6795.75484632,0.66720500
6797,6796.42205132,0.75871275
6798,6797.18076407,1.06220844
6799,6798.24297251,1.18341386
6800,6799.42638636,0.98378012
6801,6800.41016648,1.10351845
6802,6801.51368493,0.99522508
6803,6802.50891001,1.09608758
6804,6803.60499759,1.06543467
6805,6804.67043226,0.97629051
6806,6805.64672276,0.90483263
6807,6806.55155539,0.92423581
6808,6807.47579120,1.32701099
6809,6808.80280219,0.44416723
6810,6809.24696942,0.71586942
6811,6809.96283885,1.01640535
6812,6810.97924420,2.13577597
6813,6813.11502017,0.62951496
6814,6813.74453513,1.16680239
6815,6814.91133751,0.25293484
6816,6815.16427235,1.60043013
6817,6816.76470248,0.58327172
6818,6817.34797419,0.79693136
6819,6818.14490555,1.64685497
6820,6819.79176052,0.38410241
6821,6820.17586293,1.10392589
6822,6821.27978881,1.39785735
6823,6822.67764616,0.72192105
6824,6823.39956721,1.16551173
6825,6824.56507894,1.37173778
6826,6825.93681671,0.99423629
6827,6826.93105301,0.34236263
6828,6827.27341563,1.21349596
6829,6828.48691159,0.46978957
6830,6828.95670116,1.31452787
6831,6830.27122903,1.26396582
6832,6831.53519485,0.74141641
6833,6832.27661126,1.95360228
6834,6834.23021354,0.37909107
6835,6834.60930462,0.87572120
6836,6835.48502581,0.83982751
6837,6836.32485333,1.08247669
6838,6837.40733002,1.31044302
6839,6838.71777304,0.87793991
6840,6839.59571295,0.57170353
6841,6840.16741648,1.07994564
6842,6841.24736213,0.90412052
6843,6842.15148265,1.59716309
6844,6843.74864574,1.25296945
6845,6845.00161519,0.59865822
6846,6845.60027341,1.11326229
6847,6846.71353570,0.61552495
6848,6847.32906066,1.36115394
6849,6848.69021459,0.42624382
6850,6849.11645841,0.83977174
6851,6849.95623016,1.58307061
6852,6851.53930076,1.26417697
6853,6852.80347773,0.80520683
6854,6853.60868456,0.74065078
6855,6854.34933534,1.40643465
6856,6855.75577000,0.72497890
6857,6856.48074889,1.32063238
6858,6857.80138127,0.62616686
6859,6858.42754813,0.92964615
6860,6859.35719429,1.04887893
6861,6860.40607321,0.84324679
6862,6861.24932001,0.70020835
6863,6861.94952835,2.01441951
6864,6863.96394786,0.75208235
6865,6864.71603021,1.19178143
6866,6865.90781164,0.76039195
6867,6866.66820358,0.85821393
6868,6867.52641752,0.30139953
6869,6867.82781705,1.88315532
6870,6869.71097236,0.65833178
6871,6870.36930414,1.10288172
6872,6871.47218587,0.63352900
6873,6872.10571487,1.60397138
6874,6873.70968625,1.07106934
6875,6874.78075559,0.62068137
6876,6875.40143696,1.16426509
6877,6876.56570205,1.41216929
6878,6877.97787134,0.65617522
6879,6878.63404656,0.54935369
6880,6879.18340025,1.03021610
6881,6880.21361635,0.84112226
6882,6881.05473861,1.23426395
6883,6882.28900256,1.66097755
6884,6883.94998012,0.92175303
6885,6884.87173314,0.55956930
6886,6885.43130244,1.38292539
6887,6886.81422783,0.38095775
6888,6887.19518558,1.49062195
6889,6888.68580753,0.54887461
6890,6889.23468214,1.19111990
6891,6890.42580205,1.17449009
6892,6891.60029214,0.61411032
6893,6892.21440245,1.08619837
6894,6893.30060082,1.09152856
6895,6894.39212939,1.87233184
6896,6896.26446123,0.61441101
6897,6896.87887223,0.29993683
6898,6897.17880907,1.44006407
6899,6898.61887314,0.71660573
6900,6899.33547887,0.93371680
6901,6900.26919567,0.84611063
6902,6901.11530630,1.28264472
6903,6902.39795102,1.22022147
6904,6903.61817249,1.33170432
6905,6904.94987681,0.65348451
6906,6905.60336132,0.80112785
6907,6906.40448917,1.01532835
6908,6907.41981752,1.22028361
6909,6908.64010113,0.97544649
6910,6909.61554762,1.12575572
6911,6910.74130334,0.33916553
6912,6911.08046887,0.74164769
6913,6911.82211656,1.83019317
6914,6913.65230973,0.92255208
6915,6914.57486181,1.28777367
6916,6915.86263548,0.86675915
6917,6916.72939463,1.02655056
6918,6917.75594518,0.78314200
6919,6918.53908719,0.60378787
6920,6919.14287506,0.93339700
6921,6920.07627206,1.53353493
6922,6921.60980699,0.85864561
6923,6922.46845260,0.86323163
6924,6923.33168422,1.32930477
6925,6924.66098900,0.95272020
6926,6925.61370919,0.84194981
6927,6926.45565900,1.47162222
6928,6927.92728122,0.58369950
6929,6928.51098072,1.01307258
6930,6929.52405330,0.77429512
6931,6930.29834842,1.22592647
6932,6931.52427488,0.55894904
6933,6932.08322393,0.85104783
6934,6932.93427176,2.15492579
6935,6935.08919754,0.83550635
6936,6935.92470389,0.82699646
6937,6936.75170035,0.51110982
6938,6937.26281017,1.15520606
6939,6938.41801624,1.03333658
6940,6939.45135282,1.15282240
6941,6940.60417522,0.67282862
6942,6941.27700384,0.97936465
6943,6942.25636849,1.41878551
6944,6943.67515400,0.48307595
6945,6944.15822995,1.59285524
6946,6945.75108519,0.84981259
6947,6946.60089778,1.14438193
6948,6947.74527971,1.10104884
6949,6948.84632855,0.80649060
6950,6949.65281915,0.39541364
6951,6950.04823278,1.20380194
6952,6951.25203472,0.76358230
6953,6952.01561702,1.59542968
6954,6953.61104670,1.12043885
6955,6954.73148554,0.79003966
6956,6955.52152520,1.30291483
6957,6956.82444003,0.94717045
6958,6957.77161048,0.48717659
6959,6958.25878708,0.96356178
6960,6959.22234886,1.81160101
6961,6961.03394987,0.22762337
6962,6961.26157324,1.04355099
6963,6962.30512423,0.89201194
6964,6963.19713617,0.89563741
6965,6964.09277358,1.93705444
6966,6966.02982802,0.62783441
6967,6966.65766243,1.26014458
6968,6967.91780701,0.64779202
6969,6968.56559903,0.70805380
6970,6969.27365282,1.32760541
6971,6970.60125823,0.43271997
6972,6971.03397820,1.40441969
6973,6972.43839789,0.71713192
6974,6973.15552981,1.60364892
6975,6974.75917873,1.22903885
6976,6975.98821758,0.32132429
6977,6976.30954187,0.95780670
6978,6977.26734857,1.65353452
6979,6978.92088309,0.73023930
6980,6979.65112240,0.90599804
6981,6980.55712044,0.64943225
6982,6981.20655269,1.14083296
6983,6982.34738565,0.82569083
6984,6983.17307648,1.03721099
6985,6984.21028747,1.50777578
6986,6985.71806325,1.34427216
6987,6987.06233541,0.67854090
6988,6987.74087631,0.73919020
6989,6988.48006651,0.95888171
6990,6989.43894822,0.93615702
6991,6990.37510524,0.70714721
6992,6991.08225245,1.71197109
6993,6992.79422354,0.71322199
6994,6993.50744553,0.50647844
6995,6994.01392397,1.52980537
6996,6995.54372933,1.24835473
6997,6996.79208406,0.75974784
6998,6997.55183190,1.29103708
6999,6998.84286899,0.53347293
7000,6999.37634192,1.36342089
7001,7000.73976280,0.96787279
7002,7001.70763559,0.22170564
7003,7001.92934123,0.93014485
7004,7002.85948608,1.60601528
7005,7004.46550136,1.55303224
7006,7006.01853360,0.55838156
7007,7006.57691515,1.27010622
7008,7007.84702137,0.51969078
7009,7008.36671215,1.06028599
7010,7009.42699814,1.05327459
7011,7010.48027274,1.18286808
7012,7011.66314082,0.55639527
7013,7012.21953609,1.26300964
7014,7013.48254573,0.67117693
7015,7014.15372265,1.47663727
7016,7015.63035992,0.60879515
7017,7016.23915507,1.73769430
7018,7017.97684937,0.96575692
7019,7018.94260629,0.72035293
7020,7019.66295922,0.76143763
7021,7020.42439685,0.59281524
7022,7021.01721209,1.40772412
7023,7022.42493621,0.96843526
7024,7023.39337147,0.71819632
7025,7024.11156779,1.67095303
7026,7025.78252082,0.93951248
7027,7026.72203330,0.93945037
7028,7027.66148367,0.98959340
7029,7028.65107707,0.52629112
7030,7029.17736819,1.62985227
7031,7030.80722046,0.74335181
7032,7031.55057227,0.89967902
7033,7032.45025128,0.94878418
7034,7033.39903546,0.57950774
7035,7033.97854320,1.13079388
7036,7035.10933708,2.01850153
7037,7037.12783861,0.86508629
7038,7037.99292490,0.22209406
7039,7038.21501896,1.60281050
7040,7039.81782945,0.91868137
7041,7040.73651083,0.30019489
7042,7041.03670572,1.20119525
7043,7042.23790097,1.04024994
7044,7043.27815091,1.36645597
7045,7044.64460688,0.85139219
7046,7045.49599907,0.92012380
7047,7046.41612287,1.14988551
7048,7047.56600838,1.13571366
7049,7048.70172204,0.92825816
7050,7049.62998020,1.12737358
7051,7050.75735378,0.77476824
7052,7051.53212201,0.77545223
7053,7052.30757424,0.94740216
7054,7053.25497641,0.93331375
7055,7054.18829015,1.00457749
7056,7055.19286764,1.46798685
7057,7056.66085449,1.51086296
7058,7058.17171745,0.50956350
7059,7058.68128095,0.89585919
7060,7059.57714014,0.58543403
7061,7060.16257416,1.15151897
7062,7061.31409313,1.50244641
7063,7062.81653954,0.54343332
7064,7063.35997286,0.95674262
7065,7064.31671548,0.75880881
7066,7065.07552429,1.80409173
7067,7066.87961601,0.42343559
7068,7067.30305160,1.36882160
7069,7068.67187320,1.22545516
7070,7069.89732836,0.84180720
7071,7070.73913556,0.64922787
7072,7071.38836344,1.07267139
7073,7072.46103482,0.86684626
7074,7073.32788108,0.43161645
7075,7073.75949753,1.88969640
7076,7075.64919393,0.97214732
7077,7076.62134125,1.26122916
7078,7077.88257041,0.62367985
7079,7078.50625027,0.92493261
7080,7079.43118288,1.45612887
7081,7080.88731175,0.37879346
7082,7081.26610521,1.09268670
7083,7082.35879190,1.28362544
7084,7083.64241735,0.82380766
7085,7084.46622501,0.76043690
7086,7085.22666192,0.68466689
7087,7085.91132880,1.94045766
7088,7087.85178646,1.03641203
7089,7088.88819849,1.10623895
7090,7089.99443743,0.36404180
7091,7090.35847923,1.08126446
7092,7091.43974370,1.01469673
7093,7092.45444043,0.70273210
7094,7093.15717253,1.15054019
7095,7094.30771272,1.23436666
7096,7095.54207939,0.70345266
7097,7096.24553205,1.86492251
7098,7098.11045456,0.27951186
7099,7098.38996642,1.16212454
7100,7099.55209096,0.75414667
7101,7100.30623763,1.67791852
7102,7101.98415614,0.71642008
7103,7102.70057623,0.65690009
7104,7103.35747632,0.59809287
7105,7103.95556919,1.34101652
7106,7105.29658571,0.89561528
7107,7106.19220098,1.62860977
7108,7107.82081075,0.88970650
7109,7108.71051725,1.17463234
7110,7109.88514959,0.80919149
7111,7110.69434108,0.72841133
7112,7111.42275242,0.73137945
7113,7112.15413187,1.18854648
7114,7113.34267835,1.42612898
7115,7114.76880733,0.30568076
7116,7115.07448809,1.68112757
7117,7116.75561566,0.36148010
7118,7117.11709576,1.40114163
7119,7118.51823739,1.36066129
7120,7119.87889868,0.91909774
7121,7120.79799642,0.69627535
7122,7121.49427177,1.04091441
7123,7122.53518618,0.95599672
7124,7123.49118290,0.76371342
7125,7124.25489632,1.11986807
7126,7125.37476439,0.35597801
7127,7125.73074240,2.41047562
7128,7128.14121802,0.72767255
7129,7128.86889056,0.54496717
7130,7129.41385774,1.20707041
7131,7130.62092814,0.77153919
7132,7131.39246733,1.06972733
7133,7132.46219466,1.15757455
7134,7133.61976920,0.81246037
7135,7134.43222958,0.93173998
7136,7135.36396955,0.79763476
7137,7136.16160432,1.21615154
7138,7137.37775586,1.22320501
7139,7138.60096088,1.07454385
7140,7139.67550472,1.21487433
7141,7140.89037905,0.87328552
7142,7141.76366457,0.81072389
7143,7142.57438846,0.93158950
7144,7143.50597797,0.20780083
7145,7143.71377880,1.73112097
7146,7145.44489977,1.10547000
7147,7146.55036977,0.79822805
7148,7147.34859782,1.27016739
7149,7148.61876521,1.37297549
7150,7149.99174070,0.52722098
7151,7150.51896168,0.68474928
7152,7151.20371096,1.71672489
7153,7152.92043586,0.35619953
7154,7153.27663539,1.51651182
7155,7154.79314720,0.48490644
7156,7155.27805364,0.73670606
7157,7156.01475971,1.08958962
7158,7157.10434932,1.53453721
7159,7158.63888653,1.51718493
7160,7160.15607147,0.60295770
7161,7160.75902917,0.72330655
7162,7161.48233572,0.82947107
7163,7162.31180679,1.32502492
7164,7163.63683171,0.67604189
7165,7164.31287360,0.83050018
7166,7165.14337378,1.25544157
7167,7166.39881535,1.22731737
7168,7167.62613272,0.85764348
7169,7168.48377620,1.22580969
7170,7169.70958589,0.49972657
7171,7170.20931246,1.79806333
7172,7172.00737579,0.76285844
7173,7172.77023423,0.61867854
7174,7173.38891278,0.98884800
7175,7174.37776078,1.13137232
7176,7175.50913310,0.43480321
7177,7175.94393631,1.24270776
7178,7177.18664408,1.47504549
7179,7178.66168957,1.22221063
7180,7179.88390020,0.82919240
7181,7180.71309260,1.08968886
7182,7181.80278146,0.68521490
7183,7182.48799636,0.56906054
7184,7183.05705690,1.38127122
7185,7184.43832812,1.35634602
7186,7185.79467415,0.67708822
7187,7186.47176237,0.53790969
7188,7187.00967206,1.24591514
7189,7188.25558720,1.46502503
7190,7189.72061224,1.14602225
7191,7190.86663449,0.59829351
7192,7191.46492800,1.32451684
7193,7192.78944484,1.00422846
7194,7193.79367330,0.52687708
7195,7194.32055038,0.84044433
7196,7195.16099472,0.97472372
7197,7196.13571843,1.08741564
7198,7197.22313408,1.42615937
7199,7198.64929345,1.35369513
7200,7200.00298858,0.51501514
7201,7200.51800372,0.89600814
7202,7201.41401186,1.23354238
7203,7202.64755424,0.75823317
7204,7203.40578741,1.43989864
7205,7204.84568605,0.50197532
7206,7205.34766137,0.74668013
7207,7206.09434150,1.63117652
7208,7207.72551801,0.32281773
7209,7208.04833574,1.09719826
7210,7209.14553400,2.10549262
7211,7211.25102663,0.45730634
7212,7211.70833297,1.05775895
7213,7212.76609192,0.68774172
7214,7213.45383364,0.72627962
7215,7214.18011326,1.26524403
7216,7215.44535729,0.76134725
7217,7216.20670454,1.35639756
7218,7217.56310209,0.62985143
7219,7218.19295353,1.60491360
7220,7219.79786713,0.75550555
7221,7220.55337268,1.05046505
7222,7221.60383773,1.00950501
7223,7222.61334273,0.80272827
7224,7223.41607100,1.44448133
7225,7224.86055234,0.71928347
7226,7225.57983581,0.71659074
7227,7226.29642655,0.81960277
7228,7227.11602932,0.73994208
7229,7227.85597139,2.08343632
7230,7229.93940771,0.75322748
7231,7230.69263519,1.02041494
7232,7231.71305013,1.01448714
7233,7232.72753727,0.81381956
7234,7233.54135682,0.97314177
7235,7234.51449859,0.58205549
7236,7235.09655408,1.28344735
7237,7236.38000144,1.35759634
7238,7237.73759778,0.52345496
7239,7238.26105274,0.97393160
7240,7239.23498435,1.54481864
7241,7240.77980299,0.52489564
7242,7241.30469863,1.62773281
7243,7242.93243144,0.92177876
7244,7243.85421020,0.75817752
7245,7244.61238772,0.52045164
7246,7245.13283935,1.36702183
7247,7246.49986119,0.73480572
7248,7247.23466690,0.84415466
7249,7248.07882157,1.29014268
7250,7249.36896424,1.53407818
7251,7250.90304242,1.20557345
7252,7252.10861587,0.44063513
7253,7252.54925099,0.54882113
7254,7253.09807212,1.34358352
7255,7254.44165564,1.56816173
7256,7256.00981737,0.14592180
7257,7256.15573917,1.30218122
7258,7257.45792040,0.83179735
7259,7258.28971774,0.81987986
7260,7259.10959760,1.44624076
7261,7260.55583837,1.09756747
7262,7261.65340584,1.28732754
7263,7262.94073338,0.69530292
7264,7263.63603630,0.99874423
7265,7264.63478053,0.98506741
7266,7265.61984795,0.55844418
7267,7266.17829212,0.80797460
7268,7266.98626672,1.36410624
7269,7268.35037296,1.34396505
7270,7269.69433802,0.95643407
7271,7270.65077208,0.68002754
7272,7271.33079962,1.60453978
7273,7272.93533941,0.50046720
7274,7273.43580660,1.17005700
7275,7274.60586361,0.78849721
7276,7275.39436081,1.36028723
7277,7276.75464804,0.63541314
7278,7277.39006118,0.91079500
7279,7278.30085619,0.69630196
7280,7278.99715814,1.20792614
7281,7280.20508428,1.90601560
7282,7282.11109989,0.75066381
7283,7282.86176370,0.71475363
7284,7283.57651732,1.03475763
7285,7284.61127496,0.85086709
7286,7285.46214205,0.55897699
7287,7286.02111904,1.81797623
7288,7287.83909527,0.36489672
7289,7288.20399199,0.92160431
7290,7289.12559630,1.52046476
7291,7290.64606106,1.11934903
7292,7291.76541009,0.61108502
7293,7292.37649510,1.08314614
7294,7293.45964125,1.42298998
7295,7294.88263123,1.03419203
7296,7295.91682326,0.40939354
7297,7296.32621680,1.07586273
7298,7297.40207953,0.51003900
7299,7297.91211853,1.60041470
7300,7299.51253323,0.53641265
7301,7300.04894588,2.01206319
7302,7302.06100906,0.55781626
7303,7302.61882532,1.21095096
7304,7303.82977628,0.59402398
7305,7304.42380026,1.19182906
7306,7305.61562932,0.51954373
7307,7306.13517305,1.35548171
7308,7307.49065476,1.12088518
7309,7308.61153994,0.81286842
7310,7309.42440836,0.81774724
7311,7310.24215560,0.86632989
7312,7311.10848550,1.75383368
7313,7312.86231918,0.98067207
7314,7313.84299125,0.98654487
7315,7314.82953612,0.51050769
7316,7315.34004382,1.29798509
7317,7316.63802890,0.82011730
7318,7317.45814620,0.92258078
7319,7318.38072698,0.34205647
7320,7318.72278345,1.86613227
7321,7320.58891572,1.09864679
7322,7321.68756250,1.08023467
7323,7322.76779718,0.97602688
7324,7323.74382406,0.57211307
7325,7324.31593713,1.12021298
7326,7325.43615011,1.37923456
7327,7326.81538467,0.65315302
7328,7327.46853770,1.02517147
7329,7328.49370916,0.68608150
7330,7329.17979066,1.00130112
7331,7330.18109179,1.15669089
7332,7331.33778267,1.33931829
7333,7332.67710096,0.93599316
7334,7333.61309413,1.72027484
7335,7335.33336897,0.38112369
7336,7335.71449266,0.28097331
7337,7335.99546596,1.34449942
7338,7337.33996539,0.87224443
7339,7338.21220982,1.25595358
7340,7339.46816340,1.15294554
7341,7340.62110894,0.47705049
7342,7341.09815943,1.70269696
7343,7342.80085639,0.84676448
7344,7343.64762087,0.82891251
7345,7344.47653339,1.12650221
7346,7345.60303560,1.10223083
7347,7346.70526643,0.89384192
7348,7347.59910834,0.79388971
7349,7348.39299806,1.06907130
7350,7349.46206936,0.64582100
7351,7350.10789036,0.71948408
7352,7350.82737444,2.27167558
7353,7353.09905002,0.76819633
7354,7353.86724635,0.77053349
7355,7354.63777984,0.76761862
7356,7355.40539846,1.21046601
7357,7356.61586447,0.87101799
7358,7357.48688246,0.74507807
7359,7358.23196053,1.15670851
7360,7359.38866904,1.10967250
7361,7360.49834154,0.86452159
7362,7361.36286314,1.18389668
7363,7362.54675982,0.68568697
7364,7363.23244679,1.65566117
7365,7364.88810796,0.86361312
7366,7365.75172107,0.90060054
7367,7366.65232162,1.18368793
7368,7367.83600955,0.34283081
7369,7368.17884036,0.93593234
7370,7369.11477269,1.13455424
7371,7370.24932693,1.10123804
7372,7371.35056498,1.06018452
7373,7372.41074950,1.58007791
7374,7373.99082740,0.66975918
7375,7374.66058658,1.10121780
7376,7375.76180438,0.65797084
7377,7376.41977522,0.63906610
7378,7377.05884132,1.83069633
7379,7378.88953764,0.73861428
7380,7379.62815192,0.69728049
7381,7380.32543242,0.60816091
7382,7380.93359333,1.43539790
7383,7382.36899123,1.16000623
7384,7383.52899746,1.28454792
7385,7384.81354538,1.15975139
7386,7385.97329677,0.45132604
7387,7386.42462281,1.41550777
7388,7387.84013057,0.44360311
7389,7388.28373368,0.89067698
7390,7389.17441066,1.06217268
7391,7390.23658334,1.00307139
7392,7391.23965473,1.43152500
7393,7392.67117972,1.08692812
7394,7393.75810785,0.76692047
7395,7394.52502832,0.87207620
7396,7395.39710452,1.27609280
7397,7396.67319732,1.14762150
7398,7397.82081882,0.68143319
7399,7398.50225201,0.72350822
7400,7399.22576023,1.39510400
7401,7400.62086422,0.80199847
7402,7401.42286270,0.36607337
7403,7401.78893607,1.58878705
7404,7403.37772312,1.76771536
7405,7405.14543848,0.68616575
7406,7405.83160423,0.75815616
7407,7406.58976039,0.97418087
7408,7407.56394127,0.63720201
7409,7408.20114328,1.18797241
7410,7409.38911569,1.01803066
7411,7410.40714635,1.04805710
7412,7411.45520345,1.05893148
7413,7412.51413493,0.56782129
7414,7413.08195622,1.85693255
7415,7414.93888877,0.74655723
7416,7415.68544600,0.51940851
7417,7416.20485452,1.82605429
7418,7418.03090880,0.49269328
7419,7418.52360208,1.26315750
7420,7419.78675958,0.33545207
7421,7420.12221165,0.90687584
7422,7421.02908749,1.01236783
7423,7422.04145532,1.77593338
7424,7423.81738871,0.74749192
7425,7424.56488063,1.27567654
7426,7425.84055717,0.83723791
7427,7426.67779508,1.00863208
7428,7427.68642717,0.45653189
7429,7428.14295905,1.38990943
7430,7429.53286849,0.94851460
7431,7430.48138309,0.90230546
7432,7431.38368855,1.14488998
7433,7432.52857852,0.65305348
7434,7433.18163200,1.11966204
7435,7434.30129404,1.28891594
7436,7435.59020998,1.62683717
7437,7437.21704715,0.39140942
7438,7437.60845657,0.99265711
7439,7438.60111368,0.61161613
7440,7439.21272981,1.28970081
7441,7440.50243062,0.78532023
7442,7441.28775085,0.86119621
7443,7442.14894706,1.05665930
7444,7443.20560636,1.82320721
7445,7445.02881357,0.69035407
7446,7445.71916764,0.79602314
7447,7446.51519078,0.85179119
7448,7447.36698196,1.27164936
7449,7448.63863132,0.84466064
7450,7449.48329196,1.40367465
7451,7450.88696661,0.40463462
7452,7451.29160123,0.79289194
7453,7452.08449318,1.18368601
7454,7453.26817919,0.92336066
7455,7454.19153985,1.77628218
7456,7455.96782203,0.72960634
7457,7456.69742837,0.97968881
7458,7457.67711718,1.13521438
7459,7458.81233156,0.73849742
7460,7459.55082898,0.72069606
7461,7460.27152504,0.56660782
7462,7460.83813286,2.05883669
7463,7462.89696955,0.38807596
7464,7463.28504551,1.02025193
7465,7464.30529744,1.33861184
7466,7465.64390928,0.89851052
7467,7466.54241980,1.22854660
7468,7467.77096640,0.76919636
7469,7468.54016276,1.01357314
7470,7469.55373589,1.21364020
7471,7470.76737609,0.65146943
7472,7471.41884552,0.69210131
7473,7472.11094683,1.24447042
7474,7473.35541724,0.54020407
7475,7473.89562131,1.95781703
7476,7475.85343834,1.22023031
7477,7477.07366865,0.63923540
7478,7477.71290405,0.79364755
7479,7478.50655160,0.64685744
7480,7479.15340903,1.55312646
7481,7480.70653549,0.61170683
7482,7481.31824232,1.28626481
7483,7482.60450714,0.47257634
7484,7483.07708348,1.37525976
7485,7484.45234324,1.15896369
7486,7485.61130693,0.72778264
7487,7486.33908957,1.26637640
7488,7487.60546597,1.32702380
7489,7488.93248977,1.09217020
7490,7490.02465997,0.20448446
7491,7490.22914442,1.06526616
7492,7491.29441058,1.17342516
7493,7492.46783574,0.44649967
7494,7492.91433542,1.40547972
7495,7494.31981513,1.56441566
7496,7495.88423080,0.55467755
7497,7496.43890834,1.42503530
7498,7497.86394365,0.87674337
7499,7498.74068702,0.54809503
7500,7499.28878205,1.15647390
7501,7500.44525595,0.99748802
7502,7501.44274397,1.24496950
7503,7502.68771347,0.79838641
7504,7503.48609988,0.96264232
7505,7504.44874219,0.14641767
7506,7504.59515986,2.25994904
7507,7506.85510890,1.02095093
7508,7507.87605983,0.77701980
7509,7508.65307963,1.06131829
7510,7509.71439792,0.88172251
7511,7510.59612044,0.74992221
7512,7511.34604265,0.99818255
7513,7512.34422520,0.74575520
7514,7513.08998040,1.29277029
7515,7514.38275068,1.13588087
7516,7515.51863155,1.20137029
7517,7516.72000184,0.93143805
7518,7517.65143989,0.90803573
7519,7518.55947562,0.72263445
7520,7519.28211007,1.68034906
7521,7520.96245913,0.89394693
7522,7521.85640606,0.21603434
7523,7522.07244041,1.31707787
7524,7523.38951827,0.73408513
7525,7524.12360340,1.32449293
7526,7525.44809633,0.65483298
7527,7526.10292932,1.86461973
7528,7527.96754904,1.22992716
7529,7529.19747621,0.18328306
7530,7529.38075927,1.26968626
7531,7530.65044553,0.54223679
7532,7531.19268232,0.99949250
7533,7532.19217482,1.58770303
7534,7533.77987785,0.44473526
7535,7534.22461311,1.17501876
7536,7535.39963187,0.92712695
7537,7536.32675883,1.31576482
7538,7537.64252365,0.86980265
7539,7538.51232630,1.48036182
7540,7539.99268812,0.41959409
7541,7540.41228221,1.16100316
7542,7541.57328538,1.19365021
7543,7542.76693559,0.73033802
7544,7543.49727361,0.38639493
7545,7543.88366854,1.08411212
7546,7544.96778066,1.57393305
7547,7546.54171371,1.66251534
7548,7548.20422904,0.35604602
7549,7548.56027507,0.77012484
7550,7549.33039991,1.58657689
7551,7550.91697680,0.40018248
7552,7551.31715928,0.99347378
7553,7552.31063306,1.24371151
7554,7553.55434457,0.93026598
7555,7554.48461055,0.89161668
7556,7555.37622722,0.78550446
7557,7556.16173168,1.30404738
7558,7557.46577906,0.99384921
7559,7558.45962827,1.56570528
7560,7560.02533355,0.75308333
7561,7560.77841687,0.96181884
7562,7561.74023572,0.59192693
7563,7562.33216265,0.84029551
7564,7563.17245816,1.07759417
7565,7564.25005232,1.20963507
7566,7565.45968739,0.79240044
7567,7566.25208784,1.21218166
7568,7567.46426949,1.69551688
7569,7569.15978637,0.39426130
7570,7569.55404767,0.81891337
7571,7570.37296104,0.92704175
7572,7571.30000279,1.53015679
7573,7572.83015958,0.98225448
7574,7573.81241406,0.31434068
7575,7574.12675474,1.30615370
7576,7575.43290845,0.59932755
7577,7576.03223599,1.10814390
7578,7577.14037989,1.88619536
7579,7579.02657525,0.59856472
7580,7579.62513996,1.29934252
7581,7580.92448248,0.56386357
7582,7581.48834606,1.03377673
7583,7582.52212279,0.84374872
7584,7583.36587151,1.00321319
7585,7584.36908471,0.60826601
7586,7584.97735072,1.89679948
7587,7586.87415020,0.48622327
7588,7587.36037347,1.06408737
7589,7588.42446084,1.06179892
7590,7589.48625975,1.24066197
7591,7590.72692172,1.02528719
7592,7591.75220891,0.83690776
7593,7592.58911667,1.03543496
7594,7593.62455163,0.63357302
7595,7594.25812465,1.30535029
7596,7595.56347494,0.59262486
7597,7596.15609980,0.67961648
7598,7596.83571628,2.08298048
7599,7598.91869676,0.81041628
7600,7599.72911305,1.19866866
7601,7600.92778170,0.79691696
7602,7601.72469867,0.43592162
7603,7602.16062028,1.15819956
7604,7603.31881985,1.17589572
7605,7604.49471556,1.35174844
7606,7605.84646400,0.32304747
7607,7606.16951147,0.88283539
7608,7607.05234686,1.49776939
7609,7608.55011624,1.12111797
7610,7609.67123421,0.80995518
7611,7610.48118939,1.23422623
7612,7611.71541562,1.21080753
7613,7612.92622315,0.71033906
7614,7613.63656221,0.90863267
7615,7614.54519487,0.33688991
7616,7614.88208478,1.33689150
7617,7616.21897628,1.09730127
7618,7617.31627756,1.23373627
7619,7618.55001382,1.21954857
7620,7619.76956239,1.16911390
7621,7620.93867629,0.30497248
7622,7621.24364877,1.47076975
7623,7622.71441853,0.73046451
7624,7623.44488303,0.97929425
7625,7624.42417728,1.10645965
7626,7625.53063693,1.07836844
7627,7626.60900538,0.53023973
7628,7627.13924511,1.17987202
7629,7628.31911713,0.70885583
7630,7629.02797295,2.18516244
7631,7631.21313540,0.71202485
7632,7631.92516024,0.62910994
7633,7632.55427018,0.72984141
7634,7633.28411158,1.51470485
7635,7634.79881644,0.36157025
7636,7635.16038669,0.98543562
7637,7636.14582231,1.28718422
7638,7637.43300654,0.84974529
7639,7638.28275183,1.58470969
7640,7639.86746152,0.62400178
7641,7640.49146331,1.24370730
7642,7641.73517061,0.52449860
7643,7642.25966920,1.53183870
7644,7643.79150790,0.82850151
7645,7644.62000941,1.05906142
7646,7645.67907083,0.75703189
7647,7646.43610273,0.47468541
7648,7646.91078814,1.23197796
7649,7648.14276610,1.37743466
7650,7649.52020075,1.18653686
7651,7650.70673761,1.07307384
7652,7651.77981145,1.09756627
7653,7652.87737772,0.81289038
7654,7653.69026810,0.70682204
7655,7654.39709014,0.56262729
7656,7654.95971743,1.61583498
7657,7656.57555241,0.94854044
7658,7657.52409285,0.92037751
7659,7658.44447036,0.76709155
7660,7659.21156190,1.20133728
7661,7660.41289919,1.55225896
7662,7661.96515814,0.34745104
7663,7662.31260919,1.68117956
7664,7663.99378874,0.63818759
7665,7664.63197633,0.68780417
7666,7665.31978050,1.16330435
7667,7666.48308485,0.97550955
7668,7667.45859440,0.47412297
7669,7667.93271737,1.12451013
7670,7669.05722750,2.11752269
7671,7671.17475020,0.56408435
7672,7671.73883455,0.80979797
7673,7672.54863252,1.01476938
7674,7673.56340190,0.69070076
7675,7674.25410266,1.48660332
7676,7675.74070598,0.91031963
7677,7676.65102561,0.40765580
7678,7677.05868141,1.45271118
7679,7678.51139259,0.92521650
7680,7679.43660909,0.63463156
7681,7680.07124065,1.53556095
7682,7681.60680160,1.18799164
7683,7682.79479324,1.05094516
7684,7683.84573840,0.98237910
7685,7684.82811750,0.60108569
7686,7685.42920319,0.95129398
7687,7686.38049717,0.67941390
7688,7687.05991107,1.17718936
7689,7688.23710043,1.34763594
7690,7689.58473637,0.82896050
7691,7690.41369687,1.16102110
7692,7691.57471797,1.22244984
7693,7692.79716781,0.98073990
7694,7693.77790771,0.53769387
7695,7694.31560158,1.04992680
7696,7695.36552838,1.43957822
7697,7696.80510660,0.88423876
7698,7697.68934536,0.59064531
7699,7698.27999067,0.73451249
7700,7699.01450316,1.04914912
7701,7700.06365228,1.57592464
7702,7701.63957693,1.36814981
7703,7703.00772674,0.77207191
7704,7703.77979865,0.75547562
7705,7704.53527427,1.08127202
7706,7705.61654629,0.71458235
7707,7706.33112864,1.03275266
7708,7707.36388130,0.83256881
7709,7708.19645011,1.45619954
7710,7709.65264965,0.44571383
7711,7710.09836348,1.82455010
7712,7711.92291358,0.60359796
7713,7712.52651154,0.59805462
7714,7713.12456615,1.85506695
7715,7714.97963311,0.84665684
7716,7715.82628995,0.62288886
7717,7716.44917882,1.09264348
7718,7717.54182229,0.57245559
7719,7718.11427788,1.39511078
7720,7719.50938866,0.47019694
7721,7719.97958561,1.31099423
7722,7721.29057984,1.69863093
7723,7722.98921077,0.92206153
7724,7723.91127230,0.82497503
7725,7724.73624733,0.48704974
7726,7725.22329707,1.46780135
7727,7726.69109842,0.36011124
7728,7727.05120967,1.61916406
7729,7728.67037372,0.90218380
7730,7729.57255753,0.77728360
7731,7730.34984113,0.62171702
7732,7730.97155814,1.63260214
7733,7732.60416028,1.06720681
7734,7733.67136709,1.40980970
7735,7735.08117679,0.12558892
7736,7735.20676571,1.81490994
7737,7737.02167566,0.40825805
7738,7737.42993370,0.91261769
7739,7738.34255139,0.78692807
7740,7739.12947946,0.78724081
7741,7739.91672027,1.88407594
7742,7741.80079622,0.76163538
7743,7742.56243159,1.12134820
7744,7743.68377979,0.99077565
7745,7744.67455544,0.91963864
7746,7745.59419408,0.74251386
7747,7746.33670794,1.34446588
7748,7747.68117382,0.88628627
7749,7748.56746008,0.76875258
7750,7749.33621267,0.97278030
7751,7750.30899297,1.20999453
7752,7751.51898749,0.38996205
7753,7751.90894955,1.73153668
7754,7753.64048623,1.33423926
7755,7754.97472549,0.96579361
7756,7755.94051910,0.81744312
7757,7756.75796222,0.40469476
7758,7757.16265698,0.99054293
7759,7758.15319990,1.48091672
7760,7759.63411662,0.64831605
7761,7760.28243267,0.87641240
7762,7761.15884507,1.44055477
7763,7762.59939984,1.03626679
7764,7763.63566663,1.19570531
7765,7764.83137194,0.48593234
7766,7765.31730428,1.18266077
7767,7766.49996506,1.33453520
7768,7767.83450026,0.88800703
7769,7768.72250729,0.54575752
7770,7769.26826481,1.21520570
7771,7770.48347051,0.49999855
7772,7770.98346906,1.02837600
7773,7772.01184506,1.85448163
7774,7773.86632668,1.19207396
7775,7775.05840065,0.30789125
7776,7775.36629189,1.37523159
7777,7776.74152348,0.90972321
7778,7777.65124669,0.81215550
7779,7778.46340219,0.49867579
7780,7778.96207798,1.59704168
7781,7780.55911967,0.95200873
7782,7781.51112840,1.08966502
7783,7782.60079342,0.42013837
7784,7783.02093179,1.55920558
7785,7784.58013737,1.10593282
7786,7785.68607019,1.12367740
7787,7786.80974759,1.03811009
7788,7787.84785768,0.44797549
7789,7788.29583318,1.41809851
7790,7789.71393169,0.54638374
7791,7790.26031543,0.71821251
7792,7790.97852794,1.42506917
7793,7792.40359710,0.79291454
7794,7793.19651164,1.86932755
7795,7795.06583919,0.81830327
7796,7795.88414246,0.67223738
7797,7796.55637984,0.71349577
7798,7797.26987561,1.10702961
7799,7798.37690522,1.33519107
7800,7799.71209629,0.92070241
7801,7800.63279870,0.74297568
7802,7801.37577438,0.63660010
7803,7802.01237447,1.35339257
7804,7803.36576704,1.23224698
7805,7804.59801402,0.77813046
7806,7805.37614449,1.64301893
7807,7807.01916342,0.93762496
7808,7807.95678838,0.39583935
7809,7808.35262773,1.23416174
7810,7809.58678946,0.74172398
7811,7810.32851345,0.60002983
7812,7810.92854327,1.52207331
7813,7812.45061659,1.00521758
7814,7813.45583417,1.18057413
7815,7814.63640830,0.99384805
7816,7815.63025634,0.89519936
7817,7816.52545570,1.19454617
7818,7817.72000188,0.79668300
7819,7818.51668488,1.06660134
7820,7819.58328622,0.78485930
7821,7820.36814552,1.47328874
7822,7821.84143426,0.37071687
7823,7822.21215113,0.86474328
7824,7823.07689440,0.83367801
7825,7823.91057241,2.34104299
7826,7826.25161540,0.42901651
7827,7826.68063192,0.97811350
7828,7827.65874542,1.07070778
7829,7828.72945319,0.51986537
7830,7829.24931856,1.28149427
7831,7830.53081283,0.64575883
7832,7831.17657166,1.33486831
7833,7832.51143997,0.77014015
7834,7833.28158011,1.18319164
7835,7834.46477175,1.07293048
7836,7835.53770223,1.21970113
7837,7836.75740337,0.60393088
7838,7837.36133424,1.22545056
7839,7838.58678480,1.50258815
7840,7840.08937295,0.61179243
7841,7840.70116538,0.40930264
7842,7841.11046802,0.94264206
7843,7842.05311008,1.43071233
7844,7843.48382241,0.52352949
7845,7844.00735189,1.72152794
7846,7845.72887984,0.95005289
7847,7846.67893272,1.24639451
7848,7847.92532724,0.94449978
7849,7848.86982702,0.32946552
7850,7849.19929254,0.99052408
7851,7850.18981662,1.45276352
7852,7851.64258015,0.81817180
7853,7852.46075194,1.09618633
7854,7853.55693828,0.58935616
7855,7854.14629444,1.20431890
7856,7855.35061335,0.93568582
7857,7856.28629916,1.91930908
7858,7858.20560824,0.30439130
7859,7858.50999954,1.23109227
7860,7859.74109181,0.72787350
7861,7860.46896531,1.04050473
7862,7861.50947005,0.93138403
7863,7862.44085407,0.70852096
7864,7863.14937504,0.75297954
7865,7863.90235458,1.87865577
7866,7865.78101035,1.01701392
7867,7866.79802427,0.95868067
7868,7867.75670494,0.54171015
7869,7868.29841509,1.27178380
7870,7869.57019889,1.14651362
7871,7870.71671251,0.69027212
7872,7871.40698463,1.17840051
7873,7872.58538514,0.87555343
7874,7873.46093857,0.71162668
7875,7874.17256525,1.00481591
7876,7875.17738116,1.19878572
7877,7876.37616688,1.27680171
7878,7877.65296859,1.44330125
7879,7879.09626985,0.54157196
7880,7879.63784180,1.13173375
7881,7880.76957555,0.54654237
7882,7881.31611792,0.80869237
7883,7882.12481030,1.06690659
7884,7883.19171689,1.71897840
7885,7884.91069529,0.26641751
7886,7885.17711280,0.96398866
7887,7886.14110146,2.01441800
7888,7888.15551946,0.25134388
7889,7888.40686333,1.02287156
7890,7889.42973489,1.17081591
7891,7890.60055080,1.13429257
7892,7891.73484338,0.88994669
7893,7892.62479006,0.86042486
7894,7893.48521492,0.74716414
7895,7894.23237906,0.66631892
7896,7894.89869797,1.39102782
7897,7896.28972579,1.49672243
7898,7897.78644823,1.41999283
7899,7899.20644105,0.28040762
7900,7899.48684867,0.88405568
7901,7900.37090435,1.31979571
7902,7901.69070006,0.58490036
7903,7902.27560041,1.25359884
7904,7903.52919925,0.62977369
7905,7904.15897295,1.36952523
7906,7905.52849818,1.01564543
7907,7906.54414361,0.73795850
7908,7907.28210211,1.11757226
7909,7908.39967437,1.29811128
7910,7909.69778565,1.45280777
7911,7911.15059342,0.37378675
7912,7911.52438016,0.89141921
7913,7912.41579937,1.00872220
7914,7913.42452157,0.87723564
7915,7914.30175721,0.92870643
7916,7915.23046364,0.83820371
7917,7916.06866736,1.58616900
7918,7917.65483636,1.24020350
7919,7918.89503986,0.72710648
7920,7919.62214635,1.15528442
7921,7920.77743077,0.79109164
7922,7921.56852241,0.37842076
7923,7921.94694317,1.96468080
7924,7923.91162397,0.71959229
7925,7924.63121626,0.52503657
7926,7925.15625283,1.32841225
7927,7926.48466507,0.31212815
7928,7926.79679323,2.00736743
7929,7928.80416065,0.92528943
7930,7929.72945008,0.89785783
7931,7930.62730791,1.15220605
7932,7931.77951396,1.15264064
7933,7932.93215459,0.33091841
7934,7933.26307301,0.81025460
7935,7934.07332761,1.13981773
7936,7935.21314534,1.18941054
7937,7936.40255588,1.03025977
7938,7937.43281564,1.44246766
7939,7938.87528331,0.47666083
7940,7939.35194414,1.40937289
7941,7940.76131703,0.61729422
7942,7941.37861124,1.34340740
7943,7942.72201864,1.00560844
7944,7943.72762709,0.62717777
7945,7944.35480486,0.97953205
7946,7945.33433690,1.08760564
7947,7946.42194254,0.91806573
7948,7947.34000828,0.48827512
7949,7947.82828340,2.14112271
7950,7949.96940611,1.18724383
7951,7951.15664994,0.53736743
7952,7951.69401737,0.57970180
7953,7952.27371916,1.15026008
7954,7953.42397925,0.99017933
7955,7954.41415858,0.94803587
7956,7955.36219445,1.08013505
7957,7956.44232950,0.92320262
7958,7957.36553212,0.93174041
7959,7958.29727253,1.46829737
7960,7959.76556990,0.70045014
7961,7960.46602004,1.07209328
7962,7961.53811332,1.30420948
7963,7962.84232280,0.69909275
7964,7963.54141555,1.30014968
7965,7964.84156523,0.49329137
7966,7965.33485660,0.96889346
7967,7966.30375006,0.41243933
7968,7966.71618939,1.79915348
7969,7968.51534287,1.29381441
7970,7969.80915728,0.74031753
7971,7970.54947481,1.33825387
7972,7971.88772868,0.75181479
7973,7972.63954348,0.75037596
7974,7973.38991944,1.17215415
7975,7974.56207359,0.49607858
7976,7975.05815217,1.85613464
7977,7976.91428681,0.57638147
7978,7977.49066828,0.46113151
7979,7977.95179979,1.38645563
7980,7979.33825542,1.13700471
7981,7980.47526012,1.30017340
7982,7981.77543353,1.25229105
7983,7983.02772458,0.57519425
7984,7983.60291883,0.90785824
7985,7984.51077707,0.76738682
7986,7985.27816389,1.17771122
7987,7986.45587511,0.74291822
7988,7987.19879332,0.94380836
7989,7988.14260168,1.28785152
7990,7989.43045320,1.57884323
7991,7991.00929643,0.73572070
7992,7991.74501713,0.77592837
7993,7992.52094550,0.60967695
7994,7993.13062246,1.76585014
7995,7994.89647260,0.64761333
7996,7995.54408592,1.14195825
7997,7996.68604417,0.36948167
7998,7997.05552584,1.28250964
7999,7998.33803548,0.92726577
8000,7999.26530125,0.91062389
8001,8000.17592514,2.00092579
8002,8002.17685093,0.32633916
8003,8002.50319010,1.35880277
8004,8003.86199286,0.85359226
8005,8004.71558513,0.59590164
8006,8005.31148677,0.89527940
8007,8006.20676617,0.97655675
8008,8007.18332291,1.34169457
8009,8008.52501748,1.01526610
8010,8009.54028358,0.89770720
8011,8010.43799078,0.89688223
8012,8011.33487301,1.49533822
8013,8012.83021123,0.99487260
8014,8013.82508383,0.45187166
8015,8014.27695549,1.42172967
8016,8015.69868516,0.98375812
8017,8016.68244328,0.74474843
8018,8017.42719171,0.87099328
8019,8018.29818499,0.66019720
8020,8018.95838219,1.14028510
8021,8020.09866729,2.10771176
8022,8022.20637906,0.42608422
8023,8022.63246328,1.05599716
8024,8023.68846044,0.93799806
8025,8024.62645851,0.77526106
8026,8025.40171957,0.83131614
8027,8026.23303571,1.46990071
8028,8027.70293642,0.71529642
8029,8028.41823284,0.71659324
8030,8029.13482608,1.33011718
8031,8030.46494326,1.04725097
8032,8031.51219423,1.00702918
8033,8032.51922341,0.88240261
8034,8033.40162602,1.80989240
8035,8035.21151842,0.39419567
8036,8035.60571409,1.11567125
8037,8036.72138534,0.30685159
8038,8037.02823693,1.31044056
8039,8038.33867749,0.79886703
8040,8039.13754452,1.28370084
8041,8040.42124536,0.89501547
8042,8041.31626083,1.78821768
8043,8043.10447851,0.47242840
8044,8043.57690691,1.03687151
8045,8044.61377843,0.85353136
8046,8045.46730979,0.89374382
8047,8046.36105361,1.23389155
8048,8047.59494516,0.88873796
8049,8048.48368312,1.16136002
8050,8049.64504314,0.75434446
8051,8050.39938760,0.27171658
8052,8050.67110418,1.93625992
8053,8052.60736410,1.29944748
8054,8053.90681158,1.00555101
8055,8054.91236258,0.64510839
8056,8055.55747097,0.83262164
8057,8056.39009262,1.53281687
8058,8057.92290948,0.34214033
8059,8058.26504981,0.52199788
8060,8058.78704769,1.61371508
8061,8060.40076277,1.28042576
8062,8061.68118854,0.74511743
8063,8062.42630597,1.40737163
8064,8063.83367760,0.56810789
8065,8064.40178550,1.10663455
8066,8065.50842004,1.20220370
8067,8066.71062374,1.01224304
8068,8067.72286678,0.77517114
8069,8068.49803792,0.78139747
8070,8069.27943539,1.11874983
8071,8070.39818522,0.59445076
8072,8070.99263598,1.41006101
8073,8072.40269699,1.12792881
8074,8073.53062580,1.61654978
8075,8075.14717558,0.64969707
8076,8075.79687265,0.82801348
8077,8076.62488613,0.61676836
8078,8077.24165450,0.87410334
8079,8078.11575784,1.54366430
8080,8079.65942213,0.83030757
8081,8080.48972970,0.80347705
8082,8081.29320675,0.91701649
8083,8082.21022324,1.48605573
8084,8083.69627897,0.86221298
8085,8084.55849196,1.02264057
8086,8085.58113252,1.11820402
8087,8086.69933654,1.00456011
8088,8087.70389664,1.07821160
8089,8088.78210825,0.47478604
8090,8089.25689428,1.00070114
8091,8090.25759542,0.98072075
8092,8091.23831617,0.63152383
8093,8091.86984000,2.29522120
8094,8094.16506120,0.49515141
8095,8094.66021261,0.89376759
8096,8095.55398020,0.97176397
8097,8096.52574417,1.23163363
8098,8097.75737781,0.54537148
8099,8098.30274929,1.09975365
8100,8099.40250293,1.08508561
8101,8100.48758854,0.92359975
8102,8101.41118829,1.12262197
8103,8102.53381027,0.59671600
8104,8103.13052626,1.07577725
8105,8104.20630352,1.94566355
8106,8106.15196707,0.51695897
8107,8106.66892604,0.98623102
8108,8107.65515705,1.14324926
8109,8108.79840631,0.45225672
8110,8109.25066303,0.87918799
8111,8110.12985102,1.28304072
8112,8111.41289174,0.78819340
8113,8112.20108513,1.24953496
8114,8113.45062009,1.12466246
8115,8114.57528255,1.47920040
8116,8116.05448295,0.48965908
8117,8116.54414203,0.78485792
8118,8117.32899995,1.03311615
8119,8118.36211610,1.48484824
8120,8119.84696434,0.85351967
8121,8120.70048401,0.79540591
8122,8121.49588992,0.32111596
8123,8121.81700588,1.43845209
8124,8123.25545797,1.11376857
8125,8124.36922654,1.42379205
8126,8125.79301859,0.99494973
8127,8126.78796832,1.04462704
8128,8127.83259536,0.89579768
8129,8128.72839304,0.49818693
8130,8129.22657997,1.33361438
8131,8130.56019435,0.42536747
8132,8130.98556182,1.43767320
8133,8132.42323503,1.19858889
8134,8133.62182392,0.69925391
8135,8134.32107783,1.32783594
8136,8135.64891378,0.78415597
8137,8136.43306975,1.12829495
8138,8137.56136469,1.49011490
8139,8139.05147960,0.57799184
8140,8139.62947144,0.48485385
8141,8140.11432529,1.71088029
8142,8141.82520558,0.38338335
8143,8142.20858893,1.03078315
8144,8143.23937208,0.57223523
8145,8143.81160732,2.02444145
8146,8145.83604877,1.16435441
8147,8147.00040318,0.86948326
8148,8147.86988644,0.47230737
8149,8148.34219381,1.06792529
8150,8149.41011910,1.05010502
8151,8150.46022412,0.97304204
8152,8151.43326617,1.02611258
8153,8152.45937875,1.18802067
8154,8153.64739942,0.36415866
8155,8154.01155807,1.31987930
8156,8155.33143737,1.50864913
8157,8156.84008650,0.58272757
8158,8157.42281407,1.22399000
8159,8158.64680407,1.42240860
8160,8160.06921267,0.46605125
8161,8160.53526392,0.90340420
8162,8161.43866812,0.87282058
8163,8162.31148870,0.47948071
8164,8162.79096941,1.83238378
8165,8164.62335319,0.71499484
8166,8165.33834803,1.43943799
8167,8166.77778601,0.82529610
8168,8167.60308211,1.28684302
8169,8168.88992513,0.59838187
8170,8169.48830700,0.72059191
8171,8170.20889891,1.42490527
8172,8171.63380418,1.05163697
8173,8172.68544115,0.59923165
8174,8173.28467280,1.10840878
8175,8174.39308158,0.84407186
8176,8175.23715344,0.78819982
8177,8176.02535325,1.89636071
8178,8177.92171396,1.14043140
8179,8179.06214536,0.63514246
8180,8179.69728782,0.66465625
8181,8180.36194407,1.18722038
8182,8181.54916445,0.75579755
8183,8182.30496201,1.06269798
8184,8183.36765998,0.90475462
8185,8184.27241461,0.86095289
8186,8185.13336749,1.82185245
8187,8186.95521994,0.75080374
8188,8187.70602368,0.50411548
8189,8188.21013916,1.54646827
8190,8189.75660743,0.65461996
8191,8190.41122739,1.69630974
8192,8192.10753713,0.16741198
8193,8192.27494911,1.23448501
8194,8193.50943411,0.62039505
8195,8194.12982916,1.13044075
8196,8195.26026991,0.81925821
8197,8196.07952812,1.63857042
8198,8197.71809854,1.25887026
8199,8198.97696880,0.58674972
8200,8199.56371852,1.31309624
8201,8200.87681477,0.73709413
8202,8201.61390890,0.46701579
8203,8202.08092469,1.04230732
8204,8203.12323201,1.66997672
8205,8204.79320874,0.72817705
8206,8205.52138579,0.63592564
8207,8206.15731143,1.07643172
8208,8207.23374315,1.58079797
8209,8208.81454111,0.76620009
8210,8209.58074121,1.11526212
8211,8210.69600333,0.93271822
8212,8211.62872155,1.12670720
8213,8212.75542875,0.67415742
8214,8213.42958617,0.95614148
8215,8214.38572765,0.70284211
8216,8215.08856976,0.91010970
8217,8215.99867946,1.58641470
8218,8217.58509416,1.30038603
8219,8218.88548019,1.01612446
8220,8219.90160465,0.73640376
8221,8220.63800841,0.48679968
8222,8221.12480809,1.48650338
8223,8222.61131147,1.15890245
8224,8223.77021392,0.44794861
8225,8224.21816253,1.17903717
8226,8225.39719971,1.00764767
8227,8226.40484738,0.85460692
8228,8227.25945430,1.18751225
8229,8228.44696654,0.90131816
8230,8229.34828470,1.83083551
8231,8231.17912021,0.60339616
8232,8231.78251637,0.86490628
8233,8232.64742265,0.61923843
8234,8233.26666108,1.01598782
8235,8234.28264890,1.22824647
8236,8235.51089537,0.40108389
8237,8235.91197926,1.87186162
8238,8237.78384088,0.47329517
8239,8238.25713605,1.49049881
8240,8239.74763486,1.18946602
8241,8240.93710088,0.35760405
8242,8241.29470493,1.26262557
8243,8242.55733050,0.89355128
8244,8243.45088179,1.20920992
8245,8244.66009170,1.12925104
8246,8245.78934275,0.42789449
8247,8246.21723724,0.74574822
8248,8246.96298546,1.05428551
8249,8248.01727097,1.97823369
8250,8249.99550466,0.83581801
8251,8250.83132267,0.71451656
8252,8251.54583923,1.20952781
8253,8252.75536704,0.90887774
8254,8253.66424478,0.61121704
8255,8254.27546183,0.89262332
8256,8255.16808515,1.21365316
8257,8256.38173831,1.06382812
8258,8257.44556643,1.02037115
8259,8258.46593758,1.00322210
8260,8259.46915968,1.28397275
8261,8260.75313243,0.48910860
8262,8261.24224103,1.66983169
8263,8262.91207272,0.70499790
8264,8263.61707062,1.24902537
8265,8264.86609599,0.46946720
8266,8265.33556319,0.68479175
8267,8266.02035494,1.53628761
8268,8267.55664255,0.56942910
8269,8268.12607165,0.96271656
8270,8269.08878821,2.03594533
8271,8271.12473354,0.79706101
8272,8271.92179456,0.59966358
8273,8272.52145814,1.09899297
8274,8273.62045110,0.49906093
8275,8274.11951204,1.31682791
8276,8275.43633995,1.44078372
8277,8276.87712367,0.34675501
8278,8277.22387867,0.98147455
8279,8278.20535322,1.20363783
8280,8279.40899105,0.91108450
8281,8280.32007555,1.38539183
8282,8281.70546738,1.12265712
8283,8282.82812450,0.82312742
8284,8283.65125192,0.96778730
8285,8284.61903922,1.07590434
8286,8285.69494356,0.89864922
8287,8286.59359278,0.23843324
8288,8286.83202602,1.21063280
8289,8288.04265882,1.46781911
8290,8289.51047793,1.39299553
8291,8290.90347346,0.60412065
8292,8291.50759411,1.05960199
8293,8292.56719610,1.10665171
8294,8293.67384781,0.99009492
8295,8294.66394273,0.59064027
8296,8295.25458300,1.42836230
8297,8296.68294529,0.68428530
8298,8297.36723059,1.34486869
8299,8298.71209928,0.30107499
8300,8299.01317427,1.01879733
8301,8300.03197160,1.58098267
8302,8301.61295426,1.19953334
8303,8302.81248760,1.26330451
8304,8304.07579211,0.71051458
8305,8304.78630669,0.36640929
8306,8305.15271598,1.27756188
8307,8306.43027786,0.82324061
8308,8307.25351846,1.11239329
8309,8308.36591175,1.19395701
8310,8309.55986877,0.49981171
8311,8310.05968047,1.72261127
8312,8311.78229174,0.99720355
8313,8312.77949529,0.98803023
8314,8313.76752552,0.17009242
8315,8313.93761794,2.13388605
8316,8316.07150399,0.67477382
8317,8316.74627781,0.51315612
8318,8317.25943393,1.14140119
8319,8318.40083513,0.84266832
8320,8319.24350344,0.69486165
8321,8319.93836510,1.57142731
8322,8321.50979241,1.35382036
8323,8322.86361276,0.89216513
8324,8323.75577789,1.16983921
8325,8324.92561710,0.38573487
8326,8325.31135197,1.26425176
8327,8326.57560373,0.73672697
8328,8327.31233070,0.86343692
8329,8328.17576762,1.41286303
8330,8329.58863064,0.97075996
8331,8330.55939060,0.79181918
8332,8331.35120979,0.80123627
8333,8332.15244605,1.53847634
8334,8333.69092239,1.21331878
8335,8334.90424117,0.75854776
8336,8335.66278893,0.96509018
8337,8336.62787911,0.77382566
8338,8337.40170477,1.33010721
8339,8338.73181198,0.37167672
8340,8339.10348870,0.96603108
8341,8340.06951977,1.04407091
8342,8341.11359068,1.76238831
8343,8342.87597899,0.98813808
8344,8343.86411707,0.77327406
8345,8344.63739113,0.96380792
8346,8345.60119906,0.75824023
8347,8346.35943929,0.97969161
8348,8347.33913090,1.50637879
8349,8348.84550969,0.62497385
8350,8349.47048354,0.85255739
8351,8350.32304093,0.63420285
8352,8350.95724378,1.80571613
8353,8352.76295991,0.37614340
8354,8353.13910331,1.71198565
8355,8354.85108896,0.84791447
8356,8355.69900343,1.25749796
8357,8356.95650139,0.74422994
8358,8357.70073133,0.58143964
8359,8358.28217097,0.66134657
8360,8358.94351753,1.43686086
8361,8360.38037840,1.12279562
8362,8361.50317402,0.75573443
8363,8362.25890845,1.47810733
8364,8363.73701578,0.92816619
8365,8364.66518197,0.92747055
8366,8365.59265252,0.91473224
8367,8366.50738477,1.19693198
8368,8367.70431674,0.65388065
8369,8368.35819739,1.43506779
8370,8369.79326518,0.54462822
8371,8370.33789340,0.96410289
8372,8371.30199629,0.86810556
8373,8372.17010184,0.75856315
8374,8372.92866500,2.36789786
8375,8375.29656286,0.55521526
8376,8375.85177812,0.61158477
8377,8376.46336289,1.05642189
8378,8377.51978478,1.00796677
8379,8378.52775154,0.89083522
8380,8379.41858677,0.92209333
8381,8380.34068010,0.78676366
8382,8381.12744375,1.71451844
8383,8382.84196219,0.26047055
8384,8383.10243275,1.63471196
8385,8384.73714470,0.68521511
8386,8385.42235982,1.10585735
8387,8386.52821717,1.26080313
8388,8387.78902030,1.03016911
8389,8388.81918941,0.73819663
8390,8389.55738604,0.80284687
8391,8390.36023291,0.87780755
8392,8391.23804046,0.81087598
8393,8392.04891645,1.24950053
8394,8393.29841698,1.40792484
8395,8394.70634181,0.83580825
8396,8395.54215006,1.69567939
8397,8397.23782944,0.29850545
8398,8397.53633489,0.87650852
8399,8398.41284342,0.66950135
8400,8399.08234477,1.51202700
8401,8400.59437177,1.02524826
8402,8401.61962003,0.84810207
8403,8402.46772210,0.82062556
8404,8403.28834766,0.69516048
8405,8403.98350814,1.85866318
8406,8405.84217132,0.64338275
8407,8406.48555407,1.34799957
8408,8407.83355364,1.05689185
8409,8408.89044549,0.54071554
8410,8409.43116102,1.04755841
8411,8410.47871944,0.88760010
8412,8411.36631954,0.99072374
8413,8412.35704327,0.45915615
8414,8412.81619942,1.79385862
8415,8414.61005804,1.22704498
8416,8415.83710302,1.08255072
8417,8416.91965374,0.28448362
8418,8417.20413736,1.34833803
8419,8418.55247539,1.04124733
8420,8419.59372272,1.15974051
8421,8420.75346323,0.62680018
8422,8421.38026341,0.88396164
8423,8422.26422504,1.32841770
8424,8423.59264274,0.63018897
8425,8424.22283171,0.75868564
8426,8424.98151735,1.71533424
8427,8426.69685159,1.36020142
8428,8428.05705301,0.80160672
8429,8428.85865973,0.56386288
8430,8429.42252261,1.28546245
8431,8430.70798506,0.44473056
8432,8431.15271561,0.92392183
8433,8432.07663744,1.62594029
8434,8433.70257773,0.61303759
8435,8434.31561532,0.95338118
8436,8435.26899650,1.40793231
8437,8436.67692881,0.94587629
8438,8437.62280510,1.25793973
8439,8438.88074484,0.34335145
8440,8439.22409628,1.34271006
8441,8440.56680634,1.44890380
8442,8442.01571015,0.48831045
8443,8442.50402060,0.64970164
8444,8443.15372224,0.82250214
8445,8443.97622438,1.18115901
8446,8445.15738339,1.46827458
8447,8446.62565797,1.30379897
8448,8447.92945694,0.88881198
8449,8448.81826892,0.65834093
8450,8449.47660985,1.17746124
8451,8450.65407109,0.88844463
8452,8451.54251572,0.47359044
8453,8452.01610617,1.78199474
8454,8453.79810091,0.36148631
8455,8454.15958722,1.23261425
8456,8455.39220146,1.16861027
8457,8456.56081173,0.77089511
8458,8457.33170684,1.06240277
8459,8458.39410961,1.65003218
8460,8460.04414180,0.81415924
8461,8460.85830104,0.67261345
8462,8461.53091449,0.76699993
8463,8462.29791442,1.09451925
8464,8463.39243367,1.01337461
8465,8464.40580827,0.67706888
8466,8465.08287715,1.07119402
8467,8466.15407117,1.68242838
8468,8467.83649955,1.24693432
8469,8469.08343387,0.35698861
8470,8469.44042248,1.19071930
8471,8470.63114178,0.53530661
8472,8471.16644839,1.57865889
8473,8472.74510728,0.63668688
8474,8473.38179416,1.41020502
8475,8474.79199918,0.37663318
8476,8475.16863236,0.97293611
8477,8476.14156847,0.98945758
8478,8477.13102605,1.82173998
8479,8478.95276602,0.62025117
8480,8479.57301719,1.15130819
8481,8480.72432538,1.08960655
8482,8481.81393193,0.89367082
8483,8482.70760275,0.54347209
8484,8483.25107484,1.00256124
8485,8484.25363608,0.69800090
8486,8484.95163698,1.67328328
8487,8486.62492026,1.18343061
8488,8487.80835087,0.30212021
8489,8488.11047108,1.76124590
8490,8489.87171698,0.79249756
8491,8490.66421454,0.65782317
8492,8491.32203771,1.45419026
8493,8492.77622797,0.78252888
8494,8493.55875685,0.90085777
8495,8494.45961462,0.98165776
8496,8495.44127238,0.85071739
8497,8496.29198976,0.78788361
8498,8497.07987338,1.06930307
8499,8498.14917645,1.99760501
8500,8500.14678146,0.60140482
8501,8500.74818628,1.17495323
8502,8501.92313952,0.59061388
8503,8502.51375340,0.44076757
8504,8502.95452097,1.77845787
8505,8504.73297884,0.55701734
8506,8505.28999618,1.11284739
8507,8506.40284357,0.81389325
8508,8507.21673682,1.28380267
8509,8508.50053949,1.30421054
8510,8509.80475003,0.51292786
8511,8510.31767789,1.20540599
8512,8511.52308388,1.42090230
8513,8512.94398618,0.68643168
8514,8513.63041786,0.97183393
8515,8514.60225180,0.89273463
8516,8515.49498643,0.48843458
8517,8515.98342100,1.22261642
8518,8517.20603742,0.96621750
8519,8518.17225492,1.68360100
8520,8519.85585592,0.99565878
8521,8520.85151471,0.61807024
8522,8521.46958495,1.34159256
8523,8522.81117751,0.79654986
8524,8523.60772737,0.61133216
8525,8524.21905954,1.00320247
8526,8525.22226201,1.61445391
8527,8526.83671591,0.69261688
8528,8527.52933279,0.56714841
8529,8528.09648120,1.06977686
8530,8529.16625806,1.27222153
8531,8530.43847958,1.54258478
8532,8531.98106436,0.92479329
8533,8532.90585765,0.47912590
8534,8533.38498355,1.38956256
8535,8534.77454611,0.63823675
8536,8535.41278286,0.96144333
8537,8536.37422619,0.58859675
8538,8536.96282294,1.52015742
8539,8538.48298036,0.69611323
8540,8539.17909359,1.77548720
8541,8540.95458079,0.91787399
8542,8541.87245477,0.50321328
8543,8542.37566805,1.02823732
8544,8543.40390537,1.07562849
8545,8544.47953386,1.44989125
8546,8545.92942511,0.61575185
8547,8546.54517696,0.63639811
8548,8547.18157507,1.03417574
8549,8548.21575081,1.10653502
8550,8549.32228583,0.97176937
8551,8550.29405520,1.21195465
8552,8551.50600985,1.53937511
8553,8553.04538496,0.83869185
8554,8553.88407681,0.77406495
8555,8554.65814177,0.59738826
8556,8555.25553002,1.15155648
8557,8556.40708651,0.70629326
8558,8557.11337976,1.41791190
8559,8558.53129166,0.85988262
8560,8559.39117429,1.10778119
8561,8560.49895548,0.89500928
8562,8561.39396475,1.29697094
8563,8562.69093570,1.00533079
8564,8563.69626649,0.83510590
8565,8564.53137239,1.13456730
8566,8565.66593969,0.93284959
8567,8566.59878928,0.81892792
8568,8567.41771720,1.32086932
8569,8568.73858652,0.36190809
8570,8569.10049461,0.45103332
8571,8569.55152793,2.48351218
8572,8572.03504011,0.68302285
8573,8572.71806296,1.15747168
8574,8573.87553464,0.52749687
8575,8574.40303151,1.30687193
8576,8575.70990344,0.56699577
8577,8576.27689921,1.14233193
8578,8577.41923114,1.05491392
8579,8578.47414505,0.83115992
8580,8579.30530497,1.31867633
8581,8580.62398130,0.48927287
8582,8581.11325418,1.45651768
8583,8582.56977186,1.01617861
8584,8583.58595047,0.97023199
8585,8584.55618246,1.60982529
8586,8586.16600775,0.49497688
8587,8586.66098462,0.66060264
8588,8587.32158727,0.82477788
8589,8588.14636515,1.12153344
8590,8589.26789859,1.04391301
8591,8590.31181160,0.99530862
8592,8591.30712022,1.23688115
8593,8592.54400137,1.40801812
8594,8593.95201949,1.00589712
8595,8594.95791660,0.30982292
8596,8595.26773953,1.08385935
8597,8596.35159888,1.05392483
8598,8597.40552370,1.61747155
8599,8599.02299525,0.20823180
8600,8599.23122705,1.10088491
8601,8600.33211195,0.85980788
8602,8601.19191984,0.94957110
8603,8602.14149094,1.43488022
8604,8603.57637116,1.52840094
8605,8605.10477210,0.68481544
8606,8605.78958754,0.53900658
8607,8606.32859412,1.50011527
8608,8607.82870939,0.52636335
8609,8608.35507274,0.96140184
8610,8609.31647458,0.66496239
8611,8609.98143697,1.40867505
8612,8611.39011202,1.28365152
8613,8612.67376354,0.97126535
8614,8613.64502889,0.94080692
8615,8614.58583582,0.72357268
8616,8615.30940850,1.60953686
8617,8616.91894536,0.67638526
8618,8617.59533061,0.80763651
8619,8618.40296713,1.23419034
8620,8619.63715747,0.93633159
8621,8620.57348905,0.34298247
8622,8620.91647152,1.45425808
8623,8622.37072961,0.68712539
8624,8623.05785500,1.96285936
8625,8625.02071435,0.77569902
8626,8625.79641337,1.15434319
8627,8626.95075656,0.40660323
8628,8627.35735980,1.24115644
8629,8628.59851623,0.31538641
8630,8628.91390265,1.70457594
8631,8630.61847859,0.97299426
8632,8631.59147285,0.76105623
8633,8632.35252908,0.64886618
8634,8633.00139527,1.89159278
8635,8634.89298804,0.70554318
8636,8635.59853123,0.76240580
8637,8636.36093702,1.42699348
8638,8637.78793050,0.96230685
8639,8638.75023735,0.97929653
8640,8639.72953387,0.68193597
8641,8640.41146984,0.59447830
8642,8641.00594814,1.20411464
8643,8642.21006278,0.90920747
8644,8643.11927025,1.72816305
8645,8644.84743329,0.95003959
8646,8645.79747288,0.81903706
8647,8646.61650994,1.20237883
8648,8647.81888877,0.38637089
8649,8648.20525966,1.40396528
8650,8649.60922494,0.88739359
8651,8650.49661854,0.74512509
8652,8651.24174363,1.30851772
8653,8652.55026135,1.09441978
8654,8653.64468113,0.33660232
8655,8653.98128344,1.22680594
8656,8655.20808938,1.75853008
8657,8656.96661946,0.89915188
8658,8657.86577134,0.97125277
8659,8658.83702411,0.58629698
8660,8659.42332109,0.86543735
8661,8660.28875844,1.26347378
8662,8661.55223222,0.66806677
8663,8662.22029898,0.82568352
8664,8663.04598250,1.43390884
8665,8664.47989134,1.30054117
8666,8665.78043251,0.80033290
8667,8666.58076542,1.32675753
8668,8667.90752295,0.46644029
8669,8668.37396324,0.85644157
8670,8669.23040481,1.67936086
8671,8670.90976567,0.68484854
8672,8671.59461421,0.85076332
8673,8672.44537753,0.76656335
8674,8673.21194088,0.79198466
8675,8674.00392554,1.28888682
8676,8675.29281236,1.73120778
8677,8677.02402014,0.37472743
8678,8677.39874756,1.61004110
8679,8679.00878866,0.65757088
8680,8679.66635954,0.97017006
8681,8680.63652960,0.54328231
8682,8681.17981190,0.86621771
8683,8682.04602962,1.50311745
8684,8683.54914707,1.06370897
8685,8684.61285605,0.53727947
8686,8685.15013552,1.57115112
8687,8686.72128664,0.66505076
8688,8687.38633740,1.30399917
8689,8688.69033657,0.93742977
8690,8689.62776635,1.17095766
8691,8690.79872401,0.75201492
8692,8691.55073892,0.77611714
8693,8692.32685606,1.27052852
8694,8693.59738458,0.55698609
8695,8694.15437067,0.86445702
8696,8695.01882769,1.19214221
8697,8696.21096990,2.14226617
8698,8698.35323608,0.49208105
8699,8698.84531712,0.54914395
8700,8699.39446107,0.90487890
8701,8700.29933998,1.38941604
8702,8701.68875602,0.61981866
8703,8702.30857468,1.14453563
8704,8703.45311031,1.23022005
8705,8704.68333036,0.29871049
8706,8704.98204085,1.55590932
8707,8706.53795017,0.84731398
8708,8707.38526415,1.11569430
8709,8708.50095845,1.25455138
8710,8709.75550983,1.15533424
8711,8710.91084407,0.65794724
8712,8711.56879131,1.09457300
8713,8712.66336432,0.81667819
8714,8713.48004250,0.42259350
8715,8713.90263601,1.17258836
8716,8715.07522436,1.70433581
8717,8716.77956018,0.51214460
8718,8717.29170478,1.50610802
8719,8718.79781280,0.88652372
8720,8719.68433652,1.05192095
8721,8720.73625747,0.79677525
8722,8721.53303272,0.61175285
8723,8722.14478557,1.52915381
8724,8723.67393938,1.01076515
8725,8724.68470453,0.74784980
8726,8725.43255434,0.69110774
8727,8726.12366207,0.88080965
8728,8727.00447173,1.53847320
8729,8728.54294493,1.44187895
8730,8729.98482388,0.75207324
8731,8730.73689712,1.06551644
8732,8731.80241356,0.68107788
8733,8732.48349145,0.82723800
8734,8733.31072944,1.07509224
8735,8734.38582168,1.02510662
8736,8735.41092830,0.63344157
8737,8736.04436986,1.45303836
8738,8737.49740822,1.23630980
8739,8738.73371802,0.93381554
8740,8739.66753356,0.89941387
8741,8740.56694744,0.66176017
8742,8741.22870760,1.73305192
8743,8742.96175952,0.77939254
8744,8743.74115206,0.75188967
8745,8744.49304172,0.60675009
8746,8745.09979181,1.34653843
8747,8746.44633024,0.89384824
8748,8747.34017848,0.54485860
8749,8747.88503708,2.02778004
8750,8749.91281712,0.91587010
8751,8750.82868722,0.91350877
8752,8751.74219599,1.09627247
8753,8752.83846846,0.49382020
8754,8753.33228866,0.77617514
8755,8754.10846380,1.40246208
8756,8755.51092588,0.84707148
8757,8756.35799736,1.37249679
8758,8757.73049415,0.50276608
8759,8758.23326023,0.86855797
8760,8759.10181820,1.80494293
8761,8760.90676113,0.64344101
8762,8761.55020214,1.27602065
8763,8762.82622279,0.55255028
8764,8763.37877307,1.48037963
8765,8764.85915270,0.85205494
8766,8765.71120763,0.30472503
8767,8766.01593267,1.16096950
8768,8767.17690217,0.76410553
8769,8767.94100770,1.79488071
8770,8769.73588841,1.16345056
8771,8770.89933897,0.68751734
8772,8771.58685630,1.16514408
8773,8772.75200039,0.62770491
8774,8773.37970530,1.08871707
8775,8774.46842237,1.03265971
8776,8775.50108208,1.06750382
8777,8776.56858590,0.83538387
8778,8777.40396977,0.83635622
8779,8778.24032599,1.07341298
8780,8779.31373898,1.23884356
8781,8780.55258253,0.64194082
8782,8781.19452335,1.98290843
8783,8783.17743178,0.71479987
8784,8783.89223165,0.65966505
8785,8784.55189669,0.79084797
8786,8785.34274466,1.00834208
8787,8786.35108674,0.77457241
8788,8787.12565915,1.47229215
8789,8788.59795131,0.51742872
8790,8789.11538003,1.33020744
8791,8790.44558747,1.53147335
8792,8791.97706082,0.78750625
8793,8792.76456707,0.45849215
8794,8793.22305922,1.40536699
8795,8794.62842621,0.90513381
8796,8795.53356002,1.03710389
8797,8796.57066392,1.29756807
8798,8797.86823199,0.24389899
8799,8798.11213098,1.12817443
8800,8799.24030541,0.61156113
8801,8799.85186654,1.84722076
8802,8801.69908730,1.30941592
8803,8803.00850321,0.72494309
8804,8803.73344630,0.74755972
8805,8804.48100602,1.18601568
8806,8805.66702170,1.08202909
8807,8806.74905079,0.28035131
8808,8807.02940210,1.00831174
8809,8808.03771384,1.77158169
8810,8809.80929553,0.45848636
8811,8810.26778188,1.29757279
8812,8811.56535468,0.75540687
8813,8812.32076154,1.41780083
8814,8813.73856238,0.82854712
8815,8814.56710950,1.16850579
8816,8815.73561529,1.13333156
8817,8816.86894685,0.42840642
8818,8817.29735327,1.07122008
8819,8818.36857335,0.96231435
8820,8819.33088770,0.79602879
8821,8820.12691648,1.01526287
8822,8821.14217935,1.58795390
8823,8822.73013325,1.19735954
8824,8823.92749279,1.11104606
8825,8825.03853886,0.39069131
8826,8825.42923016,0.76030187
8827,8826.18953203,1.08609219
8828,8827.27562422,1.60015996
8829,8828.87578418,0.70613415
8830,8829.58191833,0.36419955
8831,8829.94611788,1.49202334
8832,8831.43814122,0.86815870
8833,8832.30629991,1.29606586
8834,8833.60236578,1.09668993
8835,8834.69905571,0.88567834
8836,8835.58473405,1.61562103
8837,8837.20035508,0.22084651
8838,8837.42120159,0.80202457
8839,8838.22322616,1.34860207
8840,8839.57182823,0.32081089
8841,8839.89263912,1.27501890
8842,8841.16765802,1.50392659
8843,8842.67158461,1.31270280
8844,8843.98428741,0.32434986
8845,8844.30863727,1.33422057
8846,8845.64285784,1.13364289
8847,8846.77650073,0.54783131
8848,8847.32433204,1.25653488
8849,8848.58086692,0.79003111
8850,8849.37089803,1.29526019
8851,8850.66615822,0.67541062
8852,8851.34156884,0.88768541
8853,8852.22925424,0.65543761
8854,8852.88469185,2.09051741
8855,8854.97520927,1.06191118
8856,8856.03712045,0.50083823
8857,8856.53795867,1.22995058
8858,8857.76790926,0.49421756
8859,8858.26212682,1.31893941
8860,8859.58106623,0.43652149
8861,8860.01758772,1.44489750
8862,8861.46248521,0.95182176
8863,8862.41430697,0.84063145
8864,8863.25493842,1.60395126
8865,8864.85888969,0.93627410
8866,8865.79516379,0.46072087
8867,8866.25588466,1.20595326
8868,8867.46183791,1.48107634
8869,8868.94291425,0.64059666
8870,8869.58351092,1.11072384
8871,8870.69423476,0.37426022
8872,8871.06849498,0.86088107
8873,8871.92937605,1.55784027
8874,8873.48721632,0.82503718
8875,8874.31225350,1.53331484
8876,8875.84556834,1.10978850
8877,8876.95535684,0.70184237
8878,8877.65719921,0.90804499
8879,8878.56524420,0.72778045
8880,8879.29302465,1.01949800
8881,8880.31252265,1.02847552
8882,8881.34099817,1.34444679
8883,8882.68544495,0.72091090
8884,8883.40635585,0.71057223
8885,8884.11692809,1.56985361
8886,8885.68678170,0.61356191
8887,8886.30034361,1.78005643
8888,8888.08040004,0.71006495
8889,8888.79046500,0.53993553
8890,8889.33040052,1.18037773
8891,8890.51077825,1.17537541
8892,8891.68615366,0.51332072
8893,8892.19947438,0.78190854
8894,8892.98138291,1.10127717
8895,8894.08266009,2.02807221
8896,8896.11073230,0.58848074
8897,8896.69921304,0.93988875
8898,8897.63910179,0.85343667
8899,8898.49253846,0.91353714
8900,8899.40607560,1.16698248
8901,8900.57305808,0.99600713
8902,8901.56906521,0.83923047
8903,8902.40829568,1.07997047
8904,8903.48826615,0.65764216
8905,8904.14590831,1.09121858
8906,8905.23712689,1.32636363
8907,8906.56349052,1.11176975
8908,8907.67526028,1.13480609
8909,8908.81006636,1.02996207
8910,8909.84002844,1.00087657
8911,8910.84090501,0.49268779
8912,8911.33359279,0.49427103
8913,8911.82786382,1.63366966
8914,8913.46153348,0.85617525
8915,8914.31770873,1.27184917
8916,8915.58955790,0.73105499
8917,8916.32061289,1.50850992
8918,8917.82912281,0.89719838
8919,8918.72632119,0.91065566
8920,8919.63697685,0.49263538
8921,8920.12961223,1.84239448
8922,8921.97200671,0.52304402
8923,8922.49505073,0.89966624
8924,8923.39471696,0.86979586
8925,8924.26451282,1.04843930
8926,8925.31295212,0.52107799
8927,8925.83403011,2.17637605
8928,8928.01040616,0.94279256
8929,8928.95319872,0.70489423
8930,8929.65809295,0.87187114
8931,8930.52996409,0.91154078
8932,8931.44150487,1.02289059
8933,8932.46439545,0.87480354
8934,8933.33919899,0.99619677
8935,8934.33539576,0.86290202
8936,8935.19829778,1.59426137
8937,8936.79255915,0.62486457
8938,8937.41742372,1.00201823
8939,8938.41944194,1.06666372
8940,8939.48610566,1.44651482
8941,8940.93262049,0.74875066
8942,8941.68137115,0.97799726
8943,8942.65936841,0.67010769
8944,8943.32947610,0.98461001
8945,8944.31408611,1.03145985
8946,8945.34554596,0.57589350
8947,8945.92143946,1.65257247
8948,8947.57401193,1.10024758
8949,8948.67425951,1.46516513
8950,8950.13942465,0.33868342
8951,8950.47810807,1.07294677
8952,8951.55105484,1.00751713
8953,8952.55857197,0.39970014
8954,8952.95827211,1.87329753
8955,8954.83156963,0.79196139
8956,8955.62353102,0.66441420
8957,8956.28794522,0.61191085
8958,8956.89985608,1.62366719
8959,8958.52352326,1.34184391
8960,8959.86536717,0.59950509
8961,8960.46487226,1.50464931
8962,8961.96952158,0.56371819
8963,8962.53323976,1.09060052
8964,8963.62384028,0.93028927
8965,8964.55412955,0.48908088
8966,8965.04321043,0.92635946
8967,8965.96956989,1.62639850
8968,8967.59596839,0.81364597
8969,8968.40961436,1.57198065
8970,8969.98159501,0.73708265
8971,8970.71867766,0.51050307
8972,8971.22918073,1.33320870
8973,8972.56238943,1.25132659
8974,8973.81371602,0.58483529
8975,8974.39855131,1.08927904
8976,8975.48783035,0.78800010
8977,8976.27583046,1.23734331
8978,8977.51317377,0.60684100
8979,8978.12001477,1.02475233
8980,8979.14476710,1.72843290
8981,8980.87319999,1.44570090
8982,8982.31890090,0.20646561
8983,8982.52536651,0.87089766
8984,8983.39626417,0.92729996
8985,8984.32356413,1.10908553
8986,8985.43264966,0.80406382
8987,8986.23671348,1.20756782
8988,8987.44428129,0.88534349
8989,8988.32962479,1.17861313
8990,8989.50823791,1.09262839
8991,8990.60086631,1.16695573
8992,8991.76782204,0.69659769
8993,8992.46441973,1.04874171
8994,8993.51316144,1.17328088
8995,8994.68644232,1.19325362
8996,8995.87969595,0.44105370
8997,8996.32074964,0.96725642
8998,8997.28800607,0.61447457
8999,8997.90248064,1.24867219
9000,8999.15115283,1.90665028
9001,9001.05780311,0.66354087
9002,9001.72134398,0.70692879
9003,9002.42827277,1.72263038
9004,9004.15090316,0.25402339
9005,9004.40492654,0.69386327
9006,9005.09878982,1.27509781
9007,9006.37388763,1.11227767
9008,9007.48616529,1.03342950
9009,9008.51959479,0.82127761
9010,9009.34087240,1.01283215
9011,9010.35370455,1.01853084
9012,9011.37223539,1.34289319
9013,9012.71512858,1.02446380
9014,9013.73959238,1.29226459
9015,9015.03185698,0.34080810
9016,9015.37266508,1.23987194
9017,9016.61253702,0.39149356
9018,9017.00403058,1.52162495
9019,9018.52565553,0.67131519
9020,9019.19697072,0.78720442
9021,9019.98417514,2.16742686
9022,9022.15160200,0.51219597
9023,9022.66379797,1.19013235
9024,9023.85393032,0.42476403
9025,9024.27869435,0.96668147
9026,9025.24537581,1.54894136
9027,9026.79431718,0.81657309
9028,9027.61089026,0.68440643
9029,9028.29529670,1.16582026
9030,9029.46111695,0.56772103
9031,9030.02883798,1.39633428
9032,9031.42517226,0.99985939
9033,9032.42503165,1.63159156
9034,9034.05662320,0.57801452
9035,9034.63463772,1.04725140
9036,9035.68188912,1.02957201
9037,9036.71146113,0.63234472
9038,9037.34380586,0.92118099
9039,9038.26498685,0.61473368
9040,9038.87972053,1.90379392
9041,9040.78351445,0.61484596
9042,9041.39836041,1.12744827
9043,9042.52580867,1.01880691
9044,9043.54461559,1.32538583
9045,9044.87000142,0.48902843
9046,9045.35902985,1.55409172
9047,9046.91312156,0.23887971
9048,9047.15200128,1.57379606
9049,9048.72579733,0.86752625
9050,9049.59332358,0.63240760
9051,9050.22573118,0.58967197
9052,9050.81540315,1.54284424
9053,9052.35824739,1.47935953
9054,9053.83760692,1.20348422
9055,9055.04109114,0.72752567
9056,9055.76861681,0.63258438
9057,9056.40120119,0.94577423
9058,9057.34697542,1.09332160
9059,9058.44029703,0.88916250
9060,9059.32945953,1.23363123
9061,9060.56309076,0.67574426
9062,9061.23883502,1.02077094
9063,9062.25960595,1.65702531
9064,9063.91663126,0.56529612
9065,9064.48192738,0.77585783
9066,9065.25778520,1.58121258
9067,9066.83899778,1.19947213
9068,9068.03846991,0.51833124
9069,9068.55680116,0.57465408
9070,9069.13145524,1.24313616
9071,9070.37459139,0.74307582
9072,9071.11766721,1.07088216
9073,9072.18854937,1.34614071
9074,9073.53469008,1.30886961
9075,9074.84355969,1.04401349
9076,9075.88757318,0.62861386
9077,9076.51618703,1.10575855
9078,9077.62194558,0.73803774
9079,9078.35998332,0.88704051
9080,9079.24702384,1.49285288
9081,9080.73987671,0.59878270
9082,9081.33865941,1.24271382
9083,9082.58137323,0.52695217
9084,9083.10832540,0.95484421
9085,9084.06316962,2.05718804
9086,9086.12035765,0.60936834
9087,9086.72972600,0.85396242
9088,9087.58368842,1.03010515
9089,9088.61379357,1.04744554
9090,9089.66123912,0.64003171
9091,9090.30127082,1.07487308
9092,9091.37614390,0.50957791
9093,9091.88572182,1.51116241
9094,9093.39688422,1.39668137
9095,9094.79356559,0.97637102
9096,9095.76993661,0.70920267
9097,9096.47913928,1.15412734
9098,9097.63326662,0.81027976
9099,9098.44354638,1.02135123
9100,9099.46489760,1.62095730
9101,9101.08585491,0.26772918
9102,9101.35358409,0.56294390
9103,9101.91652799,1.64788613
9104,9103.56441411,0.47536785
9105,9104.03978196,1.39765948
9106,9105.43744145,1.32618204
9107,9106.76362348,1.16608960
9108,9107.92971308,1.06672079
9109,9108.99643388,0.41303652
9110,9109.40947040,0.91072430
9111,9110.32019470,0.69293920
9112,9111.01313389,1.60061649
9113,9112.61375038,0.82571341
9114,9113.43946379,0.83876501
9115,9114.27822880,1.10071306
9116,9115.37894186,1.51248657
9117,9116.89142843,0.52487532
9118,9117.41630375,1.17684218
9119,9118.59314594,1.06611289
9120,9119.65925883,1.03000527
9121,9120.68926410,0.80073166
9122,9121.48999576,1.12958501
9123,9122.61958077,0.63104643
9124,9123.25062720,0.73146780
9125,9123.98209500,1.02662158
9126,9125.00871658,2.11439058
9127,9127.12310715,0.61076620
9128,9127.73387336,1.12839943
9129,9128.86227279,0.37253338
9130,9129.23480617,1.37818257
9131,9130.61298874,1.06579904
9132,9131.67878778,0.43588614
9133,9132.11467392,1.21225991
9134,9133.32693382,1.30768106
9135,9134.63461489,0.82536041
9136,9135.45997529,0.62538428
9137,9136.08535958,1.65357135
9138,9137.73893092,0.57310460
9139,9138.31203552,1.89107765
9140,9140.20311317,0.40137043
9141,9140.60448360,0.90282153
9142,9141.50730513,1.05400552
9143,9142.56131065,0.66113063
9144,9143.22244128,0.88100350
9145,9144.10344478,1.18578672
9146,9145.28923150,1.18063353
9147,9146.46986503,1.02914221
9148,9147.49900724,1.48668659
9149,9148.98569383,0.86493545
9150,9149.85062928,0.65257457
9151,9150.50320385,0.51020162
9152,9151.01340547,1.70213538
9153,9152.71554085,0.91721884
9154,9153.63275970,0.96375077
9155,9154.59651047,0.71734954
9156,9155.31386000,0.54763714
9157,9155.86149715,1.58932811
9158,9157.45082526,1.13253374
9159,9158.58335900,1.29014734
9160,9159.87350634,0.87734360
9161,9160.75084994,1.01156761
9162,9161.76241755,0.70572693
9163,9162.46814448,1.06087562
9164,9163.52902009,0.51279738
9165,9164.04181747,1.31048823
9166,9165.35230570,0.81235307
9167,9166.16465877,1.60490177
9168,9167.76956054,0.87397011
9169,9168.64353065,0.79267502
9170,9169.43620566,1.08189824
9171,9170.51810390,1.16034622
9172,9171.67845013,1.06964709
9173,9172.74809722,0.81248458
9174,9173.56058180,0.79320665
9175,9174.35378845,1.12394720
9176,9175.47773565,0.86165495
9177,9176.33939060,0.94079671
9178,9177.28018731,0.54570217
9179,9177.82588947,2.45325904
9180,9180.27914851,0.47475062
9181,9180.75389913,0.83336504
9182,9181.58726417,1.11742441
9183,9182.70468858,0.68212494
9184,9183.38681352,0.75516618
9185,9184.14197970,1.34018027
9186,9185.48215997,1.20048963
9187,9186.68264959,0.48497940
9188,9187.16762900,1.11765390
9189,9188.28528289,1.28527464
9190,9189.57055754,1.03067505
9191,9190.60123259,1.23794227
9192,9191.83917486,0.42775354
9193,9192.26692840,1.67267095
9194,9193.93959935,0.88954920
9195,9194.82914856,0.54097902
9196,9195.37012758,0.75779259
9197,9196.12792017,0.83800876
9198,9196.96592893,1.36808217
9199,9198.33401110,1.27168356
9200,9199.60569467,1.13161988
9201,9200.73731454,1.07902808
9202,9201.81634263,0.77438901
9203,9202.59073164,1.11605833
9204,9203.70678997,0.48415968
9205,9204.19094965,1.30547162
9206,9205.49642127,0.96795680
9207,9206.46437807,1.22149201
9208,9207.68587008,0.41831628
9209,9208.10418636,1.41228368
9210,9209.51647004,0.51546748
9211,9210.03193752,1.60833132
9212,9211.64026884,1.40783235
9213,9213.04810119,0.82469265
9214,9213.87279384,0.79835582
9215,9214.67114966,0.36055614
9216,9215.03170580,1.62964922
9217,9216.66135502,0.79128899
9218,9217.45264401,0.39722843
9219,9217.84987244,1.54387504
9220,9219.39374748,1.11444111
9221,9220.50818859,1.61630848
9222,9222.12449707,0.40173878
9223,9222.52623585,0.76359581
9224,9223.28983166,1.23481873
9225,9224.52465039,1.17298991
9226,9225.69764030,0.99366830
9227,9226.69130861,0.66517106
9228,9227.35647966,1.17595906
9229,9228.53243872,0.57167694
9230,9229.10411565,0.86246186
9231,9229.96657752,1.73208939
9232,9231.69866691,1.03860733
9233,9232.73727424,0.96555486
9234,9233.70282910,1.33297849
9235,9235.03580759,0.40993751
9236,9235.44574510,1.02565199
9237,9236.47139709,0.73365325
9238,9237.20505034,0.82177858
9239,9238.02682893,1.85110906
9240,9239.87793799,0.52520304
9241,9240.40314103,0.73861697
9242,9241.14175800,1.43907008
9243,9242.58082808,1.22582735
9244,9243.80665543,0.69908204
9245,9244.50573747,1.10913357
9246,9245.61487104,1.12147049
9247,9246.73634153,0.79152321
9248,9247.52786474,1.07455598
9249,9248.60242072,0.45966953
9250,9249.06209025,1.41914695
9251,9250.48123721,0.24559901
9252,9250.72683622,2.01403398
9253,9252.74087020,1.47379929
9254,9254.21466949,0.40352472
9255,9254.61819421,0.84341405
9256,9255.46160826,1.00240461
9257,9256.46401288,0.81906926
9258,9257.28308214,1.47402581
9259,9258.75710794,0.65468541
9260,9259.41179335,0.72772919
9261,9260.13952255,1.26838670
9262,9261.40790925,1.17023178
9263,9262.57814103,0.74547815
9264,9263.32361918,1.10425301
9265,9264.42787219,1.78315759
9266,9266.21102977,0.27568784
9267,9266.48671761,1.30037826
9268,9267.78709587,0.73493297
9269,9268.52202884,0.55153646
9270,9269.07356530,1.13387892
9271,9270.20744422,1.12026802
9272,9271.32771224,0.89754638
9273,9272.22525862,1.84521516
9274,9274.07047379,0.27988903
9275,9274.35036282,1.41727932
9276,9275.76764214,0.96587732
9277,9276.73351946,0.68545026
9278,9277.41896973,0.79685994
9279,9278.21582967,1.46672808
9280,9279.68255775,1.10103358
9281,9280.78359133,0.48965684
9282,9281.27324817,0.85843806
9283,9282.13168623,0.82090490
9284,9282.95259114,1.77627402
9285,9284.72886516,1.28482482
9286,9286.01368998,0.70644446
9287,9286.72013444,0.73655688
9288,9287.45669133,1.39612371
9289,9288.85281503,0.56528438
9290,9289.41809941,0.62552451
9291,9290.04362392,1.30020563
9292,9291.34382955,0.92452562
9293,9292.26835517,1.26942190
9294,9293.53777707,1.01355575
9295,9294.55133283,1.24415949
9296,9295.79549231,0.75285524
9297,9296.54834756,0.66098963
9298,9297.20933718,1.86406356
9299,9299.07340074,0.52061399
9300,9299.59401473,0.86811145
9301,9300.46212619,0.79526568
9302,9301.25739187,1.04220720
9303,9302.29959907,0.96520102
9304,9303.26480008,0.89222404
9305,9304.15702413,1.39015099
9306,9305.54717512,1.57897531
9307,9307.12615042,0.77683906
9308,9307.90298949,0.67565651
9309,9308.57864600,0.58690678
9310,9309.16555277,1.22214320
9311,9310.38769598,1.04294992
9312,9311.43064590,0.99695540
9313,9312.42760130,1.13495441
9314,9313.56255570,0.70134821
9315,9314.26390391,0.96728301
9316,9315.23118692,1.60194821
9317,9316.83313513,0.66241930
9318,9317.49555443,1.22760493
9319,9318.72315936,1.06566301
9320,9319.78882237,0.66196624
9321,9320.45078861,1.21149741
9322,9321.66228602,0.83827008
9323,9322.50055610,0.53769058
9324,9323.03824668,0.72542320
9325,9323.76366987,2.04300749
9326,9325.80667736,1.07027337
9327,9326.87695073,0.62178384
9328,9327.49873457,1.31346309
9329,9328.81219766,0.55500381
9330,9329.36720147,1.43993708
9331,9330.80713855,0.31260735
9332,9331.11974590,1.45901254
9333,9332.57875844,0.93554982
9334,9333.51430827,0.80527477
9335,9334.31958304,1.04173861
9336,9335.36132165,0.76877773
9337,9336.13009938,1.43490016
9338,9337.56499954,1.27829303
9339,9338.84329257,1.03747926
9340,9339.88077183,0.98775105
9341,9340.86852288,0.58675130
9342,9341.45527418,0.63880992
9343,9342.09408410,1.23877321
9344,9343.33285731,0.96942823
9345,9344.30228554,1.31257265
9346,9345.61485819,0.34791979
9347,9345.96277797,2.11163010
9348,9348.07440808,0.56933091
9349,9348.64373899,0.88918934
9350,9349.53292832,0.88571969
9351,9350.41864802,0.98183994
9352,9351.40048796,1.60389536
9353,9353.00438332,0.53315626
9354,9353.53753958,0.72503989
9355,9354.26257947,0.81056228
9356,9355.07314175,1.32114086
9357,9356.39428261,0.61919586
9358,9357.01347847,2.21757910
9359,9359.23105757,0.34714068
9360,9359.57819825,1.15618400
9361,9360.73438225,0.80337736
9362,9361.53775962,1.10888702
9363,9362.64664664,0.77843245
9364,9363.42507909,0.51684028
9365,9363.94191937,1.52937934
9366,9365.47129871,1.04685322
9367,9366.51815193,0.95902395
9368,9367.47717588,1.08676808
9369,9368.56394396,0.66153915
9370,9369.22548310,1.66817163
9371,9370.89365474,0.88776030
9372,9371.78141504,0.69958911
9373,9372.48100415,1.16811138
9374,9373.64911554,0.76581648
9375,9374.41493201,1.07456684
9376,9375.48949886,0.64505267
9377,9376.13455153,0.82674744
9378,9376.96129897,1.49278798
9379,9378.45408695,1.66913829
9380,9380.12322524,0.51301765
9381,9380.63624289,1.23386183
9382,9381.87010472,0.50608196
9383,9382.37618668,0.79843612
9384,9383.17462280,1.35758885
9385,9384.53221165,1.09095332
9386,9385.62316497,0.88311491
9387,9386.50627988,0.71482441
9388,9387.22110429,0.84768883
9389,9388.06879311,1.73434791
9390,9389.80314102,0.68029663
9391,9390.48343765,0.99168061
9392,9391.47511826,1.50869941
9393,9392.98381767,1.00950739
9394,9393.99332506,0.27701605
9395,9394.27034112,1.10254180
9396,9395.37288292,0.76428686
9397,9396.13716978,0.98230921
9398,9397.11947899,1.30376924
9399,9398.42324823,1.21150235
9400,9399.63475058,0.97964029
9401,9400.61439087,1.20146112
9402,9401.81585199,0.81164221
9403,9402.62749421,0.68959022
9404,9403.31708443,1.32364977
9405,9404.64073420,1.05400580
9406,9405.69474000,0.42327889
9407,9406.11801889,1.74275678
9408,9407.86077567,0.48308361
9409,9408.34385928,0.47552285
9410,9408.81938213,1.39234112
9411,9410.21172325,1.85481300
9412,9412.06653625,0.92033399
9413,9412.98687024,0.65801516
9414,9413.64488539,0.68808732
9415,9414.33297272,1.30563148
9416,9415.63860420,0.62001266
9417,9416.25861686,1.20355424
9418,9417.46217110,0.55355724
9419,9418.01572834,1.51158636
9420,9419.52731470,1.02590216
9421,9420.55321686,1.02897872
9422,9421.58219558,1.17245781
9423,9422.75465339,0.60730203
9424,9423.36195542,1.18641299
9425,9424.54836841,1.30816479
9426,9425.85653320,0.76043959
9427,9426.61697280,0.98324611
9428,9427.60021891,0.45133004
9429,9428.05154895,0.99739388
9430,9429.04894283,1.29281494
9431,9430.34175777,1.11600535
9432,9431.45776312,1.46130186
9433,9432.91906498,0.76623829
9434,9433.68530327,1.18699845
9435,9434.87230172,0.82024362
9436,9435.69254535,0.48123181
9437,9436.17377715,0.84104349
9438,9437.01482064,1.91534991
9439,9438.93017055,0.40221770
9440,9439.33238825,0.93148839
9441,9440.26387664,1.01845589
9442,9441.28233253,1.26435241
9443,9442.54668494,0.98509999
9444,9443.53178493,1.30945046
9445,9444.84123539,0.96578513
9446,9445.80702053,0.62589387
9447,9446.43291439,1.32887239
9448,9447.76178678,0.52956492
9449,9448.29135170,0.93070144
9450,9449.22205314,1.08195241
9451,9450.30400555,0.57927200
9452,9450.88327754,2.00836420
9453,9452.89164174,1.31799132
9454,9454.20963306,0.23824335
9455,9454.44787642,0.75452439
9456,9455.20240080,1.54811296
9457,9456.75051376,0.66082149
9458,9457.41133526,1.17707008
9459,9458.58840534,0.86135234
9460,9459.44975768,0.83368252
9461,9460.28344020,1.14172648
9462,9461.42516668,0.84810528
9463,9462.27327195,0.94997901
9464,9463.22325097,1.62365321
9465,9464.84690417,0.97567806
9466,9465.82258224,1.09905441
9467,9466.92163665,0.59721214
9468,9467.51884879,0.89705138
9469,9468.41590017,0.90815705
9470,9469.32405722,0.67920919
9471,9470.00326641,1.44025575
9472,9471.44352216,1.27446119
9473,9472.71798335,0.42790969
9474,9473.14589304,1.58379983
9475,9474.72969287,1.33154563
9476,9476.06123851,0.22684448
9477,9476.28808299,1.11919634
9478,9477.40727933,1.10588241
9479,9478.51316174,1.42978330
9480,9479.94294504,0.47865749
9481,9480.42160253,0.81683366
9482,9481.23843619,0.97778135
9483,9482.21621754,0.61656733
9484,9482.83278487,2.30792402
9485,9485.14070889,0.28014893
9486,9485.42085782,1.64809582
9487,9487.06895364,0.52755850
9488,9487.59651213,0.80361065
9489,9488.40012278,0.96097734
9490,9489.36110013,1.22594847
9491,9490.58704860,0.48610925
9492,9491.07315784,1.36753433
9493,9492.44069217,1.00371117
9494,9493.44440334,1.09005829
9495,9494.53446163,1.06554885
9496,9495.60001048,0.73737272
9497,9496.33738320,1.29402411
9498,9497.63140731,1.50671581
9499,9499.13812312,0.47522359
9500,9499.61334672,0.63176718
9501,9500.24511390,1.03828311
9502,9501.28339701,1.28659165
9503,9502.56998866,0.50329703
9504,9503.07328569,0.93531601
9505,9504.00860170,1.81344928
9506,9505.82205098,1.09220659
9507,9506.91425757,0.88389299
9508,9507.79815055,0.75817978
9509,9508.55633034,0.79471524
9510,9509.35104557,0.99481896
9511,9510.34586454,1.09782081
9512,9511.44368534,1.32100353
9513,9512.76468887,0.58361285
9514,9513.34830172,0.85370048
9515,9514.20200220,0.92994099
9516,9515.13194319,1.49229061
9517,9516.62423380,1.21584110
9518,9517.84007489,0.84933854
9519,9518.68941344,0.85182610
9520,9519.54123954,1.32542664
9521,9520.86666618,0.73859832
9522,9521.60526451,0.74217294
9523,9522.34743745,0.37731975
9524,9522.72475720,1.66175240
9525,9524.38650960,1.09075848
9526,9525.47726807,1.26801744
9527,9526.74528552,0.94943286
9528,9527.69471838,0.77942139
9529,9528.47413977,1.36660858
9530,9529.84074835,0.41247010
9531,9530.25321845,1.41902601
9532,9531.67224446,0.80306925
9533,9532.47531371,1.19789462
9534,9533.67320833,0.43539575
9535,9534.10860408,1.17160812
9536,9535.28021220,1.05841955
9537,9536.33863176,0.81065438
9538,9537.14928613,2.15395263
9539,9539.30323876,0.60399674
9540,9539.90723550,0.50452421
9541,9540.41175970,1.29713665
9542,9541.70889636,0.32270921
9543,9542.03160557,1.38042844
9544,9543.41203401,1.03848067
9545,9544.45051468,0.92801014
9546,9545.37852482,0.74849458
9547,9546.12701940,1.73652442
9548,9547.86354382,0.68219550
9549,9548.54573933,1.09226794
9550,9549.63800727,0.66991706
9551,9550.30792433,1.56589484
9552,9551.87381917,0.78951086
9553,9552.66333003,0.81977519
9554,9553.48310522,1.12300396
9555,9554.60610918,0.50280210
9556,9555.10891128,0.81044408
9557,9555.91935535,1.38215003
9558,9557.30150538,1.69897359
9559,9559.00047897,0.72470160
9560,9559.72518057,0.82177882
9561,9560.54695939,1.30504570
9562,9561.85200509,0.65093470
9563,9562.50293979,0.77245486
9564,9563.27539465,0.95793217
9565,9564.23332682,1.19765873
9566,9565.43098554,1.29342244
9567,9566.72440799,0.85967518
9568,9567.58408316,0.19593441
9569,9567.78001757,1.91149653
9570,9569.69151410,0.98548215
9571,9570.67699625,1.09013203
9572,9571.76712828,0.96638628
9573,9572.73351457,1.11299603
9574,9573.84651060,0.23152820
9575,9574.07803879,1.49226075
9576,9575.57029954,0.60488485
9577,9576.17518440,0.83274222
9578,9577.00792661,1.39874977
9579,9578.40667639,1.34435668
9580,9579.75103307,1.25782064
9581,9581.00885371,0.62226101
9582,9581.63111472,0.95119927
9583,9582.58231399,0.38672214
9584,9582.96903613,2.04399520
9585,9585.01303132,0.43966480
9586,9585.45269613,1.02439460
9587,9586.47709073,0.58496620
9588,9587.06205692,1.35621218
9589,9588.41826910,0.80484186
9590,9589.22311096,1.34394791
9591,9590.56705887,1.10908957
9592,9591.67614844,1.32805134
9593,9593.00419978,0.73935951
9594,9593.74355929,0.86493899
9595,9594.60849828,0.55680642
9596,9595.16530470,1.22318302
9597,9596.38848772,0.65647728
9598,9597.04496499,1.43817689
9599,9598.48314188,1.05574465
9600,9599.53888653,0.97065275
9601,9600.50953928,1.21682461
9602,9601.72636389,0.67767705
9603,9602.40404094,1.57141920
9604,9603.97546013,0.38700411
9605,9604.36246424,1.02765816
9606,9605.39012240,1.48173051
9607,9606.87185291,0.42116784
9608,9607.29302075,1.32116991
9609,9608.61419065,0.19335404
9610,9608.80754469,1.17298017
9611,9609.98052486,2.11583308
9612,9612.09635794,0.81956103
9613,9612.91591898,0.70021833
9614,9613.61613730,0.87590503
9615,9614.49204233,1.05723411
9616,9615.54927644,1.06623654
9617,9616.61551298,0.31904054
9618,9616.93455352,1.75476372
9619,9618.68931724,0.66166016
9620,9619.35097739,0.79968970
9621,9620.15066709,1.61294855
9622,9621.76361564,0.80884121
9623,9622.57245685,0.73835181
9624,9623.31080866,1.47859059
9625,9624.78939925,0.96863963
9626,9625.75803888,1.06649459
9627,9626.82453347,0.83881553
9628,9627.66334901,0.17857412
9629,9627.84192313,1.34495422
9630,9629.18687735,1.19255687
9631,9630.37943422,0.89602754
9632,9631.27546176,1.36722976
9633,9632.64269152,1.36932550
9634,9634.01201701,0.90700551
9635,9634.91902252,0.32563508
9636,9635.24465760,1.26695119
9637,9636.51160879,0.69502004
9638,9637.20662883,1.44564191
9639,9638.65227074,0.97676292
9640,9639.62903366,0.61274608
9641,9640.24177975,1.09978946
9642,9641.34156920,0.75484061
9643,9642.09640981,1.51380947
9644,9643.61021927,1.27069004
9645,9644.88090932,1.04908466
9646,9645.92999397,0.54601496
9647,9646.47600893,1.02232587
9648,9647.49833481,1.11819279
9649,9648.61652760,0.72270182
9650,9649.33922942,0.78234051
9651,9650.12156993,0.81264468
9652,9650.93421460,1.95477847
9653,9652.88899308,0.80334806
9654,9653.69234114,0.83652664
9655,9654.52886778,1.11691664
9656,9655.64578442,0.78733531
9657,9656.43311973,1.14296343
9658,9657.57608316,1.29749061
9659,9658.87357377,0.36981192
9660,9659.24338569,1.17751675
9661,9660.42090244,1.14437136
9662,9661.56527380,0.39144892
9663,9661.95672272,1.22338531
9664,9663.18010803,1.59522085
9665,9664.77532888,0.95257961
9666,9665.72790849,1.25414433
9667,9666.98205282,0.82254828
9668,9667.80460109,0.60819579
9669,9668.41279688,0.64972812
9670,9669.06252500,1.17310380
9671,9670.23562880,1.57117143
9672,9671.80680023,0.32448925
9673,9672.13128948,1.33932778
9674,9673.47061726,0.79719961
9675,9674.26781687,1.83691071
9676,9676.10472758,0.40894393
9677,9676.51367151,0.69885451
9678,9677.21252601,1.65044173
9679,9678.86296774,0.84734874
9680,9679.71031648,0.83771842
9681,9680.54803490,0.79090105
9682,9681.33893595,0.81630200
9683,9682.15523795,0.86385683
9684,9683.01909478,1.26922245
9685,9684.28831723,1.80171143
9686,9686.09002866,0.73576154
9687,9686.82579020,0.69095474
9688,9687.51674494,1.00724205
9689,9688.52398698,1.09758311
9690,9689.62157009,0.65544833
9691,9690.27701842,1.26555008
9692,9691.54256850,0.62860888
9693,9692.17117738,1.50465178
9694,9693.67582916,0.57910938
9695,9694.25493854,1.32501871
9696,9695.57995725,0.50916390
9697,9696.08912115,1.76810721
9698,9697.85722836,1.22429200
9699,9699.08152036,0.53013600
9700,9699.61165636,0.69058505
9701,9700.30224141,1.40417888
9702,9701.70642029,0.48794955
9703,9702.19436984,0.88304423
9704,9703.07741407,1.26898153
9705,9704.34639559,0.92618855
9706,9705.27258414,1.62885835
9707,9706.90144249,0.94995864
9708,9707.85140114,0.68810450
9709,9708.53950563,1.06251212
9710,9709.60201775,0.67426981
9711,9710.27628756,1.14197729
9712,9711.41826485,1.49666635
9713,9712.91493121,0.64076819
9714,9713.55569939,0.55892998
9715,9714.11462937,0.79995772
9716,9714.91458709,1.60709313
9717,9716.52168023,1.09093872
9718,9717.61261894,1.22660127
9719,9718.83922022,0.81390818
9720,9719.65312839,1.24503510
9721,9720.89816349,0.63193410
9722,9721.53009759,0.84761992
9723,9722.37771751,0.70555101
9724,9723.08326852,1.05156740
9725,9724.13483592,1.72676068
9726,9725.86159661,0.23210556
9727,9726.09370217,1.65531610
9728,9727.74901827,0.89392823
9729,9728.64294650,0.75723244
9730,9729.40017894,1.27828741
9731,9730.67846635,0.95310932
9732,9731.63157567,1.28970229
9733,9732.92127796,0.18235040
9734,9733.10362836,1.33740614
9735,9734.44103450,1.01863761
9736,9735.45967211,0.77888513
9737,9736.23855724,0.55632341
9738,9736.79488065,2.27534530
9739,9739.07022596,0.82550140
9740,9739.89572736,0.97967870
9741,9740.87540607,0.58030252
9742,9741.45570858,0.72374499
9743,9742.17945357,1.34868056
9744,9743.52813414,1.00018743
9745,9744.52832156,0.66087062
9746,9745.18919218,1.36469783
9747,9746.55389001,0.68473446
9748,9747.23862447,1.31731205
9749,9748.55593652,0.92885337
9750,9749.48478989,1.35290667
9751,9750.83769656,0.52114558
9752,9751.35884214,1.54351827
9753,9752.90236041,0.88417583
9754,9753.78653624,0.66715662
9755,9754.45369286,0.65956703
9756,9755.11325989,1.22114102
9757,9756.33440091,0.48647861
9758,9756.82087952,2.08775451
9759,9758.90863403,0.63639124
9760,9759.54502527,1.05342613
9761,9760.59845139,1.34459672
9762,9761.94304811,0.67157418
9763,9762.61462230,0.71493792
9764,9763.32956021,0.87457235
9765,9764.20413256,1.49465944
9766,9765.69879200,0.79312458
9767,9766.49191658,1.01420598
9768,9767.50612256,0.58002785
9769,9768.08615041,1.11756896
9770,9769.20371937,1.36721206
9771,9770.57093143,1.36047449
9772,9771.93140592,0.89870606
9773,9772.83011198,0.84414090
9774,9773.67425288,0.83930593
9775,9774.51355881,0.76171446
9776,9775.27527327,1.14364414
9777,9776.41891741,0.81401671
9778,9777.23293412,0.95434653
9779,9778.18728065,1.13608415
9780,9779.32336480,1.84926431
9781,9781.17262911,0.39421647
9782,9781.56684558,0.91660575
9783,9782.48345133,0.75461336
9784,9783.23806469,1.61772505
9785,9784.85578974,0.75974576
9786,9785.61553550,0.90789468
9787,9786.52343018,0.88021582
9788,9787.40364600,0.73438799
9789,9788.13803400,1.16261569
9790,9789.30064969,0.90188595
9791,9790.20253564,1.37162995
9792,9791.57416559,1.58789223
9793,9793.16205781,0.56361052
9794,9793.72566834,0.69261680
9795,9794.41828514,1.51500540
9796,9795.93329054,0.23050354
9797,9796.16379409,0.75132681
9798,9796.91512089,1.63123896
9799,9798.54635985,1.08290138
9800,9799.62926124,0.71494798
9801,9800.34420922,0.90152852
9802,9801.24573774,1.53837946
9803,9802.78411720,0.79848846
9804,9803.58260567,1.13445030
9805,9804.71705596,0.85424320
9806,9805.57129916,0.91352173
9807,9806.48482089,1.32645696
9808,9807.81127785,0.78593997
9809,9808.59721782,0.24863269
9810,9808.84585051,1.12823333
9811,9809.97408384,1.41477352
9812,9811.38885736,1.58072528
9813,9812.96958264,0.91942326
9814,9813.88900590,0.67869099
9815,9814.56769689,1.02840624
9816,9815.59610313,0.74809059
9817,9816.34419372,1.04295914
9818,9817.38715286,1.24100780
9819,9818.62816066,0.79351707
9820,9819.42167773,0.74408158
9821,9820.16575931,1.37378619
9822,9821.53954549,0.74668804
9823,9822.28623354,1.42124615
9824,9823.70747969,0.55713873
9825,9824.26461842,1.88871987
9826,9826.15333829,0.72894499
9827,9826.88228328,0.53461103
9828,9827.41689431,0.93045331
9829,9828.34734762,0.74124548
9830,9829.08859310,1.51621977
9831,9830.60481287,0.35844012
9832,9830.96325298,1.45556104
9833,9832.41881402,1.44415855
9834,9833.86297256,0.74773730
9835,9834.61070986,1.31551780
9836,9835.92622765,0.44992966
9837,9836.37615732,0.91269706
9838,9837.28885438,1.30303776
9839,9838.59189214,1.09962887
9840,9839.69152101,0.68033543
9841,9840.37185644,1.12897688
9842,9841.50083333,0.71150662
9843,9842.21233995,0.58656211
9844,9842.79890206,2.22777274
9845,9845.02667480,0.93682151
9846,9845.96349631,0.45070995
9847,9846.41420626,1.37622054
9848,9847.79042680,0.74436356
9849,9848.53479036,0.98570348
9850,9849.52049385,0.69281429
9851,9850.21330813,0.81650842
9852,9851.02981655,1.41527493
9853,9852.44509147,1.22947324
9854,9853.67456471,0.79812313
9855,9854.47268785,1.12646985
9856,9855.59915770,0.95262269
9857,9856.55178039,1.03493798
9858,9857.58671837,1.03004176
9859,9858.61676013,1.22390539
9860,9859.84066552,0.59317026
9861,9860.43383578,0.90936965
9862,9861.34320543,0.79367267
9863,9862.13687810,1.27745437
9864,9863.41433247,0.61327514
9865,9864.02760761,1.64499357
9866,9865.67260118,1.31253950
9867,9866.98514068,1.03124788
9868,9868.01638856,0.58475635
9869,9868.60114491,0.51545220
9870,9869.11659711,1.22937952
9871,9870.34597663,1.02779215
9872,9871.37376878,1.37228224
9873,9872.74605102,0.72707246
9874,9873.47312348,0.39198390
9875,9873.86510738,1.84071568
9876,9875.70582306,0.91457348
9877,9876.62039654,0.73711457
9878,9877.35751112,1.66016784
9879,9879.01767895,0.44995946
9880,9879.46763841,1.36071562
9881,9880.82835403,0.56014025
9882,9881.38849428,1.12567452
9883,9882.51416880,0.53357291
9884,9883.04774171,0.85624240
9885,9883.90398411,1.67584012
9886,9885.57982424,1.25219732
9887,9886.83202155,1.17195201
9888,9888.00397356,0.26355947
9889,9888.26753303,1.30057136
9890,9889.56810439,1.12092368
9891,9890.68902807,0.81938448
9892,9891.50841255,0.60715239
9893,9892.11556494,1.61086123
9894,9893.72642617,0.79154652
9895,9894.51797270,0.61337725
9896,9895.13134994,1.08176636
9897,9896.21311630,1.12554160
9898,9897.33865791,1.89425612
9899,9899.23291402,0.30810021
9900,9899.54101423,1.52486965
9901,9901.06588387,0.11421917
9902,9901.18010305,1.30277728
9903,9902.48288032,0.77105147
9904,9903.25393179,0.91474522
9905,9904.16867701,1.27682437
9906,9905.44550139,0.86724716
9907,9906.31274855,1.24267439
9908,9907.55542294,1.46562887
9909,9909.02105182,0.56530678
9910,9909.58635860,0.81418300
9911,9910.40054160,0.84208407
9912,9911.24262566,1.79684559
9913,9913.03947125,0.65141442
9914,9913.69088567,0.50509618
9915,9914.19598185,1.05459228
9916,9915.25057413,0.82019953
9917,9916.07077366,1.21964450
9918,9917.29041816,1.36238921
9919,9918.65280737,1.26799106
9920,9919.92079843,0.73603375
9921,9920.65683217,1.20693264
9922,9921.86376481,0.82284496
9923,9922.68660977,0.28414675
9924,9922.97075652,1.42783057
9925,9924.39858709,0.94043634
9926,9925.33902343,0.99822405
9927,9926.33724748,1.32877746
9928,9927.66602494,0.76883660
9929,9928.43486153,0.85230672
9930,9929.28716826,1.46222025
9931,9930.74938851,0.92245019
9932,9931.67183869,1.11066525
9933,9932.78250394,0.87459329
9934,9933.65709723,0.58936670
9935,9934.24646393,1.37562446
9936,9935.62208839,0.73138607
9937,9936.35347446,0.69348636
9938,9937.04696082,0.86471183
9939,9937.91167265,2.23886172
9940,9940.15053437,0.70368528
9941,9940.85421965,0.71163290
9942,9941.56585255,0.95701468
9943,9942.52286723,1.12401896
9944,9943.64688618,0.43832050
9945,9944.08520668,1.70040334
9946,9945.78561001,0.55861058
9947,9946.34422060,1.05606010
9948,9947.40028070,0.88815262
9949,9948.28843332,0.90426919
9950,9949.19270251,1.68805933
9951,9950.88076184,0.43697294
9952,9951.31773477,1.48772910
9953,9952.80546387,1.02373874
9954,9953.82920261,0.94164534
9955,9954.77084795,0.70585935
9956,9955.47670730,0.80928286
9957,9956.28599016,0.51058589
9958,9956.79657605,1.75167469
9959,9958.54825074,0.89524529
9960,9959.44349604,0.98672554
9961,9960.43022158,1.45829087
9962,9961.88851244,0.84250039
9963,9962.73101283,0.76081567
9964,9963.49182850,0.95601878
9965,9964.44784729,1.01090332
9966,9965.45875061,1.16636414
9967,9966.62511474,0.91478617
9968,9967.53990092,0.96862740
9969,9968.50852831,0.53378151
9970,9969.04230982,1.08700844
9971,9970.12931827,1.27088820
9972,9971.40020646,1.64912851
9973,9973.04933497,1.15416533
9974,9974.20350030,0.17059247
9975,9974.37409277,0.85852450
9976,9975.23261727,1.46900952
9977,9976.70162678,0.66498642
9978,9977.36661321,0.75974886
9979,9978.12636207,1.14657814
9980,9979.27294021,1.17501063
9981,9980.44795084,1.18930041
9982,9981.63725124,1.29000543
9983,9982.92725667,0.25514934
9984,9983.18240601,1.27833956
9985,9984.46074557,1.56024231
9986,9986.02098789,0.46061132
9987,9986.48159920,1.08802538
9988,9987.56962458,0.97240088
9989,9988.54202547,0.51559516
9990,9989.05762063,1.28631044
9991,9990.34393107,0.60834101
9992,9990.95227208,1.95415606
9993,9992.90642814,0.65364552
9994,9993.56007366,1.45661642
9995,9995.01669008,0.61113470
9996,9995.62782478,1.04840841
9997,9996.67623319,0.44741847
9998,9997.12365167,1.02854179
9999,9998.15219346,1.52707554
10000,9999.67926900,NaN
