
# Maass forms downloaded from the LMFDB on 19 September 2026.
# Search link: https://www.lmfdb.org/ModularForm/GL2/Q/Maass/?level=1
# Query "{'level': 1}" returned 2202 forms, sorted by level.

# Each entry in the following data list has the form:
#    [Label, Level, Weight, Char, Spectral parameter, Symmetry, Fricke]
# For more details, see the definitions at the bottom of the file.



"1.0.1.1.1"	1	0	[1, 1]	9.53369526135355755434423523592877032382125639510725198237579046413534899129834778176925550997525395	1	1
"1.0.1.2.1"	1	0	[1, 1]	12.17300832467967784952795117639554812398247167309994790041359894085944536082660887402607610119867	1	1
"1.0.1.3.1"	1	0	[1, 1]	13.77975135189073894424367328151771259715513256879348706925238822161445033353997009415783160955	0	1
"1.0.1.4.1"	1	0	[1, 1]	14.35850951825981277986694256903716549561438589919676624781520226663201120679288581901319549359335	1	1
"1.0.1.5.1"	1	0	[1, 1]	16.1380731715210305801982942859860039456314428854137869582738271217594703054275527935555664273572	1	1
"1.0.1.6.1"	1	0	[1, 1]	16.644259201899819943526274559368655701431681459972319289076514550018290176189704244091022468279985	1	1
"1.0.1.7.1"	1	0	[1, 1]	17.73856338105737789321732636154654617200548005325129188079624689810214157759980377279197640245265	0	1
"1.0.1.8.1"	1	0	[1, 1]	18.1809178345307038603183082681933139382499245654178178710679250877452686291067049008924782056026	1	1
"1.0.1.9.1"	1	0	[1, 1]	19.4234814708282551916337803572085244415855256007633319757794759378626261134705961296947480791	0	1
"1.0.1.10.1"	1	0	[1, 1]	19.4847138547410133641285264278728762187740623853452066130858075155722603965932065799164215265094	1	1
"1.0.1.11.1"	1	0	[1, 1]	20.10669468255231285599308915504965593235271349708835306072604123125819202708287659063877952948065	1	1
"1.0.1.12.1"	1	0	[1, 1]	21.31579594020371874334274464649200321571516487785374656071087981012868536105627308643662893751	0	1
"1.0.1.13.1"	1	0	[1, 1]	21.4790575447485449272320553288372909200178064592201877669178791927936503036530384545969974368014	1	1
"1.0.1.14.1"	1	0	[1, 1]	22.19467397757233043028413754721891655593576428603902184985748314857897007448956385239412719786215	1	1
"1.0.1.15.1"	1	0	[1, 1]	22.7859084941898735604523478440122867993955100102524061328810954156341226796964881633031772261	0	1
"1.0.1.16.1"	1	0	[1, 1]	23.20139618122708748598366557180707501404923214023059907207977441538955915016346221590778883732895	1	1
"1.0.1.17.1"	1	0	[1, 1]	23.26371153793963824973150070141982882086085888474381648251578865983758602227831106254562557015325	1	1
"1.0.1.18.1"	1	0	[1, 1]	24.11235272984086403242059778348300516713874751637474772796551212272015003265095478613009545594905	0	1
"1.0.1.19.1"	1	0	[1, 1]	24.419715442325423401333083241866537686184829816524676594157445248848609420424462021802655405606025	1	1
"1.0.1.20.1"	1	0	[1, 1]	25.050854850761635193319499686560694501912310536623161006572592822327273661558494356053356962409625	1	1
"1.0.1.21.1"	1	0	[1, 1]	25.82624371270915837390410321428202495276855458510781762311486555832792806156210732932612987870155	0	1
"1.0.1.22.1"	1	0	[1, 1]	26.0569177606664270778982902574469210236787031634009807556131219547333529540246722694344007971724	1	1
"1.0.1.23.1"	1	0	[1, 1]	26.15208544922134885712170180314487839713505484455460094835295411173680636581926058629523056856805	0	1
"1.0.1.24.1"	1	0	[1, 1]	26.4469964180468775372069035454132846856649221431392918714551864275956064412836606651882118251694	1	1
"1.0.1.25.1"	1	0	[1, 1]	27.2843840116822502996226646762867708853310711294559738942437214021592036782074699900121929294114	1	1
"1.0.1.26.1"	1	0	[1, 1]	27.33270808314940990237197881626911119311777228367568009370189223292114268501305982148217973494615	0	1
"1.0.1.27.1"	1	0	[1, 1]	27.7759207017968350802296882187490254565205270110499383538993962118536690703494389346013027872092	1	1
"1.0.1.28.1"	1	0	[1, 1]	28.51027770314648067694050386197636789673741274625713569700349355052015531163081975306626056621365	1	1
"1.0.1.29.1"	1	0	[1, 1]	28.5307476929183202723834286677787014857536634338131121172358624061528076381292393358149911708551	0	1
"1.0.1.30.1"	1	0	[1, 1]	28.86339435392229695328398048081733507301229441782195973913210063598376219323365018455615790298	0	1
"1.0.1.31.1"	1	0	[1, 1]	29.137587557839534582987139112743548287457196494539094993766861835367179336188258237193312709467855	1	1
"1.0.1.32.1"	1	0	[1, 1]	29.54638812414601273995804212853150598244763717170368065133093219120177884202776529190895404915	1	1
"1.0.1.33.1"	1	0	[1, 1]	30.2790484991474997197343442308174373377577524936339802390923218970572590578845244348792702593	1	1
"1.0.1.34.1"	1	0	[1, 1]	30.4043270540436687595595406430836934411246110473734783657079053999149678883736495900906483325	1	1
"1.0.1.35.1"	1	0	[1, 1]	30.4106788046542569072116931597201410583806612111562038209344461694951521869522356745209300332	0	1
"1.0.1.36.1"	1	0	[1, 1]	31.05653396210669992739287304364969449849537145057634593824073094891099562864894837276857801780	1	1
"1.0.1.37.1"	1	0	[1, 1]	31.5265821967902692653579854893690337032219812507409473656980448850575278100799702383452243185315	0	1
"1.0.1.38.1"	1	0	[1, 1]	31.5662754117538871121805475221481943415252518478923293035005937073017236015485377233789558370219	0	1
"1.0.1.39.1"	1	0	[1, 1]	31.9161824709196205161445011983833796645585522139060856715308541017953716143586683768180249833	1	1
"1.0.1.40.1"	1	0	[1, 1]	32.01840643362468448062670002923437940810688384763508935030245821213817241138304761194116886038	1	1
"1.0.1.41.1"	1	0	[1, 1]	32.508117759909000390164023154338977063575144058646756010521140420095851632517871046297649240117945	0	1
"1.0.1.42.1"	1	0	[1, 1]	32.891170213510319715396759384913561316361685182219062656509551935946623633745527641519355589145035	0	1
"1.0.1.43.1"	1	0	[1, 1]	32.9324655680762042646486141393152955880778402721033544113027026911667546642625154020515143747	1	1
"1.0.1.44.1"	1	0	[1, 1]	33.492331282391530955798608698330478562922090481394490421405027012133705575446262221474852659955	1	1
"1.0.1.45.1"	1	0	[1, 1]	33.57098962762165661470681143187220734554438418642935856411587502668707823449308036360416213967	1	1
"1.0.1.46.1"	1	0	[1, 1]	34.027884200100268842164756429587376820473647068841354791748504282877490412087723657506541452741545	0	1
"1.0.1.47.1"	1	0	[1, 1]	34.18596993308634633793490589946673740433784532430616814342309738209054226860943925112975283658	1	1
"1.0.1.48.1"	1	0	[1, 1]	34.456271533031028365532816216514286774060460135894605078871756810011780720953223740789096828553455	0	1
"1.0.1.49.1"	1	0	[1, 1]	34.6953104097645939141425800058900224268469199271627027305304343144811029383272316874389283054424	1	1
"1.0.1.50.1"	1	0	[1, 1]	35.43166464634788896893072795983486099832398434973867713926571255968284432471193200391620264680597	1	1
"1.0.1.51.1"	1	0	[1, 1]	35.50234977136940113375432085253970245852442127247999977723978979125604630628813816124773162437	0	1
"1.0.1.52.1"	1	0	[1, 1]	35.6663963709960105564343446249144802091883295741911779486813483801573271799217926376425564147294	1	1
"1.0.1.53.1"	1	0	[1, 1]	35.841676432582839193500123932291435196859161617360146738561732027012150671453344978818554814488775	0	1
"1.0.1.54.1"	1	0	[1, 1]	35.858673491697391806387740807793111185856893773682462160907222076992058482167000115982847418586465	1	1
"1.0.1.55.1"	1	0	[1, 1]	36.33112904749175046757215187428980472100318704429019360467116104269974688610912269941387133940062	1	1
"1.0.1.56.1"	1	0	[1, 1]	36.67755299314520058250089903826577967778991153820072755476799089850773069137026603838130771373129	0	1
"1.0.1.57.1"	1	0	[1, 1]	36.8563494959215496338656403350794286195612386901846864018616084377800736612315079236129244111	0	1
"1.0.1.58.1"	1	0	[1, 1]	36.988815390543503232660753030333618674074403819074144178590871779910515698713886974601403140562305	1	1
"1.0.1.59.1"	1	0	[1, 1]	37.295583199254317606166449130954252817199413730772397338848424770179384362546722226243106487223085	1	1
"1.0.1.60.1"	1	0	[1, 1]	37.7439247420382512610747614162379836000303029600785604695242446908566173980445709059050407525539	1	1
"1.0.1.61.1"	1	0	[1, 1]	37.825072290593027143748922420681180686302913906132361411559149551891013209228180731373813964095	0	1
"1.0.1.62.1"	1	0	[1, 1]	38.12090078958448018880646453420929401692728948536063717973565030377726268792001288410546264634923	1	1
"1.0.1.63.1"	1	0	[1, 1]	38.30327615249501169247345229899541143247642409388798663397581839467414339704213401034316965484655	0	1
"1.0.1.64.1"	1	0	[1, 1]	38.4420038744256381388455575749131811991611732097753389775246584201437247203523746293450288077353	1	1
"1.0.1.65.1"	1	0	[1, 1]	38.869607097839971503269981457396472338069871387650451764222631343297023568012939966714380681759925	1	1
"1.0.1.66.1"	1	0	[1, 1]	39.168084967927949285516761843299069880956723876655823932127003786451710300332001048863553503193395	0	1
"1.0.1.67.1"	1	0	[1, 1]	39.4075318615208268300052065500034822432562829672396450651302135787277838726556261209450499439115	0	1
"1.0.1.68.1"	1	0	[1, 1]	39.432477108822804640748261857247337700975749701307560317726671098824182532175863829847624499731185	1	1
"1.0.1.69.1"	1	0	[1, 1]	39.77362261904011420995927912360794547195437894032595990207970799794817323487727561101854653237285	0	1
"1.0.1.70.1"	1	0	[1, 1]	39.826867918407563723235871314640601834456682998511344156998268776386080318857499233628935948704195	1	1
"1.0.1.71.1"	1	0	[1, 1]	40.27211125778792797558186289641307313845657930032533425606179377039984010758922328986346448748625	1	1
"1.0.1.72.1"	1	0	[1, 1]	40.5433512104504159121937557605323226027687202735753036629276522935462465702894867000084102500769	0	1
"1.0.1.73.1"	1	0	[1, 1]	40.6886664449291762211422028242749621650206640527520127423585782352572653847047280867366842584828	0	1
"1.0.1.74.1"	1	0	[1, 1]	40.858127556258912580063875955677453202089422695625574841279752701603520077469096567906026957191585	1	1
"1.0.1.75.1"	1	0	[1, 1]	40.880467302993544695719356424309366280681290293786216262285497854870714857070929843113709749398975	1	1
"1.0.1.76.1"	1	0	[1, 1]	40.9904368190904828842959169932310419773263971772053219540418811470317865792921364931244799345910	1	1
"1.0.1.77.1"	1	0	[1, 1]	41.555577673575225090832876066119328908522374864744978144139259261989801201067808609235623153412545	0	1
"1.0.1.78.1"	1	0	[1, 1]	41.7544736627110244907831489105813384914843881178667804607477615075714953906976314977689205697228	1	1
"1.0.1.79.1"	1	0	[1, 1]	41.883003285422720109158266385146638857879746502037138357061227404145676798764386028324885761242765	0	1
"1.0.1.80.1"	1	0	[1, 1]	42.152732881302192096028564297880408126248549136607800007799111458667657443149177649845323605812245	1	1
"1.0.1.81.1"	1	0	[1, 1]	42.4855622543123471774514357928755818408118775664373788725622033290251156980996531420572761241408	1	1
"1.0.1.82.1"	1	0	[1, 1]	42.64348841466398936147718506337326993265062088871128091076613027524392782767186461014587606235808	0	1
"1.0.1.83.1"	1	0	[1, 1]	42.646362878663809515826571855485273615909008136452790807465922702570950308283059336387807586114595	1	1
"1.0.1.84.1"	1	0	[1, 1]	42.922227783555683048444095600935383988857180530517824570880607037508485400716969555285998366051215	0	1
"1.0.1.85.1"	1	0	[1, 1]	42.97865489379491031670424614549793619697153033256784955719237013016571979285635506670657380753269	1	1
"1.0.1.86.1"	1	0	[1, 1]	43.267182038788668174758981969880093783378162684370083843515760226605896539896574315780921163455	0	1
"1.0.1.87.1"	1	0	[1, 1]	43.385686923592821807739348586988213942091253647775798009120672539432430181961492087680413620021465	1	1
"1.0.1.88.1"	1	0	[1, 1]	43.85938217734156125758093785631149303342351689132933416034161804408182998004233478042332289125884	1	1
"1.0.1.89.1"	1	0	[1, 1]	44.07740476166663960068786081850172299058246021959549900636256888323682229993177280930397784495	0	1
"1.0.1.90.1"	1	0	[1, 1]	44.28210989600617948988212283333971855885952961909593047705697195540046680924996308025842968185142	1	1
"1.0.1.91.1"	1	0	[1, 1]	44.29496725330356144689195034300559802933770285620144863244020840591285823666148699472760789616525	1	1
"1.0.1.92.1"	1	0	[1, 1]	44.4263481186150183530355438937348429537071046046630710947290830353621883460604243700178665770375	0	1
"1.0.1.93.1"	1	0	[1, 1]	44.7770459544687682580075854974265736721500314117559278045268561841630671712708155510776670507661	1	1
"1.0.1.94.1"	1	0	[1, 1]	45.112201167794717361979601181912287790047731031354168795053313232462391426634506821704273124119725	1	1
"1.0.1.95.1"	1	0	[1, 1]	45.2874384424904190463389075860213917669744347456564207341191977727014191735516657046128184582272	0	1
"1.0.1.96.1"	1	0	[1, 1]	45.361613602148349472078852876323247414941711441840993708098653035062574015354377389130606608600575	0	1
"1.0.1.97.1"	1	0	[1, 1]	45.3984695313114287939717300956936408689820417239793414507137810500595931876366232734324898360044	0	1
"1.0.1.98.1"	1	0	[1, 1]	45.6863799824651852984726783887406888865266047687924309119987499081609162032537920441389607866053	1	1
"1.0.1.99.1"	1	0	[1, 1]	45.7828210605692628464752986030993629590012149738451779205525947161375191189573548986703255209433	1	1
"1.0.1.100.1"	1	0	[1, 1]	45.954419646098533535750019021635336777573627973610629420711925557270241690356205434329564233707395	1	1
"1.0.1.101.1"	1	0	[1, 1]	46.101456321585624166119496721961596893202655512625881310101169751502974511374163385765559763325115	0	1
"1.0.1.102.1"	1	0	[1, 1]	46.4814024123168715398672064489067626694028526108232964520337295822951406505019083549182270134173753051675	0	1
"1.0.1.103.1"	1	0	[1, 1]	46.5663462413294404516263598138468022147488136645876420804252276597865112943653263821394079267095971316435	1	1
"1.0.1.104.1"	1	0	[1, 1]	46.6533183599934120562758018603999447904194090388826362805253137055600954040578357841965688834879	0	1
"1.0.1.105.1"	1	0	[1, 1]	46.8392193618099313152835396781414835750502070467358214403056541885729893645884102448970934049100335	1	1
"1.0.1.106.1"	1	0	[1, 1]	47.1783661402856342932719748819373687386663632095381470604364921824211303713897891510268420732365	1	1
"1.0.1.107.1"	1	0	[1, 1]	47.4228958984954304964463700990823106976608820375211285060767758666077277282122443178501407894285	0	1
"1.0.1.108.1"	1	0	[1, 1]	47.546230118323116611918641436154963526026909080691913033261901588392493946374720176049976847788605	1	1
"1.0.1.109.1"	1	0	[1, 1]	47.8233731597555986163624008513142604030345105159672365918593674867714430591673615539110147314267	1	1
"1.0.1.110.1"	1	0	[1, 1]	47.926558330596524481985611252818414573147553281364994103012377275717576562475086006924179265929915	0	1
"1.0.1.111.1"	1	0	[1, 1]	48.039330905092031295540946249694302879146172534080586682095768824297483643191753150973445360524384965	0	1
"1.0.1.112.1"	1	0	[1, 1]	48.14980959512433534067432595676062633761495001644732061228045240531125948955741556258409741254253975018	1	1
"1.0.1.113.1"	1	0	[1, 1]	48.35541196866320018497729799980867763054310815525629261704622322400067181547184972479964199627174880663	1	1
"1.0.1.114.1"	1	0	[1, 1]	48.741666347643537886729484663448431292886591858576601292616321053395562795696301371111588760584670002755	0	1
"1.0.1.115.1"	1	0	[1, 1]	48.840151886382499517594480328354013764126702208383679848801443069954967825458541223674119230163090471675	1	1
"1.0.1.116.1"	1	0	[1, 1]	48.89668260607522931624250217878352515284215042975959511605372990806562004379041547668002289349757777845	1	1
"1.0.1.117.1"	1	0	[1, 1]	48.99830765407723573227092525049074223313932572100187682047021171895197032561286893292351745017387424	0	1
"1.0.1.118.1"	1	0	[1, 1]	49.105724554655014326672528201511451785672359982525132362910978043281919737122364126081960289248164877575	1	1
"1.0.1.119.1"	1	0	[1, 1]	49.439177765226928276141338623406009332539753957870512573447839499067334788912163977625647785393469753165	1	1
"1.0.1.120.1"	1	0	[1, 1]	49.683520075255490182771707144270324367514062190748160659054861703874542680193252731809020623445663135	0	1
"1.0.1.121.1"	1	0	[1, 1]	49.961696290498945406597504174370985672646249686210769405372622890750854144583125449416002935400711440075	0	1
"1.0.1.122.1"	1	0	[1, 1]	49.991220493000452812843619933028850743821670998530851060883386118870413309062511873838690091949896037725	1	1
"1.0.1.123.1"	1	0	[1, 1]	50.089705472999376602599969749286631024790191975569697461643582524683801953023903721219075857223345797575	0	1
"1.0.1.124.1"	1	0	[1, 1]	50.17297340527312684329790913722175356239356337279531964649051374502966809770109116391656681361849400875	1	1
"1.0.1.125.1"	1	0	[1, 1]	50.2574913833628181440222599322909663590731656581698174079621151517260406545920433710923986376426886	0	1
"1.0.1.126.1"	1	0	[1, 1]	50.39301992588131022245512754185036055319882654069307226287396470579046838474862861733650720284909646345	1	1
"1.0.1.127.1"	1	0	[1, 1]	50.8015986334296494518110423585752040276219679658305847236666156112526426088653554810706619129911831	1	1
"1.0.1.128.1"	1	0	[1, 1]	50.95751120884778399351308598617252678286215037947534855463894381773572398376369377985370960574862918385	1	1
"1.0.1.129.1"	1	0	[1, 1]	50.97145393295137806445200640957498813375846814555763936947263388959165000500628025268327859118156179965	0	1
"1.0.1.130.1"	1	0	[1, 1]	51.2934553834399381905571764121596423388105698132134338190692315376896775780710992948456072693542568767	0	1
"1.0.1.131.1"	1	0	[1, 1]	51.4026304854672402498813270483556920090823232135215648877174871643459092538564368407111746833166896037	1	1
"1.0.1.132.1"	1	0	[1, 1]	51.6610943313195430464785697786398293961215279443137765322192947056097154296001306958973283571246130160	1	1
"1.0.1.133.1"	1	0	[1, 1]	51.95599451480704736855527246474388076372455737277428632622525468072780651692000540716005069693891909835	0	1
"1.0.1.134.1"	1	0	[1, 1]	51.97022883778822243916390248105390474699403541111367064739019088967575695984186717575972224146116030835	0	1
"1.0.1.135.1"	1	0	[1, 1]	51.98844983669768779764946444103010314178534635242344539518450654914845908312081922864514123174772235	1	1
"1.0.1.136.1"	1	0	[1, 1]	52.0221867830407914883499050181652824865988622969143021148232601758468801860747191279021430794623006132	1	1
"1.0.1.137.1"	1	0	[1, 1]	52.37358029017675495846790662689452396405582796700006385327608811749612889321716264956039509229027260315	0	1
"1.0.1.138.1"	1	0	[1, 1]	52.55609409480913837986407277444039800590114661025928676312569498693673176782255152629721068662483048095	1	1
"1.0.1.139.1"	1	0	[1, 1]	52.55853327262093274193686796732690162355885100378099755308579516539877067637141917597136896960131751145	1	1
"1.0.1.140.1"	1	0	[1, 1]	52.6286205215191921286616810862610758608866944413120454025373377383948326809657955313867182719536730800	0	1
"1.0.1.141.1"	1	0	[1, 1]	53.115826766125098398772748452287488971294606987663029587237844541007818126342770553663631944910091008	1	1
"1.0.1.142.1"	1	0	[1, 1]	53.300573488754123048483473719600276588530136263880493726832786020381186447393303371604326399283153517	0	1
"1.0.1.143.1"	1	0	[1, 1]	53.368497568826540093759206832068827205479712422134186254766387492184573477556289826749518504090194	0	1
"1.0.1.144.1"	1	0	[1, 1]	53.463752226278383498989767857322473764065104970662066049451363330061580055914280033166592956068272	1	1
"1.0.1.145.1"	1	0	[1, 1]	53.4761433408819553817105418446363640909824087575801714622066088421708332317057269732825217277735139205	1	1
"1.0.1.146.1"	1	0	[1, 1]	53.7075861419525906284594470820141516828548944411349767500495858474951147367593877665095792852928134925	0	1
"1.0.1.147.1"	1	0	[1, 1]	53.907590001588990840216763816306095338333740020211370643668819364223512940290661684100598173823107720	1	1
"1.0.1.148.1"	1	0	[1, 1]	54.093874456141611684808020264298561503063275683962430954072936820469304802570600894844220119621920806	1	1
"1.0.1.149.1"	1	0	[1, 1]	54.453043837326475954336828637195638438599406688270760745213025733769468900644175912372891632703838983	0	1
"1.0.1.150.1"	1	0	[1, 1]	54.4677780165710794594427294154086953452390089833498035042508583479218964231074783958924341842138858345	0	1
"1.0.1.151.1"	1	0	[1, 1]	54.472708436321006980818069898929339912939053840775519702986278621604829502870575000916103155176315985	0	1
"1.0.1.152.1"	1	0	[1, 1]	54.707384687590629476498811498442567080906538617723991008115565451245945389095043996757002978893225811	1	1
"1.0.1.153.1"	1	0	[1, 1]	54.8106052694014840036498016724734334408706719967781016671511474853345343246764842340007956271122182925	1	1
"1.0.1.154.1"	1	0	[1, 1]	54.8474926259327143621471455184391004421463659818911674232864065316408831854926040104409091683301267945	1	1
"1.0.1.155.1"	1	0	[1, 1]	54.9722042089011405787926020742488912088107664129997973623760071110806341541468248007160824460048565	1	1
"1.0.1.156.1"	1	0	[1, 1]	55.232299255995592137331185175518376919415550707086062822578162773389917429008359145791721566956393001	0	1
"1.0.1.157.1"	1	0	[1, 1]	55.374092779348906501686879040618084840824642413815191711994335820581743534178420430885703966174555324	0	1
"1.0.1.158.1"	1	0	[1, 1]	55.527995810592694351732954365768550222825172822577890144281114212869270241934902135828117681881385	1	1
"1.0.1.159.1"	1	0	[1, 1]	55.61692633821506274042943030738129809098584274701684062561250965627339663191793415422019139491653275	0	1
"1.0.1.160.1"	1	0	[1, 1]	55.70451883034039834567125727153824802440986408059621398007474287282955258506895168356289431341685	1	1
"1.0.1.161.1"	1	0	[1, 1]	56.065719074161992517180861340165582723991549628547820473251861606101069434659916281638940899295815	1	1
"1.0.1.162.1"	1	0	[1, 1]	56.19379610050660170747735086053836643482925112156896350447326938815850778417687829942274743255122	1	1
"1.0.1.163.1"	1	0	[1, 1]	56.25886637846448663355014742702215879853506922798419984226297811306157734143335999717897049452857	1	1
"1.0.1.164.1"	1	0	[1, 1]	56.337483847368818969854921780125921278363446840682151542265174303173059828688119914922919447406888535	0	1
"1.0.1.165.1"	1	0	[1, 1]	56.62842171235377730950487444794422756283150229030885268440338844526129085570164840167955039813684	1	1
"1.0.1.166.1"	1	0	[1, 1]	56.658820311639103861739069193401980643250622578733556410934456100281578124163554293472677243545815815	0	1
"1.0.1.167.1"	1	0	[1, 1]	56.893696892923352039732876905599916214819180562450742885637318391633626441339786394543664810533747625	0	1
"1.0.1.168.1"	1	0	[1, 1]	57.06145295384342363003316404842984205178230847399476650781306780622734328384893160592185329800612	1	1
"1.0.1.169.1"	1	0	[1, 1]	57.065413263578531539966972535847583625786802515303757633329603161363620261351016024753387165466164215	0	1
"1.0.1.170.1"	1	0	[1, 1]	57.145483599359595383152989768281520697966310396421528548914647700618402898931221447872942324331925	1	1
"1.0.1.171.1"	1	0	[1, 1]	57.540104304198099168637921204792294744011551512693091985138328630373781514751944687740318242283889755	0	1
"1.0.1.172.1"	1	0	[1, 1]	57.65874468802533737086584640539970440650987275225233670139996072593071223698340789641189181995618	1	1
"1.0.1.173.1"	1	0	[1, 1]	57.79524385294657811740279683882920237965239397101648661519336585109461144984474558756794440636319	0	1
"1.0.1.174.1"	1	0	[1, 1]	57.80993455711851239682147005481194287467256587498330380437989938834233030121791278274841934875827	1	1
"1.0.1.175.1"	1	0	[1, 1]	57.82750455067161674541487389242631016775906065953277990189670591904567320245827161441973509817092	1	1
"1.0.1.176.1"	1	0	[1, 1]	57.99643152172448370930609723718376971795273450336938152855606166784558439193660447791188921418931	0	1
"1.0.1.177.1"	1	0	[1, 1]	58.17013830714594371712578689540626788491991810482949931783009322759168034198420638873909060652929	1	1
"1.0.1.178.1"	1	0	[1, 1]	58.650939816245790185334829514591705096577658647879333275140102285622896271972866469440592326136649445	0	1
"1.0.1.179.1"	1	0	[1, 1]	58.672078318247471203498810619499408557699382156921123230118421739117192789434922931456963872133335	1	1
"1.0.1.180.1"	1	0	[1, 1]	58.716414227015949111776969517532455130309147398572686814730104371734548227434563638049869762130585	1	1
"1.0.1.181.1"	1	0	[1, 1]	58.780914456221381643637288912661171514698778821942479246093432944931859829880480247603740954752594005	0	1
"1.0.1.182.1"	1	0	[1, 1]	58.820201554536093766229813548164940871456593179989899866489222444015719356536136294518955056620442665	0	1
"1.0.1.183.1"	1	0	[1, 1]	59.023178733793325269187955611167270970976045037895110058562614440827981216321241762876546930868075	1	1
"1.0.1.184.1"	1	0	[1, 1]	59.113244171765319495716992947259886887811438677049351414897159347329429666490176924898752493083539275	0	1
"1.0.1.185.1"	1	0	[1, 1]	59.2914311399320923371137328992074779106439759571165283338790141420722179329977414206966012524700	1	1
"1.0.1.186.1"	1	0	[1, 1]	59.3384054298773052510345111755091865733397095214933762020080774353070975257470334715975725543465	1	1
"1.0.1.187.1"	1	0	[1, 1]	59.70160912148996488453199219011076748067438773643405958708601992412505432904758669538962959767745	0	1
"1.0.1.188.1"	1	0	[1, 1]	59.8250161678814091194174924035830459258168685798131526254926799208176202203706123697941528944623	1	1
"1.0.1.189.1"	1	0	[1, 1]	59.8463856803726355412728708340499123965850475187110692118341569574843273924501526758176001994878	1	1
"1.0.1.190.1"	1	0	[1, 1]	59.93123655675311838699322213594179469448381411781161339769066771500270705316602283338991017749031285	0	1
"1.0.1.191.1"	1	0	[1, 1]	60.0670980848945817606506590118616062959350931060388632497141428747433968326807805727823822029031027	0	1
"1.0.1.192.1"	1	0	[1, 1]	60.1870701037269281755274849394690829285387820051182897652397440850532369188658805504383731648515	1	1
"1.0.1.193.1"	1	0	[1, 1]	60.4648881930872563430894025716624038718075301731382536026858369954932347214685230032962317087930835	0	1
"1.0.1.194.1"	1	0	[1, 1]	60.46816538675409175257128812071447013377459258366442204269362917275213241112208840569307978633775	1	1
"1.0.1.195.1"	1	0	[1, 1]	60.5728644530450434977824963184333947904298923076582406007536119886579727799451127816286500626053	1	1
"1.0.1.196.1"	1	0	[1, 1]	60.7974098691211403299048143572264851268870739951971871550642310670528743193156399535752208160192125	0	1
"1.0.1.197.1"	1	0	[1, 1]	60.82214006248817082656493017229773588548670681142162189150184558390597339852525765688685611575475	0	1
"1.0.1.198.1"	1	0	[1, 1]	61.01655315767170016298143707753396247247022148328522424776751568323991919988491281377543204232845	1	1
"1.0.1.199.1"	1	0	[1, 1]	61.1748209197689157873774535836274978398786317379266626280458291738538366625294224937058233303350	1	1
"1.0.1.200.1"	1	0	[1, 1]	61.22103389976277914783971672015303737819776992120342185490901572992736276834319076840413454629412195	0	1
"1.0.1.201.1"	1	0	[1, 1]	61.5528944027252522563447147372525032007930164440850970574664354964496017920740948950367101928147	1	1
"1.0.1.202.1"	1	0	[1, 1]	61.7806472246818668085042782794247040100910373025413236421232512288477703052680766743853447206365	1	1
"1.0.1.203.1"	1	0	[1, 1]	61.8021202170785292001775481859390050193003127520629292136065573858520022553674816518438276798670	0	1
"1.0.1.204.1"	1	0	[1, 1]	61.92371973815599534562740018657746756147123833274793244833572282202469891864470915464611318116099555	1	1
"1.0.1.205.1"	1	0	[1, 1]	62.00212077864058136057595279341643466583626472488860358403170818328366030616530778044876416424895	1	1
"1.0.1.206.1"	1	0	[1, 1]	62.07168153918455983673801844443951345310794470401532686981056197136308264603132140755551134158531025	0	1
"1.0.1.207.1"	1	0	[1, 1]	62.207593150996894204299707447793749785123752386151106190980500805881124885231813558091536084835609	0	1
"1.0.1.208.1"	1	0	[1, 1]	62.259411079765261966970078367903628522480393904078954036719586707365492497003782964722576101130309	1	1
"1.0.1.209.1"	1	0	[1, 1]	62.307796078766467892932167064083447876144602103559660389966612245563607054376785524912927470408321	1	1
"1.0.1.210.1"	1	0	[1, 1]	62.6250177440334750925627938014340617865654349198784191931823037228437298249396945639556091404905055	0	1
"1.0.1.211.1"	1	0	[1, 1]	62.7184745006381384315377797827326458000809712755098695594623110592320988946581498473051915335377995	1	1
"1.0.1.212.1"	1	0	[1, 1]	62.773923311699845454520223775398136471956212154292077926141724000650834775534678618931456954823444	1	1
"1.0.1.213.1"	1	0	[1, 1]	62.977303916273343176146830052725408079206866498792088583809825136211905931893844597483526900841555	0	1
"1.0.1.214.1"	1	0	[1, 1]	63.049101036389564858022768352986689343170455056327396242048148613740152865417775841860745163244	0	1
"1.0.1.215.1"	1	0	[1, 1]	63.198436392841442612895849289371007683743589773012197097245540729079766627678129500020078448376801	0	1
"1.0.1.216.1"	1	0	[1, 1]	63.300854148154880035391945120312380905363104887414757815838939107962416196544704953546351733873402	1	1
"1.0.1.217.1"	1	0	[1, 1]	63.4212788248862356013090892583024906049458670607461669744323606220126492548505363713129124932602685	1	1
"1.0.1.218.1"	1	0	[1, 1]	63.4988336317165646853744749256860949507105338260301421998041023124968104787278884776890880614552035	1	1
"1.0.1.219.1"	1	0	[1, 1]	63.8032244270701728708523393425897680940015679795547363181617287990123873974157459425493670949935	0	1
"1.0.1.220.1"	1	0	[1, 1]	63.9251882631261013305925728311475469319774021392169787434535906340472067284048703324397174933658435	1	1
"1.0.1.221.1"	1	0	[1, 1]	64.109198805143990732924990420842105502974747683920328336679899255774942287620896246188800428110476	0	1
"1.0.1.222.1"	1	0	[1, 1]	64.125177780255105946252619255547888709457247882163982802319628914990352682130412439059084059716255	0	1
"1.0.1.223.1"	1	0	[1, 1]	64.213233871875434854408554569942891907336112500469238549308339029815611357323161761292977322199321	0	1
"1.0.1.224.1"	1	0	[1, 1]	64.230305662246627869295161729431949391423437117781746800951025990280967591433275581031595724533952	1	1
"1.0.1.225.1"	1	0	[1, 1]	64.291069437429016935993270943050793529904265799912871250095211756476689186418681477910515655432813	1	1
"1.0.1.226.1"	1	0	[1, 1]	64.456519457012178656562980614883265284094047188695214944180258454610901397810605767705624201724970	1	1
"1.0.1.227.1"	1	0	[1, 1]	64.6883150761307695412035293880621481366616855311631835306734936268694768731069706988436976056500635	1	1
"1.0.1.228.1"	1	0	[1, 1]	64.709819844934912169848798952587481654545312352627765656416192303740887606644655747868539853300732	0	1
"1.0.1.229.1"	1	0	[1, 1]	65.0035619522845352516316645009007971637055683724930931457174779798021662962920509243460441717663595	0	1
"1.0.1.230.1"	1	0	[1, 1]	65.0164629759341292037809537416284214011830123152563276937834304003799542312524475911422365790524435	1	1
"1.0.1.231.1"	1	0	[1, 1]	65.037711153877768546585404372993527094429394559401379639374719565593789323568930192848121242786840	1	1
"1.0.1.232.1"	1	0	[1, 1]	65.403906807281528361913833527288475529991812244572432055284482551637268996049218355924014973165	0	1
"1.0.1.233.1"	1	0	[1, 1]	65.40735293304407381053403438730577038604306880559052627110364183479844915535404799417884812522	0	1
"1.0.1.234.1"	1	0	[1, 1]	65.501383384301582039064844083038305490045632389076172014456410967219062014513740717763552795860515	1	1
"1.0.1.235.1"	1	0	[1, 1]	65.71902157711062378543609242078019976829856112807415200152222541090125774970609345219142468023016	1	1
"1.0.1.236.1"	1	0	[1, 1]	65.77666511885714220041820756514993943212438572568203285905960849257551245578186272103771060339	0	1
"1.0.1.237.1"	1	0	[1, 1]	65.893840675988340739471711880577186150939136444401690499586493313246906588787796365943628821890995	1	1
"1.0.1.238.1"	1	0	[1, 1]	65.962097348370310893511072138283973179348923203881612480243026699491957377234829181289999058207035	0	1
"1.0.1.239.1"	1	0	[1, 1]	66.049800734784399399727332130884813475912527791064015979084451277073828231320801871450235808494125	1	1
"1.0.1.240.1"	1	0	[1, 1]	66.235749085037476597113011845322044828795307651569543689710895807667595344254495489295859087999185	0	1
"1.0.1.241.1"	1	0	[1, 1]	66.309082586714400146415857251498596126397487432708782767782666639379041698048127457569204906477595	1	1
"1.0.1.242.1"	1	0	[1, 1]	66.491003655865970307443319772476288983324659357565653992890606110545353856264152573330872833259785	0	1
"1.0.1.243.1"	1	0	[1, 1]	66.516900159904340166747819718132357592899318943980765620965853980532339773161553533225377234516345	1	1
"1.0.1.244.1"	1	0	[1, 1]	66.586742600219872460249681561130426053391596907664372701286828823237276609209332335064551393416455	1	1
"1.0.1.245.1"	1	0	[1, 1]	66.91165586244685395026118557371674178978933797848370909665045686796854521122576627248902002360066	1	1
"1.0.1.246.1"	1	0	[1, 1]	67.044223924996042308570929842359315093128328665633619609229964727253958532612456100564493598241845	0	1
"1.0.1.247.1"	1	0	[1, 1]	67.070296495988850337001188561571663685474457473695944203501056779975971893452500035417660375191485	0	1
"1.0.1.248.1"	1	0	[1, 1]	67.235301221105551074187325717662426671681876372663330800258295481887417697141433142886380967776645	1	1
"1.0.1.249.1"	1	0	[1, 1]	67.255731951210530276920859113458340742913262214586968306275454341798599851158067471333714188979715	1	1
"1.0.1.250.1"	1	0	[1, 1]	67.34625908379464154413296489345611572739287218444199537424054234196259841030545090137847727010	0	1
"1.0.1.251.1"	1	0	[1, 1]	67.47206980883450928174554520587400903155223499995194633327805734039194473265728841580075558800786	1	1
"1.0.1.252.1"	1	0	[1, 1]	67.477423558562798084505610279316292506205680608920729700337049929988886477627932720751993009615225	0	1
"1.0.1.253.1"	1	0	[1, 1]	67.848924649739443635645515351463877080992710240855853150872372600797725076651753045661448892715155	1	1
"1.0.1.254.1"	1	0	[1, 1]	67.903197331573721997569351087577794540510219371969104483639927220306649997286897182552194171648185	1	1
"1.0.1.255.1"	1	0	[1, 1]	68.13572078797308212879650202495364124920912946898307893127511646255396223457458874830164614453279	0	1
"1.0.1.256.1"	1	0	[1, 1]	68.191517686761195228852322204854087175847018340025729146010438504624837861723998839164319528082705	0	1
"1.0.1.257.1"	1	0	[1, 1]	68.275664737458077361045405668996362595184487092326878444310433612878572534588327281825718175935	0	1
"1.0.1.258.1"	1	0	[1, 1]	68.296377184486450803480646953140468342581254638027304551473549257677214134716309125875632888368285	0	1
"1.0.1.259.1"	1	0	[1, 1]	68.35309489960363180851208757063094217227935918248192147480059681083633456063552890537901377325995	1	1
"1.0.1.260.1"	1	0	[1, 1]	68.50232867432950949707020373234990144663114202366217756542006166161061464286173074340565227055324	1	1
"1.0.1.261.1"	1	0	[1, 1]	68.56353151037422088624056104079000365014615949297493542925397444704545372214012074733934435116582	1	1
"1.0.1.262.1"	1	0	[1, 1]	68.584906610008781906550770587863911805660517641327062646848350625857558806058878498797435348849565	1	1
"1.0.1.263.1"	1	0	[1, 1]	68.88149627021310993083280230381449760469580997510425511050115322238919494199612652875857496690097	0	1
"1.0.1.264.1"	1	0	[1, 1]	68.91633812439674626461984703026795644710640875003340351755223623117299490339640668058844557133693	1	1
"1.0.1.265.1"	1	0	[1, 1]	69.08836116230326329184520250220453185994533117972890496304078123075896581743646286329282220512326	0	1
"1.0.1.266.1"	1	0	[1, 1]	69.244149594834537941343111158893881520018689059856955126751721770658710195023184854952277753288495	1	1
"1.0.1.267.1"	1	0	[1, 1]	69.25485308280254524413966301101119421246751300522248122573301121528150650884541907010049230532248	0	1
"1.0.1.268.1"	1	0	[1, 1]	69.385283520457274939410297608756967321094674113322464139659114954887739267559732340165484940125175	1	1
"1.0.1.269.1"	1	0	[1, 1]	69.426964546715434931492555570577542116385705491670345145557401625375972312747297622311885497525	0	1
"1.0.1.270.1"	1	0	[1, 1]	69.63444061923314667849576294451251055853771608220239327863721646716254871443514542155167966380117	1	1
"1.0.1.271.1"	1	0	[1, 1]	69.80956646283480571703408869655318020105132256247168925846517067184270677869535671486785634198919	1	1
"1.0.1.272.1"	1	0	[1, 1]	69.921253757159622131617995640857387051413256272148295533090781460264151023252045205096352086554685	0	1
"1.0.1.273.1"	1	0	[1, 1]	69.95946758518241080040848152703564075009917946933913166226159939181698068518069275040671399381265	1	1
"1.0.1.274.1"	1	0	[1, 1]	69.970336412987248124312829185188971579992239896142522621073255344293183614502498672273601745419755	1	1
"1.0.1.275.1"	1	0	[1, 1]	70.23152972911375836080532000045856813956166798527306327459402003964967888175825817393087355792025	1	1
"1.0.1.276.1"	1	0	[1, 1]	70.2429016913573347415308026726662527392707118870994635939151833732177129228849889806752818310504	0	1
"1.0.1.277.1"	1	0	[1, 1]	70.3237825499201164600999883681695185979138728335011107440784568203103460221634038153152156709	0	1
"1.0.1.278.1"	1	0	[1, 1]	70.535503939403309576261006831664811916469482634262572317618018805479401397601226734211422334469845	1	1
"1.0.1.279.1"	1	0	[1, 1]	70.6157295072652871411830002909673253791391085942337307224121852984586064268748001679666296955	0	1
"1.0.1.280.1"	1	0	[1, 1]	70.73018457674684842992718497213031352130298283445292077821025202878394750202288233190470024438989	1	1
"1.0.1.281.1"	1	0	[1, 1]	71.01078372427700912021162813063876254049874802847978242115330810342426009068560603574178528925	0	1
"1.0.1.282.1"	1	0	[1, 1]	71.11601973481825771893256677155668298249997839203695258349199493654267366397679716443923471816125	1	1
"1.0.1.283.1"	1	0	[1, 1]	71.15704698684093762771990424953254257012529336304538436837686539854150897634510074523515716565451	0	1
"1.0.1.284.1"	1	0	[1, 1]	71.2545201293056832141400006673423925799714628982233492974959812191163902988461510539725146600290	1	1
"1.0.1.285.1"	1	0	[1, 1]	71.3716675767818494617329558378516501850488334166711632849211466520350395588978596824017707386492	0	1
"1.0.1.286.1"	1	0	[1, 1]	71.4021820711101998530109653632468443604619147274019500669461334869675000452074883733492385873775	1	1
"1.0.1.287.1"	1	0	[1, 1]	71.4899573092935759696791402291641448682562894968109371223620262623603804959818803417368158088657	0	1
"1.0.1.288.1"	1	0	[1, 1]	71.5287960776385494614912970539967998485932864517592783084526083278232389639839947630633042866206	1	1
"1.0.1.289.1"	1	0	[1, 1]	71.70131027275224164214034294285858325642917746441621188009215675719016423458768075376500291477980	0	1
"1.0.1.290.1"	1	0	[1, 1]	71.70429821950416499223294638699936459339099752276193896982282340963062659924118858398674321989374	1	1
"1.0.1.291.1"	1	0	[1, 1]	71.8876379908331957483327184172536540159209384782495591533438744679446862514693642492824736623511	1	1
"1.0.1.292.1"	1	0	[1, 1]	72.1679777685422695384488076213701227393993591225817195758662544952457180637018929415172595115	0	1
"1.0.1.293.1"	1	0	[1, 1]	72.2305870129314575049307990996446837484497722909836492389615286979985898464234795794931474301087	0	1
"1.0.1.294.1"	1	0	[1, 1]	72.2487457255163707925171056475149990524577595878490312986384878649829517113537153713443612762	0	1
"1.0.1.295.1"	1	0	[1, 1]	72.2706372665567326094191867381490504805878845337274053038355585415552474259346057530074693839242	1	1
"1.0.1.296.1"	1	0	[1, 1]	72.3864302887589012982285392631169700610918313662153545893125116410019089262363509989411289128362	0	1
"1.0.1.297.1"	1	0	[1, 1]	72.4097659386758038206164467187615464715403636365031572005702494670393459766165008054368700753648	1	1
"1.0.1.298.1"	1	0	[1, 1]	72.58603872317139351012710893067940388942451151514684392711823867957120833288204511105657316387055	1	1
"1.0.1.299.1"	1	0	[1, 1]	72.6533459549486935740162705610418479309462120906820209589358447716801568188464311244577478768123	1	1
"1.0.1.300.1"	1	0	[1, 1]	72.9628675076276141741436582402418041972171627018132638457565126118845425937047124575454148622796	0	1
"1.0.1.301.1"	1	0	[1, 1]	72.98583467526973979461617508389535677231677239541378003761994778746617320647428735372736987701559	1	1
"1.0.1.302.1"	1	0	[1, 1]	73.1087541633979955201526528900003495958346848750709122728816337584017926995250073976576514014475	1	1
"1.0.1.303.1"	1	0	[1, 1]	73.1241539551483076711046487703465192026185233716241136350279397884446894423909718683291814260425	0	1
"1.0.1.304.1"	1	0	[1, 1]	73.3689766776957619305628455483952995462006408856958286819713664058308938353840998644395907808657	1	1
"1.0.1.305.1"	1	0	[1, 1]	73.41907786241517358384809097134612464042851451616062912009716835218610871768784721037617706295	0	1
"1.0.1.306.1"	1	0	[1, 1]	73.4248418599913788210521041448212016283971553890714294337768912409495956103704651349721477480541	1	1
"1.0.1.307.1"	1	0	[1, 1]	73.49242967097543328936240044984913179667721649492503531323605148479666629889188334147274221349005	0	1
"1.0.1.308.1"	1	0	[1, 1]	73.7247391725370015278144856255318664493290142448036305726546510111899135599894745074270318167908	1	1
"1.0.1.309.1"	1	0	[1, 1]	73.9110231529706728497186885775667258568749707065086810246812097341228403381453650920515053943718	1	1
"1.0.1.310.1"	1	0	[1, 1]	73.9708082274575696312926781574702061568333620230352427494260218136364606916894973552972614440245	0	1
"1.0.1.311.1"	1	0	[1, 1]	73.99368033885992081778226665802355031139832459983352243842719061334908737981197728762667905015755	1	1
"1.0.1.312.1"	1	0	[1, 1]	74.10428030132698085068571057789317015595680249639415450930014412436576168232284522748748554855	0	1
"1.0.1.313.1"	1	0	[1, 1]	74.2041635602696829283999826316123842888242073941804931492801334844879323921050915665525308339960	0	1
"1.0.1.314.1"	1	0	[1, 1]	74.2703057582977492824674644708704656060135644632931055314565552065128985671306038090100519544710	1	1
"1.0.1.315.1"	1	0	[1, 1]	74.43067661437587840961758185354848127578816972058565610439780876606346020955774867707083333864595	0	1
"1.0.1.316.1"	1	0	[1, 1]	74.59056831229814275679272113818522706726154976110094419457015514150398244687695563127784071943065	1	1
"1.0.1.317.1"	1	0	[1, 1]	74.59194462698802918624527960355524089153693886544714888418218173156583476930347583800658709815975	1	1
"1.0.1.318.1"	1	0	[1, 1]	74.65128108423117694499685986557438071714914773921516464984089661875658827665651484342866308015	0	1
"1.0.1.319.1"	1	0	[1, 1]	74.9205961726101717439470348401487603424440806129348307573372653660533722555893053098952793408785	1	1
"1.0.1.320.1"	1	0	[1, 1]	74.9307179106542412589892529095002177606903676193287427207226764153146436075014205474950707165	0	1
"1.0.1.321.1"	1	0	[1, 1]	74.93284014603896338609764479327559400795402470595809115124452120810786550202363839387996823444475	1	1
"1.0.1.322.1"	1	0	[1, 1]	75.05855945305623192331419980507627010540740632896689772381964929124553257051034506761724039168345	0	1
"1.0.1.323.1"	1	0	[1, 1]	75.1553913330156224698105364173317232421782195902572512517329825343402620508632061670199714832094	1	1
"1.0.1.324.1"	1	0	[1, 1]	75.40128347578321159307771457851638387734852867119948829583275553112257310238093745762194619229515	1	1
"1.0.1.325.1"	1	0	[1, 1]	75.40739655587768199094621052844216726949632870150001748915235410935908751528262321858489697923055	1	1
"1.0.1.326.1"	1	0	[1, 1]	75.450719573887555593440970293260306044993855158259005140646578137800652073719675135040314208894805	0	1
"1.0.1.327.1"	1	0	[1, 1]	75.6359099593317067898585683653198741866732144422783563645812660282130789932213286527885726990383	1	1
"1.0.1.328.1"	1	0	[1, 1]	75.6920966116762973625636259463580222917443400782234565570041728545446682798321026252298318041	0	1
"1.0.1.329.1"	1	0	[1, 1]	76.07104848704410451386774231123898846675598841351493396039823656057999939459184994803680940440845	1	1
"1.0.1.330.1"	1	0	[1, 1]	76.0947385523912135947532345683894732104466935818401065510882263460022754156002150783021033763287	1	1
"1.0.1.331.1"	1	0	[1, 1]	76.12814986164595746349310641349514800232099806956136225644625229227640463759097992285658332085455	0	1
"1.0.1.332.1"	1	0	[1, 1]	76.16884742695504367653656255091163510342057351803699834665618676018690406942803754511493736775	0	1
"1.0.1.333.1"	1	0	[1, 1]	76.2723935871380630692920959884224860402235964724663558656256528877817166104555157561528892740225	0	1
"1.0.1.334.1"	1	0	[1, 1]	76.2947074040248824912189545293055606173696207830902896027328592698680213474486132122546821641073	1	1
"1.0.1.335.1"	1	0	[1, 1]	76.32822628175732029163996895429086614528871722391479358068559390637138760965447940941803872581965	1	1
"1.0.1.336.1"	1	0	[1, 1]	76.3888223171679667964508187476116959361665887901622319760810669441833430886441189449295958885325	0	1
"1.0.1.337.1"	1	0	[1, 1]	76.61676668702770247568883261844064749953780957148473164466438784650182612182885030639890348985218	0	1
"1.0.1.338.1"	1	0	[1, 1]	76.742234149830686008750004556432738256323191861371964058064813083042798260718270188508553266913	1	1
"1.0.1.339.1"	1	0	[1, 1]	76.780183372282121922678153565734001387795777672113105235616681642683253558120563165150514222727	1	1
"1.0.1.340.1"	1	0	[1, 1]	76.8338652861595811542552419864141296681191633543047432540763956439352648282624662963245194026879	1	1
"1.0.1.341.1"	1	0	[1, 1]	77.0604935825703249783494220470964266989606830889268503476643770781553810543717442306197283405	0	1
"1.0.1.342.1"	1	0	[1, 1]	77.17735714817456706556333717789581478998449648818313212974945628437684787321786361215727688608385	1	1
"1.0.1.343.1"	1	0	[1, 1]	77.2108876276031376249966175448188043087546083836402371934350216626048492685880918944641728348	0	1
"1.0.1.344.1"	1	0	[1, 1]	77.2421458055269622413376617724181143233617996062066545153239121655103538775894317372111838248365	0	1
"1.0.1.345.1"	1	0	[1, 1]	77.53676666390815973370741853878475874318471753418170889705273764597325237249775896468136901949135	1	1
"1.0.1.346.1"	1	0	[1, 1]	77.5457335141238490490607127922883230520817247711749428780304749275657408532205853689615881806555	1	1
"1.0.1.347.1"	1	0	[1, 1]	77.58773412846475476443484344280770863965180086297255258758307433699966151109795904073880097815840	1	1
"1.0.1.348.1"	1	0	[1, 1]	77.6178129281351014688029220944526026895721551853116752170312550251922933986575057779004964323	0	1
"1.0.1.349.1"	1	0	[1, 1]	77.64284125068676487307312009269519723334459356221139358634108461503612334167796930109302888435030	1	1
"1.0.1.350.1"	1	0	[1, 1]	77.98611704475501086226345685597426936611267990439622993238966659463280032878444975387035280844875	0	1
"1.0.1.351.1"	1	0	[1, 1]	78.0925264736500043410866825533408431584586210429577063768701650675034907675741392622286484732	0	1
"1.0.1.352.1"	1	0	[1, 1]	78.16339222974968509669495230279611770285776646570422596721817254024106202533636995538537681134995	1	1
"1.0.1.353.1"	1	0	[1, 1]	78.20534347108746540106782601691645073301047250281727147018414153061972736231531060524849256383875	0	1
"1.0.1.354.1"	1	0	[1, 1]	78.2627017908130983309525958195206176546336540729631962446768784858963795052152644303140159605869	1	1
"1.0.1.355.1"	1	0	[1, 1]	78.3533946438557227422295909216684837753793151251263697383958476037733258440441870220805215008141	0	1
"1.0.1.356.1"	1	0	[1, 1]	78.3725522855744312819666401756917266363035823045150785289766023922736104038494880358472360552	0	1
"1.0.1.357.1"	1	0	[1, 1]	78.4837618073086510555396155163140055352958671238617771385306966307370926886493698270529419433087	1	1
"1.0.1.358.1"	1	0	[1, 1]	78.66335948684668114150091283640240072820107466248053426875027195711055285872963526041907381916416	1	1
"1.0.1.359.1"	1	0	[1, 1]	78.7460220699641691008030923425831972329978782832174780985374120496877377282329340317470395654606	1	1
"1.0.1.360.1"	1	0	[1, 1]	78.7782313128667054816866632713819718398123321486156259141496630422748654928298592592566097852584	0	1
"1.0.1.361.1"	1	0	[1, 1]	78.88628690487644933930506051094335827268882711710825052761525721653293799529409214105916838948355	1	1
"1.0.1.362.1"	1	0	[1, 1]	78.9578131830097790669590253404303209388981134852201117669810228791086495134966882949341728785667	0	1
"1.0.1.363.1"	1	0	[1, 1]	79.15731471094487703207276416378720202488927302215878116117487050060200852811669333197647168798695	1	1
"1.0.1.364.1"	1	0	[1, 1]	79.2903287876026804441883967490581609674434230505184589987073805471202893669000818249003915120625	1	1
"1.0.1.365.1"	1	0	[1, 1]	79.322243554379215215695468048570222944188786258710699150609356938226397556650894628103959444911	0	1
"1.0.1.366.1"	1	0	[1, 1]	79.3345881925497968171153871061548380740886361765220105630959701075008340682058850390179432563645	0	1
"1.0.1.367.1"	1	0	[1, 1]	79.49879461883109634109868762729080102851780679704708630171092078461232291392619635567172191112015	1	1
"1.0.1.368.1"	1	0	[1, 1]	79.6133442189178638669436969412725706845985706494585200564293843148480771245945907096906019860	0	1
"1.0.1.369.1"	1	0	[1, 1]	79.72713045653303888714100495245942692903848306453960078540520706962550856532022765099094299113385	1	1
"1.0.1.370.1"	1	0	[1, 1]	79.8361137450477805105431711644714482552048813534229668640069005974972299856805537258640297733672	1	1
"1.0.1.371.1"	1	0	[1, 1]	79.89490171061695575118674312204170479299609677926199890236085503095086927762848553327728967029395	0	1
"1.0.1.372.1"	1	0	[1, 1]	80.103615094057746783641855524445625385581848554963928262717652183652386094804111686787689055049535	0	1
"1.0.1.373.1"	1	0	[1, 1]	80.1855000107981759332028671879977456231319314423334895847900347563663888710941371062416041703056	1	1
"1.0.1.374.1"	1	0	[1, 1]	80.2166860402168562778848100174480580987111552755287741292740209579193715593989993180127769820811	1	1
"1.0.1.375.1"	1	0	[1, 1]	80.2606564079051018290121547474982824724109349356895901498797760306539306547576562203055063040275	0	1
"1.0.1.376.1"	1	0	[1, 1]	80.33007554276414034272321157762037111962623735025533106983371316466827531378155913336875735227825	1	1
"1.0.1.377.1"	1	0	[1, 1]	80.39368178280718408142977576083599264952245799932941775698079132757695609948457417989869034401565	0	1
"1.0.1.378.1"	1	0	[1, 1]	80.42105526076245647610439202294524250467615257838558716739174103452390480121604438357139168492695	1	1
"1.0.1.379.1"	1	0	[1, 1]	80.6207938840462889113848649125729223522015515393139148566777429079903935791035565504899298264455	1	1
"1.0.1.380.1"	1	0	[1, 1]	80.87049505509047390378450840351559413981084122118119172748236649302856924755223764954396135285	0	1
"1.0.1.381.1"	1	0	[1, 1]	80.9395518152750948915730679050282602806665327133651467009713835898398742493686797752429911659860	0	1
"1.0.1.382.1"	1	0	[1, 1]	80.95941258354287635601294639051537597146622017589728618341162040114632563159522379324300415600835	1	1
"1.0.1.383.1"	1	0	[1, 1]	80.9822855386799602944486780763386571861676017767535461820160024861289706836217887303410327450408	1	1
"1.0.1.384.1"	1	0	[1, 1]	81.1035706273373903682635060553777494926438659612710614605812644136237040869766495226214351896758	0	1
"1.0.1.385.1"	1	0	[1, 1]	81.18099870504427449525160757867657180290993368356361371540935798946152612536939953813886877032869	1	1
"1.0.1.386.1"	1	0	[1, 1]	81.29439559125923112310709391629661751331882845005323961933303372931459077324473218602605989608745	0	1
"1.0.1.387.1"	1	0	[1, 1]	81.32100656490212988994046240136349215352325845722880260333121731564091606006200326566178403445775	0	1
"1.0.1.388.1"	1	0	[1, 1]	81.4012472084546691033998108575523965156324666168439928474470328444917944574959484394825588955645	1	1
"1.0.1.389.1"	1	0	[1, 1]	81.40789745342507364910009152137747948304261129073480723048091275510848573854298990832285124693295	1	1
"1.0.1.390.1"	1	0	[1, 1]	81.7691679105399673837379898952836520025553443061303885061364799221639527612869542890931715833708	1	1
"1.0.1.391.1"	1	0	[1, 1]	81.85612290670189678060613522985231048289059125701064265556920023158495376313041720227733494601665	0	1
"1.0.1.392.1"	1	0	[1, 1]	81.97365161431134792210635272550141869289508152597290877785817871468201872533584176269204888956145	1	1
"1.0.1.393.1"	1	0	[1, 1]	82.0266202804661593722799078865819565275399267916881634293107944509798776408435676721898546197215	1	1
"1.0.1.394.1"	1	0	[1, 1]	82.02948035833574170560313867619645343583782124973914846080787127356981442050201428075068569411055	0	1
"1.0.1.395.1"	1	0	[1, 1]	82.0604997848459574630046832953158808118108153106490075568598295591034696062118096505795926949467	1	1
"1.0.1.396.1"	1	0	[1, 1]	82.10306654086648219817106255640888444931802657731427322897240115067911618081401002825138264808135	0	1
"1.0.1.397.1"	1	0	[1, 1]	82.14287108043675344346411091737850857754471429887315009086454245630815531219643115961382813283935	0	1
"1.0.1.398.1"	1	0	[1, 1]	82.282987756266145179958826211631482082934159048175385370825814403948515526653922389755245377898795	0	1
"1.0.1.399.1"	1	0	[1, 1]	82.3775481508372018212798029671032836730790343485755701707293308551144085157529393182828525437243	1	1
"1.0.1.400.1"	1	0	[1, 1]	82.3973747863828306146134078652527445401510799337855355874722015452554051338887490238224555609467	1	1
"1.0.1.401.1"	1	0	[1, 1]	82.7077075048104259092620492935670790784226620343334012766255428137095028596997092291453172965390	0	1
"1.0.1.402.1"	1	0	[1, 1]	82.7161517230741933104869859345337980330807502344878058924621513382577821098663932005272666693055	1	1
"1.0.1.403.1"	1	0	[1, 1]	82.8168197413384331592023673872967369240133361935646757698398794118523555755479224810575650890657	1	1
"1.0.1.404.1"	1	0	[1, 1]	82.83179772306366243296517840434697857850562863180727925539413718605654073873739947194482814254853	0	1
"1.0.1.405.1"	1	0	[1, 1]	83.03064561177319667928459481201377436435731862775166621753425718368078865726283529910558208256475	0	1
"1.0.1.406.1"	1	0	[1, 1]	83.064136496695368736117249086626343563553789540251879640979498246153853707008151281356405051400	1	1
"1.0.1.407.1"	1	0	[1, 1]	83.29192431362474015320438193636519211316608149757067779695550540308671485628065874214152882519985	0	1
"1.0.1.408.1"	1	0	[1, 1]	83.3040682114028350568390671582758505729845409401648835434857976514188855751041355897721184702469	1	1
"1.0.1.409.1"	1	0	[1, 1]	83.3742450437202451417276719672949042700008733557498034712253598174789433993456768844133908909135	1	1
"1.0.1.410.1"	1	0	[1, 1]	83.56890078312332719806455363186625339842530260363664135298292569670640283468025845164893803840555	0	1
"1.0.1.411.1"	1	0	[1, 1]	83.584054134852968618410150989623284631877898132360548648270027937582410556340412226275628428528145	1	1
"1.0.1.412.1"	1	0	[1, 1]	83.6400213480507301357119964547878340410931107953449428098602687016455847757126238276597173640734	0	1
"1.0.1.413.1"	1	0	[1, 1]	83.71703664422137246189855482140575568812050660005682733024998518037434908286754812518676495399365	1	1
"1.0.1.414.1"	1	0	[1, 1]	83.7444031759524893438454970529298695677707430615845319522598200572544405458916207912301309305275	1	1
"1.0.1.415.1"	1	0	[1, 1]	83.8378370718861106994209682007252428458458407397401180538058984163074628905295988614615954484492	1	1
"1.0.1.416.1"	1	0	[1, 1]	83.9187358725846253372003251665898835759046629668044204512942776196471595261799280248056757460325	0	1
"1.0.1.417.1"	1	0	[1, 1]	83.9988164746917777792385444566241011867536911114430075923097076604045402355460320465557657811341	0	1
"1.0.1.418.1"	1	0	[1, 1]	84.17687137846300629161034870996304790670544242854707347472206592611692773061246145202239334975945	1	1
"1.0.1.419.1"	1	0	[1, 1]	84.2257971223161257277861992174600108841575649313282266905762799706490360649256838480475903363857	1	1
"1.0.1.420.1"	1	0	[1, 1]	84.24704551100564751810581425877622664711942007867605139101824529482293356856500973670110111334395	0	1
"1.0.1.421.1"	1	0	[1, 1]	84.39590126839316342273095134245322860934138108266956144474107234901382026184160340696580615307145	0	1
"1.0.1.422.1"	1	0	[1, 1]	84.47255749340680484790264082346111615645914249036753442939194031096429594914901691644984780558105	1	1
"1.0.1.423.1"	1	0	[1, 1]	84.7618727739669895871346730306430345947678827350831856630032192499690397677620594723228174561851	1	1
"1.0.1.424.1"	1	0	[1, 1]	84.7761637166873552612340372726948389523782240760637062170377660480787974226273170970564068265	0	1
"1.0.1.425.1"	1	0	[1, 1]	84.9310555244402335874953186729851616388608561153170892056165525721906365197282360439572377698952	1	1
"1.0.1.426.1"	1	0	[1, 1]	84.9502494356191154064338188765367596308055787327642410065379719474034281829835954970671085383575	0	1
"1.0.1.427.1"	1	0	[1, 1]	84.9530297594543533409625050554295607016100369915492027891185471362357253793304601883842653594519	0	1
"1.0.1.428.1"	1	0	[1, 1]	84.96544106962938567190929722143756313917775876580477659814456734194572344001147720236352604345755	1	1
"1.0.1.429.1"	1	0	[1, 1]	85.0910163685222437549666343741497144424652965844196884085852651131964691501644286606305314571979	1	1
"1.0.1.430.1"	1	0	[1, 1]	85.1884814652951831262557678008789890909591217830602590710926544857874053401649225243120933155220	0	1
"1.0.1.431.1"	1	0	[1, 1]	85.29248644734261036322784946810590638805702053906168591529746959599139722414070733594287119165	0	1
"1.0.1.432.1"	1	0	[1, 1]	85.3241980464867505910162795732880272108515653353387586079993493279874768634567635951140683504854	1	1
"1.0.1.433.1"	1	0	[1, 1]	85.4798492690187670414941732380688599320921417756890035914818804417516798587482441302523807612	1	1
"1.0.1.434.1"	1	0	[1, 1]	85.575988297666161724926145757208814766019786422000160554248625867640574384223082566686181867823	1	1
"1.0.1.435.1"	1	0	[1, 1]	85.796093120913415829906514858336084560395999832251529918297375871250014927819219891244268405092	1	1
"1.0.1.436.1"	1	0	[1, 1]	85.86252245474864769428673840621997518629138227968799429296790283432556846466876970307423412981157	0	1
"1.0.1.437.1"	1	0	[1, 1]	85.8668191240536640290250181332593424858354487641012726748942792114177958606001097449299018128822	0	1
"1.0.1.438.1"	1	0	[1, 1]	85.8970724098633027262734292843812107670754590416136458600325242435535072523600866017975935247298	0	1
"1.0.1.439.1"	1	0	[1, 1]	85.9290612283425452423953589260299810844662220492565935360567378665346531278662705012296373148791	0	1
"1.0.1.440.1"	1	0	[1, 1]	85.97613707222563705736449317543136967157575097173073240169485412378275368840282271763544854755	0	1
"1.0.1.441.1"	1	0	[1, 1]	86.1224469816345462300933043479801972204585363331900021468024917553106252536479673474173027413988	1	1
"1.0.1.442.1"	1	0	[1, 1]	86.20305716107946415703614843139146740486395352804694699081747045417890668222797505996549145735	1	1
"1.0.1.443.1"	1	0	[1, 1]	86.30138618674541354165286159032886386207681887833125675066969062001203676408797793689720785365	1	1
"1.0.1.444.1"	1	0	[1, 1]	86.3304912434278435974424375144972936777775503216057660355769779946167647722172759365376661355	1	1
"1.0.1.445.1"	1	0	[1, 1]	86.35879842219234623661357542237106245694868366986701832055121646638702436435922337684562677715	1	1
"1.0.1.446.1"	1	0	[1, 1]	86.5744640947476609056673477879097835053061319279438261659944813222823202581127644545469811975	0	1
"1.0.1.447.1"	1	0	[1, 1]	86.6493750874458330202917533173954369042111201702112062449881361932320930000634233203364419295	0	1
"1.0.1.448.1"	1	0	[1, 1]	86.8538034747551818775371559152254094964130656364652686767617805681114667157527077060987085307073	0	1
"1.0.1.449.1"	1	0	[1, 1]	86.90332596956692393303795933790694840251418732436557600792699881412973069373998556942946013155	1	1
"1.0.1.450.1"	1	0	[1, 1]	86.9140772717295642893702419849736600677561256206211335966181185455881224979075566067889145361	1	1
"1.0.1.451.1"	1	0	[1, 1]	86.9303980083210860693829963054771676417469723994380931105252731967783382264959963866557792835	0	1
"1.0.1.452.1"	1	0	[1, 1]	86.95561068340426626977974107641423068875637144575703563715879185091928255639954663764796581406705	0	1
"1.0.1.453.1"	1	0	[1, 1]	87.0674668881029890223841627896968587078849337717437389730168015446643592253610587833664868750	1	1
"1.0.1.454.1"	1	0	[1, 1]	87.3914975376931838935604452201174862735978109589689919220950889172832297395194505551915871187661	1	1
"1.0.1.455.1"	1	0	[1, 1]	87.4427851145881393037746366215170245840572131595081330260517046476802077929810221988256135425	1	1
"1.0.1.456.1"	1	0	[1, 1]	87.4446972119276972688425064407396482177539656601686631790573805037274581824213284579569924615	0	1
"1.0.1.457.1"	1	0	[1, 1]	87.52383519654846432962158521433074986568249405873393256618108552168749641866772293566707701295115	1	1
"1.0.1.458.1"	1	0	[1, 1]	87.6814780120812618476624358812284508035869792158236002051761340046327210741718965475823988436186	1	1
"1.0.1.459.1"	1	0	[1, 1]	87.727564054541044135594269118167080890130288224520721278270023355876501584207902173685460499595	1	1
"1.0.1.460.1"	1	0	[1, 1]	87.73649308038731833804481278631993233005230474036054379847219859890455901632482998231481955395	0	1
"1.0.1.461.1"	1	0	[1, 1]	87.7614954473364775593770646536903069491114380528242838071127746821427664651936798541950114268440	0	1
"1.0.1.462.1"	1	0	[1, 1]	88.07238287774841722137836621249087722366389380390673123128852659395701980423594711850461320005	1	1
"1.0.1.463.1"	1	0	[1, 1]	88.0815456560959334786315582523454511357711582884575549725688449394418934088312677718128735075	0	1
"1.0.1.464.1"	1	0	[1, 1]	88.15101908487373456059024279398657382252854390073003997283197102560103291149518703406294425719371	1	1
"1.0.1.465.1"	1	0	[1, 1]	88.1635731869020998286299066846986563463690422187015806397183232102389983034358533199473834802578	0	1
"1.0.1.466.1"	1	0	[1, 1]	88.2545302991376500635755883252699226490131319035401801247402494433173614572015741277883051675058	0	1
"1.0.1.467.1"	1	0	[1, 1]	88.306792352023027372363862623901458070877339236864544851017778364131369089188686094562777098192	1	1
"1.0.1.468.1"	1	0	[1, 1]	88.3703340734904065322246558831222973635283509237667258139385143197612278529502382723481862625	1	1
"1.0.1.469.1"	1	0	[1, 1]	88.51022821226442465028599513559654064041248770999657995684445586617385508539926186316473878028535	0	1
"1.0.1.470.1"	1	0	[1, 1]	88.59994521575102724637591448012351547361438253150524875999690656805710192419074785161663711615	1	1
"1.0.1.471.1"	1	0	[1, 1]	88.6700003193638901664864938092233698732116301888519209694345224540772131671402333190258583662905	1	1
"1.0.1.472.1"	1	0	[1, 1]	88.67026672750786168024551398660393031963839055370006141219235742315292123935494817217123606135	0	1
"1.0.1.473.1"	1	0	[1, 1]	88.83467791089526827148932770578877354341772295890756853804288247506954378076072568959390144351425	1	1
"1.0.1.474.1"	1	0	[1, 1]	88.9606680061557663069655601254358542408544327849413591718655987099789308755548036941779085826	0	1
"1.0.1.475.1"	1	0	[1, 1]	88.9743658169118654006527489485775193228094206436019115203837278801023163427201756944680818347525	0	1
"1.0.1.476.1"	1	0	[1, 1]	89.046710682059756839468952805502328046654182039546824496281515207995718855097547522476533373407	1	1
"1.0.1.477.1"	1	0	[1, 1]	89.1777673773047160906784685189578658936041771100462327893253532017365321519147441177282460725495	1	1
"1.0.1.478.1"	1	0	[1, 1]	89.1907407624333236637627127073550326471634126621968006068460916707583372102105877572362439364988	1	1
"1.0.1.479.1"	1	0	[1, 1]	89.4376861769712434930092434911540043671152806836062399052593661352477594135627739202622086295	0	1
"1.0.1.480.1"	1	0	[1, 1]	89.5058275014129268811338736559155725879631947311134709109583422256597333225650750614714826174519	0	1
"1.0.1.481.1"	1	0	[1, 1]	89.5455536871236825509192959638773198405547416786746631369196429523762609374058041778471226707	0	1
"1.0.1.482.1"	1	0	[1, 1]	89.61246765347186999567953200811484530142549315275939860747991285386870580386974175203455563477295	1	1
"1.0.1.483.1"	1	0	[1, 1]	89.6692710731097345182798917563573556547649959788745596331271646432184865358145710100450047542766	1	1
"1.0.1.484.1"	1	0	[1, 1]	89.73343982085511449623323329550667682452549142418493324343239706892293475566887913194692371805995	0	1
"1.0.1.485.1"	1	0	[1, 1]	89.80719411036195915096622552754075137548555214199810147992693782755528595514310611852200744495	0	1
"1.0.1.486.1"	1	0	[1, 1]	89.8281659304272608147210935846036298984638492831005863279226197175535383050241846770050222115	1	1
"1.0.1.487.1"	1	0	[1, 1]	90.00671273748779048268865814108523232084356414888350470362061417493770751404085310357977655695	1	1
"1.0.1.488.1"	1	0	[1, 1]	90.11362514641022208095320113642149897167162549040687532631595256001267799221345734260196900725	0	1
"1.0.1.489.1"	1	0	[1, 1]	90.2908274397448163597943915375988180232445680508660816901145590289693687900140835140388242208	1	1
"1.0.1.490.1"	1	0	[1, 1]	90.30965771473747321458006438254848820116515716622239165048697196294703325639967795767812744975	1	1
"1.0.1.491.1"	1	0	[1, 1]	90.4119301658722497898249175625906575768398212933923406758519056180694835277518961975948297408929	0	1
"1.0.1.492.1"	1	0	[1, 1]	90.4676929210515199340733423588953741574196429235566677357949824323009386289911080902714427007	1	1
"1.0.1.493.1"	1	0	[1, 1]	90.5786147766818581038511833556462844925740789841578596437642500879969341821682714136384477304	0	1
"1.0.1.494.1"	1	0	[1, 1]	90.6324435641680342193035097897369856642905930186501216429794484269931461872379078766128375289	1	1
"1.0.1.495.1"	1	0	[1, 1]	90.66383094993834165356476840348881730032612545471465733157328330767839130058576857366914821585	1	1
"1.0.1.496.1"	1	0	[1, 1]	90.7031873446946212447821134966547557840325649934586881536061165577145603728667140276288106500110	0	1
"1.0.1.497.1"	1	0	[1, 1]	90.7123498643894233916008039288082806228449554824639494404018303750891151035962890395773546668215	0	1
"1.0.1.498.1"	1	0	[1, 1]	90.7950680840670617298746450062510336603480816742293535363576311324944168549049383303942934016	1	1
"1.0.1.499.1"	1	0	[1, 1]	90.9459323590781686665652951355455439473140176602700499763845060329488224632276293770332101105	1	1
"1.0.1.500.1"	1	0	[1, 1]	90.95544578324892951358416009966334564301471978139547728505503147278861676265140117602396895675	0	1
"1.0.1.501.1"	1	0	[1, 1]	91.0854868304810854996468747471739041089852225697349113118695311894259114582738062923142507439	1	1
"1.0.1.502.1"	1	0	[1, 1]	91.25382701845128455586368746632235984673267690082667074149350767036523959354821062209877970065	1	1
"1.0.1.503.1"	1	0	[1, 1]	91.36718953829395651674088389774679695595903566673415021163005524159843454198302592144945023911675	0	1
"1.0.1.504.1"	1	0	[1, 1]	91.39575276805881883965316303438332133071890712820826384646987693852224891743825951855914529179905	0	1
"1.0.1.505.1"	1	0	[1, 1]	91.5098267782447271331877444807483024521002283348537401107177649924718189025101042640574413476	0	1
"1.0.1.506.1"	1	0	[1, 1]	91.51679443877092032846110847364052164423412592033281965146757339191111496122093140891401260185	1	1
"1.0.1.507.1"	1	0	[1, 1]	91.63598281491000151735505099473907271693763330323818022790727697643661260285599893268914900716035	0	1
"1.0.1.508.1"	1	0	[1, 1]	91.65557357222357221459790349374448697819206982132826613917981905090141904990685172595374546825	1	1
"1.0.1.509.1"	1	0	[1, 1]	91.70760875008392637929826098008093852342106956213708395081995070807881980951934998165184974445	1	1
"1.0.1.510.1"	1	0	[1, 1]	91.725299567411937299316267195054171516131628329210270673686198744456150030830518727374010010964825	0	1
"1.0.1.511.1"	1	0	[1, 1]	91.84395089639011408978541523636267054833789712404024260746255600294699140728564255973342345927345	0	1
"1.0.1.512.1"	1	0	[1, 1]	92.0076437092928469552484595676310663871376603388916892545903083029074304560645536333958601958	1	1
"1.0.1.513.1"	1	0	[1, 1]	92.0430966041500487997858746134494662369195439576589436389581322823119383347838630557082932612	1	1
"1.0.1.514.1"	1	0	[1, 1]	92.2097043434449161744709851500260253074005236150781513407372148532773449430194182247927978808	1	1
"1.0.1.515.1"	1	0	[1, 1]	92.2202542181474122446610569647573364223652964122546530437428526279748876913423140863641756488961	0	1
"1.0.1.516.1"	1	0	[1, 1]	92.3672179429881764728024506994529743668336745618940034466651435615432134372966761739162986415	0	1
"1.0.1.517.1"	1	0	[1, 1]	92.4089998669108701992332416592999179272563154719008240839532737013718785026365028797732387953230	0	1
"1.0.1.518.1"	1	0	[1, 1]	92.41588743092327611679649990280056891871558353111454991562570332045834407642425827497031548125	1	1
"1.0.1.519.1"	1	0	[1, 1]	92.5218173056138061421829929034085880434012323880177753738658035168746212498678011889229407760	1	1
"1.0.1.520.1"	1	0	[1, 1]	92.6976711711354328905937775557291303965162216101277029644035320637994864646493576624102903750	1	1
"1.0.1.521.1"	1	0	[1, 1]	92.74706873137585626792479876374043312011977147960969450409371110291893413596367465175755679965	1	1
"1.0.1.522.1"	1	0	[1, 1]	92.78138740376495244604404514417333498845265685667761905197481937077855617741522191546603820799805	0	1
"1.0.1.523.1"	1	0	[1, 1]	92.80189710505396130115191082707740723074775770007719710998756268944109422198737468800447224046155	0	1
"1.0.1.524.1"	1	0	[1, 1]	93.06642804679757991675138061241502471445880746006187834247953157310575582655032609759011620205	1	1
"1.0.1.525.1"	1	0	[1, 1]	93.0765097579986495890907170531756308286510899892658934754982405235693751965595885206960787087283	0	1
"1.0.1.526.1"	1	0	[1, 1]	93.12035000273376719384887700339589787570375497051135829927315097158609089977424277579461080675	1	1
"1.0.1.527.1"	1	0	[1, 1]	93.1718612324082844055446025030023741125981306757277567345609077810423837862289284878737632115	0	1
"1.0.1.528.1"	1	0	[1, 1]	93.1822727697607048269280370273848893406898471988400691631097749279585635953396060947330430412	1	1
"1.0.1.529.1"	1	0	[1, 1]	93.43318487851956353174406542891209067190022452937609051387031891171457732986471034873115785565	1	1
"1.0.1.530.1"	1	0	[1, 1]	93.4666051669823155774504934717347902669459322316361739705394070369906499712184668919739282115	0	1
"1.0.1.531.1"	1	0	[1, 1]	93.490576523776823707619907693638757530336060340090910054700502945333843466756257176281338055415	1	1
"1.0.1.532.1"	1	0	[1, 1]	93.5223884648439451945309297153012445946305254001480223547874976076593014835759732213520072500315	0	1
"1.0.1.533.1"	1	0	[1, 1]	93.5464894047341748130406301305893962887845610318299789781834304026864018163978761553532069360	0	1
"1.0.1.534.1"	1	0	[1, 1]	93.61843203113813773702376723248008004823747063977053678664382996085729123968908558602974819815	1	1
"1.0.1.535.1"	1	0	[1, 1]	93.91002324724337640250052013536594651084214752236560539427994444129096289222599376799428011065	1	1
"1.0.1.536.1"	1	0	[1, 1]	93.9563130268160551903001126351789732593674003362656864687222224825622904953285748891711179495	0	1
"1.0.1.537.1"	1	0	[1, 1]	94.08667834287597644107488645341671070926407734529999473861123853825218914693480698805984899965	1	1
"1.0.1.538.1"	1	0	[1, 1]	94.1543574440505361724339139020549251499486783467046341186402605048797385824614145296128826296	1	1
"1.0.1.539.1"	1	0	[1, 1]	94.18768303828859836792805615095940134807819708669577576309806933804843333554538354792463893201255	0	1
"1.0.1.540.1"	1	0	[1, 1]	94.3417588265253666070844863792176928376100418850122045851852648321837995048559336972958115233448	0	1
"1.0.1.541.1"	1	0	[1, 1]	94.39891249484469486452711676725763911932366455253651772430993063266356345951456148155026879840083	0	1
"1.0.1.542.1"	1	0	[1, 1]	94.4060677188710878578831621564050617075815214398892571422691864891169228807009979653440594150	1	1
"1.0.1.543.1"	1	0	[1, 1]	94.4410659979642486980217854381315549670800866859223652764060515361892066115373391011583936058	1	1
"1.0.1.544.1"	1	0	[1, 1]	94.48379767401250535570440786977953385645487024772137423769011385601825868085007235845839783135	1	1
"1.0.1.545.1"	1	0	[1, 1]	94.5373260425156905502123193258007980484872239841008395305276798572897647076799228704837380786365	0	1
"1.0.1.546.1"	1	0	[1, 1]	94.567042127490576193461990254679922179856947427534528418274329482895706600621421024492372906295	1	1
"1.0.1.547.1"	1	0	[1, 1]	94.60616740451156325004221388996820024519869242871478733258959682167506149716177243869325786214185	0	1
"1.0.1.548.1"	1	0	[1, 1]	94.791409908764823300165276482423250217055693826912661138540806391880302320509583576260155383695	1	1
"1.0.1.549.1"	1	0	[1, 1]	94.813983267595414676879053230739229838697083790244467476902932439892724877287328680420386469925	1	1
"1.0.1.550.1"	1	0	[1, 1]	95.00492646164029563366766130953376722435338959168991021950770435471926691409171220714219127714535	0	1
"1.0.1.551.1"	1	0	[1, 1]	95.00701461158603219107230915038966646504977757999084163988917293018924793887634383004782972175	1	1
"1.0.1.552.1"	1	0	[1, 1]	95.1855286010249644653615252763421994400412778001866177019068089562195594357635083042368515886194	0	1
"1.0.1.553.1"	1	0	[1, 1]	95.20790727962880646575490742156900813733481803373392966211334050485466077399825622079635717655455	0	1
"1.0.1.554.1"	1	0	[1, 1]	95.308343055796474307282132656868028657358209439181856309897482411208615440954538496199188118828275	0	1
"1.0.1.555.1"	1	0	[1, 1]	95.40209967208157567400808053151505129820397367378969340126271025716319628241325861117453973455	1	1
"1.0.1.556.1"	1	0	[1, 1]	95.42950428152284370427481977797619985993858573473811635844804595779422330074118459450859459425	1	1
"1.0.1.557.1"	1	0	[1, 1]	95.45869706608987991154724943787314758100899976585341435568242307344136654732334609426757642835	1	1
"1.0.1.558.1"	1	0	[1, 1]	95.51585265716502488153428463175620943034737228047855072597293722109085654536812316400918863955	0	1
"1.0.1.559.1"	1	0	[1, 1]	95.60711075704574332399580529381640119763348354460965645535177130700374665619646422132240807555	1	1
"1.0.1.560.1"	1	0	[1, 1]	95.6923963143480370054050167799543412603486888743878841345128432121496599411025486509424692555185	0	1
"1.0.1.561.1"	1	0	[1, 1]	95.7613543452060965646734355081247832444937487602072988274366763857483558800432003380842149967	1	1
"1.0.1.562.1"	1	0	[1, 1]	95.96192110477420958315866321319811779921047528568259652521012638001844114451899539085040927515	1	1
"1.0.1.563.1"	1	0	[1, 1]	95.97201251931737983628034526213768285704997725385825248072708512376014246524564307274744653795905	0	1
"1.0.1.564.1"	1	0	[1, 1]	96.04840199713408289404703554089727244696269242352335456640512812572684780884829004743823481045	0	1
"1.0.1.565.1"	1	0	[1, 1]	96.1191776522446146969303556822406756175521146255813188063767098780832600249639011193518087865	1	1
"1.0.1.566.1"	1	0	[1, 1]	96.16378045694048744654610367499045252530016306855284470419971719480244228349710004219646174305	1	1
"1.0.1.567.1"	1	0	[1, 1]	96.2018299315674138631422981492989810444395458690322939413204507415495821916990139479214698215	0	1
"1.0.1.568.1"	1	0	[1, 1]	96.34001064523174804907952059952285443941401454836043445002165902520789793171494748299191173883875	0	1
"1.0.1.569.1"	1	0	[1, 1]	96.3986570599609650624216184059108210300331760057945808788372096015742433302767405009072852045	0	1
"1.0.1.570.1"	1	0	[1, 1]	96.44733227142968296123930319356867851163713042715851693734171408815187672726943750824041305355	1	1
"1.0.1.571.1"	1	0	[1, 1]	96.4695521792068586843535747886221650259459972364775054420107210362047564801835081325537441525	1	1
"1.0.1.572.1"	1	0	[1, 1]	96.47883754317687034324759074096914883227970065333684767094149790820088637608673493092629207715	1	1
"1.0.1.573.1"	1	0	[1, 1]	96.78755048418864526762609628698413410212254128069332826487756558087343315651438706638938073134275	0	1
"1.0.1.574.1"	1	0	[1, 1]	96.81710877295963673812035719664033582460923946827844243305035557792820667575461219686459798595	1	1
"1.0.1.575.1"	1	0	[1, 1]	96.8869865462881218770237355922305209481373128049604515974960690239064842524103058726847317485	1	1
"1.0.1.576.1"	1	0	[1, 1]	96.92181041212393587208016139259614974392352313878555040744666378682685661517981772867945208491075	0	1
"1.0.1.577.1"	1	0	[1, 1]	97.0089910619272591013588600450913121998461350208242437693280912045207665446357651248574795290	0	1
"1.0.1.578.1"	1	0	[1, 1]	97.0181992000752574767506246918238279878191220556566370297364206757179636733244510662350387350	1	1
"1.0.1.579.1"	1	0	[1, 1]	97.21629655306689560389239047815081923356920459319270324634058592846691251331586794151140551725	0	1
"1.0.1.580.1"	1	0	[1, 1]	97.344435127355867659105071403241247214185843872857822219703573742945454505118675397273798119105	1	1
"1.0.1.581.1"	1	0	[1, 1]	97.39818909562763828554720558288184683581382051954387271151168552390665773242886295831547274883395	0	1
"1.0.1.582.1"	1	0	[1, 1]	97.44499597284568751886702860617585932590609141213268456324620933471667208629845768099900136075	1	1
"1.0.1.583.1"	1	0	[1, 1]	97.554164832612588329625983284086269215987264489743180577968705878873604034082978656627988111	1	1
"1.0.1.584.1"	1	0	[1, 1]	97.6108991263831551077692800654818085283395582469057967785220505753029471778224278508333018078004	0	1
"1.0.1.585.1"	1	0	[1, 1]	97.6144624991756406549429790352810907918293925311782315581847176648297970833700358506429528103	1	1
"1.0.1.586.1"	1	0	[1, 1]	97.61636449622362657629592062691797262519032620729568650820204724505756209786579872864958703101465	0	1
"1.0.1.587.1"	1	0	[1, 1]	97.723215275700784023682684658678401045436766620188237607765833290604156968373804066259650967945	1	1
"1.0.1.588.1"	1	0	[1, 1]	97.7365405224585642418317200714032664777584815576599694229239356489287738689034003295385563483810	0	1
"1.0.1.589.1"	1	0	[1, 1]	97.9157282602128514170435245854286156551650818408525634679482758699695429444161161979954332821	1	1
"1.0.1.590.1"	1	0	[1, 1]	97.9888529285340861797669424183304932286088911442979387275674170040721013179299366598738520795386	0	1
"1.0.1.591.1"	1	0	[1, 1]	98.04488882157689238451993022120644143156556971469648379153300339947223332180183991064652029987805	0	1
"1.0.1.592.1"	1	0	[1, 1]	98.1140282164104176826080915144431761052317794858708534885407677377973533444934136248923822385	1	1
"1.0.1.593.1"	1	0	[1, 1]	98.11506499088231141580530310049654067750193563858539381070199666535603834454997080489487125735	1	1
"1.0.1.594.1"	1	0	[1, 1]	98.2378468118150194928114941645145006898033356721232575060617781993301906937015231514706617145	1	1
"1.0.1.595.1"	1	0	[1, 1]	98.303713012468889936112948667325824318958727266311527381998993749001974919263711758869262539957	0	1
"1.0.1.596.1"	1	0	[1, 1]	98.3058732802527195220479949637673140220141962076905224198783277074132523982866124610481765372295	0	1
"1.0.1.597.1"	1	0	[1, 1]	98.49718967006445777157991692106063888209461923865054303317991745170207957428255670195079863075	1	1
"1.0.1.598.1"	1	0	[1, 1]	98.56977374102582865944815528437049433658931900340461103999165991680691929032789468519016895065	1	1
"1.0.1.599.1"	1	0	[1, 1]	98.7594973496787791109586006673745103078635192819428269718309884617660486650358274930008617497752	0	1
"1.0.1.600.1"	1	0	[1, 1]	98.76496727377225885054863061680935855180584737497773920140316887538360945608218933906387711485	1	1
"1.0.1.601.1"	1	0	[1, 1]	98.80817265353402140068914799829714749864949128995602089429916810807654311878288260346422976573325	0	1
"1.0.1.602.1"	1	0	[1, 1]	98.8725321686227405651787743109387418246046276456086366021659655432879137369680961504546686632	1	1
"1.0.1.603.1"	1	0	[1, 1]	98.9475230151187443939719936380685927806026822390851086164159644420181185054571182347228080264367	0	1
"1.0.1.604.1"	1	0	[1, 1]	98.9635620848534508063866395520797475026210065219143310668747399918961811689000824234512478885	1	1
"1.0.1.605.1"	1	0	[1, 1]	98.966217465543833729375371952200307568902075830411867792500688728178342160843129220937761565595	1	1
"1.0.1.606.1"	1	0	[1, 1]	98.98231405940292278498985716452747745596912432648246462252115969989683855151456780123048507687195	0	1
"1.0.1.607.1"	1	0	[1, 1]	99.1852588674912459613662105900504161576256393372418674088648720340281549310452427930944437852292	0	1
"1.0.1.608.1"	1	0	[1, 1]	99.312338973945546720010660039976310464908053440229755644630281782360969876471154358677830012	1	1
"1.0.1.609.1"	1	0	[1, 1]	99.49395832486980724303273518099221347597911779625097298416484011885018410712425537846128070165	1	1
"1.0.1.610.1"	1	0	[1, 1]	99.5398882157325104763512799143335279751370887087862862748127305446139835481104101161443614659	1	1
"1.0.1.611.1"	1	0	[1, 1]	99.57906934336255320439405137904039425167905697174523175295471754373714491646546162036564984505	1	1
"1.0.1.612.1"	1	0	[1, 1]	99.68251729360060302140827184163797732908984455849461926906303681599235290667378028513883602165	0	1
"1.0.1.613.1"	1	0	[1, 1]	99.7232413218314866269489431697833140185751725929232413624034440881881053089122476641365582793	0	1
"1.0.1.614.1"	1	0	[1, 1]	99.7978778769802815673562093799598677075509876033827509928020437707148412338600564155033053141635	0	1
"1.0.1.615.1"	1	0	[1, 1]	99.84563528764499388167258088162353932254097892142742327280708704855629275546730732192672566589045	0	1
"1.0.1.616.1"	1	0	[1, 1]	99.86259201648173807803398384830106110359660910136547789392874923168902586323829984010425613343695	0	1
"1.0.1.617.1"	1	0	[1, 1]	99.89216723356556297651736627807680920933178556679248744664548951429029123073790798536596045295	0	1
"1.0.1.618.1"	1	0	[1, 1]	100.3933269305940387020176105733114447115012691435831771607404499124747218756083327396144109235	0	1
"1.0.1.619.1"	1	0	[1, 1]	100.4196985587600477056784514808606891870371719142335627461619805269379858099256109394385756075	0	1
"1.0.1.620.1"	1	0	[1, 1]	100.593936049856393976020998017048344120872260137698939797048697581004640394697036199589316885	0	1
"1.0.1.621.1"	1	0	[1, 1]	100.7343589737451407104761347422775536752273876561301663068237095699964015331550309737276967930	0	1
"1.0.1.622.1"	1	0	[1, 1]	100.7708378635267015208525682688171432635120041082470115332838109568770949672112035489548447105	0	1
"1.0.1.623.1"	1	0	[1, 1]	100.885153102582792651238892116873399215549885938903841167804064929959004182672090437594483401126	0	1
"1.0.1.624.1"	1	0	[1, 1]	101.2405668985706510663857919956564086794785317208504473575782597275846497153572995547465158115	0	1
"1.0.1.625.1"	1	0	[1, 1]	101.5617662735587817788337339555544502771138171336409385674302973890286991599291713029288084088	0	1
"1.0.1.626.1"	1	0	[1, 1]	101.576307115679287619565251535832177118108298652441008878789799649077691690562155871648512473	0	1
"1.0.1.627.1"	1	0	[1, 1]	101.7186037489348897060509432009098743892705725066048932723876151559127347119962237453810931885	0	1
"1.0.1.628.1"	1	0	[1, 1]	101.934118678344482660335301864871530143145167785915787939415072959501653183574787461537843124	0	1
"1.0.1.629.1"	1	0	[1, 1]	102.064435833246926775373281349283306679016051475983375848575595433730626371566394840404525977	0	1
"1.0.1.630.1"	1	0	[1, 1]	102.22727318102574615051948831858177140719683538777542623919124484041007819294352167573652811775	0	1
"1.0.1.631.1"	1	0	[1, 1]	102.270137326311003790278805135797143031547195209458463646536271749828193656262955897399012855	0	1
"1.0.1.632.1"	1	0	[1, 1]	102.519526897395026056935318533952325652880648026005150706738218758675402034430170873383303980	0	1
"1.0.1.633.1"	1	0	[1, 1]	102.666689573249964736713460845732549631728919473932560165126816117561460356370213376221260024	0	1
"1.0.1.634.1"	1	0	[1, 1]	102.7836324860805578359277326297542764724889709972453264599359291653074938130113746086423229165	0	1
"1.0.1.635.1"	1	0	[1, 1]	102.9202132538937826638027488113396286917580783257777131562057470584386964443613068913519423215	0	1
"1.0.1.636.1"	1	0	[1, 1]	103.1761881331193435384374645316834297912700309449362208298724479912461897928051936811145360405	0	1
"1.0.1.637.1"	1	0	[1, 1]	103.352575662697578654467039679310612080496413950853249915450349911872984301435428274614380827679	0	1
"1.0.1.638.1"	1	0	[1, 1]	103.421340399917370880868473591133071294097938117982427991060547487440527310232205713648778723	0	1
"1.0.1.639.1"	1	0	[1, 1]	103.487082584654813785391048211013378453312912872336411110795144985968308196355160227577701155	0	1
"1.0.1.640.1"	1	0	[1, 1]	103.605092047440811840593673284502244697058382860947225504951335060014366351298862068248060589	0	1
"1.0.1.641.1"	1	0	[1, 1]	103.67365591940804649860745785359986687403579577137462902925148838184901017578271119428611235655	0	1
"1.0.1.642.1"	1	0	[1, 1]	104.043828222776496685275642290910760839332515200504852375351754109705970235355644638637318270	0	1
"1.0.1.643.1"	1	0	[1, 1]	104.215459407870866010814266047336851491513184686883563835410877272042971008777537137418134428	0	1
"1.0.1.644.1"	1	0	[1, 1]	104.259768301800012477678860596800211324572341826365428894796336897182346440466175784026777455	0	1
"1.0.1.645.1"	1	0	[1, 1]	104.4099073872574378737510244913406471076828495485362720981328252191135780329361829176580882165	0	1
"1.0.1.646.1"	1	0	[1, 1]	104.5210423096665111119116657027107970410215182073029741158515198195575638947119949559776045355	0	1
"1.0.1.647.1"	1	0	[1, 1]	104.576634579887170337563133465265006696229898650834103354598622400978221521470405566165634816710	0	1
"1.0.1.648.1"	1	0	[1, 1]	104.95131472023345640712600679049214678763489619271016238987593257604485335034274626400698365	0	1
"1.0.1.649.1"	1	0	[1, 1]	104.989279055653210694153080004274124852184764974426265155274366173410576198394285342740782620	0	1
"1.0.1.650.1"	1	0	[1, 1]	105.1590405325973493210215345721703163533388580781446367188012821408902110274191966700695072445	0	1
"1.0.1.651.1"	1	0	[1, 1]	105.2046218265120512181812648851654875392421446048673704543869299793036861944476211549170276815	0	1
"1.0.1.652.1"	1	0	[1, 1]	105.341046936899976989160338865634395840449689771986345927910246875308639733392968182057770864	0	1
"1.0.1.653.1"	1	0	[1, 1]	105.489881618606118578878704634013655325736899217553743208421968775230949252418434901820768795	0	1
"1.0.1.654.1"	1	0	[1, 1]	105.4964835386380284992517641344530891847513624456603963204286737000646798318484369010871485010	0	1
"1.0.1.655.1"	1	0	[1, 1]	105.897571147436420081099324942441033745442063718946968063202637681266843239690831447217364943	0	1
"1.0.1.656.1"	1	0	[1, 1]	105.955417785855712253917615814294862184361232375865508248620178724627200783883909506153074625	0	1
"1.0.1.657.1"	1	0	[1, 1]	106.212757480909337517835766185002098890820509317460440430690349507652429419431970296446044378	0	1
"1.0.1.658.1"	1	0	[1, 1]	106.261473639651595301569940508141648886278458558511667876191614899939506969001481817136796015	0	1
"1.0.1.659.1"	1	0	[1, 1]	106.462398684284568832861068500544663411479018493202127342052450493305452809080735134649954752	0	1
"1.0.1.660.1"	1	0	[1, 1]	106.6235733358260041934827036630784522530732391627213944704390998873196932268611690697390004075	0	1
"1.0.1.661.1"	1	0	[1, 1]	106.7989075485790749240888253218817139796738206507053454036225010908643586041509205830326925509	0	1
"1.0.1.662.1"	1	0	[1, 1]	106.847293472974343446119291360676653868302476594219063002411810149053974690651951646086041645	0	1
"1.0.1.663.1"	1	0	[1, 1]	107.0082925493708366903560887952721530308385149179562676114909917672925383995019530583852291521	0	1
"1.0.1.664.1"	1	0	[1, 1]	107.117864791217482001882779093958278380119257319929475751714968771240576465864826154472351323	0	1
"1.0.1.665.1"	1	0	[1, 1]	107.176978914673968735492468613609700546830894031784334992420382982975768631912849577489156628	0	1
"1.0.1.666.1"	1	0	[1, 1]	107.4291020743657252975376128489512795590068045630469094719705285284472284593704195628633451705	0	1
"1.0.1.667.1"	1	0	[1, 1]	107.772857463311039696959206364148307545104015056419966607489646270776481644876958783508698331	0	1
"1.0.1.668.1"	1	0	[1, 1]	107.790519219232221659380934105376448831902622094514021452553442541212351789629649565022705395	0	1
"1.0.1.669.1"	1	0	[1, 1]	107.8085631561384683504636879331748739999473884460256417182759119219027602485402825115886737395	0	1
"1.0.1.670.1"	1	0	[1, 1]	108.0162880790699580508937298044601534961862592517731372760437655994574455688131526628901576128	0	1
"1.0.1.671.1"	1	0	[1, 1]	108.125221042245256061336139353203963126101426669895978512842105917863760781116087057347910891	0	1
"1.0.1.672.1"	1	0	[1, 1]	108.229613335099610253246833633555725897517392678383836455202012335267615242057862118547040052	0	1
"1.0.1.673.1"	1	0	[1, 1]	108.512910760208023795161526831101151324281833635574742763414194162601138141570648662757184298	0	1
"1.0.1.674.1"	1	0	[1, 1]	108.7834801286290374650366864502387785147087676904909738493943059122437624855151545883354678345	0	1
"1.0.1.675.1"	1	0	[1, 1]	108.7887454301910808602912577197830332851583498581672035738142285166912761041288256088327336525	0	1
"1.0.1.676.1"	1	0	[1, 1]	108.817258953782829443276062472238635469756342055266595799771027762264059028601270328607718790	0	1
"1.0.1.677.1"	1	0	[1, 1]	108.828858169222997851150877083219071042752052977258389093474377915916039726575761974748166870	0	1
"1.0.1.678.1"	1	0	[1, 1]	108.9354524237472335089625009809324274285795821047310433688305383342032070964651528732553906045	0	1
"1.0.1.679.1"	1	0	[1, 1]	109.34444849679161554751074697911272174284133591853958450989258936372602831994449736673890149275	0	1
"1.0.1.680.1"	1	0	[1, 1]	109.575131359910948782830677006148062379999002549846610194658918642175081187840594978573481847	0	1
"1.0.1.681.1"	1	0	[1, 1]	109.583855357598347482810364655813263005625682859492702208383730177262372085372726666452265154	0	1
"1.0.1.682.1"	1	0	[1, 1]	109.6572081984034306820773046702130025423019391611235157953204396943935324224749365516651916755	0	1
"1.0.1.683.1"	1	0	[1, 1]	109.829924305265657541089192032455070165457588066462562032477304858212739398748037826111231541	0	1
"1.0.1.684.1"	1	0	[1, 1]	109.83938524413830852796204918326421872709809330242943602413370145864009021131140158471798475105	0	1
"1.0.1.685.1"	1	0	[1, 1]	110.170114925293683490579469034639767377349957339701026789252559519191801867135713327643602908632	1	1
"1.0.1.686.1"	1	0	[1, 1]	110.1784413444856491126287266950204912207381668790564154543601729410263912895845774364534330245	0	1
"1.0.1.687.1"	1	0	[1, 1]	110.279195526973423831283154913169566775794277612739915355669476754302416962630512527298872620882	1	1
"1.0.1.688.1"	1	0	[1, 1]	110.2930507910308116219030791058383980451347005646098131911064616676783076645663133973011802965	0	1
"1.0.1.689.1"	1	0	[1, 1]	110.300013184602870810774875192025274981491616556349105595150131917529260523473815396644151260457	1	1
"1.0.1.690.1"	1	0	[1, 1]	110.354044362429583312908500424725107950560643261929665280816241704214778685434311666322428971619	0	1
"1.0.1.691.1"	1	0	[1, 1]	110.4109379289178050503478567337666925982355307965361019075724672199953243057418205111938850792895	1	1
"1.0.1.692.1"	1	0	[1, 1]	110.5275044975397381006507441795602991783338194528372999363569060386611591969867160615187860525825	1	1
"1.0.1.693.1"	1	0	[1, 1]	110.632573702886170140781577054586773607359710299891176453403661124173791484706825932292558612	0	1
"1.0.1.694.1"	1	0	[1, 1]	110.769764512888686172206925011164566576952434233001882738765624700185953312528044280677908866997	0	1
"1.0.1.695.1"	1	0	[1, 1]	110.782960531667033540712587634862276617929118654516684434555356013600651575825090171746858040	0	1
"1.0.1.696.1"	1	0	[1, 1]	110.85106185310293575832261279487287587715486396368263449365403680293889296864561947100560171182755	1	1
"1.0.1.697.1"	1	0	[1, 1]	110.8951248308917625290045741244595276995990171363580921533689896618871069540753534974194731085	0	1
"1.0.1.698.1"	1	0	[1, 1]	110.9253031196520938929888716792777013131723057904778670479941405071220758209129605027176490648515	1	1
"1.0.1.699.1"	1	0	[1, 1]	110.951150503495140695610381287768627441024363575756975782874669468327801086085000692959475600755	1	1
"1.0.1.700.1"	1	0	[1, 1]	111.015257209093175779236929207997435936421970905804808810617669829207678111540645927402996095	0	1
"1.0.1.701.1"	1	0	[1, 1]	111.0844598584480159097499168379135773123577651909814885376028597111189875658425033449263743335	0	1
"1.0.1.702.1"	1	0	[1, 1]	111.1232152234860762497216760262296429165958237492005519644918102900173892856029160138880020095775	1	1
"1.0.1.703.1"	1	0	[1, 1]	111.278779871592466223465517650865152554157358461384977862108690068188085331616595129457079152	0	1
"1.0.1.704.1"	1	0	[1, 1]	111.3089434082997519895441353522887053719479464064150402017736425070867328003005724831929651401085	1	1
"1.0.1.705.1"	1	0	[1, 1]	111.3263725158705445453845893254535815908267189929228186945150156791328229048761598277994620023925	1	1
"1.0.1.706.1"	1	0	[1, 1]	111.47142999528750196376223960228150109341527900458566866152101586906121309937132256780920065395	0	1
"1.0.1.707.1"	1	0	[1, 1]	111.493348074414296402007396868602200918316847129737983486240458461553779297902697257237957211	0	1
"1.0.1.708.1"	1	0	[1, 1]	111.5354588801365206789044409710546205529609057610649791080440058658644157244404494527649414678655	1	1
"1.0.1.709.1"	1	0	[1, 1]	111.645748865318084133920886013313479366107218352967215596158743186340881945895969081098760422709	1	1
"1.0.1.710.1"	1	0	[1, 1]	111.6787302732216521765097496671983811887639196932453879003156153583071342410519305765315978115	0	1
"1.0.1.711.1"	1	0	[1, 1]	111.733431647643287665589893148751544525244271495813144325741318384523827745575321931387727553789	1	1
"1.0.1.712.1"	1	0	[1, 1]	111.82152136837592196072539933171346745750864373157831535037231141480883095463609841188213988537855	1	1
"1.0.1.713.1"	1	0	[1, 1]	111.8826083105094757059494852542551601945055080474256467081022294877046230102638928672595074103525	1	1
"1.0.1.714.1"	1	0	[1, 1]	112.048896003413867326832714151942876296797359517881114679710312425697942730666351900213560302	0	1
"1.0.1.715.1"	1	0	[1, 1]	112.100963932379686198877599556952148270369535542298851925963920271654818085901481368030637145	0	1
"1.0.1.716.1"	1	0	[1, 1]	112.1322356445931346949271202903576792234967973270761678907723224944020772023732886874347180367955	1	1
"1.0.1.717.1"	1	0	[1, 1]	112.138872603269566635829673937381103834608100232435551697298399347058490074806747641219162775	0	1
"1.0.1.718.1"	1	0	[1, 1]	112.154924196580728266392342048861114886200596474288079807308191433388285586126685070371417686816	1	1
"1.0.1.719.1"	1	0	[1, 1]	112.3073180362222791223566188517957332921066506802399850294319785951271107136014556795747097675	0	1
"1.0.1.720.1"	1	0	[1, 1]	112.32703691408811586565853415124737355456562430260263785461221559874144622494696417641411049367	1	1
"1.0.1.721.1"	1	0	[1, 1]	112.4145771526597129349127887607919920131515481282753370480345988204571479591968603390136598134695	1	1
"1.0.1.722.1"	1	0	[1, 1]	112.4444915400861666425953976304206330715480727635691521921624914291177151986916514761189233102177	0	1
"1.0.1.723.1"	1	0	[1, 1]	112.4511496391858899367875170881118815148166352034871409993815311113829046570610645020370180560415	1	1
"1.0.1.724.1"	1	0	[1, 1]	112.4517156999537425902022924575238283065987503030716556214283650295668989779858051698719570138	0	1
"1.0.1.725.1"	1	0	[1, 1]	112.616289125343189728920095239803501163530801986017823643348561219577876701973803010534936751821	1	1
"1.0.1.726.1"	1	0	[1, 1]	112.65602329589644169642711411610989345285721689151360260316143959919279060112832786102514044	0	1
"1.0.1.727.1"	1	0	[1, 1]	112.729662333095152583662810340864263820681444440102367540783452577921343024449680666775788771218	0	1
"1.0.1.728.1"	1	0	[1, 1]	112.7530938460958114945037870713644694997472147255843426461337767640054254311616733757463302171774	1	1
"1.0.1.729.1"	1	0	[1, 1]	112.877687486699686019257333029673795355397254444197099363309132774541487659240396563639837811254	1	1
"1.0.1.730.1"	1	0	[1, 1]	113.067187381715724971714250139536231640629738458875695402872816326048999648492783971699569274	0	1
"1.0.1.731.1"	1	0	[1, 1]	113.091425058461669247675813655936488319045828562497589166977619878364469479366606543271118773748	1	1
"1.0.1.732.1"	1	0	[1, 1]	113.114241654510258941226310492286314054470407756410191232834341481989261970986077165790488858084	1	1
"1.0.1.733.1"	1	0	[1, 1]	113.1776176345749451431472759303272371887913729347343509564960937614934737987277132463155616441005	1	1
"1.0.1.734.1"	1	0	[1, 1]	113.198566095447541187101276968845729063328087582891102201499110378310910875603557216716824118	0	1
"1.0.1.735.1"	1	0	[1, 1]	113.2110287511344429499658105957712732591450948625273873532704528418942691885542183136047561625	0	1
"1.0.1.736.1"	1	0	[1, 1]	113.299066686409484776547761122078281596378592827776481677791384294546245036980145221823752350	0	1
"1.0.1.737.1"	1	0	[1, 1]	113.302675339860991988085730235284922737282223716656633260961506746917880663683988857015901773706	1	1
"1.0.1.738.1"	1	0	[1, 1]	113.357732502783622048618357829604893410379565617731931898792877627185600030976401070705138345	0	1
"1.0.1.739.1"	1	0	[1, 1]	113.535135816138172680705645734219217567587180643306898838047123450050546836996048968947616291505	1	1
"1.0.1.740.1"	1	0	[1, 1]	113.599617022759869948664401490772812184238334870287276129355115583901206744743544269607651703073	1	1
"1.0.1.741.1"	1	0	[1, 1]	113.725066311892559852615633969579544730451170318122834641003891195134246150251601665889591596	0	1
"1.0.1.742.1"	1	0	[1, 1]	113.749504888077364369757467678621525920769871799299279041118492643756594965267033711214525985777	1	1
"1.0.1.743.1"	1	0	[1, 1]	113.9241344279867221964331958363025182498677520994538983374341590453308259962711961703989934635	0	1
"1.0.1.744.1"	1	0	[1, 1]	113.949651229579550789310328602470815279792392244633447027139091520275068411810762647314416365	0	1
"1.0.1.745.1"	1	0	[1, 1]	113.98800717722118102033882146121753601397081400553785036234546027794730072705037442673832467296465	1	1
"1.0.1.746.1"	1	0	[1, 1]	113.9895912792480787246252966400254291290308695122855568580779532185779706624674004998186883495	0	1
"1.0.1.747.1"	1	0	[1, 1]	113.9987040564319675878218694866588388042446660537001917320369843451703954152623042646498492164875	1	1
"1.0.1.748.1"	1	0	[1, 1]	114.0405459463787270330134049639170093768133520889944197121913638603660141544113956147500536797234	1	1
"1.0.1.749.1"	1	0	[1, 1]	114.162545274256478308076455622619382817481147581986962613762338663285640111575968526174360756	0	1
"1.0.1.750.1"	1	0	[1, 1]	114.166295193755787309738222770604529724347336893822582121533508555971487493129603079926509566	0	1
"1.0.1.751.1"	1	0	[1, 1]	114.176093083989892692506958802534659950284225156498215908770842986728926083896035622485275114718	1	1
"1.0.1.752.1"	1	0	[1, 1]	114.3227906961404111159097941380654380256748049133488942791657736633143340165494223755428246442755	1	1
"1.0.1.753.1"	1	0	[1, 1]	114.3427562730288058858254958594743229719668623518308461200713428680299556978543779900965653417	0	1
"1.0.1.754.1"	1	0	[1, 1]	114.403346885570270086288030252570339494018714470362151003351745286216365155707191399999666735	0	1
"1.0.1.755.1"	1	0	[1, 1]	114.434971132162611726942800829167010072540407191020397841707647759813889626063321774821244281975	1	1
"1.0.1.756.1"	1	0	[1, 1]	114.47193886130774417772273932183310950527571694550602668183551383134438776826879129250841069806065	1	1
"1.0.1.757.1"	1	0	[1, 1]	114.561091551240565840089133587099782497659345281780961183667768195635847792137959746606184855124	1	1
"1.0.1.758.1"	1	0	[1, 1]	114.700100095699742030938123876461637752504608477173967758038775649888299268501173834715758985	0	1
"1.0.1.759.1"	1	0	[1, 1]	114.71603112839161621101753277925730289395011132236837903097430547457845559628762192912412002030	1	1
"1.0.1.760.1"	1	0	[1, 1]	114.7946064328806001565405249269428960236957099372694362577656454227952178728290668905295578037716	1	1
"1.0.1.761.1"	1	0	[1, 1]	114.842509822278376977285209360207298713820975647994003670393205769851986703887135502732379979	0	1
"1.0.1.762.1"	1	0	[1, 1]	114.891343742991330298037034190957888333148787887049522245063980254687325886008912303413386503	0	1
"1.0.1.763.1"	1	0	[1, 1]	114.993634991387921742896880867895586350831621567848591050408316591329572243215255881167229520059	1	1
"1.0.1.764.1"	1	0	[1, 1]	114.9978531470109506032422206560121537162714551641785432358835053815710618428409121584552265860945	1	1
"1.0.1.765.1"	1	0	[1, 1]	115.0492933208716891169866173487480956475494951522394383034255588611113827866504062108059085038	0	1
"1.0.1.766.1"	1	0	[1, 1]	115.229052808752977888865766507833862530602317683425376914237801850298811521364989279619460718334	1	1
"1.0.1.767.1"	1	0	[1, 1]	115.2379348651338678533708682868473900325086964531684270244569757606263042144162199954288367165	0	1
"1.0.1.768.1"	1	0	[1, 1]	115.373089842341696759838776020275798357617450555040571504108110837299537415976633160050194379422	1	1
"1.0.1.769.1"	1	0	[1, 1]	115.39101763502451814046130598205423369936818078987858524077438359334925693628855952064161062615	0	1
"1.0.1.770.1"	1	0	[1, 1]	115.4180432446408756591734883373352327236895786326552319396953245470659196026705602840144090785	0	1
"1.0.1.771.1"	1	0	[1, 1]	115.42916504753524938642930021655795039113583310679201604730339326473731483729741031269201708356	1	1
"1.0.1.772.1"	1	0	[1, 1]	115.47097601680949863743717908050763116790959077976740309740462758344752134706193748006435759436255	1	1
"1.0.1.773.1"	1	0	[1, 1]	115.6074954793889945803575035446734895699587908254553773847522432556557905769887044190585938059	0	1
"1.0.1.774.1"	1	0	[1, 1]	115.7492233485246180814449580876222592238759005699509848519787305766393805146940555058329917833599	1	1
"1.0.1.775.1"	1	0	[1, 1]	115.755591929274694357995161558424815878800514716359039533553785157709577339693999071270960172	0	1
"1.0.1.776.1"	1	0	[1, 1]	115.80956673764036916253912420758843267508734203407167418044046632925405901444732166229753728435	0	1
"1.0.1.777.1"	1	0	[1, 1]	115.8233473047717993260582742821405275011781416636790273872093833894397391290324597858014716930405	1	1
"1.0.1.778.1"	1	0	[1, 1]	115.922304226446698187484702556026566040088960558553692144106760716746437905011927466509804771022	1	1
"1.0.1.779.1"	1	0	[1, 1]	115.9238062837949770691813971345594801051560881015693274056196420637709322956421531235877824349033	1	1
"1.0.1.780.1"	1	0	[1, 1]	116.0517637110542081607743950137260621408739915383525452175983885096360096065425406205733126825	0	1
"1.0.1.781.1"	1	0	[1, 1]	116.0758357746552163917920243360818449350827828803902573167261267986272219297718783241147109062	0	1
"1.0.1.782.1"	1	0	[1, 1]	116.1486883723693244990627230574061089764139415399420309404960927044994931997553553865393588902103	1	1
"1.0.1.783.1"	1	0	[1, 1]	116.170630612543309533537075992368571129285208784679462533742825531022965788518904364531208280968	1	1
"1.0.1.784.1"	1	0	[1, 1]	116.3600532443363944307029268492668969941544011308228988369166804681597250560199771089559420255	0	1
"1.0.1.785.1"	1	0	[1, 1]	116.415794517668580031108353514041448169203847562804660506894292226628410258857799848145221406067	1	1
"1.0.1.786.1"	1	0	[1, 1]	116.4945615423497034839168627897581017714328770535296331662596514131313400939265054166928550495	0	1
"1.0.1.787.1"	1	0	[1, 1]	116.576807951325070382673572981982391318121386563111487296045326492024816324771719965061679630016	1	1
"1.0.1.788.1"	1	0	[1, 1]	116.600222473081986483249180785749175324117216354426973612425815705157751107951543277057205232027	1	1
"1.0.1.789.1"	1	0	[1, 1]	116.6071291876178902092970706232832601621339182456871599575500674374198085877200881555724860546245	1	1
"1.0.1.790.1"	1	0	[1, 1]	116.6713038174833740790167999945467996799681079270914989006748621247154125226129354500886447575	0	1
"1.0.1.791.1"	1	0	[1, 1]	116.691542569475786645936177612041816471745235100874419123984155683371942970230031566797795133	0	1
"1.0.1.792.1"	1	0	[1, 1]	116.742465257519863395788682755682109779664920301904692739580171055629904436844582906028037573197	0	1
"1.0.1.793.1"	1	0	[1, 1]	116.7737025344682392984973716548080231607821177827949693125391871809899321250699955893220635044278	1	1
"1.0.1.794.1"	1	0	[1, 1]	116.875120080820105107076147591080496872467294609679690725745612034314955888877519550048434902	0	1
"1.0.1.795.1"	1	0	[1, 1]	116.914052900003904162255852059582033622203896246455163637625899420825096265187275183286372031424	1	1
"1.0.1.796.1"	1	0	[1, 1]	116.939801083212952986794534486731839223475683773856547203816064537675630193625799952401529294945	1	1
"1.0.1.797.1"	1	0	[1, 1]	116.999527770366041384772968631101282447992564722670046678153025622773410990902213562563002329	0	1
"1.0.1.798.1"	1	0	[1, 1]	117.13569617468866691485114915939498499521334540354460352440780873306091879623306125517682442922	1	1
"1.0.1.799.1"	1	0	[1, 1]	117.3445258920559570368852511119637462415748375622542247633613917836898558734918775480891920443165	1	1
"1.0.1.800.1"	1	0	[1, 1]	117.3508876177154045460451906032827135748898285435046619438508053435504138390558923682482994936756	0	1
"1.0.1.801.1"	1	0	[1, 1]	117.353257219940536982759003514327488562438747051170593906662978116723045563164239435121937233345	1	1
"1.0.1.802.1"	1	0	[1, 1]	117.3767345176269078298346854100476999229465248028378799100698812783900375239474750550774041754195	1	1
"1.0.1.803.1"	1	0	[1, 1]	117.44546133047351178700705211394227074793085932856575021212254524796911683017361475674285286255	0	1
"1.0.1.804.1"	1	0	[1, 1]	117.5248999687644316720139195770791104967556814751857530068460274376553815329357071561139384775	0	1
"1.0.1.805.1"	1	0	[1, 1]	117.547955902033386146050171024432060243697661619196002490278789894603924198382573574532777951	0	1
"1.0.1.806.1"	1	0	[1, 1]	117.62528386476597902934038681497269721912636682114861211893558336813956452737527097493399879065	0	1
"1.0.1.807.1"	1	0	[1, 1]	117.6466762557250685185169326921870880914878729955402055604162873360493149162371619430220748725	0	1
"1.0.1.808.1"	1	0	[1, 1]	117.6838371158981049971648693219046011343148940256829380512167226445525716810516734476985866855	0	1
"1.0.1.809.1"	1	0	[1, 1]	117.718066409759122094107052058907232158078223534534320638815535972967908432900858782979109332033	1	1
"1.0.1.810.1"	1	0	[1, 1]	117.801639148879053736703387638597681251780448764131377884004589106247522139642728056476177748469	1	1
"1.0.1.811.1"	1	0	[1, 1]	117.8391508999702166156046900281964485834068329653200657338991216862615557514775328164738328462690	1	1
"1.0.1.812.1"	1	0	[1, 1]	117.8551725182678614358244113931838994626749613131291114669436394454913295447119174327474048446695	1	1
"1.0.1.813.1"	1	0	[1, 1]	118.0089877844251504746453378319700329257554152495201989672671343872632485992382859428435696295615	1	1
"1.0.1.814.1"	1	0	[1, 1]	118.0933309318560195245773935691129543416242429769508934030898994366672169316958809994326847444521	1	1
"1.0.1.815.1"	1	0	[1, 1]	118.1144097835358432738162006852277011331905130063846742318491003622838373104688453689826836215	0	1
"1.0.1.816.1"	1	0	[1, 1]	118.1411654612173660006327629871185897275556527891158973701931590508557621374895614852379796985	0	1
"1.0.1.817.1"	1	0	[1, 1]	118.257813998866098277205339058088822255428202774891931823833316266876012463185514305415302486087	1	1
"1.0.1.818.1"	1	0	[1, 1]	118.3146152134887913168699748004542213693144299360710258496704723963944069088565645763612488325	0	1
"1.0.1.819.1"	1	0	[1, 1]	118.317857675335461475776171832528848974529855112300769251197640333693638342417726934827870962	0	1
"1.0.1.820.1"	1	0	[1, 1]	118.5179435329198873715890158028005214622046543440418145664967847736209108195753720981815654393915	1	1
"1.0.1.821.1"	1	0	[1, 1]	118.530476408485696939900219718321767212761794486343233189916485246098417436009924489119497277172	1	1
"1.0.1.822.1"	1	0	[1, 1]	118.5376911329866743712947068100103658670730258902983733447779026641018551156502489543682858555	0	1
"1.0.1.823.1"	1	0	[1, 1]	118.5668557342179998052487996610952608706226230432037391906367399820267698590423566625636982005	0	1
"1.0.1.824.1"	1	0	[1, 1]	118.6008058935419731066877991681131578491465996055493480731448457390510370656485582676890494935	0	1
"1.0.1.825.1"	1	0	[1, 1]	118.6751734882282511972967535553998030139033412142452121624740477923903162912487904765823362239985	1	1
"1.0.1.826.1"	1	0	[1, 1]	118.7726055378922434680393985619834349371196198375108872273388386332057403216714328650579798192859	1	1
"1.0.1.827.1"	1	0	[1, 1]	118.974177820831995549672508817666789909165187282688044861642957734598404641192529397428202827	0	1
"1.0.1.828.1"	1	0	[1, 1]	118.9918565962516055040818947947613658607689812832969655026001692364960793149772345321806541160521	1	1
"1.0.1.829.1"	1	0	[1, 1]	119.018505771366672417590860916624590511306972301479280337238316007278871478881593603702263700173	1	1
"1.0.1.830.1"	1	0	[1, 1]	119.07054111662200105952701356205440325708490366189654631745000672510026579820473525444561687716135	1	1
"1.0.1.831.1"	1	0	[1, 1]	119.104779224936785885545477836417638740300148825489810907467618229909451554611203557817909895767	1	1
"1.0.1.832.1"	1	0	[1, 1]	119.1228072888409045010115911124670384678103554450669256639993155088158874325418613415164405905	0	1
"1.0.1.833.1"	1	0	[1, 1]	119.2118754122934208649985661440442602256151553128464194908985251460168837874894565089644261072	0	1
"1.0.1.834.1"	1	0	[1, 1]	119.342415646425091437241348932767718094663211037574623090225951507819788470274297139174114362690	1	1
"1.0.1.835.1"	1	0	[1, 1]	119.3452953111678184976027801366089069201844335227831659717140780093161456439520008114844436293715	1	1
"1.0.1.836.1"	1	0	[1, 1]	119.3505307046604507575166966111904822371118778658138235324744135596549556730858515173364438665	0	1
"1.0.1.837.1"	1	0	[1, 1]	119.352755940529702574409219948215828641186409709384905551851934925879261899560795271336456947	0	1
"1.0.1.838.1"	1	0	[1, 1]	119.432526522168525823860637272652335107323693936272515814693807721956867533418006346134126767825	1	1
"1.0.1.839.1"	1	0	[1, 1]	119.454122032054185296657766471876907044084088706579902389295519237202134051644775543586982891	0	1
"1.0.1.840.1"	1	0	[1, 1]	119.631705566745160435557510761635199397273031513158662647459740105718568539185357332410109783138	1	1
"1.0.1.841.1"	1	0	[1, 1]	119.653480702729616608972374444383179826497729471431253111780806083127156030559106234274723341	0	1
"1.0.1.842.1"	1	0	[1, 1]	119.6579770082321997558563642925560439240400658693891499409133538143420697572382115545524373347136	1	1
"1.0.1.843.1"	1	0	[1, 1]	119.8232193611402357430828996082929885767165662914277105167454975487860914033729362704501264910	0	1
"1.0.1.844.1"	1	0	[1, 1]	119.884328019029190275852696327672627821996372940351578753118032119853922566674189380531843191755	0	1
"1.0.1.845.1"	1	0	[1, 1]	119.8892722081118085269949693150010193112594661002680387967690713947735662847813896434312662674965	1	1
"1.0.1.846.1"	1	0	[1, 1]	120.0331217888861717899351256702354789340030361084489918814136241477771002751488063337244266604485	1	1
"1.0.1.847.1"	1	0	[1, 1]	120.0512592695511854950644530998816250035134939404651875549293723292666528203365810575823878705	0	1
"1.0.1.848.1"	1	0	[1, 1]	120.069282724488839847405422016405249787119303523030309180504464655528562883677829870020935011810	1	1
"1.0.1.849.1"	1	0	[1, 1]	120.169401018983139336448076244705995685905468142054679314844907694230864201280670898249283021555	1	1
"1.0.1.850.1"	1	0	[1, 1]	120.234004224413331732905095219595953342207542947240952753290144525468563565565705348270239335	0	1
"1.0.1.851.1"	1	0	[1, 1]	120.26469235128058113137690688436134220770860619093111191219647066711383329386225414030854479472	1	1
"1.0.1.852.1"	1	0	[1, 1]	120.350302515913810581760956181841880543773561374210578192261191336876583227818591501110386558	0	1
"1.0.1.853.1"	1	0	[1, 1]	120.4335896783322967799511120318513986125111241363519480042148961037425764887673434640129323285	0	1
"1.0.1.854.1"	1	0	[1, 1]	120.4582813016428802722480328043610833863440684203125955715027884323504876348761419163576166686995	1	1
"1.0.1.855.1"	1	0	[1, 1]	120.5222773441500487271682987541888660356327999887897067217589783595860600014741103631576785615283	1	1
"1.0.1.856.1"	1	0	[1, 1]	120.55390995980623735018731137853808026818349470495291151868516579318026778205509252176149396209615	1	1
"1.0.1.857.1"	1	0	[1, 1]	120.612684429777692949063551311789425720387747949985417733157982412133689627093009243927788315335	0	1
"1.0.1.858.1"	1	0	[1, 1]	120.6341197002504761331980946233456800573053839069614072712510067285387418190314151014069131958525	1	1
"1.0.1.859.1"	1	0	[1, 1]	120.695002072171684225189450774439583121465189382352782106471138854750597077220584516141157991	0	1
"1.0.1.860.1"	1	0	[1, 1]	120.8458389767676393799978215998648209933329593907630406530562873282772996675233997199708442507131325	1	1
"1.0.1.861.1"	1	0	[1, 1]	120.8583819011658889741289516528092659154544966821946651527786962923846984248631796689280695309	0	1
"1.0.1.862.1"	1	0	[1, 1]	120.8977543958080301800202987763855443766480316077829271038803728664076613546679606561947283276325	1	1
"1.0.1.863.1"	1	0	[1, 1]	121.0153869379626960926653922366411292263502381327057085815704361160297156681126807312658461911648	1	1
"1.0.1.864.1"	1	0	[1, 1]	121.0319212799370179187428692485875326210564936709893102463485332628831434121472084850413408079	0	1
"1.0.1.865.1"	1	0	[1, 1]	121.0431049087016529487620333418372180737477109763174576526807568769310479956193857112975209535	0	1
"1.0.1.866.1"	1	0	[1, 1]	121.0560833826469637867544164737126243508320470951477314542264697639408696776387286529846440110765	0	1
"1.0.1.867.1"	1	0	[1, 1]	121.1351233636907915222058503278558184450855305509919451282103835268361627703864060617728373447135	1	1
"1.0.1.868.1"	1	0	[1, 1]	121.237608463573511787949977644167317535341165992275128494554628360798208691393522191935609266274	1	1
"1.0.1.869.1"	1	0	[1, 1]	121.2983462411392115179676246566100592213993443426572153860222375883926252508280089371374089065490	1	1
"1.0.1.870.1"	1	0	[1, 1]	121.3068510899331414267848034597731755931564327834825598822406294582653215111848924672942612385	0	1
"1.0.1.871.1"	1	0	[1, 1]	121.354226586873031413048156900793744322781137683890759854429672191587718871918877869471636849	0	1
"1.0.1.872.1"	1	0	[1, 1]	121.621398812412976920591858953280014506442077956759745988609118129959100914000040740878691185490	1	1
"1.0.1.873.1"	1	0	[1, 1]	121.6866422771520135070129783325248687246625555745962052278332629454664925397385443878951244229245	1	1
"1.0.1.874.1"	1	0	[1, 1]	121.6978055600044969434589967996579756307891637989309755581643335426638459519582415753247289868795	1	1
"1.0.1.875.1"	1	0	[1, 1]	121.722654586605526865707954587141775426114120662582516141036767765617196880584269975788640588	0	1
"1.0.1.876.1"	1	0	[1, 1]	121.74496197588466736951186765367248251670101232746161504133994675583649618298264718354251661325	0	1
"1.0.1.877.1"	1	0	[1, 1]	121.745344489085819777177953025668850685301757223878235706141466544309611145550776385137228196	0	1
"1.0.1.878.1"	1	0	[1, 1]	121.7655683099068741084995940949890011911306597763341903014571007981626259620075885495228188164575	1	1
"1.0.1.879.1"	1	0	[1, 1]	121.8796480527294063218656051061870789759578760516822534324657883424876589877423159904825845684	0	1
"1.0.1.880.1"	1	0	[1, 1]	121.9208030121585505149381693949739837799629691728346406697752512066064196556166071416450483620685	1	1
"1.0.1.881.1"	1	0	[1, 1]	121.943484796279741548538718451967623474518192325665264160112806410860283799973371706714471313621	1	1
"1.0.1.882.1"	1	0	[1, 1]	122.09503640639842446774484210471407957752377544494413208075857170718963503043535101983787714725	0	1
"1.0.1.883.1"	1	0	[1, 1]	122.09672544038228534309790822252773609636590952169686841646991864737367931996347792299206160712	0	1
"1.0.1.884.1"	1	0	[1, 1]	122.1095456704194496603067078276593311866088765379691919617813274810204832562088879241866568924242	1	1
"1.0.1.885.1"	1	0	[1, 1]	122.1420536130904880649176280347538020282556063606517817930354553753551718134766478652163775585	0	1
"1.0.1.886.1"	1	0	[1, 1]	122.23009904436213887301281944361631811251433572719267169289725669185612288648809628881035298844785	1	1
"1.0.1.887.1"	1	0	[1, 1]	122.2764488409925470492172941060354089874126825994340103041328497507064695914673165642252552398958	1	1
"1.0.1.888.1"	1	0	[1, 1]	122.44996353958298892809939573628117010829185751786562941143137499875803889665185847682077074764075	1	1
"1.0.1.889.1"	1	0	[1, 1]	122.4587258972429501358726803279292875000791858860758035082406600059130170596410706095159474592021	1	1
"1.0.1.890.1"	1	0	[1, 1]	122.616300473661620977502244501761263722479877689322282237792767509156448292398859762881228918305	0	1
"1.0.1.891.1"	1	0	[1, 1]	122.6668709020514181893366944839044489509961648309463207683591606370382299398740223625554897705	0	1
"1.0.1.892.1"	1	0	[1, 1]	122.679794183515177180980340143599942455772538305906395891447526854205286669096727088115616031	0	1
"1.0.1.893.1"	1	0	[1, 1]	122.718775068019532919698157449190925720496733644545316878957832666843761220555363867497395269	0	1
"1.0.1.894.1"	1	0	[1, 1]	122.756063324246519102441121275356446215939115977265344033153016052148092701798649645982103506	0	1
"1.0.1.895.1"	1	0	[1, 1]	122.7693321419967475216228305935493901901574011175515820589446573679502103956158308733492977393607	1	1
"1.0.1.896.1"	1	0	[1, 1]	122.8305132048276716793951238344747368157805808303225974332381366294885764007530063675427142925	0	1
"1.0.1.897.1"	1	0	[1, 1]	122.906044545489687255705623722704479447043290431143783274855425256761269975558868388012267913855	1	1
"1.0.1.898.1"	1	0	[1, 1]	122.92825130552420078108076127561100837896720808555030325135820019352431541084900438653019911883795	1	1
"1.0.1.899.1"	1	0	[1, 1]	122.9900274811318322883248028226003936871667738387701058274806791593052740132722082960969703258430	1	1
"1.0.1.900.1"	1	0	[1, 1]	123.0865384229036452042726964934889802473600767425886113893274490613459815098842439516619826180905	1	1
"1.0.1.901.1"	1	0	[1, 1]	123.1095448767989435518290647636160809237728023931601274050556650147082527461747166351099718631123	1	1
"1.0.1.902.1"	1	0	[1, 1]	123.1913439994137966868597901454472679954717962970902033876819891530563898706598645425679107447337	1	1
"1.0.1.903.1"	1	0	[1, 1]	123.1932764527806855388006842655726902440182894431673330862375403719991081730100885169237560205	0	1
"1.0.1.904.1"	1	0	[1, 1]	123.3122320823817279884817739278708725998421822083087982053543813433147275781498684156380460058406	1	1
"1.0.1.905.1"	1	0	[1, 1]	123.3210586304006513066954696216983933688199321689407328876867407492481548221360768828505762246	0	1
"1.0.1.906.1"	1	0	[1, 1]	123.44939818789520676567616616993408882553792083639286792520566871112985001548166411071608330285	0	1
"1.0.1.907.1"	1	0	[1, 1]	123.5297229656824614227551331462149043353237850963954066256767596995720800010539378319787883030	0	1
"1.0.1.908.1"	1	0	[1, 1]	123.5815759588560907184926896893155515933645278257514541759061498135803139970569604800899747595	0	1
"1.0.1.909.1"	1	0	[1, 1]	123.604849741305278830421023679863168043005360953394618619259862714324917863001849375829150159291	1	1
"1.0.1.910.1"	1	0	[1, 1]	123.6765486922765209609802427925551504699240888160239823678556467066240168580845865793756789932608	1	1
"1.0.1.911.1"	1	0	[1, 1]	123.692555043274198249682994303983528279320703333805804297455922850507060896775991550923667756194	1	1
"1.0.1.912.1"	1	0	[1, 1]	123.74139919445970115305965672375534976054448297413386272701972033674963859198928385195354297375	0	1
"1.0.1.913.1"	1	0	[1, 1]	123.8331309255318920221637252952091097124609617781812982859759063067445158716182545471621211365	0	1
"1.0.1.914.1"	1	0	[1, 1]	123.8388284853822348700297940062536734093440483522997267959316896541318653555841999380358985158285	1	1
"1.0.1.915.1"	1	0	[1, 1]	123.8727236672750701954432618468037463704454903590273903564644052362191957538239127716486723255	0	1
"1.0.1.916.1"	1	0	[1, 1]	123.998348605369081280178221890113174361172431182107940641603490176980801168321213750255611906615	1	1
"1.0.1.917.1"	1	0	[1, 1]	124.0929840512540430803823987439686715709266077861528194796686783825927399957719773257747505017533	1	1
"1.0.1.918.1"	1	0	[1, 1]	124.13954668970575043950162125895875034047761912486637611850542704624275083643230292104670998405	0	1
"1.0.1.919.1"	1	0	[1, 1]	124.1621788832910002629379519015032636865459657741712029960400725513436032936165127125590272679190	1	1
"1.0.1.920.1"	1	0	[1, 1]	124.2126870733913144327564789630369856756484574297295510400155377653539322659626361186733555976	0	1
"1.0.1.921.1"	1	0	[1, 1]	124.253260410013169041003146517898549746965025870522063090778331354603778614705588026005937820919	1	1
"1.0.1.922.1"	1	0	[1, 1]	124.35084372816154076082388270209767083657034914304786226056311508424821998967086581433308302425	0	1
"1.0.1.923.1"	1	0	[1, 1]	124.374258314389153355185256661430211694989079490784594789400178182718080800413168114693939952635	1	1
"1.0.1.924.1"	1	0	[1, 1]	124.399470346361883815667145736403670427283089822213075245542949963596592350411819482371931328923	1	1
"1.0.1.925.1"	1	0	[1, 1]	124.497917382296760167704810065391165708146404888616216767271390181303642515805287049836760177205	0	1
"1.0.1.926.1"	1	0	[1, 1]	124.5181798748737851532343689213153411790826781139722924263664386948630871412095730594283952944	0	1
"1.0.1.927.1"	1	0	[1, 1]	124.578557914256167859053857858875667110997213354409936158195722615110997362609584015443898659345	1	1
"1.0.1.928.1"	1	0	[1, 1]	124.582385798711257664649525658581917792447923829296479726942715122007902396713857454488187024	0	1
"1.0.1.929.1"	1	0	[1, 1]	124.7807840195802652192433046864863774860239853696995519511974956729579999432506212291592832601985	1	1
"1.0.1.930.1"	1	0	[1, 1]	124.7999715416680448995184468818945925511827949460206809138486692125757061379653270049767727038	0	1
"1.0.1.931.1"	1	0	[1, 1]	124.86861504128094592413883143005915461511865365259029232958238108013567633571239491154159164552421	1	1
"1.0.1.932.1"	1	0	[1, 1]	124.8986908677182720535896181814867440411288955014767033755689966412946361156527847837093608925	0	1
"1.0.1.933.1"	1	0	[1, 1]	124.93166538348628415808947156929381843786311230222147881838411287802196793556937654418239588483575	1	1
"1.0.1.934.1"	1	0	[1, 1]	124.9944384466122121259919602763364866542884021443320186734486018983781570640460285195914297827	0	1
"1.0.1.935.1"	1	0	[1, 1]	125.0020821536391694927711668412574931934044099514275693932121540843865559938088964934291419591186	1	1
"1.0.1.936.1"	1	0	[1, 1]	125.0368588879812788473923269839965738916019512652118958157219761382663418810324480545983833211	0	1
"1.0.1.937.1"	1	0	[1, 1]	125.1777851298808467042360196906145005027833306381733556373788094617003193424966101235384502507354	1	1
"1.0.1.938.1"	1	0	[1, 1]	125.19887696774035273279203825871952899071913544504342045617374603604862856667404985246569898844745	1	1
"1.0.1.939.1"	1	0	[1, 1]	125.24453663917193417288224596153582514146806277323636084310814696088081032608054526501481313214065	1	1
"1.0.1.940.1"	1	0	[1, 1]	125.31384017701754844169354173927765291955474175356710615715182505172025434549756729840904410825	0	1
"1.0.1.941.1"	1	0	[1, 1]	125.3475585709687652560145848740810253276660450871161224035466004892599953513417965226570064145	0	1
"1.0.1.942.1"	1	0	[1, 1]	125.523987572809263249810073498285864517649432710101310569487269033936545843723297257441827944	0	1
"1.0.1.943.1"	1	0	[1, 1]	125.53072965711410153190759250835572697908761275642003984004143619247412446957626829101442770897205	1	1
"1.0.1.944.1"	1	0	[1, 1]	125.5312798560200973041419927591751551848756785321186020354652354479586961666592748492243647130062	1	1
"1.0.1.945.1"	1	0	[1, 1]	125.59176227284842959762929203382903642444706724968646641403978630930707399518327746089430150713	1	1
"1.0.1.946.1"	1	0	[1, 1]	125.6421920649110700804822267148374322505198372453658335050466051092948173514255176930801087429527	1	1
"1.0.1.947.1"	1	0	[1, 1]	125.6736019295285132953902635155072584927910873667895954876988239905046156422478952190460894305	0	1
"1.0.1.948.1"	1	0	[1, 1]	125.8964729376187941837541464435690574489440176548125540884856923496161352149285469759224240315	0	1
"1.0.1.949.1"	1	0	[1, 1]	125.9806613573023433008959553601770944934639247142219438471043490000737323884218339711844431710810	1	1
"1.0.1.950.1"	1	0	[1, 1]	125.9995401919436278746980291898318233725092611757321953066276734009755595152121580322086071853101	1	1
"1.0.1.951.1"	1	0	[1, 1]	126.0187785113247396531567069295489835046524633654625801490219581468311658789450293116292810775	0	1
"1.0.1.952.1"	1	0	[1, 1]	126.066381785512533930184608335910909816878258547119928407008972730815545242498825137254592811815	0	1
"1.0.1.953.1"	1	0	[1, 1]	126.1139945203358036251477214986575652998104630126558328126821940829055344335439887750855339012025	0	1
"1.0.1.954.1"	1	0	[1, 1]	126.1527716314488245588389537505303627218444708240054539882099489133139888495113489211435908683555	1	1
"1.0.1.955.1"	1	0	[1, 1]	126.247835438768553269790406535136101751666313075281571247027464821011317951352773381144600455005	1	1
"1.0.1.956.1"	1	0	[1, 1]	126.2504058607937261834717124699490287196576244115852157141546848200204767034688272949657013015	0	1
"1.0.1.957.1"	1	0	[1, 1]	126.28262834332617508456150961077460202959685585271882437936185837763496125808064540806222858468025	1	1
"1.0.1.958.1"	1	0	[1, 1]	126.3135693958081649026926594598329062736582340668590809375541845266693295811058381225489910375	0	1
"1.0.1.959.1"	1	0	[1, 1]	126.3211487082455777067058430453025490725403387707387076404670417800594446436966299168912550910	0	1
"1.0.1.960.1"	1	0	[1, 1]	126.3797686713260404296238375703593256630111070301557730038217088263010546593093200122860753945	0	1
"1.0.1.961.1"	1	0	[1, 1]	126.4370569640041664887208370529617315659145815563777113901540607664051545341281866661739939663514	1	1
"1.0.1.962.1"	1	0	[1, 1]	126.515931598204070614843329243497835766566141472266952219973719999779888763411916087009518126532	1	1
"1.0.1.963.1"	1	0	[1, 1]	126.586828512152150792936109341299850967706257179427674078664283196733350996324192219439632795905945	1	1
"1.0.1.964.1"	1	0	[1, 1]	126.6152552387455049404466039760263340024211050209592390115890775674716048703141461819548633571355	1	1
"1.0.1.965.1"	1	0	[1, 1]	126.6407541405614086166419190828494788081929743425764171653822865363090907386251130282819952975	0	1
"1.0.1.966.1"	1	0	[1, 1]	126.8795409432539498013556726791063266809165605166178538903333305670008954187066464048092663326325	1	1
"1.0.1.967.1"	1	0	[1, 1]	126.91801014664638866583610417865300951849740421981112560501657570986473994551879073993898111515	0	1
"1.0.1.968.1"	1	0	[1, 1]	126.9325891865040544073160110433780939393630193764243506609513590156804615555323937447096253755	0	1
"1.0.1.969.1"	1	0	[1, 1]	126.9349064710508442197919493428007274529344268705129959177478788748836691250847189986153565988801	1	1
"1.0.1.970.1"	1	0	[1, 1]	126.9479797756297312455617628594416775451720803287239885091205735245310876226506147306603103685	0	1
"1.0.1.971.1"	1	0	[1, 1]	127.0112330343432346432894095076181704597861348781930751397974809324617050693418284188724602308342	1	1
"1.0.1.972.1"	1	0	[1, 1]	127.1013897337321904881848996189086142907065600883736330973508783118433773710303442116157596266265	1	1
"1.0.1.973.1"	1	0	[1, 1]	127.1092700601699931913260608075774793082874918358401680422810834896347356912113835452311284715	0	1
"1.0.1.974.1"	1	0	[1, 1]	127.1728361962067653871251697649534273345243459847188636956368225041169178837251516863558710711597	1	1
"1.0.1.975.1"	1	0	[1, 1]	127.2053371277814485185790138443089346257620528514863210084273233117761877181047695497157984111	0	1
"1.0.1.976.1"	1	0	[1, 1]	127.2388653193283025729830381190104428179277904864887379934155440583047518046168432622738950746839	1	1
"1.0.1.977.1"	1	0	[1, 1]	127.3341488473883377184944160416305260886077960600723611148117055771391994399417259408334610262530	1	1
"1.0.1.978.1"	1	0	[1, 1]	127.48425474558209287874531396004426663166845960933427892102315099326072369491650600998631941877705	1	1
"1.0.1.979.1"	1	0	[1, 1]	127.488282198425832975923417371365359889265848091821390286334256153324542942989163821478624402	0	1
"1.0.1.980.1"	1	0	[1, 1]	127.5258098230264288098425427448891389729853060156055594421981802743104722612619427871331875055	0	1
"1.0.1.981.1"	1	0	[1, 1]	127.6498800815206845859743765984254408481897881076119060755750681753176428077086148479061280272545	1	1
"1.0.1.982.1"	1	0	[1, 1]	127.681909690247375087921820618800770697338448199458558254283388702998188808512356298785061811705	1	1
"1.0.1.983.1"	1	0	[1, 1]	127.7079141851061829455567212530705303639736396987613426664393501656486914326714426146796764861804	0	1
"1.0.1.984.1"	1	0	[1, 1]	127.8058354419652376806289549060839692381104169504344494043617451545342134356546388494315680985	0	1
"1.0.1.985.1"	1	0	[1, 1]	127.820746776621572698944881572994447474189444951474911984161753314416370162233878128035158365248	1	1
"1.0.1.986.1"	1	0	[1, 1]	127.8595227585992670255058268428624298838678057886008986465066373529909795314027229576182420126	0	1
"1.0.1.987.1"	1	0	[1, 1]	127.9352946244491848568277291179858284531950793417446450779162287961737680050600557034047047450571	1	1
"1.0.1.988.1"	1	0	[1, 1]	127.96855272872439283262031015800197780931332813665449275196684510451472766523366564651631070125	0	1
"1.0.1.989.1"	1	0	[1, 1]	127.9982004034447306841538149034844141431482630753771870122493238868795429056001585379262237077915	1	1
"1.0.1.990.1"	1	0	[1, 1]	128.051178608801654456615533567012708108455593794905261934422757270516065750742301527750789337741	1	1
"1.0.1.991.1"	1	0	[1, 1]	128.0743569230387080283747945686717670025977268903707988786506400565496629168221739633165273475	0	1
"1.0.1.992.1"	1	0	[1, 1]	128.086041310449286379250238256886931871896393284230126177133049788732669699819454519100001500	0	1
"1.0.1.993.1"	1	0	[1, 1]	128.3200292102750204057757736602010622581029185623052603428003864102044560382187564911343908044985	1	1
"1.0.1.994.1"	1	0	[1, 1]	128.3646318257952391078601414609870505436657174015101572749086425991911636001425148808435212390245	1	1
"1.0.1.995.1"	1	0	[1, 1]	128.420914480752912033334135595672965588147676853853766349035084140001516244125800593392574538739	1	1
"1.0.1.996.1"	1	0	[1, 1]	128.435774062979226548163491721495043438504238503867687080569304369293259387213645657232164974	0	1
"1.0.1.997.1"	1	0	[1, 1]	128.438891423959122632020739278978548015600329622560700196977930447378211185656016101550811779	0	1
"1.0.1.998.1"	1	0	[1, 1]	128.504998864439975385394420489377729482984130979814912086276079587306635210287960007703170932279	1	1
"1.0.1.999.1"	1	0	[1, 1]	128.591454862483492910293494234896008478585776217566355997311662536260348696646411504326339352494	1	1
"1.0.1.1000.1"	1	0	[1, 1]	128.6032360298196475405138957297598662857385197602170252820832459746552920511735570761357324773	0	1
"1.0.1.1001.1"	1	0	[1, 1]	128.634008205302522319039487188589275942921117879833786925934846958142078360711536210208355444	0	1
"1.0.1.1002.1"	1	0	[1, 1]	128.74031767126664736192478640518034785798329069008209469917977876182948697088830016500499156315	0	1
"1.0.1.1003.1"	1	0	[1, 1]	128.758157161145030461425101841889732779279370394820017756785021666466797178314088286056332482885175	1	1
"1.0.1.1004.1"	1	0	[1, 1]	128.87381531713455863430313401093858892296362149980577835506408443891240600656532678198131890806105	1	1
"1.0.1.1005.1"	1	0	[1, 1]	128.9163236312751679564590436103633681113485589666754934223052376920920005876971693985992910905	0	1
"1.0.1.1006.1"	1	0	[1, 1]	128.93995862443300680986641858336269767398077760631816252325864634558916730098192155893295901363915	1	1
"1.0.1.1007.1"	1	0	[1, 1]	128.9954224933481820550592028716631913171855890585931589302302683796324202808011613810624467436	0	1
"1.0.1.1008.1"	1	0	[1, 1]	129.0461422713723826164728936186945942726072411896504192079767498489093903821484655201326604007015	1	1
"1.0.1.1009.1"	1	0	[1, 1]	129.05820788963118170117542334256174514790423073850009249662986602564035045494862852277170057165	0	1
"1.0.1.1010.1"	1	0	[1, 1]	129.177369183252454055923009981342348460561417001421653590126370084999631717805108631853579304699	1	1
"1.0.1.1011.1"	1	0	[1, 1]	129.22295141573765499930830714900322645125337623418214696905834023775888895125918054282382709938525	1	1
"1.0.1.1012.1"	1	0	[1, 1]	129.2740267952676560956632991977054991308037975640833671331406838608869960322203452358826427480051	1	1
"1.0.1.1013.1"	1	0	[1, 1]	129.306551827398890130261095247661119839006874664866774533392742804676695094596361217291280782	0	1
"1.0.1.1014.1"	1	0	[1, 1]	129.34466823077441514066243642660080546203185426944371501617223029811573371437383541477816587945	0	1
"1.0.1.1015.1"	1	0	[1, 1]	129.35526912518866876842190224733784719416040830705078416744720636401173384883071925670592428595	0	1
"1.0.1.1016.1"	1	0	[1, 1]	129.4261394573330980225678532185957828070128831767155005288740063553927859168424279928430238323586	1	1
"1.0.1.1017.1"	1	0	[1, 1]	129.4639754487618215863886991771033343619030254201941607416975345296350463950335463406698802615	0	1
"1.0.1.1018.1"	1	0	[1, 1]	129.61104458067410632094456355287303355364079654817051174885654269718818047464160378085324702520225	1	1
"1.0.1.1019.1"	1	0	[1, 1]	129.735499389680411760780824905315212710037853373167466504700173641346277612660872160234859246	0	1
"1.0.1.1020.1"	1	0	[1, 1]	129.7476614877209389104604973425585068772478607805935827631827908377235200058290437620943753652405	1	1
"1.0.1.1021.1"	1	0	[1, 1]	129.76641224062671151015241057405809601196173495928785420343655312543419770790922009895851854528125	1	1
"1.0.1.1022.1"	1	0	[1, 1]	129.767920318390632779079749155628911959162109188267476708689553148977006011723217758061378449	0	1
"1.0.1.1023.1"	1	0	[1, 1]	129.881671184774386277782930719415608417501723692576233390463025742736917669919891404110067789906	1	1
"1.0.1.1024.1"	1	0	[1, 1]	129.951389700207311435595025429883108027102302270163711096353304724778768111977074804029695821710	1	1
"1.0.1.1025.1"	1	0	[1, 1]	130.0121750001704601972679444096384915011062147387503239326229357252535950867352733563367534666	0	1
"1.0.1.1026.1"	1	0	[1, 1]	130.158931042525178317935427638433456613756328289663827229251945414282872236930600629469653784	0	1
"1.0.1.1027.1"	1	0	[1, 1]	130.16331380145202532151576643473159691585510585096650727770402358866561204859543220818612038625	0	1
"1.0.1.1028.1"	1	0	[1, 1]	130.17688593149526778181891263249718226783854792457267223535786091478823468113843504296290286870253	1	1
"1.0.1.1029.1"	1	0	[1, 1]	130.2423868213335697904648624537255868103336470211517889442434003969580187719059494985712432610930	1	1
"1.0.1.1030.1"	1	0	[1, 1]	130.3134771281043231595115272035934462551731249455035958208104651063792418583604997626404654248795	1	1
"1.0.1.1031.1"	1	0	[1, 1]	130.3251363534282532560433645101519248843916888633420589397237935433194869805332134730290081513296	0	1
"1.0.1.1032.1"	1	0	[1, 1]	130.3596426198379440071392014798966934778973528933703497436545812871002859805312329398023784815715	1	1
"1.0.1.1033.1"	1	0	[1, 1]	130.3866715356058371404460562060240531916789717098881708059124731398324984296046237967260573102535	1	1
"1.0.1.1034.1"	1	0	[1, 1]	130.4126396437852236143504223237509670193898615850719875599014351825835711848665491421192235166007	1	1
"1.0.1.1035.1"	1	0	[1, 1]	130.4831082403400471468751462611562646297161091573511182566658718243028327001616827016304510576	0	1
"1.0.1.1036.1"	1	0	[1, 1]	130.4892848064749675085613929690343692106712152240848106892012325066650891435710680769055076282	0	1
"1.0.1.1037.1"	1	0	[1, 1]	130.49265786762514076915676675469719248931709174800678439925159828356517721000267477748243339545	0	1
"1.0.1.1038.1"	1	0	[1, 1]	130.5960622391064972605344728145936180045151091031854265745981819115988854020761640962015678187552125	1	1
"1.0.1.1039.1"	1	0	[1, 1]	130.70784512296621192648194333991703248329765866380012561440474464771916920637609999297916870535	0	1
"1.0.1.1040.1"	1	0	[1, 1]	130.8251398450444102312252674692754057371865269028384015568764278003694832404352667535610894117025	1	1
"1.0.1.1041.1"	1	0	[1, 1]	130.9229711520083140925973879439833596857144852637989976145331068037213880593413554081662370445145	1	1
"1.0.1.1042.1"	1	0	[1, 1]	130.96075697753307637833365022651084144889355899722100459034367417710791558882275389135090244464005	1	1
"1.0.1.1043.1"	1	0	[1, 1]	130.9778439902491845207150056335061837507337390666089535989415112711983043019503407989216154006490	0	1
"1.0.1.1044.1"	1	0	[1, 1]	131.02264213021926180547684373146420262963784906245801077294643726684472672907264014130272984433745	1	1
"1.0.1.1045.1"	1	0	[1, 1]	131.0786858186715882615490930681725594446987894380392735347685980963384535432917141080755696071391	1	1
"1.0.1.1046.1"	1	0	[1, 1]	131.085941525407550206241836892722373026731737299797481047059448907073085887819061594558645991	0	1
"1.0.1.1047.1"	1	0	[1, 1]	131.177034949848960719764781317316509714055704393556381468887776258631534607769424741949121614	0	1
"1.0.1.1048.1"	1	0	[1, 1]	131.1846993491672742139766226609152228014616925312215196349327474849028697396046152242763418209	0	1
"1.0.1.1049.1"	1	0	[1, 1]	131.227838496354796456997441491742794729183474052520020696570882058286793159836895626628272867268	0	1
"1.0.1.1050.1"	1	0	[1, 1]	131.2358715656116674239843182871583919222008232777537654110113061219570248523037580572302529522583	0	1
"1.0.1.1051.1"	1	0	[1, 1]	131.3584343819228877068828878218857754781074966918057558396356143181559803924350900588820402633395	0	1
"1.0.1.1052.1"	1	0	[1, 1]	131.4177001486361646932519392679990096572148861177226992210186975080290591274619508267803778095616	1	1
"1.0.1.1053.1"	1	0	[1, 1]	131.437627680745352635816934517820766033727109164402376462375614931843770053859032625544113030432	0	1
"1.0.1.1054.1"	1	0	[1, 1]	131.438060032603690737905244952168681047748332057925683047691340868521310430252910484332770103396	1	1
"1.0.1.1055.1"	1	0	[1, 1]	131.4707418733633195585931898067429435172135149366219752636167846421027677996867203381502147092525	1	1
"1.0.1.1056.1"	1	0	[1, 1]	131.5299923915361040050948688122794757005568178773123138719697920473818491704020185991053336556615	1	1
"1.0.1.1057.1"	1	0	[1, 1]	131.695189191216169565078756616793538455941292861814582229891735600160521627036393845079859690678645	1	1
"1.0.1.1058.1"	1	0	[1, 1]	131.7222422106292456041559472818046609717349723238911124550165159858548394423805585021626911254575	1	1
"1.0.1.1059.1"	1	0	[1, 1]	131.7606819656115683535903300733807500050720849620898936086553300344235762158941921267243656961243	1	1
"1.0.1.1060.1"	1	0	[1, 1]	131.8379681969000597545518156008397730205093468232553139863721492617236845076679872756492427467225	0	1
"1.0.1.1061.1"	1	0	[1, 1]	131.84461231311951232811570009749087517469432712481144702143658272734775523090670863559038384925	0	1
"1.0.1.1062.1"	1	0	[1, 1]	131.916714626328512794735414937285145671776634386955836383637309428056198339857028010998043023	0	1
"1.0.1.1063.1"	1	0	[1, 1]	132.07429183900920969771070344586727432831874873977101115209448138433162497339702164113214467054995	1	1
"1.0.1.1064.1"	1	0	[1, 1]	132.08574053035919706051817185486279206399742433850264114779617944055925878609523134408434053665	0	1
"1.0.1.1065.1"	1	0	[1, 1]	132.145629087936417457694068448530774492454993039191989348345509529257869278356840349884748130706	1	1
"1.0.1.1066.1"	1	0	[1, 1]	132.15886339452772012723022326042164561908665163490871795825522813101373983111000772407323653385445	0	1
"1.0.1.1067.1"	1	0	[1, 1]	132.17400974522934710526184833438181616622073324751317243373232292607764563902574672824022494945	0	1
"1.0.1.1068.1"	1	0	[1, 1]	132.216417417581457080459107766888147537356328149910121523805949663840352623650765772504430717	0	1
"1.0.1.1069.1"	1	0	[1, 1]	132.279402610008030407792761085366371794842200794499033118315530356023255051067204601086178693049	1	1
"1.0.1.1070.1"	1	0	[1, 1]	132.2852806926988648635036983835994841723057162636704491529831236935098836006566505470754038282915	1	1
"1.0.1.1071.1"	1	0	[1, 1]	132.311965407316955102082807244942141123918944269728495868705980618944580153653295163841393806356	1	1
"1.0.1.1072.1"	1	0	[1, 1]	132.4149003022070513041083975410849984312429841753703855164956565653575069312119773330835967081548	0	1
"1.0.1.1073.1"	1	0	[1, 1]	132.48396779943748721172981662055257467728211788669562496719606269025008840900061209410322860421725	0	1
"1.0.1.1074.1"	1	0	[1, 1]	132.511747891506847665524148839150384071179270186474384501951180954587482637989663750091002579180	1	1
"1.0.1.1075.1"	1	0	[1, 1]	132.621773793114387880319069780888584462068993037433353984113631118989616083032652774297296013127	1	1
"1.0.1.1076.1"	1	0	[1, 1]	132.6956548505912452125227022410682332215341403728075336924502534771776384241789345567660457946933	1	1
"1.0.1.1077.1"	1	0	[1, 1]	132.79059941956153606006734654522733370973052621051964294696579848069799362765347109529287516195	0	1
"1.0.1.1078.1"	1	0	[1, 1]	132.8000238188302020415119900699713520624451886422651575748059326263661991202242619657138747460732	1	1
"1.0.1.1079.1"	1	0	[1, 1]	132.812697530154928572240152440497601777514135907922322289921411767886673513387837203929228711	0	1
"1.0.1.1080.1"	1	0	[1, 1]	132.8299080485378834044190864675083082205860600233049802359974464824357706141305138385532626872725	1	1
"1.0.1.1081.1"	1	0	[1, 1]	132.8478625603941556973210342347921891425212169651680090279774833612079226644537422931223811460	0	1
"1.0.1.1082.1"	1	0	[1, 1]	132.9159751817554813216012484326989527989590078090409537806130874540763602901666760379293162922915	1	1
"1.0.1.1083.1"	1	0	[1, 1]	133.055935967001938136190238117521324817363726200642988029936182984444648645567744311605591761716	1	1
"1.0.1.1084.1"	1	0	[1, 1]	133.067532363347874711783441296999930238192865867455570114583534870167995029617681821520773397	0	1
"1.0.1.1085.1"	1	0	[1, 1]	133.20996481188136907311009254489287514533673992120204953378156612920372386882541328623551722945	0	1
"1.0.1.1086.1"	1	0	[1, 1]	133.2193335920324851213270021088266787314463334890863622229297627049903651546810162127874494184	0	1
"1.0.1.1087.1"	1	0	[1, 1]	133.2205338756389237580677234636115497132124264408048633553438015547881101169282293862666776885683	1	1
"1.0.1.1088.1"	1	0	[1, 1]	133.349621277402622279276814242780579223426738910622140854655810702226195285851309778803123643732	0	1
"1.0.1.1089.1"	1	0	[1, 1]	133.36905902632615909572142238728140209525702674480352593111530906328218558701922190709325707426325	1	1
"1.0.1.1090.1"	1	0	[1, 1]	133.3717474904284372854832924874093254923940509338235703278830269562105009673551911826665024398595	1	1
"1.0.1.1091.1"	1	0	[1, 1]	133.42134941996141528103556644247484037567535070787783529516625879140310973166619278546791315677375	1	1
"1.0.1.1092.1"	1	0	[1, 1]	133.55674123052221341710730010026606488800040676802664383609227185636498248304396325046017141985	0	1
"1.0.1.1093.1"	1	0	[1, 1]	133.585018485085503515379143201188860162272791686785549753403284282303664686480160141257079118	0	1
"1.0.1.1094.1"	1	0	[1, 1]	133.683809145406006661346874151331660609523173665368110152704109287751660837858658992819569937975	1	1
"1.0.1.1095.1"	1	0	[1, 1]	133.7169638986587117981793356300765037899226667293730081460066447964459885214421124540827764354625	1	1
"1.0.1.1096.1"	1	0	[1, 1]	133.78886155623646960678973753635556023026736419318120668364913082975789642059241925055753402595565	0	1
"1.0.1.1097.1"	1	0	[1, 1]	133.7903510782560084121220552958695276188915653934632364426975723357207170098475562221474757965	0	1
"1.0.1.1098.1"	1	0	[1, 1]	133.81639091637718494813574742271681602124077595744089311041199787756879234503710023870866230098735	1	1
"1.0.1.1099.1"	1	0	[1, 1]	133.836858548413313578192285803172412419091025976222473013783290904336330535325584532193962934908	1	1
"1.0.1.1100.1"	1	0	[1, 1]	133.8394899024325915146450707590863071670475018813072121069238166807447134600353066511939138543715	1	1
"1.0.1.1101.1"	1	0	[1, 1]	133.979500727695500050268848653934719614878094031137871033782829045853908280424820727589786918	0	1
"1.0.1.1102.1"	1	0	[1, 1]	133.999525937717782767018145066617030265428686522634322519875590666644652088764902040552771165	0	1
"1.0.1.1103.1"	1	0	[1, 1]	134.083557492370587905259184835292299096607852096055033987402485955341135392919894704820215591754	1	1
"1.0.1.1104.1"	1	0	[1, 1]	134.0962365249076699541587977753187282550895181532956488056999724697508059331847738691473815800396	1	1
"1.0.1.1105.1"	1	0	[1, 1]	134.12399158881174548454510551278188573685802913181716937296303539314034621225154977086983015150295	0	1
"1.0.1.1106.1"	1	0	[1, 1]	134.23165731701661368180127383916727180722603058698306769404368942531835659180450050849753622281674	1	1
"1.0.1.1107.1"	1	0	[1, 1]	134.2427462556429885967610313374446169006381182312676432679523034825754845975543802254686500901015	1	1
"1.0.1.1108.1"	1	0	[1, 1]	134.255036596371710123026157608185791212201123626879878519386995352238976443006457911250704544599	1	1
"1.0.1.1109.1"	1	0	[1, 1]	134.3675014033553587074183960454308549599018636480138828882382246153284500731803878211085468505	0	1
"1.0.1.1110.1"	1	0	[1, 1]	134.3962898976213725124766106919186824932956790989531269528098805114746632974510030522078436966425	0	1
"1.0.1.1111.1"	1	0	[1, 1]	134.4541552286127246663113504809933914380809566382032237472414567616032172305212271318934886955	0	1
"1.0.1.1112.1"	1	0	[1, 1]	134.474529026958985427265531389931027607121451617922798707401068973931625204383792830433228407503	1	1
"1.0.1.1113.1"	1	0	[1, 1]	134.66035826597232540994003124768131847467959927908201169175536737451870560233343947275268977836175	1	1
"1.0.1.1114.1"	1	0	[1, 1]	134.6709152750368001385073238932885898539062823639624521129714268738994049628022485919744364665745	0	1
"1.0.1.1115.1"	1	0	[1, 1]	134.71393935862351769631302373180387413181712278179540327984420758181588007717346166327727130075	0	1
"1.0.1.1116.1"	1	0	[1, 1]	134.73626411206307269295544295624828616749753497646301165042618263635415713064576169064208027994355	1	1
"1.0.1.1117.1"	1	0	[1, 1]	134.738364177049249246513311405457315615140308195905772674932311922484229987634141839195953720509	1	1
"1.0.1.1118.1"	1	0	[1, 1]	134.75374905471762985254362926707023787520772293095162869246647978565133986702987727373385312135	0	1
"1.0.1.1119.1"	1	0	[1, 1]	134.8179549323124474550581444785128436795143038739244517214752110523577806767509615752596327797335	0	1
"1.0.1.1120.1"	1	0	[1, 1]	134.861677142148536472801264422391022973023767007829958503024630861512132778325308900326104228423	1	1
"1.0.1.1121.1"	1	0	[1, 1]	135.069805652127836914369814171712761100929196668471888884206197237718267391758376858433670763474	1	1
"1.0.1.1122.1"	1	0	[1, 1]	135.1310422558527872855844104652830416828470272672059411435637973832548555551858644339078817691066	1	1
"1.0.1.1123.1"	1	0	[1, 1]	135.149936473442101921987109325972488055334775087232699347411674598799782016414845418716430771	0	1
"1.0.1.1124.1"	1	0	[1, 1]	135.1818882580562799363774539089376875450144991031913775672935491238509048182750283204088037861	0	1
"1.0.1.1125.1"	1	0	[1, 1]	135.264787797909337989230516055126269769058425017240071658625286094396261046474528514637094780057	1	1
"1.0.1.1126.1"	1	0	[1, 1]	135.2680117296436827080928584662769829915431856320006495730562602795997995119898579101907664015	0	1
"1.0.1.1127.1"	1	0	[1, 1]	135.310788920454594387899518567341537799566494676740818125776546375250842968703481984998768259676	1	1
"1.0.1.1128.1"	1	0	[1, 1]	135.4393874647861481245502343872390403091188185949805417753206921389082042681962599820576964975	0	1
"1.0.1.1129.1"	1	0	[1, 1]	135.4687970632293405673259848709738955381295802258066283236741853354173250450543294228916577863	0	1
"1.0.1.1130.1"	1	0	[1, 1]	135.5122187024986649219671079080265584603674925840778094570300897505739871980030458673520408346788	1	1
"1.0.1.1131.1"	1	0	[1, 1]	135.543144426035464574166337401944823770513287908780891710683666115336948919434656458758585571	0	1
"1.0.1.1132.1"	1	0	[1, 1]	135.5547044297940241834730960443131859611431792623922729571886664183305760091024140600419808454	0	1
"1.0.1.1133.1"	1	0	[1, 1]	135.557182837471218028427543357452707671120489314665932501716394237107923736039270297253533146213	1	1
"1.0.1.1134.1"	1	0	[1, 1]	135.5797251373277449290949226434047106726138059206803957982835582234281003098110361632445590237010	1	1
"1.0.1.1135.1"	1	0	[1, 1]	135.630099444814616543083552070441308918164165274775452565927757767614507356677252209677686628551	1	1
"1.0.1.1136.1"	1	0	[1, 1]	135.6506886794243925751265619088399236244274962843376435452351841455154755445856185202531092031403	1	1
"1.0.1.1137.1"	1	0	[1, 1]	135.7750449269803635914449867200702907047710336576247254877152986654210775921535180676739720741	0	1
"1.0.1.1138.1"	1	0	[1, 1]	135.93756233314888603789590790878458251111472344141475913444962896013102681995931702059532126558345	0	1
"1.0.1.1139.1"	1	0	[1, 1]	135.9499016939579779977184772274099298210835068966051287964522261518063199290613828341764530859236	1	1
"1.0.1.1140.1"	1	0	[1, 1]	135.9713610907173140404705393113674812646689283779529744380248011684801672171541067357102154571405	1	1
"1.0.1.1141.1"	1	0	[1, 1]	136.0705432198354609768849143250987291240367635713664863026664485189496264002729481033546283604	0	1
"1.0.1.1142.1"	1	0	[1, 1]	136.096855361586778528319807395912934728762750709392746686772800344634706929311355320139484326998	1	1
"1.0.1.1143.1"	1	0	[1, 1]	136.1423273429086275209438252993577642800562652878596046304695694235180804531306400673788872005125	1	1
"1.0.1.1144.1"	1	0	[1, 1]	136.1870152437957642095353076393581082209769926395356144685874317751294355378060185447913925645	0	1
"1.0.1.1145.1"	1	0	[1, 1]	136.1911424195294677323531138083076378717399814304014783907032905741547507485669173695508178835975	1	1
"1.0.1.1146.1"	1	0	[1, 1]	136.2791822348510497996390937780065652654353971373106686317620981959331553998077541018437297042807	0	1
"1.0.1.1147.1"	1	0	[1, 1]	136.2861766873603405929592558796495489788700980362280410210484145204316131982004680060109441356	0	1
"1.0.1.1148.1"	1	0	[1, 1]	136.37014810165055417377493006822181257244219075342256184277957625045403651980113922364858511340342	0	1
"1.0.1.1149.1"	1	0	[1, 1]	136.37832446978366801230943063449075528123801691619820710344804196008068566979587755709515969343125	1	1
"1.0.1.1150.1"	1	0	[1, 1]	136.4067554147827770639964956565749138777174707606998764300724036978329818022396690322495549750	0	1
"1.0.1.1151.1"	1	0	[1, 1]	136.5178182209598838900324612581958904556019853617485839152158359233216537481585185276945412601869	1	1
"1.0.1.1152.1"	1	0	[1, 1]	136.5275430334554844964724194644607778616842575869789157415054548382090696090653094324679592398994	1	1
"1.0.1.1153.1"	1	0	[1, 1]	136.583425480254329378587732651391693943527522002255089127815431454965717844658570029487183888114	1	1
"1.0.1.1154.1"	1	0	[1, 1]	136.646889936776979377335110193087712132530857013357574887690707156081818389573568542247134788393995	0	1
"1.0.1.1155.1"	1	0	[1, 1]	136.862112048493520965801881376944418435685371879256726333621436803446930993824548384372417910463	0	1
"1.0.1.1156.1"	1	0	[1, 1]	136.900048307148096438403657797902493665925190226073784033175571597628130914370348229794821659873105	1	1
"1.0.1.1157.1"	1	0	[1, 1]	136.9221357206341580798614615967572528752817776955563514163116834956019909229184733893783188019115	1	1
"1.0.1.1158.1"	1	0	[1, 1]	136.922949086044172856299706710320573906849198505407514323048568545812448689481290453209775583326	1	1
"1.0.1.1159.1"	1	0	[1, 1]	136.9360011699004890968730619365481563209233431305734772350522806107495774012387281817796176315	0	1
"1.0.1.1160.1"	1	0	[1, 1]	136.950685126879903962034058322889278523986073502841786964466722548510472951754295147195973051	0	1
"1.0.1.1161.1"	1	0	[1, 1]	137.0058646862126816807698309773374988979161143447517663420371753701234034326497403977632620135155	1	1
"1.0.1.1162.1"	1	0	[1, 1]	137.0701434102050411196049803612482844745570194758029408505932259527082189390939508880739255875	0	1
"1.0.1.1163.1"	1	0	[1, 1]	137.117742621986582946004682824006102239180524705046822279478452275589615525538124218583643119	0	1
"1.0.1.1164.1"	1	0	[1, 1]	137.1309963609454027785672432257784122326965243544622292947740281967313020140208911550512008255	0	1
"1.0.1.1165.1"	1	0	[1, 1]	137.13229282400988410308982613642339308346247713231604695120263136844930657366309918948724343563445	1	1
"1.0.1.1166.1"	1	0	[1, 1]	137.2507626418724235472361215422448228441908861779901049672550466390890085839249265219409413640625	1	1
"1.0.1.1167.1"	1	0	[1, 1]	137.289488785118661394548342109375308647232270467290793248018780882030296772661550570149265223645	0	1
"1.0.1.1168.1"	1	0	[1, 1]	137.29874016940695659409805393629876660501982153827532247936232415102190027282940528519156057370975	1	1
"1.0.1.1169.1"	1	0	[1, 1]	137.3799226222261882385239385697725942151700476038133890434537699170522096946922621150737558217100	1	1
"1.0.1.1170.1"	1	0	[1, 1]	137.4032529289429180723363415783719891287058563368344646396809768934599127993509365444576280913	0	1
"1.0.1.1171.1"	1	0	[1, 1]	137.5418455453996784747689708410631809623639328470784656689561516306798834312173049477695051839042	1	1
"1.0.1.1172.1"	1	0	[1, 1]	137.58057479673395915998138132368448429419593749664919153845826602035846044651523610400210485	0	1
"1.0.1.1173.1"	1	0	[1, 1]	137.61011562505945375160163274393432467620772160270621972745227706154998251037077524794098789770165	1	1
"1.0.1.1174.1"	1	0	[1, 1]	137.622999673494704477964840153582620576736017434002846280748124916717601389444557390907737950	0	1
"1.0.1.1175.1"	1	0	[1, 1]	137.668296596002431036660256571766506176282236471021816087589679700895353644317634832617501501874	1	1
"1.0.1.1176.1"	1	0	[1, 1]	137.7901002928128078797375702749841231982588874984251437546092314331913009102143736218948380855595	1	1
"1.0.1.1177.1"	1	0	[1, 1]	137.825676299530201178605263968065034898234928413493632499819817829401479442531020538463632160	0	1
"1.0.1.1178.1"	1	0	[1, 1]	137.890873443302627998123452163380502106670535236505690394742097859139656326976760704715491622144	1	1
"1.0.1.1179.1"	1	0	[1, 1]	137.9021783876628703292010762208255668102770980990477789322514543325389840950042923237715043335129	0	1
"1.0.1.1180.1"	1	0	[1, 1]	137.9903473195991991155720437487727711270918530785599602599880310596980843108757677305085620795	0	1
"1.0.1.1181.1"	1	0	[1, 1]	138.092542299595043605973238129633549444626261144300779077605167304969551580319107050613032577659	1	1
"1.0.1.1182.1"	1	0	[1, 1]	138.224572638794404489051407756458430365252617986625510072053974111076896068530344714769594847048	1	1
"1.0.1.1183.1"	1	0	[1, 1]	138.22506546327735790388441664485194320956885769934567918193486435465999399856968188768197805507905	1	1
"1.0.1.1184.1"	1	0	[1, 1]	138.2309466284732890672942485231321789748140889200792341815922747469204286338594271704386747822067	1	1
"1.0.1.1185.1"	1	0	[1, 1]	138.2446765358193830393867438279522658646638979653808454767299132261740503614408126123605822990	0	1
"1.0.1.1186.1"	1	0	[1, 1]	138.254307200851395488364171513134093927139930927392182312563422224378833024794664317070657931313	0	1
"1.0.1.1187.1"	1	0	[1, 1]	138.3261474025070602044884395199891962054867868407428836889128873452536085366976737836644973449	0	1
"1.0.1.1188.1"	1	0	[1, 1]	138.3913979435412170858306688711660039738692292169962186034946221057184786153354570667553668864489	1	1
"1.0.1.1189.1"	1	0	[1, 1]	138.40531361675709685646351850953105542206060459425936827214324305286926030566402349488429495075855	1	1
"1.0.1.1190.1"	1	0	[1, 1]	138.4197759159247896361099293613479762503393013315937942731342385089610607615207678288189409556	0	1
"1.0.1.1191.1"	1	0	[1, 1]	138.4968836318323760192123644518200785967919340023417215551235743990618441697717851950788854695	0	1
"1.0.1.1192.1"	1	0	[1, 1]	138.5467318970738492047661452768527341095066619429073174556821410557096708143857008647323811664913	1	1
"1.0.1.1193.1"	1	0	[1, 1]	138.6009984053599517006210442711382399634057833489287886205619261419477083537302496917666880534695	1	1
"1.0.1.1194.1"	1	0	[1, 1]	138.7027880877538182844262324303261476449728955143505457056869640201972012020187097943401133337	0	1
"1.0.1.1195.1"	1	0	[1, 1]	138.7788912671739084533510401705181608181512034813353592045738592192442540499794147976951810348466	1	1
"1.0.1.1196.1"	1	0	[1, 1]	138.783332095023785626917302810216442956824594936881947362185114711222417810872130560990011492	0	1
"1.0.1.1197.1"	1	0	[1, 1]	138.78887205698207586976942297437730729097038016426693308704199501432523615792455556693513355792375	1	1
"1.0.1.1198.1"	1	0	[1, 1]	138.838190244054279571701245233726753121280393880780019255314167362869935866156320636405653258	0	1
"1.0.1.1199.1"	1	0	[1, 1]	138.84744875186179499133233426977438504691445759873031150194073289888061840347565369719487358055	0	1
"1.0.1.1200.1"	1	0	[1, 1]	138.8706943863194066980955390845545790943860334567247115541672112843359953438293375924961923498184	1	1
"1.0.1.1201.1"	1	0	[1, 1]	138.9571006354965812089883074697298291627290643478214808313900167967193919551895794321812188194105	1	1
"1.0.1.1202.1"	1	0	[1, 1]	139.1134927920301956554686507797490689642197204196515553843153182702949327050675790992501366931605	1	1
"1.0.1.1203.1"	1	0	[1, 1]	139.116453942628879882283784750830068165963954712225885285211342172118065959803440180750162830175	0	1
"1.0.1.1204.1"	1	0	[1, 1]	139.1179111718827760703145355271501140627218583949611930642126159724467106421950725049231719255	0	1
"1.0.1.1205.1"	1	0	[1, 1]	139.2068592317635739573841521767553553467215388019967473455394034197893015603434572798342546789195	1	1
"1.0.1.1206.1"	1	0	[1, 1]	139.398085653901840602793733416714390040818473930308336601526540648930346511549057847151657059402	0	1
"1.0.1.1207.1"	1	0	[1, 1]	139.45906537781606459753823745878617176322462157562128764682398206697196497806402499091417940803035	1	1
"1.0.1.1208.1"	1	0	[1, 1]	139.46031781371044933114263878935162581088683650119603965079663541345429559210854771059610256	0	1
"1.0.1.1209.1"	1	0	[1, 1]	139.493338127120409835217367744544287324424131479664524735282174263766426378048235625560839261514	1	1
"1.0.1.1210.1"	1	0	[1, 1]	139.526139659740184419082757218574629852581259479308395313760902799447416982194292379669148337885	1	1
"1.0.1.1211.1"	1	0	[1, 1]	139.53273131380177292291933826623045356323326349492147603463697507405551484675949310309032204537945	0	1
"1.0.1.1212.1"	1	0	[1, 1]	139.572341527469044230858815246374432752943465843195797459975075794421536978440661295105611505903	0	1
"1.0.1.1213.1"	1	0	[1, 1]	139.616053954188257404103286015068787749111416457847643100928658477069606179216227206170901800189	1	1
"1.0.1.1214.1"	1	0	[1, 1]	139.6208728987524781148176413396686951202720327492542567571905925815105717084633698226094318607	0	1
"1.0.1.1215.1"	1	0	[1, 1]	139.6378259078221089510193494758972199035966284156939989513568146634449492144036854154844614732035	1	1
"1.0.1.1216.1"	1	0	[1, 1]	139.7906742698723687294450301848526135725723138352198517871217958063684504839486591185651820703616	0	1
"1.0.1.1217.1"	1	0	[1, 1]	139.8168433574793637031228674660667226726205688076577251067177258020904639382702287663269106442	0	1
"1.0.1.1218.1"	1	0	[1, 1]	139.825625718288383010232252289904879900244914102109625696799654609041704811292457825586567242965	1	1
"1.0.1.1219.1"	1	0	[1, 1]	139.9601232735116109007788769243871944910125698567404454838011367467195561008946925617969911805	0	1
"1.0.1.1220.1"	1	0	[1, 1]	140.043956274001907123823068490467524089938392739552237719829546373511859021909782905177932604688	1	1
"1.0.1.1221.1"	1	0	[1, 1]	140.048848693608309294279285341811606667157716390314873963030015244349086448369606859562370179225	1	1
"1.0.1.1222.1"	1	0	[1, 1]	140.0625387495008422837901274060222281087583880837244203580269023261991386845025348790934952749320	1	1
"1.0.1.1223.1"	1	0	[1, 1]	140.08840495025974765713253811958564254188551816437028868752244136916150968709257034270436741630065	1	1
"1.0.1.1224.1"	1	0	[1, 1]	140.144196309743992588933212168422411414879354493735307576434631392912673551713738549478960076517	1	1
"1.0.1.1225.1"	1	0	[1, 1]	140.3239143218120721933103072274251572168481648883628751865048948112717608189828783681620664675	0	1
"1.0.1.1226.1"	1	0	[1, 1]	140.3578486967448244281345597738889051309747016944623143757452498395559836315932617239047000042	0	1
"1.0.1.1227.1"	1	0	[1, 1]	140.379872229944070574112590663858133857512933143515205532599703404952366877735959220792770296	0	1
"1.0.1.1228.1"	1	0	[1, 1]	140.4097830142617050770373216370649482993332917435151591189165410964325749258215989950913873744065	0	1
"1.0.1.1229.1"	1	0	[1, 1]	140.444066532004509186507474720030477318284340270451384655971569114671632841836881584269112075	0	1
"1.0.1.1230.1"	1	0	[1, 1]	140.482354987318203408861204117386175130968471267510493594712895729316600352037352379888293613	0	1
"1.0.1.1231.1"	1	0	[1, 1]	140.4952955447990563985074622237530654476596066541037485825633865076765470074278339666498685134104	1	1
"1.0.1.1232.1"	1	0	[1, 1]	140.531481824407320173389928009927802142059874140996736968669087491443328617521318591954729869	0	1
"1.0.1.1233.1"	1	0	[1, 1]	140.5958038593463968371776843605823173984745550292320192597662426035093910675505239349647862273093	1	1
"1.0.1.1234.1"	1	0	[1, 1]	140.690899124023576974934739306062152758406987657177462532826953152094088921200891887099559433159	1	1
"1.0.1.1235.1"	1	0	[1, 1]	140.6935288808472532944907321373942497004154114456377915832802898813204105270932006943321015546387	1	1
"1.0.1.1236.1"	1	0	[1, 1]	140.6959423773151280557767673570427481909703982577745696256053622864689381504092522916334608303868	1	1
"1.0.1.1237.1"	1	0	[1, 1]	140.7028181627619255320319551624824131800687707107902687801434091570543831769930330591017003984325	1	1
"1.0.1.1238.1"	1	0	[1, 1]	140.7427409018715909456734846544166580519727020657207348106413346647493795210008873858342620872835	1	1
"1.0.1.1239.1"	1	0	[1, 1]	140.7606952502353815425952902754757112670109770914966287809730723888640732676854143127383455024769409	1	1
"1.0.1.1240.1"	1	0	[1, 1]	140.888606355367827808418414211616595871310778236831930404012339324772527502667095296504165966121	1	1
"1.0.1.1241.1"	1	0	[1, 1]	140.952143120975882546717207112801661627791347718377630691658856369233481585970785976408305472700	0	1
"1.0.1.1242.1"	1	0	[1, 1]	141.0120610498405281140893314576787074153975945518126254563832387287166696258606583998409712137	0	1
"1.0.1.1243.1"	1	0	[1, 1]	141.10734903901612508893267921915512670935084636887939430037109233814076337587105126003676672342	0	1
"1.0.1.1244.1"	1	0	[1, 1]	141.11238290890794203110030679328018675928837918544455286833506204086920961547915170468113613015	0	1
"1.0.1.1245.1"	1	0	[1, 1]	141.167871855960656154143344634849810217794053264752280249315723186945414629834670800210164375359	1	1
"1.0.1.1246.1"	1	0	[1, 1]	141.2458331471531334697068597742226589102965103335066503889966476863417330981709772062661957800	0	1
"1.0.1.1247.1"	1	0	[1, 1]	141.2854474750990331635782898277860792240073653550535896106768429857709493110375154413532323350980	1	1
"1.0.1.1248.1"	1	0	[1, 1]	141.2893483632201102174500429236605017251679422839748398012962676256789337018082579854807579034765	1	1
"1.0.1.1249.1"	1	0	[1, 1]	141.32480434115042267114586047590150954597851487204469840374472457098815579483622428405127492925	0	1
"1.0.1.1250.1"	1	0	[1, 1]	141.355400324040490225481135708595318896554312403020529011000566863685493708422150219670392511	0	1
"1.0.1.1251.1"	1	0	[1, 1]	141.419348565526470684094548628918577470850089292487355337695382485041133590091418774452448961	0	1
"1.0.1.1252.1"	1	0	[1, 1]	141.485696166919217754346279013423407200501029990793185702704056726457393683564400147571623021773	1	1
"1.0.1.1253.1"	1	0	[1, 1]	141.590106690833655616322076039847198133220916511559756771158218864568408634989820786337862844494	1	1
"1.0.1.1254.1"	1	0	[1, 1]	141.6277736837927220229068445699529717141393598006119467537222550361955040401684183765447890545485	1	1
"1.0.1.1255.1"	1	0	[1, 1]	141.6810906877220669518093370833604285989051366963841480592803009059276574455921967332690573484779	1	1
"1.0.1.1256.1"	1	0	[1, 1]	141.7145151971379733449046053555479729703402241952433398540820967940133303017170371277252075515	0	1
"1.0.1.1257.1"	1	0	[1, 1]	141.81720239244875639605592740113168011044241976176253372142053804146398121462196261956104845125	0	1
"1.0.1.1258.1"	1	0	[1, 1]	141.8274478989715747172668018982268007530622416558861420952388422964094534106694446077298531620635	1	1
"1.0.1.1259.1"	1	0	[1, 1]	141.9130801753086987122887964900930737107324028224595604325465042145240261328219467933462106972672	1	1
"1.0.1.1260.1"	1	0	[1, 1]	141.949016082357727406442399529157361376784634059653278779197766691517559427030386822252859055782	1	1
"1.0.1.1261.1"	1	0	[1, 1]	141.961808709943858895676312162598119067523730056162422476345244687847923674933511547600545985	0	1
"1.0.1.1262.1"	1	0	[1, 1]	142.0355918762754628253374893894700085584014053068154523443777841432738157698255216261441751377808	1	1
"1.0.1.1263.1"	1	0	[1, 1]	142.0466971238851483686068751936971386848951414740185938953761985981568611429357502278741153578	0	1
"1.0.1.1264.1"	1	0	[1, 1]	142.085810465146656247970794533335343634680852259548773581641804674339064631076452241174019927	0	1
"1.0.1.1265.1"	1	0	[1, 1]	142.1704037023987436550239468054983848134627153669774238926731353198273488799261338127979375844	0	1
"1.0.1.1266.1"	1	0	[1, 1]	142.192853172067559970942540391776296608370741662222758304516969162686446039571653084737372165411	1	1
"1.0.1.1267.1"	1	0	[1, 1]	142.23640128717597943105358618769383964810668672898829469113540668079619952860150490202931327551505	1	1
"1.0.1.1268.1"	1	0	[1, 1]	142.377335593981654014750806045742504999091004080919634246553754588631714339651022387987711867	0	1
"1.0.1.1269.1"	1	0	[1, 1]	142.422214452879686222937366540015158420667736770605775888606750505146952433473335418364719443	0	1
"1.0.1.1270.1"	1	0	[1, 1]	142.460633213308533215940625587705552586187803534819997232509487311413188885061607020088382296612	1	1
"1.0.1.1271.1"	1	0	[1, 1]	142.4704750700736436265610577523078493641810432764603605073955815544470138343180639530332601727	0	1
"1.0.1.1272.1"	1	0	[1, 1]	142.482293964338718662930542302815944389659879551529633193160229543054677969723829641445186843972	1	1
"1.0.1.1273.1"	1	0	[1, 1]	142.51856878153780053391656954926074587002497163557965317469001668457521258886825179076287271993115	1	1
"1.0.1.1274.1"	1	0	[1, 1]	142.532136327060227048174976078859014989242143308338573585240367563098434456322465101293222623	0	1
"1.0.1.1275.1"	1	0	[1, 1]	142.63899758499607049733821415615736612010608641991072876096292688304605615075642609859995377203265	1	1
"1.0.1.1276.1"	1	0	[1, 1]	142.6789892455493489800746741407224941907677381014033884587470421216469358228995364527225141735	0	1
"1.0.1.1277.1"	1	0	[1, 1]	142.8070561093009533494567024780985855610696506017267479572702866758943367938750204553993887169095	1	1
"1.0.1.1278.1"	1	0	[1, 1]	142.811321651688574075772168990117794462370319823293595401475808227475084820067335209340556151	0	1
"1.0.1.1279.1"	1	0	[1, 1]	142.829698860018032325821015864140623545441501657273311463927268670636385395649822727118328794206	1	1
"1.0.1.1280.1"	1	0	[1, 1]	142.834933393569806069597022640388731892321113774795699693223687924467873673434231728917756039	0	1
"1.0.1.1281.1"	1	0	[1, 1]	142.940226899085172678658235270876454771517684732370564320190915449740169155957412156607562456934805	1	1
"1.0.1.1282.1"	1	0	[1, 1]	142.98467001147844963676990090764038989678638875821956995117307271811384330917297980716218658875	0	1
"1.0.1.1283.1"	1	0	[1, 1]	143.095126883339177304758077571168053834642088357179907095257198984479226925430411618861898383738	1	1
"1.0.1.1284.1"	1	0	[1, 1]	143.1039048842838923319841698109972203481040086986652580453459151959573468587816066933048860878779	1	1
"1.0.1.1285.1"	1	0	[1, 1]	143.1148381403769358486286380328541785342730117329483579937452853657219534644537710123142838779165	1	1
"1.0.1.1286.1"	1	0	[1, 1]	143.1591605814740305900558869723334731337792188773069605558792217760794405127071002885580326125	0	1
"1.0.1.1287.1"	1	0	[1, 1]	143.169365678932521436864863892128681561846337339453644259590369779246823130943379461038202766	0	1
"1.0.1.1288.1"	1	0	[1, 1]	143.21487157522252850700174255930016299481390155524154295791974307049358258844750076953018041828935	1	1
"1.0.1.1289.1"	1	0	[1, 1]	143.2917637000256097948579077023697337559114501258469963585019994714626800654073988931752562007506	1	1
"1.0.1.1290.1"	1	0	[1, 1]	143.3367103082679896934598003681216271818557882016781145460221481165900526554978236810812936045	0	1
"1.0.1.1291.1"	1	0	[1, 1]	143.37023575159911468222694243735678719267232944836628436167101368145984210372790890395950315335	0	1
"1.0.1.1292.1"	1	0	[1, 1]	143.5304637231940226587840245499096113067467787179637930017404284655514357291012960799742382998467	1	1
"1.0.1.1293.1"	1	0	[1, 1]	143.580054543410769774357546333133111034504988379297488419609998012295386673879235593271175641	0	1
"1.0.1.1294.1"	1	0	[1, 1]	143.6120150325171930437928257209974331940512088513425303180526899627864182580911756196926310274251	1	1
"1.0.1.1295.1"	1	0	[1, 1]	143.621800903044753950774268721175379093967193057022447846459304047774774859195026937809951257690	1	1
"1.0.1.1296.1"	1	0	[1, 1]	143.6399760348428783219003298736805505713365495527880100604629429395896879180020587770790424515	0	1
"1.0.1.1297.1"	1	0	[1, 1]	143.662336325054700926836607744876614247758595887530071664083252303115999681939247370195393970277	1	1
"1.0.1.1298.1"	1	0	[1, 1]	143.66821719507001961756803754633774139823603361856916363260381706730581966456664065081282031105	0	1
"1.0.1.1299.1"	1	0	[1, 1]	143.8030958918244154212352122950228018856253534398693252364088488601206315032625437058092586475	0	1
"1.0.1.1300.1"	1	0	[1, 1]	143.83185946431863356054965145566993238478887132710967221254763696666502026088634222000866230275	0	1
"1.0.1.1301.1"	1	0	[1, 1]	143.8890916846273928788028981314373080767153257814030728471831154634107529374023347752162521834	0	1
"1.0.1.1302.1"	1	0	[1, 1]	143.903619280285471752320912842830751958693640822303585760236403850871692845000260029761130489023	1	1
"1.0.1.1303.1"	1	0	[1, 1]	143.93242911574891038203889337038443923927111385473092065823845121682585766570136632973417212749765	1	1
"1.0.1.1304.1"	1	0	[1, 1]	144.014648645250777831599054893940826099293119072939061724933938194818293694784737105346808511	0	1
"1.0.1.1305.1"	1	0	[1, 1]	144.083065323692910111365134703649953076741781842913377724000342095916688801143330235576783225663	1	1
"1.0.1.1306.1"	1	0	[1, 1]	144.1400115037786252442814531265537454397626617861193856299379621893107631317127262288630081882612	1	1
"1.0.1.1307.1"	1	0	[1, 1]	144.161334342452199398887794333360954416974859357458730021969115426095714300180794674937010198748	1	1
"1.0.1.1308.1"	1	0	[1, 1]	144.27721995398902455074737022368829780942776828840720346492460008002055384829216190716614079506	0	1
"1.0.1.1309.1"	1	0	[1, 1]	144.34061632667290940192630880764644434393913756074661551863444319913544763991567030346479750484655	1	1
"1.0.1.1310.1"	1	0	[1, 1]	144.34388954934638069779128253831835862720618962527601149523861974823175144416843311898254401447	0	1
"1.0.1.1311.1"	1	0	[1, 1]	144.483123484120915227701261393693021545408534178640062476368889402658774167921636202363179655	0	1
"1.0.1.1312.1"	1	0	[1, 1]	144.494872881155257632742401212441178786948058751198885255463214663524136952167343007145889724662	1	1
"1.0.1.1313.1"	1	0	[1, 1]	144.5097450243064966526423482327356282106454985266186527420585796782658550451222600519369818612899	1	1
"1.0.1.1314.1"	1	0	[1, 1]	144.520212007825367838546723354710694097151425603899023891601199112932529203389410768416734694	0	1
"1.0.1.1315.1"	1	0	[1, 1]	144.5238574402579594526078160123331475258566723933180584253536276947322850547124674031550543491150	1	1
"1.0.1.1316.1"	1	0	[1, 1]	144.5445263633208080312897357749462079404727288800440282195545020256034659322624785501045219534365	1	1
"1.0.1.1317.1"	1	0	[1, 1]	144.5529197267369075758699649061943488509583870700618811875970086402492418893290019500775793953	0	1
"1.0.1.1318.1"	1	0	[1, 1]	144.555603130829035508697148281330609788455339887338876723956967793678309534014709405218013351942	1	1
"1.0.1.1319.1"	1	0	[1, 1]	144.610220810065829007604245560367106024459968479400593071858651853002592857343669675137423581	0	1
"1.0.1.1320.1"	1	0	[1, 1]	144.7966109192444727495492360705210308355421938045636923433053129012941637785751173591094375907	0	1
"1.0.1.1321.1"	1	0	[1, 1]	144.8331144258981810488786499659269942304107669888873419956197556621608933581099365708236090222075	1	1
"1.0.1.1322.1"	1	0	[1, 1]	144.9169764842554620581349660532515194426892286926450320431993694330675781370487260633149076665	0	1
"1.0.1.1323.1"	1	0	[1, 1]	144.928031073496159396935933054449588283790377522135720035190708721856579493910902098721244250077555	1	1
"1.0.1.1324.1"	1	0	[1, 1]	144.99837105937350085947395909863918077783517735719851982462050994985237822711019029164792925461375	1	1
"1.0.1.1325.1"	1	0	[1, 1]	145.0622448246370180088826439095624354002585907131337860461203148404942897813303193720229000072505	1	1
"1.0.1.1326.1"	1	0	[1, 1]	145.1021627732931189159969848285997878487405791333902299017151775887407594809654022943637913396	0	1
"1.0.1.1327.1"	1	0	[1, 1]	145.2168590793484018959058823417951095678867804214547477776607412125847393264326436483491753771175	1	1
"1.0.1.1328.1"	1	0	[1, 1]	145.232485682668695916095533665768241886941795823196910995274546368050675108029137958527597068	0	1
"1.0.1.1329.1"	1	0	[1, 1]	145.262115721977954160770686373539177611961799821047799244179656783315868589829977122444902744	0	1
"1.0.1.1330.1"	1	0	[1, 1]	145.2718877924426463936266373674254690060521125627834857649691089279061934084885556951492665224876	1	1
"1.0.1.1331.1"	1	0	[1, 1]	145.2985492263390856889454811928736462527389890794391384160505083038841787677673495004866164715	0	1
"1.0.1.1332.1"	1	0	[1, 1]	145.3000871646323103255600516497405184658810282730611205739487528654436801774397380916448648326	0	1
"1.0.1.1333.1"	1	0	[1, 1]	145.388078831494567789844278384900504947459855263611673148936069155355364371039466713409787090	0	1
"1.0.1.1334.1"	1	0	[1, 1]	145.450828705667801680640806844455386245389113943309769580757809495762450787838917237005165818058	1	1
"1.0.1.1335.1"	1	0	[1, 1]	145.5072081135584109884757362263082396729568371557428934452368098646659047235934658747030805508995	1	1
"1.0.1.1336.1"	1	0	[1, 1]	145.511519333971651401100837082781545834885156326544358216971819083236660395639605592244952490	0	1
"1.0.1.1337.1"	1	0	[1, 1]	145.5763658553137507020836879506936128348134861251384676426027216995842008063772402340729982285	0	1
"1.0.1.1338.1"	1	0	[1, 1]	145.6476860741863874089783377495728264195009058735925873835446224598306478207998593895315489497825	1	1
"1.0.1.1339.1"	1	0	[1, 1]	145.648107407068940119816562001624637154401009820493647017378721376368212692732585451201259814065	1	1
"1.0.1.1340.1"	1	0	[1, 1]	145.65818751006272680424762712437145945178351833861211652614613140906821180376308751548861707543135	1	1
"1.0.1.1341.1"	1	0	[1, 1]	145.76500949637929387218737836497991159939659206880831883250196908572521854843247898926077190405795	1	1
"1.0.1.1342.1"	1	0	[1, 1]	145.820514603208842886115848117586947289888573283384667569497184907147699928959138358555910351	0	1
"1.0.1.1343.1"	1	0	[1, 1]	145.9153985122583679240002083949043551370716904138381151061989342999390148637449459470349695065	0	1
"1.0.1.1344.1"	1	0	[1, 1]	145.96045037680412765647439293751604690221151781663401167193016072045457348506072559371610826281405	1	1
"1.0.1.1345.1"	1	0	[1, 1]	146.0064551619636682495851139185863584565942047452760055451992385496085211736523240917960519442401	1	1
"1.0.1.1346.1"	1	0	[1, 1]	146.069142329924104505889443777902576958487070199297933550629670369665670143934271027463884110	0	1
"1.0.1.1347.1"	1	0	[1, 1]	146.1083042075938697134227175300349643418056077843472385418433792571823714877914867434036332997985	1	1
"1.0.1.1348.1"	1	0	[1, 1]	146.13111207710927191077377440993499980971712040694874991843209555585764371043169682656018561995	0	1
"1.0.1.1349.1"	1	0	[1, 1]	146.1355639264744843391455364507168567648655105601103536324734183890648665570403564183350373695	0	1
"1.0.1.1350.1"	1	0	[1, 1]	146.1594203922649736863088835273664217945319619232668362624315321611983554558257055378613583110402	1	1
"1.0.1.1351.1"	1	0	[1, 1]	146.2879503989166343125395244097025635327254630265258318749489537995195284690643147502806383111346	1	1
"1.0.1.1352.1"	1	0	[1, 1]	146.3152165878784500299959072022979987767422099330398159096233643145364361036072427065180767745	0	1
"1.0.1.1353.1"	1	0	[1, 1]	146.3303371898181770429917517696802439005377885827713403416999832353902031957036586658277297981752	1	1
"1.0.1.1354.1"	1	0	[1, 1]	146.339777758234330189915543149603765961541302764050254113365999573938923813191117173761800024	0	1
"1.0.1.1355.1"	1	0	[1, 1]	146.4122667221330656679529304376285509398856683881829794880358154064540361683207315108486647267375	1	1
"1.0.1.1356.1"	1	0	[1, 1]	146.4179044161956711022198905546213891559344764248129335337738041081150993805363769941530624828	0	1
"1.0.1.1357.1"	1	0	[1, 1]	146.4964132092491655375324275437784163902338594068008256218692577266024272594724894113490647855	0	1
"1.0.1.1358.1"	1	0	[1, 1]	146.5342940509239337420774813806534623974314197261120169067796703913314355202783765207842897114242	1	1
"1.0.1.1359.1"	1	0	[1, 1]	146.626467276401286718683382293617438654440353502268923046209685888605064517045808490190913172632	1	1
"1.0.1.1360.1"	1	0	[1, 1]	146.70586163697642632279032956990955637188394457935035901598053167777200303579827474747001666259425	1	1
"1.0.1.1361.1"	1	0	[1, 1]	146.7313006102226073927464694099266141756125714834249641134205261915750717622774039116309320510253	1	1
"1.0.1.1362.1"	1	0	[1, 1]	146.752601502777538819938944857840758974691762123269260071670153243453577289327878669392961641	0	1
"1.0.1.1363.1"	1	0	[1, 1]	146.79725260020607565358303191567514790419155338573522263298986389718874234853098558283931639515	0	1
"1.0.1.1364.1"	1	0	[1, 1]	146.8360972150060991964718250424659958994160710786886570146373812552580075424615516074305964065	0	1
"1.0.1.1365.1"	1	0	[1, 1]	146.8599604097684428085345109251155382255336868600857369735866495124366662865302050973350192139395	1	1
"1.0.1.1366.1"	1	0	[1, 1]	146.93153790588007226757687458149208638045792030723236689931398136600813439240589733885733258535	0	1
"1.0.1.1367.1"	1	0	[1, 1]	147.01791093907610116005260710388955272109437550060112931507976285764427160930411804762367008015	0	1
"1.0.1.1368.1"	1	0	[1, 1]	147.0278649341877628647765636102263113420397325748406906668270276869245904223976458722811645760460	1	1
"1.0.1.1369.1"	1	0	[1, 1]	147.0809849279931076095160838435275470234834106835641237747835294832304123003183312453193047870015	1	1
"1.0.1.1370.1"	1	0	[1, 1]	147.0927290019024328757791219972368618411799186176800025678338876351586804264816431985889505257315	1	1
"1.0.1.1371.1"	1	0	[1, 1]	147.1322418796939053076604202340939825288119885501234770537948114721794376172540021466699814126	0	1
"1.0.1.1372.1"	1	0	[1, 1]	147.136318708538130616330401019323214782880446849225082250601837100059146526929751863602955397911	1	1
"1.0.1.1373.1"	1	0	[1, 1]	147.26485515248834016795296096801680113590172278950375612695839134665674478563706640123470178885	0	1
"1.0.1.1374.1"	1	0	[1, 1]	147.412930656000929837974278158942237547398529132062688776207357777607892846295989517656432850	0	1
"1.0.1.1375.1"	1	0	[1, 1]	147.438978818538543777735774509536367531257197868406165383189916909824719747894917687838475833	0	1
"1.0.1.1376.1"	1	0	[1, 1]	147.4468176992751998079071663967294138139191506429165693839486486208167234094520068570797225726459	1	1
"1.0.1.1377.1"	1	0	[1, 1]	147.49829406394600576389786027666293088446238758330677854063432788815144271145090553986550046746445	1	1
"1.0.1.1378.1"	1	0	[1, 1]	147.5173398269539526210511967798978955492789610189376648023323506160315769973490742280035640119905	1	1
"1.0.1.1379.1"	1	0	[1, 1]	147.603714590210236590054307527074156072528836863251650125296593156564991578693324326354473454	0	1
"1.0.1.1380.1"	1	0	[1, 1]	147.6325023361441788193926519424979476049655119857685302189269006273370012700067522145651815516653	1	1
"1.0.1.1381.1"	1	0	[1, 1]	147.66958667931572804680221645579814456368428619046969639053007405460385123353309024180676850542565	1	1
"1.0.1.1382.1"	1	0	[1, 1]	147.708520279568868950104331116753249002235905223597975090911775537480442864992911489569701430928335	1	1
"1.0.1.1383.1"	1	0	[1, 1]	147.72236739735834942173467266449845843055162251260930591016399151769274809653517638094221891915	0	1
"1.0.1.1384.1"	1	0	[1, 1]	147.8528386685893213392910312826868483783056414108861460439596044391910674167899092215618165255	0	1
"1.0.1.1385.1"	1	0	[1, 1]	147.9135995889646526718791187946278596369865578140788863285552615394019615146915672260863496025	0	1
"1.0.1.1386.1"	1	0	[1, 1]	147.920305880196473677095720821991051080665176176634451183492594002617468041765588588874272618371083	1	1
"1.0.1.1387.1"	1	0	[1, 1]	147.922393679347248926134584706017668955713391649937621673058263459144063681644939738186566361235	1	1
"1.0.1.1388.1"	1	0	[1, 1]	147.97398471735492448644815643399397319257751501464564705777527782300556008323834872725139012315	0	1
"1.0.1.1389.1"	1	0	[1, 1]	147.98159834403185662447629317048778900035345048591737760025437656388183525349170130330637833905	0	1
"1.0.1.1390.1"	1	0	[1, 1]	147.9958394677858341242191862497524928448428502716427524032553591511515028699014306079061977871007	1	1
"1.0.1.1391.1"	1	0	[1, 1]	147.9989190799956548826033815350401629587164568628846424179306995871279984874506079167636433740075	1	1
"1.0.1.1392.1"	1	0	[1, 1]	148.1674273025528382704264427938259116687350252978235303749318074940221926787115097938862385754922	1	1
"1.0.1.1393.1"	1	0	[1, 1]	148.198384646032083222408646024849831967820404423792174486798078017425564565017834418647130563368	1	1
"1.0.1.1394.1"	1	0	[1, 1]	148.2488619082780194816761535660334685209671638223290944189499733432003149170220766378523542198	0	1
"1.0.1.1395.1"	1	0	[1, 1]	148.362868113583606135751390541975935541904008390559591548191406145966793273373168482608379359960	1	1
"1.0.1.1396.1"	1	0	[1, 1]	148.395653707618014544502412731394725342598289244477850900384561050391962897299609172803407738	0	1
"1.0.1.1397.1"	1	0	[1, 1]	148.4009419794035266537836805120552437503574077464519203512473165934354299236232071681308656181	0	1
"1.0.1.1398.1"	1	0	[1, 1]	148.444000437323565630537454795498652062390009814959240005765480946365833256591256394664543367	0	1
"1.0.1.1399.1"	1	0	[1, 1]	148.4939652294445549239513763460454645479584714867770915393635953382952864068093907999227393648073	1	1
"1.0.1.1400.1"	1	0	[1, 1]	148.557656861106750760664183317448627629583480578596929292297013777184246493242566701777892807	0	1
"1.0.1.1401.1"	1	0	[1, 1]	148.5859803572880629254835262248697890278900000704253606102284597827076114166780032097036930153675	1	1
"1.0.1.1402.1"	1	0	[1, 1]	148.6002655397200063879026053571016245434353900324232289871927603785741273513444626856955085878605	1	1
"1.0.1.1403.1"	1	0	[1, 1]	148.6546200009237862195134288747231531196297768716687409118985300453864268773085861205301241799435	1	1
"1.0.1.1404.1"	1	0	[1, 1]	148.6656084938067424848250160391367539323947850800972616317010681918450877176652852616753213565	0	1
"1.0.1.1405.1"	1	0	[1, 1]	148.73038672229058010056962499543865551700804219376025193773986345301525165987686354526199722404	0	1
"1.0.1.1406.1"	1	0	[1, 1]	148.7365473060516808454608638699394222200950417346946840148253929086973853090427030882198024835	0	1
"1.0.1.1407.1"	1	0	[1, 1]	148.7630017450411450644024750434980764890669015369963703443399706974804761706758846175407696076255	1	1
"1.0.1.1408.1"	1	0	[1, 1]	148.837391701911484842018703134023193310358471761289493421779817593839869247852550495821575120	0	1
"1.0.1.1409.1"	1	0	[1, 1]	148.9161584294419902069714682150865625562217586760911831488476535316005996837849650805200412236712	1	1
"1.0.1.1410.1"	1	0	[1, 1]	148.9954436658102060419826606835483609707374280860999804946257308831765717887206630355882142753495	1	1
"1.0.1.1411.1"	1	0	[1, 1]	149.06495975842260466904646073247757060726831257558737464536289267956636760994515003444169804804295	1	1
"1.0.1.1412.1"	1	0	[1, 1]	149.0712011884068869732150511818779875217754838369760341243190965567976236858694613686079022133110	1	1
"1.0.1.1413.1"	1	0	[1, 1]	149.1473381081070815913910042288112030998360680974103413893601317549025300649659468694814415862	0	1
"1.0.1.1414.1"	1	0	[1, 1]	149.223964218693496528483466918466954498339616410681328346656863866701984885887345429064954770	0	1
"1.0.1.1415.1"	1	0	[1, 1]	149.2950351347063703486763452799892729013077765774514216255217183457446096076275476713387486190634	1	1
"1.0.1.1416.1"	1	0	[1, 1]	149.326841402029798086757553768815633618436383742882418770490473932958722409240495309292240664	0	1
"1.0.1.1417.1"	1	0	[1, 1]	149.41119525840709295988510013365496800815015775471492056094387534125631769420013353896129180625	0	1
"1.0.1.1418.1"	1	0	[1, 1]	149.4348782668837496548831800416031151474183254410715999574676751151063330461032173697065440638160	1	1
"1.0.1.1419.1"	1	0	[1, 1]	149.438579335404102129809237438376950245987895503896200667094999217248201856789223263718988023	0	1
"1.0.1.1420.1"	1	0	[1, 1]	149.44791747509105760584607839642957152932576959641761214704951889843462322775744022427189368042585	1	1
"1.0.1.1421.1"	1	0	[1, 1]	149.458280070049928532187222308010759337228231435906122004524718442787378253422348260947972448862281	1	1
"1.0.1.1422.1"	1	0	[1, 1]	149.50621642893300457565617266366863021156315967712003457240076120067845536511305754704511776355	0	1
"1.0.1.1423.1"	1	0	[1, 1]	149.64019922431783723457097746135160822018865322809597006758843991290588901523331378527491095875	0	1
"1.0.1.1424.1"	1	0	[1, 1]	149.6453336670406242898930908603261126271343118628029512555604571136170720499877924147597034260435	1	1
"1.0.1.1425.1"	1	0	[1, 1]	149.6457831580995766510999633982911727597610855732084992446699138676707620772036454631285439355	0	1
"1.0.1.1426.1"	1	0	[1, 1]	149.6681640016481450455530457858200424400699949293575865807849126184237224808176655929823004035675	1	1
"1.0.1.1427.1"	1	0	[1, 1]	149.706748494938057047586265406804790201149223618763199311902354978755206249108968832558325139542	1	1
"1.0.1.1428.1"	1	0	[1, 1]	149.7357174771198877759606841360628628818402648332629807002981794134832001245101190039514588683904	1	1
"1.0.1.1429.1"	1	0	[1, 1]	149.7783373578708072640482659107293612427849751478493977851869836559868075860760697484123358695	0	1
"1.0.1.1430.1"	1	0	[1, 1]	149.9455956804431176569681945902685337713893785124616670384609270694885504817103752926608268325	0	1
"1.0.1.1431.1"	1	0	[1, 1]	150.0090363754462896540237489064217184747766412338256400965446177500484913757837890545469746564795	1	1
"1.0.1.1432.1"	1	0	[1, 1]	150.073791727612790383378165816644646274026151638066819867395508521577554877303507582326424847413	1	1
"1.0.1.1433.1"	1	0	[1, 1]	150.090178837148051236186862851107634113072546373814057522021665818361831851153837144953393321	1	1
"1.0.1.1434.1"	1	0	[1, 1]	150.1054184640474182914928339999755664938123176415238315996544834427537107044907697462377187915781	0	1
"1.0.1.1435.1"	1	0	[1, 1]	150.1337593900397351020411542499616476589101073907649892619873102985015176829871499362179887433101	0	1
"1.0.1.1436.1"	1	0	[1, 1]	150.1535206127322689363655565485925637967707879067872173812684564211724682755507523497768603649143	0	1
"1.0.1.1437.1"	1	0	[1, 1]	150.2654694076099312507982860310693959764173247666332356581464383668961141564231737674655946736091	0	1
"1.0.1.1438.1"	1	0	[1, 1]	150.268023777364217353681560140110227925100226774630748870824434059853711617641620289550248724	1	1
"1.0.1.1439.1"	1	0	[1, 1]	150.2990574845566344228675527901123235773585784409172965958953121764026712570838682880776053489	1	1
"1.0.1.1440.1"	1	0	[1, 1]	150.3033735295707625489820967237737033379301898341093922225177486284861074065561059900511466143687	0	1
"1.0.1.1441.1"	1	0	[1, 1]	150.3296978167061604996922939684579931168269857635265205026671357682995448759033107892800491988	1	1
"1.0.1.1442.1"	1	0	[1, 1]	150.4046297816718217580327361348172002364978380116371711781605059932852817779179290924766800578887	0	1
"1.0.1.1443.1"	1	0	[1, 1]	150.4789999869055522498690004555532826790212700910340799262541452047003716108424035501182905796796	0	1
"1.0.1.1444.1"	1	0	[1, 1]	150.4993316941116983707742626102305008072941744988832946716046558420720501914666990440936103075	1	1
"1.0.1.1445.1"	1	0	[1, 1]	150.536380368905002870961696636776357669273716246867430122437459068253866643174256527530920864	1	1
"1.0.1.1446.1"	1	0	[1, 1]	150.5524744518412977542443523895720254037362510623260080007462902060348889997496710931836828415260	0	1
"1.0.1.1447.1"	1	0	[1, 1]	150.74142832904042111699558967966405751781021751855599682613820936740578918782754370784396698454395	0	1
"1.0.1.1448.1"	1	0	[1, 1]	150.791018165054876380937583912602778161521290519398082303332345851734643954095541030029411487944	0	1
"1.0.1.1449.1"	1	0	[1, 1]	150.794153765935134895509520584618520989095609719327843988038260286637042148256875696719204965	1	1
"1.0.1.1450.1"	1	0	[1, 1]	150.8128244312726893398550334123959379435960946041998411989789363449814838525539555544349939415	1	1
"1.0.1.1451.1"	1	0	[1, 1]	150.86766951924225766256921262741244743552627769131900338370906972270094717446721214226865746320295	1	1
"1.0.1.1452.1"	1	0	[1, 1]	150.875830390032760130021061691334593236545236077828933563993805059271413722064080691215679682	1	1
"1.0.1.1453.1"	1	0	[1, 1]	150.894822461021059243400095600541845288301918074432884980017130402151846333925351331016835053289295	0	1
"1.0.1.1454.1"	1	0	[1, 1]	150.914705262401790198929163639025186390017773958799676487934917786803637934703944558309307281938	1	1
"1.0.1.1455.1"	1	0	[1, 1]	150.9552360172864716709213267907076127439694313111633581904843737884242627220093913649117192308695	0	1
"1.0.1.1456.1"	1	0	[1, 1]	151.003186483358889784374470902647742880565806863427656812228800288772883072993513112008425080218	1	1
"1.0.1.1457.1"	1	0	[1, 1]	151.088665642766185380860319589615094007430112178962415282569752551225185645451565335955642110949	0	1
"1.0.1.1458.1"	1	0	[1, 1]	151.22974654269589535055693887076973166228530335742544783538016408967736048147559606716635530228885	0	1
"1.0.1.1459.1"	1	0	[1, 1]	151.233164098817119262552627832433044917419784583839395267183063853898911086879085314213097218215	1	1
"1.0.1.1460.1"	1	0	[1, 1]	151.2535151694281957628302585698892310133670472282635804389150902842015924420489644612734322607	1	1
"1.0.1.1461.1"	1	0	[1, 1]	151.2552504616738698384500241272649865337782911108692615239863211392680691300727534736486552021	0	1
"1.0.1.1462.1"	1	0	[1, 1]	151.3759331912808468675441376337862498930564249085644725282347210219781303617475212912682236775	1	1
"1.0.1.1463.1"	1	0	[1, 1]	151.409600270849841752896278822465224287785714280835697642431735912280481055155328647840167731	1	1
"1.0.1.1464.1"	1	0	[1, 1]	151.43126004719780599959422442130214454168741698877310040690297775131643391690997261196525321015	1	1
"1.0.1.1465.1"	1	0	[1, 1]	151.49016740021613971342699133508958550587131044106601900862604155512877932453620868185362656876075	0	1
"1.0.1.1466.1"	1	0	[1, 1]	151.49755755214491219203820636552998734390224498931424024983587964048063455264654158207045886439455	1	1
"1.0.1.1467.1"	1	0	[1, 1]	151.507897240704944988182721328791450610923015339683464742109799367230542652280199027641308372893	0	1
"1.0.1.1468.1"	1	0	[1, 1]	151.6163172265636732755431000292638240421993244138282490515412059579770013669218809788584670219992	0	1
"1.0.1.1469.1"	1	0	[1, 1]	151.697928941733259431242018043500994370892467776268006267372206145492244703170667820949727734	1	1
"1.0.1.1470.1"	1	0	[1, 1]	151.7103869321002116847017365081120227628215653122725286893608680420019847076199215429064205071645	0	1
"1.0.1.1471.1"	1	0	[1, 1]	151.746607585676265200259160104330781868466186821447229638697036998633225340782306345525051825	1	1
"1.0.1.1472.1"	1	0	[1, 1]	151.842933143281058546263633272781821934983229128740913597548667100301034818298479244006476693	1	1
"1.0.1.1473.1"	1	0	[1, 1]	151.901171646036176319447803932497563252236861830024316246040048268149485197453302101624508050680	0	1
"1.0.1.1474.1"	1	0	[1, 1]	151.9105579050248712912353573602788665508018185180875202874416262166104471643572937658498876584560	0	1
"1.0.1.1475.1"	1	0	[1, 1]	151.93079075095466111173851153465783226726589846387163504037897760515496886251078803990016202308715	1	1
"1.0.1.1476.1"	1	0	[1, 1]	152.0465623376091297668979564985274772876806239514375023219091539741925930485675140574272719305505	0	1
"1.0.1.1477.1"	1	0	[1, 1]	152.0975106506536893804790915892522999553959445645444198674652392457966193480419681714522235915	1	1
"1.0.1.1478.1"	1	0	[1, 1]	152.131762577918308720332370636816377532798785638307331819870264882192757441296365738375512055867	0	1
"1.0.1.1479.1"	1	0	[1, 1]	152.1670384240476868068198115839851764277038704498791219457954962031800128193999082881126966466	1	1
"1.0.1.1480.1"	1	0	[1, 1]	152.185622015044435741700283385155353881284918739415849869569949089474409157325925839606255995	1	1
"1.0.1.1481.1"	1	0	[1, 1]	152.26019623089644101203349363483428081793533470626921945225403769787875276666219011236058825271899	0	1
"1.0.1.1482.1"	1	0	[1, 1]	152.2785822017732919125471800683574753367441726222774459638462089788820281907764108923082000703328	0	1
"1.0.1.1483.1"	1	0	[1, 1]	152.2862258938415182447577569693303752644035235269574722908945371287641799499203438687819739303525	0	1
"1.0.1.1484.1"	1	0	[1, 1]	152.30565562842484065830910445589148576898609759473395777920847075431061616310615827089811013501035	1	1
"1.0.1.1485.1"	1	0	[1, 1]	152.3399170789988790171612751333172054982340210643311570949010142808651226032091002226927985845	1	1
"1.0.1.1486.1"	1	0	[1, 1]	152.37119380484239390074770717797656066836901802490049717385394800268639080244493193240724904516285	1	1
"1.0.1.1487.1"	1	0	[1, 1]	152.414132236247180818130858387985929748167900221549374317525509208926337958502849770394737298930	0	1
"1.0.1.1488.1"	1	0	[1, 1]	152.46281167693359665726355049338025433818552898824247608614976814790405451861413357517448950035	1	1
"1.0.1.1489.1"	1	0	[1, 1]	152.55874765497001035609052469582128220185114412495675734078510711622787824809096136136116645899805	0	1
"1.0.1.1490.1"	1	0	[1, 1]	152.607818348574383397207786207289518480545471568705494073512810776531033898828188456233472320267	0	1
"1.0.1.1491.1"	1	0	[1, 1]	152.6591338804489119383506963854614034655085852858273964606638970439030981249678396693987178905372	1	1
"1.0.1.1492.1"	1	0	[1, 1]	152.7184059559252519254445706981012978775996989228891733418056658221714406988005639070411061075988	1	1
"1.0.1.1493.1"	1	0	[1, 1]	152.7313898096881191795877121817027353261633701435507159259265678938645751867573524134877277157085	0	1
"1.0.1.1494.1"	1	0	[1, 1]	152.767361267625237274733388788156673387379461855104294697284475318434567378472172701588267314257	0	1
"1.0.1.1495.1"	1	0	[1, 1]	152.795392413036828919885540697342615794781074227975760585064676745260137249063513823635757276823748	1	1
"1.0.1.1496.1"	1	0	[1, 1]	152.82870341029458776487341565430776533992751205149104075586744478302553081166858994663415694435	1	1
"1.0.1.1497.1"	1	0	[1, 1]	152.9393105292495923118375874081261015267055404136188611756605396828980563928879007599133179871	1	1
"1.0.1.1498.1"	1	0	[1, 1]	152.95434201554057610104316673065890022750804043121852116025311815608592980197350512547823624670605	0	1
"1.0.1.1499.1"	1	0	[1, 1]	153.000451739286657888534906626238021068058912998604203101801355342453648811800161800315169205705	0	1
"1.0.1.1500.1"	1	0	[1, 1]	153.1019991295336879440906920117646469553293131204620846816679734178392151936441268739664522228647	1	1
"1.0.1.1501.1"	1	0	[1, 1]	153.15423766936872593249551924374994169477236682042885427368822153311275912040572362657781915695	1	1
"1.0.1.1502.1"	1	0	[1, 1]	153.2859460370970641322412890998362054673357114459275880132141875047514600607562191222980910538556	0	1
"1.0.1.1503.1"	1	0	[1, 1]	153.327345739636189831545775049925891341140194821676723509253600560692767137174348297594946729520	1	1
"1.0.1.1504.1"	1	0	[1, 1]	153.32941311176016093559012485534947107922821212879899310913108755183591722947009661283863509320995	0	1
"1.0.1.1505.1"	1	0	[1, 1]	153.3414200663460768573112300499095210812152556457186452525131223520362013508492677887655707972	1	1
"1.0.1.1506.1"	1	0	[1, 1]	153.3548881177066844410808718558025376980986000984726846213487086783688793444878604298800730978657	0	1
"1.0.1.1507.1"	1	0	[1, 1]	153.3854160498062778915310553095028723806648630396521883640881371348366904053616930746675192590837	1	1
"1.0.1.1508.1"	1	0	[1, 1]	153.4271827092425487592740398973758092796594940967917626325106394495613095905103955933659239258855	0	1
"1.0.1.1509.1"	1	0	[1, 1]	153.44788331966493275166562020955674430292128253331341714337205247296545826020543688720835222987225	0	1
"1.0.1.1510.1"	1	0	[1, 1]	153.4512458442124236796347205627015505579682734392389353000672796581311523785515087878394425112	1	1
"1.0.1.1511.1"	1	0	[1, 1]	153.49768657052597018388720123495720788532004116514024995511408097363602180480246375787361634038685	1	1
"1.0.1.1512.1"	1	0	[1, 1]	153.5109513088806208033495001887322296526365226207510868658836038212167135237709271855405441310526	1	1
"1.0.1.1513.1"	1	0	[1, 1]	153.604372762980394879087934238450752385351103078143143253944800931684216147638005702923930136962	0	1
"1.0.1.1514.1"	1	0	[1, 1]	153.6148223319309916471432431176328603844027934872421479950211712449384514142944436356858737980942	0	1
"1.0.1.1515.1"	1	0	[1, 1]	153.6557269103225113029031740022586821704488524711727924980738525637027622827473596691820365212110	0	1
"1.0.1.1516.1"	1	0	[1, 1]	153.6955075342442603066715503163501752854559304436552279974450412479396272692760742624764888443765	1	1
"1.0.1.1517.1"	1	0	[1, 1]	153.8191022891449892137360675992056052591504188100970511946232020082192387216270010953396869318115	1	1
"1.0.1.1518.1"	1	0	[1, 1]	153.8268848624909840208393828399042550463282100296670756098561942248366784251458940051908314190585	0	1
"1.0.1.1519.1"	1	0	[1, 1]	153.8505575915052305221094313334613999190071418142288447412062823647570790094907429523146405805	1	1
"1.0.1.1520.1"	1	0	[1, 1]	153.927677835809536144868515759507911142947276906560583006945122058571826839148700701937859461	1	1
"1.0.1.1521.1"	1	0	[1, 1]	153.96190573861085127214568268316416704204978656146892949996171570420794093968836902928432959545	1	1
"1.0.1.1522.1"	1	0	[1, 1]	154.15567088696735756953985242021580352401691300812113888999139517638319594071531104279470499419295	1	1
"1.0.1.1523.1"	1	0	[1, 1]	154.185523536867635022133727556544564229577831518256146223998248001964128120536684414174436267881	0	1
"1.0.1.1524.1"	1	0	[1, 1]	154.187552580624096807253733179496068193989514414231727799433205952314859820965623256825261298921	1	1
"1.0.1.1525.1"	1	0	[1, 1]	154.214976892624091190019251352213387875444874800992566102368330534814928412992738231689980271713	0	1
"1.0.1.1526.1"	1	0	[1, 1]	154.23122817699890668122326794276296422009650945629239324010180341867251188188204221352466925803915	0	1
"1.0.1.1527.1"	1	0	[1, 1]	154.2615608797879802143614079116856545606390421167437140386852494249365273366071202528504416086027	0	1
"1.0.1.1528.1"	1	0	[1, 1]	154.26307232267480801149868750517346040908376038652542711037414701967762298696828827295722084203	0	1
"1.0.1.1529.1"	1	0	[1, 1]	154.3058409592659381464343694022279388704446344809654606747567560274433033476639862897285772655577	0	1
"1.0.1.1530.1"	1	0	[1, 1]	154.3261039537883089892275343090731437362507767567057937795097580992554515087464325994671912869475	0	1
"1.0.1.1531.1"	1	0	[1, 1]	154.345781378659957726114145152105575414811081363976814682094762292263935687547595358596825260	1	1
"1.0.1.1532.1"	1	0	[1, 1]	154.5534807067780648819069045437750024223426091332982678805469915226820593659906210312543238165	1	1
"1.0.1.1533.1"	1	0	[1, 1]	154.58060041276049096355265697695401005021372711230258522332717790520365975830532300478127164045	1	1
"1.0.1.1534.1"	1	0	[1, 1]	154.58317481136470122498600003775932749092932073391738981449758586097881350028165414753877100985	1	1
"1.0.1.1535.1"	1	0	[1, 1]	154.597460275130691568537554966208189400964914453000105120046755278472305395021374167429398826	1	1
"1.0.1.1536.1"	1	0	[1, 1]	154.604866685653873901086085645632607432903064963659799838864178019503813469611312201374029845	1	1
"1.0.1.1537.1"	1	0	[1, 1]	154.60546346864085083220715618149049312600533297520412882434335278601608603617858378819098607975775	0	1
"1.0.1.1538.1"	1	0	[1, 1]	154.6404855354806062923107606082077157451678536205644461682550453764886917385975701379677297611	1	1
"1.0.1.1539.1"	1	0	[1, 1]	154.820280001584187341396955014250168205000609970617566876815291996570735643653256942585885916137	1	1
"1.0.1.1540.1"	1	0	[1, 1]	154.8548813204901437539215166560405059483576490830837706040715381140772739985982464580670875796564	0	1
"1.0.1.1541.1"	1	0	[1, 1]	154.8986829436622180653734347395933767787644232740951678416425704119907050214032987826708134132043	0	1
"1.0.1.1542.1"	1	0	[1, 1]	154.9056029078333405065669004881008964259465614771289438765706562805513197829617053864840578984338	0	1
"1.0.1.1543.1"	1	0	[1, 1]	155.0049691411416975084770024015988433503531308117106933203024478508766645142448768184937643669	1	1
"1.0.1.1544.1"	1	0	[1, 1]	155.0384301305078021223486121167950162972934233751727625206123333477061965808476884988698162874445	0	1
"1.0.1.1545.1"	1	0	[1, 1]	155.0892299788056038651358976911620937675613870924108694991459892381785785322614287817559746646487	0	1
"1.0.1.1546.1"	1	0	[1, 1]	155.0893056959977737199174432586742528540392811320779471643112491944173308326033002872753373517935	1	1
"1.0.1.1547.1"	1	0	[1, 1]	155.1083030537702615777858828561474627486987436041469289194532757481529072797132823431548656531335	0	1
"1.0.1.1548.1"	1	0	[1, 1]	155.148690152017362093142260943477318243170106136432195455191999247996248260120970554312433807642	1	1
"1.0.1.1549.1"	1	0	[1, 1]	155.1560691408532024430046532732342119632979116661679977115103073827389895550079099181412486003313	0	1
"1.0.1.1550.1"	1	0	[1, 1]	155.2207975370693369338371643880275489804636037873211199618536888763970232410764322011186140665	1	1
"1.0.1.1551.1"	1	0	[1, 1]	155.2488660580730966693498187760968251146596982028177223364174805145959802429472139826319908842655	0	1
"1.0.1.1552.1"	1	0	[1, 1]	155.2848507293904233096529637327477296994485757857917848337410720809776404866341446786457588213305	0	1
"1.0.1.1553.1"	1	0	[1, 1]	155.368383682318708147595823260117867872842752867338855758249516786560893018305512458540186748	1	1
"1.0.1.1554.1"	1	0	[1, 1]	155.3712586987731360694443476228400618436872659207694500041228866865734170170000610958622399394	1	1
"1.0.1.1555.1"	1	0	[1, 1]	155.409184142527137540262113487865707403210772148589123339610571605777347126047251058598837271	1	1
"1.0.1.1556.1"	1	0	[1, 1]	155.5440257824071149180112472637848867703777594104908980679916353853691777162397717166798604364205	0	1
"1.0.1.1557.1"	1	0	[1, 1]	155.6053925561555147836912752278587016974347139295700416695382245423446818632599648794112539592	1	1
"1.0.1.1558.1"	1	0	[1, 1]	155.6220311647309026987896037773930764190188827165903525560707595102332080638885127866167627633285	0	1
"1.0.1.1559.1"	1	0	[1, 1]	155.658355317667006124328934698227504952939734746803137519042411510944597070265531186864961879	1	1
"1.0.1.1560.1"	1	0	[1, 1]	155.7093130280189378749502676000914519454891607950952742184629994521546765026394704478972507314	1	1
"1.0.1.1561.1"	1	0	[1, 1]	155.7133284646327594499853306583178363285366929073460912021266758357647337115561148253784199915	1	1
"1.0.1.1562.1"	1	0	[1, 1]	155.75990420405105676732565656657604900261747769554793914932361343675367478382862902496521977797599	0	1
"1.0.1.1563.1"	1	0	[1, 1]	155.793633774530419678507062090521789350994403008787107464047254490171027625329112148306796714910	1	1
"1.0.1.1564.1"	1	0	[1, 1]	155.8515455179263484566720252882437172566590644949201277743241184527957486590727664248495572793942	0	1
"1.0.1.1565.1"	1	0	[1, 1]	155.8668230631801705093826251533754405520563386897605420203076107441437069835588676095483660463599	1	1
"1.0.1.1566.1"	1	0	[1, 1]	156.0136317340949355082677261215171371558984454961350418557587043032987750941199328170118647860620	0	1
"1.0.1.1567.1"	1	0	[1, 1]	156.016403371574786761389898621627199237684088715177022306890407865563902740298114263040767725230	0	1
"1.0.1.1568.1"	1	0	[1, 1]	156.1334394615419015385360380572021793247075421784180909923675772857291870175963487262001883605	1	1
"1.0.1.1569.1"	1	0	[1, 1]	156.14782471047187838760866278084199903328791193374443828330709565641626988224985671872956919660605	0	1
"1.0.1.1570.1"	1	0	[1, 1]	156.1572682508264314928307699753129108084866950549296813378459482704723059661558175756335618577375	1	1
"1.0.1.1571.1"	1	0	[1, 1]	156.2371283025351958770874274662695925188574908354896869224093763950412103229139250681622001770580	1	1
"1.0.1.1572.1"	1	0	[1, 1]	156.319391191423529483250865051119419668713850102995775491244025473184326076003432114546538842178	0	1
"1.0.1.1573.1"	1	0	[1, 1]	156.322545856402367127884478548597054555034766190381430640185883829258983283058933482698655542	1	1
"1.0.1.1574.1"	1	0	[1, 1]	156.3287429312478596898345139319691736352826596372338617942989667072928527352464833860753077979055	0	1
"1.0.1.1575.1"	1	0	[1, 1]	156.338369906598674994673394207377393380560414161864648768275450527962897582351419696751699223859	0	1
"1.0.1.1576.1"	1	0	[1, 1]	156.4150594994951488983724606582169618975467302287436146916797229847917233216438390528822103205	1	1
"1.0.1.1577.1"	1	0	[1, 1]	156.41621550955260886687578547898728616033709922554265478144456352967385032290594616352629879705111	0	1
"1.0.1.1578.1"	1	0	[1, 1]	156.47118662976314678496496357535073857878374450938178523594478576730400336972933700259485892595	1	1
"1.0.1.1579.1"	1	0	[1, 1]	156.558087171777862723951936563096432486746431591653815974339637679430519892986378949858366294	1	1
"1.0.1.1580.1"	1	0	[1, 1]	156.643717672892031534404251127638215811065018096178858443983796301791022649656168054608472088885	1	1
"1.0.1.1581.1"	1	0	[1, 1]	156.6541945188378346422175670167544013300710875007533227945489978909486351883129306092313150272345	0	1
"1.0.1.1582.1"	1	0	[1, 1]	156.667272617688378902339966368033735453153720970665491981159452980367884333285130959697762933376	0	1
"1.0.1.1583.1"	1	0	[1, 1]	156.691090910088751519240579573460030563327364210590247402047303380661212055472706874345652070802	0	1
"1.0.1.1584.1"	1	0	[1, 1]	156.75697908277977866107646468065360147652296528855591721261646098922364952005517633653928298398425	1	1
"1.0.1.1585.1"	1	0	[1, 1]	156.7799606982984892926306035094680969631234523989665380673798322796446968622999525258972951596379	1	1
"1.0.1.1586.1"	1	0	[1, 1]	156.7855082705454932720611862836170750749741788537729512168123580000939496693195517970126029800545	0	1
"1.0.1.1587.1"	1	0	[1, 1]	156.8646655813795230983573461746161478796727422762195925687936494511778319211188949582848643645	1	1
"1.0.1.1588.1"	1	0	[1, 1]	156.8657176198021370255128954809441902266101522913050571793474018681924659600323824044305968211309	0	1
"1.0.1.1589.1"	1	0	[1, 1]	156.9668480440368034507359158921302515860686678737360174071119263484914327629889085009967449128355	0	1
"1.0.1.1590.1"	1	0	[1, 1]	157.011775709099543903934526537231460638430298840261303410581356012670052626774623192763406213716	1	1
"1.0.1.1591.1"	1	0	[1, 1]	157.0428114732864168902827433769610424822025926728010833544580494458985208071879649275585393160	1	1
"1.0.1.1592.1"	1	0	[1, 1]	157.0749526317643896386042748948987856941709971210760396863986076385270022417720784798485408267	1	1
"1.0.1.1593.1"	1	0	[1, 1]	157.1134793704006727478154275274078013819777554513009789088008531327357768820707413649330389028550	0	1
"1.0.1.1594.1"	1	0	[1, 1]	157.1322884377980736853017097893148428900457090958640348791432905432729716049667737959928227851284	1	1
"1.0.1.1595.1"	1	0	[1, 1]	157.217784660661487907305171860142735176996784043307946862032241849287682776090175098828046367120	0	1
"1.0.1.1596.1"	1	0	[1, 1]	157.314321411458457364662340280230146634917577252600484265624419749950981415259915899026946667	1	1
"1.0.1.1597.1"	1	0	[1, 1]	157.33416238020876477974067849269509312238428524822195827056867878705662403392555125539209147173615	0	1
"1.0.1.1598.1"	1	0	[1, 1]	157.3681784535208872174493955761512130729473378155841386160448405674398801588616547632464859301344	0	1
"1.0.1.1599.1"	1	0	[1, 1]	157.4082627408612145954894601760515559193517694742846365253998600561558348973662230738148014011	1	1
"1.0.1.1600.1"	1	0	[1, 1]	157.5073237499056028624741968877867581133371560683738823344976323276470036299199763499219845079305	1	1
"1.0.1.1601.1"	1	0	[1, 1]	157.51404201342018885988198293084223125895216074391944445823874416648055487578293037600055891212235	0	1
"1.0.1.1602.1"	1	0	[1, 1]	157.5393177855266392715366901765639834739677195043903130834606554483064210234067623087415026855893	0	1
"1.0.1.1603.1"	1	0	[1, 1]	157.603253867658634686368694990896956829238766485075944224514737495482980120827120369967557973580	1	1
"1.0.1.1604.1"	1	0	[1, 1]	157.611957911373144795651726849280433834273627005420258169803351535201101824906458105418262076029	0	1
"1.0.1.1605.1"	1	0	[1, 1]	157.6183008493464401375696005107192570920811780755379934599484118943559069782031680355954592471516	0	1
"1.0.1.1606.1"	1	0	[1, 1]	157.675590063985320927788806466493780019069614611363529824848278237605555491260657006341552114286	1	1
"1.0.1.1607.1"	1	0	[1, 1]	157.691807447976199935634199006369315955443930691557157183613044803580721630744059373549514500407	1	1
"1.0.1.1608.1"	1	0	[1, 1]	157.7670880690646614625585778076781374066267703204577731935345231931419630011016844449510956324705	1	1
"1.0.1.1609.1"	1	0	[1, 1]	157.7701519502379680908322987464070448749111364697496475358989573216094756556307811529194012671335	0	1
"1.0.1.1610.1"	1	0	[1, 1]	157.7805314532790215381625674957055790294896750419499953463143339524853929047598044891202093098582	0	1
"1.0.1.1611.1"	1	0	[1, 1]	157.792916816860018749427347885906984846677330219818684753594235753467345192130122582199869918	1	1
"1.0.1.1612.1"	1	0	[1, 1]	158.029551530815050820228136270073243224586005000355807607719250359499080951918921577893149013	1	1
"1.0.1.1613.1"	1	0	[1, 1]	158.11084975293751392395988900911105121813989773430619439757530481471977283406727166932613953104535	0	1
"1.0.1.1614.1"	1	0	[1, 1]	158.120517666144823540582362048418396393796587294027875313156570624758826612638534012650949237420	0	1
"1.0.1.1615.1"	1	0	[1, 1]	158.12664910065092216290342197854024175385615806649971335559594493550356667936765783919880689558689	1	1
"1.0.1.1616.1"	1	0	[1, 1]	158.1812041828290988529890813345766042993481132089602605307625283684258295081037848552012410762	1	1
"1.0.1.1617.1"	1	0	[1, 1]	158.26463294309433536577168919543752205808705051365632780995267690879863322590621121654295548244125	1	1
"1.0.1.1618.1"	1	0	[1, 1]	158.2702787162618545873952787967686013296892763259716005367030451176693338613081028214130586427275	0	1
"1.0.1.1619.1"	1	0	[1, 1]	158.2797348675803526815390958862626503563229617539653242037678820564843042801637580702168568293737	0	1
"1.0.1.1620.1"	1	0	[1, 1]	158.29638511038184290019474838989250886029269231749586021920244896980769519928450572068224460397795	0	1
"1.0.1.1621.1"	1	0	[1, 1]	158.31863138586768142173941968040617714338076138675167310889884150724641527347381513144009705563	1	1
"1.0.1.1622.1"	1	0	[1, 1]	158.335456948252317806311769381128596818169229234696145943283416097785173834832004305130668655984	1	1
"1.0.1.1623.1"	1	0	[1, 1]	158.3770520581074592591334923560328496284548875318676291942669742821786583303075869471280147865873	0	1
"1.0.1.1624.1"	1	0	[1, 1]	158.4631637543587750222061005678772419560190719414045373567319526811282590559079549455464210375585	1	1
"1.0.1.1625.1"	1	0	[1, 1]	158.516488050653385900777921388993290633070140754748213573711551947371153618394713406424481634	1	1
"1.0.1.1626.1"	1	0	[1, 1]	158.5259828778358934541945978417810143553690931408082343134683093492062123541152373217440867798364	0	1
"1.0.1.1627.1"	1	0	[1, 1]	158.5375369991515696775079903934084787798032569216909856877450165041916883169398173616466820645	1	1
"1.0.1.1628.1"	1	0	[1, 1]	158.5558462574885301379162597226651738347192335174728931620041352046503418490009814112646434875485	0	1
"1.0.1.1629.1"	1	0	[1, 1]	158.6909912878322734624301704409247786885906871515106758210629422511329371702099164005704706209045	1	1
"1.0.1.1630.1"	1	0	[1, 1]	158.705914947214870132122236910070909154414408196888674494861695859802873597614048007619903678701	0	1
"1.0.1.1631.1"	1	0	[1, 1]	158.7834761832864871881982283329513573468897025941851744229332627267644867270620095301162958785	1	1
"1.0.1.1632.1"	1	0	[1, 1]	158.81641923510403349710213992749591141027803268332517056970342062150763150654563047604691757195	1	1
"1.0.1.1633.1"	1	0	[1, 1]	158.891064590674238670127169773099578087110602257032327912865330472101955789111886120141708632290	0	1
"1.0.1.1634.1"	1	0	[1, 1]	158.910266495094768377415773375195976795040077627823822796716408624731582631271117282497604689921	0	1
"1.0.1.1635.1"	1	0	[1, 1]	158.951133636327599992290727997812299200845027068631380640597474937487088310657781039429226269679	0	1
"1.0.1.1636.1"	1	0	[1, 1]	159.00978618800368545191824803088262836940188006635905970846321108194059620861952532265546292606185	1	1
"1.0.1.1637.1"	1	0	[1, 1]	159.0140004583535730428754416257426021797881608391880082066866437793060794337543225474476193497455	1	1
"1.0.1.1638.1"	1	0	[1, 1]	159.0708386245634241057054192624375284018580250209387684062489883390809242936806497755508264883113	0	1
"1.0.1.1639.1"	1	0	[1, 1]	159.106298682246973635799189528134317861227967257071730357258247898155399141839552191849586815777	0	1
"1.0.1.1640.1"	1	0	[1, 1]	159.1525171135783701702519289026189174478074368902425215272167897584567944646263576101813099232895	1	1
"1.0.1.1641.1"	1	0	[1, 1]	159.1691603623284436396614392864109742807486178211189432981699022370478195179737423205843229628486	1	1
"1.0.1.1642.1"	1	0	[1, 1]	159.1960765139487349218702519719452129164768011243949258699894251320103356488874769040098583228425	1	1
"1.0.1.1643.1"	1	0	[1, 1]	159.2463263383159536376716216339814632771216999301501193995213487903283931329396869247058783192627	0	1
"1.0.1.1644.1"	1	0	[1, 1]	159.301717974310154173012385516249487942299284855414479813500615673704068755678300619742591773659	0	1
"1.0.1.1645.1"	1	0	[1, 1]	159.35036945664523728381001071012255740611502588492503213206548781875630241527981359821675086674235	0	1
"1.0.1.1646.1"	1	0	[1, 1]	159.38931677068614629244651461179213673170573207380113018962311348035921926893272854107401895540675	1	1
"1.0.1.1647.1"	1	0	[1, 1]	159.5221627842887836186572738966945748042396491434398570785869904903715211602982281065072673110794	1	1
"1.0.1.1648.1"	1	0	[1, 1]	159.5658246202803793194077998678612974117414199716287930546121472813647882280666955517344841057805	1	1
"1.0.1.1649.1"	1	0	[1, 1]	159.59372976817463770865783257205625832299399645213353018210604013975593246772519427087478391761455	1	1
"1.0.1.1650.1"	1	0	[1, 1]	159.7014530583700022457881834119252984562650886961744828251481251450085222164706896125513608610780	0	1
"1.0.1.1651.1"	1	0	[1, 1]	159.70354639815812606416727454644425462009523577997344222100630494292750453173616618867755066385165	0	1
"1.0.1.1652.1"	1	0	[1, 1]	159.71890799312559794736432647418604363734795380885002386464780226427883813258744833246319848736255	1	1
"1.0.1.1653.1"	1	0	[1, 1]	159.778646458497054458760180028272701938650609220799257699986249272832857282097316242018469536650	1	1
"1.0.1.1654.1"	1	0	[1, 1]	159.7865769437630113817330667429457621904201699069440952395702044405533098618758264826643995337115	0	1
"1.0.1.1655.1"	1	0	[1, 1]	159.8108731573482115860632214728580553431416844658446699433592656936922259354379686041187099938279	1	1
"1.0.1.1656.1"	1	0	[1, 1]	159.834325922910292634434566588271948074870126643238747092437857466222384561254898206919191449284	0	1
"1.0.1.1657.1"	1	0	[1, 1]	159.8996033511609552945217874128897408885129994074585739147796154627298998418543322237540725278305	1	1
"1.0.1.1658.1"	1	0	[1, 1]	159.92475511014583080731676152904383608284376108576755013408370365614571594603854076509476670518105	1	1
"1.0.1.1659.1"	1	0	[1, 1]	159.933112002231669364387884812644064844355730497505066255642612463773394276935207269217641135900	0	1
"1.0.1.1660.1"	1	0	[1, 1]	159.95646721619984126804786018376922133416838246425987368177380391515094116582473610024671792937295	0	1
"1.0.1.1661.1"	1	0	[1, 1]	159.9621919107470023351942818843985261463003989323077406745926300520826559778631885794615834156565	1	1
"1.0.1.1662.1"	1	0	[1, 1]	160.0427595614852966132247352792722405791741585344130744567053534056453179231728414710301499593527	0	1
"1.0.1.1663.1"	1	0	[1, 1]	160.116099481512480140290836964879002913716749530411729115245760148511832784558890212836608965037	0	1
"1.0.1.1664.1"	1	0	[1, 1]	160.1807062472495001481753438923155105668170003966157527066016848438953971520909293094806109995	1	1
"1.0.1.1665.1"	1	0	[1, 1]	160.182556460671683143461198092759388260539985783085501992013368339959785100240182954666956004	1	1
"1.0.1.1666.1"	1	0	[1, 1]	160.259677674769691833162239944220789404165483335748188267952573095107472356793458174102706285402	0	1
"1.0.1.1667.1"	1	0	[1, 1]	160.26989670794799236533874400748388697501344744739938260454728677748813646491107219094681774118125	0	1
"1.0.1.1668.1"	1	0	[1, 1]	160.29407781588445270242342835906071865821710946778218428568630669363815867633687602553926002635	1	1
"1.0.1.1669.1"	1	0	[1, 1]	160.358676363731836199649599870311250173157857371632320284340007773718869791786173721589704314	1	1
"1.0.1.1670.1"	1	0	[1, 1]	160.485668334638358858297998433078592588081456916584452168135102927499399592949621872373224703	1	1
"1.0.1.1671.1"	1	0	[1, 1]	160.48846283762507953450699428047515088148441006921346061853030931621319670722671227862557088335	1	1
"1.0.1.1672.1"	1	0	[1, 1]	160.50598155387073697391820937020795070966121702382637109157392136883557284474158575551456849720545	0	1
"1.0.1.1673.1"	1	0	[1, 1]	160.524710595340702447411919122003282799074070763920734061138318297404391851253895406548356643454	0	1
"1.0.1.1674.1"	1	0	[1, 1]	160.551603141599558649570663319213364664238692055207264145490780110636940353342175808736874476311165	0	1
"1.0.1.1675.1"	1	0	[1, 1]	160.606364705410891052737663396897690191336256508492459563047757800035194935862221701069021855	1	1
"1.0.1.1676.1"	1	0	[1, 1]	160.608447949602098602060490898830748737636463340669213616148295396367954389329024748450908443532	0	1
"1.0.1.1677.1"	1	0	[1, 1]	160.6444910295859715470092289967260282419469904521168247933168669561974850795277201827174473465980	0	1
"1.0.1.1678.1"	1	0	[1, 1]	160.6866728237562492859163541027669479742752351178846548726539895895185428216749363251231776535	1	1
"1.0.1.1679.1"	1	0	[1, 1]	160.8431751600254490849325581001476600129793065794300855734648739835631425146907170570830569515	1	1
"1.0.1.1680.1"	1	0	[1, 1]	160.849901789394848814935098082559946330698680550730788380641219314236291050804891299536369722424	0	1
"1.0.1.1681.1"	1	0	[1, 1]	160.86507763711487775576644096593332606426447582491768248080121073541840987631667802288919212595	1	1
"1.0.1.1682.1"	1	0	[1, 1]	160.967561767739087703991202262543884415920637523301767321926554570315258206573606666450393543695	0	1
"1.0.1.1683.1"	1	0	[1, 1]	160.982782858728868343660779625468476960796376486147924272920571285340756728033683304117620327	1	1
"1.0.1.1684.1"	1	0	[1, 1]	161.0599831424780848098917059281886127826806818182714620358151078329359063315020003045975434778695	0	1
"1.0.1.1685.1"	1	0	[1, 1]	161.0625042758971210236505352003942874243269804519352778733888494406150660703181739722057012305283	0	1
"1.0.1.1686.1"	1	0	[1, 1]	161.0704433964464157699151577940701046560399993230086441767419239241760506903633143982300335295	1	1
"1.0.1.1687.1"	1	0	[1, 1]	161.09265692704606505394927459438194545275913983771100029709638784412987386785044462609585191875	1	1
"1.0.1.1688.1"	1	0	[1, 1]	161.14659847597284988454242454056788283592686652563882841776408041031144241461198760603540131988075	0	1
"1.0.1.1689.1"	1	0	[1, 1]	161.3035540781263576636768308270026608682942288053163943879677256664711637595024744954442303885	1	1
"1.0.1.1690.1"	1	0	[1, 1]	161.315022859047005361075201965816431453348719238804083916077268932380300268221935493682304346417	0	1
"1.0.1.1691.1"	1	0	[1, 1]	161.3300590154557212203013711371945002811264933964926825299455129278901321705525808959806620755	1	1
"1.0.1.1692.1"	1	0	[1, 1]	161.34869119989876466792211261657711500354136024931461000776653168238202017031285280748651875515	1	1
"1.0.1.1693.1"	1	0	[1, 1]	161.3797436562571517254861708109415908837622064281926955279444530086807242489049061991714360515	1	1
"1.0.1.1694.1"	1	0	[1, 1]	161.468146198595529645422361748441317978836778158438034189533421316520509996910655020309294961597	0	1
"1.0.1.1695.1"	1	0	[1, 1]	161.4858338475805867746709696354452060367909169255117503183788784312036048918306675427201955215	1	1
"1.0.1.1696.1"	1	0	[1, 1]	161.5908484509103768745134814074085597422171443118701404099458924635532725777977506477279081347545	0	1
"1.0.1.1697.1"	1	0	[1, 1]	161.6069161126064116522493909287202716179093088888319700252691336440593488586478193501284780951142	0	1
"1.0.1.1698.1"	1	0	[1, 1]	161.62458598229859566841095313336093492340177721822451479259429279269859033918284604418734617430015	0	1
"1.0.1.1699.1"	1	0	[1, 1]	161.6451710863911102436772752575675215600387493150658872161527424844977725278909145657794091375	1	1
"1.0.1.1700.1"	1	0	[1, 1]	161.677111368799912014485875176045287139386549628078662965237861662890216565813603196372103438	1	1
"1.0.1.1701.1"	1	0	[1, 1]	161.713168316309196988215783663875750598972127828866799435555195248069804240694210397240415300	1	1
"1.0.1.1702.1"	1	0	[1, 1]	161.7477505116733074690292349048880951347185790196865763836974702293373552891106670147353874114525	0	1
"1.0.1.1703.1"	1	0	[1, 1]	161.7992771713502677873990829302424260492329411360692988761422555123732906748698193354241847885	1	1
"1.0.1.1704.1"	1	0	[1, 1]	161.84773960076050507350866179376843347713442828026122190705042974545169418491936156923042781053075	0	1
"1.0.1.1705.1"	1	0	[1, 1]	162.0462149100656860644787443916058905747737561171775304807427368389163519414197612291456468115	1	1
"1.0.1.1706.1"	1	0	[1, 1]	162.0686202658838181181246275311236090090446981789129784980162235712673718883905879716216260345	1	1
"1.0.1.1707.1"	1	0	[1, 1]	162.0771418138097615931720001599054193497651858013921473709875621644437521686133117400013824435745	0	1
"1.0.1.1708.1"	1	0	[1, 1]	162.078078516706443554032458315924784885103932421882500278625440711098589843098395421615446007	1	1
"1.0.1.1709.1"	1	0	[1, 1]	162.0991415332782737143704537240337126295813179804726514169811171257960837840322944759609305712387	0	1
"1.0.1.1710.1"	1	0	[1, 1]	162.11227506806391359082234559798851536557507215490948162191790618755128306788054442490526507135	1	1
"1.0.1.1711.1"	1	0	[1, 1]	162.136119028690000660953282849193097515733304404814076128397628922506956636433923249148471981858	0	1
"1.0.1.1712.1"	1	0	[1, 1]	162.24595155424024200368451309223874424479080650638097489924846235058920005965694966843891926405	1	1
"1.0.1.1713.1"	1	0	[1, 1]	162.2679847968161696884777221108846409921260567379143569093104228592227455790814049036973493626066	0	1
"1.0.1.1714.1"	1	0	[1, 1]	162.27207062757413422503303544473686995773233314965173378719121737297130796793085690722863680095	1	1
"1.0.1.1715.1"	1	0	[1, 1]	162.2946965761667511352367438074239283303894081938334680432741612029557556415921880391191900759155	0	1
"1.0.1.1716.1"	1	0	[1, 1]	162.29822067893684597023072391198725143726486360438765407837801638966034648017557704146813648916555	0	1
"1.0.1.1717.1"	1	0	[1, 1]	162.34788573788713673533571890892701135113259578520233168656123846212589176954794511069385057705	1	1
"1.0.1.1718.1"	1	0	[1, 1]	162.4206338571725784152042193505997824934201830504182949831329624075672869391298175666469859064964	0	1
"1.0.1.1719.1"	1	0	[1, 1]	162.48084008300534636918284362724219539455329791578678557491829570142904992623821825575382910975	1	1
"1.0.1.1720.1"	1	0	[1, 1]	162.507298961037365532776416818336062107430069697932279642256245373768242906659964153949645190	1	1
"1.0.1.1721.1"	1	0	[1, 1]	162.6083372433250558140239395028650535096982129497585291336947148048912340406614174692956822388228	0	1
"1.0.1.1722.1"	1	0	[1, 1]	162.6551952713338348076397002820018466806195769423708146257706681288256293829899009377050428150167	0	1
"1.0.1.1723.1"	1	0	[1, 1]	162.69010440154367837082554378330642035078393744402448484444632382500754060022394643381844246768	1	1
"1.0.1.1724.1"	1	0	[1, 1]	162.69254011675047547742420105545810727282826412752882676771131056254306449328046610916223430668525	0	1
"1.0.1.1725.1"	1	0	[1, 1]	162.69311386312762951358718297153090213682349659401389369138487331096875958654916088387281981355	1	1
"1.0.1.1726.1"	1	0	[1, 1]	162.7442664499255395785868100528179374055640471412143845775540520979250716094163373379590602487	1	1
"1.0.1.1727.1"	1	0	[1, 1]	162.755841383238599559098667894310097895785016496925889709527467187560184199999768385093420305	1	1
"1.0.1.1728.1"	1	0	[1, 1]	162.96789256272171050451695174760293187635064073717919665893320653992368491319005778249910104105	1	1
"1.0.1.1729.1"	1	0	[1, 1]	163.005481015988011452107788099542171118054157663247183113236591011045234756562859537396832884	1	1
"1.0.1.1730.1"	1	0	[1, 1]	163.00905787269514972483064831408010023660331484522800565829088841340207168856787043158541264130155	0	1
"1.0.1.1731.1"	1	0	[1, 1]	163.0580767935213858431801435789473514056047796621196478285334130994823933207251868665935025346179	0	1
"1.0.1.1732.1"	1	0	[1, 1]	163.0626021509429870823359560768220545616595215286607978042486238810357142627656214459393978992444	0	1
"1.0.1.1733.1"	1	0	[1, 1]	163.08927763195508110091855020800352556244509549737911180974490110610930471238169337571688808910925	0	1
"1.0.1.1734.1"	1	0	[1, 1]	163.0897103476829014105726541408199537008170577370493830641781769407396069759005634554294544196672	0	1
"1.0.1.1735.1"	1	0	[1, 1]	163.101257767557513255739161268605445403573862172453459575995969814380025755069836332793129098033	0	1
"1.0.1.1736.1"	1	0	[1, 1]	163.12301638105008130502002284823258151849299740543572916656287679763871405060343803102733357781	1	1
"1.0.1.1737.1"	1	0	[1, 1]	163.1690235121967721390705479187672026691464229706841589195127448414956643275919032370432588490156	0	1
"1.0.1.1738.1"	1	0	[1, 1]	163.2661814586739070284195660396068008840132452202216636185856758123326513339934635783981495059	1	1
"1.0.1.1739.1"	1	0	[1, 1]	163.3070677272251798822098932775721747879846237235228687924912763290565256572780734597041829956305	0	1
"1.0.1.1740.1"	1	0	[1, 1]	163.367392347842246409830938085473340458842774666579752512661971550470624496328144673788127825	1	1
"1.0.1.1741.1"	1	0	[1, 1]	163.401021637676303140630788833380883895165273439818205857710983020831323907391187315834514958	1	1
"1.0.1.1742.1"	1	0	[1, 1]	163.42172412543643734667223317810722261874586470758945106230909099979282207301462034548752881305	1	1
"1.0.1.1743.1"	1	0	[1, 1]	163.43830031806609163565804416389766510350698821022566871743886810721113606616437880256810543612	1	1
"1.0.1.1744.1"	1	0	[1, 1]	163.481876833492576736587259023506578127140500327893965862547773566556115296526742314867753292	1	1
"1.0.1.1745.1"	1	0	[1, 1]	163.5107721215065216230700783466215270001221123540252862160221091955311820645662081476635737975	1	1
"1.0.1.1746.1"	1	0	[1, 1]	163.517130258795315483741341181349347694392685618582064051598789179978927156336392705746097901483	0	1
"1.0.1.1747.1"	1	0	[1, 1]	163.536387231005091446419182485761926623625237237667128982307955053396292446282631864729537414908	0	1
"1.0.1.1748.1"	1	0	[1, 1]	163.72840919579831417863443184872798500897209402179722649530819216401998203995555002655644093703855	0	1
"1.0.1.1749.1"	1	0	[1, 1]	163.81614179126753532330736990518354299570341974071056153141774449810297724002301802730637509545	1	1
"1.0.1.1750.1"	1	0	[1, 1]	163.8400852993800846382891600512293954431001682007639142362922446323549290389395016703930962587455	0	1
"1.0.1.1751.1"	1	0	[1, 1]	163.86823180711792046006688072997735728110342935657868816692700960064289595754906196178630822536401	0	1
"1.0.1.1752.1"	1	0	[1, 1]	163.915483841493984962525043510266376380093597188312491754781955765997585172694592856876613531771	0	1
"1.0.1.1753.1"	1	0	[1, 1]	163.942523188559922670390023225929949377936760519198007707368532750113653859431922038554006236	1	1
"1.0.1.1754.1"	1	0	[1, 1]	163.9539260092144291104113061286839088620709583056504662828134274198341027486079172501959683325	1	1
"1.0.1.1755.1"	1	0	[1, 1]	163.9831013047182307055970597934255109996897824164530701472312821983362694099848236758498671839806	0	1
"1.0.1.1756.1"	1	0	[1, 1]	163.990903267333615476154800356651373155360954267739859928161212042617194675368544773033271597	1	1
"1.0.1.1757.1"	1	0	[1, 1]	164.032437976455721376150906588217066477574561582587426615317079257602952163069127818873910070	0	1
"1.0.1.1758.1"	1	0	[1, 1]	164.05980471619808769430038848217727241217774296809865232075729361278636853095199525533286719135	0	1
"1.0.1.1759.1"	1	0	[1, 1]	164.101407170487909453233727587573140991021688943092850586643739013169734553610334075917982340	1	1
"1.0.1.1760.1"	1	0	[1, 1]	164.1716395483036198754423660866257841166314934555903786457385895729121065319651070593336649635	1	1
"1.0.1.1761.1"	1	0	[1, 1]	164.19518453194574658633793056396575924904506701877189271962402786875927745319274661278540477654305	0	1
"1.0.1.1762.1"	1	0	[1, 1]	164.2349019874322273912523924218938035852193376378660296836015757852734844553815165539708473328	1	1
"1.0.1.1763.1"	1	0	[1, 1]	164.416891742287376436838025522027324615199807451801675094434377027491315367995709605240810137	0	1
"1.0.1.1764.1"	1	0	[1, 1]	164.42544275277395077614507556329149329386823472263090611743711657431882139772598589043911068665	0	1
"1.0.1.1765.1"	1	0	[1, 1]	164.433650966783606735548962133632161810621924354191864938371100117057323522292844853188775180	1	1
"1.0.1.1766.1"	1	0	[1, 1]	164.4385095046516230643054563206409830094292903327774568650342878299302753490252448742226014485	1	1
"1.0.1.1767.1"	1	0	[1, 1]	164.467811428597200098876058508129476383510163431546550342661731785649678609228988869353747332	1	1
"1.0.1.1768.1"	1	0	[1, 1]	164.4697261356606701669344664281379940333179689548629484653231375608184827018133411076263494157	1	1
"1.0.1.1769.1"	1	0	[1, 1]	164.55698037482739744512320552563212646980894469750408778848672278926260258757182458938860834456	0	1
"1.0.1.1770.1"	1	0	[1, 1]	164.59323040135566181714096513787539610439629988695604314543731323807566070928663669363227932465	1	1
"1.0.1.1771.1"	1	0	[1, 1]	164.622284012603040629015564858215210647855789620517229412521776857548817666913335458888491737919	0	1
"1.0.1.1772.1"	1	0	[1, 1]	164.649020500613849660650635943258245986786562560707264698821648486311234583440927737856261444	0	1
"1.0.1.1773.1"	1	0	[1, 1]	164.666250454185696301829735784339600867512341311874046143711249865860508437149283013475820576	0	1
"1.0.1.1774.1"	1	0	[1, 1]	164.7220845540400399817579077316690421420240759550984533894727084184308341076982334630614407670	1	1
"1.0.1.1775.1"	1	0	[1, 1]	164.767291436675873991788649366656232289461968952374023328338090554690640344429298915010574578	1	1
"1.0.1.1776.1"	1	0	[1, 1]	164.79825901218971402867811854152832905171473035244585139105705633143195888619241030686986179995	1	1
"1.0.1.1777.1"	1	0	[1, 1]	164.85641778593315444184865936231708713453981037130745596755477742933778200736733531325368309945	0	1
"1.0.1.1778.1"	1	0	[1, 1]	164.857782041652981106618061793353559213035523397387618656193765879133249835621276656786930365	1	1
"1.0.1.1779.1"	1	0	[1, 1]	164.92302309075055546046665121660370973117402899548025758939699669771055242427312455490605253035	1	1
"1.0.1.1780.1"	1	0	[1, 1]	164.991556363395988661781046652246226046299536406144873684378297831589490147653946337915510898	0	1
"1.0.1.1781.1"	1	0	[1, 1]	165.0542046986040212539681660102672683151500567992517773173195508634399603313372735176836342128	0	1
"1.0.1.1782.1"	1	0	[1, 1]	165.09282710057637572975079575953673774047644364529216841411849120504678716294961819787111052065	0	1
"1.0.1.1783.1"	1	0	[1, 1]	165.134804269558248067221604704760502642044782939430305871580774533405880273987160538508654312	1	1
"1.0.1.1784.1"	1	0	[1, 1]	165.1464502157896861608720638984710567417870887636416066454558536998414413415498980637388082089	1	1
"1.0.1.1785.1"	1	0	[1, 1]	165.2174813878922609255122328832406432557610011033463900014442387624770062055155754038547151737	0	1
"1.0.1.1786.1"	1	0	[1, 1]	165.236302335180190539568906603677819465587053302029005090162048558191517270966267041322511299	0	1
"1.0.1.1787.1"	1	0	[1, 1]	165.26914065119536518660432400106124785710049660830790370813300085792154314352360889599146087645	1	1
"1.0.1.1788.1"	1	0	[1, 1]	165.379055245083057072873336601188421464460795285028459936238675747105274578403681531362661005	1	1
"1.0.1.1789.1"	1	0	[1, 1]	165.4176837411584871982974601703922235931331732306204217309591832254200389531577392596795640832255	1	1
"1.0.1.1790.1"	1	0	[1, 1]	165.452113009157293535951400266041911942643798188364020090632187601241024370669281712537231273	0	1
"1.0.1.1791.1"	1	0	[1, 1]	165.58247766086441799800358102043964359191320735747874127603227616757059483236300701312742341475	1	1
"1.0.1.1792.1"	1	0	[1, 1]	165.5862591706741993138019845909755084798836000309471743988276216362908023623525829629705134255	1	1
"1.0.1.1793.1"	1	0	[1, 1]	165.605129174871179282000022563686841686522044076350048092528968877663819459868618734825445461	0	1
"1.0.1.1794.1"	1	0	[1, 1]	165.63266931903077652187494544434350991005756373992939282165947285382047316980741731366388029375	0	1
"1.0.1.1795.1"	1	0	[1, 1]	165.6470068531137730478657510016413502943588190749137630669156011961323060816041080480870596615715	0	1
"1.0.1.1796.1"	1	0	[1, 1]	165.6792411553614665150067200023900659159042411070943470853118116552416472653934243338220844886	1	1
"1.0.1.1797.1"	1	0	[1, 1]	165.697257616534996291875744624411907961859117262387844011297616164427315993262628031326962261	1	1
"1.0.1.1798.1"	1	0	[1, 1]	165.7261859280248249454768936648143497064690539777403886893725823274222961179373257318497122450	0	1
"1.0.1.1799.1"	1	0	[1, 1]	165.8001170454803622687063630266961282262499135194954309233173561639168530176529002663367366669	1	1
"1.0.1.1800.1"	1	0	[1, 1]	165.800206932886124706873713103136767160480501275386995322195542624454781611149607862239881677	0	1
"1.0.1.1801.1"	1	0	[1, 1]	165.9025654059261442709265754748377141701620192273547035147552078292926350044949278363786312135	1	1
"1.0.1.1802.1"	1	0	[1, 1]	165.90472966395921863796947554177256496580271579416807058471531461869286835294923193584182854155	1	1
"1.0.1.1803.1"	1	0	[1, 1]	165.928590536274833539214564821962498564844050286475106592003351403647581134537346300127348471	0	1
"1.0.1.1804.1"	1	0	[1, 1]	165.955511282282499258407439519914308451462561282920611896902116344828264942443909084804786276	1	1
"1.0.1.1805.1"	1	0	[1, 1]	166.022395770927637049766913831544815734220642865599747794381692887689737745201103684613469738	0	1
"1.0.1.1806.1"	1	0	[1, 1]	166.030389277580021353412300775139457906874306190403002017599485171017111780303769592319458545	1	1
"1.0.1.1807.1"	1	0	[1, 1]	166.142937158782506332844022227305906837540563138084419955738864458823400983059754679536495234	0	1
"1.0.1.1808.1"	1	0	[1, 1]	166.1778687978438202158506471394974104735019960753180893521160467738662213284154529502153179256	0	1
"1.0.1.1809.1"	1	0	[1, 1]	166.2492246339740258603024462806006003602243810195301641302876764572749367259212781773387821093	0	1
"1.0.1.1810.1"	1	0	[1, 1]	166.254283054781677391028279704625440122278306250643369898372656211645516221169184335455579913	1	1
"1.0.1.1811.1"	1	0	[1, 1]	166.292698529634435184352862584992048815888207764853173603809331210267990944288444771259623788	1	1
"1.0.1.1812.1"	1	0	[1, 1]	166.31513997367375695371943237720983171239464747783836890791358427677703955351521895864771334025	0	1
"1.0.1.1813.1"	1	0	[1, 1]	166.3235105355502205273702374493073722150103881630929431748768327565383371869731749042453821130	0	1
"1.0.1.1814.1"	1	0	[1, 1]	166.4051875646421663917520737975483848536544687616356758125545589966394473556992381233486381075	1	1
"1.0.1.1815.1"	1	0	[1, 1]	166.41021100973595054515432701624016806072131887636050112978514827639934715180234410641061162488	1	1
"1.0.1.1816.1"	1	0	[1, 1]	166.431740248183060477828689676773882298125160762300495441237288261369884773346774335573663584173	0	1
"1.0.1.1817.1"	1	0	[1, 1]	166.4532381319685518385189975035212474309767272986652283095287522461803364694604696067731159815	1	1
"1.0.1.1818.1"	1	0	[1, 1]	166.5254474638473866308514976571234382777828997590615582306287637538104966241633451080201820277	1	1
"1.0.1.1819.1"	1	0	[1, 1]	166.531944372782954187121325412216210994767871116299238397790134778166818915086437275281610832	0	1
"1.0.1.1820.1"	1	0	[1, 1]	166.6665846344277651122482707416507331770566885389385829976508424215266236945001264593317468655	1	1
"1.0.1.1821.1"	1	0	[1, 1]	166.818741403556225431590819630450724241333474147645253684197839300043414867678173945107906274	0	1
"1.0.1.1822.1"	1	0	[1, 1]	166.8220064876380956305052636678013648296876496883423655885675489878516261493576841772090313106	1	1
"1.0.1.1823.1"	1	0	[1, 1]	166.8386673374759422798923834967648898416603404932920472578502946897595946556983900686821970295	0	1
"1.0.1.1824.1"	1	0	[1, 1]	166.8505336590326589572567034528560173151814723473732301530528055195545219731308259619806906633	1	1
"1.0.1.1825.1"	1	0	[1, 1]	166.8807989142308668537864673999690897955479045375149981717392599249420467794189522133854254125	0	1
"1.0.1.1826.1"	1	0	[1, 1]	166.8854275952727607642565229640677163245920215418312746223121355634985910466673937011241022261	1	1
"1.0.1.1827.1"	1	0	[1, 1]	166.91827121707214452519355667629676167387545075430260557862924420317745916825605927743907498005	0	1
"1.0.1.1828.1"	1	0	[1, 1]	166.931518962351200628117616882921855079669688768420225060374899457944945808527645466417116566	1	1
"1.0.1.1829.1"	1	0	[1, 1]	166.9805389149091124128387046028561787424049686710510376684191721230466978893582309081726293845	1	1
"1.0.1.1830.1"	1	0	[1, 1]	167.0448949756653469923659321110430812240243084675769277530526484619201498490505002434111403440	1	1
"1.0.1.1831.1"	1	0	[1, 1]	167.0717647117980079299683364384313820933013618835499443014757651326691709808663572638863043743985	0	1
"1.0.1.1832.1"	1	0	[1, 1]	167.0776442324455506776345936196780406976899164486053906492976718304412152521280708784969841516	1	1
"1.0.1.1833.1"	1	0	[1, 1]	167.165030291459007911825197110034676461233215506902174239613015684354494319198800781143241513964	0	1
"1.0.1.1834.1"	1	0	[1, 1]	167.216518920420298333802014768380674898847064237666197193717237386749649056848354213836159465	1	1
"1.0.1.1835.1"	1	0	[1, 1]	167.2284011221506197046202647526124239744569044573309289567416901549697136318152758497551163779725	0	1
"1.0.1.1836.1"	1	0	[1, 1]	167.236361021468941678397286584980198087748861003695404123039640473897197699528026394698490002	1	1
"1.0.1.1837.1"	1	0	[1, 1]	167.2631682762393813753668693191167262643245138760280064382959916803057709156080405097508711755674	0	1
"1.0.1.1838.1"	1	0	[1, 1]	167.2858926561189876430516374279007940463549551870017918014933124293654625669126746885330264435495	0	1
"1.0.1.1839.1"	1	0	[1, 1]	167.333010309820160911003712347377180169190481255316399563134881045417138192271791334185040911	1	1
"1.0.1.1840.1"	1	0	[1, 1]	167.4870627991251392810920125377869536461017124348824880359474428519693002301660026980712701725	1	1
"1.0.1.1841.1"	1	0	[1, 1]	167.5315083314890688319588653115993261887312252501011603407086940113705497789260156330337223112815	0	1
"1.0.1.1842.1"	1	0	[1, 1]	167.53219807557598630043235101561209941082911833511585677608288108256339040588093057190906941505	1	1
"1.0.1.1843.1"	1	0	[1, 1]	167.6472311883001454720033083744610366967878470268384290320637322849267217520976537433653333829305	0	1
"1.0.1.1844.1"	1	0	[1, 1]	167.678503751722436533677551074657165324880330230363273132474814097431191911616902668140247181	1	1
"1.0.1.1845.1"	1	0	[1, 1]	167.687804597499041444823567712530299866203059527115757276289145146475621629956529729121809236986	0	1
"1.0.1.1846.1"	1	0	[1, 1]	167.70963122639587507890741253675898315912948665010107958214173677334627436636879399980549352265	1	1
"1.0.1.1847.1"	1	0	[1, 1]	167.714246541185252106402907185022785984681174861253707657079860002489287690649789139782069174675	1	1
"1.0.1.1848.1"	1	0	[1, 1]	167.81752438953294187054687252263996552223372769557451155942973162995973804558864806800511841517105	0	1
"1.0.1.1849.1"	1	0	[1, 1]	167.848010256949857377955926048902469239451197392720633368231523536008730054419801193848491521746	0	1
"1.0.1.1850.1"	1	0	[1, 1]	167.8675638254443410357603039689460804232384301022997892818566590876308390649606431820010128545	1	1
"1.0.1.1851.1"	1	0	[1, 1]	167.8693750223996518650654664456408932746186200122743924283606256032124464901407007784394455956115	0	1
"1.0.1.1852.1"	1	0	[1, 1]	167.902068752560916877758120733638231393544646831066503494738710512482032815520168651280975367743	0	1
"1.0.1.1853.1"	1	0	[1, 1]	167.9380804499621041131949330080746612186401730219180214875348142576691681812310048796138763899441	0	1
"1.0.1.1854.1"	1	0	[1, 1]	167.9488321635845751348765073211519315631080760837475371769558875954659847987024425924515315898785	0	1
"1.0.1.1855.1"	1	0	[1, 1]	167.9873125102721002138446920272434863378969977203294730868547409378123827406315271435463736465	1	1
"1.0.1.1856.1"	1	0	[1, 1]	168.028200718175477023803060006169289253105747222337888237058568497625913651637509095699981875354	0	1
"1.0.1.1857.1"	1	0	[1, 1]	168.029929443429403396011237356562732288227085507003674166797668378513407705094829008411158962	1	1
"1.0.1.1858.1"	1	0	[1, 1]	168.2061925574881935701420522417940469447863296020046869325581674891849379301504051263185265495	1	1
"1.0.1.1859.1"	1	0	[1, 1]	168.2204363520289015867014623056881171709060249213453009218951160638862554718617687592836180415	1	1
"1.0.1.1860.1"	1	0	[1, 1]	168.2682705486168099586582990770860845219402816677068764377139287250194979113618934226954832375	1	1
"1.0.1.1861.1"	1	0	[1, 1]	168.2873044403355447318406586209443148066753199526812458559853219050652554842502591993411739855	1	1
"1.0.1.1862.1"	1	0	[1, 1]	168.377154060949445705518208484394221884411913999296729883050120866724280225183120839652780395381	0	1
"1.0.1.1863.1"	1	0	[1, 1]	168.39963746009699175991407501470212224167831524194370899290269209068727493748218524079762547221275	0	1
"1.0.1.1864.1"	1	0	[1, 1]	168.407499151131958427976170480205179372134618548834019538261828962599374386438665626542192617	1	1
"1.0.1.1865.1"	1	0	[1, 1]	168.4784480730857832884303546123465599903956121302365413904178754042170943377243836386125935408945	0	1
"1.0.1.1866.1"	1	0	[1, 1]	168.549375556852002175981928694280853525721516668515047342700640241049856578229831626042779129125	1	1
"1.0.1.1867.1"	1	0	[1, 1]	168.5867159965819449282725369805706883298895939868810636867209858112411548245465055648239370967	1	1
"1.0.1.1868.1"	1	0	[1, 1]	168.604656234666285545555925792054218695036464028822339890414993898381750517473906059001974349	0	1
"1.0.1.1869.1"	1	0	[1, 1]	168.63973997113138590152233094907443373261520760361997025421702683572935100484105072190071843905945	0	1
"1.0.1.1870.1"	1	0	[1, 1]	168.6585182319789377951659618576414198169305676806160190111746386855807726416477473548425395724715	0	1
"1.0.1.1871.1"	1	0	[1, 1]	168.708477360265318107275090625125801546262921226452049031582205532913774203201141687878603055	1	1
"1.0.1.1872.1"	1	0	[1, 1]	168.723640110507122369340477988311108092507265412330173383719843571472171266192952698702612980	1	1
"1.0.1.1873.1"	1	0	[1, 1]	168.729590855348296432653240409770568673518025711578664415963435139018562964786318541650788075	1	1
"1.0.1.1874.1"	1	0	[1, 1]	168.802227088633102311121548811433820180886690889772442057012234349581887268955253546607177582	1	1
"1.0.1.1875.1"	1	0	[1, 1]	168.833337216654316435878664240631081498258119065626640679111943285478039867934803510421515176930	0	1
"1.0.1.1876.1"	1	0	[1, 1]	168.8369045113964312001896169596647223929653458081962934474044643367729961031121783446443102814267	0	1
"1.0.1.1877.1"	1	0	[1, 1]	168.8618124711376229365327444711725583665093256627929487932349759167408376247845759201895956517737	0	1
"1.0.1.1878.1"	1	0	[1, 1]	168.989298301074300556825965127970737602362233559575265731241014166970162246887809080849552277399	1	1
"1.0.1.1879.1"	1	0	[1, 1]	169.00700749223107528125330105864770700421630439873015448880987945290735976574512914401778112293745	0	1
"1.0.1.1880.1"	1	0	[1, 1]	169.0770233272504205147038147431801536754846756008281725469040216970086588971262912830487334405	1	1
"1.0.1.1881.1"	1	0	[1, 1]	169.09722384874261184197585984621018756411454422193516845273684111437845846864295598991532640385	1	1
"1.0.1.1882.1"	1	0	[1, 1]	169.19808316502802345526723754398426180881618816177879048895935425770065656660029883443649544947875	0	1
"1.0.1.1883.1"	1	0	[1, 1]	169.2013621149948902710393439948968782251496530275141536424783468514747206342331871018842103214	1	1
"1.0.1.1884.1"	1	0	[1, 1]	169.2217296132012581085274903751333134166297617251663631499430408965931543111438481089557232830	1	1
"1.0.1.1885.1"	1	0	[1, 1]	169.23706435342360802645588237178924174202387188470098660384693003026754351020002032955093615435	1	1
"1.0.1.1886.1"	1	0	[1, 1]	169.24475224296643888762376571522740604494323737288366537787195405419459328628433039944944336195	0	1
"1.0.1.1887.1"	1	0	[1, 1]	169.35945247311719814320501015649885549110945310090505248756111097727740756450543948671592503865	1	1
"1.0.1.1888.1"	1	0	[1, 1]	169.3972291709145477552331363880625365257988920696293332029287571351379223942116557183520838893096	0	1
"1.0.1.1889.1"	1	0	[1, 1]	169.4331180664804681432688263195553691878924996600118219730884422502732373700858899971558249750785	0	1
"1.0.1.1890.1"	1	0	[1, 1]	169.44335482700957626206814625848180267532472635459166387691657356516327627117909221061812877835	0	1
"1.0.1.1891.1"	1	0	[1, 1]	169.4456046007418374496747531982426609977505071075707269179595330033260258203733988842100404044078	0	1
"1.0.1.1892.1"	1	0	[1, 1]	169.512395063074377510394681491504019808328906528165729874868531174295272015322042757167250704	1	1
"1.0.1.1893.1"	1	0	[1, 1]	169.607749678386225779938961952005674995311016322902129504303086311027909256817929358990173431	1	1
"1.0.1.1894.1"	1	0	[1, 1]	169.6620559878931705030290245384600925995923237725966725116425328313344674465241791912581091485	1	1
"1.0.1.1895.1"	1	0	[1, 1]	169.6831760139289682844725544855143459661366331059545377582107544161611293839429878787729085902028	0	1
"1.0.1.1896.1"	1	0	[1, 1]	169.70451939159702949449394297464341825604909113512370652965149033590307743389429738324121806233195	0	1
"1.0.1.1897.1"	1	0	[1, 1]	169.75389039679842869860669599340465732873827200425543977502724270475134694763351616887028553184365	0	1
"1.0.1.1898.1"	1	0	[1, 1]	169.7594917142884314791590149760825636193094448010469704781122925074970801096782635451174920218	1	1
"1.0.1.1899.1"	1	0	[1, 1]	169.7869562275834284331561515322650476935530131674038548961443470075831951067794333102230996815	1	1
"1.0.1.1900.1"	1	0	[1, 1]	169.837869159053975473877908367096532942619988393384453946790423491387031505621560275254787602649105	0	1
"1.0.1.1901.1"	1	0	[1, 1]	169.842391945999614414149516847293043666968319177425115824055174512749223294100349955481462772	1	1
"1.0.1.1902.1"	1	0	[1, 1]	169.8553377939753857299589184536141606071214891585155756513142003340472456056775707878005111311	1	1
"1.0.1.1903.1"	1	0	[1, 1]	169.95035671444098481593202649770946591555099267846058507264381348030360798407275244636657707473925	0	1
"1.0.1.1904.1"	1	0	[1, 1]	170.0453944000461500842578382108921131371845559966386414245340987083177244662605865920570190698081	1	1
"1.0.1.1905.1"	1	0	[1, 1]	170.0527143849037238957224517566746249695494847092022236400817231329830791619955849410429762247085	0	1
"1.0.1.1906.1"	1	0	[1, 1]	170.070502791771234419586243101632934050326831005641825649591592182222286074666886243784379164	0	1
"1.0.1.1907.1"	1	0	[1, 1]	170.0731420670307097167567006136640590087767293362150373435047968812682742290095340118190010458275	1	1
"1.0.1.1908.1"	1	0	[1, 1]	170.083416033040979603582481329698547061073781036370429873885760227476514183740835063436345539420585	1	1
"1.0.1.1909.1"	1	0	[1, 1]	170.1694108136523003192777410536269599517176019542520255857832129348562499113998603183432553981655	0	1
"1.0.1.1910.1"	1	0	[1, 1]	170.17118170413064693823408629746968917157452796718766344869096550774841006977891292564436974275	0	1
"1.0.1.1911.1"	1	0	[1, 1]	170.300090823817922863263823540561387180498149353255066338674587346542850554023334366667334331835	1	1
"1.0.1.1912.1"	1	0	[1, 1]	170.33944822180014022313616598089297274036000444671787069340923285483553358927203205459097023295885	1	1
"1.0.1.1913.1"	1	0	[1, 1]	170.3780402072265510993307385886314107286573043278948853923113675278367229633838379991232612377819	1	1
"1.0.1.1914.1"	1	0	[1, 1]	170.4320411536624490912466387370953101983004950320934804921229994629801977428945369583694545655765	1	1
"1.0.1.1915.1"	1	0	[1, 1]	170.4364334162544299770006284735356932917858789727968107648905605190731559621785673283364100948	0	1
"1.0.1.1916.1"	1	0	[1, 1]	170.4522099091796268413994483502303557051723255822658594092897431622861007023907167138673976890515	1	1
"1.0.1.1917.1"	1	0	[1, 1]	170.4730666153249191366559098810387444937553234476830870243502006265540045404326910847651492358	0	1
"1.0.1.1918.1"	1	0	[1, 1]	170.5729721772588893583301059045264957118274501777398973443340049418033058532948527465930250631035	0	1
"1.0.1.1919.1"	1	0	[1, 1]	170.6581334093253253503967278806662872617526262393958846529017754964631152638068192826941028980545	1	1
"1.0.1.1920.1"	1	0	[1, 1]	170.68466630495829746532153661472991519933348829764557295851573591537278260660649691248688474494235	1	1
"1.0.1.1921.1"	1	0	[1, 1]	170.709744995183552108058159520149768251312890170466873434793171370709704410519508257998714205	0	1
"1.0.1.1922.1"	1	0	[1, 1]	170.7656312967458068426221431851532480376067446107196871755778888699260590520047808060398942352	0	1
"1.0.1.1923.1"	1	0	[1, 1]	170.827369808931661930267336113525694884233281055424384205141208502621895134567962456402182928855	1	1
"1.0.1.1924.1"	1	0	[1, 1]	170.8739165346703583760821258999639375676974430223645945219521122223379745023117409962582099185287	1	1
"1.0.1.1925.1"	1	0	[1, 1]	170.8917684778242557568398134024860577115405961915513557293798742288419751286160558536575419618015	1	1
"1.0.1.1926.1"	1	0	[1, 1]	170.8936162200314538233281455614954485798615936197733490710078860059474517926917621304856158977	0	1
"1.0.1.1927.1"	1	0	[1, 1]	170.9146931587858158170933681493425884623746843224808375336997282773995700143300294779136545540465	0	1
"1.0.1.1928.1"	1	0	[1, 1]	171.0202287791167166239916327175152568523522585042171541428712436431996170862598455524685537507430	1	1
"1.0.1.1929.1"	1	0	[1, 1]	171.026596207887592712504233351793232849617310871884841739269314057881528882350340697025187291509	0	1
"1.0.1.1930.1"	1	0	[1, 1]	171.0435235542852842563799686798122465393868881550705581586156629774760275998221477533136924738865	0	1
"1.0.1.1931.1"	1	0	[1, 1]	171.0727536906147947439485105622425694883251400764615367554792810175435933988906078783338177265	0	1
"1.0.1.1932.1"	1	0	[1, 1]	171.1094210668030278889456252128888290224443729892416478921820998204203998954901581682300214046045	1	1
"1.0.1.1933.1"	1	0	[1, 1]	171.1106702720692851692656416015692264637161287617799500778529221218201664046126438015338042714969	1	1
"1.0.1.1934.1"	1	0	[1, 1]	171.125358376693127640509552909954553131175515133707468221483616166059949508368096533920622349	0	1
"1.0.1.1935.1"	1	0	[1, 1]	171.142591467599020205176161229539207663176527909044428801266496431607883303785187399616515433746	1	1
"1.0.1.1936.1"	1	0	[1, 1]	171.22802940497011821117688235783047992227740383519365624944090679800255816487687222297239903201345	0	1
"1.0.1.1937.1"	1	0	[1, 1]	171.30552831354975115468010667265154570163556990138221174206972908894749728875558413332693188158915	1	1
"1.0.1.1938.1"	1	0	[1, 1]	171.3179428125807511169042764164595648226269792417860162527339200630466509868924285535178299156	0	1
"1.0.1.1939.1"	1	0	[1, 1]	171.39619937050310385475687887463116206253667634307096502334794465903638537792013443948767709435	0	1
"1.0.1.1940.1"	1	0	[1, 1]	171.41849980671379159854842527056231373387585436037996919283784144614055390118640528166973930044585	1	1
"1.0.1.1941.1"	1	0	[1, 1]	171.49977336825990498972088840572710882134007964134657956442351121026402901338995189865014109858215	1	1
"1.0.1.1942.1"	1	0	[1, 1]	171.570775699120783811451295081885928634824242787617046625096555230204896673171462000008754087073	1	1
"1.0.1.1943.1"	1	0	[1, 1]	171.62773826503021880367138445604487365454982447062539004634059885333644762344350814073306088496795	1	1
"1.0.1.1944.1"	1	0	[1, 1]	171.6786693674236389677126542731823401951284346928149248242334862344754153364775538098781815006	0	1
"1.0.1.1945.1"	1	0	[1, 1]	171.71062737625586891539493084679556531786507476328813520234991837024272618900173548275269917538095	0	1
"1.0.1.1946.1"	1	0	[1, 1]	171.7259677151486989398404281605465709042115601490647709900579535406446305373652386322543319773665	1	1
"1.0.1.1947.1"	1	0	[1, 1]	171.7697074818301619118210141553018325158217034058586637913576356765756466913780005475733675922075	1	1
"1.0.1.1948.1"	1	0	[1, 1]	171.77282752257650702023711412327663980310357547590860263539520577288543422111406952399519088525	0	1
"1.0.1.1949.1"	1	0	[1, 1]	171.8193326452716972613118818301827688891270194464496096476569849656002594941327824127915513765	0	1
"1.0.1.1950.1"	1	0	[1, 1]	171.8344215376802176226303282091607664047408478688979742261845761332130607676342215584821398255	0	1
"1.0.1.1951.1"	1	0	[1, 1]	171.83460257471900821764288300128077047298813126145535356925416615173660906661443205384899580305	0	1
"1.0.1.1952.1"	1	0	[1, 1]	171.851899676109710102205583680603193171321606078702938998096434436531194415973076073919818214	0	1
"1.0.1.1953.1"	1	0	[1, 1]	171.8891751468455144317256624580464225682772018551542891997974974504709707942409738755918074497495	1	1
"1.0.1.1954.1"	1	0	[1, 1]	171.92435484268201740116493538641264748231620510132339178518468352742641372044465188264368253595475	0	1
"1.0.1.1955.1"	1	0	[1, 1]	171.9678464154974341102757353915170482823771258062688568014694479966588819721697005530521674818957	1	1
"1.0.1.1956.1"	1	0	[1, 1]	172.0026435592760678727717477564470757275390934903961240364628639795852226067956035872204674083534	1	1
"1.0.1.1957.1"	1	0	[1, 1]	172.0639870843497644934690057247141205249026777459237042575984830694016426559050358331858321305637	1	1
"1.0.1.1958.1"	1	0	[1, 1]	172.1415764523697545445546401264784639691182488583238151482438999739031699919653275864489054945381	1	1
"1.0.1.1959.1"	1	0	[1, 1]	172.171620247810578252801610845956841382028088973733856391468231071674269013156609116182160786338	1	1
"1.0.1.1960.1"	1	0	[1, 1]	172.1816586446665175630196522389312609161289169663592771080076387636488151404825097715020617422042	1	1
"1.0.1.1961.1"	1	0	[1, 1]	172.2174583219791004601787229610527318046054735389298395194436886343801291958972767957868198001	0	1
"1.0.1.1962.1"	1	0	[1, 1]	172.35003304919446663117100293119295270575121075439801942813712075722838602596168738114302865173655	1	1
"1.0.1.1963.1"	1	0	[1, 1]	172.385649301413580784502397122457279924492561877904431245414047256819573895743980254598744839	0	1
"1.0.1.1964.1"	1	0	[1, 1]	172.401725727203186015035205562474398991926331168820991097033087734093707305313583387178053497	0	1
"1.0.1.1965.1"	1	0	[1, 1]	172.42141096719072237293088101427684604008567977623609868370303955888190103492795450197340171844145	1	1
"1.0.1.1966.1"	1	0	[1, 1]	172.439665248529904384278596974823283292926842794950832918054609150065080745654240298532452022	0	1
"1.0.1.1967.1"	1	0	[1, 1]	172.5155616980891886841164008914464245487213566436455905035500182680995773421345126620127865768605	0	1
"1.0.1.1968.1"	1	0	[1, 1]	172.5464711774059941035554986157712334516017881592923502646643350977514635280037575989750392399385	1	1
"1.0.1.1969.1"	1	0	[1, 1]	172.58558261676049352082580513407078618379672000404433552812665348387636806742202170242114644624445	0	1
"1.0.1.1970.1"	1	0	[1, 1]	172.6349085145127659440306693237458833190025980253356974407704137037844034319656910003592897222652	1	1
"1.0.1.1971.1"	1	0	[1, 1]	172.665766848373390207709542809588100872379663438277450617461740797616450901938633315264478363	0	1
"1.0.1.1972.1"	1	0	[1, 1]	172.6816519698967624336196224646270825078370884728048330557386175794149344126162337632018254137820	1	1
"1.0.1.1973.1"	1	0	[1, 1]	172.6959231697842847028567585882338526091965690386054766771157618032066047770649919017504814478175	0	1
"1.0.1.1974.1"	1	0	[1, 1]	172.7009589166112788994652645995912240583932477798810066239313480223358627503415863458930934888375	1	1
"1.0.1.1975.1"	1	0	[1, 1]	172.767374423542545602520535149437931845814477196164107330878182746019845229194069089063033206	0	1
"1.0.1.1976.1"	1	0	[1, 1]	172.8465648059218356080094055135324303625942248033629792643176176377788594934574295573398795848837	0	1
"1.0.1.1977.1"	1	0	[1, 1]	172.8667438277784827101934357877947182651581580862382943650244104233180171159419031992110708871171	1	1
"1.0.1.1978.1"	1	0	[1, 1]	172.909769873809483484696732302791763431493941922986489777184568387700911605395625682775860931039	1	1
"1.0.1.1979.1"	1	0	[1, 1]	172.944536269046536161832301744074163097878972184498750600990134843623476167928623418534328758894	1	1
"1.0.1.1980.1"	1	0	[1, 1]	173.003838422547037352354106988267081420611369353386742524135741906413609844025949399283873752269	1	1
"1.0.1.1981.1"	1	0	[1, 1]	173.00640528325307301698011379333258521917485279982926215217516646807771601350670171077917309658	0	1
"1.0.1.1982.1"	1	0	[1, 1]	173.0196528161003556497631868367682426624143273154809467187425693474129012467194071333188642365555	1	1
"1.0.1.1983.1"	1	0	[1, 1]	173.04531913883444622411457288505480935757666734182760592315880327555719887611825756871783991106	0	1
"1.0.1.1984.1"	1	0	[1, 1]	173.1569422483138530361451089013996356122605205173389671870713321792182719924194243163052261815	0	1
"1.0.1.1985.1"	1	0	[1, 1]	173.171953725015689236870942339704482802795273387095829593869219457445337355270924119425854274459	1	1
"1.0.1.1986.1"	1	0	[1, 1]	173.2400997852168462715963450947391334937729237839836293792383068646835119675652432138103595228245	1	1
"1.0.1.1987.1"	1	0	[1, 1]	173.2600289652341019398043159241568004182449358349054227128212118388519639753931493523150490155561	0	1
"1.0.1.1988.1"	1	0	[1, 1]	173.2650913852170833113402094179826279037364102373250682113319913096097287316838175328856662455036875	1	1
"1.0.1.1989.1"	1	0	[1, 1]	173.3360662063238362669349081998629244955133602479360276796289976302986450195393758891448205675	0	1
"1.0.1.1990.1"	1	0	[1, 1]	173.3572456056916476439745767410548176060261254214229764552187231617886874301299863341876566763759	1	1
"1.0.1.1991.1"	1	0	[1, 1]	173.35955975354882902331764736598688549989660593869200280119971227497578747957735417104144026219	1	1
"1.0.1.1992.1"	1	0	[1, 1]	173.466660062770983713178647394692309161598941295036360947292406603020128811652866578826803922	0	1
"1.0.1.1993.1"	1	0	[1, 1]	173.53508316465993587133794571994303191458811201233917381871266417188775504766249079884934212057635	1	1
"1.0.1.1994.1"	1	0	[1, 1]	173.5732881555685910242002372743161270452430146808240544329288761839894092869879600564136345760925	1	1
"1.0.1.1995.1"	1	0	[1, 1]	173.580550466382349654787946703409072251039297611573579689357895674191992573100491053623041298261	0	1
"1.0.1.1996.1"	1	0	[1, 1]	173.6189647188880912002036465254350092014515437890426020218663022984646149432789843897396656781915	0	1
"1.0.1.1997.1"	1	0	[1, 1]	173.707200546333565229775019625633756859719822743090740526277139855733318051058000970416130123476	1	1
"1.0.1.1998.1"	1	0	[1, 1]	173.71150167988522704669066283736102772557381283974826035530325305358949431140899308702488373065	0	1
"1.0.1.1999.1"	1	0	[1, 1]	173.7228322506004180788544356966381455293452235199903128517767968903139670856366614177521011733377	0	1
"1.0.1.2000.1"	1	0	[1, 1]	173.83280363547072445483675103589356538502113017453366746691847022331508739862045097293412116169385	1	1
"1.0.1.2001.1"	1	0	[1, 1]	173.84056918499352746799945741753254859037601447255987818154970899552778350018000996482422407888585	1	1
"1.0.1.2002.1"	1	0	[1, 1]	173.859143618098419186540794227071655049878291939440907119947748597884001458891044645433446700004	1	1
"1.0.1.2003.1"	1	0	[1, 1]	173.8907710004602255512387212505815174425544989717828970020386154940083059014632583469414536345	0	1
"1.0.1.2004.1"	1	0	[1, 1]	173.89647698702669825422960754104886144107285578244011344320024284845081867027156832337797978099745	1	1
"1.0.1.2005.1"	1	0	[1, 1]	173.9858629529852599258058267038268034748663984349484727393047866561662470465144556452845764483	0	1
"1.0.1.2006.1"	1	0	[1, 1]	174.017246757213445200791302718136420659862805036401355473507686695169571447765245034900951739	0	1
"1.0.1.2007.1"	1	0	[1, 1]	174.0332660276261164009902919429442043652562869628606567911056735436948507987331375544266904920905	1	1
"1.0.1.2008.1"	1	0	[1, 1]	174.039994006236292568187599546672686972011352379539134963891274585129955483552886483773931884	0	1
"1.0.1.2009.1"	1	0	[1, 1]	174.0501131044222011957208830245620588331848228309087012662395931110007063872472379186752637550757	0	1
"1.0.1.2010.1"	1	0	[1, 1]	174.1831294731038029029595977290992068896376527720102213182677302182202669239749167267705920289351	1	1
"1.0.1.2011.1"	1	0	[1, 1]	174.2159206145954601890698829595900594154500020786626812458725536344484109278932898158305482314900	1	1
"1.0.1.2012.1"	1	0	[1, 1]	174.299383388571861934729608420360416441139513822313447153382357417488001915180090525548247830	0	1
"1.0.1.2013.1"	1	0	[1, 1]	174.3123170742681595151662665245770453167285719468625503557014070944832281806704847142145829825	0	1
"1.0.1.2014.1"	1	0	[1, 1]	174.337375958484401723099988853959160053556450130312240891139691909714029871967231387812436400	0	1
"1.0.1.2015.1"	1	0	[1, 1]	174.347326536749598388194540217100336235639950970341310989855859018156473959944172027016616310915	1	1
"1.0.1.2016.1"	1	0	[1, 1]	174.35844968301602586052282319375585531235425747137365164335222679811015051032695736745083166780515	0	1
"1.0.1.2017.1"	1	0	[1, 1]	174.39387074827834726219980184467803568793870006963102368834749375288546975198607133907469598668785	1	1
"1.0.1.2018.1"	1	0	[1, 1]	174.41013731061002700787821746152844518586124404117462987260982114867172863264768567037303840432465	1	1
"1.0.1.2019.1"	1	0	[1, 1]	174.436062739511618494299446344084346678139336749204882854920981996256150437841160805848813048838	1	1
"1.0.1.2020.1"	1	0	[1, 1]	174.53208065063088351102143448647016847448669224442653851971871581254827962134505006895440100668955	1	1
"1.0.1.2021.1"	1	0	[1, 1]	174.594366979239917242202190125565677071473002873216120069390636193552016829176589066114626757	0	1
"1.0.1.2022.1"	1	0	[1, 1]	174.678814204626888303388442063752124547898233048304928437729538416481346405433488253187369753	0	1
"1.0.1.2023.1"	1	0	[1, 1]	174.6854307686303450522572986376645378994855020534282235052085885623737910049984768669251630710165	1	1
"1.0.1.2024.1"	1	0	[1, 1]	174.6976091277275236541857092752755827393142251518371434560278874590167067256029638200555090688	0	1
"1.0.1.2025.1"	1	0	[1, 1]	174.7069948763843951914475046954379486955035069672887102643845538422982750431280981730167104895753	1	1
"1.0.1.2026.1"	1	0	[1, 1]	174.717916271561163607412260276241953329275475796183495696382517789540344040756049681672389280675	1	1
"1.0.1.2027.1"	1	0	[1, 1]	174.7404400613732356177257836920062840266401922154206465927959240815826019338060225435304881417675	0	1
"1.0.1.2028.1"	1	0	[1, 1]	174.864545180535517613889202946263155153567710553624114909258769655788616663202007163038034727087	1	1
"1.0.1.2029.1"	1	0	[1, 1]	174.882090101692080877340737171161711723940291602497271480745783305042407418151834055937895586563839	1	1
"1.0.1.2030.1"	1	0	[1, 1]	174.8834842287159822779926570381917802428087622695777730559319576713083456104868686234642126087	0	1
"1.0.1.2031.1"	1	0	[1, 1]	174.9584435054029457098770285075481728848132209666838045759305253158899831401421394028296159546	0	1
"1.0.1.2032.1"	1	0	[1, 1]	175.015104379024486001809762015605125225281835716922032316583601244872437165337065623453970409366	0	1
"1.0.1.2033.1"	1	0	[1, 1]	175.078183090497141692873882870150962449968970727862498215900625939830070978273038778298579602043	1	1
"1.0.1.2034.1"	1	0	[1, 1]	175.1359303757984998586615580415936734861173671300741349398983323662048369037667861511246372199969	0	1
"1.0.1.2035.1"	1	0	[1, 1]	175.14580738836555602447831064206213526325882494174931543137101664296448937609742902164580385102275	1	1
"1.0.1.2036.1"	1	0	[1, 1]	175.1913801563321596222234368307514567725703322217969535020975278610749381215188166303202598236625	1	1
"1.0.1.2037.1"	1	0	[1, 1]	175.206911701609368634542252562878739092828800119710056389029727303931956285720030823239252561074	1	1
"1.0.1.2038.1"	1	0	[1, 1]	175.2113105658210701737599279018459238330091949593615847252160466286342986608289711378013416951023	1	1
"1.0.1.2039.1"	1	0	[1, 1]	175.2123205570592479725141762141480365100657973743717257118302688115306978794778762152517914404	0	1
"1.0.1.2040.1"	1	0	[1, 1]	175.2997283566541167437528867479046276452769394540036055865711135958700207437184113597527931327	0	1
"1.0.1.2041.1"	1	0	[1, 1]	175.3823401151916122724134535603245931532014383771810074308306875755615509326610691449154189296525	1	1
"1.0.1.2042.1"	1	0	[1, 1]	175.393019328586447207180010659310145086196021374749376275622449326564656565762799980840452311	0	1
"1.0.1.2043.1"	1	0	[1, 1]	175.4026252803280227927225200731590177959520288530165730074882228164026238836103948276277270445	0	1
"1.0.1.2044.1"	1	0	[1, 1]	175.450200089722176294661942050448621068582676100904175161427034631324902908994340894283916318879	1	1
"1.0.1.2045.1"	1	0	[1, 1]	175.50399139856685324981884693664081484886300582463253999976810319558361425538546419068074009608685	1	1
"1.0.1.2046.1"	1	0	[1, 1]	175.5407442830475906158747855636918809267532585875140469970720269164839992408653353328072303335	0	1
"1.0.1.2047.1"	1	0	[1, 1]	175.6328504996614980145044718444713458216937057411139346288711177668756457225483760141305199560942	0	1
"1.0.1.2048.1"	1	0	[1, 1]	175.697154272406472703592260926625342544807223807611904255190703417153829374415735397779466195528	1	1
"1.0.1.2049.1"	1	0	[1, 1]	175.7125998054040383373376391282944972995649228881505420467799845641140170225583362654943356128	0	1
"1.0.1.2050.1"	1	0	[1, 1]	175.71908879012346213080672624874783874393061483102470316915262613500168003692552983483411123590965	1	1
"1.0.1.2051.1"	1	0	[1, 1]	175.723007604985312968938976009271306999156335504608651075215826519922532599367311104875091627139	1	1
"1.0.1.2052.1"	1	0	[1, 1]	175.7516721956961544266382970758756253280299461984554158277603947095065908556900743427622980013145	1	1
"1.0.1.2053.1"	1	0	[1, 1]	175.7954888935204078505075521264245568390434130646711145201370412157927735423215902940642620008	0	1
"1.0.1.2054.1"	1	0	[1, 1]	175.7973724652379903378877808724665451112684824643791788089929208706361284369455315069707166189	0	1
"1.0.1.2055.1"	1	0	[1, 1]	175.800349806451242006264194453954657728194434252516409572996335577297203766882494447310098389159	1	1
"1.0.1.2056.1"	1	0	[1, 1]	175.91474459760973996701147510605730419931906507050791175452099016318925710220408334872047256398	0	1
"1.0.1.2057.1"	1	0	[1, 1]	176.0145903110422202458176046950165175816913386694106101952313796219524988185427950299380054579526	1	1
"1.0.1.2058.1"	1	0	[1, 1]	176.0494718804108949090647499169774817131075890671567491298421537317777351735129106156821197910045	1	1
"1.0.1.2059.1"	1	0	[1, 1]	176.0592738391885479913451798580030142246629251632411696066181801945036186429809990585381606297	0	1
"1.0.1.2060.1"	1	0	[1, 1]	176.210507107355134039348433621316680671512083475622743313682286460803333081335474646793449603403	1	1
"1.0.1.2061.1"	1	0	[1, 1]	176.2212448600374234590583089763298916837378810466607873825238317860653290934987289555370138397	0	1
"1.0.1.2062.1"	1	0	[1, 1]	176.24141886205826395884504287153829131339915919508831781789260470065396237855209788497605705905	0	1
"1.0.1.2063.1"	1	0	[1, 1]	176.257796245697122100835047936540156486167301494256651005602857403722526271768945357822831906250	1	1
"1.0.1.2064.1"	1	0	[1, 1]	176.2711742915497420517547427667754148934584002031283449172963411838802168251829839189746160217475	0	1
"1.0.1.2065.1"	1	0	[1, 1]	176.32040719103821604567235331982434129823295916272542258999379549139768617127868923372161996984485	1	1
"1.0.1.2066.1"	1	0	[1, 1]	176.3721941228047043737781822838950265111194950856480822598881349520993163532784035493552534111966	1	1
"1.0.1.2067.1"	1	0	[1, 1]	176.39208066352927194559750990802579977962442502162926361270063756079856875787938167147796633815	0	1
"1.0.1.2068.1"	1	0	[1, 1]	176.408720321213918334165827695416663375528738084973676344928195788566887665805840393062908432818	1	1
"1.0.1.2069.1"	1	0	[1, 1]	176.410374090339624672276517742310834955550351989489983284037370494157301103836555567285105420	0	1
"1.0.1.2070.1"	1	0	[1, 1]	176.4600678589683387503508368220732125960945174604581217027676246977924516976377135062743536912	0	1
"1.0.1.2071.1"	1	0	[1, 1]	176.5257455129668875099750771219154544178716149544390566955006404452266827836127636493534563423622	1	1
"1.0.1.2072.1"	1	0	[1, 1]	176.5449644251259288287653347321600517628490092052728948148099900135012196461499555697404914225	0	1
"1.0.1.2073.1"	1	0	[1, 1]	176.5514643019571305458538551165873003608114116724297571102337339103690887790828836219091416257074	1	1
"1.0.1.2074.1"	1	0	[1, 1]	176.568454323308497048164159205104863206285362680185727362703761094210102664231243758335719286585	0	1
"1.0.1.2075.1"	1	0	[1, 1]	176.613715830032749961548229551806886439794855594834065325709511132453097093993944098417135760522	1	1
"1.0.1.2076.1"	1	0	[1, 1]	176.64957725625022908212605641103630568851105140877943050523073688250536023574285673379237651155	0	1
"1.0.1.2077.1"	1	0	[1, 1]	176.6497917562625229471582859313090479079758859318820846587628114909702615978818864157452515426275	1	1
"1.0.1.2078.1"	1	0	[1, 1]	176.680937969567854472621205951101691148548505418115974975048560561300941170146805287242431955815	0	1
"1.0.1.2079.1"	1	0	[1, 1]	176.68809292601849763209673604627139720562376640451756897086327863136696272911725521855783250895	0	1
"1.0.1.2080.1"	1	0	[1, 1]	176.73712985242379196958617589266765132867805614113774980908586899947915241538131051626856365126045	1	1
"1.0.1.2081.1"	1	0	[1, 1]	176.89503675336162425716198634924660775907830934563189715884839685563145531413109448193827698421475	1	1
"1.0.1.2082.1"	1	0	[1, 1]	176.924485028695030552869526363690255968889016494005755424621340341630792550214938992882265797733	1	1
"1.0.1.2083.1"	1	0	[1, 1]	176.9415499783951032919459383873587350428881690035687426407455107448856101527235761707240364793285	1	1
"1.0.1.2084.1"	1	0	[1, 1]	176.9698177558882004298103929498668801416792004303708748946155787623393963751318832007836042543255	1	1
"1.0.1.2085.1"	1	0	[1, 1]	177.0137566690771321779988034456361274250453120584165892666247134592706612287747380480024533332	0	1
"1.0.1.2086.1"	1	0	[1, 1]	177.025194218256606302872354779922175299809609095317536523207804644932197635926529449161180642806	1	1
"1.0.1.2087.1"	1	0	[1, 1]	177.0832356583172636821396125135942911844378706753807473167714488714072360584571659467242662221	0	1
"1.0.1.2088.1"	1	0	[1, 1]	177.1474580179367000892548843903163360584726888352827301544272284502617127616859842083841670157	0	1
"1.0.1.2089.1"	1	0	[1, 1]	177.1801113935504209318997902157419795246430251323054801528907807342952301362085421733845135675	0	1
"1.0.1.2090.1"	1	0	[1, 1]	177.2721803803323195578483448848998021543017113978504293738843456869380025938873943850517268505266	0	1
"1.0.1.2091.1"	1	0	[1, 1]	177.308317222778318881384278826086654236067392282049246258218420400331617440320442476696111223609395	0	1
"1.0.1.2092.1"	1	0	[1, 1]	177.31702641251325427006566066914244522397842299773768638021303100586358504498564395398987406396355	1	1
"1.0.1.2093.1"	1	0	[1, 1]	177.360118664648753748600038081432337236255445982098162677372037928982411731223462494777451670976	1	1
"1.0.1.2094.1"	1	0	[1, 1]	177.373345757187533184671036568047571369057967292542484897958180394136714912469988519948438281	0	1
"1.0.1.2095.1"	1	0	[1, 1]	177.382190892680926753741287377420830070664709813513763244822474771869344556431171951300796526979	1	1
"1.0.1.2096.1"	1	0	[1, 1]	177.40459654286213117015988047675825818080847781080365609561838310376237063223177878088032475305	0	1
"1.0.1.2097.1"	1	0	[1, 1]	177.4254840452663352764820902873905346588278495593845558528151325993473790622165012231587306117766	1	1
"1.0.1.2098.1"	1	0	[1, 1]	177.4732521223966662858715351449639487461176934649269978962322570199506141609629203243813656502747	1	1
"1.0.1.2099.1"	1	0	[1, 1]	177.505452751281732899653226559141930404308877289430983591743029645579819329306456628623350816	0	1
"1.0.1.2100.1"	1	0	[1, 1]	177.5494101143906175644670161650306144085008148752143670007543492995233417350473918789259905454928	1	1
"1.0.1.2101.1"	1	0	[1, 1]	177.5556864650898439291654691223481735123206380909973662103434570214950400926627546637493538040909	1	1
"1.0.1.2102.1"	1	0	[1, 1]	177.6277805385985091016116937148794417573200266160662077591719982340412562358343408579144369397142	1	1
"1.0.1.2103.1"	1	0	[1, 1]	177.716571329442194195913470572556261288177950506802594061021648231644791743166944511956204163	0	1
"1.0.1.2104.1"	1	0	[1, 1]	177.83423012250951454371492378401391416692025431348026075769321506953884046601730243290617730984	0	1
"1.0.1.2105.1"	1	0	[1, 1]	177.862428585634353508792953345542073670814627339801159189131204631828159236943129118475127138	0	1
"1.0.1.2106.1"	1	0	[1, 1]	177.8805180808030505579588557802762721815092277675268362690694142677168321033449133381192485538693	1	1
"1.0.1.2107.1"	1	0	[1, 1]	177.9218130980280946579357023387896277543654029798169693763650598733462610071283888454468291805	0	1
"1.0.1.2108.1"	1	0	[1, 1]	177.925845504543525660239783559877457405966365051453059026106213493806130915663301443827127038823	1	1
"1.0.1.2109.1"	1	0	[1, 1]	177.9734521957925648496299852739205696638977165640198171888162328489847266718608517916936999747612	1	1
"1.0.1.2110.1"	1	0	[1, 1]	177.984476512988619021249745661374993612810500651105487120354559389471550075513486399041600539754	1	1
"1.0.1.2111.1"	1	0	[1, 1]	178.014274980846907272409188489871319153894640682238606131372157858904878910434271468074641521450255	0	1
"1.0.1.2112.1"	1	0	[1, 1]	178.02989226435783940501464050430376566257936258549094180465213574395958839271974871984012228105	0	1
"1.0.1.2113.1"	1	0	[1, 1]	178.080780492657040256899215863850251176764352980200150313221680528809784540698382711062779812	0	1
"1.0.1.2114.1"	1	0	[1, 1]	178.2197839479597226790514561686542780660415861302441975422989343360576194694985580337725321375	0	1
"1.0.1.2115.1"	1	0	[1, 1]	178.275135459542454354323840094329806157956064138637922998105186376014659818354201848594416780	0	1
"1.0.1.2116.1"	1	0	[1, 1]	178.297436789554693274945531173201353054503850986631111336272279649347745012055035805903935328	0	1
"1.0.1.2117.1"	1	0	[1, 1]	178.317295360921446008413510537544138019750738340389440887981676830255397195403406003212220148	0	1
"1.0.1.2118.1"	1	0	[1, 1]	178.549965191139097643601056194530077703853016192955261332082353819612043821928521697536204019	0	1
"1.0.1.2119.1"	1	0	[1, 1]	178.5888181816718415411134893636544946092129337349450811925346651488476674083337623393147592295	0	1
"1.0.1.2120.1"	1	0	[1, 1]	178.6477600708901267789444712874536469282902714393274087450992918059360509878239908217683085059	0	1
"1.0.1.2121.1"	1	0	[1, 1]	178.84970077719817128737659206364087639547923708887948408197003912155639832878608001622981919915	0	1
"1.0.1.2122.1"	1	0	[1, 1]	178.8741490680351553088433996423507854493140585830674811614034573771444779885702927843946849111698	0	1
"1.0.1.2123.1"	1	0	[1, 1]	178.9342501673283743210844420739892774591502221158537461161831580368320669866462593686582769605	0	1
"1.0.1.2124.1"	1	0	[1, 1]	178.9484965036014159233922764740663472874296892038401383829708826710690128437649525455962348512	0	1
"1.0.1.2125.1"	1	0	[1, 1]	179.0348218402610141013836352832844266969063064700923411434803593917151085069225907072504652005705	0	1
"1.0.1.2126.1"	1	0	[1, 1]	179.2537324795482046095323522615863888121859933978123531883790340577057751496166657536199564675	0	1
"1.0.1.2127.1"	1	0	[1, 1]	179.25408544571184596238158820607030224995394605811224604320441742846545494152305798158011467725	0	1
"1.0.1.2128.1"	1	0	[1, 1]	179.2800743809302631849422654150683245601364030601421866395079912242731177095733201983596437571	0	1
"1.0.1.2129.1"	1	0	[1, 1]	179.3651555095172365688802043889968023791227625839539211196173632676478600774328727506573256412816	0	1
"1.0.1.2130.1"	1	0	[1, 1]	179.474292197508327676420106832743756831874868422615490878136415606372871394392854196041126414	0	1
"1.0.1.2131.1"	1	0	[1, 1]	179.56077343179346051153651556786200910206431852877205926944764266666235520501393087680715999535325	0	1
"1.0.1.2132.1"	1	0	[1, 1]	179.621277175055492191165484584319571930213623298503545782999274005311305232671500607274964118428	0	1
"1.0.1.2133.1"	1	0	[1, 1]	179.7040392529427553591028332982913238344664609346849047936746305649240896371196718667993255145	0	1
"1.0.1.2134.1"	1	0	[1, 1]	179.7841120607692262436334454071805899083530279008234450495514739302052700223875069945133568474	0	1
"1.0.1.2135.1"	1	0	[1, 1]	179.7954911863792010987416931667205851882659220363422436754789567350552658341194866628518371405355	0	1
"1.0.1.2136.1"	1	0	[1, 1]	179.9113463176107893676765774123932761407005019277424698015098930263337228925702230908932405318551	0	1
"1.0.1.2137.1"	1	0	[1, 1]	180.1087744958504307197272205256126654653519285923556963939210230345483249495021085005910231313533	0	1
"1.0.1.2138.1"	1	0	[1, 1]	180.1978806260572818411296434078568235824669164572244698039395815193136354447275578233958710001515	0	1
"1.0.1.2139.1"	1	0	[1, 1]	180.2102311242769130861299670358854402548643173827878230542983009631441133060697995736840691848	0	1
"1.0.1.2140.1"	1	0	[1, 1]	180.2643679439237721636193698360890026708282416377897688012115523558152594653850939663543624596455	0	1
"1.0.1.2141.1"	1	0	[1, 1]	180.350122042939598506496651828193095205975557686171212047234559863494909495467528448615996001	0	1
"1.0.1.2142.1"	1	0	[1, 1]	180.38754097620422976445295883691462267196905293551968013179240942977931321465492574611316851012330	0	1
"1.0.1.2143.1"	1	0	[1, 1]	180.56445798059420654146428671581714502502703379655168191846200764827601310815219288329877320209975	0	1
"1.0.1.2144.1"	1	0	[1, 1]	180.5694105516398700646741702006453801507291208780366339914635343391325976743016887483243743329405	0	1
"1.0.1.2145.1"	1	0	[1, 1]	180.6039256869115237940654561673538921126829940147509663000621065399405853630782820947651561869735	0	1
"1.0.1.2146.1"	1	0	[1, 1]	180.635940861476214492164091229917487443251923602672178949466433901587755847528610730433036043762	0	1
"1.0.1.2147.1"	1	0	[1, 1]	180.9709248148641918498207296193999543670873824128492293917404455010775540637487866656442872445272	0	1
"1.0.1.2148.1"	1	0	[1, 1]	180.9834561882899976634307490977930726271439576057902429078955794251963162124729406645699453464593	0	1
"1.0.1.2149.1"	1	0	[1, 1]	180.992335050984361243669144164313257684055588243456627241480729790399701095832516461530987117514	0	1
"1.0.1.2150.1"	1	0	[1, 1]	181.152909247436458734929587183592922697470573265737339728120693630152010507736290328572733147641	0	1
"1.0.1.2151.1"	1	0	[1, 1]	181.1858624891256118410806257661003127299865110245030848171065354469378203429192187977012414242	0	1
"1.0.1.2152.1"	1	0	[1, 1]	181.2163820882549624824009398975448272966413361919422212289034168644238989129043879993693070015405	0	1
"1.0.1.2153.1"	1	0	[1, 1]	181.2180805223380657992804133636027496114601352964398490354835770765229412331054969298773848483655	0	1
"1.0.1.2154.1"	1	0	[1, 1]	181.296611999769377706591924538786241106934541512390794528083919478817884280451808033573494135698	0	1
"1.0.1.2155.1"	1	0	[1, 1]	181.3096208485302832150902752839357553069109517372476530939163826497340987011730437711560203855	0	1
"1.0.1.2156.1"	1	0	[1, 1]	181.412937689390226335359734158300213783613208271799099809240620572175986102393412844746112674280	0	1
"1.0.1.2157.1"	1	0	[1, 1]	181.6281823715651939377524901876801510687847881996563755072052174568674484726387947424580350628993	0	1
"1.0.1.2158.1"	1	0	[1, 1]	181.710600361052899783021514127699079100044328936001935992448091248696664214345650485401778638090	0	1
"1.0.1.2159.1"	1	0	[1, 1]	181.727075965861234012988416512390147143759366886728032906942621404311279741125290565221583438086	0	1
"1.0.1.2160.1"	1	0	[1, 1]	181.7986810485947368678975873980202346896145718249355888517863102327571275395771292258945931750	0	1
"1.0.1.2161.1"	1	0	[1, 1]	181.867869851959912835329872421965395842607650257179866335431589984212518109465776839265762306846	0	1
"1.0.1.2162.1"	1	0	[1, 1]	181.9315944365092910387293378556181510076251749367215307507168966977658532142780534695447360517220	0	1
"1.0.1.2163.1"	1	0	[1, 1]	181.949692920466662883674098728439219469972945627314354285081675005859227197050604016098717256594	0	1
"1.0.1.2164.1"	1	0	[1, 1]	182.148313278842010220065389711823483852059414690400221011559000232836786580361999395690131957	0	1
"1.0.1.2165.1"	1	0	[1, 1]	182.1532761428993508620672224095737581224558840790555958238957973376017556382547346429906587361935	0	1
"1.0.1.2166.1"	1	0	[1, 1]	182.1968352626443850860896805795936519354457826604693027137777195370011590067033213526285205265	0	1
"1.0.1.2167.1"	1	0	[1, 1]	182.3757109873122525153866814739755289311601711380501580249224185782106710624712862607303597403158	0	1
"1.0.1.2168.1"	1	0	[1, 1]	182.50164333212815661948565074969420719211912287057938004765242285965368966983661812116374622685	0	1
"1.0.1.2169.1"	1	0	[1, 1]	182.553645191645543208342948193302411152284911573734786145571261909753883382635897931537472377828	0	1
"1.0.1.2170.1"	1	0	[1, 1]	182.6042230362826154894194531145341944495698801209862098549431194520567369852793688873014057894855	0	1
"1.0.1.2171.1"	1	0	[1, 1]	182.67901456153497649574419265993786569951903131696835065136683382913223166529449575478886342225	0	1
"1.0.1.2172.1"	1	0	[1, 1]	182.7297412602737516537718663790085941212145458049579577525035949964198197356599140942401474239905	0	1
"1.0.1.2173.1"	1	0	[1, 1]	182.744788299291832763059017897412402814922706774958412927794351519430349112312035873770525225633	0	1
"1.0.1.2174.1"	1	0	[1, 1]	182.803446581167567332104813960680174808815459208150729700273686015117082666288325057522964483280	0	1
"1.0.1.2175.1"	1	0	[1, 1]	182.8980462076904315120249521330014096254042863809803058679879835240499259080362795627088983154	0	1
"1.0.1.2176.1"	1	0	[1, 1]	183.0827765160521434962708047218920575509893436375965915800169857909576700987707722691806432760609	0	1
"1.0.1.2177.1"	1	0	[1, 1]	183.08709313412442641756598632232310370398922891696734311191467396528499200859008886376716225325	0	1
"1.0.1.2178.1"	1	0	[1, 1]	183.1693711320151710011169495587166020347845349540358287507577596715078808188617124297898543634789	0	1
"1.0.1.2179.1"	1	0	[1, 1]	183.2171981851024417521212211548418559082279178017272987663783985607986305595216777870256320015	0	1
"1.0.1.2180.1"	1	0	[1, 1]	183.31843202514877600117479183898804184811965102004542446105400000353395517131349612809270751385	0	1
"1.0.1.2181.1"	1	0	[1, 1]	183.426699262210482952357192005741630229837714649093227549426740648914355519037088536683223827849	0	1
"1.0.1.2182.1"	1	0	[1, 1]	183.4459236981144498188419995826512470127421678304421878073382954830107437605117547793225845816907	0	1
"1.0.1.2183.1"	1	0	[1, 1]	183.5398414562122368780420790458672033055824929521623492377685426987141513413978696477548019753	0	1
"1.0.1.2184.1"	1	0	[1, 1]	183.6303834464718979737332105555067119577860225957298815286041775198346890954279705340163565012656	0	1
"1.0.1.2185.1"	1	0	[1, 1]	183.733353681095979518149597506240930117453851044119896217671315786593946706169891474552275369858	0	1
"1.0.1.2186.1"	1	0	[1, 1]	183.836840227375157550315927477663315399566828517348653163373036823726703130267335730035935089	0	1
"1.0.1.2187.1"	1	0	[1, 1]	183.8541682928226024548627907028355440345222395628989192830783480521765790382278263012636360981	0	1
"1.0.1.2188.1"	1	0	[1, 1]	183.859368881270508380332239996197917404164930045671254754992777476836551474594541471800116249624	0	1
"1.0.1.2189.1"	1	0	[1, 1]	183.99797604472048523642275819875186871694920335705940994585872888337565721409364047974281680529645	0	1
"1.0.1.2190.1"	1	0	[1, 1]	184.1119515973520871847898805395140518379776181354219130841614566807778495952192842094975930430255	0	1
"1.0.1.2191.1"	1	0	[1, 1]	184.19248985485538542062686940571765255402378586470014095921652757627124901824059261537034247023885	0	1
"1.0.1.2192.1"	1	0	[1, 1]	184.2178484149830861177805371782708090371645248023391107814685655754144974978804594726706590809295	0	1
"1.0.1.2193.1"	1	0	[1, 1]	184.30624121795212908267758152011328581027740854743182008231679235136222484342524231409285524105	0	1
"1.0.1.2194.1"	1	0	[1, 1]	184.3799902872982065270344456668240163584572445811022996894715672582481357801988833564232791964135	0	1
"1.0.1.2195.1"	1	0	[1, 1]	184.4701694151906924571310993157382214350109245323648681438765457684752392889146627377177005005	0	1
"1.0.1.2196.1"	1	0	[1, 1]	184.5275098255918728364218822913559226041060416478835125965508945090120390779453217743600443245	0	1
"1.0.1.2197.1"	1	0	[1, 1]	184.7362975015357383466526592459541031931850843286509088845543251682264008648992729295545493628503	0	1
"1.0.1.2198.1"	1	0	[1, 1]	184.8090339535533664787123090880453021682526389324013391357417640444043095780960713813057699264295	0	1
"1.0.1.2199.1"	1	0	[1, 1]	184.8817016315132453925389828865778783243264039529315314679559410536373517824136844680320399755	0	1
"1.0.1.2200.1"	1	0	[1, 1]	184.89827484687477976615667020558998892086053452261370076154324576896132992838355187086619659427325	0	1
"1.0.1.2201.1"	1	0	[1, 1]	184.9235860478583116767910834544832711241313044897584211981327713278033328281977228558298178621372	0	1
"1.0.1.2202.1"	1	0	[1, 1]	184.9239502918704688350543587897741495091956637783218395694151065911542477674497976046377027062229	0	1


#Label (maass_label) --
#    The **label** of a Maass newform $f \in M_k(\Gamma_0(N), \chi)$ either has the format $N.k.a.m.d$ or $N.m$, where

#    - $N$ is the level;

#    - $k$ is the weight;

#    - $N.a$ is the Conrey label of the Dirichlet character $\chi$;

#    - $m$ is the spectral index, which uniquely identifies the eigenvalue $\lambda$ of $f$;

#    - $d$ indicates which form among those of level $N$, Dirichlet character $N.a$, and eigenvalue $\lambda$ this is.

#    The shorter form is used when $k=0$ and $a=1$ and $d=1$.

#    For squarefree level, it is conjectured that there is only one Maass form per eigenvalue $\lambda$, hence $d$ is (currently) always $1$. Generally, there are only finitely many Maass newforms in $M_k(\Gamma_0(N), \chi)$ with the same eigenvalue $\lambda$. Then $d$ denotes the index among these finitely many forms, where the ordering is lexicographical in the sequence $\{ \bigl(\mathrm{Re}(a(n)), \mathrm{Im}(a(n))\bigr) \}_{n \geq 1}$.


# Level --
#    A Maass form \( f \) is said to have **level** $N$ if \( f\) is invariant under the principal congruence subgroup $\Gamma(N)$.


# Weight --
#    A Maass form is of **weight** $k$ if it is an eigenfunction of the weight $k$ Laplacian
#    \( \Delta_k = y^2\left( \frac{\partial^2}{\partial x^2}+\frac{\partial^2}{\partial y^2}\right) - iky\frac{\partial}{\partial x} \).


#Char (character) --
#    Maass forms of weight $0$
#    ------------------

#    The character column refers to the character under which the corresponding Maass form is invariant. The actual labels are explained in more details on the corresponding pages for Dirichlet characters.


#    Maass forms of weight $k$
#    ------------------

#    The column character denotes the multiplier. For example "eta" means that
#    the corresponding Maass form transform according to the canonical eta multiplier of weight $k$:


#    \( v(A) = v_{\eta}^{2k}:=\eta(Az)^{2k}/\eta(z)^{2k} \)




#Spectral parameter (spectral_parameter) --
#    If \(f\) is a Maass form with Laplace eigenvalue \(\lambda = \frac{1}{4}+R^{2}\), the number $R$ is said to be the **spectral parameter** of \(f\).





# Symmetry --
#    The modular group and its congruence subgroups has an outer automorphism of order two, which is given by the reflection in the imaginary axis: \( z=x+iy \mapsto -\bar{z}=-x+iy \).
#    This map belongs to $\mathrm{PGL}(2,\mathbb{Z})$ and can be represented by the matrix
#    $\begin{pmatrix} -1 & 0 \\ 0 & 1 \end{pmatrix}$.

#    A Maass form $f$ is said to be **even** if $f(-\bar{z})=f(z)$ and **odd** if $f(-\bar{z})=-f(z)$.


#Fricke (fricke_eigenvalue) --
#    The **Fricke involution** is the Atkin-Lehner involution $w_N$ on the space $S_k(\Gamma_0(N))$ (induced by the corresponding involution on the modular curve $X_0(N)$).

#    For a newform $f \in S_k^{\textup{new}}(\Gamma_0(N))$, the sign of the functional equation satisfied by the L-function attached to $f$ is $i^{-k}$ times the eigenvalue of $\omega_N$ on $f$.  So, for example when $k=2$, the signs swap, and the analytic rank of $f$ is even when $w_N f = -f$ and odd when $w_N f = +f$.


