s,cdf_zeros,cdf_gue_mean,cdf_gue_q025,cdf_gue_q975,cdf_poisson_ensemble_mean,cdf_wigner_surmise,cdf_poisson
0.0,0.0,0.0,0.0,0.0,0.0,0.0,0.0
0.005,0.0,0.0,0.0,0.0,0.005402387311935051,1.3509233142902644e-07,0.00498752080731768
0.01,0.0,0.0,0.0,0.0,0.010452663718995375,1.0806767320094973e-06,0.009950166250831893
0.015,0.0,0.0,0.0,0.0,0.015281613271563027,3.6469357054397245e-06,0.014888060396937353
0.02,0.0,0.0,0.0,0.0,0.02033691983440727,8.6434327722755e-06,0.019801326693244747
0.025,0.0,1.0060311567849256e-05,0.0,0.0,0.02486909019572337,1.6878803347823712e-05,0.024690087971667385
0.03,0.0,3.018093470354777e-05,0.0,0.001001001001001001,0.029662828657803533,2.9160446062929946e-05,0.029554466451491845
0.035,0.0,4.024124627139702e-05,0.0,0.001001001001001001,0.034572260702913984,4.629421467517575e-05,0.03439458374243354
0.04,0.0,5.0301557839246284e-05,0.0,0.001001001001001001,0.0391346119989336,6.908411071729348e-05,0.03921056084767682
0.045,0.0,6.539202519102017e-05,0.0,0.001001001001001001,0.04388307905895845,9.833197702915214e-05,0.04400251816690004
0.05,0.0,0.0001156935830302664,0.0,0.001001001001001001,0.04865166674211901,0.00013483719231952018,0.048770575499285984
0.055,0.0,0.00017605545243736185,0.0,0.001001001001001001,0.05357115909879728,0.0001793963669027704,0.05351485204651618
0.06,0.0,0.0002162966987087588,0.0,0.001001001001001001,0.058450410209204204,0.00023280303975516115,0.05823546641575128
0.065,0.0,0.00029174903546762813,0.0,0.002002002002002002,0.06323911851550038,0.0002958473770347525,0.06293253662259657
0.07,0.0,0.00036720137222649767,0.0,0.002002002002002002,0.06793728401768606,0.000369315872207579,0.06760618009405173
0.075,0.0,0.00044768386476929213,0.0,0.002002002002002002,0.07265557014300729,0.0004539910479227499,0.07225651367144714
0.08,0.0,0.0005734377593674078,0.0,0.002002002002002002,0.07730343408735367,0.0005506511597765662,0.07688365361336424
0.085,0.0,0.0006690107192619762,0.0,0.002002002002002002,0.08183057429288577,0.0006600699021066386,0.08148771559854262
0.09,0.0,0.0008098550812118664,0.0,0.003003003003003003,0.0865438302624233,0.0007830161159535914,0.08606881472877181
0.095,0.0,0.0009456692873778319,0.0,0.003003003003003003,0.0912872671666641,0.0009202534993286854,0.09062706553176858
0.1,0.0,0.0010412422472723998,0.0,0.004004004004004004,0.09576913597014099,0.001072540319922849,0.09516258196404048
0.105,0.0,0.0012022072323579877,0.0,0.004004004004004004,0.10026106508518566,0.0012406291303918016,0.09967547741373439
0.11,0.0,0.0013279611269561035,0.0,0.004004004004004004,0.10457190859200907,0.0014252664863506348,0.10416586470347178
0.115,0.0,0.0015945593835041078,0.0,0.004054054054054037,0.1090990487975413,0.0016271926672090098,0.10863385609316867
0.12,0.0,0.0018410370169164134,0.0,0.005005005005005005,0.11341492246014852,0.0018471413999766872,0.11307956328284252
0.125,0.0,0.002102605117680494,0.0,0.005055055055055038,0.11775091674589176,0.0020858395861682033,0.11750309741540454
0.13,0.0,0.002379263685796348,0.0,0.006006006006006006,0.12217745383574533,0.0023440070319317996,0.1219045690794387
0.135,0.0,0.0027011936559675253,0.0,0.006006006006006006,0.12645811640786514,0.002622356181527702,0.12628408831196558
0.14,0.001001001001001001,0.0029426411335959062,0.0,0.006006006006006006,0.1309349550555581,0.002921591854278316,0.13064176460119414
0.145,0.001001001001001001,0.0031639679880885872,0.0009509509509509511,0.007007007007007007,0.13507477326572812,0.0032424109851098004,0.1349777068892587
0.15,0.001001001001001001,0.0035211090487472373,0.001001001001001001,0.00705705705705704,0.1395013103555817,0.003585502368804283,0.1392920235749422
0.155,0.001001001001001001,0.003878250109405891,0.001001001001001001,0.008008008008008008,0.1438574252644605,0.003951546408077572,0.1435848225163865
0.16,0.001001001001001001,0.004255511793200237,0.001001001001001001,0.009009009009009009,0.14821857032912317,0.004341214865597742,0.14785621103378865
0.165,0.001001001001001001,0.0046579242559142055,0.001001001001001001,0.009009009009009009,0.15264510741897686,0.004755170620054733,0.15210629591208413
0.17,0.002002002002002002,0.0051357890553870465,0.002002002002002002,0.009009009009009009,0.156769835161795,0.005194067426390614,0.1563351834036163
0.17500000000000002,0.002002002002002002,0.005573412608588488,0.002002002002002002,0.010060060060060043,0.16105049773391497,0.0056585496802978585,0.16054297923079264
0.18,0.002002002002002002,0.006081458342764874,0.002002002002002002,0.011011011011011011,0.16507462236105458,0.006149252187088672,0.164729788588728
0.185,0.003003003003003003,0.006554292986453787,0.002952952952952953,0.012012012012012012,0.1692345611943603,0.006666799935038242,0.16889571614787435
0.19,0.003003003003003003,0.007112640278469424,0.003003003003003003,0.013013013013013013,0.17338946987188186,0.007211807873300585,0.1730408660566377
0.195,0.003003003003003003,0.007746439907243925,0.0039539539539539545,0.013013013013013013,0.1777355244691928,0.00778488069449304,0.1771653419439816
0.2,0.003003003003003003,0.008339998289747031,0.004004004004004004,0.014014014014014014,0.1819055236140664,0.008386612622044182,0.18126924692201818
0.20500000000000002,0.003003003003003003,0.008988888385873308,0.004004004004004004,0.015015015015015015,0.1860755227589399,0.009017587202395205,0.18535268358858548
0.21,0.003003003003003003,0.009708200662974531,0.0049549549549549555,0.016016016016016016,0.1903209742405722,0.00967837710214392,0.18941575402981292
0.215,0.003003003003003003,0.010437573251643602,0.0059559559559559565,0.016116116116116082,0.19398795780705327,0.010369543910215162,0.19345855982267313
0.22,0.004004004004004004,0.011161915684528746,0.006006006006006006,0.018018018018018018,0.1979366300974341,0.011091637945143562,0.1974812020375215
0.225,0.004004004004004004,0.011986861233092385,0.006006006006006006,0.01901901901901902,0.20199093565927737,0.011845198067543028,0.20148378124062294
0.23,0.004004004004004004,0.012857078183711344,0.006006006006006006,0.019069069069069054,0.20594463810544222,0.012630751497845205,0.20546639749666595
0.23500000000000001,0.004004004004004004,0.013626692018651812,0.007957957957957958,0.020070070070070053,0.20985809930533547,0.013448813639375612,0.20942915037126442
0.24,0.005005005005005005,0.014411396320944054,0.008008008008008008,0.021071071071071056,0.21378665097258062,0.014299887906842057,0.21337213893344653
0.245,0.006006006006006006,0.01526149264842731,0.009009009009009009,0.023023023023023025,0.2178962882480471,0.015184465560299898,0.21729546175813186
0.25,0.007007007007007007,0.01623231271472477,0.00995995995995996,0.02312312312312309,0.2218801716289154,0.01610302554466042,0.22119921692859512
0.255,0.008008008008008008,0.017122650288479438,0.01001001001001001,0.024074074074074057,0.22591435656762307,0.017056034334801684,0.22508350203891903
0.26,0.008008008008008008,0.018023048173801945,0.011011011011011011,0.026026026026026026,0.22973224480762183,0.018043945786342885,0.22894841419643375
0.265,0.008008008008008008,0.01902404917480294,0.011961961961961962,0.02607607607607606,0.23345959024350993,0.019067200992133715,0.23279405002414433
0.27,0.01001001001001001,0.020045170798939638,0.012962962962962963,0.02902902902902903,0.23718693567939803,0.020126228144513036,0.23662050566314685
0.275,0.01001001001001001,0.021171925694538758,0.013013013013013013,0.03003003003003003,0.24100482391939665,0.02122144240338414,0.24042787677503152
0.28,0.01001001001001001,0.02226849965543432,0.014014014014014014,0.031031031031031032,0.24480762169204387,0.022353245770151797,0.24421625854427453
0.28500000000000003,0.012012012012012012,0.023360043460545963,0.014964964964964965,0.03303303303303303,0.24836897198706256,0.023522026967563836,0.24798574568061738
0.29,0.012012012012012012,0.02457734116025572,0.016016016016016016,0.03408408408408407,0.25226231256382015,0.02472816132549499,0.25173643242143473
0.295,0.013013013013013013,0.025900272131427902,0.01701701701701702,0.035085085085085066,0.2559041453513815,0.025972010672708823,0.2554684125340906
0.3,0.014014014014014014,0.02717793170054476,0.018018018018018018,0.037037037037037035,0.25965161141040527,0.02725392323462994,0.2591817793182821
0.305,0.014014014014014014,0.028460621425445524,0.02002002002002002,0.03808808808808807,0.26349465042932396,0.028574233537155103,0.2628766256083722
0.31,0.015015015015015015,0.029793612708185573,0.021021021021021023,0.04004004004004004,0.2672069053978604,0.029933262316528597,0.26655304377571076
0.315,0.016016016016016016,0.03126241819709155,0.022022022022022022,0.04104104104104104,0.27105497457256256,0.031331316435304124,0.2702111257309432
0.32,0.016016016016016016,0.032791585555404644,0.023023023023023025,0.043093093093093074,0.27482759141050617,0.032768688804411805,0.27385096292630906
0.325,0.01701701701701702,0.03424530057695887,0.024974974974974976,0.04504504504504504,0.27840906232866025,0.03424565831134668,0.2774726463579278
0.33,0.01701701701701702,0.03570404575429702,0.025975975975975975,0.04704704704704705,0.28219173947817155,0.035762489754489146,0.28107626656807383
0.335,0.01701701701701702,0.03724830357996186,0.027977977977977977,0.04904904904904905,0.2858637532004367,0.03731943378356767,0.2846619136474401
0.34,0.018018018018018018,0.03883280265189811,0.02902902902902903,0.05105105105105105,0.28957600816897305,0.038916726846269345,0.28822967723739035
0.34500000000000003,0.01901901901901902,0.040382090633346905,0.03003003003003003,0.05210210210210208,0.2930518458156649,0.04055459114099963,0.2917796465322
0.35000000000000003,0.02002002002002002,0.04217282609242406,0.03203203203203203,0.05310310310310309,0.2965578643970605,0.042233234575790535,0.29531191028128656
0.355,0.024024024024024024,0.04392332030522982,0.03303303303303303,0.056056056056056056,0.29994818939542556,0.04395285073335348,0.29882655679142756
0.36,0.026026026026026026,0.045688904985387364,0.035035035035035036,0.057057057057057055,0.3036503840523941,0.04571361884226921,0.302323673928969
0.365,0.026026026026026026,0.04744945950976101,0.035035035035035036,0.05815815815815813,0.3070105281160559,0.04751570375430314,0.3058033491220211
0.37,0.02702702702702703,0.04928546637089348,0.036986986986986985,0.06106106106106106,0.3103455214007979,0.04935925592783347,0.3092656693626453
0.375,0.02902902902902903,0.05145849366954894,0.03898898898898899,0.06406406406406406,0.3139873541883593,0.05124441141737329,0.31271072120902776
0.38,0.03003003003003003,0.05328444021911359,0.04104104104104104,0.06606606606606606,0.3172971966941816,0.05317129186916847,0.31613859078764417
0.385,0.03003003003003003,0.055185839105437076,0.042992992992992994,0.06806806806806807,0.3209038183912555,0.055140004522844954,0.3195493637954123
0.39,0.03303303303303303,0.05720293157479088,0.044044044044044044,0.0701201201201201,0.32442492744000284,0.05715064221908256,0.32294312550183535
0.395,0.03903903903903904,0.05932062715982315,0.046996996996997,0.07207207207207207,0.32778507150366454,0.05920328341328168,0.32631996075113234
0.4,0.04004004004004004,0.061473533835342854,0.04904904904904905,0.07407407407407407,0.33126090915035633,0.06129799219519261,0.3296799539643607
0.405,0.043043043043043044,0.06372201347075718,0.05105105105105105,0.07607607607607608,0.33467638492764107,0.06343481831447201,0.3330231891415256
0.41000000000000003,0.044044044044044044,0.06597552326195538,0.05305305305305305,0.0791291291291291,0.3381019210164938,0.06561379721212535,0.3363497498636806
0.41500000000000004,0.044044044044044044,0.06823406320893756,0.055005005005005006,0.08108108108108109,0.34140170321074853,0.06783495005779694,0.33965971929501715
0.42,0.044044044044044044,0.07048254284435189,0.057007007007007005,0.08313313313313311,0.3445958521335406,0.07009828379285882,0.34295318018494325
0.425,0.04604604604604605,0.07268072092192689,0.05900900900900901,0.08508508508508508,0.3478252121468202,0.0724037911792561,0.3462302148701527
0.43,0.04904904904904905,0.07477326572803956,0.06006006006006006,0.08708708708708708,0.35111996418529096,0.07475145085405382,0.3494909052766835
0.435,0.05105105105105105,0.07706198660972526,0.062012012012012015,0.09009009009009009,0.3544046559121939,0.07714122738963491,0.35273533292196535
0.44,0.05205205205205205,0.0793657979587628,0.06406406406406406,0.09214214214214213,0.3575585635887146,0.07957307135949249,0.3559635789168586
0.445,0.05405405405405406,0.08184063460445365,0.06606606606606606,0.09419419419419416,0.36070744110945124,0.08204691940955855,0.35917572396768127
0.45,0.057057057057057055,0.08460219012982831,0.06906906906906907,0.09714714714714713,0.36402231377105754,0.0845626943350068,0.36237184837822667
0.455,0.05905905905905906,0.08738889643412258,0.07107107107107107,0.10015015015015014,0.36722652300541714,0.08712030516246827,0.3655520320517718
0.46,0.06006006006006006,0.09015045195949717,0.07397397397397397,0.1041041041041041,0.37055648613437525,0.08971964723758974,0.36871635449307405
0.465,0.06006006006006006,0.0928818265501683,0.07602602602602604,0.10710710710710711,0.37362991131835327,0.09236060231786952,0.3718648948103592
0.47000000000000003,0.062062062062062065,0.09562829160819113,0.07802802802802804,0.11116116116116113,0.3768592713316328,0.09504303867069835,0.3749977317172992
0.47500000000000003,0.06606606606606606,0.0982037313695606,0.08003003003003004,0.11311311311311312,0.3800182091639379,0.09776681117653124,0.37811494353498
0.48,0.06606606606606606,0.10082947268876927,0.08308308308308308,0.11511511511511512,0.3831369057499711,0.1005317614371139,0.38121660819385916
0.485,0.06906906906906907,0.10370672179717406,0.08608608608608609,0.11816816816816815,0.3861600293761098,0.10333771788868895,0.38430280323571486
0.49,0.07207207207207207,0.10665942324233779,0.08903903903903905,0.12012012012012012,0.38902721817294705,0.10618449592009627,0.3873736058155839
0.495,0.07207207207207207,0.10963727546642124,0.09204204204204205,0.12417417417417416,0.392040281487518,0.10907189799568984,0.39042909270369075
0.5,0.07307307307307308,0.11253464519796176,0.09404404404404405,0.12717717717717716,0.39508352573679245,0.11199971378298262,0.3934693402873666
0.505,0.07607607607607608,0.11564831162821122,0.09704704704704706,0.13013013013013014,0.3984788808909415,0.11496772028493685,0.39649442457295947
0.51,0.08008008008008008,0.11873682727954087,0.10105105105105106,0.13413413413413414,0.4016176981001102,0.11797568197680774,0.3995044211877341
0.515,0.08308308308308308,0.12158892560902614,0.104004004004004,0.13718718718718717,0.4046005804799775,0.12102335094745031,0.40249940538176254
0.52,0.08508508508508508,0.1247830745318183,0.10605605605605606,0.14014014014014015,0.4077645484680658,0.12411046704500084,0.4054794520298056
0.525,0.0890890890890891,0.12785649971579632,0.11006006006006007,0.14319319319319318,0.41068203882274207,0.12723675802683404,0.4084446356331849
0.53,0.09309309309309309,0.13102549785966874,0.11401401401401401,0.14719719719719718,0.4134888657501722,0.13040193971370256,0.4113950303216448
0.535,0.0960960960960961,0.13425485787294836,0.11611611611611612,0.15015015015015015,0.4164415671953362,0.1336057161479628,0.41433070985520626
0.54,0.1001001001001001,0.13757476069033867,0.11911911911911911,0.1542542542542542,0.4194999019119621,0.13684777975578388,0.41725174762601036
0.545,0.1031031031031031,0.14081921117097,0.12107107107107108,0.1582082082082082,0.42239224148771887,0.14012781151324505,0.4201582166601536
0.55,0.1061061061061061,0.14422965679247093,0.12407407407407409,0.16226226226226223,0.4252845810634755,0.14344548111621414,0.42305018961951335
0.555,0.1091091091091091,0.14759483101191648,0.12712712712712712,0.1662162162162162,0.42798074456365914,0.14680044715390655,0.42592773880356405
0.56,0.11311311311311312,0.15084431164833176,0.13103103103103103,0.16816816816816818,0.4309535666319586,0.1501923572860217,0.42879093615118513
0.5650000000000001,0.11511511511511512,0.15420948586777736,0.13413413413413414,0.17122122122122121,0.4339314188560421,0.15362084842334806,0.43163985324245957
0.5700000000000001,0.11511511511511512,0.15777083616279597,0.1380880880880881,0.17427427427427422,0.43672315531612016,0.15708554691173132,0.4344745613004629
0.5750000000000001,0.11811811811811812,0.1612667944326236,0.14014014014014015,0.18018018018018017,0.43942434897208765,0.16058606871929781,0.4372951311930443
0.58,0.12312312312312312,0.1650796525168386,0.14514514514514515,0.18323323323323323,0.4421356029396231,0.16412201962682554,0.44010163343459796
0.585,0.12712712712712712,0.16838949502266098,0.14814814814814814,0.18723723723723723,0.44523920905830466,0.16769299542115013,0.4428941381878261
0.59,0.12912912912912913,0.1719659357850313,0.15215215215215216,0.19119119119119118,0.4481013676993576,0.17129858209149557,0.4456727152654929
0.595,0.13513513513513514,0.17556752732632136,0.15515515515515516,0.19324324324324324,0.45077741057640563,0.1749383560286225,0.4484374341321702
0.6,0.14014014014014015,0.17918923949074717,0.16111111111111112,0.1971971971971972,0.4535188454786443,0.17861188422667468,0.4511883639059736
0.605,0.14314314314314314,0.1830775499117207,0.16316316316316315,0.20125125125125123,0.45618482804412447,0.18231872448761538,0.4539255733602906
0.61,0.14514514514514515,0.1869457397095588,0.16611611611611612,0.20520520520520522,0.45894135341371534,0.18605842562814112,0.4566491309255002
0.615,0.15115115115115116,0.1908189596631807,0.16811811811811814,0.2082082082082082,0.4616727280043862,0.1898305276889547,0.4593591046906834
0.62,0.15515515515515516,0.19467708914945103,0.17217217217217218,0.2132132132132132,0.46437392166035396,0.19363456214628522,0.4620555624053255
0.625,0.15815815815815815,0.19839437427377143,0.17617617617617617,0.21621621621621623,0.46703990422583386,0.19747005212554242,0.4647385714810097
0.63,0.15915915915915915,0.20218208157906659,0.18203203203203203,0.22322322322322322,0.4698014597512086,0.20133651261698587,0.4674081989931028
0.635,0.16416416416416416,0.20635711087972383,0.1840840840840841,0.22622622622622623,0.4724624121609049,0.20523345069329646,0.47006451168243146
0.64,0.17317317317317318,0.2102554816122656,0.18618618618618618,0.22922922922922923,0.47502779161070646,0.20916036572893637,0.47270757595695145
0.645,0.17617617617617617,0.21415888250059123,0.1891891891891892,0.23323323323323322,0.477673653553051,0.2131167496211765,0.4753374578934071
0.65,0.18118118118118118,0.21819809759508266,0.1931931931931932,0.23628628628628628,0.48024909331441995,0.21710208701268124,0.47795422323898396
0.655,0.18618618618618618,0.2225793632828811,0.2002002002002002,0.24029029029029028,0.4829351965030357,0.22111585551553326,0.48055793741295183
0.66,0.1881881881881882,0.2266990608699151,0.20510510510510513,0.24724724724724725,0.4854200934602942,0.22515752593658017,0.4831486655083008
0.665,0.19019019019019018,0.2309797234420351,0.20715715715715716,0.25125125125125125,0.4878043873018743,0.2292265625039938,0.4857264722933681
0.67,0.19519519519519518,0.2350139083807426,0.2122122122122122,0.25425425425425424,0.490354676284324,0.23332242309492035,0.48829142221345756
0.675,0.2022022022022022,0.23924426939502322,0.21716716716716716,0.2573073073073073,0.4927641209048244,0.23744455946411175,0.4908435793924508
0.68,0.2082082082082082,0.24317785121805235,0.22217217217217217,0.26126126126126126,0.4954250733145205,0.24159241747342136,0.49338300763441045
0.685,0.2122122122122122,0.24732772973978998,0.22622622622622623,0.2653153153153153,0.4980055432316736,0.24576543732205314,0.4959097704251745
0.6900000000000001,0.2132132132132132,0.25143736701525643,0.23223223223223224,0.27037037037037037,0.500470319565797,0.249963053777444,0.49842393093394455
0.6950000000000001,0.21621621621621623,0.25571299943159254,0.2361861861861862,0.2743243243243243,0.5031010910407898,0.2541846964066776,0.5009255520148641
0.7000000000000001,0.2222222222222222,0.26007414449625516,0.2401901901901902,0.27927927927927926,0.5055457467517771,0.25842978980830666,0.5034146962085906
0.705,0.23023023023023023,0.26426929442004815,0.24414414414414415,0.2832832832832833,0.5081211865131467,0.2626977538444792,0.5058914257438583
0.71,0.23323323323323322,0.26878134415822863,0.24819819819819822,0.28833833833833833,0.510510510510511,0.26698800387325566,0.5083558025390349
0.715,0.24124124124124124,0.27310224797661997,0.2521021021021021,0.2922922922922923,0.5130909804276642,0.27129995098100557,0.5108078882036684
0.72,0.24524524524524524,0.27755393584539306,0.25715715715715715,0.29834834834834834,0.5155406662944352,0.27563300221477993,0.5132477440400283
0.725,0.2502502502502503,0.2817440556134023,0.26116116116116117,0.30235235235235236,0.5177338142162262,0.2799865608145443,0.5156754310446375
0.73,0.25825825825825827,0.2861253213012007,0.2652652652652653,0.3044544544544544,0.5201181080578063,0.2843600264451708,0.5180910099097975
0.735,0.2652652652652653,0.2904311346522403,0.27212212212212217,0.3103103103103103,0.5224168892510598,0.28875279542808013,0.5204945410251058
0.74,0.2702702702702703,0.29500354625982766,0.27427427427427425,0.3153153153153153,0.5247659720021525,0.29316426097243226,0.5228860844789656
0.745,0.27427427427427425,0.2993043294550832,0.27917917917917917,0.3193693693693694,0.5271854769342204,0.29759381340575564,0.5252657000600875
0.75,0.2772772772772773,0.30382140934904744,0.2842342342342342,0.32432432432432434,0.5295496501526649,0.3020408404039196,0.5276334472589853
0.755,0.28128128128128127,0.3084089114239868,0.2891891891891892,0.3273773773773774,0.5319641249289484,0.3065047272203422,0.529989385269462
0.76,0.28928928928928926,0.3127147247750265,0.2952952952952953,0.3313813813813814,0.5344942932882625,0.3109848569143393,0.5323335729900908
0.765,0.29429429429429427,0.3173625887193726,0.3003003003003003,0.3353353353353353,0.5369540394666021,0.3154806105785102,0.5346660690256866
0.77,0.2982982982982983,0.32180421627657796,0.3033033033033033,0.34134134134134136,0.5391874286346652,0.31999136756506746,0.5369869316887719
0.775,0.3053053053053053,0.3261955422759442,0.3092592592592593,0.3443943943943944,0.5415516018531098,0.32451650571101254,0.5392962190010342
0.78,0.3103103103103103,0.33062207936579796,0.31326326326326326,0.3473973973973974,0.5437346894633331,0.3290554015620624,0.5415939886947765
0.785,0.3173173173173173,0.3353554559584711,0.3173173173173173,0.3534534534534534,0.5460083198776673,0.33360743059523645,0.5438802982143608
0.79,0.32232232232232233,0.3397015105557819,0.32232232232232233,0.3574074074074074,0.5483071010709208,0.33817196744000827,0.5461552047176441
0.795,0.3283283283283283,0.3442739221633696,0.3263263263263263,0.3624124124124124,0.550550550550551,0.34274838609793845,0.5484187650774077
0.8,0.3353353353353353,0.348987178132907,0.3302802802802803,0.3674174174174174,0.552859392055372,0.3473360601606937,0.5506710358827784
0.805,0.33933933933933935,0.3535092881826552,0.33433433433433435,0.3713713713713714,0.5549016353036454,0.3519343630263715,0.5529120734406436
0.81,0.34234234234234234,0.3580967902575946,0.3392892892892893,0.3754254254254254,0.5569690293308384,0.35654266811404073,0.5551419337770589
0.8150000000000001,0.34734734734734735,0.36266920186518176,0.34434434434434436,0.3794294294294294,0.5591018153832221,0.36116034907641853,0.5573606726386489
0.8200000000000001,0.35235235235235235,0.36708567864346714,0.3483483483483483,0.3833833833833834,0.5612999934607971,0.365786780010601,0.5595683454940008
0.8250000000000001,0.3613613613613614,0.37201020115592937,0.3533533533533533,0.38753753753753745,0.5633975684226937,0.37042133566676727,0.5617650075350509
0.8300000000000001,0.36536536536536535,0.3769900553820149,0.35935935935935936,0.3943943943943944,0.5655253243192936,0.3750633916547816,0.5639507136784645
0.835,0.3683683683683684,0.3816681002610653,0.3633633633633634,0.3983983983983984,0.5677637436431402,0.37971232464861493,0.5661255185670091
0.84,0.3713713713713714,0.38628075311492444,0.36936936936936937,0.4034034034034034,0.5700725851479613,0.3843675125885132,0.5682894765709203
0.845,0.3713713713713714,0.3908330440993761,0.37432432432432433,0.4074074074074074,0.5722154315119132,0.38902833488084193,0.5704426417892609
0.85,0.3793793793793794,0.39539539539539575,0.37932932932932933,0.4134134134134134,0.5743532477200813,0.3936941725955342,0.5725850680512733
0.855,0.3863863863863864,0.39992756575671146,0.3833833833833834,0.41746746746746743,0.5763804005010031,0.39836440866107453,0.5747168089177259
0.86,0.3923923923923924,0.404615670947329,0.38833833833833836,0.4224724724724725,0.5785182167091714,0.40303842805695544,0.5768379176822511
0.865,0.4024024024024024,0.40945971096724815,0.3923923923923924,0.4274774774774775,0.5807767566561542,0.407715618003538,0.5789484473726788
0.87,0.4094094094094094,0.41387115758975007,0.3982982982982983,0.43148148148148147,0.5830000855126488,0.4123953681492555,0.581048450752361
0.875,0.4124124124124124,0.4184485993531218,0.4014014014014014,0.4364364364364364,0.5851026906303295,0.4170770707551044,0.5831379803214916
0.88,0.4174174174174174,0.4229757395586543,0.4064064064064064,0.44144144144144143,0.5871952354364423,0.42176012087635817,0.5852170883184187
0.885,0.42042042042042044,0.4277543875533832,0.4084084084084084,0.4464964964964965,0.5890765136996298,0.4264439165414495,0.5872858267209504
0.89,0.4264264264264264,0.4323469197841064,0.4144144144144144,0.45145145145145144,0.59117911881731,0.4311278589279716,0.5893442472476544
0.895,0.43343343343343343,0.4372714422965682,0.4194194194194194,0.4555055055055055,0.5932565731560709,0.43581135253573927,0.5913924013591516
0.9,0.43543543543543545,0.4421758441858942,0.42342342342342343,0.4615115115115115,0.5955402638819727,0.44049380535686644,0.5934303402594009
0.905,0.44044044044044045,0.4470148540500294,0.4273773773773774,0.46656656656656653,0.5975472960397583,0.44517462904280747,0.5954581148969812
0.91,0.44744744744744747,0.45138605942625987,0.4313813813813814,0.47047047047047047,0.5995392377301922,0.4498532390683193,0.597475775966364
0.915,0.45545545545545546,0.45606410430530986,0.4393893893893894,0.4774774774774775,0.6015563301995459,0.4545290548923,0.5994833739091812
0.92,0.45645645645645644,0.4608779633905263,0.4433933933933934,0.4805305305305305,0.6034426386185175,0.45920150011546196,0.6014809589154859
0.925,0.4644644644644645,0.46554091780222484,0.4482982982982983,0.48348348348348347,0.605273615323866,0.46387000263480105,0.6034685809250071
0.93,0.47047047047047047,0.47023908330441067,0.45345345345345345,0.4874874874874875,0.6072001649891091,0.46853399479482355,0.605446289628399
0.935,0.4754754754754755,0.47477125366572653,0.45845845845845845,0.4924924924924925,0.6093731922877643,0.4731929135354957,0.6074141344684816
0.9400000000000001,0.4804804804804805,0.47947947947947966,0.46241241241241243,0.49654654654654656,0.6111387769679217,0.4778462005368833,0.6093721646414789
0.9450000000000001,0.4854854854854855,0.48432854965518257,0.4673673673673674,0.5005505505505505,0.6130301155426775,0.4824933023604507,0.611320429098247
0.9500000000000001,0.4904904904904905,0.48891605173012126,0.47242242242242244,0.5065565565565565,0.6151830222181977,0.48713367058698803,0.6132589765454988
0.9550000000000001,0.4964964964964965,0.49354882520711585,0.47647647647647645,0.5125125125125125,0.6171447829739285,0.4917667619511426,0.6151878554470215
0.96,0.5025025025025025,0.49806087494529694,0.4814314314314314,0.5155155155155156,0.6191316945085787,0.49639203847252794,0.6171071140248879
0.965,0.5075075075075075,0.5025226231256384,0.48443443443443446,0.5215215215215215,0.6210330933949024,0.5010089675833875,0.6190168002606627
0.97,0.5085085085085085,0.5070900045774425,0.4884384384384384,0.5255755755755755,0.6229294621254424,0.5056170222527948,0.6209169618966012
0.975,0.5185185185185185,0.5116473257176781,0.49444444444444446,0.5295295295295295,0.624745348363439,0.5102156811073664,0.622807646436843
0.98,0.5235235235235235,0.5160990135864513,0.49844844844844843,0.5325325325325325,0.6264304505510538,0.5148044285484774,0.6246889011486004
0.985,0.5305305305305306,0.5204601586511134,0.5035035035035035,0.5375875875875875,0.6281356733618046,0.5193827548659598,0.6265607730633391
0.99,0.5375375375375375,0.5250376004144848,0.5085085085085085,0.5426426426426426,0.6300320420923443,0.523950156348273,0.6284233089779543
0.995,0.5435435435435435,0.5296049818662878,0.5134634634634634,0.5485485485485485,0.6319787123807231,0.5285061353891363,0.6302765554559411
1.0,0.5515515515515516,0.5339309158404625,0.5174674674674674,0.5535535535535535,0.6339253826691023,0.5330502005906137,0.6321205588285577
1.0050000000000001,0.5555555555555556,0.5384882369806987,0.5224724724724724,0.5575575575575575,0.6357664196860184,0.5375818668626449,0.6339553651959846
1.01,0.5595595595595596,0.5427135678391962,0.5245245245245245,0.5625625625625625,0.6375068535872559,0.5421006555190166,0.6357810204284766
1.0150000000000001,0.5645645645645646,0.5471350747732665,0.5285285285285285,0.5645645645645646,0.6394535238756345,0.5466060943697749,0.6375975701675097
1.02,0.5685685685685685,0.5517980291849645,0.5353853853853854,0.5686186186186185,0.6412442593347116,0.5510977178100697,0.6394050598269216
1.025,0.5715715715715716,0.556083721912868,0.5384884884884884,0.5726226226226225,0.642929361522326,0.5555750669054434,0.6412035345940483
1.03,0.5755755755755756,0.560666193832023,0.5434934934934934,0.5775775775775776,0.6447200969814031,0.5600376894735559,0.6429930394308526
1.035,0.5815815815815816,0.5650273388966853,0.5464964964964965,0.5816316316316316,0.6465108324404799,0.5644851401623564,0.6447736190750485
1.04,0.5845845845845846,0.569624901283192,0.5515015015015015,0.5876376376376375,0.6482210854070141,0.5689169805247076,0.6465453180412198
1.045,0.5915915915915916,0.5738099908954175,0.5564064064064064,0.5916416416416416,0.6499766097756038,0.5733327790894678,0.6483081806219331
1.05,0.5945945945945946,0.5781761661158641,0.5623623623623624,0.5985985985985987,0.65170195320949,0.5777321114290446,0.6500622508888447
1.055,0.6046046046046046,0.5826328841404225,0.5645145145145145,0.6026526526526526,0.6534222664875923,0.5821145602234263,0.6518075726938024
1.06,0.6106106106106106,0.5867324611043212,0.5675175175175174,0.6076576576576576,0.6552934844392128,0.586479715320713,0.6535441896699425
1.065,0.6156156156156156,0.5910332442995766,0.5735735735735735,0.6116116116116116,0.6568729533553649,0.5908271737941492,0.6552721452327799
1.07,0.6216216216216216,0.5954346306105104,0.5785285285285284,0.6156656656656656,0.6586536285028748,0.5951565399956895,0.6569914825812934
1.075,0.6256256256256256,0.5996046297553836,0.5824824824824825,0.6196696696696696,0.6603689116251932,0.5994674256061017,0.6587022446990063
1.08,0.6266266266266266,0.6037042067192818,0.5875375375375375,0.6226726726726726,0.662059043968592,0.6037594496816368,0.6604044743550609
1.085,0.6316316316316316,0.6081357739649187,0.5915415415415415,0.6256756756756756,0.6637441461562072,0.6080322386972823,0.6620982141052869
1.09,0.6336336336336337,0.6123560746676318,0.5945945945945946,0.6296796796796796,0.6653638563186305,0.6122854265866224,0.6637835062932667
1.095,0.6366366366366366,0.6165009230335856,0.5985985985985987,0.6346346346346347,0.6671042902198688,0.6165186547783279,0.6654603930513924
1.1,0.6436436436436437,0.6209023093445205,0.6036036036036037,0.6396396396396397,0.6687843622516997,0.6207315722293061,0.6671289163019205
1.105,0.6486486486486487,0.6253288464343747,0.6086086086086087,0.6416916916916916,0.670358801012068,0.624923835454531,0.668789117758019
1.11,0.6536536536536537,0.6292976393478915,0.6135635635635636,0.6466466466466466,0.6722149284963364,0.6290951085535881,0.670441038924811
1.115,0.6626626626626627,0.6335330305179561,0.6176176176176176,0.6496996996996997,0.673895000528167,0.6332450632339577,0.6720847211004115
1.12,0.6626626626626627,0.6376275773260702,0.6225225225225225,0.6537037037037037,0.675620343962053,0.637373378831075,0.6737202053769605
1.125,0.6666666666666666,0.6417221241341843,0.6255755755755755,0.6577077077077077,0.6771595716319336,0.6414797423251908,0.6753475326416503
1.1300000000000001,0.6686686686686687,0.6458518820327859,0.6296296296296297,0.6626626626626627,0.678779281794357,0.6455638483550736,0.6769667435777471
1.135,0.6716716716716716,0.6498206749463019,0.6346346346346347,0.6656656656656657,0.680323539620022,0.6496253992285819,0.6785778786656087
1.1400000000000001,0.6746746746746747,0.6541918803225327,0.6386386386386387,0.6706706706706707,0.6819382196266617,0.6536641049301488,0.6801809781836962
1.145,0.6786786786786787,0.6581958843265375,0.6405905905905905,0.6746746746746747,0.6835428393217335,0.6576796831252074,0.6817760822095809
1.1500000000000001,0.6806806806806807,0.6619735313202655,0.6445945945945946,0.6766766766766766,0.6852178811977805,0.6616718591616046,0.6833632306209468
1.155,0.6836836836836837,0.6661334701535713,0.6516516516516516,0.6816816816816816,0.6868174707370682,0.6656403660680341,0.6849424630965867
1.16,0.6876876876876877,0.6700972329113042,0.6556056056056055,0.6857857857857858,0.6884925126131155,0.6695849445495332,0.6865138191173947
1.165,0.6886886886886887,0.6740157242669814,0.6586586586586587,0.6906906906906907,0.6900669513734835,0.6735053429800839,0.6880773379673533
1.17,0.6916916916916916,0.6779945774920653,0.6636636636636637,0.6936936936936937,0.6916766012243394,0.6774013173923583,0.689633058734515
1.175,0.6956956956956957,0.6818979783803905,0.6676176176176176,0.6976976976976977,0.6931604971805969,0.6812726314646542,0.6911810203119801
1.18,0.6996996996996997,0.6857561078666603,0.6706206206206206,0.7007507507507507,0.6948154184335086,0.6851190565050599,0.6927212613988687
1.185,0.7057057057057057,0.6896595087549853,0.6736236236236236,0.7047547547547547,0.6963445857918216,0.6889403714329003,0.6942538205012883
1.19,0.7067067067067067,0.6934623065276326,0.6776276276276276,0.7097597597597597,0.697707758009265,0.6927363627574993,0.6957787359332959
1.195,0.7127127127127127,0.6970588679131385,0.6826326326326326,0.7137637637637637,0.6992469856791459,0.6965068245543156,0.6972960458178572
1.2,0.7157157157157157,0.7007660927258913,0.6875875875875876,0.7187187187187187,0.7006705197659967,0.7002515584384887,0.6988057880877978
1.205,0.7197197197197197,0.7042268399052323,0.6896896896896897,0.7217217217217218,0.7021443554106872,0.7039703735358518,0.7003080004867537
1.21,0.7217217217217218,0.7078586123812262,0.6926426426426426,0.7247747747747747,0.7035578291859702,0.7076630864514494,0.7018027205701126
1.215,0.7247247247247247,0.7114300229878129,0.6956956956956957,0.7287287287287287,0.7050417251422281,0.7113295212356194,0.7032899857059547
1.22,0.7257257257257257,0.7151120970216451,0.6996496496496496,0.7307807807807807,0.7064652592290789,0.7149695093476796,0.7047698330759857
1.225,0.7307307307307307,0.7186935679397993,0.7036036036036036,0.7367367367367368,0.7081000598588543,0.7185828896172739,0.7062422996764672
1.23,0.7377377377377378,0.7221241341844353,0.7067067067067067,0.7379379379379379,0.7094632320762982,0.7221695082034251,0.7077074223191406
1.235,0.7397397397397397,0.725504398871232,0.7106606606606606,0.7408908908908908,0.7109068867862842,0.7257292185513495,0.7091652376321484
1.24,0.7407407407407407,0.729121080879874,0.7147147147147147,0.7447447447447447,0.7123253907173509,0.7292618813470773,0.7106157820609493
1.245,0.7447447447447447,0.7323554710489378,0.7187187187187187,0.7487487487487487,0.7139098897892873,0.7327673644699385,0.7120590918692298
1.25,0.7477477477477478,0.7359369419670917,0.7227227227227228,0.7508508508508508,0.7153283937203535,0.7362455429429594,0.7134952031398099
1.2550000000000001,0.7507507507507507,0.7392417543171307,0.7256756756756756,0.7548048048048047,0.7166865357820134,0.7396962988812252,0.7149241517755465
1.26,0.7517517517517518,0.7426874110291197,0.7296796796796796,0.7587587587587588,0.7179440747279944,0.7431195214382614,0.7163459735002295
1.2650000000000001,0.7547547547547547,0.7461682788315958,0.7337337337337337,0.7617617617617618,0.7192820961665183,0.7465151067504843,0.7177607038594767
1.27,0.7577577577577578,0.7491863723019507,0.7347347347347347,0.7657657657657657,0.7208062333690475,0.7498829578797755,0.7191683782216203
1.2750000000000001,0.7597597597597597,0.7524610037172853,0.7377377377377378,0.7688188188188187,0.7221442548075709,0.7532229847542339,0.7205690317785927
1.28,0.7657657657657657,0.7558060573135954,0.7417417417417418,0.7707707707707707,0.7233665826630646,0.7565351041071537,0.7219626995468058
1.285,0.7727727727727728,0.7592366235582323,0.7456456456456456,0.7747747747747747,0.7248001770614837,0.7598192394142913,0.7233494163680265
1.29,0.7777777777777778,0.7625162851293503,0.7476976976976977,0.7787787787787788,0.7260577160074644,0.7630753208294616,0.7247292169102477
1.295,0.7787787787787788,0.7657355848310619,0.7507007007007006,0.7827827827827828,0.7274510691596119,0.766303285118529,0.7261021356685544
1.3,0.7827827827827828,0.7690102162463964,0.7537537537537538,0.7858358358358358,0.7289198746485174,0.7695030755918394,0.7274682069659875
1.305,0.7857857857857858,0.7721389731439973,0.7567067067067067,0.7888388388388388,0.7302528659312575,0.7726746420351488,0.7288274649544001
1.31,0.7867867867867868,0.775277790353167,0.7597097097097096,0.7927927927927928,0.7315506461235097,0.775817940639102,0.7301799436153131
1.315,0.7887887887887888,0.7784518186528236,0.7627627627627628,0.7938438438438438,0.7328886675620339,0.7789329339273139,0.7315256767607634
1.32,0.7937937937937938,0.7813391280727972,0.7647647647647647,0.7977977977977978,0.7342065683774224,0.7820195906831078,0.7328646980341497
1.325,0.7977977977977978,0.7845433373071569,0.7687187187187187,0.8008508508508508,0.7355043485696751,0.7850778858749621,0.7341970409110734
1.33,0.8018018018018018,0.7879085115266025,0.7717217217217217,0.8039039039039039,0.7368876414102544,0.7881078005807196,0.735522738700176
1.335,0.8038038038038038,0.790916544685389,0.7747747747747747,0.8068068068068068,0.7382055422256424,0.7911093219106118,0.7368418245439713
1.34,0.8058058058058059,0.7937535525475226,0.7767767767767768,0.8098598598598598,0.739407749458001,0.7940824429291493,0.738154331419674
1.345,0.8078078078078078,0.7965151080728965,0.7797797797797797,0.8128128128128128,0.7406854090271179,0.7970271625759325,0.7394602921400244
1.35,0.8088088088088088,0.7993470857792465,0.7837337337337337,0.8158158158158159,0.7421089431139684,0.7999434855854348,0.7407597393541085
1.355,0.8108108108108109,0.8023400284706818,0.7866866866866867,0.8188188188188188,0.7433363011252458,0.8028314224058049,0.7420527055481743
1.36,0.8158158158158159,0.8053229108505486,0.7877877877877878,0.8208708708708709,0.7445636591365233,0.8056909891167475,0.7433392230464442
1.365,0.8188188188188188,0.8081548885568975,0.7907407407407407,0.8238238238238238,0.7457708965246652,0.808522207346527,0.7446193240119223
1.37,0.8198198198198198,0.8109717757958957,0.7937937937937938,0.8258758758758759,0.747169279832596,0.8113251041881476,0.7458930404471997
1.375,0.8238238238238238,0.8136025472708882,0.7957957957957958,0.8288288288288288,0.7483664569091704,0.8140997121147581,0.7471604041952535
1.3800000000000001,0.8288288288288288,0.8162936806152884,0.7987487487487487,0.8318818818818818,0.7495686641415286,0.8168460688943343,0.7484214469402435
1.385,0.8298298298298298,0.8191658995679094,0.8027527527527527,0.8358358358358359,0.7508714744895649,0.8195642175036846,0.7496762002083039
1.3900000000000001,0.8338338338338338,0.8219173947817162,0.8048048048048048,0.8368868868868868,0.7519529579831091,0.822254206041831,0.7509246953683318
1.395,0.8388388388388388,0.8246085281261165,0.8058058058058059,0.8398398398398398,0.7532255873964423,0.8249160876428107,0.7521669636327712
1.4000000000000001,0.8398398398398398,0.8269827616561284,0.8088088088088088,0.8428428428428428,0.7544780961866395,0.8275499203879494,0.7534030360583935
1.405,0.8398398398398398,0.8296940156236637,0.8127627627627627,0.8448448448448449,0.755685333574781,0.8301557672176505,0.7546329435470737
1.41,0.8428428428428428,0.83232981725444,0.8148148148148148,0.8488488488488488,0.7567969980030282,0.83273369584275,0.7558567168465629
1.415,0.8458458458458459,0.8348650157695381,0.8177677677677677,0.8498998998998999,0.7580344163258738,0.8352837786554812,0.7570743865512576
1.42,0.8498498498498499,0.8373851238172851,0.8197197197197197,0.8528528528528528,0.759347286985478,0.837806092640095,0.7582859831029636
1.425,0.8508508508508509,0.8399605635786538,0.8227727727727727,0.8549049049049049,0.7605243434389164,0.8403007192831831,0.7594915367916579
1.43,0.8558558558558559,0.8425360033400234,0.8267767767767767,0.8568568568568569,0.7617567316059781,0.8427677444837458,0.7606910777562454
1.435,0.8588588588588588,0.8450661716993376,0.8288288288288288,0.8598598598598599,0.7631048133560699,0.8452072584630503,0.761884635985313
1.44,0.8618618618618619,0.8474504655409176,0.8298298298298298,0.8629129129129128,0.7643623523020511,0.847619355674321,0.7630722413178782
1.445,0.8668668668668669,0.849834759382498,0.8327827827827827,0.8649149149149149,0.7656349817153832,0.850004134712306,0.7642539234441365
1.45,0.8718718718718719,0.8523749880533801,0.8347847847847847,0.8679179179179178,0.7668673698824453,0.8523616982227611,0.7654297119062023
1.455,0.8758758758758759,0.8547291009602566,0.8388388388388388,0.8699199199199199,0.7679237025970691,0.8546921528118927,0.7665996360988487
1.46,0.8768768768768769,0.856871947324209,0.8407907907907908,0.8718718718718719,0.7691359701409949,0.8569956089557991,0.7677637252702412
1.465,0.8818818818818819,0.8591908491405982,0.8428428428428428,0.8738738738738738,0.770262725036594,0.859272180909952,0.7689220085226698
1.47,0.8838838838838838,0.861544962047475,0.8467967967967968,0.8759259259259259,0.7714850528920875,0.8615219866187558,0.7700745148132762
1.475,0.8838838838838838,0.863702898878779,0.8487987987987987,0.8789289289289288,0.7725967173203347,0.8637451476252235,0.7712212729547776
1.48,0.8898898898898899,0.8656545993229416,0.8497997997997998,0.8809309309309309,0.7736832309696628,0.8659417889808082,0.7723623116161873
1.485,0.8918918918918919,0.86802380269717,0.8527527527527528,0.8828828828828829,0.7746842319706637,0.8681120391554245,0.7734976593235312
1.49,0.8948948948948949,0.8701565887495535,0.8557557557557558,0.8838838838838838,0.7758059567104788,0.8702560299476982,0.7746273444605613
1.495,0.8968968968968969,0.8722038621536108,0.8568068068068068,0.8849349349349349,0.7768170180230481,0.8723738963954811,0.7757513952694647
1.5,0.8978978978978979,0.874236045090317,0.8598098098098098,0.8878878878878879,0.777873350737672,0.8744657766866598,0.7768698398515702
1.5050000000000001,0.9019019019019019,0.8763436803637811,0.8618118118118118,0.8908908908908909,0.7788894422060246,0.8765318120703005,0.7779827061680507
1.51,0.9019019019019019,0.8783104712752955,0.8638638638638638,0.891991991991992,0.7799306844532973,0.8785721467681554,0.7790900220406218
1.5150000000000001,0.9049049049049049,0.8805287699760059,0.8658158158158158,0.8958958958958959,0.781012167946841,0.8805869278865701,0.7801918151522383
1.52,0.9049049049049049,0.8823144752792987,0.8678178178178177,0.8978978978978979,0.7821389228424408,0.8825763053288167,0.7812881130477852
1.5250000000000001,0.9049049049049049,0.8841957535424875,0.8698698698698699,0.8988988988988988,0.7831600444665769,0.8845404317078894,0.7823789431347672
1.53,0.9069069069069069,0.886092122273027,0.8718718718718719,0.8999499499499499,0.7844175834125579,0.8864794622597888,0.783464332683993
1.5350000000000001,0.908908908908909,0.8879532799130785,0.8738738738738738,0.9029029029029029,0.7855896097102125,0.8883935547573263,0.7845443088302579
1.54,0.908908908908909,0.8897741963068593,0.8758258258258258,0.9029529529529529,0.7867415153847317,0.8902828694244757,0.785618898573022
1.545,0.9099099099099099,0.8915749920775042,0.8778778778778779,0.9059059059059059,0.7879336623055214,0.8921475688513005,0.7866881287770848
1.55,0.9099099099099099,0.8933456069134458,0.8788788788788788,0.9069569569569569,0.7890956282916082,0.8939878179094843,0.7877520261732569
1.555,0.9119119119119119,0.895161493151443,0.8808808808808809,0.909009009009009,0.7901871720967197,0.8958037836684882,0.7888106173590288
1.56,0.9129129129129129,0.8968465953390575,0.8828828828828829,0.9099599599599599,0.791173082630369,0.8975956353123637,0.7898639287992353
1.565,0.914914914914915,0.8984361245667772,0.8838838838838838,0.912012012012012,0.7922344455007768,0.899363544057242,0.790911986826717
1.57,0.9159159159159159,0.9003777646993729,0.8848848848848849,0.914914914914915,0.7932505369691304,0.9011076830695275,0.7919548176429796
1.575,0.9219219219219219,0.9019169923692535,0.8868368368368368,0.9159659659659659,0.7942364475027796,0.9028282273848142,0.7929924473188473
1.58,0.9229229229229229,0.903576943777949,0.8888888888888888,0.9179179179179179,0.7951921771017251,0.9045253538275505,0.7940249017951165
1.585,0.923923923923924,0.9051664730056692,0.8908908908908909,0.91991991991992,0.796072454363912,0.9061992409314716,0.7950522068832027
1.59,0.9259259259259259,0.9067107308313338,0.8938438438438437,0.9209209209209209,0.7970684252091288,0.9078500688608213,0.7960743882657866
1.595,0.9279279279279279,0.9083656520842452,0.8958458458458458,0.922022022022022,0.7980442754312107,0.9094780193323824,0.797091471497456
1.6,0.928928928928929,0.9099149400656932,0.8968468468468468,0.9240240240240241,0.7990402462764276,0.9110832755383343,0.7981034820053446
1.605,0.928928928928929,0.9115497406954689,0.8988988988988988,0.9249749749749749,0.8000613679005643,0.9126660220699576,0.7991104450897679
1.61,0.92992992992993,0.9130436969632949,0.8998998998998999,0.9269769769769769,0.8009919467205897,0.9142264448422011,0.8001123859248556
1.615,0.9309309309309309,0.9145225627637685,0.9019019019019019,0.928978978978979,0.8019325858521835,0.9157647310191285,0.8011093295591803
1.62,0.9319319319319319,0.9160970015241373,0.9029029029029029,0.9309309309309309,0.8029838884110236,0.9172810689402631,0.8021013009163853
1.625,0.9359359359359359,0.9175507165456913,0.9039039039039038,0.9309309309309309,0.8038792561405628,0.9187756480478407,0.8030883247958059
1.6300000000000001,0.9369369369369369,0.9189943712556778,0.9049049049049049,0.9319819819819819,0.8049054079204832,0.9202486588149904,0.8040704258730906
1.635,0.93993993993994,0.9204380259656644,0.9068568568568568,0.933983983983984,0.8059466501677551,0.9217002926748533,0.8050476287008175
1.6400000000000001,0.9409409409409409,0.9218716203640833,0.9079079079079079,0.934934934934935,0.8070381939728671,0.923130741950654,0.8060199577091081
1.645,0.9419419419419419,0.9232549132046625,0.9098598598598598,0.9359359359359359,0.8080090140391643,0.9245401997867359,0.8069874372062382
1.6500000000000001,0.9429429429429429,0.9246432362010253,0.9109109109109109,0.9379379379379379,0.8088641405224314,0.9259288600805727,0.8079500913792459
1.655,0.943943943943944,0.9260365893531728,0.9138638638638639,0.938988988988989,0.809814839965593,0.9272969174157665,0.8089079442945354
1.6600000000000001,0.9479479479479479,0.9273846711032636,0.9148648648648648,0.9409909909909909,0.8107252981624836,0.9286445669960426,0.8098610198984795
1.665,0.9479479479479479,0.9287981448785472,0.9159159159159159,0.9429429429429429,0.8117112086961326,0.9299720045802496,0.810809342018018
1.67,0.948948948948949,0.9301361663170709,0.9178678678678678,0.943943943943944,0.8125864558025356,0.9312794264183756,0.8117529343612532
1.675,0.94994994994995,0.9314339465093227,0.9188688688688689,0.944994994994995,0.8134767933762903,0.932567029188586,0.812691820518043
1.68,0.94994994994995,0.9326613045206005,0.91991991991992,0.9459459459459459,0.8143822214173964,0.9338350099352913,0.81362602396059
1.685,0.94994994994995,0.9338383609740393,0.9208708708708708,0.9469969969969969,0.815358071639478,0.9350835660082533,0.8145555680440291
1.69,0.94994994994995,0.9351361411662917,0.9228228228228228,0.9479979979979979,0.8162081679669613,0.9363128950027311,0.8154804760070107
1.695,0.94994994994995,0.9364037404238404,0.923923923923924,0.948948948948949,0.8172192292795304,0.9375231947006787,0.8164007709722821
1.7,0.9519519519519519,0.9375707365657109,0.9258258258258258,0.94994994994995,0.8181749588784762,0.938714663012992,0.8173164759472653
1.705,0.953953953953954,0.9387075517728778,0.9259259259259259,0.950950950950951,0.8190300853617432,0.9398874979228163,0.8182276138246325
1.71,0.954954954954955,0.9398192162011259,0.9278778778778778,0.9519519519519519,0.819860061066091,0.941041897429911,0.8191342073828779
1.715,0.955955955955956,0.9409208203178048,0.928928928928929,0.9529529529529529,0.8207604589514138,0.9421780594960799,0.8200362792868878
1.72,0.955955955955956,0.9420576355249719,0.9309309309309309,0.954004004004004,0.821520012474787,0.943296181991667,0.8209338520885068
1.725,0.9569569569569569,0.9431944507321391,0.9309309309309309,0.955105105105105,0.8223801691138378,0.9443964626431184,0.8218269482271016
1.73,0.9569569569569569,0.9442608437583307,0.9319319319319319,0.956056056056056,0.8233761399590549,0.9454790989816151,0.8227155900301222
1.735,0.9579579579579579,0.9452568146035485,0.9329329329329329,0.9580080080080079,0.824256417221242,0.9465442882927726,0.82359979971366
1.74,0.9579579579579579,0.946323207629741,0.9348848848848849,0.958958958958959,0.8250662723024536,0.947592227567412,0.8244795993830032
1.745,0.9579579579579579,0.9472437261381993,0.9359359359359359,0.959009009009009,0.8258258258258263,0.9486231134533987,0.8253550110331891
1.75,0.9579579579579579,0.9482044858929278,0.9369369369369369,0.96001001001001,0.8266507713743905,0.9496371422085492,0.8262260565495548
1.7550000000000001,0.958958958958959,0.9492205773612812,0.9379379379379379,0.960960960960961,0.827505897857657,0.9506345096546052,0.8270927577082836
1.76,0.960960960960961,0.9500103118193571,0.938938938938939,0.9619619619619619,0.8284113258987635,0.9516154111322704,0.8279551361769495
1.7650000000000001,0.960960960960961,0.9508352573679208,0.9398898898898899,0.9620120120120119,0.8292865730051667,0.952580041457311,0.8288132135150591
1.77,0.9629629629629629,0.9518664393036256,0.93993993993994,0.9630130130130129,0.8301769105789212,0.9535285948777139,0.8296670111745905
1.7750000000000001,0.9629629629629629,0.9527517467215961,0.9409409409409409,0.963963963963964,0.8309264037907252,0.9544612650319013,0.83051655050053
1.78,0.9629629629629629,0.9537024461647579,0.9429429429429429,0.964014014014014,0.8316557763793948,0.9553782449079958,0.8313618527314045
1.7850000000000001,0.9629629629629629,0.9546833265426233,0.943943943943944,0.965015015015015,0.8326165361341245,0.9562797268041342,0.8322029389998141
1.79,0.964964964964965,0.9555686339605939,0.944944944944945,0.965965965965966,0.8333760896574971,0.9571659022898227,0.8330398303329594
1.795,0.965965965965966,0.9564086699765096,0.9459459459459459,0.9660160160160159,0.834241276452332,0.9580369621683305,0.833872547653167
1.8,0.965965965965966,0.9573090678618321,0.9469469469469469,0.9670170170170169,0.8351114934029508,0.9588930964401139,0.8347011117784134
1.805,0.9669669669669669,0.9581340134103958,0.9479479479479479,0.9680180180180179,0.835790564433781,0.9597344942672679,0.8355255434228451
1.81,0.968968968968969,0.9590142906725821,0.948948948948949,0.96996996996997,0.8366155099823445,0.9605613439389953,0.836345863197296
1.815,0.968968968968969,0.9598694171558494,0.94994994994995,0.970970970970971,0.8374153047519891,0.961373832838091,0.837162091609803
1.82,0.96996996996997,0.9606792722370618,0.94994994994995,0.971021021021021,0.8382100693658487,0.9621721474084295,0.8379742490661193
1.825,0.970970970970971,0.961423735293082,0.950950950950951,0.971021021021021,0.8389796832007888,0.9629564731234524,0.8387823558702232
1.83,0.972972972972973,0.9621832888164545,0.9519019019019018,0.9720220220220219,0.8397140859452419,0.9637269944556455,0.8395864322248272
1.835,0.972972972972973,0.962902601093556,0.9529029029029028,0.972972972972973,0.8405440616495894,0.9644838948469986,0.8403864982318819
1.84,0.975975975975976,0.9636671847727125,0.953953953953954,0.973973973973974,0.8412784643940424,0.9652273566804396,0.8411825738930794
1.845,0.9769769769769769,0.9644015875171659,0.954954954954955,0.974024024024024,0.8420480782289828,0.9659575612522333,0.8419746791103522
1.85,0.977977977977978,0.9651862918194581,0.955955955955956,0.974974974974975,0.842888114244898,0.966674688745337,0.8427628336863724
1.855,0.977977977977978,0.965880453317639,0.9569569569569569,0.974974974974975,0.843562155119944,0.9673789182037031,0.8435470573250452
1.86,0.977977977977978,0.9665041926348464,0.9569569569569569,0.975975975975976,0.8443317689548845,0.9680704275075186,0.8443273696320027
1.865,0.977977977977978,0.9672838667813547,0.9579579579579579,0.9769769769769769,0.8451567145034483,0.9687493933493739,0.845103790115093
1.87,0.977977977977978,0.9680333599931593,0.9589089089089089,0.9769769769769769,0.845891117247901,0.9694159912113475,0.8458763381848686
1.875,0.977977977977978,0.9686973405566375,0.9599099099099099,0.977977977977978,0.8466406104597056,0.9700703953429989,0.8466450331550716
1.8800000000000001,0.97997997997998,0.9693713814316829,0.95995995995996,0.978978978978979,0.8474554956967011,0.97071277874026,0.8474098942431161
1.885,0.97997997997998,0.9700454223067284,0.9618618618618618,0.979029029029029,0.84823516984321,0.9713433131252095,0.8481709405705694
1.8900000000000001,0.9819819819819819,0.9707446139606943,0.9619119119119118,0.97997997997998,0.8489896932107983,0.9719621689267264,0.8489281911636292
1.895,0.9819819819819819,0.9713281120316294,0.9619619619619619,0.97997997997998,0.8495832515933015,0.9725695152620052,0.8496816649535996
1.9000000000000001,0.9819819819819819,0.9719619116604041,0.9629629629629629,0.97997997997998,0.850438378076569,0.9731655199189251,0.8504313807773649
1.905,0.9819819819819819,0.9726108017565304,0.963963963963964,0.98003003003003,0.8511828411325897,0.9737503493392613,0.8511773573778596
1.9100000000000001,0.982982982982983,0.9732144204506015,0.9649149149149149,0.980980980980981,0.8519876660580173,0.9743241686027261,0.8519196134045376
1.915,0.982982982982983,0.9738633105467279,0.964964964964965,0.9819819819819819,0.852671767244631,0.9748871414118279,0.852658167413838
1.92,0.982982982982983,0.9743462055019844,0.964964964964965,0.9819819819819819,0.8533256874965411,0.975439430077537,0.8533930378696498
1.925,0.982982982982983,0.9748291004572399,0.965965965965966,0.982982982982983,0.8541254822661852,0.975981195505747,0.8541242431437727
1.93,0.983983983983984,0.97539247790504,0.9669669669669669,0.983033033033033,0.8548297040759344,0.9765125971845163,0.8548518015163763
1.935,0.983983983983984,0.9759357347297039,0.9679679679679679,0.983983983983984,0.8556194385340112,0.9770337931720826,0.855575731176458
1.94,0.983983983983984,0.9764135995291771,0.9679679679679679,0.983983983983984,0.8563840222131675,0.977544940085632,0.856296050222297
1.945,0.983983983983984,0.9768763738612983,0.9679679679679679,0.984984984984985,0.85714357573654,0.9780461930908174,0.8570127766619071
1.95,0.983983983983984,0.9773944799070432,0.9689189189189189,0.985035035035035,0.8579484006619681,0.9785377058920063,0.8577259284134864
1.955,0.983983983983984,0.977887435173868,0.9699199199199199,0.985985985985986,0.8586677129390694,0.9790196307232517,0.858435523305866
1.96,0.986986986986987,0.9783552396617728,0.9709209209209209,0.986036036036036,0.8594272664624427,0.9794921183399687,0.8591415790789549
1.965,0.986986986986987,0.9788431647728135,0.9709209209209209,0.986986986986987,0.860126458116408,0.9799553180113086,0.8598441133841846
1.97,0.987987987987988,0.9793713311301252,0.970970970970971,0.986986986986987,0.8608407402377253,0.9804093775132123,0.8605431437849491
1.975,0.987987987987988,0.9799246482663577,0.9719719719719719,0.986986986986987,0.8615449620474749,0.9808544431221368,0.8612386877570448
1.98,0.987987987987988,0.9803069401059356,0.9719719719719719,0.9870370370370369,0.8622441537014404,0.9812906596094351,0.8619307626891072
1.985,0.987987987987988,0.9807848049054083,0.972972972972973,0.987987987987988,0.8628880136417827,0.9817181702363835,0.8626193858830458
1.99,0.987987987987988,0.9812827903280169,0.972972972972973,0.988038038038038,0.8635369037379089,0.9821371167498377,0.8633045745544762
1.995,0.991991991991992,0.9817103535696509,0.973973973973974,0.988038038038038,0.8642260350803067,0.9825476393785078,0.8639863458331508
2.0,0.991991991991992,0.9821177961881487,0.973973973973974,0.988988988988989,0.8648799553322172,0.982949876829839,0.8646647167633873
2.005,0.992992992992993,0.9825252388066464,0.973973973973974,0.98998998998999,0.865553996207263,0.9833439662874862,0.8653397043044941
2.0100000000000002,0.992992992992993,0.9829326814251446,0.974974974974975,0.98998998998999,0.8661827656802538,0.9837300434093658,0.8660113253311951
2.015,0.992992992992993,0.9833703049783463,0.9759259259259259,0.98998998998999,0.8668165653090281,0.9841082423262771,0.8666795966340506
2.02,0.993993993993994,0.9836972651043013,0.9769769769769769,0.98998998998999,0.8674252141588829,0.9844786956410768,0.8673445349198783
2.025,0.993993993993994,0.9840443458533926,0.9769769769769769,0.99004004004004,0.8680891947223609,0.9848415344283958,0.8680061568121697
2.0300000000000002,0.993993993993994,0.9844115472256187,0.9769769769769769,0.990990990990991,0.868763235597407,0.9851968882348836,0.868664478851507
2.035,0.993993993993994,0.9847234168842218,0.9769769769769769,0.990990990990991,0.8693618241356939,0.9855448850799705,0.8693195174959749
2.04,0.993993993993994,0.9851057087238001,0.9779279279279279,0.990990990990991,0.8700509554780916,0.9858856514571334,0.8699712891215741
2.045,0.994994994994995,0.9854276386939712,0.9779279279279279,0.990990990990991,0.8707249963531372,0.9862193123356504,0.8706198100226289
2.05,0.994994994994995,0.9858099305335497,0.977977977977978,0.991991991991992,0.87134370551456,0.9865459911628383,0.8712650964121957
2.055,0.994994994994995,0.9862224033078314,0.978978978978979,0.9920420420420419,0.8720127162338215,0.9868658098667518,0.8719071644224681
2.06,0.994994994994995,0.9865242126548669,0.978978978978979,0.9920420420420419,0.8725710635258376,0.98717888885934,0.8725460301051793
2.065,0.994994994994995,0.9868461426250379,0.97997997997998,0.992992992992993,0.873209893310396,0.9874853470400434,0.8731817094320049
2.07,0.994994994994995,0.987082559946882,0.980980980980981,0.992992992992993,0.8739040548085777,0.9877853017998203,0.8738142182949612
2.075,0.994994994994995,0.987384369293917,0.980980980980981,0.992992992992993,0.8746133067741109,0.9880788690255904,0.8744435725068028
2.08,0.994994994994995,0.9876409072388975,0.980980980980981,0.993993993993994,0.8751766842219106,0.9883661631050852,0.8750697878014175
2.085,0.995995995995996,0.9879628372090687,0.9819819819819819,0.993993993993994,0.8757601822928452,0.9886472969320906,0.8756928798342206
2.09,0.995995995995996,0.9883099179581595,0.9819819819819819,0.993993993993994,0.8763436803637809,0.9889223819120728,0.8763128641825452
2.095,0.995995995995996,0.9885161543453005,0.9829329329329329,0.993993993993994,0.8768969975000132,0.9891915279681723,0.8769297563460323
2.1,0.995995995995996,0.9888028732249837,0.982982982982983,0.994044044044044,0.8774503146362442,0.9894548435475585,0.8775435717470181
2.105,0.995995995995996,0.989059411169964,0.982982982982983,0.994994994994995,0.8780187222398277,0.9897124356281312,0.8781543257309197
2.11,0.995995995995996,0.9893058888033763,0.982982982982983,0.994994994994995,0.8787782757632004,0.9899644097255562,0.8787620335666183
2.115,0.995995995995996,0.9895875775272759,0.983983983983984,0.994994994994995,0.8793265627436481,0.990210869900628,0.8793667104468418
2.12,0.995995995995996,0.9898692662511758,0.983983983983984,0.994994994994995,0.8799000005030156,0.9904519187669439,0.8799683714885432
2.125,0.995995995995996,0.9901207740403721,0.984984984984985,0.994994994994995,0.880468408106599,0.9906876574988824,0.8805670317332803
2.13,0.995995995995996,0.9903320405832968,0.984984984984985,0.995045045045045,0.8810217252428308,0.990918185839872,0.8811627061475904
2.1350000000000002,0.995995995995996,0.9905433071262217,0.984984984984985,0.995045045045045,0.8816404344042539,0.9911436021109418,0.8817554096233646
2.14,0.995995995995996,0.9907897847596338,0.984984984984985,0.995995995995996,0.8821283595152943,0.9913640032195423,0.8823451569782208
2.145,0.995995995995996,0.9910262020814782,0.984984984984985,0.995995995995996,0.8827923400787729,0.9915794846686268,0.8829319629558736
2.15,0.996996996996997,0.9912525590917548,0.984984984984985,0.995995995995996,0.8833708079939233,0.991790140565981,0.883515842226503
2.1550000000000002,0.997997997997998,0.9914688557904636,0.9859359359359359,0.995995995995996,0.8839794568437779,0.9919960636337949,0.8840968093871213
2.16,0.997997997997998,0.9916549715544689,0.9859359359359359,0.995995995995996,0.884562954914714,0.9921973452184614,0.8846748789619375
2.165,0.998998998998999,0.9918612079416098,0.9859359359359359,0.996046046046046,0.8851464529856495,0.9923940753005966,0.8852500654027212
2.17,0.998998998998999,0.9920573840171826,0.985985985985986,0.996046046046046,0.8858054033933429,0.9925863425052701,0.8858223830891635
2.1750000000000003,0.998998998998999,0.9922183490022685,0.985985985985986,0.996046046046046,0.8863889014642784,0.9927742341124338,0.8863918463292363
2.18,0.998998998998999,0.9923843441431377,0.985985985985986,0.996996996996997,0.8869170678215907,0.992957836067545,0.8869584693595501
2.185,0.998998998998999,0.9926006408418463,0.9869369369369368,0.996996996996997,0.8873647516863594,0.9931372329923678,0.8875222663457104
2.19,0.998998998998999,0.9928018470732033,0.986986986986987,0.996996996996997,0.8879432196015109,0.9933125081959508,0.8880832513826711
2.195,0.998998998998999,0.9930030533045605,0.9879379379379379,0.996996996996997,0.8884864764261745,0.9934837436857653,0.8886414384950874
2.2,0.998998998998999,0.9931640182896461,0.9879379379379379,0.996996996996997,0.8889744015372152,0.9936510201790003,0.8891968416376661
2.205,1.0,0.9933501340536515,0.987987987987988,0.9970470470470469,0.8895729900755025,0.9938144171140035,0.8897494746955148
2.21,1.0,0.9935412799734403,0.987987987987988,0.997997997997998,0.8900206739402718,0.9939740126618601,0.8902993514844886
2.215,1.0,0.9936871544911743,0.987987987987988,0.997997997997998,0.8905236895186645,0.9941298837381006,0.8908464857515359
2.22,1.0,0.9938783004109628,0.987987987987988,0.997997997997998,0.8910468257201924,0.9942821060145306,0.891390891175042
2.225,1.0,0.9940141146171284,0.988988988988989,0.997997997997998,0.8916152333237758,0.9944307539311732,0.8919325813651707
2.23,1.0,0.9941700494464302,0.988988988988989,0.997997997997998,0.8921635203042237,0.9945759007083178,0.8924715698642051
2.235,1.0,0.9943461048988674,0.988988988988989,0.997997997997998,0.892686656505752,0.994717618358665,0.8930078701468855
2.24,1.0,0.9945422809744402,0.988988988988989,0.997997997997998,0.8932097927072801,0.994855977699564,0.8935414956207473
2.245,1.0,0.9946982158037416,0.9899399399399399,0.997997997997998,0.8937983209339987,0.9949910483653304,0.8940724596264547
2.25,1.0,0.9948541506330434,0.98998998998999,0.997997997997998,0.894311396823959,0.9951228988196408,0.8946007754381357
2.255,1.0,0.9950151156181288,0.98998998998999,0.998998998998999,0.8948244727139201,0.9952515963679961,0.8951264562637131
2.2600000000000002,1.0,0.9951962012263502,0.98998998998999,0.998998998998999,0.8952922772018249,0.9953772071702457,0.8956495152452351
2.265,1.0,0.9953370455883,0.98998998998999,0.998998998998999,0.8957802023128659,0.9954997962531662,0.896169965459203
2.27,1.0,0.9954577693271145,0.9909409409409409,0.998998998998999,0.8962781877354737,0.99561942752309,0.8966878199168998
2.275,1.0,0.9955432819754414,0.990990990990991,0.998998998998999,0.8967560525349466,0.995736163778573,0.8972030915647136
2.2800000000000002,1.0,0.9956891564931754,0.990990990990991,0.998998998998999,0.8972037363997157,0.9958500667231005,0.8977157932844626
2.285,1.0,0.9957998199204218,0.990990990990991,0.998998998998999,0.8977017218223245,0.9959611969778205,0.8982259378937163
2.29,1.0,0.9959306039708035,0.991991991991992,0.998998998998999,0.898194677089149,0.9960696140943003,0.8987335381461166
2.295,1.0,0.996026176930698,0.991991991991992,0.998998998998999,0.8986826022001906,0.9961753765673022,0.8992386067316963
2.3000000000000003,1.0,0.9961167197348084,0.991991991991992,0.998998998998999,0.899140346376528,0.9962785418475695,0.8997411562771963
2.305,1.0,0.9962625942525423,0.9929429429429429,0.999049049049049,0.8996634825780552,0.9963791663546189,0.9002411993463814
2.31,1.0,0.9963631973682205,0.992992992992993,0.999049049049049,0.9001363172217444,0.9964773054895343,0.9007387484403544
2.315,1.0,0.9964386497049795,0.992992992992993,0.999049049049049,0.9006443629559207,0.9965730136477557,0.9012338159978684
2.32,1.0,0.9965392528206581,0.992992992992993,0.999049049049049,0.901112167443826,0.9966663442318595,0.9017264143956385
2.325,1.0,0.9966700368710404,0.992992992992993,0.999049049049049,0.9016453639569221,0.996757349664323,0.9022165559486499
2.33,1.0,0.9967505193635833,0.992992992992993,0.999049049049049,0.9021584398468824,0.9968460814002702,0.9027042529104672
2.335,1.0,0.9968511224792616,0.992992992992993,0.999049049049049,0.9026161840232191,0.996932589940195,0.9031895174735398
2.34,1.0,0.9969567557507238,0.992992992992993,0.999049049049049,0.9031493805363152,0.9970169248426538,0.9036723617695069
2.345,1.0,0.9970472985548346,0.993993993993994,0.999049049049049,0.9037429389188186,0.9970991347369268,0.9041527978695013
2.35,1.0,0.9971328112031616,0.993993993993994,1.0,0.9043012862108337,0.9971792673356418,0.9046308377844504
2.355,1.0,0.99723341431884,0.993993993993994,1.0,0.9048043017892268,0.9972573694473564,0.9051064934653769
2.36,1.0,0.9973591682134377,0.993993993993994,1.0,0.9052871967444834,0.9973334869890969,0.9055797768036976
2.365,1.0,0.9974446808617645,0.993993993993994,1.0,0.9057449409208208,0.9974076649988448,0.9060506996315209
2.37,1.0,0.9975050427311717,0.993993993993994,1.0,0.9062077152529422,0.9974799476479747,0.9065192737219415
2.375,1.0,0.9975704347563628,0.993993993993994,1.0,0.9066403086503593,0.9975503782536324,0.9069855107893365
2.38,1.0,0.99763079662577,0.993993993993994,1.0,0.9070980528266964,0.9976189992910559,0.9074494224896568
2.3850000000000002,1.0,0.9977263695856644,0.9949449449449449,1.0,0.9075708874703852,0.9976858524058317,0.9079110204207188
2.39,1.0,0.99777164098772,0.994994994994995,1.0,0.9080889935161296,0.997750978426086,0.9083703161224952
2.395,1.0,0.9978470933244786,0.994994994994995,1.0,0.9085316472251149,0.9978144173746053,0.9088273210774022
2.4,1.0,0.9978873345707499,0.994994994994995,1.0,0.9090145421803717,0.9978762084808865,0.9092820467105875
2.4050000000000002,1.0,0.9979979979979964,0.994994994994995,1.0,0.9094823466682771,0.9979363901931103,0.9097345043902157
2.41,1.0,0.9980583598674037,0.994994994994995,1.0,0.9099903924024535,0.9979950001900375,0.9101847054277523
2.415,1.0,0.9980784804905394,0.994994994994995,1.0,0.9104330461114385,0.9980520753928251,0.9106326610782468
2.42,1.0,0.9981237518925946,0.994994994994995,1.0,0.9108304284183687,0.9981076519767592,0.9110783825406137
2.4250000000000003,1.0,0.9981992042293536,0.994994994994995,1.0,0.9113032630620572,0.9981617653829022,0.9115218809579128
2.43,1.0,0.9982344153198409,0.994994994994995,1.0,0.9116956152132032,0.9982144503296534,0.9119631674176274
2.435,1.0,0.9982645962545442,0.994994994994995,1.0,0.9121583895453248,0.9982657408242188,0.9124022529519423
2.44,1.0,0.99828471687768,0.994994994994995,1.0,0.912570862319606,0.9983156701739905,0.9128391485380187
2.445,1.0,0.9983299882797353,0.994994994994995,1.0,0.9129430938476163,0.9983642709978306,0.9132738650982688
2.45,1.0,0.9983903501491426,0.994994994994995,1.0,0.9134410792702254,0.9984115752372614,0.9137064135006295
2.455,1.0,0.9984305913954139,0.994994994994995,1.0,0.9139139139139145,0.9984576141675565,0.9141368045588332
2.46,1.0,0.9984507120185495,0.994994994994995,1.0,0.9143666279344673,0.9985024184087347,0.9145650490326788
2.465,1.0,0.9985060437321727,0.994994994994995,1.0,0.9147438896182616,0.9985460179364513,0.9149911576283004
2.47,1.0,0.9985462849784443,0.994994994994995,1.0,0.9151764830156793,0.9985884420927894,0.9154151409984354
2.475,1.0,0.99856640560158,0.994994994994995,1.0,0.9155738653226092,0.998629719596947,0.9158370097426897
2.48,1.0,0.9985915563804996,0.994994994994995,1.0,0.9159813079411068,0.9986698785558183,0.9162567744078041
2.485,1.0,0.9986468880941227,0.994994994994995,1.0,0.9163635997806852,0.9987089464744717,0.916674445487917
2.49,1.0,0.9986670087172583,0.994994994994995,1.0,0.9167911630223191,0.9987469502665179,0.9170900334248273
2.495,1.0,0.9986971896519622,0.995995995995996,1.0,0.9172036357966006,0.9987839162643725,0.917503548608255
2.5,1.0,0.9987525213655852,0.995995995995996,1.0,0.9175557467014753,0.9988198702294078,0.9179150013761012
2.505,1.0,0.9987625816771531,0.995995995995996,1.0,0.9179883400988922,0.9988548373619962,0.9183244020147066
2.5100000000000002,1.0,0.9987776721445049,0.995995995995996,1.0,0.9183706319384706,0.9988888423114423,0.9187317607591083
2.515,1.0,0.9987977927676404,0.995995995995996,1.0,0.9188334062705921,0.998921909185803,0.9191370877932963
2.52,1.0,0.9988380340139118,0.995995995995996,1.0,0.919311271070065,0.9989540615615979,0.9195403932504675
2.525,1.0,0.9988883355717509,0.995995995995996,1.0,0.9197690152464016,0.9989853224934041,0.9199416872132795
2.5300000000000002,1.0,0.9989185165064544,0.995995995995996,1.0,0.9201814880206841,0.9990157145233405,0.920340979714102
2.535,1.0,0.9989386371295902,0.995995995995996,1.0,0.9205889306391816,0.999045259690438,0.9207382807352684
2.54,1.0,0.9989637879085099,0.995995995995996,1.0,0.9209511018556242,0.9990739795398951,0.9211336002093251
2.545,1.0,0.9989989989989972,0.995995995995996,1.0,0.9212780619815791,0.9991018951322205,0.9215269480192793
2.5500000000000003,1.0,0.999024149777917,0.995995995995996,1.0,0.9216955649116452,0.9991290270522605,0.9219183339988468
2.555,1.0,0.9990694211799724,0.995995995995996,1.0,0.9221683995553339,0.9991553954181126,0.9223077679326976
2.56,1.0,0.9990845116473241,0.995995995995996,1.0,0.9225657818622639,0.9991810198899245,0.9226952595567003
2.565,1.0,0.9990996021146761,0.9969469469469469,1.0,0.922912862611355,0.9992059196785773,0.9230808185581655
2.57,1.0,0.9991398433609474,0.996996996996997,1.0,0.9232448528930943,0.999230113554256,0.9234644545760885
2.575,1.0,0.9991499036725154,0.996996996996997,1.0,0.9236271447326726,0.9992536198549038,0.9238461772013897
2.58,1.0,0.9991800846072191,0.996996996996997,1.0,0.923984285793331,0.9992764564945624,0.9242259959771545
2.585,1.0,0.9992102655419226,0.996996996996997,1.0,0.9243766379444773,0.9992986409715986,0.9246039203988723
2.59,1.0,0.9992555369439778,0.996996996996997,1.0,0.9247438393167033,0.9993201903768155,0.9249799599146731
2.595,1.0,0.9992806877228974,0.996996996996997,1.0,0.9250657692868742,0.9993411214014513,0.9253541239255645
2.6,1.0,0.9992907480344654,0.996996996996997,1.0,0.9254681817495884,0.9993614503450633,0.9257264217856661
2.605,1.0,0.9993158988133849,0.996996996996997,1.0,0.9258605339007351,0.9993811931232999,0.9260968628024441
2.61,1.0,0.9993209289691688,0.996996996996997,1.0,0.9261724035593384,0.9994003652755584,0.9264654562369429
2.615,1.0,0.9993460797480883,0.996996996996997,1.0,0.9265245144642132,0.9994189819725319,0.9268322113040178
2.62,1.0,0.9993662003712241,0.9979479479479479,1.0,0.9269470475500625,0.9994370580236428,0.9271971371725645
2.625,1.0,0.9993712305270082,0.9979479479479479,1.0,0.9273695806359121,0.9994546078843661,0.9275602429657486
2.63,1.0,0.9993863209943599,0.9979479479479479,1.0,0.927736782008139,0.9994716456634417,0.9279215377612339
2.6350000000000002,1.0,0.9994014114617116,0.9979479479479479,1.0,0.9280838627572292,0.9994881851299751,0.9282810305914092
2.64,1.0,0.9994265622406311,0.9979479479479479,1.0,0.9284208831947526,0.9995042397204301,0.9286387304436139
2.645,1.0,0.9994617733311185,0.997997997997998,1.0,0.9288132353458984,0.9995198225455121,0.928994646260363
2.65,1.0,0.9994718336426864,0.997997997997998,1.0,0.929145225627637,0.999534946396942,0.9293487869395705
2.6550000000000002,1.0,0.9994869241100381,0.997997997997998,1.0,0.929502366688296,0.9995496237541236,0.9297011613347715
2.66,1.0,0.99950201457739,0.997997997997998,1.0,0.9298796283720905,0.999563866790704,0.9300517782553447
2.665,1.0,0.9995120748889579,0.997997997997998,1.0,0.9302669503674525,0.9995776873810266,0.9304006464667309
2.67,1.0,0.9995321955120935,0.997997997997998,1.0,0.9306190612723277,0.999591097106481,0.9307477746906541
2.6750000000000003,1.0,0.9995422558236614,0.997997997997998,1.0,0.9310164435792575,0.9996041072617461,0.9310931716053374
2.68,1.0,0.9995573462910132,0.997997997997998,1.0,0.9313635243283485,0.9996167288609308,0.9314368458457221
2.685,1.0,0.9995623764467972,0.997997997997998,1.0,0.9317307257005748,0.9996289726436114,0.9317788060036819
2.69,1.0,0.9995724367583649,0.997997997997998,1.0,0.9321079873843691,0.9996408490807672,0.9321190606282386
2.695,1.0,0.9995724367583649,0.997997997997998,1.0,0.9324198570429727,0.9996523683806149,0.9324576182257754
2.7,1.0,0.9995875272257168,0.997997997997998,1.0,0.9327669377920635,0.9996635404943427,0.9327944872602503
2.705,1.0,0.9996026176930685,0.997997997997998,1.0,0.9330687471390985,0.9996743751217457,0.9331296761534063
2.71,1.0,0.9996277684719881,0.997997997997998,1.0,0.9333755866419178,0.9996848817167625,0.9334631932849832
2.715,1.0,0.999637828783556,0.997997997997998,1.0,0.9337176372352249,0.9996950694929142,0.9337950469929268
2.72,1.0,0.9996529192509078,0.997997997997998,1.0,0.9340244767380446,0.999704947428648,0.9341252455735971
2.725,1.0,0.9996680097182595,0.997997997997998,1.0,0.9343413765524317,0.9997145242725852,0.9344537972819756
2.73,1.0,0.9996680097182595,0.997997997997998,1.0,0.934708577924658,0.9997238085486735,0.9347807103318725
2.735,1.0,0.9996881303413954,0.997997997997998,1.0,0.9350858396084523,0.9997328085612485,0.9351059928961307
2.74,1.0,0.9996981906529632,0.997997997997998,1.0,0.9354329203575433,0.9997415324000001,0.9354296531068316
2.745,1.0,0.9997082509645312,0.997997997997998,1.0,0.9357296995487943,0.9997499879448503,0.9357516990554969
2.75,1.0,0.9997183112760992,0.997997997997998,1.0,0.9360717501421013,0.9997581828707384,0.9360721387932924
2.755,1.0,0.9997233414318831,0.997997997997998,1.0,0.9363584690217851,0.999766124652319,0.9363909803312283
2.7600000000000002,1.0,0.999728371587667,0.997997997997998,1.0,0.9366602783688209,0.9997738205685704,0.9367082316403593
2.765,1.0,0.9997384318992351,0.997997997997998,1.0,0.9369721480274242,0.9997812777073171,0.9370239006519849
2.77,1.0,0.9997484922108029,0.997997997997998,1.0,0.9373242589322989,0.9997885029696651,0.9373379952578469
2.775,1.0,0.9997736429897225,0.998998998998999,1.0,0.9376562492140379,0.9997955030743542,0.9376505233103266
2.7800000000000002,1.0,0.9997736429897225,0.998998998998999,1.0,0.937973149028425,0.9998022845620239,0.9379614926226417
2.785,1.0,0.9997786731455064,0.998998998998999,1.0,0.9382548377523244,0.9998088537993991,0.9382709109690412
2.79,1.0,0.9997786731455064,0.998998998998999,1.0,0.9385164058530885,0.9998152169833927,0.9385787860849999
2.795,1.0,0.9997887334570744,0.998998998998999,1.0,0.938833305667476,0.9998213801451278,0.9388851256674117
2.8000000000000003,1.0,0.9997887334570744,0.998998998998999,1.0,0.9391451753260797,0.9998273491538807,0.9391899373747821
2.805,1.0,0.9997987937686422,0.998998998998999,1.0,0.939512376698306,0.999833129720946,0.9394932288274196
2.81,1.0,0.99980885408021,0.998998998998999,1.0,0.9398493971358288,0.9998387274034227,0.9397950076076265
2.815,1.0,0.999813884235994,0.998998998998999,1.0,0.9401009049250254,0.999844147607927,0.9400952812598878
2.82,1.0,0.9998189143917781,0.998998998998999,1.0,0.9403876238047092,0.999849395594226,0.9403940572910606
2.825,1.0,0.9998340048591298,0.998998998998999,1.0,0.9406240411265535,0.999854476478802,0.9406913431705612
2.83,1.0,0.9998440651706978,0.998998998998999,1.0,0.940940940940941,0.9998593952383398,0.9409871463305521
2.835,1.0,0.9998440651706978,0.998998998998999,1.0,0.9412276598206245,0.9998641567131445,0.9412814741661277
2.84,1.0,0.9998440651706978,0.998998998998999,1.0,0.9415244390118763,0.9998687656104881,0.9415743340354992
2.845,1.0,0.9998490953264817,0.998998998998999,1.0,0.9418111578915601,0.9998732265078856,0.9418657332601785
2.85,1.0,0.9998591556380495,0.998998998998999,1.0,0.942097876771244,0.9998775438563031,0.9421556791251615
2.855,1.0,0.9998591556380495,0.998998998998999,1.0,0.9423845956509279,0.9998817219832989,0.9424441788791099
2.86,1.0,0.9998692159496174,0.998998998998999,1.0,0.9426260431285562,0.9998857650960968,0.9427312397345327
2.865,1.0,0.9998742461054014,0.998998998998999,1.0,0.9428825810735368,0.9998896772845945,0.943016868867966
2.87,1.0,0.9998843064169691,0.998998998998999,1.0,0.9431894205763556,0.9998934625243083,0.9433010734201531
2.875,1.0,0.9998843064169691,0.998998998998999,1.0,0.9434761394560391,0.9998971246792534,0.9435838604962227
2.88,1.0,0.9998843064169691,0.998998998998999,1.0,0.9437527980241549,0.9999006675047621,0.9438652371658662
2.8850000000000002,1.0,0.9998843064169691,0.998998998998999,1.0,0.9440847883058938,0.9999040946502417,0.9441452104635154
2.89,1.0,0.9998843064169691,0.998998998998999,1.0,0.9443312659393063,0.9999074096618702,0.944423787388517
2.895,1.0,0.9998843064169691,0.998998998998999,1.0,0.9445827737285023,0.9999106159852349,0.9447009749053086
2.9,1.0,0.9998843064169691,0.998998998998999,1.0,0.9448845830755379,0.9999137169679112,0.9449767799435927
2.9050000000000002,1.0,0.9998943667285372,0.998998998998999,1.0,0.9451310607089505,0.9999167158619847,0.9452512093985097
2.91,1.0,0.9999044270401051,0.998998998998999,1.0,0.9453976589654983,0.9999196158265174,0.9455242701308102
2.915,1.0,0.9999044270401051,0.998998998998999,1.0,0.9456491667546948,0.9999224199299577,0.9457959689670266
2.92,1.0,0.9999044270401051,0.998998998998999,1.0,0.945971096724866,0.9999251311524968,0.946066312699644
2.9250000000000003,1.0,0.9999094571958891,0.998998998998999,1.0,0.9462527854487659,0.9999277523883722,0.9463353080872698
2.93,1.0,0.9999094571958891,0.998998998998999,1.0,0.9465093233937463,0.9999302864481172,0.9466029618548029
2.935,1.0,0.999914487351673,0.998998998998999,1.0,0.9467910121176459,0.999932736060761,0.9468692806936012
2.94,1.0,0.9999245476632408,0.998998998998999,1.0,0.947032459595274,0.999935103875977,0.9471342712616496
2.945,1.0,0.9999295778190248,0.998998998998999,1.0,0.9472789372286865,0.9999373924661813,0.9473979401837261
2.95,1.0,0.9999295778190248,0.998998998998999,1.0,0.9475002640831786,0.9999396043285839,0.9476602940515676
2.955,1.0,0.9999295778190248,0.998998998998999,1.0,0.9478071035859977,0.999941741887191,0.9479213394240343
2.96,1.0,0.9999346079748088,0.998998998998999,1.0,0.9480284304404909,0.9999438074947606,0.9481810828272742
2.965,1.0,0.9999346079748088,0.998998998998999,1.0,0.9482598176065516,0.9999458034347132,0.9484395307548859
2.97,1.0,0.9999346079748088,0.998998998998999,1.0,0.9484962349283956,0.9999477319229956,0.9486966896680809
2.975,1.0,0.9999396381305926,0.998998998998999,1.0,0.9487225919386724,0.9999495951099019,0.9489525659958457
2.98,1.0,0.9999496984421605,0.998998998998999,1.0,0.9489137378584617,0.9999513950818513,0.9492071661351015
2.985,1.0,0.9999496984421605,0.998998998998999,1.0,0.9492105170497133,0.999953133863122,0.9494604964508653
2.99,1.0,0.9999496984421605,0.998998998998999,1.0,0.949482145462045,0.9999548134175448,0.9497125632764082
2.995,1.0,0.9999496984421605,0.998998998998999,1.0,0.9497839548090806,0.9999564356501548,0.9499633729134137
3.0,1.0,0.9999496984421605,0.998998998998999,1.0,0.9499901911962214,0.9999580024088045,0.950212931632136
3.005,1.0,0.9999547285979444,0.998998998998999,1.0,0.95023163867385,0.9999595154857361,0.9504612456715561
3.0100000000000002,1.0,0.9999547285979444,0.998998998998999,1.0,0.9504932067746141,0.9999609766191161,0.9507083212395379
3.015,1.0,0.9999547285979444,0.998998998998999,1.0,0.9507195637848904,0.9999623874945325,0.9509541645129833
3.02,1.0,0.9999547285979444,0.998998998998999,1.0,0.9509660414183033,0.9999637497464544,0.951198781637987
3.025,1.0,0.9999547285979444,0.998998998998999,1.0,0.9511823381170116,0.9999650649596564,0.95144217872999
3.0300000000000002,1.0,0.9999547285979444,0.998998998998999,1.0,0.9514388760619917,0.999966334670607,0.9516843618739322
3.035,1.0,0.9999547285979444,0.998998998998999,1.0,0.9517205647858914,0.9999675603688222,0.9519253371244049
3.04,1.0,0.9999597587537284,0.998998998998999,1.0,0.9519620122635201,0.9999687434981852,0.9521651105058017
3.045,1.0,0.9999597587537284,0.998998998998999,1.0,0.9521984295853646,0.9999698854582347,0.9524036880124697
3.0500000000000003,1.0,0.9999597587537284,0.998998998998999,1.0,0.9524449072187765,0.9999709876054175,0.9526410756088591
3.055,1.0,0.9999597587537284,0.998998998998999,1.0,0.9527014451637562,0.9999720512543118,0.9528772792296721
3.06,1.0,0.9999597587537284,0.998998998998999,1.0,0.9529227720182494,0.9999730776788186,0.9531123047800115
3.065,1.0,0.9999647889095125,0.9999499499499499,1.0,0.9531642194958775,0.9999740681133229,0.9533461581355284
3.0700000000000003,1.0,0.9999647889095125,0.9999499499499499,1.0,0.9534157272850737,0.9999750237538243,0.9535788451425687
3.075,1.0,0.9999647889095125,0.9999499499499499,1.0,0.953616933516431,0.9999759457590397,0.9538103716183199
3.08,1.0,0.9999698190652965,1.0,1.0,0.953803049280436,0.9999768352514764,0.9540407433509558
3.085,1.0,0.9999698190652965,1.0,1.0,0.9540243761349286,0.9999776933184787,0.9542699660997818
3.09,1.0,0.9999698190652965,1.0,1.0,0.9542356426778534,0.9999785210132454,0.9544980455953784
3.095,1.0,0.9999698190652965,1.0,1.0,0.9544116981302908,0.9999793193558224,0.9547249875397451
3.1,1.0,0.9999698190652965,1.0,1.0,0.9546380551405677,0.9999800893340687,0.9549507976064422
3.105,1.0,0.9999698190652965,1.0,1.0,0.9548694423066283,0.9999808319045962,0.9551754814407332
3.11,1.0,0.9999698190652965,1.0,1.0,0.955120950095825,0.9999815479936861,0.9553990446597255
3.115,1.0,0.9999748492210803,1.0,1.0,0.9553825181965888,0.9999822384981798,0.9556214928525113
3.12,1.0,0.9999748492210803,1.0,1.0,0.9555686339605939,0.9999829042863467,0.9558428315803071
3.125,1.0,0.9999748492210803,1.0,1.0,0.9558201417497905,0.9999835461987286,0.9560630663765926
3.13,1.0,0.9999798793768643,1.0,1.0,0.9560464987600671,0.9999841650489613,0.9562822027472491
3.1350000000000002,1.0,0.9999798793768643,1.0,1.0,0.9562778859261271,0.9999847616245742,0.9565002461706973
3.14,1.0,0.9999798793768643,1.0,1.0,0.9565344238711074,0.9999853366877692,0.9567172020980341
3.145,1.0,0.9999798793768643,1.0,1.0,0.9567305999466804,0.9999858909761772,0.9569330759531691
3.15,1.0,0.9999798793768643,1.0,1.0,0.9569066553991176,0.9999864252035937,0.9571478731329598
3.1550000000000002,1.0,0.9999798793768643,1.0,1.0,0.957117921942043,0.9999869400606968,0.957361599007347
3.16,1.0,0.9999849095326482,1.0,1.0,0.9573040377060479,0.9999874362157424,0.9575742589194887
3.165,1.0,0.9999849095326482,1.0,1.0,0.9574599725353494,0.9999879143152428,0.9577858581858936
3.17,1.0,0.9999849095326482,1.0,1.0,0.9576611787667062,0.999988374984625,0.9579964020965545
3.1750000000000003,1.0,0.9999849095326482,1.0,1.0,0.9579026262443349,0.9999888188288718,0.9582058959150801
3.18,1.0,0.9999849095326482,1.0,1.0,0.9580937721641243,0.999989246433144,0.9584143448788268
3.185,1.0,0.9999849095326482,1.0,1.0,0.9583150990186169,0.999989658363387,0.9586217541990296
3.19,1.0,0.9999849095326482,1.0,1.0,0.9584861243152702,0.9999900551669184,0.9588281290609323
3.1950000000000003,1.0,0.9999849095326482,1.0,1.0,0.9586621797677078,0.9999904373730005,0.9590334746239171
3.2,1.0,0.9999849095326482,1.0,1.0,0.958933808180039,0.9999908054933966,0.9592377960216338
3.205,1.0,0.9999849095326482,1.0,1.0,0.9591702255018838,0.9999911600229109,0.959441098362128
3.21,1.0,0.9999849095326482,1.0,1.0,0.9593261603311853,0.9999915014399137,0.9596433867279689
3.215,1.0,0.9999849095326482,1.0,1.0,0.9595273665625421,0.9999918302068518,0.959844666176376
3.22,1.0,0.9999849095326482,1.0,1.0,0.9597235426381154,0.9999921467707434,0.9600449417393461
3.225,1.0,0.9999849095326482,1.0,1.0,0.9598593568442815,0.9999924515636602,0.9602442184237787
3.23,1.0,0.9999849095326482,1.0,1.0,0.9600605630756387,0.9999927450031947,0.9604425012116012
3.235,1.0,0.9999849095326482,1.0,1.0,0.9603120708648349,0.999993027492914,0.9606397950598938
3.24,1.0,0.9999849095326482,1.0,1.0,0.9605283675635437,0.9999932994228019,0.9608361049010129
3.245,1.0,0.9999899396884322,1.0,1.0,0.9606943627044132,0.9999935611696859,0.9610314356427148
3.25,1.0,0.9999899396884322,1.0,1.0,0.9609156895589063,0.9999938130976539,0.961225792168278
3.255,1.0,0.9999899396884322,1.0,1.0,0.961081684699776,0.9999940555584574,0.961419179336626
3.2600000000000002,1.0,0.9999899396884322,1.0,1.0,0.9612527099964294,0.9999942888919041,0.961611601982448
3.265,1.0,0.9999899396884322,1.0,1.0,0.9614388257604343,0.9999945134262374,0.9618030649163201
3.27,1.0,0.9999899396884322,1.0,1.0,0.961624941524439,0.9999947294785063,0.9619935729248257
3.275,1.0,0.9999899396884322,1.0,1.0,0.9618362080673638,0.9999949373549236,0.962183130770675
3.2800000000000002,1.0,0.9999949698442161,1.0,1.0,0.9620223238313689,0.9999951373512138,0.9623717431928238
3.285,1.0,0.9999949698442161,1.0,1.0,0.9622486808416458,0.99999532975295,0.9625594149065927
3.29,1.0,0.9999949698442161,1.0,1.0,0.9624297664498676,0.9999955148358819,0.9627461506037842
3.295,1.0,0.9999949698442161,1.0,1.0,0.9625907314349532,0.999995692866253,0.9629319549528005
3.3000000000000003,1.0,0.9999949698442161,1.0,1.0,0.9627969678220938,0.999995864101109,0.96311683259876
3.305,1.0,0.9999949698442161,1.0,1.0,0.9629679931187475,0.9999960287885963,0.9633007881636134
3.31,1.0,1.0,1.0,1.0,0.963174229505888,0.9999961871682522,0.9634838262462596
3.315,1.0,1.0,1.0,1.0,0.9633653754256774,0.999996339471286,0.96366595142266
3.3200000000000003,1.0,1.0,1.0,1.0,0.9635464610338988,0.9999964859208511,0.9638471682459536
3.325,1.0,1.0,1.0,1.0,0.9636671847727128,0.9999966267323097,0.9640274812465703
3.33,1.0,1.0,1.0,1.0,0.9638432402251507,0.9999967621134892,0.9642068949323447
3.335,1.0,1.0,1.0,1.0,0.9640343861449394,0.9999968922649302,0.9643854137886282
3.34,1.0,1.0,1.0,1.0,0.9642406225320803,0.9999970173801274,0.9645630422784014
3.345,1.0,1.0,1.0,1.0,0.9643764367382461,0.999997137645763,0.9647397848423859
3.35,1.0,1.0,1.0,1.0,0.9645776429696029,0.9999972532419332,0.964915645899155
3.355,1.0,1.0,1.0,1.0,0.9647989698240959,0.9999973643423672,0.9650906298452442
3.36,1.0,1.0,1.0,1.0,0.9650001760554526,0.9999974711146393,0.9652647410552614
3.365,1.0,1.0,1.0,1.0,0.9651812616636741,0.9999975737203753,0.9654379838819959
3.37,1.0,1.0,1.0,1.0,0.9653522869603277,0.9999976723154513,0.9656103626565273
3.375,1.0,1.0,1.0,1.0,0.9655233122569812,0.9999977670501877,0.965781881688334
3.38,1.0,1.0,1.0,1.0,0.9657245184883381,0.999997858069535,0.9659525452654006
3.3850000000000002,1.0,1.0,1.0,1.0,0.9658703930060717,0.9999979455132565,0.9661223576543256
3.39,1.0,1.0,1.0,1.0,0.9660464484585093,0.999998029516103,0.9662913231004276
3.395,1.0,1.0,1.0,1.0,0.966182262664675,0.9999981102079825,0.9664594458278514
3.4,1.0,1.0,1.0,1.0,0.9663180768708408,0.9999981877141255,0.9666267300396739
3.4050000000000002,1.0,1.0,1.0,1.0,0.9664287402980872,0.9999982621552443,0.9667931799180093
3.41,1.0,1.0,1.0,1.0,0.9666701877757151,0.9999983336476866,0.966958799624113
3.415,1.0,1.0,1.0,1.0,0.9668261226050175,0.9999984023035855,0.9671235932984865
3.42,1.0,1.0,1.0,1.0,0.9669820574343193,0.9999984682310038,0.9672875650609802
3.4250000000000003,1.0,1.0,1.0,1.0,0.9670977510173497,0.9999985315340739,0.9674507190108966
3.43,1.0,1.0,1.0,1.0,0.9672385953792998,0.9999985923131334,0.967613059227093
3.435,1.0,1.0,1.0,1.0,0.9673794397412494,0.999998650664856,0.9677745897680832
3.44,1.0,1.0,1.0,1.0,0.9675202841031996,0.9999987066823784,0.9679353146721392
3.4450000000000003,1.0,1.0,1.0,1.0,0.9677315506461244,0.999998760455423,0.968095237957392
3.45,1.0,1.0,1.0,1.0,0.9679226965659128,0.9999988120704164,0.9682543636219321
3.455,1.0,1.0,1.0,1.0,0.9680635409278626,0.9999988616106044,0.9684126956439092
3.46,1.0,1.0,1.0,1.0,0.9682647471592201,0.9999989091561631,0.9685702379816323
3.465,1.0,1.0,1.0,1.0,0.9684307423000894,0.9999989547843062,0.968726994573668
3.47,1.0,1.0,1.0,1.0,0.9685564961946874,0.9999989985693891,0.9688829693389391
3.475,1.0,1.0,1.0,1.0,0.9686973405566371,0.9999990405830091,0.9690381661768231
3.48,1.0,1.0,1.0,1.0,0.9688029738280994,0.9999990808941032,0.9691925889672489
3.485,1.0,1.0,1.0,1.0,0.9689287277226978,0.9999991195690404,0.9693462415707943
3.49,1.0,1.0,1.0,1.0,0.9690947228635673,0.9999991566717147,0.9694991278287826
3.495,1.0,1.0,1.0,1.0,0.9692104164465978,0.9999991922636315,0.9696512515633778
3.5,1.0,1.0,1.0,1.0,0.9693965322106028,0.999999226403993,0.9698026165776815
3.505,1.0,1.0,1.0,1.0,0.9695373765725526,0.9999992591497794,0.9699532266558268
3.5100000000000002,1.0,1.0,1.0,1.0,0.9697184621807737,0.9999992905558295,0.9701030855630737
3.515,1.0,1.0,1.0,1.0,0.9698643366985078,0.9999993206749164,0.9702521970459025
3.52,1.0,1.0,1.0,1.0,0.9700253016835937,0.9999993495578217,0.970400564832108
3.525,1.0,1.0,1.0,1.0,0.9701963269802467,0.9999993772534068,0.9705481926308928
3.5300000000000002,1.0,1.0,1.0,1.0,0.9703472316537644,0.9999994038086827,0.9706950841329592
3.535,1.0,1.0,1.0,1.0,0.9704780157041464,0.999999429268876,0.9708412430106028
3.54,1.0,1.0,1.0,1.0,0.9706138299103122,0.9999994536774938,0.9709866729178029
3.545,1.0,1.0,1.0,1.0,0.9707546742722621,0.999999477076386,0.9711313774903149
3.5500000000000003,1.0,1.0,1.0,1.0,0.9709106091015641,0.9999994995058051,0.9712753603457606
3.555,1.0,1.0,1.0,1.0,0.971086664554001,0.9999995210044648,0.9714186250837188
3.56,1.0,1.0,1.0,1.0,0.9712375692275185,0.9999995416095954,0.9715611752858155
3.565,1.0,1.0,1.0,1.0,0.9713432024989812,0.9999995613569986,0.9717030145158132
3.5700000000000003,1.0,1.0,1.0,1.0,0.9714840468609311,0.9999995802810998,0.9718441463197
3.575,1.0,1.0,1.0,1.0,0.9716450118460169,0.999999598414998,0.9719845742257782
3.58,1.0,1.0,1.0,1.0,0.9717456149616953,0.9999996157905149,0.972124301744753
3.585,1.0,1.0,1.0,1.0,0.9718311276100222,0.9999996324382422,0.9722633323698195
3.59,1.0,1.0,1.0,1.0,0.9719468211930525,0.9999996483875864,0.9724016695767507
3.595,1.0,1.0,1.0,1.0,0.9720625147760829,0.9999996636668129,0.9725393168239839
3.6,1.0,1.0,1.0,1.0,0.9721731782033293,0.9999996783030889,0.9726762775527075
3.605,1.0,1.0,1.0,1.0,0.9722838416305755,0.9999996923225226,0.9728125551869466
3.61,1.0,1.0,1.0,1.0,0.9724196558367413,0.9999997057502042,0.9729481531336496
3.615,1.0,1.0,1.0,1.0,0.9726208620680981,0.9999997186102433,0.9730830747827719
3.62,1.0,1.0,1.0,1.0,0.972812007987887,0.9999997309258049,0.9732173235073618
3.625,1.0,1.0,1.0,1.0,0.9729025507919977,0.9999997427191458,0.9733509026636445
3.63,1.0,1.0,1.0,1.0,0.973023274530812,0.9999997540116479,0.9734838155911059
3.6350000000000002,1.0,1.0,1.0,1.0,0.973143998269626,0.9999997648238513,0.9736160656125759
3.64,1.0,1.0,1.0,1.0,0.9733250838778472,0.9999997751754862,0.973747656034312
3.645,1.0,1.0,1.0,1.0,0.973460898084013,0.9999997850855029,0.9738785901460818
3.65,1.0,1.0,1.0,1.0,0.9735715615112593,0.9999997945721022,0.9740088712212447
3.6550000000000002,1.0,1.0,1.0,1.0,0.9737124058732091,0.9999998036527625,0.9741385025168344
3.66,1.0,1.0,1.0,1.0,0.9738431899235914,0.9999998123442687,0.9742674872736401
3.665,1.0,1.0,1.0,1.0,0.9739940945971095,0.9999998206627372,0.9743958287162874
3.67,1.0,1.0,1.0,1.0,0.9741500294264106,0.9999998286236422,0.9745235300533189
3.6750000000000003,1.0,1.0,1.0,1.0,0.9742355420747374,0.9999998362418402,0.9746505944772751
3.68,1.0,1.0,1.0,1.0,0.9743612959693354,0.999999843531593,0.9747770251647728
3.685,1.0,1.0,1.0,1.0,0.9744719593965818,0.999999850506591,0.9749028252765859
3.69,1.0,1.0,1.0,1.0,0.9746228640700993,0.9999998571799753,0.9750279979577239
3.6950000000000003,1.0,1.0,1.0,1.0,0.974728497341562,0.9999998635643584,0.9751525463375101
3.7,1.0,1.0,1.0,1.0,0.9748643115477278,0.9999998696718446,0.9752764735296606
3.705,1.0,1.0,1.0,1.0,0.9749699448191904,0.99999987551405,0.9753997826323617
3.71,1.0,1.0,1.0,1.0,0.9751107891811402,0.9999998811021211,0.9755224767283474
3.715,1.0,1.0,1.0,1.0,0.9752365430757385,0.9999998864467528,0.9756445588849763
3.72,1.0,1.0,1.0,1.0,0.9753472065029847,0.9999998915582062,0.9757660321543089
3.725,1.0,1.0,1.0,1.0,0.9754779905533669,0.999999896446326,0.9758868995731831
3.73,1.0,1.0,1.0,1.0,0.975613804759533,0.9999999011205558,0.9760071641632908
3.735,1.0,1.0,1.0,1.0,0.9756942872520757,0.9999999055899539,0.976126828931253
3.74,1.0,1.0,1.0,1.0,0.9758301014582417,0.9999999098632091,0.976245896868695
3.745,1.0,1.0,1.0,1.0,0.9759810061317596,0.9999999139486545,0.9763643709523215
3.75,1.0,1.0,1.0,1.0,0.9760816092474384,0.999999917854282,0.9764822541439909
3.755,1.0,1.0,1.0,1.0,0.9761922726746846,0.9999999215877549,0.976599549390789
3.7600000000000002,1.0,1.0,1.0,1.0,0.9763029361019312,0.9999999251564218,0.976716259625103
3.765,1.0,1.0,1.0,1.0,0.9764639010870162,0.9999999285673283,0.9768323877646949
3.77,1.0,1.0,1.0,1.0,0.9765393534237753,0.9999999318272297,0.9769479367127745
3.775,1.0,1.0,1.0,1.0,0.9766902580972928,0.9999999349426019,0.977062909358071
3.7800000000000002,1.0,1.0,1.0,1.0,0.9767958913687551,0.9999999379196522,0.977177308574907
3.785,1.0,1.0,1.0,1.0,0.9768964944844335,0.9999999407643317,0.9772911372232687
3.79,1.0,1.0,1.0,1.0,0.9770373388463839,0.9999999434823431,0.9774043981488781
3.795,1.0,1.0,1.0,1.0,0.9771580625851982,0.9999999460791524,0.9775170941832645
3.8000000000000003,1.0,1.0,1.0,1.0,0.9773139974144995,0.9999999485599977,0.9776292281438345
3.805,1.0,1.0,1.0,1.0,0.9774095703743944,0.9999999509298986,0.9777408028339428
3.81,1.0,1.0,1.0,1.0,0.9775453845805603,0.9999999531936644,0.9778518210429626
3.815,1.0,1.0,1.0,1.0,0.9776711384751583,0.9999999553559034,0.9779622855463551
3.8200000000000003,1.0,1.0,1.0,1.0,0.9778069526813241,0.9999999574210301,0.9780721991057384
3.825,1.0,1.0,1.0,1.0,0.9778924653296509,0.9999999593932739,0.9781815644689572
3.83,1.0,1.0,1.0,1.0,0.978053430314737,0.9999999612766862,0.9782903843701515
3.835,1.0,1.0,1.0,1.0,0.9781490032746317,0.9999999630751472,0.9783986615298241
3.84,1.0,1.0,1.0,1.0,0.9782445762345263,0.9999999647923735,0.9785063986549101
3.845,1.0,1.0,1.0,1.0,0.9783854205964762,0.9999999664319246,0.9786135984388429
3.85,1.0,1.0,1.0,1.0,0.9785011141795062,0.9999999679972087,0.9787202635616228
3.855,1.0,1.0,1.0,1.0,0.9786168077625367,0.99999996949149,0.9788263966898835
3.86,1.0,1.0,1.0,1.0,0.9787375315013508,0.9999999709178936,0.9789320004769586
3.865,1.0,1.0,1.0,1.0,0.978838134617029,0.9999999722794114,0.9790370775629483
3.87,1.0,1.0,1.0,1.0,0.9789789789789791,0.999999973578908,0.9791416305747853
3.875,1.0,1.0,1.0,1.0,0.9790946725620094,0.9999999748191256,0.9792456621263003
3.88,1.0,1.0,1.0,1.0,0.9791852153661199,0.9999999760026891,0.9793491748182874
3.8850000000000002,1.0,1.0,1.0,1.0,0.9792858184817982,0.9999999771321106,0.9794521712385695
3.89,1.0,1.0,1.0,1.0,0.9793964819090449,0.9999999782097949,0.9795546539620623
3.895,1.0,1.0,1.0,1.0,0.9795574468941303,0.999999979238043,0.9796566255508393
3.9,1.0,1.0,1.0,1.0,0.9796379293866729,0.9999999802190571,0.9797580885541957
3.9050000000000002,1.0,1.0,1.0,1.0,0.9797184118792159,0.9999999811549442,0.9798590455087115
3.91,1.0,1.0,1.0,1.0,0.9798190149948943,0.9999999820477202,0.979959498938316
3.915,1.0,1.0,1.0,1.0,0.9799347085779248,0.9999999828993142,0.9800594513543502
3.92,1.0,1.0,1.0,1.0,0.9800151910704673,0.9999999837115716,0.9801589052556298
3.9250000000000003,1.0,1.0,1.0,1.0,0.9801308846534975,0.9999999844862575,0.9802578631285073
3.93,1.0,1.0,1.0,1.0,0.9802063369902565,0.9999999852250601,0.9803563274469347
3.935,1.0,1.0,1.0,1.0,0.9803522115079899,0.9999999859295947,0.9804543006725253
3.94,1.0,1.0,1.0,1.0,0.9804477844678848,0.9999999866014055,0.9805517852546146
3.9450000000000003,1.0,1.0,1.0,1.0,0.9805735383624834,0.99999998724197,0.9806487836303224
3.95,1.0,1.0,1.0,1.0,0.9806540208550261,0.9999999878527003,0.9807452982246131
3.955,1.0,1.0,1.0,1.0,0.9807445636591368,0.9999999884349471,0.9808413314503566
3.96,1.0,1.0,1.0,1.0,0.9808200159958957,0.9999999889900016,0.9809368857083883
3.9650000000000003,1.0,1.0,1.0,1.0,0.9809055286442223,0.9999999895190986,0.98103196338757
3.97,1.0,1.0,1.0,1.0,0.9810061317599008,0.9999999900234182,0.9811265668648486
3.975,1.0,1.0,1.0,1.0,0.9810866142524434,0.9999999905040886,0.9812206985053156
3.98,1.0,1.0,1.0,1.0,0.9811972776796899,0.9999999909621881,0.9813143606622672
3.985,1.0,1.0,1.0,1.0,0.9812878204838001,0.9999999913987474,0.9814075556772622
3.99,1.0,1.0,1.0,1.0,0.9813984839110467,0.9999999918147515,0.9815002858801808
3.995,1.0,1.0,1.0,1.0,0.9814990870267252,0.9999999922111421,0.9815925535892828
4.0,1.0,1.0,1.0,1.0,0.981589629830836,0.9999999925888182,0.9816843611112658
4.005,1.0,1.0,1.0,1.0,0.98168520279073,0.9999999929486396,0.9817757107413227
4.01,1.0,1.0,1.0,1.0,0.9817707154390569,0.9999999932914275,0.981866604763199
4.015,1.0,1.0,1.0,1.0,0.9818662883989518,0.9999999936179662,0.9819570454492498
4.0200000000000005,1.0,1.0,1.0,1.0,0.9819618613588464,0.9999999939290056,0.9820470350604972
4.025,1.0,1.0,1.0,1.0,0.9820524041629575,0.9999999942252612,0.982136575846686
4.03,1.0,1.0,1.0,1.0,0.9821278564997162,0.9999999945074172,0.9822256700463405
4.035,1.0,1.0,1.0,1.0,0.9822485802385307,0.9999999947761263,0.9823143198868206
4.04,1.0,1.0,1.0,1.0,0.9823139722637217,0.9999999950320126,0.9824025275843766
4.045,1.0,1.0,1.0,1.0,0.9824045150678322,0.9999999952756716,0.9824902953442057
4.05,1.0,1.0,1.0,1.0,0.982474937248807,0.9999999955076723,0.9825776253605065
4.055,1.0,1.0,1.0,1.0,0.982605721299189,0.9999999957285574,0.9826645198165338
4.0600000000000005,1.0,1.0,1.0,1.0,0.9827415355053549,0.9999999959388457,0.9827509808846537
4.065,1.0,1.0,1.0,1.0,0.982806927530546,0.9999999961390321,0.9828370107263974
4.07,1.0,1.0,1.0,1.0,0.982877349711521,0.9999999963295892,0.9829226114925153
4.075,1.0,1.0,1.0,1.0,0.98295280204828,0.9999999965109683,0.9830077853230309
4.08,1.0,1.0,1.0,1.0,0.9830383146966066,0.9999999966835996,0.9830925343472947
4.085,1.0,1.0,1.0,1.0,0.983143947968069,0.9999999968478943,0.9831768606840366
4.09,1.0,1.0,1.0,1.0,0.9832244304606121,0.9999999970042445,0.9832607664414194
4.095,1.0,1.0,1.0,1.0,0.9833200034205067,0.9999999971530243,0.9833442537170913
4.1,1.0,1.0,1.0,1.0,0.9834457573151049,0.9999999972945911,0.9834273245982388
4.105,1.0,1.0,1.0,1.0,0.9835513905865673,0.9999999974292854,0.983509981161638
4.11,1.0,1.0,1.0,1.0,0.9836268429233263,0.9999999975574322,0.9835922254737074
4.115,1.0,1.0,1.0,1.0,0.9836771444811653,0.9999999976793419,0.983674059590559
4.12,1.0,1.0,1.0,1.0,0.9837475666621404,0.9999999977953101,0.9837554855580501
4.125,1.0,1.0,1.0,1.0,0.9838330793104673,0.9999999979056193,0.9838365054118341
4.13,1.0,1.0,1.0,1.0,0.9838884110240905,0.9999999980105386,0.9839171211774116
4.135,1.0,1.0,1.0,1.0,0.9839588332050653,0.9999999981103246,0.9839973348701808
4.14,1.0,1.0,1.0,1.0,0.9840091347629045,0.999999998205222,0.9840771484954883
4.1450000000000005,1.0,1.0,1.0,1.0,0.984104707722799,0.9999999982954646,0.9841565640486789
4.15,1.0,1.0,1.0,1.0,0.9841801600595578,0.9999999983812748,0.9842355835151455
4.155,1.0,1.0,1.0,1.0,0.9842505822405324,0.999999998462865,0.9843142088703789
4.16,1.0,1.0,1.0,1.0,0.9843461552004271,0.9999999985404374,0.9843924420800172
4.165,1.0,1.0,1.0,1.0,0.9844467583161053,0.9999999986141852,0.9844702850998945
4.17,1.0,1.0,1.0,1.0,0.9845272408086484,0.9999999986842919,0.9845477398760905
4.175,1.0,1.0,1.0,1.0,0.9846328740801111,0.9999999987509333,0.9846248083449786
4.18,1.0,1.0,1.0,1.0,0.9847133565726537,0.9999999988142763,0.9847014924332744
4.1850000000000005,1.0,1.0,1.0,1.0,0.9847737184420607,0.9999999988744799,0.9847777940580844
4.19,1.0,1.0,1.0,1.0,0.9848491707788195,0.9999999989316961,0.984853715126953
4.195,1.0,1.0,1.0,1.0,0.9848843818693069,0.9999999989860696,0.9849292575379109
4.2,1.0,1.0,1.0,1.0,0.9849598342060661,0.9999999990377382,0.9850044231795223
4.205,1.0,1.0,1.0,1.0,0.9850252262312571,0.999999999086833,0.9850792139309321
4.21,1.0,1.0,1.0,1.0,0.9850956484122321,0.9999999991334793,0.9851536316619132
4.215,1.0,1.0,1.0,1.0,0.9851660705932072,0.9999999991777961,0.9852276782329125
4.22,1.0,1.0,1.0,1.0,0.9852415229299657,0.999999999219897,0.9853013554950982
4.225,1.0,1.0,1.0,1.0,0.9853220054225085,0.9999999992598902,0.9853746652904057
4.23,1.0,1.0,1.0,1.0,0.9854276386939709,0.9999999992978787,0.9854476094515838
4.235,1.0,1.0,1.0,1.0,0.9855181814980817,0.9999999993339604,0.9855201898022403
4.24,1.0,1.0,1.0,1.0,0.985558422744353,0.9999999993682291,0.9855924081568876
4.245,1.0,1.0,1.0,1.0,0.9856036941464081,0.9999999994007733,0.9856642663209885
4.25,1.0,1.0,1.0,1.0,0.9856690861715992,0.999999999431678,0.9857357660910008
4.255,1.0,1.0,1.0,1.0,0.9857193877294386,0.9999999994610238,0.9858069092544223
4.26,1.0,1.0,1.0,1.0,0.9858049003777655,0.9999999994888875,0.985877697589836
4.265,1.0,1.0,1.0,1.0,0.9858803527145242,0.9999999995153421,0.9859481328669539
4.2700000000000005,1.0,1.0,1.0,1.0,0.9859457447397152,0.9999999995404574,0.9860182168466617
4.275,1.0,1.0,1.0,1.0,0.986011136764906,0.9999999995642993,0.9860879512810624
4.28,1.0,1.0,1.0,1.0,0.9860664684785296,0.9999999995869311,0.9861573379135204
4.285,1.0,1.0,1.0,1.0,0.9861620414384242,0.9999999996084127,0.9862263784787055
4.29,1.0,1.0,1.0,1.0,0.9862374937751828,0.9999999996288013,0.9862950747026351
4.295,1.0,1.0,1.0,1.0,0.9862727048656702,0.9999999996481511,0.9863634283027184
4.3,1.0,1.0,1.0,1.0,0.9863280365792931,0.9999999996665139,0.9864314409877991
4.305,1.0,1.0,1.0,1.0,0.9863984587602682,0.9999999996839388,0.9864991144581977
4.3100000000000005,1.0,1.0,1.0,1.0,0.986478941252811,0.9999999997004727,0.9865664504057547
4.315,1.0,1.0,1.0,1.0,0.9865594237453538,0.9999999997161602,0.9866334505138721
4.32,1.0,1.0,1.0,1.0,0.9865946348358413,0.9999999997310433,0.9867001164575563
4.325,1.0,1.0,1.0,1.0,0.9866499665494644,0.9999999997451626,0.9867664499034591
4.33,1.0,1.0,1.0,1.0,0.9867254188862231,0.9999999997585565,0.9868324525099202
4.335,1.0,1.0,1.0,1.0,0.9868059013787659,0.9999999997712611,0.9868981259270083
4.34,1.0,1.0,1.0,1.0,0.9868612330923892,0.9999999997833112,0.9869634717965623
4.345,1.0,1.0,1.0,1.0,0.9869366854291477,0.99999999979474,0.9870284917522321
4.3500000000000005,1.0,1.0,1.0,1.0,0.9869970472985546,0.9999999998055784,0.9870931874195201
4.355,1.0,1.0,1.0,1.0,0.9870875901026656,0.9999999998158566,0.9871575604158215
4.36,1.0,1.0,1.0,1.0,0.9871429218162886,0.9999999998256027,0.9872216123504642
4.365,1.0,1.0,1.0,1.0,0.9871630424394244,0.9999999998348437,0.9872853448247503
4.37,1.0,1.0,1.0,1.0,0.9872183741530476,0.9999999998436051,0.9873487594319947
4.375,1.0,1.0,1.0,1.0,0.9872787360224545,0.9999999998519113,0.987411857757566
4.38,1.0,1.0,1.0,1.0,0.9873290375802939,0.9999999998597856,0.9874746413789256
4.385,1.0,1.0,1.0,1.0,0.9873793391381332,0.9999999998672496,0.9875371118656673
4.39,1.0,1.0,1.0,1.0,0.9874497613191079,0.9999999998743245,0.9875992707795566
4.3950000000000005,1.0,1.0,1.0,1.0,0.987510123188515,0.9999999998810302,0.9876611196745695
4.4,1.0,1.0,1.0,1.0,0.9875906056810578,0.9999999998873853,0.9877226600969315
4.405,1.0,1.0,1.0,1.0,0.9876710881736004,0.9999999998934078,0.9877838935851566
4.41,1.0,1.0,1.0,1.0,0.9877616309777111,0.9999999998991147,0.987844821670085
4.415,1.0,1.0,1.0,1.0,0.9878219928471184,0.9999999999045224,0.9879054458749221
4.42,1.0,1.0,1.0,1.0,0.9878521737818219,0.9999999999096459,0.9879657677152762
4.425,1.0,1.0,1.0,1.0,0.9879175658070131,0.9999999999145002,0.9880257886991963
4.43,1.0,1.0,1.0,1.0,0.9879879879879878,0.9999999999190988,0.9880855103272104
4.4350000000000005,1.0,1.0,1.0,1.0,0.9880735006363146,0.9999999999234551,0.9881449340923619
4.44,1.0,1.0,1.0,1.0,0.9881388926615056,0.9999999999275815,0.9882040614802484
4.445,1.0,1.0,1.0,1.0,0.9881942243751288,0.9999999999314899,0.9882628939690575
4.45,1.0,1.0,1.0,1.0,0.9882495560887521,0.9999999999351916,0.9883214330296045
4.455,1.0,1.0,1.0,1.0,0.9882998576465913,0.9999999999386971,0.988379680125369
4.46,1.0,1.0,1.0,1.0,0.988330038581295,0.9999999999420169,0.9884376367125315
4.465,1.0,1.0,1.0,1.0,0.9883753099833504,0.9999999999451605,0.9884953042400095
4.47,1.0,1.0,1.0,1.0,0.9884054909180541,0.9999999999481369,0.9885526841494943
4.4750000000000005,1.0,1.0,1.0,1.0,0.9884608226316771,0.999999999950955,0.9886097778754867
4.48,1.0,1.0,1.0,1.0,0.988521184501084,0.999999999953623,0.9886665868453326
4.485,1.0,1.0,1.0,1.0,0.9885614257473553,0.9999999999561487,0.9887231124792595
4.49,1.0,1.0,1.0,1.0,0.9886318479283303,0.9999999999585395,0.9887793561904109
4.495,1.0,1.0,1.0,1.0,0.9886720891746016,0.9999999999608025,0.9888353193848828
4.5,1.0,1.0,1.0,1.0,0.988727420888225,0.9999999999629444,0.9888910034617577
4.505,1.0,1.0,1.0,1.0,0.9887626319787126,0.9999999999649716,0.9889464098131406
4.51,1.0,1.0,1.0,1.0,0.9888129335365516,0.9999999999668899,0.9890015398241931
4.515,1.0,1.0,1.0,1.0,0.9888582049386071,0.9999999999687053,0.9890563948731684
4.5200000000000005,1.0,1.0,1.0,1.0,0.9889185668080142,0.999999999970423,0.9891109763314455
4.525,1.0,1.0,1.0,1.0,0.9889638382100694,0.9999999999720481,0.9891652855635639
4.53,1.0,1.0,1.0,1.0,0.9890493508583961,0.9999999999735858,0.9892193239272569
4.535,1.0,1.0,1.0,1.0,0.9891147428835871,0.9999999999750405,0.9892730927734866
4.54,1.0,1.0,1.0,1.0,0.9892002555319137,0.9999999999764165,0.9893265934464771
4.545,1.0,1.0,1.0,1.0,0.989260617401321,0.9999999999777183,0.9893798272837477
4.55,1.0,1.0,1.0,1.0,0.989331039582296,0.9999999999789495,0.9894327956161474
4.555,1.0,1.0,1.0,1.0,0.989396431607487,0.9999999999801138,0.989485499767887
4.5600000000000005,1.0,1.0,1.0,1.0,0.9894517633211103,0.9999999999812151,0.9895379410565732
4.565,1.0,1.0,1.0,1.0,0.9895171553463014,0.9999999999822565,0.9895901207932409
4.57,1.0,1.0,1.0,1.0,0.9895624267483565,0.9999999999832413,0.9896420402823863
4.575,1.0,1.0,1.0,1.0,0.9896479393966833,0.9999999999841724,0.9896937008219993
4.58,1.0,1.0,1.0,1.0,0.9897032711103063,0.9999999999850528,0.989745103703596
4.585,1.0,1.0,1.0,1.0,0.9897736932912812,0.9999999999858851,0.9897962502122511
4.59,1.0,1.0,1.0,1.0,0.989834055160688,0.9999999999866719,0.9898471416266302
4.595,1.0,1.0,1.0,1.0,0.9898742964069593,0.9999999999874157,0.9898977792190211
4.6000000000000005,1.0,1.0,1.0,1.0,0.9899447185879344,0.9999999999881187,0.9899481642553665
4.605,1.0,1.0,1.0,1.0,0.989974899522638,0.9999999999887833,0.9899982979952945
4.61,1.0,1.0,1.0,1.0,0.9900252010804773,0.9999999999894112,0.9900481816921516
4.615,1.0,1.0,1.0,1.0,0.9900805327941005,0.9999999999900048,0.9900978165930326
4.62,1.0,1.0,1.0,1.0,0.9901258041961556,0.9999999999905655,0.9901472039388127
4.625,1.0,1.0,1.0,1.0,0.9901559851308591,0.9999999999910956,0.9901963449641782
4.63,1.0,1.0,1.0,1.0,0.9902163470002664,0.9999999999915963,0.9902452408976571
4.635,1.0,1.0,1.0,1.0,0.9902565882465378,0.9999999999920695,0.9902938929616504
4.64,1.0,1.0,1.0,1.0,0.9903320405832965,0.9999999999925163,0.9903423023724622
4.6450000000000005,1.0,1.0,1.0,1.0,0.9903823421411356,0.9999999999929384,0.9903904703403303
4.65,1.0,1.0,1.0,1.0,0.9904427040105429,0.9999999999933373,0.9904383980694565
4.655,1.0,1.0,1.0,1.0,0.9904728849452464,0.999999999993714,0.9904860867580364
4.66,1.0,1.0,1.0,1.0,0.9905231865030855,0.9999999999940697,0.9905335375982897
4.665,1.0,1.0,1.0,1.0,0.9905835483724924,0.9999999999944058,0.9905807517764899
4.67,1.0,1.0,1.0,1.0,0.9906137293071958,0.9999999999947231,0.9906277304729939
4.675,1.0,1.0,1.0,1.0,0.9906690610208191,0.9999999999950228,0.9906744748622717
4.68,1.0,1.0,1.0,1.0,0.9906942117997387,0.9999999999953058,0.9907209861129352
4.6850000000000005,1.0,1.0,1.0,1.0,0.9907344530460103,0.9999999999955729,0.9907672653877684
4.69,1.0,1.0,1.0,1.0,0.9907746942922816,0.999999999995825,0.9908133138437554
4.695,1.0,1.0,1.0,1.0,0.9908149355385529,0.9999999999960631,0.9908591326321099
4.7,1.0,1.0,1.0,1.0,0.990865237096392,0.9999999999962879,0.9909047228983042
4.705,1.0,1.0,1.0,1.0,0.9909205688100151,0.9999999999965,0.9909500857820972
4.71,1.0,1.0,1.0,1.0,0.9909658402120705,0.9999999999967003,0.9909952224175634
4.715,1.0,1.0,1.0,1.0,0.9910010513025576,0.9999999999968893,0.9910401339331211
4.72,1.0,1.0,1.0,1.0,0.9910262020814774,0.9999999999970676,0.9910848214515604
4.7250000000000005,1.0,1.0,1.0,1.0,0.991051352860397,0.9999999999972359,0.9911292860900718
4.73,1.0,1.0,1.0,1.0,0.9910765036393165,0.9999999999973946,0.9911735289602733
4.735,1.0,1.0,1.0,1.0,0.991121775041372,0.9999999999975445,0.9912175511682391
4.74,1.0,1.0,1.0,1.0,0.991197227378131,0.999999999997686,0.9912613538145267
4.745,1.0,1.0,1.0,1.0,0.9912424987801864,0.9999999999978193,0.9913049379942045
4.75,1.0,1.0,1.0,1.0,0.991277709870674,0.9999999999979451,0.9913483047968794
4.755,1.0,1.0,1.0,1.0,0.9912877701822418,0.9999999999980638,0.9913914553067235
4.76,1.0,1.0,1.0,1.0,0.9913581923632169,0.9999999999981758,0.9914343906025019
4.765,1.0,1.0,1.0,1.0,0.9914034637652722,0.9999999999982813,0.9914771117575993
4.7700000000000005,1.0,1.0,1.0,1.0,0.9914386748557596,0.999999999998381,0.9915196198400468
4.775,1.0,1.0,1.0,1.0,0.9914990367251666,0.9999999999984748,0.9915619159125485
4.78,1.0,1.0,1.0,1.0,0.9915845493734933,0.9999999999985634,0.9916040010325086
4.785,1.0,1.0,1.0,1.0,0.9916298207755487,0.9999999999986469,0.9916458762520571
4.79,1.0,1.0,1.0,1.0,0.9916750921776041,0.9999999999987256,0.9916875426180769
4.795,1.0,1.0,1.0,1.0,0.9917153334238756,0.9999999999987997,0.9917290011722292
4.8,1.0,1.0,1.0,1.0,0.991755574670147,0.9999999999988698,0.99177025295098
4.805,1.0,1.0,1.0,1.0,0.9918008460722023,0.9999999999989357,0.9918112989856259
4.8100000000000005,1.0,1.0,1.0,1.0,0.9918561777858255,0.999999999998998,0.99185214030232
4.815,1.0,1.0,1.0,1.0,0.9918964190320969,0.9999999999990566,0.9918927779220973
4.82,1.0,1.0,1.0,1.0,0.9919567809015042,0.9999999999991118,0.9919332128609004
4.825,1.0,1.0,1.0,1.0,0.9919769015246399,0.9999999999991639,0.9919734461296048
4.83,1.0,1.0,1.0,1.0,0.9920020523035595,0.9999999999992129,0.9920134787340446
4.835,1.0,1.0,1.0,1.0,0.992042293549831,0.999999999999259,0.9920533116750365
4.84,1.0,1.0,1.0,1.0,0.9920674443287506,0.9999999999993027,0.9920929459484066
4.845,1.0,1.0,1.0,1.0,0.9920976252634539,0.9999999999993437,0.9921323825450135
4.8500000000000005,1.0,1.0,1.0,1.0,0.992147926821293,0.9999999999993824,0.9921716224507743
4.855,1.0,1.0,1.0,1.0,0.9921831379117805,0.9999999999994189,0.9922106666466886
4.86,1.0,1.0,1.0,1.0,0.9922284093138358,0.9999999999994532,0.9922495161088634
4.865,1.0,1.0,1.0,1.0,0.9922837410274592,0.9999999999994855,0.9922881718085371
4.87,1.0,1.0,1.0,1.0,0.9923340425852984,0.9999999999995158,0.9923266347121045
4.875,1.0,1.0,1.0,1.0,0.9923742838315698,0.9999999999995445,0.99236490578114
4.88,1.0,1.0,1.0,1.0,0.9924145250778413,0.9999999999995716,0.9924029859724224
4.885,1.0,1.0,1.0,1.0,0.9924447060125449,0.999999999999597,0.9924408762379585
4.89,1.0,1.0,1.0,1.0,0.9924597964798966,0.999999999999621,0.9924785775250067
4.8950000000000005,1.0,1.0,1.0,1.0,0.9924799171030322,0.9999999999996435,0.9925160907761014
4.9,1.0,1.0,1.0,1.0,0.9925352488166552,0.9999999999996647,0.9925534169290756
4.905,1.0,1.0,1.0,1.0,0.9925754900629268,0.9999999999996847,0.9925905569170853
4.91,1.0,1.0,1.0,1.0,0.9926207614649825,0.9999999999997035,0.992627511668632
4.915,1.0,1.0,1.0,1.0,0.9926459122439021,0.9999999999997211,0.9926642821075864
4.92,1.0,1.0,1.0,1.0,0.9926710630228215,0.9999999999997379,0.9927008691532114
4.925,1.0,1.0,1.0,1.0,0.992711304269093,0.9999999999997535,0.992737273720185
4.93,1.0,1.0,1.0,1.0,0.9927314248922285,0.9999999999997683,0.9927734967186236
4.9350000000000005,1.0,1.0,1.0,1.0,0.9927766962942841,0.9999999999997822,0.9928095390541035
4.94,1.0,1.0,1.0,1.0,0.992842088319475,0.9999999999997953,0.9928454016276854
4.945,1.0,1.0,1.0,1.0,0.9928923898773142,0.9999999999998076,0.9928810853359353
4.95,1.0,1.0,1.0,1.0,0.9929175406562338,0.9999999999998191,0.9929165910709479
4.955,1.0,1.0,1.0,1.0,0.992952751746721,0.99999999999983,0.9929519197203682
4.96,1.0,1.0,1.0,1.0,0.9929929929929926,0.9999999999998402,0.9929870721674146
4.965,1.0,1.0,1.0,1.0,0.9930231739276961,0.9999999999998499,0.9930220492908998
4.97,1.0,1.0,1.0,1.0,0.9930483247066157,0.9999999999998589,0.9930568519652538
4.9750000000000005,1.0,1.0,1.0,1.0,0.9930835357971032,0.9999999999998676,0.9930914810605455
4.98,1.0,1.0,1.0,1.0,0.9931137167318067,0.9999999999998755,0.9931259374425038
4.985,1.0,1.0,1.0,1.0,0.9931740786012135,0.9999999999998831,0.9931602219725401
4.99,1.0,1.0,1.0,1.0,0.9932445007821884,0.9999999999998901,0.9931943355077695
4.995,1.0,1.0,1.0,1.0,0.9932646214053241,0.9999999999998969,0.993228278901032
5.0,1.0,1.0,1.0,1.0,0.9933098928073794,0.9999999999999031,0.9932620530009145
