versao,bloco,p,r,eligible,total_densidade_sup,certificado_densidade,lin_rel_sup,resto_rel_sup,borda_rel_sup,total_ordenadas_sup,certificado
m4-v1,b01,2,1,True,0.000000264372989,True,0.000000020907817,0.000000000000006,0.000000000000002,0.000000285280810,True
m4-v1,b01,3,1,True,0.000000210888827,True,0.000000025616320,0.000000000000005,0.000000000000002,0.000000236505151,True
m4-v1,b01,2,2,False,0.000000388343418,True,0.000000058133694,0.000000000000008,0.000000000000002,0.000000446477119,True
m4-v1,b01,5,1,True,0.000000220916655,True,0.000000032904285,0.000000000000005,0.000000000000002,0.000000253820943,True
m4-v1,b01,7,1,True,0.000000189155724,True,0.000000038759424,0.000000000000005,0.000000000000002,0.000000227915151,True
m4-v1,b01,2,3,False,0.000000568662632,True,0.000000121808400,0.000000000000011,0.000000000000002,0.000000690471041,True
m4-v1,b01,3,2,False,0.000000389536655,True,0.000000086363855,0.000000000000008,0.000000000000002,0.000000475900516,True
m4-v1,b01,11,1,True,0.000000177833384,True,0.000000048307726,0.000000000000004,0.000000000000002,0.000000226141113,True
m4-v1,b01,13,1,True,0.000000246678101,True,0.000000052533612,0.000000000000005,0.000000000000002,0.000000299211717,True
m4-v1,b01,2,4,False,0.000000830135579,True,0.000000230827459,0.000000000000015,0.000000000000002,0.000001060963051,False
m4-v1,b01,17,1,True,0.000000233779727,True,0.000000059662193,0.000000000000005,0.000000000000002,0.000000293441924,True
m4-v1,b01,19,1,True,0.000000261352424,True,0.000000063092679,0.000000000000006,0.000000000000002,0.000000324445107,True
m4-v1,b01,23,1,True,0.000000239566482,True,0.000000069177346,0.000000000000005,0.000000000000002,0.000000308743832,True
m4-v1,b01,5,2,False,0.000000547890679,True,0.000000143608903,0.000000000000010,0.000000000000002,0.000000691499591,True
m4-v1,b01,3,3,False,0.000000715308395,True,0.000000225133126,0.000000000000013,0.000000000000002,0.000000940441533,True
m4-v1,b01,29,1,True,0.000000241888893,True,0.000000077814339,0.000000000000005,0.000000000000002,0.000000319703236,True
m4-v1,b01,31,1,True,0.000000266695774,True,0.000000080811258,0.000000000000006,0.000000000000002,0.000000347507036,True
m4-v1,b01,2,5,False,0.000001212658255,False,0.000000406571917,0.000000000000021,0.000000000000002,0.000001619230192,False
m4-v1,b01,37,1,True,0.000000288644243,True,0.000000087022916,0.000000000000006,0.000000000000002,0.000000375667164,True
m4-v1,b01,41,1,True,0.000000279871977,True,0.000000092344851,0.000000000000006,0.000000000000002,0.000000372216833,True
m4-v1,b01,43,1,True,0.000000236285650,True,0.000000095562048,0.000000000000005,0.000000000000002,0.000000331847702,True
m4-v1,b01,47,1,True,0.000000307696234,True,0.000000098561692,0.000000000000006,0.000000000000002,0.000000406257931,True
m4-v1,b01,7,2,False,0.000000551662760,True,0.000000198888742,0.000000000000010,0.000000000000002,0.000000750551511,True
m4-v1,b01,53,1,True,0.000000324723207,True,0.000000104896859,0.000000000000007,0.000000000000002,0.000000429620071,True
m4-v1,b01,59,1,False,0.000000255988735,True,0.000000111572542,0.000000000000005,0.000000000000002,0.000000367561281,True
m4-v1,b01,61,1,False,0.000000337310056,True,0.000000113695587,0.000000000000007,0.000000000000002,0.000000451005648,True
m4-v1,b01,2,6,False,0.000001779154964,False,0.000000678819061,0.000000000000030,0.000000000000002,0.000002457974054,False
m4-v1,b01,67,1,False,0.000000338047615,True,0.000000116293494,0.000000000000007,0.000000000000002,0.000000454341114,True
m4-v1,b01,71,1,False,0.000000304856696,True,0.000000118969191,0.000000000000006,0.000000000000002,0.000000423825892,True
m4-v1,b01,73,1,False,0.000000315294248,True,0.000000122971796,0.000000000000006,0.000000000000002,0.000000438266049,True
m4-v1,b01,79,1,False,0.000000295934755,True,0.000000126246845,0.000000000000006,0.000000000000002,0.000000422181605,True
m4-v1,b01,3,4,False,0.000001333135625,False,0.000000507538609,0.000000000000022,0.000000000000002,0.000001840674254,False
m4-v1,b01,83,1,False,0.000000325226980,True,0.000000127854289,0.000000000000007,0.000000000000002,0.000000453081274,True
m4-v1,b01,89,1,False,0.000000302489713,True,0.000000131763283,0.000000000000006,0.000000000000002,0.000000434253001,True
m4-v1,b01,97,1,False,0.000000393410020,True,0.000000142048073,0.000000000000008,0.000000000000002,0.000000535458099,True
m4-v1,b01,101,1,False,0.000000325111399,True,0.000000142381622,0.000000000000006,0.000000000000002,0.000000467493026,True
m4-v1,b01,103,1,False,0.000000302659674,True,0.000000146192644,0.000000000000006,0.000000000000002,0.000000448852323,True
m4-v1,b01,107,1,False,0.000000358888099,True,0.000000149119669,0.000000000000007,0.000000000000002,0.000000508007773,True
m4-v1,b01,109,1,False,0.000000423972384,True,0.000000151088471,0.000000000000008,0.000000000000002,0.000000575060861,True
m4-v1,b01,113,1,False,0.000000330542466,True,0.000000152160187,0.000000000000006,0.000000000000002,0.000000482702658,True
m4-v1,b01,11,2,False,0.000000774542233,True,0.000000314625491,0.000000000000011,0.000000000000002,0.000001089167734,False
m4-v1,b01,5,3,False,0.000001612661941,False,0.000000480861279,0.000000000000021,0.000000000000002,0.000002093523240,False
m4-v1,b01,127,1,False,0.000000457736927,True,0.000000163248057,0.000000000000007,0.000000000000002,0.000000620984990,True
m4-v1,b01,2,7,False,0.000003639852399,False,0.000001122890438,0.000000000000043,0.000000000000002,0.000004762742879,False
m4-v1,b01,131,1,False,0.000000528820284,True,0.000000164168126,0.000000000000007,0.000000000000002,0.000000692988415,True
m4-v1,b01,137,1,False,0.000001141526990,False,0.000000164504297,0.000000000000008,0.000000000000002,0.000001306031294,False
m4-v1,b01,139,1,False,0.000001208816004,False,0.000000171168209,0.000000000000008,0.000000000000002,0.000001379984219,False
m4-v1,b02,2,1,True,0.000000364751522,True,0.000000021442277,0.000000000000007,0.000000000000002,0.000000386193805,True
m4-v1,b02,3,1,True,0.000000267732926,True,0.000000026274294,0.000000000000006,0.000000000000002,0.000000294007225,True
m4-v1,b02,2,2,False,0.000000454494145,True,0.000000059508780,0.000000000000009,0.000000000000002,0.000000514002932,True
m4-v1,b02,5,1,True,0.000000225383556,True,0.000000033766347,0.000000000000005,0.000000000000002,0.000000259149907,True
m4-v1,b02,7,1,True,0.000000245931170,True,0.000000039863315,0.000000000000005,0.000000000000002,0.000000285794489,True
m4-v1,b02,2,3,False,0.000000679094777,True,0.000000125111597,0.000000000000012,0.000000000000002,0.000000804206384,True
m4-v1,b02,3,2,False,0.000000493187859,True,0.000000088272889,0.000000000000009,0.000000000000002,0.000000581460756,True
m4-v1,b02,11,1,True,0.000000209997684,True,0.000000049767707,0.000000000000005,0.000000000000002,0.000000259765394,True
m4-v1,b02,13,1,True,0.000000229928415,True,0.000000053764682,0.000000000000005,0.000000000000002,0.000000283693101,True
m4-v1,b02,2,4,False,0.000001016198257,False,0.000000233962048,0.000000000000018,0.000000000000002,0.000001250160321,False
m4-v1,b02,17,1,True,0.000000240006752,True,0.000000061203276,0.000000000000005,0.000000000000002,0.000000301210032,True
m4-v1,b02,19,1,True,0.000000200004798,True,0.000000064994427,0.000000000000005,0.000000000000002,0.000000264999228,True
m4-v1,b02,23,1,True,0.000000265990029,True,0.000000071531277,0.000000000000006,0.000000000000002,0.000000337521311,True
m4-v1,b02,5,2,False,0.000000561082843,True,0.000000147645676,0.000000000000010,0.000000000000002,0.000000708728528,True
m4-v1,b02,3,3,False,0.000000751498456,True,0.000000231606151,0.000000000000013,0.000000000000002,0.000000983104619,True
m4-v1,b02,29,1,True,0.000000216476748,True,0.000000080392120,0.000000000000005,0.000000000000002,0.000000296868872,True
m4-v1,b02,31,1,True,0.000000295710487,True,0.000000082860320,0.000000000000006,0.000000000000002,0.000000378570812,True
m4-v1,b02,2,5,False,0.000001163847666,False,0.000000414775558,0.000000000000020,0.000000000000002,0.000001578623242,False
m4-v1,b02,37,1,True,0.000000291071025,True,0.000000090099462,0.000000000000006,0.000000000000002,0.000000381170491,True
m4-v1,b02,41,1,True,0.000000293343349,True,0.000000094704137,0.000000000000006,0.000000000000002,0.000000388047490,True
m4-v1,b02,43,1,True,0.000000264171920,True,0.000000096432547,0.000000000000006,0.000000000000002,0.000000360604472,True
m4-v1,b02,47,1,True,0.000000325617730,True,0.000000104803674,0.000000000000007,0.000000000000002,0.000000430421409,True
m4-v1,b02,7,2,False,0.000000520594025,True,0.000000208615160,0.000000000000010,0.000000000000002,0.000000729209193,True
m4-v1,b02,53,1,True,0.000000332586251,True,0.000000106740367,0.000000000000007,0.000000000000002,0.000000439326623,True
m4-v1,b02,59,1,False,0.000000282923090,True,0.000000113188843,0.000000000000006,0.000000000000002,0.000000396111937,True
m4-v1,b02,61,1,False,0.000000274935730,True,0.000000115256601,0.000000000000006,0.000000000000002,0.000000390192335,True
m4-v1,b02,2,6,False,0.000002126867408,False,0.000000692217062,0.000000000000035,0.000000000000002,0.000002819084504,False
m4-v1,b02,67,1,False,0.000000298546207,True,0.000000123589477,0.000000000000006,0.000000000000002,0.000000422135688,True
m4-v1,b02,71,1,False,0.000000306030420,True,0.000000124299203,0.000000000000006,0.000000000000002,0.000000430329628,True
m4-v1,b02,73,1,False,0.000000315778899,True,0.000000124516743,0.000000000000006,0.000000000000002,0.000000440295647,True
m4-v1,b02,79,1,False,0.000000282472693,True,0.000000131641760,0.000000000000006,0.000000000000002,0.000000414114457,True
m4-v1,b02,3,4,False,0.000001262521839,False,0.000000512275584,0.000000000000021,0.000000000000002,0.000001774797443,False
m4-v1,b02,83,1,False,0.000000384072473,True,0.000000135185265,0.000000000000007,0.000000000000002,0.000000519257744,True
m4-v1,b02,89,1,False,0.000000323261386,True,0.000000135422672,0.000000000000006,0.000000000000002,0.000000458684063,True
m4-v1,b02,97,1,False,0.000000409886564,True,0.000000145394250,0.000000000000008,0.000000000000002,0.000000555280820,True
m4-v1,b02,101,1,False,0.000000333198909,True,0.000000150168766,0.000000000000006,0.000000000000002,0.000000483367680,True
m4-v1,b02,103,1,False,0.000000373127986,True,0.000000147699186,0.000000000000007,0.000000000000002,0.000000520827177,True
m4-v1,b02,107,1,False,0.000000434087112,True,0.000000152415005,0.000000000000008,0.000000000000002,0.000000586502123,True
m4-v1,b02,109,1,False,0.000000409252715,True,0.000000154484349,0.000000000000008,0.000000000000002,0.000000563737070,True
m4-v1,b02,113,1,False,0.000000365823102,True,0.000000160749695,0.000000000000007,0.000000000000002,0.000000526572802,True
m4-v1,b02,11,2,False,0.000000940028062,True,0.000000326872536,0.000000000000014,0.000000000000002,0.000001266900610,False
m4-v1,b02,5,3,False,0.000001565661443,False,0.000000491289568,0.000000000000021,0.000000000000002,0.000002056951031,False
m4-v1,b02,127,1,False,0.000000513746815,True,0.000000162297058,0.000000000000007,0.000000000000002,0.000000676043878,True
m4-v1,b02,2,7,False,0.000003702730688,False,0.000001163358283,0.000000000000041,0.000000000000002,0.000004866089010,False
m4-v1,b02,131,1,False,0.000000577866974,True,0.000000169272483,0.000000000000007,0.000000000000002,0.000000747139462,True
m4-v1,b02,137,1,False,0.000001226497421,False,0.000000172794313,0.000000000000008,0.000000000000002,0.000001399291741,False
m4-v1,b02,139,1,False,0.000001170448506,False,0.000000172273588,0.000000000000008,0.000000000000002,0.000001342722100,False
m4-v1,b03,2,1,True,0.000000367529065,True,0.000000021894500,0.000000000000007,0.000000000000002,0.000000389423570,True
m4-v1,b03,3,1,True,0.000000290623177,True,0.000000026889206,0.000000000000006,0.000000000000002,0.000000317512387,True
m4-v1,b03,2,2,False,0.000000536552809,True,0.000000061008362,0.000000000000010,0.000000000000002,0.000000597561179,True
m4-v1,b03,5,1,True,0.000000242741054,True,0.000000034507021,0.000000000000005,0.000000000000002,0.000000277248079,True
m4-v1,b03,7,1,True,0.000000222037469,True,0.000000040605277,0.000000000000005,0.000000000000002,0.000000262642749,True
m4-v1,b03,2,3,False,0.000000610472415,True,0.000000128549955,0.000000000000011,0.000000000000002,0.000000739022379,True
m4-v1,b03,3,2,False,0.000000486308451,True,0.000000091241088,0.000000000000009,0.000000000000002,0.000000577549547,True
m4-v1,b03,11,1,True,0.000000251952707,True,0.000000050613274,0.000000000000005,0.000000000000002,0.000000302565985,True
m4-v1,b03,13,1,True,0.000000202960133,True,0.000000055131691,0.000000000000005,0.000000000000002,0.000000258091827,True
m4-v1,b03,2,4,False,0.000000995771057,True,0.000000242276279,0.000000000000017,0.000000000000002,0.000001238047351,False
m4-v1,b03,17,1,True,0.000000238020374,True,0.000000062521311,0.000000000000005,0.000000000000002,0.000000300541689,True
m4-v1,b03,19,1,True,0.000000275900073,True,0.000000066244860,0.000000000000006,0.000000000000002,0.000000342144938,True
m4-v1,b03,23,1,True,0.000000276420110,True,0.000000072556848,0.000000000000006,0.000000000000002,0.000000348976962,True
m4-v1,b03,5,2,False,0.000000591695206,True,0.000000150440021,0.000000000000011,0.000000000000002,0.000000742135236,True
m4-v1,b03,3,3,False,0.000000713339324,True,0.000000237957936,0.000000000000013,0.000000000000002,0.000000951297271,True
m4-v1,b03,29,1,True,0.000000301761374,True,0.000000082333925,0.000000000000006,0.000000000000002,0.000000384095304,True
m4-v1,b03,31,1,True,0.000000235712061,True,0.000000083932474,0.000000000000005,0.000000000000002,0.000000319644538,True
m4-v1,b03,2,5,False,0.000001554966567,False,0.000000418576881,0.000000000000026,0.000000000000002,0.000001973543472,False
m4-v1,b03,37,1,True,0.000000314997360,True,0.000000090977855,0.000000000000006,0.000000000000002,0.000000405975220,True
m4-v1,b03,41,1,True,0.000000328758106,True,0.000000096528524,0.000000000000007,0.000000000000002,0.000000425286635,True
m4-v1,b03,43,1,True,0.000000320873526,True,0.000000098841983,0.000000000000006,0.000000000000002,0.000000419715514,True
m4-v1,b03,47,1,True,0.000000337964836,True,0.000000102962490,0.000000000000007,0.000000000000002,0.000000440927331,True
m4-v1,b03,7,2,False,0.000000663947483,True,0.000000211011240,0.000000000000012,0.000000000000002,0.000000874958734,True
m4-v1,b03,53,1,True,0.000000341430180,True,0.000000109327143,0.000000000000007,0.000000000000002,0.000000450757329,True
m4-v1,b03,59,1,False,0.000000360862606,True,0.000000115896418,0.000000000000007,0.000000000000002,0.000000476759029,True
m4-v1,b03,61,1,False,0.000000317789785,True,0.000000117626388,0.000000000000006,0.000000000000002,0.000000435416178,True
m4-v1,b03,2,6,False,0.000001922180799,False,0.000000732656515,0.000000000000031,0.000000000000002,0.000002654837344,False
m4-v1,b03,67,1,False,0.000000283627945,True,0.000000121203030,0.000000000000006,0.000000000000002,0.000000404830979,True
m4-v1,b03,71,1,False,0.000000367658494,True,0.000000129742415,0.000000000000007,0.000000000000002,0.000000497400914,True
m4-v1,b03,73,1,False,0.000000380190274,True,0.000000129127685,0.000000000000007,0.000000000000002,0.000000509317965,True
m4-v1,b03,79,1,False,0.000000318260201,True,0.000000133069872,0.000000000000006,0.000000000000002,0.000000451330078,True
m4-v1,b03,3,4,False,0.000001592858015,False,0.000000552642573,0.000000000000026,0.000000000000002,0.000002145500613,False
m4-v1,b03,83,1,False,0.000000379803395,True,0.000000136757206,0.000000000000007,0.000000000000002,0.000000516560607,True
m4-v1,b03,89,1,False,0.000000328079988,True,0.000000142153992,0.000000000000006,0.000000000000002,0.000000470233985,True
m4-v1,b03,97,1,False,0.000000379800321,True,0.000000148545775,0.000000000000007,0.000000000000002,0.000000528346102,True
m4-v1,b03,101,1,False,0.000000398141912,True,0.000000151164980,0.000000000000007,0.000000000000002,0.000000549306898,True
m4-v1,b03,103,1,False,0.000000405270043,True,0.000000154790392,0.000000000000007,0.000000000000002,0.000000560060441,True
m4-v1,b03,107,1,False,0.000000456421398,True,0.000000155127124,0.000000000000008,0.000000000000002,0.000000611548528,True
m4-v1,b03,109,1,False,0.000000378812226,True,0.000000158943145,0.000000000000007,0.000000000000002,0.000000537755377,True
m4-v1,b03,113,1,False,0.000000433631640,True,0.000000160476271,0.000000000000008,0.000000000000002,0.000000594107917,True
m4-v1,b03,11,2,False,0.000001086724145,False,0.000000329117804,0.000000000000015,0.000000000000002,0.000001415841962,False
m4-v1,b03,5,3,False,0.000001439722419,False,0.000000512870645,0.000000000000021,0.000000000000002,0.000001952593083,False
m4-v1,b03,127,1,False,0.000000400953476,True,0.000000171070841,0.000000000000007,0.000000000000002,0.000000572024322,True
m4-v1,b03,2,7,False,0.000003210710334,False,0.000001169222501,0.000000000000043,0.000000000000002,0.000004379932877,False
m4-v1,b03,131,1,False,0.000000631645532,True,0.000000171953235,0.000000000000007,0.000000000000002,0.000000803598773,True
m4-v1,b03,137,1,False,0.000000759462235,True,0.000000171097152,0.000000000000008,0.000000000000002,0.000000930559394,True
m4-v1,b03,139,1,False,0.000002552795454,False,0.000000174688672,0.000000000000008,0.000000000000002,0.000002727484133,False
m4-v1,b04,2,1,True,0.000000399790231,True,0.000000022258394,0.000000000000008,0.000000000000002,0.000000422048631,True
m4-v1,b04,3,1,True,0.000000302476391,True,0.000000027285781,0.000000000000006,0.000000000000002,0.000000329762177,True
m4-v1,b04,2,2,False,0.000000483508786,True,0.000000061793773,0.000000000000009,0.000000000000002,0.000000545302566,True
m4-v1,b04,5,1,True,0.000000227086777,True,0.000000035054790,0.000000000000005,0.000000000000002,0.000000262141570,True
m4-v1,b04,7,1,True,0.000000201348448,True,0.000000041274006,0.000000000000005,0.000000000000002,0.000000242622457,True
m4-v1,b04,2,3,False,0.000000762714550,True,0.000000130480927,0.000000000000013,0.000000000000002,0.000000893195489,True
m4-v1,b04,3,2,False,0.000000514187662,True,0.000000092168643,0.000000000000009,0.000000000000002,0.000000606356313,True
m4-v1,b04,11,1,True,0.000000206613403,True,0.000000051427876,0.000000000000005,0.000000000000002,0.000000258041282,True
m4-v1,b04,13,1,True,0.000000269380183,True,0.000000055851115,0.000000000000006,0.000000000000002,0.000000325231302,True
m4-v1,b04,2,4,False,0.000001079844235,False,0.000000242553599,0.000000000000018,0.000000000000002,0.000001322397850,False
m4-v1,b04,17,1,True,0.000000268878061,True,0.000000063695111,0.000000000000006,0.000000000000002,0.000000332573177,True
m4-v1,b04,19,1,True,0.000000278078061,True,0.000000067214191,0.000000000000006,0.000000000000002,0.000000345292256,True
m4-v1,b04,23,1,True,0.000000251597682,True,0.000000073949228,0.000000000000005,0.000000000000002,0.000000325546914,True
m4-v1,b04,5,2,False,0.000000567779844,True,0.000000153734274,0.000000000000010,0.000000000000002,0.000000721514127,True
m4-v1,b04,3,3,False,0.000000718486809,True,0.000000241325220,0.000000000000012,0.000000000000002,0.000000959812040,True
m4-v1,b04,29,1,True,0.000000293349020,True,0.000000083931259,0.000000000000006,0.000000000000002,0.000000377280283,True
m4-v1,b04,31,1,True,0.000000322298689,True,0.000000085824321,0.000000000000006,0.000000000000002,0.000000408123014,True
m4-v1,b04,2,5,False,0.000001386567572,False,0.000000425760427,0.000000000000022,0.000000000000002,0.000001812328020,False
m4-v1,b04,37,1,True,0.000000284687799,True,0.000000092525886,0.000000000000006,0.000000000000002,0.000000377213689,True
m4-v1,b04,41,1,True,0.000000253473281,True,0.000000098642294,0.000000000000005,0.000000000000002,0.000000352115579,True
m4-v1,b04,43,1,True,0.000000253814203,True,0.000000101622763,0.000000000000005,0.000000000000002,0.000000355436970,True
m4-v1,b04,47,1,True,0.000000269070809,True,0.000000104902534,0.000000000000006,0.000000000000002,0.000000373973347,True
m4-v1,b04,7,2,False,0.000000570303833,True,0.000000212083818,0.000000000000010,0.000000000000002,0.000000782387660,True
m4-v1,b04,53,1,True,0.000000296893022,True,0.000000110442691,0.000000000000006,0.000000000000002,0.000000407335717,True
m4-v1,b04,59,1,False,0.000000332605347,True,0.000000118171927,0.000000000000006,0.000000000000002,0.000000450777279,True
m4-v1,b04,61,1,False,0.000000308316095,True,0.000000117117067,0.000000000000006,0.000000000000002,0.000000425433166,True
m4-v1,b04,2,6,False,0.000002321406028,False,0.000000731723656,0.000000000000036,0.000000000000002,0.000003053129719,False
m4-v1,b04,67,1,False,0.000000361558140,True,0.000000125546026,0.000000000000007,0.000000000000002,0.000000487104171,True
m4-v1,b04,71,1,False,0.000000350152867,True,0.000000128600428,0.000000000000007,0.000000000000002,0.000000478753300,True
m4-v1,b04,73,1,False,0.000000337486981,True,0.000000131756178,0.000000000000007,0.000000000000002,0.000000469243164,True
m4-v1,b04,79,1,False,0.000000316760754,True,0.000000134692443,0.000000000000006,0.000000000000002,0.000000451453202,True
m4-v1,b04,3,4,False,0.000001662402364,False,0.000000540797814,0.000000000000026,0.000000000000002,0.000002203200202,False
m4-v1,b04,83,1,False,0.000000406961902,True,0.000000137339294,0.000000000000007,0.000000000000002,0.000000544301202,True
m4-v1,b04,89,1,False,0.000000368610631,True,0.000000143972767,0.000000000000007,0.000000000000002,0.000000512583403,True
m4-v1,b04,97,1,False,0.000000378278862,True,0.000000151820501,0.000000000000007,0.000000000000002,0.000000530099368,True
m4-v1,b04,101,1,False,0.000000452779673,True,0.000000155955048,0.000000000000008,0.000000000000002,0.000000608734727,True
m4-v1,b04,103,1,False,0.000000467567571,True,0.000000156321859,0.000000000000008,0.000000000000002,0.000000623889436,True
m4-v1,b04,107,1,False,0.000000446472031,True,0.000000155166529,0.000000000000008,0.000000000000002,0.000000601638567,True
m4-v1,b04,109,1,False,0.000000386249220,True,0.000000157123939,0.000000000000007,0.000000000000002,0.000000543373164,True
m4-v1,b04,113,1,False,0.000000413277527,True,0.000000165291737,0.000000000000007,0.000000000000002,0.000000578569269,True
m4-v1,b04,11,2,False,0.000000842488390,True,0.000000330815906,0.000000000000012,0.000000000000002,0.000001173304307,False
m4-v1,b04,5,3,False,0.000001647200558,False,0.000000512086372,0.000000000000022,0.000000000000002,0.000002159286951,False
m4-v1,b04,127,1,False,0.000000420128246,True,0.000000173095565,0.000000000000007,0.000000000000002,0.000000593223816,True
m4-v1,b04,2,7,False,0.000002878525306,False,0.000001212206989,0.000000000000037,0.000000000000002,0.000004090732330,False
m4-v1,b04,131,1,False,0.000000575029519,True,0.000000175668554,0.000000000000007,0.000000000000002,0.000000750698079,True
m4-v1,b04,137,1,False,0.000001589452119,False,0.000000181327760,0.000000000000009,0.000000000000002,0.000001770779886,False
m4-v1,b04,139,1,False,0.000001012463647,False,0.000000183098770,0.000000000000009,0.000000000000002,0.000001195562424,False
m4-v1,b05,2,1,True,0.000000413997466,True,0.000000022598562,0.000000000000008,0.000000000000002,0.000000436596034,True
m4-v1,b05,3,1,True,0.000000324760846,True,0.000000027772636,0.000000000000006,0.000000000000002,0.000000352533487,True
m4-v1,b05,2,2,False,0.000000538134527,True,0.000000062959138,0.000000000000010,0.000000000000002,0.000000601093673,True
m4-v1,b05,5,1,True,0.000000249977760,True,0.000000035574129,0.000000000000005,0.000000000000002,0.000000285551893,True
m4-v1,b05,7,1,True,0.000000272624607,True,0.000000041889425,0.000000000000006,0.000000000000002,0.000000314514036,True
m4-v1,b05,2,3,False,0.000000732278066,True,0.000000132029043,0.000000000000012,0.000000000000002,0.000000864307120,True
m4-v1,b05,3,2,False,0.000000415460102,True,0.000000094640022,0.000000000000008,0.000000000000002,0.000000510100130,True
m4-v1,b05,11,1,True,0.000000279034496,True,0.000000052247424,0.000000000000006,0.000000000000002,0.000000331281924,True
m4-v1,b05,13,1,True,0.000000287193532,True,0.000000056731051,0.000000000000006,0.000000000000002,0.000000343924587,True
m4-v1,b05,2,4,False,0.000001189883227,False,0.000000250646128,0.000000000000019,0.000000000000002,0.000001440529372,False
m4-v1,b05,17,1,True,0.000000300266643,True,0.000000064637790,0.000000000000006,0.000000000000002,0.000000364904438,True
m4-v1,b05,19,1,True,0.000000265041673,True,0.000000068162763,0.000000000000005,0.000000000000002,0.000000333204440,True
m4-v1,b05,23,1,True,0.000000301369171,True,0.000000075297467,0.000000000000006,0.000000000000002,0.000000376666643,True
m4-v1,b05,5,2,False,0.000000626233813,True,0.000000154815994,0.000000000000011,0.000000000000002,0.000000781049816,True
m4-v1,b05,3,3,False,0.000000978796056,True,0.000000244635990,0.000000000000016,0.000000000000002,0.000001223432060,False
m4-v1,b05,29,1,True,0.000000298774623,True,0.000000085096012,0.000000000000006,0.000000000000002,0.000000383870639,True
m4-v1,b05,31,1,True,0.000000257640773,True,0.000000086657922,0.000000000000005,0.000000000000002,0.000000344298699,True
m4-v1,b05,2,5,False,0.000001295476662,False,0.000000440092195,0.000000000000021,0.000000000000002,0.000001735568876,False
m4-v1,b05,37,1,True,0.000000340406037,True,0.000000095053274,0.000000000000007,0.000000000000002,0.000000435459316,True
m4-v1,b05,41,1,True,0.000000348109175,True,0.000000099898439,0.000000000000007,0.000000000000002,0.000000448007619,True
m4-v1,b05,43,1,True,0.000000340639798,True,0.000000100599219,0.000000000000007,0.000000000000002,0.000000441239022,True
m4-v1,b05,47,1,True,0.000000368293344,True,0.000000110735497,0.000000000000007,0.000000000000002,0.000000479028847,True
m4-v1,b05,7,2,False,0.000000717237578,True,0.000000217562748,0.000000000000012,0.000000000000002,0.000000934800337,True
m4-v1,b05,53,1,True,0.000000345362141,True,0.000000114530022,0.000000000000007,0.000000000000002,0.000000459892168,True
m4-v1,b05,59,1,False,0.000000396213039,True,0.000000118122295,0.000000000000007,0.000000000000002,0.000000514335340,True
m4-v1,b05,61,1,False,0.000000398156291,True,0.000000120550333,0.000000000000007,0.000000000000002,0.000000518706629,True
m4-v1,b05,2,6,False,0.000002362592975,False,0.000000735399422,0.000000000000036,0.000000000000002,0.000003097992431,False
m4-v1,b05,67,1,False,0.000000397416612,True,0.000000127770970,0.000000000000007,0.000000000000002,0.000000525187587,True
m4-v1,b05,71,1,False,0.000000380587576,True,0.000000130243958,0.000000000000007,0.000000000000002,0.000000510831539,True
m4-v1,b05,73,1,False,0.000000396591347,True,0.000000131071259,0.000000000000007,0.000000000000002,0.000000527662612,True
m4-v1,b05,79,1,False,0.000000390862098,True,0.000000136820805,0.000000000000007,0.000000000000002,0.000000527682909,True
m4-v1,b05,3,4,False,0.000001351736928,False,0.000000586797948,0.000000000000021,0.000000000000002,0.000001938534895,False
m4-v1,b05,83,1,False,0.000000432870445,True,0.000000139874345,0.000000000000008,0.000000000000002,0.000000572744796,True
m4-v1,b05,89,1,False,0.000000349034827,True,0.000000145976406,0.000000000000006,0.000000000000002,0.000000495011238,True
m4-v1,b05,97,1,False,0.000000459999554,True,0.000000150443930,0.000000000000008,0.000000000000002,0.000000610443490,True
m4-v1,b05,101,1,False,0.000000430740052,True,0.000000154238942,0.000000000000007,0.000000000000002,0.000000584979000,True
m4-v1,b05,103,1,False,0.000000478608396,True,0.000000156056983,0.000000000000008,0.000000000000002,0.000000634665385,True
m4-v1,b05,107,1,False,0.000000492500197,True,0.000000157545735,0.000000000000008,0.000000000000002,0.000000650045938,True
m4-v1,b05,109,1,False,0.000000499262358,True,0.000000162938150,0.000000000000008,0.000000000000002,0.000000662200515,True
m4-v1,b05,113,1,False,0.000000513783069,True,0.000000164138842,0.000000000000008,0.000000000000002,0.000000677921918,True
m4-v1,b05,11,2,False,0.000001052203904,False,0.000000337638395,0.000000000000015,0.000000000000002,0.000001389842313,False
m4-v1,b05,5,3,False,0.000001747028124,False,0.000000523863866,0.000000000000023,0.000000000000002,0.000002270892011,False
m4-v1,b05,127,1,False,0.000000617650419,True,0.000000172505978,0.000000000000009,0.000000000000002,0.000000790156404,True
m4-v1,b05,2,7,False,0.000004399609478,False,0.000001215725862,0.000000000000049,0.000000000000002,0.000005615335388,False
m4-v1,b05,131,1,False,0.000000724756351,True,0.000000176179309,0.000000000000008,0.000000000000002,0.000000900935667,True
m4-v1,b05,137,1,False,0.000000707966268,True,0.000000184039743,0.000000000000008,0.000000000000002,0.000000892006017,True
m4-v1,b05,139,1,False,0.000001150315926,False,0.000000182867685,0.000000000000007,0.000000000000002,0.000001333183617,False
m4-v1,b06,2,1,True,0.000000384163544,True,0.000000022873008,0.000000000000007,0.000000000000002,0.000000407036557,True
m4-v1,b06,3,1,True,0.000000337330810,True,0.000000028041180,0.000000000000006,0.000000000000002,0.000000365371995,True
m4-v1,b06,2,2,False,0.000000604686771,True,0.000000063537044,0.000000000000010,0.000000000000002,0.000000668223824,True
m4-v1,b06,5,1,True,0.000000297040298,True,0.000000035996192,0.000000000000006,0.000000000000002,0.000000333036494,True
m4-v1,b06,7,1,True,0.000000283611371,True,0.000000042484439,0.000000000000006,0.000000000000002,0.000000326095814,True
m4-v1,b06,2,3,False,0.000000871144181,True,0.000000133558906,0.000000000000014,0.000000000000002,0.000001004703100,False
m4-v1,b06,3,2,False,0.000000451241255,True,0.000000094936014,0.000000000000008,0.000000000000002,0.000000546177275,True
m4-v1,b06,11,1,True,0.000000268931472,True,0.000000053174936,0.000000000000005,0.000000000000002,0.000000322106412,True
m4-v1,b06,13,1,True,0.000000301072025,True,0.000000057262078,0.000000000000006,0.000000000000002,0.000000358334107,True
m4-v1,b06,2,4,False,0.000001162684848,False,0.000000251340923,0.000000000000018,0.000000000000002,0.000001414025788,False
m4-v1,b06,17,1,True,0.000000253176437,True,0.000000065738226,0.000000000000005,0.000000000000002,0.000000318914666,True
m4-v1,b06,19,1,True,0.000000256614742,True,0.000000068465789,0.000000000000005,0.000000000000002,0.000000325080535,True
m4-v1,b06,23,1,True,0.000000325690129,True,0.000000075914204,0.000000000000006,0.000000000000002,0.000000401604338,True
m4-v1,b06,5,2,False,0.000000543162213,True,0.000000158119077,0.000000000000009,0.000000000000002,0.000000701281298,True
m4-v1,b06,3,3,False,0.000001009973679,False,0.000000248920484,0.000000000000016,0.000000000000002,0.000001258894177,False
m4-v1,b06,29,1,True,0.000000294329947,True,0.000000085194560,0.000000000000006,0.000000000000002,0.000000379524511,True
m4-v1,b06,31,1,True,0.000000315968430,True,0.000000088070618,0.000000000000006,0.000000000000002,0.000000404039052,True
m4-v1,b06,2,5,False,0.000001416951304,False,0.000000449282279,0.000000000000022,0.000000000000002,0.000001866233603,False
m4-v1,b06,37,1,True,0.000000287285903,True,0.000000095167320,0.000000000000006,0.000000000000002,0.000000382453227,True
m4-v1,b06,41,1,True,0.000000296186544,True,0.000000101013960,0.000000000000006,0.000000000000002,0.000000397200508,True
m4-v1,b06,43,1,True,0.000000339052670,True,0.000000105302437,0.000000000000006,0.000000000000002,0.000000444355112,True
m4-v1,b06,47,1,True,0.000000365031458,True,0.000000107708835,0.000000000000007,0.000000000000002,0.000000472740299,True
m4-v1,b06,7,2,False,0.000000747761476,True,0.000000221316337,0.000000000000012,0.000000000000002,0.000000969077824,True
m4-v1,b06,53,1,True,0.000000349836485,True,0.000000115017905,0.000000000000006,0.000000000000002,0.000000464854395,True
m4-v1,b06,59,1,False,0.000000396459612,True,0.000000120667282,0.000000000000007,0.000000000000002,0.000000517126900,True
m4-v1,b06,61,1,False,0.000000407647216,True,0.000000126526401,0.000000000000007,0.000000000000002,0.000000534173623,True
m4-v1,b06,2,6,False,0.000002048279804,False,0.000000736857509,0.000000000000030,0.000000000000002,0.000002785137342,False
m4-v1,b06,67,1,False,0.000000425224105,True,0.000000128187909,0.000000000000008,0.000000000000002,0.000000553412021,True
m4-v1,b06,71,1,False,0.000000355338487,True,0.000000132471276,0.000000000000007,0.000000000000002,0.000000487809768,True
m4-v1,b06,73,1,False,0.000000408394456,True,0.000000135546999,0.000000000000007,0.000000000000002,0.000000543941460,True
m4-v1,b06,79,1,False,0.000000442310187,True,0.000000139153901,0.000000000000008,0.000000000000002,0.000000581464094,True
m4-v1,b06,3,4,False,0.000001514211862,False,0.000000558121478,0.000000000000022,0.000000000000002,0.000002072333361,False
m4-v1,b06,83,1,False,0.000000456865039,True,0.000000141719074,0.000000000000008,0.000000000000002,0.000000598584119,True
m4-v1,b06,89,1,False,0.000000466810325,True,0.000000147631717,0.000000000000008,0.000000000000002,0.000000614442049,True
m4-v1,b06,97,1,False,0.000000466592195,True,0.000000153228231,0.000000000000008,0.000000000000002,0.000000619820432,True
m4-v1,b06,101,1,False,0.000000464175506,True,0.000000157586154,0.000000000000008,0.000000000000002,0.000000621761667,True
m4-v1,b06,103,1,False,0.000000378481126,True,0.000000157295548,0.000000000000007,0.000000000000002,0.000000535776679,True
m4-v1,b06,107,1,False,0.000000392386104,True,0.000000164533544,0.000000000000007,0.000000000000002,0.000000556919653,True
m4-v1,b06,109,1,False,0.000000482310851,True,0.000000165798694,0.000000000000008,0.000000000000002,0.000000648109552,True
m4-v1,b06,113,1,False,0.000000412707629,True,0.000000162996795,0.000000000000007,0.000000000000002,0.000000575704430,True
m4-v1,b06,11,2,False,0.000001120003440,False,0.000000352799379,0.000000000000016,0.000000000000002,0.000001472802834,False
m4-v1,b06,5,3,False,0.000001748060955,False,0.000000523607925,0.000000000000023,0.000000000000002,0.000002271668901,False
m4-v1,b06,127,1,False,0.000000567355602,True,0.000000175023903,0.000000000000007,0.000000000000002,0.000000742379511,True
m4-v1,b06,2,7,False,0.000004501681851,False,0.000001240653808,0.000000000000050,0.000000000000002,0.000005742335708,False
m4-v1,b06,131,1,False,0.000000596234572,True,0.000000179188911,0.000000000000008,0.000000000000002,0.000000775423489,True
m4-v1,b06,137,1,False,0.000001764267079,False,0.000000181440126,0.000000000000008,0.000000000000002,0.000001945707211,False
m4-v1,b06,139,1,False,0.000001216296264,False,0.000000185668568,0.000000000000008,0.000000000000002,0.000001401964838,False
m4-v1,b07,2,1,True,0.000000349702877,True,0.000000023154686,0.000000000000006,0.000000000000002,0.000000372857568,True
m4-v1,b07,3,1,True,0.000000327289534,True,0.000000028409765,0.000000000000006,0.000000000000002,0.000000355699304,True
m4-v1,b07,2,2,False,0.000000528773217,True,0.000000064593214,0.000000000000009,0.000000000000002,0.000000593366438,True
m4-v1,b07,5,1,True,0.000000308921042,True,0.000000036414966,0.000000000000006,0.000000000000002,0.000000345336012,True
m4-v1,b07,7,1,True,0.000000271957309,True,0.000000042849015,0.000000000000005,0.000000000000002,0.000000314806328,True
m4-v1,b07,2,3,False,0.000000792838796,True,0.000000136132322,0.000000000000013,0.000000000000002,0.000000928971129,True
m4-v1,b07,3,2,False,0.000000607983229,True,0.000000096377993,0.000000000000010,0.000000000000002,0.000000704361230,True
m4-v1,b07,11,1,True,0.000000237552817,True,0.000000053290528,0.000000000000005,0.000000000000002,0.000000290843349,True
m4-v1,b07,13,1,True,0.000000308608823,True,0.000000057999039,0.000000000000006,0.000000000000002,0.000000366607866,True
m4-v1,b07,2,4,False,0.000001176942971,False,0.000000255350243,0.000000000000018,0.000000000000002,0.000001432293231,False
m4-v1,b07,17,1,True,0.000000259157844,True,0.000000066505528,0.000000000000005,0.000000000000002,0.000000325663376,True
m4-v1,b07,19,1,True,0.000000295868918,True,0.000000069894947,0.000000000000006,0.000000000000002,0.000000365763869,True
m4-v1,b07,23,1,True,0.000000266456164,True,0.000000077037414,0.000000000000005,0.000000000000002,0.000000343493581,True
m4-v1,b07,5,2,False,0.000000504485782,True,0.000000158976178,0.000000000000009,0.000000000000002,0.000000663461967,True
m4-v1,b07,3,3,False,0.000000946366801,True,0.000000251031906,0.000000000000015,0.000000000000002,0.000001197398720,False
m4-v1,b07,29,1,True,0.000000358567266,True,0.000000085397868,0.000000000000007,0.000000000000002,0.000000443965139,True
m4-v1,b07,31,1,True,0.000000310986864,True,0.000000088915045,0.000000000000006,0.000000000000002,0.000000399901914,True
m4-v1,b07,2,5,False,0.000001735711250,False,0.000000451708534,0.000000000000026,0.000000000000002,0.000002187419808,False
m4-v1,b07,37,1,True,0.000000290693793,True,0.000000098452666,0.000000000000006,0.000000000000002,0.000000389146463,True
m4-v1,b07,41,1,True,0.000000346937680,True,0.000000101896054,0.000000000000006,0.000000000000002,0.000000448833739,True
m4-v1,b07,43,1,True,0.000000390399620,True,0.000000103692976,0.000000000000007,0.000000000000002,0.000000494092601,True
m4-v1,b07,47,1,True,0.000000396984025,True,0.000000109699822,0.000000000000007,0.000000000000002,0.000000506683853,True
m4-v1,b07,7,2,False,0.000000804611527,True,0.000000219682209,0.000000000000013,0.000000000000002,0.000001024293748,False
m4-v1,b07,53,1,True,0.000000369807109,True,0.000000114099159,0.000000000000007,0.000000000000002,0.000000483906273,True
m4-v1,b07,59,1,False,0.000000420976125,True,0.000000122317011,0.000000000000007,0.000000000000002,0.000000543293142,True
m4-v1,b07,61,1,False,0.000000360092850,True,0.000000124889257,0.000000000000006,0.000000000000002,0.000000484982112,True
m4-v1,b07,2,6,False,0.000002548688178,False,0.000000784334999,0.000000000000037,0.000000000000002,0.000003333023213,False
m4-v1,b07,67,1,False,0.000000431286564,True,0.000000128439515,0.000000000000007,0.000000000000002,0.000000559726085,True
m4-v1,b07,71,1,False,0.000000440823478,True,0.000000133713663,0.000000000000008,0.000000000000002,0.000000574537147,True
m4-v1,b07,73,1,False,0.000000377147180,True,0.000000135377745,0.000000000000007,0.000000000000002,0.000000512524930,True
m4-v1,b07,79,1,False,0.000000370619521,True,0.000000142502092,0.000000000000006,0.000000000000002,0.000000513121618,True
m4-v1,b07,3,4,False,0.000001487541268,False,0.000000582103789,0.000000000000022,0.000000000000002,0.000002069645077,False
m4-v1,b07,83,1,False,0.000000369167627,True,0.000000142923580,0.000000000000006,0.000000000000002,0.000000512091212,True
m4-v1,b07,89,1,False,0.000000481065375,True,0.000000153909438,0.000000000000008,0.000000000000002,0.000000634974820,True
m4-v1,b07,97,1,False,0.000000437188478,True,0.000000155870975,0.000000000000007,0.000000000000002,0.000000593059459,True
m4-v1,b07,101,1,False,0.000000512604221,True,0.000000161192323,0.000000000000008,0.000000000000002,0.000000673796551,True
m4-v1,b07,103,1,False,0.000000509910203,True,0.000000160135617,0.000000000000008,0.000000000000002,0.000000670045827,True
m4-v1,b07,107,1,False,0.000000480278729,True,0.000000166422948,0.000000000000008,0.000000000000002,0.000000646701684,True
m4-v1,b07,109,1,False,0.000000410113770,True,0.000000164281646,0.000000000000007,0.000000000000002,0.000000574395421,True
m4-v1,b07,113,1,False,0.000000485451093,True,0.000000169955083,0.000000000000008,0.000000000000002,0.000000655406182,True
m4-v1,b07,11,2,False,0.000000984419369,True,0.000000343807782,0.000000000000013,0.000000000000002,0.000001328227162,False
m4-v1,b07,5,3,False,0.000001994954316,False,0.000000536591502,0.000000000000023,0.000000000000002,0.000002531545840,False
m4-v1,b07,127,1,False,0.000000649020899,True,0.000000176186748,0.000000000000008,0.000000000000002,0.000000825207653,True
m4-v1,b07,2,7,False,0.000005435117894,False,0.000001252771244,0.000000000000053,0.000000000000002,0.000006687889190,False
m4-v1,b07,131,1,False,0.000000809478335,True,0.000000179787784,0.000000000000008,0.000000000000002,0.000000989266125,True
m4-v1,b07,137,1,False,0.000001015745177,False,0.000000187520168,0.000000000000008,0.000000000000002,0.000001203265352,False
m4-v1,b07,139,1,False,0.000001601770875,False,0.000000186020025,0.000000000000009,0.000000000000002,0.000001787790907,False
m4-v1,b08,2,1,True,0.000000466526773,True,0.000000023381542,0.000000000000008,0.000000000000002,0.000000489908321,True
m4-v1,b08,3,1,True,0.000000348343855,True,0.000000028612713,0.000000000000006,0.000000000000002,0.000000376956572,True
m4-v1,b08,2,2,False,0.000000539872398,True,0.000000065136252,0.000000000000009,0.000000000000002,0.000000605008658,True
m4-v1,b08,5,1,True,0.000000318052486,True,0.000000036870039,0.000000000000006,0.000000000000002,0.000000354922529,True
m4-v1,b08,7,1,True,0.000000307149153,True,0.000000043408683,0.000000000000006,0.000000000000002,0.000000350557840,True
m4-v1,b08,2,3,False,0.000000911554899,True,0.000000136735901,0.000000000000014,0.000000000000002,0.000001048290812,False
m4-v1,b08,3,2,False,0.000000612512317,True,0.000000096439317,0.000000000000010,0.000000000000002,0.000000708951643,True
m4-v1,b08,11,1,True,0.000000293274885,True,0.000000053807497,0.000000000000006,0.000000000000002,0.000000347082386,True
m4-v1,b08,13,1,True,0.000000323552194,True,0.000000058494001,0.000000000000006,0.000000000000002,0.000000382046200,True
m4-v1,b08,2,4,False,0.000001196796329,False,0.000000259443567,0.000000000000018,0.000000000000002,0.000001456239913,False
m4-v1,b08,17,1,True,0.000000321465090,True,0.000000066839024,0.000000000000006,0.000000000000002,0.000000388304119,True
m4-v1,b08,19,1,True,0.000000329529613,True,0.000000070351719,0.000000000000006,0.000000000000002,0.000000399881337,True
m4-v1,b08,23,1,True,0.000000334672183,True,0.000000077648408,0.000000000000006,0.000000000000002,0.000000412320596,True
m4-v1,b08,5,2,False,0.000000584599854,True,0.000000161330599,0.000000000000010,0.000000000000002,0.000000745930461,True
m4-v1,b08,3,3,False,0.000000816309414,True,0.000000253985017,0.000000000000013,0.000000000000002,0.000001070294442,False
m4-v1,b08,29,1,True,0.000000280438535,True,0.000000085813734,0.000000000000005,0.000000000000002,0.000000366252272,True
m4-v1,b08,31,1,True,0.000000348292975,True,0.000000089846380,0.000000000000006,0.000000000000002,0.000000438139360,True
m4-v1,b08,2,5,False,0.000001744453064,False,0.000000456679062,0.000000000000025,0.000000000000002,0.000002201132149,False
m4-v1,b08,37,1,True,0.000000365129596,True,0.000000097487694,0.000000000000006,0.000000000000002,0.000000462617295,True
m4-v1,b08,41,1,True,0.000000396799210,True,0.000000103334723,0.000000000000007,0.000000000000002,0.000000500133938,True
m4-v1,b08,43,1,True,0.000000403598983,True,0.000000106311485,0.000000000000007,0.000000000000002,0.000000509910473,True
m4-v1,b08,47,1,True,0.000000360998890,True,0.000000113953952,0.000000000000006,0.000000000000002,0.000000474952847,True
m4-v1,b08,7,2,False,0.000000782158444,True,0.000000223651741,0.000000000000012,0.000000000000002,0.000001005810195,False
m4-v1,b08,53,1,True,0.000000410301668,True,0.000000115119636,0.000000000000007,0.000000000000002,0.000000525421310,True
m4-v1,b08,59,1,False,0.000000423058649,True,0.000000123765062,0.000000000000007,0.000000000000002,0.000000546823717,True
m4-v1,b08,61,1,False,0.000000412483054,True,0.000000126581043,0.000000000000007,0.000000000000002,0.000000539064103,True
m4-v1,b08,2,6,False,0.000002606068540,False,0.000000768749819,0.000000000000037,0.000000000000002,0.000003374818395,False
m4-v1,b08,67,1,False,0.000000403472806,True,0.000000133394753,0.000000000000007,0.000000000000002,0.000000536867564,True
m4-v1,b08,71,1,False,0.000000436960215,True,0.000000134219717,0.000000000000007,0.000000000000002,0.000000571179938,True
m4-v1,b08,73,1,False,0.000000363218232,True,0.000000137350874,0.000000000000006,0.000000000000002,0.000000500569111,True
m4-v1,b08,79,1,False,0.000000485331700,True,0.000000143006276,0.000000000000008,0.000000000000002,0.000000628337983,True
m4-v1,b08,3,4,False,0.000001859367312,False,0.000000556982562,0.000000000000026,0.000000000000002,0.000002416349899,False
m4-v1,b08,83,1,False,0.000000480940968,True,0.000000143971270,0.000000000000008,0.000000000000002,0.000000624912244,True
m4-v1,b08,89,1,False,0.000000448609123,True,0.000000151900529,0.000000000000007,0.000000000000002,0.000000600509658,True
m4-v1,b08,97,1,False,0.000000512316340,True,0.000000158094219,0.000000000000008,0.000000000000002,0.000000670410566,True
m4-v1,b08,101,1,False,0.000000499127637,True,0.000000158419650,0.000000000000008,0.000000000000002,0.000000657547294,True
m4-v1,b08,103,1,False,0.000000483319167,True,0.000000161864246,0.000000000000008,0.000000000000002,0.000000645183419,True
m4-v1,b08,107,1,False,0.000000541490826,True,0.000000166027848,0.000000000000009,0.000000000000002,0.000000707518681,True
m4-v1,b08,109,1,False,0.000000509428495,True,0.000000167861225,0.000000000000008,0.000000000000002,0.000000677289726,True
m4-v1,b08,113,1,False,0.000000525044069,True,0.000000171990219,0.000000000000008,0.000000000000002,0.000000697034294,True
m4-v1,b08,11,2,False,0.000001285658900,False,0.000000344689912,0.000000000000016,0.000000000000002,0.000001630348826,False
m4-v1,b08,5,3,False,0.000002260571166,False,0.000000546177594,0.000000000000023,0.000000000000002,0.000002806748781,False
m4-v1,b08,127,1,False,0.000000588058910,True,0.000000179309637,0.000000000000008,0.000000000000002,0.000000767368554,True
m4-v1,b08,2,7,False,0.000004418591019,False,0.000001282009304,0.000000000000046,0.000000000000002,0.000005700600367,False
m4-v1,b08,131,1,False,0.000000734400799,True,0.000000182412389,0.000000000000009,0.000000000000002,0.000000916813196,True
m4-v1,b08,137,1,False,0.000001105564617,False,0.000000190294738,0.000000000000008,0.000000000000002,0.000001295859362,False
m4-v1,b08,139,1,False,0.000002750494424,False,0.000000188132354,0.000000000000008,0.000000000000002,0.000002938626785,False
m4-v1,b09,2,1,True,0.000000470460029,True,0.000000023572992,0.000000000000008,0.000000000000002,0.000000494033027,True
m4-v1,b09,3,1,True,0.000000322848463,True,0.000000028892576,0.000000000000006,0.000000000000002,0.000000351741044,True
m4-v1,b09,2,2,False,0.000000652036997,True,0.000000065455158,0.000000000000010,0.000000000000002,0.000000717492164,True
m4-v1,b09,5,1,True,0.000000329771811,True,0.000000037094912,0.000000000000006,0.000000000000002,0.000000366866728,True
m4-v1,b09,7,1,True,0.000000295676710,True,0.000000043913666,0.000000000000005,0.000000000000002,0.000000339590380,True
m4-v1,b09,2,3,False,0.000000735666285,True,0.000000137730780,0.000000000000011,0.000000000000002,0.000000873397075,True
m4-v1,b09,3,2,False,0.000000624575112,True,0.000000097660077,0.000000000000010,0.000000000000002,0.000000722235198,True
m4-v1,b09,11,1,True,0.000000326799396,True,0.000000054453512,0.000000000000006,0.000000000000002,0.000000381252912,True
m4-v1,b09,13,1,True,0.000000299255853,True,0.000000059542754,0.000000000000006,0.000000000000002,0.000000358798611,True
m4-v1,b09,2,4,False,0.000001358564976,False,0.000000257877931,0.000000000000020,0.000000000000002,0.000001616442925,False
m4-v1,b09,17,1,True,0.000000344577814,True,0.000000067347311,0.000000000000006,0.000000000000002,0.000000411925129,True
m4-v1,b09,19,1,True,0.000000351653138,True,0.000000071203626,0.000000000000006,0.000000000000002,0.000000422856768,True
m4-v1,b09,23,1,True,0.000000365846218,True,0.000000078377188,0.000000000000006,0.000000000000002,0.000000444223411,True
m4-v1,b09,5,2,False,0.000000563549062,True,0.000000162241287,0.000000000000009,0.000000000000002,0.000000725790357,True
m4-v1,b09,3,3,False,0.000001128326807,False,0.000000256464494,0.000000000000017,0.000000000000002,0.000001384791316,False
m4-v1,b09,29,1,True,0.000000372601241,True,0.000000087229233,0.000000000000006,0.000000000000002,0.000000459830479,True
m4-v1,b09,31,1,True,0.000000386530070,True,0.000000090536301,0.000000000000007,0.000000000000002,0.000000477066376,True
m4-v1,b09,2,5,False,0.000001814849957,False,0.000000462026466,0.000000000000026,0.000000000000002,0.000002276876447,False
m4-v1,b09,37,1,True,0.000000294465728,True,0.000000100864909,0.000000000000005,0.000000000000002,0.000000395330641,True
m4-v1,b09,41,1,True,0.000000306280940,True,0.000000104213809,0.000000000000006,0.000000000000002,0.000000410494753,True
m4-v1,b09,43,1,True,0.000000398764698,True,0.000000107886157,0.000000000000007,0.000000000000002,0.000000506650860,True
m4-v1,b09,47,1,True,0.000000347838076,True,0.000000110478753,0.000000000000006,0.000000000000002,0.000000458316834,True
m4-v1,b09,7,2,False,0.000000867122915,True,0.000000231768743,0.000000000000013,0.000000000000002,0.000001098891670,False
m4-v1,b09,53,1,True,0.000000416966539,True,0.000000118020905,0.000000000000007,0.000000000000002,0.000000534987450,True
m4-v1,b09,59,1,False,0.000000356555610,True,0.000000123558524,0.000000000000006,0.000000000000002,0.000000480114139,True
m4-v1,b09,61,1,False,0.000000338943526,True,0.000000125027982,0.000000000000006,0.000000000000002,0.000000463971513,True
m4-v1,b09,2,6,False,0.000002262629577,False,0.000000765332561,0.000000000000031,0.000000000000002,0.000003027962168,False
m4-v1,b09,67,1,False,0.000000341841479,True,0.000000131128549,0.000000000000006,0.000000000000002,0.000000472970032,True
m4-v1,b09,71,1,False,0.000000465662828,True,0.000000137893082,0.000000000000008,0.000000000000002,0.000000603555916,True
m4-v1,b09,73,1,False,0.000000388607872,True,0.000000137962407,0.000000000000007,0.000000000000002,0.000000526570284,True
m4-v1,b09,79,1,False,0.000000390703559,True,0.000000143984981,0.000000000000007,0.000000000000002,0.000000534688545,True
m4-v1,b09,3,4,False,0.000001969955646,False,0.000000576783131,0.000000000000027,0.000000000000002,0.000002546738803,False
m4-v1,b09,83,1,False,0.000000442411009,True,0.000000149082250,0.000000000000007,0.000000000000002,0.000000591493264,True
m4-v1,b09,89,1,False,0.000000507783097,True,0.000000152672354,0.000000000000008,0.000000000000002,0.000000660455458,True
m4-v1,b09,97,1,False,0.000000465002073,True,0.000000168136717,0.000000000000007,0.000000000000002,0.000000633138795,True
m4-v1,b09,101,1,False,0.000000558888083,True,0.000000162500564,0.000000000000008,0.000000000000002,0.000000721388654,True
m4-v1,b09,103,1,False,0.000000555608885,True,0.000000165753124,0.000000000000008,0.000000000000002,0.000000721362016,True
m4-v1,b09,107,1,False,0.000000452181417,True,0.000000169057683,0.000000000000007,0.000000000000002,0.000000621239106,True
m4-v1,b09,109,1,False,0.000000481587109,True,0.000000167889891,0.000000000000007,0.000000000000002,0.000000649477005,True
m4-v1,b09,113,1,False,0.000000586216039,True,0.000000172804217,0.000000000000009,0.000000000000002,0.000000759020263,True
m4-v1,b09,11,2,False,0.000001219614828,False,0.000000351666420,0.000000000000014,0.000000000000002,0.000001571281260,False
m4-v1,b09,5,3,False,0.000002080002939,False,0.000000540165746,0.000000000000024,0.000000000000002,0.000002620168708,False
m4-v1,b09,127,1,False,0.000000854086427,True,0.000000179413915,0.000000000000009,0.000000000000002,0.000001033500349,False
m4-v1,b09,2,7,False,0.000005734579058,False,0.000001292109091,0.000000000000055,0.000000000000002,0.000007026688202,False
m4-v1,b09,131,1,False,0.000000906808872,True,0.000000183442275,0.000000000000008,0.000000000000002,0.000001090251154,False
m4-v1,b09,137,1,False,0.000001623766650,False,0.000000191122340,0.000000000000009,0.000000000000002,0.000001814888997,False
m4-v1,b09,139,1,False,0.000001119391283,False,0.000000193801274,0.000000000000009,0.000000000000002,0.000001313192564,False
m4-v1,b10,2,1,True,0.000000406277283,True,0.000000023788310,0.000000000000007,0.000000000000002,0.000000430065598,True
m4-v1,b10,3,1,True,0.000000368247511,True,0.000000029134174,0.000000000000006,0.000000000000002,0.000000397381690,True
m4-v1,b10,2,2,False,0.000000635180243,True,0.000000066269534,0.000000000000010,0.000000000000002,0.000000701449785,True
m4-v1,b10,5,1,True,0.000000265833432,True,0.000000037437553,0.000000000000005,0.000000000000002,0.000000303270989,True
m4-v1,b10,7,1,True,0.000000248562323,True,0.000000044141164,0.000000000000005,0.000000000000002,0.000000292703490,True
m4-v1,b10,2,3,False,0.000000958774187,True,0.000000139323329,0.000000000000014,0.000000000000002,0.000001098097529,False
m4-v1,b10,3,2,False,0.000000653862354,True,0.000000098647309,0.000000000000010,0.000000000000002,0.000000752509672,True
m4-v1,b10,11,1,True,0.000000318610205,True,0.000000055139223,0.000000000000006,0.000000000000002,0.000000373749432,True
m4-v1,b10,13,1,True,0.000000288011827,True,0.000000059458630,0.000000000000005,0.000000000000002,0.000000347470461,True
m4-v1,b10,2,4,False,0.000001404221345,False,0.000000264726653,0.000000000000020,0.000000000000002,0.000001668948017,False
m4-v1,b10,17,1,True,0.000000273707326,True,0.000000068125721,0.000000000000005,0.000000000000002,0.000000341833050,True
m4-v1,b10,19,1,True,0.000000278369438,True,0.000000071755838,0.000000000000005,0.000000000000002,0.000000350125280,True
m4-v1,b10,23,1,True,0.000000367854007,True,0.000000078964370,0.000000000000006,0.000000000000002,0.000000446818382,True
m4-v1,b10,5,2,False,0.000000645624798,True,0.000000163141169,0.000000000000010,0.000000000000002,0.000000808765975,True
m4-v1,b10,3,3,False,0.000000899779237,True,0.000000257547777,0.000000000000013,0.000000000000002,0.000001157327026,False
m4-v1,b10,29,1,True,0.000000384940671,True,0.000000089354175,0.000000000000007,0.000000000000002,0.000000474294851,True
m4-v1,b10,31,1,True,0.000000312409194,True,0.000000091692695,0.000000000000006,0.000000000000002,0.000000404101893,True
m4-v1,b10,2,5,False,0.000002001370828,False,0.000000468391082,0.000000000000028,0.000000000000002,0.000002469761937,False
m4-v1,b10,37,1,True,0.000000335460049,True,0.000000099508524,0.000000000000006,0.000000000000002,0.000000434968577,True
m4-v1,b10,41,1,True,0.000000306319000,True,0.000000105246292,0.000000000000005,0.000000000000002,0.000000411565296,True
m4-v1,b10,43,1,True,0.000000350329255,True,0.000000106480883,0.000000000000006,0.000000000000002,0.000000456810142,True
m4-v1,b10,47,1,True,0.000000386199986,True,0.000000111978682,0.000000000000007,0.000000000000002,0.000000498178673,True
m4-v1,b10,7,2,False,0.000000703668443,True,0.000000230706670,0.000000000000011,0.000000000000002,0.000000934375122,True
m4-v1,b10,53,1,True,0.000000328436649,True,0.000000120249702,0.000000000000006,0.000000000000002,0.000000448686356,True
m4-v1,b10,59,1,False,0.000000444373501,True,0.000000124412023,0.000000000000007,0.000000000000002,0.000000568785530,True
m4-v1,b10,61,1,False,0.000000456057995,True,0.000000126686248,0.000000000000007,0.000000000000002,0.000000582744249,True
m4-v1,b10,2,6,False,0.000002805436495,False,0.000000778726486,0.000000000000038,0.000000000000002,0.000003584163017,False
m4-v1,b10,67,1,False,0.000000399817333,True,0.000000133618892,0.000000000000007,0.000000000000002,0.000000533436230,True
m4-v1,b10,71,1,False,0.000000488860937,True,0.000000139683622,0.000000000000008,0.000000000000002,0.000000628544565,True
m4-v1,b10,73,1,False,0.000000388544407,True,0.000000142372207,0.000000000000006,0.000000000000002,0.000000530916619,True
m4-v1,b10,79,1,False,0.000000510171823,True,0.000000147666225,0.000000000000008,0.000000000000002,0.000000657838055,True
m4-v1,b10,3,4,False,0.000001924016849,False,0.000000584811077,0.000000000000026,0.000000000000002,0.000002508827951,False
m4-v1,b10,83,1,False,0.000000525193487,True,0.000000146305625,0.000000000000008,0.000000000000002,0.000000671499118,True
m4-v1,b10,89,1,False,0.000000483182369,True,0.000000156615173,0.000000000000008,0.000000000000002,0.000000639797549,True
m4-v1,b10,97,1,False,0.000000554114672,True,0.000000159590568,0.000000000000008,0.000000000000002,0.000000713705247,True
m4-v1,b10,101,1,False,0.000000460174702,True,0.000000172035575,0.000000000000007,0.000000000000002,0.000000632210283,True
m4-v1,b10,103,1,False,0.000000574505593,True,0.000000167290564,0.000000000000009,0.000000000000002,0.000000741796164,True
m4-v1,b10,107,1,False,0.000000568543998,True,0.000000170695330,0.000000000000008,0.000000000000002,0.000000739239335,True
m4-v1,b10,109,1,False,0.000000452088966,True,0.000000171548440,0.000000000000007,0.000000000000002,0.000000623637411,True
m4-v1,b10,113,1,False,0.000000555583039,True,0.000000174844335,0.000000000000008,0.000000000000002,0.000000730427381,True
m4-v1,b10,11,2,False,0.000001359160199,False,0.000000361053707,0.000000000000016,0.000000000000002,0.000001720213921,False
m4-v1,b10,5,3,False,0.000002127524402,False,0.000000555249863,0.000000000000022,0.000000000000002,0.000002682774285,False
m4-v1,b10,127,1,False,0.000000682280053,True,0.000000185632795,0.000000000000007,0.000000000000002,0.000000867912853,True
m4-v1,b10,2,7,False,0.000005331771987,False,0.000001286032825,0.000000000000051,0.000000000000002,0.000006617804862,False
m4-v1,b10,131,1,False,0.000000936971786,True,0.000000185789570,0.000000000000009,0.000000000000002,0.000001122761363,False
m4-v1,b10,137,1,False,0.000001034984620,False,0.000000189873404,0.000000000000009,0.000000000000002,0.000001224858031,False
m4-v1,b10,139,1,False,0.000001268123727,False,0.000000189731003,0.000000000000009,0.000000000000002,0.000001457854738,False
m4-v2,c01,2,1,True,0.000000500210230,True,0.000000023958938,0.000000000000008,0.000000000000002,0.000000524169174,True
m4-v2,c01,3,1,True,0.000000395085180,True,0.000000029316320,0.000000000000007,0.000000000000002,0.000000424401506,True
m4-v2,c01,2,2,False,0.000000673812793,True,0.000000066669064,0.000000000000010,0.000000000000002,0.000000740481866,True
m4-v2,c01,5,1,True,0.000000332707547,True,0.000000037601746,0.000000000000006,0.000000000000002,0.000000370309298,True
m4-v2,c01,7,1,True,0.000000340552088,True,0.000000044374491,0.000000000000006,0.000000000000002,0.000000384926583,True
m4-v2,c01,2,3,False,0.000000837593107,True,0.000000140494679,0.000000000000012,0.000000000000002,0.000000978087797,True
m4-v2,c01,3,2,False,0.000000513276369,True,0.000000099090933,0.000000000000008,0.000000000000002,0.000000612367308,True
m4-v2,c01,11,1,True,0.000000253745587,True,0.000000055203374,0.000000000000005,0.000000000000002,0.000000308948964,True
m4-v2,c01,13,1,True,0.000000339355162,True,0.000000060200323,0.000000000000006,0.000000000000002,0.000000399555490,True
m4-v2,c01,2,4,False,0.000001453268096,False,0.000000263026220,0.000000000000020,0.000000000000002,0.000001716294335,False
m4-v2,c01,17,1,True,0.000000342554910,True,0.000000068753515,0.000000000000006,0.000000000000002,0.000000411308429,True
m4-v2,c01,19,1,True,0.000000372159705,True,0.000000072418235,0.000000000000006,0.000000000000002,0.000000444577945,True
m4-v2,c01,23,1,True,0.000000377375916,True,0.000000079755666,0.000000000000006,0.000000000000002,0.000000457131587,True
m4-v2,c01,5,2,False,0.000000773029066,True,0.000000164386574,0.000000000000011,0.000000000000002,0.000000937415649,True
m4-v2,c01,3,3,False,0.000001189390385,False,0.000000260429006,0.000000000000017,0.000000000000002,0.000001449819406,False
m4-v2,c01,29,1,True,0.000000357417366,True,0.000000090660204,0.000000000000006,0.000000000000002,0.000000448077575,True
m4-v2,c01,31,1,True,0.000000345858066,True,0.000000092449374,0.000000000000006,0.000000000000002,0.000000438307445,True
m4-v2,c01,2,5,False,0.000001773802084,False,0.000000468762705,0.000000000000024,0.000000000000002,0.000002242564812,False
m4-v2,c01,37,1,True,0.000000397164479,True,0.000000102936457,0.000000000000007,0.000000000000002,0.000000500100942,True
m4-v2,c01,41,1,True,0.000000430721371,True,0.000000106271213,0.000000000000007,0.000000000000002,0.000000536992590,True
m4-v2,c01,43,1,True,0.000000333161700,True,0.000000109254682,0.000000000000006,0.000000000000002,0.000000442416386,True
m4-v2,c01,47,1,True,0.000000450707959,True,0.000000115655573,0.000000000000007,0.000000000000002,0.000000566363538,True
m4-v2,c01,7,2,False,0.000000670095271,True,0.000000227672729,0.000000000000010,0.000000000000002,0.000000897768009,True
m4-v2,c01,53,1,False,0.000000410197002,True,0.000000118183715,0.000000000000007,0.000000000000002,0.000000528380722,True
m4-v2,c01,59,1,False,0.000000463340801,True,0.000000127585312,0.000000000000007,0.000000000000002,0.000000590926119,True
m4-v2,c01,61,1,False,0.000000465799671,True,0.000000128964022,0.000000000000007,0.000000000000002,0.000000594763699,True
m4-v2,c01,2,6,False,0.000002674022896,False,0.000000798788818,0.000000000000035,0.000000000000002,0.000003472811748,False
m4-v2,c01,67,1,False,0.000000408620964,True,0.000000135577769,0.000000000000007,0.000000000000002,0.000000544198739,True
m4-v2,c01,71,1,False,0.000000458212718,True,0.000000139052657,0.000000000000007,0.000000000000002,0.000000597265380,True
m4-v2,c01,73,1,False,0.000000435258478,True,0.000000140662708,0.000000000000007,0.000000000000002,0.000000575921192,True
m4-v2,c01,79,1,False,0.000000478345892,True,0.000000146060458,0.000000000000008,0.000000000000002,0.000000624406356,True
m4-v2,c01,3,4,False,0.000001688526119,False,0.000000577829610,0.000000000000022,0.000000000000002,0.000002266355749,False
m4-v2,c01,83,1,False,0.000000515402673,True,0.000000151225987,0.000000000000008,0.000000000000002,0.000000666628667,True
m4-v2,c01,89,1,False,0.000000507883364,True,0.000000156071980,0.000000000000008,0.000000000000002,0.000000663955350,True
m4-v2,c01,97,1,False,0.000000571418152,True,0.000000163172009,0.000000000000009,0.000000000000002,0.000000734590168,True
m4-v2,c01,101,1,False,0.000000578859034,True,0.000000164414300,0.000000000000009,0.000000000000002,0.000000743273341,True
m4-v2,c01,103,1,False,0.000000590974183,True,0.000000168819227,0.000000000000009,0.000000000000002,0.000000759793417,True
m4-v2,c01,107,1,False,0.000000512395201,True,0.000000171223426,0.000000000000008,0.000000000000002,0.000000683618633,True
m4-v2,c01,109,1,False,0.000000593784846,True,0.000000172128993,0.000000000000009,0.000000000000002,0.000000765913846,True
m4-v2,c01,113,1,False,0.000000479009385,True,0.000000176379416,0.000000000000007,0.000000000000002,0.000000655388807,True
m4-v2,c01,11,2,False,0.000001085410906,False,0.000000357248746,0.000000000000013,0.000000000000002,0.000001442659664,False
m4-v2,c01,5,3,False,0.000001767356873,False,0.000000536538680,0.000000000000019,0.000000000000002,0.000002303895571,False
m4-v2,c01,127,1,False,0.000000787852504,True,0.000000187583267,0.000000000000009,0.000000000000002,0.000000975435778,True
m4-v2,c01,2,7,False,0.000005694723031,False,0.000001334852590,0.000000000000055,0.000000000000002,0.000007029575675,False
m4-v2,c01,131,1,False,0.000000883661409,True,0.000000189297960,0.000000000000009,0.000000000000002,0.000001072959376,False
m4-v2,c01,137,1,False,0.000001313381052,False,0.000000194076106,0.000000000000009,0.000000000000002,0.000001507457165,False
m4-v2,c01,139,1,False,0.000001539426210,False,0.000000191050098,0.000000000000008,0.000000000000002,0.000001730476314,False
m4-v2,c02,2,1,True,0.000000522415489,True,0.000000024117074,0.000000000000008,0.000000000000002,0.000000546532570,True
m4-v2,c02,3,1,True,0.000000323935949,True,0.000000029609638,0.000000000000006,0.000000000000002,0.000000353545591,True
m4-v2,c02,2,2,False,0.000000601134212,True,0.000000067121474,0.000000000000009,0.000000000000002,0.000000668255694,True
m4-v2,c02,5,1,True,0.000000332001091,True,0.000000037950113,0.000000000000006,0.000000000000002,0.000000369951208,True
m4-v2,c02,7,1,True,0.000000350083247,True,0.000000044723842,0.000000000000006,0.000000000000002,0.000000394807093,True
m4-v2,c02,2,3,False,0.000001022126058,False,0.000000141817623,0.000000000000015,0.000000000000002,0.000001163943695,False
m4-v2,c02,3,2,False,0.000000613727666,True,0.000000100786229,0.000000000000009,0.000000000000002,0.000000714513903,True
m4-v2,c02,11,1,True,0.000000280709591,True,0.000000055906841,0.000000000000005,0.000000000000002,0.000000336616436,True
m4-v2,c02,13,1,True,0.000000362264486,True,0.000000060665131,0.000000000000006,0.000000000000002,0.000000422929621,True
m4-v2,c02,2,4,False,0.000001326148764,False,0.000000262775541,0.000000000000018,0.000000000000002,0.000001588924322,False
m4-v2,c02,17,1,True,0.000000358403912,True,0.000000069214038,0.000000000000006,0.000000000000002,0.000000427617955,True
m4-v2,c02,19,1,True,0.000000278274284,True,0.000000073061527,0.000000000000005,0.000000000000002,0.000000351335814,True
m4-v2,c02,23,1,True,0.000000385850737,True,0.000000080266021,0.000000000000006,0.000000000000002,0.000000466116763,True
m4-v2,c02,5,2,False,0.000000805140965,True,0.000000166410744,0.000000000000012,0.000000000000002,0.000000971551719,True
m4-v2,c02,3,3,False,0.000001141621128,False,0.000000262991369,0.000000000000016,0.000000000000002,0.000001404612511,False
m4-v2,c02,29,1,True,0.000000393855616,True,0.000000090196192,0.000000000000006,0.000000000000002,0.000000484051813,True
m4-v2,c02,31,1,True,0.000000409549940,True,0.000000093420646,0.000000000000007,0.000000000000002,0.000000502970591,True
m4-v2,c02,2,5,False,0.000001962865804,False,0.000000475276821,0.000000000000026,0.000000000000002,0.000002438142649,False
m4-v2,c02,37,1,True,0.000000430652764,True,0.000000101295569,0.000000000000007,0.000000000000002,0.000000531948339,True
m4-v2,c02,41,1,True,0.000000432679637,True,0.000000106802893,0.000000000000007,0.000000000000002,0.000000539482536,True
m4-v2,c02,43,1,True,0.000000451859897,True,0.000000108887490,0.000000000000007,0.000000000000002,0.000000560747392,True
m4-v2,c02,47,1,True,0.000000465010494,True,0.000000112565784,0.000000000000007,0.000000000000002,0.000000577576284,True
m4-v2,c02,7,2,False,0.000000678122264,True,0.000000233147366,0.000000000000010,0.000000000000002,0.000000911269638,True
m4-v2,c02,53,1,True,0.000000413603961,True,0.000000119130005,0.000000000000007,0.000000000000002,0.000000532733971,True
m4-v2,c02,59,1,False,0.000000464737481,True,0.000000127548736,0.000000000000007,0.000000000000002,0.000000592286223,True
m4-v2,c02,61,1,False,0.000000478719318,True,0.000000130246363,0.000000000000007,0.000000000000002,0.000000608965687,True
m4-v2,c02,2,6,False,0.000002879238925,False,0.000000802966265,0.000000000000037,0.000000000000002,0.000003682205226,False
m4-v2,c02,67,1,False,0.000000444243391,True,0.000000136497751,0.000000000000007,0.000000000000002,0.000000580741148,True
m4-v2,c02,71,1,False,0.000000430413149,True,0.000000139056714,0.000000000000007,0.000000000000002,0.000000569469869,True
m4-v2,c02,73,1,False,0.000000410648829,True,0.000000139946421,0.000000000000007,0.000000000000002,0.000000550595255,True
m4-v2,c02,79,1,False,0.000000439791977,True,0.000000147058455,0.000000000000007,0.000000000000002,0.000000586850437,True
m4-v2,c02,3,4,False,0.000002126904346,False,0.000000605932289,0.000000000000028,0.000000000000002,0.000002732836661,False
m4-v2,c02,83,1,False,0.000000536668086,True,0.000000152855082,0.000000000000008,0.000000000000002,0.000000689523174,True
m4-v2,c02,89,1,False,0.000000440961946,True,0.000000153948280,0.000000000000007,0.000000000000002,0.000000594910231,True
m4-v2,c02,97,1,False,0.000000577154952,True,0.000000160500814,0.000000000000009,0.000000000000002,0.000000737655773,True
m4-v2,c02,101,1,False,0.000000586451012,True,0.000000162989759,0.000000000000009,0.000000000000002,0.000000749440778,True
m4-v2,c02,103,1,False,0.000000531891668,True,0.000000170360296,0.000000000000008,0.000000000000002,0.000000702251970,True
m4-v2,c02,107,1,False,0.000000606751460,True,0.000000175871928,0.000000000000009,0.000000000000002,0.000000782623395,True
m4-v2,c02,109,1,False,0.000000606420570,True,0.000000172338072,0.000000000000009,0.000000000000002,0.000000778758649,True
m4-v2,c02,113,1,False,0.000000515332832,True,0.000000174794628,0.000000000000007,0.000000000000002,0.000000690127466,True
m4-v2,c02,11,2,False,0.000001246830853,False,0.000000367769624,0.000000000000014,0.000000000000002,0.000001614600490,False
m4-v2,c02,5,3,False,0.000002118260543,False,0.000000552582505,0.000000000000022,0.000000000000002,0.000002670843069,False
m4-v2,c02,127,1,False,0.000000711132607,True,0.000000182541776,0.000000000000009,0.000000000000002,0.000000893674390,True
m4-v2,c02,2,7,False,0.000004705851367,False,0.000001307510668,0.000000000000049,0.000000000000002,0.000006013362082,False
m4-v2,c02,131,1,False,0.000000785584653,True,0.000000190200888,0.000000000000009,0.000000000000002,0.000000975785549,True
m4-v2,c02,137,1,False,0.000000991763750,True,0.000000191192434,0.000000000000009,0.000000000000002,0.000001182956192,False
m4-v2,c02,139,1,False,0.000001542788213,False,0.000000191850550,0.000000000000008,0.000000000000002,0.000001734638770,False
m4-v2,c03,2,1,True,0.000000490009087,True,0.000000024279494,0.000000000000008,0.000000000000002,0.000000514288587,True
m4-v2,c03,3,1,True,0.000000408310071,True,0.000000029722574,0.000000000000007,0.000000000000002,0.000000438032650,True
m4-v2,c03,2,2,False,0.000000758096432,True,0.000000067485473,0.000000000000011,0.000000000000002,0.000000825581914,True
m4-v2,c03,5,1,True,0.000000293844401,True,0.000000038204396,0.000000000000005,0.000000000000002,0.000000332048801,True
m4-v2,c03,7,1,True,0.000000330287232,True,0.000000045066940,0.000000000000006,0.000000000000002,0.000000375354176,True
m4-v2,c03,2,3,False,0.000001024943323,False,0.000000141737216,0.000000000000014,0.000000000000002,0.000001166680552,False
m4-v2,c03,3,2,False,0.000000648128079,True,0.000000100647658,0.000000000000010,0.000000000000002,0.000000748775745,True
m4-v2,c03,11,1,True,0.000000354539962,True,0.000000056286300,0.000000000000006,0.000000000000002,0.000000410826267,True
m4-v2,c03,13,1,True,0.000000359646726,True,0.000000060920128,0.000000000000006,0.000000000000002,0.000000420566859,True
m4-v2,c03,2,4,False,0.000001199056240,False,0.000000269851230,0.000000000000016,0.000000000000002,0.000001468907485,False
m4-v2,c03,17,1,True,0.000000312664750,True,0.000000069403474,0.000000000000005,0.000000000000002,0.000000382068228,True
m4-v2,c03,19,1,True,0.000000317540654,True,0.000000073998431,0.000000000000005,0.000000000000002,0.000000391539089,True
m4-v2,c03,23,1,True,0.000000376700902,True,0.000000080394858,0.000000000000006,0.000000000000002,0.000000457095764,True
m4-v2,c03,5,2,False,0.000000724536862,True,0.000000167850688,0.000000000000011,0.000000000000002,0.000000892387559,True
m4-v2,c03,3,3,False,0.000001101603690,False,0.000000261252325,0.000000000000015,0.000000000000002,0.000001362856029,False
m4-v2,c03,29,1,True,0.000000364733571,True,0.000000089512510,0.000000000000006,0.000000000000002,0.000000454246086,True
m4-v2,c03,31,1,True,0.000000396315252,True,0.000000093425648,0.000000000000006,0.000000000000002,0.000000489740905,True
m4-v2,c03,2,5,False,0.000001871208158,False,0.000000478303060,0.000000000000025,0.000000000000002,0.000002349511241,False
m4-v2,c03,37,1,True,0.000000393329249,True,0.000000104560197,0.000000000000006,0.000000000000002,0.000000497889451,True
m4-v2,c03,41,1,True,0.000000393114278,True,0.000000107299548,0.000000000000006,0.000000000000002,0.000000500413831,True
m4-v2,c03,43,1,True,0.000000452893085,True,0.000000109674255,0.000000000000007,0.000000000000002,0.000000562567345,True
m4-v2,c03,47,1,True,0.000000474373599,True,0.000000114082662,0.000000000000007,0.000000000000002,0.000000588456267,True
m4-v2,c03,7,2,False,0.000000963424332,True,0.000000234853685,0.000000000000013,0.000000000000002,0.000001198278029,False
m4-v2,c03,53,1,False,0.000000479211716,True,0.000000121775295,0.000000000000007,0.000000000000002,0.000000600987017,True
m4-v2,c03,59,1,False,0.000000504071490,True,0.000000127911903,0.000000000000008,0.000000000000002,0.000000631983399,True
m4-v2,c03,61,1,False,0.000000509308628,True,0.000000131775759,0.000000000000008,0.000000000000002,0.000000641084393,True
m4-v2,c03,2,6,False,0.000003057392163,False,0.000000772820732,0.000000000000039,0.000000000000002,0.000003830212933,False
m4-v2,c03,67,1,False,0.000000454337415,True,0.000000136396023,0.000000000000007,0.000000000000002,0.000000590733444,True
m4-v2,c03,71,1,False,0.000000535163091,True,0.000000141166051,0.000000000000008,0.000000000000002,0.000000676329148,True
m4-v2,c03,73,1,False,0.000000497860078,True,0.000000143693621,0.000000000000008,0.000000000000002,0.000000641553705,True
m4-v2,c03,79,1,False,0.000000542079051,True,0.000000148594912,0.000000000000008,0.000000000000002,0.000000690673970,True
m4-v2,c03,3,4,False,0.000002213986948,False,0.000000594737583,0.000000000000028,0.000000000000002,0.000002808724558,False
m4-v2,c03,83,1,False,0.000000560082605,True,0.000000153942138,0.000000000000008,0.000000000000002,0.000000714024750,True
m4-v2,c03,89,1,False,0.000000542571608,True,0.000000154114341,0.000000000000008,0.000000000000002,0.000000696685956,True
m4-v2,c03,97,1,False,0.000000596738817,True,0.000000163814154,0.000000000000009,0.000000000000002,0.000000760552978,True
m4-v2,c03,101,1,False,0.000000606249003,True,0.000000169251969,0.000000000000009,0.000000000000002,0.000000775500979,True
m4-v2,c03,103,1,False,0.000000588012392,True,0.000000167630164,0.000000000000008,0.000000000000002,0.000000755642563,True
m4-v2,c03,107,1,False,0.000000556778614,True,0.000000172434787,0.000000000000008,0.000000000000002,0.000000729213408,True
m4-v2,c03,109,1,False,0.000000618678345,True,0.000000175098644,0.000000000000009,0.000000000000002,0.000000793776996,True
m4-v2,c03,113,1,False,0.000000588924647,True,0.000000177104550,0.000000000000008,0.000000000000002,0.000000766029204,True
m4-v2,c03,11,2,False,0.000001449188193,False,0.000000371929347,0.000000000000016,0.000000000000002,0.000001821117555,False
m4-v2,c03,5,3,False,0.000002339753201,False,0.000000553979948,0.000000000000023,0.000000000000002,0.000002893733171,False
m4-v2,c03,127,1,False,0.000000774518131,True,0.000000188395239,0.000000000000009,0.000000000000002,0.000000962913377,True
m4-v2,c03,2,7,False,0.000005751599035,False,0.000001335720385,0.000000000000056,0.000000000000002,0.000007087319474,False
m4-v2,c03,131,1,False,0.000000835526128,True,0.000000192577271,0.000000000000009,0.000000000000002,0.000001028103407,False
m4-v2,c03,137,1,False,0.000001240804701,False,0.000000193416415,0.000000000000007,0.000000000000002,0.000001434221121,False
m4-v2,c03,139,1,False,0.000001671366246,False,0.000000197256949,0.000000000000009,0.000000000000002,0.000001868623203,False
m4-v2,c04,2,1,True,0.000000532522986,True,0.000000024436041,0.000000000000008,0.000000000000002,0.000000556959033,True
m4-v2,c04,3,1,True,0.000000385887780,True,0.000000029983502,0.000000000000006,0.000000000000002,0.000000415871287,True
m4-v2,c04,2,2,False,0.000000739285101,True,0.000000068069893,0.000000000000011,0.000000000000002,0.000000807355003,True
m4-v2,c04,5,1,True,0.000000304446432,True,0.000000038384344,0.000000000000005,0.000000000000002,0.000000342830780,True
m4-v2,c04,7,1,True,0.000000362194311,True,0.000000045177411,0.000000000000006,0.000000000000002,0.000000407371726,True
m4-v2,c04,2,3,False,0.000000832631165,True,0.000000143505808,0.000000000000012,0.000000000000002,0.000000976136983,True
m4-v2,c04,3,2,False,0.000000733198509,True,0.000000102492427,0.000000000000011,0.000000000000002,0.000000835690945,True
m4-v2,c04,11,1,True,0.000000370426580,True,0.000000056448204,0.000000000000006,0.000000000000002,0.000000426874788,True
m4-v2,c04,13,1,True,0.000000371599016,True,0.000000061386131,0.000000000000006,0.000000000000002,0.000000432985152,True
m4-v2,c04,2,4,False,0.000001535258488,False,0.000000268426950,0.000000000000020,0.000000000000002,0.000001803685457,False
m4-v2,c04,17,1,True,0.000000316230789,True,0.000000070046713,0.000000000000005,0.000000000000002,0.000000386277506,True
m4-v2,c04,19,1,True,0.000000361449167,True,0.000000074399806,0.000000000000006,0.000000000000002,0.000000435848977,True
m4-v2,c04,23,1,True,0.000000412176926,True,0.000000081000507,0.000000000000007,0.000000000000002,0.000000493177438,True
m4-v2,c04,5,2,False,0.000000755947534,True,0.000000167919253,0.000000000000011,0.000000000000002,0.000000923866796,True
m4-v2,c04,3,3,False,0.000001232685454,False,0.000000263281467,0.000000000000017,0.000000000000002,0.000001495966936,False
m4-v2,c04,29,1,True,0.000000324344659,True,0.000000090216877,0.000000000000005,0.000000000000002,0.000000414561540,True
m4-v2,c04,31,1,True,0.000000391144771,True,0.000000093989033,0.000000000000006,0.000000000000002,0.000000485133809,True
m4-v2,c04,2,5,False,0.000002061261629,False,0.000000480433283,0.000000000000027,0.000000000000002,0.000002541694937,False
m4-v2,c04,37,1,True,0.000000444373802,True,0.000000102033888,0.000000000000007,0.000000000000002,0.000000546407696,True
m4-v2,c04,41,1,True,0.000000369567777,True,0.000000108105700,0.000000000000006,0.000000000000002,0.000000477673481,True
m4-v2,c04,43,1,True,0.000000396787435,True,0.000000112300088,0.000000000000006,0.000000000000002,0.000000509087528,True
m4-v2,c04,47,1,True,0.000000470666533,True,0.000000116364938,0.000000000000007,0.000000000000002,0.000000587031477,True
m4-v2,c04,7,2,False,0.000000864641546,True,0.000000231676124,0.000000000000012,0.000000000000002,0.000001096317680,False
m4-v2,c04,53,1,False,0.000000499447617,True,0.000000123481443,0.000000000000008,0.000000000000002,0.000000622929066,True
m4-v2,c04,59,1,False,0.000000516726795,True,0.000000128462354,0.000000000000008,0.000000000000002,0.000000645189155,True
m4-v2,c04,61,1,False,0.000000468064350,True,0.000000129920052,0.000000000000007,0.000000000000002,0.000000597984408,True
m4-v2,c04,2,6,False,0.000002561414392,False,0.000000813617693,0.000000000000032,0.000000000000002,0.000003375032116,False
m4-v2,c04,67,1,False,0.000000536443455,True,0.000000137006096,0.000000000000008,0.000000000000002,0.000000673449557,True
m4-v2,c04,71,1,False,0.000000519808877,True,0.000000142741409,0.000000000000008,0.000000000000002,0.000000662550292,True
m4-v2,c04,73,1,False,0.000000530736032,True,0.000000144118211,0.000000000000008,0.000000000000002,0.000000674854250,True
m4-v2,c04,79,1,False,0.000000482938100,True,0.000000149986368,0.000000000000007,0.000000000000002,0.000000632924474,True
m4-v2,c04,3,4,False,0.000001845392396,False,0.000000628777662,0.000000000000023,0.000000000000002,0.000002474170080,False
m4-v2,c04,83,1,False,0.000000576265609,True,0.000000153350829,0.000000000000008,0.000000000000002,0.000000729616445,True
m4-v2,c04,89,1,False,0.000000456759795,True,0.000000157444494,0.000000000000007,0.000000000000002,0.000000614204294,True
m4-v2,c04,97,1,False,0.000000521236282,True,0.000000165848374,0.000000000000007,0.000000000000002,0.000000687084662,True
m4-v2,c04,101,1,False,0.000000614859126,True,0.000000170237066,0.000000000000009,0.000000000000002,0.000000785096200,True
m4-v2,c04,103,1,False,0.000000610319264,True,0.000000169520339,0.000000000000009,0.000000000000002,0.000000779839610,True
m4-v2,c04,107,1,False,0.000000497424527,True,0.000000172806168,0.000000000000007,0.000000000000002,0.000000670230701,True
m4-v2,c04,109,1,False,0.000000527917913,True,0.000000176580633,0.000000000000007,0.000000000000002,0.000000704498551,True
m4-v2,c04,113,1,False,0.000000602750507,True,0.000000179664001,0.000000000000008,0.000000000000002,0.000000782414514,True
m4-v2,c04,11,2,False,0.000001231087729,False,0.000000367216452,0.000000000000014,0.000000000000002,0.000001598304194,False
m4-v2,c04,5,3,False,0.000002019582976,False,0.000000556405151,0.000000000000024,0.000000000000002,0.000002575988149,False
m4-v2,c04,127,1,False,0.000000745063715,True,0.000000190924001,0.000000000000008,0.000000000000002,0.000000935987722,True
m4-v2,c04,2,7,False,0.000005509044817,False,0.000001353009223,0.000000000000057,0.000000000000002,0.000006862054096,False
m4-v2,c04,131,1,False,0.000000882214174,True,0.000000189755047,0.000000000000008,0.000000000000002,0.000001071969228,False
m4-v2,c04,137,1,False,0.000001760611484,False,0.000000198763514,0.000000000000008,0.000000000000002,0.000001959375004,False
m4-v2,c04,139,1,False,0.000003427281214,False,0.000000198540189,0.000000000000009,0.000000000000002,0.000003625821411,False
m4-v2,c05,2,1,True,0.000000558868286,True,0.000000024545145,0.000000000000008,0.000000000000002,0.000000583413438,True
m4-v2,c05,3,1,True,0.000000400063389,True,0.000000030042173,0.000000000000006,0.000000000000002,0.000000430105567,True
m4-v2,c05,2,2,False,0.000000636490077,True,0.000000068373648,0.000000000000009,0.000000000000002,0.000000704863733,True
m4-v2,c05,5,1,True,0.000000369642658,True,0.000000038579943,0.000000000000006,0.000000000000002,0.000000408222605,True
m4-v2,c05,7,1,True,0.000000331263556,True,0.000000045552918,0.000000000000006,0.000000000000002,0.000000376816478,True
m4-v2,c05,2,3,False,0.000001096358528,False,0.000000144226834,0.000000000000015,0.000000000000002,0.000001240585376,False
m4-v2,c05,3,2,False,0.000000749503693,True,0.000000101848067,0.000000000000011,0.000000000000002,0.000000851351769,True
m4-v2,c05,11,1,True,0.000000288918069,True,0.000000056646225,0.000000000000005,0.000000000000002,0.000000345564297,True
m4-v2,c05,13,1,True,0.000000342321136,True,0.000000061821565,0.000000000000006,0.000000000000002,0.000000404142705,True
m4-v2,c05,2,4,False,0.000001400259233,False,0.000000268782153,0.000000000000018,0.000000000000002,0.000001669041403,False
m4-v2,c05,17,1,True,0.000000370536373,True,0.000000070630070,0.000000000000006,0.000000000000002,0.000000441166447,True
m4-v2,c05,19,1,True,0.000000394872024,True,0.000000074496691,0.000000000000006,0.000000000000002,0.000000469368720,True
m4-v2,c05,23,1,True,0.000000419577508,True,0.000000081680170,0.000000000000007,0.000000000000002,0.000000501257683,True
m4-v2,c05,5,2,False,0.000000826570990,True,0.000000168346438,0.000000000000012,0.000000000000002,0.000000994917438,True
m4-v2,c05,3,3,False,0.000001209681110,False,0.000000264211576,0.000000000000016,0.000000000000002,0.000001473892700,False
m4-v2,c05,29,1,True,0.000000395481933,True,0.000000091195919,0.000000000000006,0.000000000000002,0.000000486677857,True
m4-v2,c05,31,1,True,0.000000447334568,True,0.000000094531285,0.000000000000007,0.000000000000002,0.000000541865859,True
m4-v2,c05,2,5,False,0.000002124114471,False,0.000000480542175,0.000000000000027,0.000000000000002,0.000002604656672,False
m4-v2,c05,37,1,True,0.000000433455337,True,0.000000105991365,0.000000000000007,0.000000000000002,0.000000539446708,True
m4-v2,c05,41,1,True,0.000000390641652,True,0.000000108400079,0.000000000000006,0.000000000000002,0.000000499041735,True
m4-v2,c05,43,1,True,0.000000476595356,True,0.000000110225309,0.000000000000007,0.000000000000002,0.000000586820671,True
m4-v2,c05,47,1,True,0.000000481206975,True,0.000000115677816,0.000000000000007,0.000000000000002,0.000000596884797,True
m4-v2,c05,7,2,False,0.000000985631832,True,0.000000236059999,0.000000000000013,0.000000000000002,0.000001221691843,False
m4-v2,c05,53,1,False,0.000000494984975,True,0.000000121512454,0.000000000000007,0.000000000000002,0.000000616497435,True
m4-v2,c05,59,1,False,0.000000527909148,True,0.000000127548870,0.000000000000008,0.000000000000002,0.000000655458024,True
m4-v2,c05,61,1,False,0.000000526527152,True,0.000000134713929,0.000000000000008,0.000000000000002,0.000000661241088,True
m4-v2,c05,2,6,False,0.000003042900016,False,0.000000820694240,0.000000000000038,0.000000000000002,0.000003863594293,False
m4-v2,c05,67,1,False,0.000000507317740,True,0.000000140865037,0.000000000000008,0.000000000000002,0.000000648182783,True
m4-v2,c05,71,1,False,0.000000549613994,True,0.000000141296986,0.000000000000008,0.000000000000002,0.000000690910987,True
m4-v2,c05,73,1,False,0.000000483210591,True,0.000000145677112,0.000000000000007,0.000000000000002,0.000000628887709,True
m4-v2,c05,79,1,False,0.000000554479963,True,0.000000149698051,0.000000000000008,0.000000000000002,0.000000704178020,True
m4-v2,c05,3,4,False,0.000001665459101,False,0.000000593605769,0.000000000000021,0.000000000000002,0.000002259064889,False
m4-v2,c05,83,1,False,0.000000572931571,True,0.000000158251067,0.000000000000008,0.000000000000002,0.000000731182645,True
m4-v2,c05,89,1,False,0.000000554988015,True,0.000000160901597,0.000000000000008,0.000000000000002,0.000000715889619,True
m4-v2,c05,97,1,False,0.000000584300918,True,0.000000167393219,0.000000000000008,0.000000000000002,0.000000751694143,True
m4-v2,c05,101,1,False,0.000000566172480,True,0.000000167334667,0.000000000000008,0.000000000000002,0.000000733507154,True
m4-v2,c05,103,1,False,0.000000531382725,True,0.000000171230447,0.000000000000007,0.000000000000002,0.000000702613178,True
m4-v2,c05,107,1,False,0.000000658823509,True,0.000000174564487,0.000000000000009,0.000000000000002,0.000000833388004,True
m4-v2,c05,109,1,False,0.000000667921844,True,0.000000176843756,0.000000000000009,0.000000000000002,0.000000844765607,True
m4-v2,c05,113,1,False,0.000000678619961,True,0.000000179806232,0.000000000000009,0.000000000000002,0.000000858426201,True
m4-v2,c05,11,2,False,0.000001249539749,False,0.000000363337575,0.000000000000014,0.000000000000002,0.000001612877336,False
m4-v2,c05,5,3,False,0.000002051194997,False,0.000000559190299,0.000000000000018,0.000000000000002,0.000002610385313,False
m4-v2,c05,127,1,False,0.000000797842170,True,0.000000192177012,0.000000000000009,0.000000000000002,0.000000990019189,True
m4-v2,c05,2,7,False,0.000006375373310,False,0.000001329500639,0.000000000000051,0.000000000000002,0.000007704873998,False
m4-v2,c05,131,1,False,0.000000925704341,True,0.000000194199849,0.000000000000009,0.000000000000002,0.000001119904198,False
m4-v2,c05,137,1,False,0.000001177151420,False,0.000000192342264,0.000000000000009,0.000000000000002,0.000001369493692,False
m4-v2,c05,139,1,False,0.000001771067927,False,0.000000200598616,0.000000000000009,0.000000000000002,0.000001971666551,False
m4-v2,c06,2,1,True,0.000000411785993,True,0.000000024706287,0.000000000000006,0.000000000000002,0.000000436492285,True
m4-v2,c06,3,1,True,0.000000436216860,True,0.000000030232111,0.000000000000007,0.000000000000002,0.000000466448977,True
m4-v2,c06,2,2,False,0.000000590728758,True,0.000000068937135,0.000000000000009,0.000000000000002,0.000000659665900,True
m4-v2,c06,5,1,True,0.000000357721468,True,0.000000038889913,0.000000000000006,0.000000000000002,0.000000396611385,True
m4-v2,c06,7,1,True,0.000000381092215,True,0.000000046073852,0.000000000000006,0.000000000000002,0.000000427166072,True
m4-v2,c06,2,3,False,0.000000848923176,True,0.000000145062692,0.000000000000012,0.000000000000002,0.000000993985878,True
m4-v2,c06,3,2,False,0.000000671818568,True,0.000000102939175,0.000000000000010,0.000000000000002,0.000000774757751,True
m4-v2,c06,11,1,True,0.000000379959040,True,0.000000057350277,0.000000000000006,0.000000000000002,0.000000437309321,True
m4-v2,c06,13,1,True,0.000000391635832,True,0.000000061898605,0.000000000000006,0.000000000000002,0.000000453534442,True
m4-v2,c06,2,4,False,0.000001224328487,False,0.000000274915367,0.000000000000016,0.000000000000002,0.000001499243869,False
m4-v2,c06,17,1,True,0.000000350692519,True,0.000000070802660,0.000000000000006,0.000000000000002,0.000000421495183,True
m4-v2,c06,19,1,True,0.000000361870800,True,0.000000074647814,0.000000000000006,0.000000000000002,0.000000436518619,True
m4-v2,c06,23,1,True,0.000000429975347,True,0.000000081795105,0.000000000000007,0.000000000000002,0.000000511770457,True
m4-v2,c06,5,2,False,0.000000876687856,True,0.000000170240797,0.000000000000012,0.000000000000002,0.000001046928664,False
m4-v2,c06,3,3,False,0.000001217889161,False,0.000000264341056,0.000000000000016,0.000000000000002,0.000001482230231,False
m4-v2,c06,29,1,True,0.000000383968622,True,0.000000093220258,0.000000000000006,0.000000000000002,0.000000477188885,True
m4-v2,c06,31,1,True,0.000000433232201,True,0.000000095109625,0.000000000000007,0.000000000000002,0.000000528341832,True
m4-v2,c06,2,5,False,0.000001756812554,False,0.000000488012123,0.000000000000022,0.000000000000002,0.000002244824698,False
m4-v2,c06,37,1,True,0.000000417847919,True,0.000000103610245,0.000000000000006,0.000000000000002,0.000000521458169,True
m4-v2,c06,41,1,True,0.000000479642735,True,0.000000109677029,0.000000000000007,0.000000000000002,0.000000589319770,True
m4-v2,c06,43,1,True,0.000000402139413,True,0.000000112259417,0.000000000000006,0.000000000000002,0.000000514398835,True
m4-v2,c06,47,1,True,0.000000505821976,True,0.000000115464759,0.000000000000007,0.000000000000002,0.000000621286741,True
m4-v2,c06,7,2,False,0.000000785260503,True,0.000000243758392,0.000000000000011,0.000000000000002,0.000001029018904,False
m4-v2,c06,53,1,True,0.000000386705146,True,0.000000122012541,0.000000000000006,0.000000000000002,0.000000508717692,True
m4-v2,c06,59,1,False,0.000000536607424,True,0.000000130944703,0.000000000000008,0.000000000000002,0.000000667552134,True
m4-v2,c06,61,1,False,0.000000469334464,True,0.000000132781868,0.000000000000007,0.000000000000002,0.000000602116338,True
m4-v2,c06,2,6,False,0.000002573627728,False,0.000000816170802,0.000000000000031,0.000000000000002,0.000003389798560,False
m4-v2,c06,67,1,False,0.000000491821972,True,0.000000137940634,0.000000000000007,0.000000000000002,0.000000629762612,True
m4-v2,c06,71,1,False,0.000000554632881,True,0.000000143473266,0.000000000000008,0.000000000000002,0.000000698106153,True
m4-v2,c06,73,1,False,0.000000574242478,True,0.000000147513043,0.000000000000008,0.000000000000002,0.000000721755527,True
m4-v2,c06,79,1,False,0.000000585418772,True,0.000000152154246,0.000000000000008,0.000000000000002,0.000000737573025,True
m4-v2,c06,3,4,False,0.000002314131865,False,0.000000617470824,0.000000000000028,0.000000000000002,0.000002931602716,False
m4-v2,c06,83,1,False,0.000000581394970,True,0.000000155068334,0.000000000000008,0.000000000000002,0.000000736463310,True
m4-v2,c06,89,1,False,0.000000611821927,True,0.000000158970575,0.000000000000009,0.000000000000002,0.000000770792509,True
m4-v2,c06,97,1,False,0.000000602243369,True,0.000000168226396,0.000000000000008,0.000000000000002,0.000000770469772,True
m4-v2,c06,101,1,False,0.000000513017048,True,0.000000170048815,0.000000000000007,0.000000000000002,0.000000683065869,True
m4-v2,c06,103,1,False,0.000000664936975,True,0.000000170541875,0.000000000000009,0.000000000000002,0.000000835478858,True
m4-v2,c06,107,1,False,0.000000656749336,True,0.000000175164092,0.000000000000009,0.000000000000002,0.000000831913436,True
m4-v2,c06,109,1,False,0.000000663629101,True,0.000000175249207,0.000000000000009,0.000000000000002,0.000000838878315,True
m4-v2,c06,113,1,False,0.000000698491131,True,0.000000179165891,0.000000000000009,0.000000000000002,0.000000877657029,True
m4-v2,c06,11,2,False,0.000001426519736,False,0.000000379104749,0.000000000000016,0.000000000000002,0.000001805624500,False
m4-v2,c06,5,3,False,0.000002350403374,False,0.000000571310081,0.000000000000024,0.000000000000002,0.000002921713477,False
m4-v2,c06,127,1,False,0.000000734147143,True,0.000000191643157,0.000000000000008,0.000000000000002,0.000000925790306,True
m4-v2,c06,2,7,False,0.000006309391469,False,0.000001321859229,0.000000000000046,0.000000000000002,0.000007631250742,False
m4-v2,c06,131,1,False,0.000000949805807,True,0.000000194306178,0.000000000000009,0.000000000000002,0.000001144111992,False
m4-v2,c06,137,1,False,0.000001219651375,False,0.000000198877158,0.000000000000009,0.000000000000002,0.000001418528541,False
m4-v2,c06,139,1,False,0.000001222573229,False,0.000000198545615,0.000000000000008,0.000000000000002,0.000001421118851,False
m4-v2,c07,2,1,True,0.000000580029713,True,0.000000024799686,0.000000000000008,0.000000000000002,0.000000604829406,True
m4-v2,c07,3,1,True,0.000000440247991,True,0.000000030362861,0.000000000000007,0.000000000000002,0.000000470610858,True
m4-v2,c07,2,2,False,0.000000674961193,True,0.000000068981583,0.000000000000009,0.000000000000002,0.000000743942784,True
m4-v2,c07,5,1,True,0.000000350192051,True,0.000000039055146,0.000000000000006,0.000000000000002,0.000000389247201,True
m4-v2,c07,7,1,True,0.000000304664160,True,0.000000046122947,0.000000000000005,0.000000000000002,0.000000350787111,True
m4-v2,c07,2,3,False,0.000001127440802,False,0.000000145085614,0.000000000000015,0.000000000000002,0.000001272526430,False
m4-v2,c07,3,2,False,0.000000724787237,True,0.000000103242604,0.000000000000010,0.000000000000002,0.000000828029850,True
m4-v2,c07,11,1,True,0.000000386696450,True,0.000000057581257,0.000000000000006,0.000000000000002,0.000000444277711,True
m4-v2,c07,13,1,True,0.000000357098647,True,0.000000062474782,0.000000000000006,0.000000000000002,0.000000419573433,True
m4-v2,c07,2,4,False,0.000001498158580,False,0.000000274408725,0.000000000000019,0.000000000000002,0.000001772567323,False
m4-v2,c07,17,1,True,0.000000326151309,True,0.000000071188691,0.000000000000005,0.000000000000002,0.000000397340004,True
m4-v2,c07,19,1,True,0.000000402215136,True,0.000000075352127,0.000000000000006,0.000000000000002,0.000000477567268,True
m4-v2,c07,23,1,True,0.000000323672801,True,0.000000082947971,0.000000000000005,0.000000000000002,0.000000406620776,True
m4-v2,c07,5,2,False,0.000000874294678,True,0.000000171342246,0.000000000000012,0.000000000000002,0.000001045636934,False
m4-v2,c07,3,3,False,0.000001120804633,False,0.000000265149379,0.000000000000015,0.000000000000002,0.000001385954026,False
m4-v2,c07,29,1,True,0.000000390423913,True,0.000000093642852,0.000000000000006,0.000000000000002,0.000000484066769,True
m4-v2,c07,31,1,True,0.000000418975041,True,0.000000095265848,0.000000000000006,0.000000000000002,0.000000514240894,True
m4-v2,c07,2,5,False,0.000002141493056,False,0.000000486887057,0.000000000000027,0.000000000000002,0.000002628380138,False
m4-v2,c07,37,1,True,0.000000460756314,True,0.000000106929849,0.000000000000007,0.000000000000002,0.000000567686169,True
m4-v2,c07,41,1,True,0.000000498856835,True,0.000000110025948,0.000000000000007,0.000000000000002,0.000000608882789,True
m4-v2,c07,43,1,True,0.000000364576219,True,0.000000113494058,0.000000000000006,0.000000000000002,0.000000478070281,True
m4-v2,c07,47,1,True,0.000000514775665,True,0.000000117174155,0.000000000000008,0.000000000000002,0.000000631949826,True
m4-v2,c07,7,2,False,0.000000888545937,True,0.000000240548119,0.000000000000012,0.000000000000002,0.000001129094066,False
m4-v2,c07,53,1,False,0.000000395853393,True,0.000000125054091,0.000000000000006,0.000000000000002,0.000000520907489,True
m4-v2,c07,59,1,False,0.000000460885070,True,0.000000131749786,0.000000000000007,0.000000000000002,0.000000592634861,True
m4-v2,c07,61,1,False,0.000000545887964,True,0.000000136249912,0.000000000000008,0.000000000000002,0.000000682137882,True
m4-v2,c07,2,6,False,0.000003256634539,False,0.000000803982321,0.000000000000039,0.000000000000002,0.000004060616898,False
m4-v2,c07,67,1,False,0.000000511421630,True,0.000000140577255,0.000000000000007,0.000000000000002,0.000000651998891,True
m4-v2,c07,71,1,False,0.000000498008154,True,0.000000147788859,0.000000000000007,0.000000000000002,0.000000645797019,True
m4-v2,c07,73,1,False,0.000000523248420,True,0.000000144301944,0.000000000000008,0.000000000000002,0.000000667550370,True
m4-v2,c07,79,1,False,0.000000593594843,True,0.000000152858419,0.000000000000008,0.000000000000002,0.000000746453269,True
m4-v2,c07,3,4,False,0.000002403994506,False,0.000000616105117,0.000000000000029,0.000000000000002,0.000003020099651,False
m4-v2,c07,83,1,False,0.000000498562787,True,0.000000154799911,0.000000000000007,0.000000000000002,0.000000653362704,True
m4-v2,c07,89,1,False,0.000000624421090,True,0.000000162012328,0.000000000000009,0.000000000000002,0.000000786433425,True
m4-v2,c07,97,1,False,0.000000634010808,True,0.000000166326275,0.000000000000009,0.000000000000002,0.000000800337090,True
m4-v2,c07,101,1,False,0.000000642363302,True,0.000000172735119,0.000000000000009,0.000000000000002,0.000000815098429,True
m4-v2,c07,103,1,False,0.000000638258224,True,0.000000170611225,0.000000000000008,0.000000000000002,0.000000808869456,True
m4-v2,c07,107,1,False,0.000000683856305,True,0.000000178285810,0.000000000000009,0.000000000000002,0.000000862142122,True
m4-v2,c07,109,1,False,0.000000625625994,True,0.000000179044456,0.000000000000008,0.000000000000002,0.000000804670457,True
m4-v2,c07,113,1,False,0.000000666516133,True,0.000000181269076,0.000000000000009,0.000000000000002,0.000000847785216,True
m4-v2,c07,11,2,False,0.000001481971973,False,0.000000381265636,0.000000000000016,0.000000000000002,0.000001863237624,False
m4-v2,c07,5,3,False,0.000002601347461,False,0.000000570255115,0.000000000000025,0.000000000000002,0.000003171602600,False
m4-v2,c07,127,1,False,0.000000882503713,True,0.000000194581407,0.000000000000009,0.000000000000002,0.000001077085128,False
m4-v2,c07,2,7,False,0.000005911487311,False,0.000001333367384,0.000000000000048,0.000000000000002,0.000007244854742,False
m4-v2,c07,131,1,False,0.000001001704004,False,0.000000194889041,0.000000000000009,0.000000000000002,0.000001196593053,False
m4-v2,c07,137,1,False,0.000001619482672,False,0.000000199449396,0.000000000000009,0.000000000000002,0.000001818932075,False
m4-v2,c07,139,1,False,0.000001676744034,False,0.000000201657086,0.000000000000008,0.000000000000002,0.000001878401126,False
m4-v2,c08,2,1,True,0.000000574303222,True,0.000000024916105,0.000000000000008,0.000000000000002,0.000000599219334,True
m4-v2,c08,3,1,True,0.000000438112223,True,0.000000030514822,0.000000000000007,0.000000000000002,0.000000468627050,True
m4-v2,c08,2,2,False,0.000000800317370,True,0.000000069221152,0.000000000000011,0.000000000000002,0.000000869538531,True
m4-v2,c08,5,1,True,0.000000325735247,True,0.000000039428870,0.000000000000005,0.000000000000002,0.000000365164121,True
m4-v2,c08,7,1,True,0.000000380354695,True,0.000000046085128,0.000000000000006,0.000000000000002,0.000000426439827,True
m4-v2,c08,2,3,False,0.000000888045860,True,0.000000146188475,0.000000000000012,0.000000000000002,0.000001034234346,False
m4-v2,c08,3,2,False,0.000000779148273,True,0.000000103762607,0.000000000000011,0.000000000000002,0.000000882910889,True
m4-v2,c08,11,1,True,0.000000320804879,True,0.000000057552252,0.000000000000005,0.000000000000002,0.000000378357135,True
m4-v2,c08,13,1,True,0.000000407543643,True,0.000000062671375,0.000000000000006,0.000000000000002,0.000000470215023,True
m4-v2,c08,2,4,False,0.000001652368465,False,0.000000272424239,0.000000000000021,0.000000000000002,0.000001924792723,False
m4-v2,c08,17,1,True,0.000000423479550,True,0.000000071259046,0.000000000000006,0.000000000000002,0.000000494738601,True
m4-v2,c08,19,1,True,0.000000425708817,True,0.000000075288002,0.000000000000006,0.000000000000002,0.000000500996824,True
m4-v2,c08,23,1,True,0.000000324085220,True,0.000000083180012,0.000000000000005,0.000000000000002,0.000000407265235,True
m4-v2,c08,5,2,False,0.000000803582917,True,0.000000171078262,0.000000000000011,0.000000000000002,0.000000974661188,True
m4-v2,c08,3,3,False,0.000001079763994,False,0.000000265422620,0.000000000000014,0.000000000000002,0.000001345186626,False
m4-v2,c08,29,1,True,0.000000358756496,True,0.000000092750730,0.000000000000006,0.000000000000002,0.000000451507230,True
m4-v2,c08,31,1,True,0.000000472859119,True,0.000000095862982,0.000000000000007,0.000000000000002,0.000000568722106,True
m4-v2,c08,2,5,False,0.000002242635801,False,0.000000487933225,0.000000000000027,0.000000000000002,0.000002730569052,False
m4-v2,c08,37,1,True,0.000000357601010,True,0.000000105133602,0.000000000000006,0.000000000000002,0.000000462734616,True
m4-v2,c08,41,1,True,0.000000414414517,True,0.000000110284198,0.000000000000006,0.000000000000002,0.000000524698720,True
m4-v2,c08,43,1,True,0.000000483562781,True,0.000000111831860,0.000000000000007,0.000000000000002,0.000000595394647,True
m4-v2,c08,47,1,True,0.000000435815062,True,0.000000118506648,0.000000000000006,0.000000000000002,0.000000554321715,True
m4-v2,c08,7,2,False,0.000001032580411,False,0.000000237141134,0.000000000000013,0.000000000000002,0.000001269721556,False
m4-v2,c08,53,1,False,0.000000487098561,True,0.000000125043554,0.000000000000007,0.000000000000002,0.000000612142120,True
m4-v2,c08,59,1,False,0.000000515257327,True,0.000000131016532,0.000000000000007,0.000000000000002,0.000000646273865,True
m4-v2,c08,61,1,False,0.000000528188960,True,0.000000133770879,0.000000000000008,0.000000000000002,0.000000661959845,True
m4-v2,c08,2,6,False,0.000002701752238,False,0.000000816898840,0.000000000000032,0.000000000000002,0.000003518651109,False
m4-v2,c08,67,1,False,0.000000571829421,True,0.000000141641498,0.000000000000008,0.000000000000002,0.000000713470926,True
m4-v2,c08,71,1,False,0.000000516481882,True,0.000000146326813,0.000000000000007,0.000000000000002,0.000000662808701,True
m4-v2,c08,73,1,False,0.000000593900651,True,0.000000147496432,0.000000000000008,0.000000000000002,0.000000741397090,True
m4-v2,c08,79,1,False,0.000000548123004,True,0.000000153794863,0.000000000000008,0.000000000000002,0.000000701917873,True
m4-v2,c08,3,4,False,0.000002285934582,False,0.000000617832120,0.000000000000027,0.000000000000002,0.000002903766727,False
m4-v2,c08,83,1,False,0.000000619221850,True,0.000000155148018,0.000000000000008,0.000000000000002,0.000000774369875,True
m4-v2,c08,89,1,False,0.000000636983696,True,0.000000164784012,0.000000000000009,0.000000000000002,0.000000801767715,True
m4-v2,c08,97,1,False,0.000000589964522,True,0.000000173535719,0.000000000000008,0.000000000000002,0.000000763500247,True
m4-v2,c08,101,1,False,0.000000542467777,True,0.000000171512376,0.000000000000007,0.000000000000002,0.000000713980159,True
m4-v2,c08,103,1,False,0.000000656970546,True,0.000000177400172,0.000000000000009,0.000000000000002,0.000000834370725,True
m4-v2,c08,107,1,False,0.000000641279123,True,0.000000179323535,0.000000000000008,0.000000000000002,0.000000820602665,True
m4-v2,c08,109,1,False,0.000000644439871,True,0.000000178970873,0.000000000000008,0.000000000000002,0.000000823410751,True
m4-v2,c08,113,1,False,0.000000713316392,True,0.000000178619065,0.000000000000009,0.000000000000002,0.000000891935465,True
m4-v2,c08,11,2,False,0.000001313170702,False,0.000000372295421,0.000000000000015,0.000000000000002,0.000001685466137,False
m4-v2,c08,5,3,False,0.000002338776489,False,0.000000611211617,0.000000000000024,0.000000000000002,0.000002949988129,False
m4-v2,c08,127,1,False,0.000000885022395,True,0.000000194610698,0.000000000000009,0.000000000000002,0.000001079633101,False
m4-v2,c08,2,7,False,0.000006865039915,False,0.000001358223787,0.000000000000058,0.000000000000002,0.000008223263759,False
m4-v2,c08,131,1,False,0.000001036424978,False,0.000000199738581,0.000000000000009,0.000000000000002,0.000001236163566,False
m4-v2,c08,137,1,False,0.000001234758502,False,0.000000202310106,0.000000000000010,0.000000000000002,0.000001437068616,False
m4-v2,c08,139,1,False,0.000002354080007,False,0.000000204958288,0.000000000000009,0.000000000000002,0.000002559038302,False
m4-v2,c09,2,1,True,0.000000581776973,True,0.000000025065441,0.000000000000008,0.000000000000002,0.000000606842421,True
m4-v2,c09,3,1,True,0.000000374082221,True,0.000000030659046,0.000000000000006,0.000000000000002,0.000000404741271,True
m4-v2,c09,2,2,False,0.000000822634559,True,0.000000070161834,0.000000000000011,0.000000000000002,0.000000892796403,True
m4-v2,c09,5,1,True,0.000000402825536,True,0.000000039430599,0.000000000000006,0.000000000000002,0.000000442256139,True
m4-v2,c09,7,1,True,0.000000296756771,True,0.000000046515957,0.000000000000005,0.000000000000002,0.000000343272732,True
m4-v2,c09,2,3,False,0.000000866038963,True,0.000000148220953,0.000000000000011,0.000000000000002,0.000001014259926,False
m4-v2,c09,3,2,False,0.000000710401184,True,0.000000104282994,0.000000000000010,0.000000000000002,0.000000814684187,True
m4-v2,c09,11,1,True,0.000000294657578,True,0.000000058053037,0.000000000000005,0.000000000000002,0.000000352710618,True
m4-v2,c09,13,1,True,0.000000416011406,True,0.000000062987723,0.000000000000006,0.000000000000002,0.000000478999134,True
m4-v2,c09,2,4,False,0.000001659978920,False,0.000000279150318,0.000000000000021,0.000000000000002,0.000001939129257,False
m4-v2,c09,17,1,True,0.000000396015691,True,0.000000071667756,0.000000000000006,0.000000000000002,0.000000467683452,True
m4-v2,c09,19,1,True,0.000000351305537,True,0.000000075650356,0.000000000000006,0.000000000000002,0.000000426955897,True
m4-v2,c09,23,1,True,0.000000426142684,True,0.000000083171677,0.000000000000006,0.000000000000002,0.000000509314366,True
m4-v2,c09,5,2,False,0.000000848757161,True,0.000000173818345,0.000000000000011,0.000000000000002,0.000001022575516,False
m4-v2,c09,3,3,False,0.000001320785658,False,0.000000267069291,0.000000000000017,0.000000000000002,0.000001587854964,False
m4-v2,c09,29,1,True,0.000000435835421,True,0.000000092396552,0.000000000000006,0.000000000000002,0.000000528231978,True
m4-v2,c09,31,1,True,0.000000436062056,True,0.000000096691796,0.000000000000006,0.000000000000002,0.000000532753857,True
m4-v2,c09,2,5,False,0.000002341070267,False,0.000000495135212,0.000000000000028,0.000000000000002,0.000002836205506,False
m4-v2,c09,37,1,True,0.000000497529797,True,0.000000107318994,0.000000000000007,0.000000000000002,0.000000604848797,True
m4-v2,c09,41,1,True,0.000000499141350,True,0.000000111134638,0.000000000000007,0.000000000000002,0.000000610275994,True
m4-v2,c09,43,1,True,0.000000498918398,True,0.000000114618639,0.000000000000007,0.000000000000002,0.000000613537043,True
m4-v2,c09,47,1,True,0.000000441378811,True,0.000000117702358,0.000000000000006,0.000000000000002,0.000000559081174,True
m4-v2,c09,7,2,False,0.000000825467291,True,0.000000243371114,0.000000000000011,0.000000000000002,0.000001068838414,False
m4-v2,c09,53,1,False,0.000000423855373,True,0.000000125451287,0.000000000000006,0.000000000000002,0.000000549306664,True
m4-v2,c09,59,1,False,0.000000450517542,True,0.000000131968990,0.000000000000007,0.000000000000002,0.000000582486537,True
m4-v2,c09,61,1,False,0.000000573049379,True,0.000000133891743,0.000000000000008,0.000000000000002,0.000000706941128,True
m4-v2,c09,2,6,False,0.000002517025779,False,0.000000857223257,0.000000000000030,0.000000000000002,0.000003374249064,False
m4-v2,c09,67,1,False,0.000000584768168,True,0.000000139826102,0.000000000000008,0.000000000000002,0.000000724594276,True
m4-v2,c09,71,1,False,0.000000573867338,True,0.000000146162954,0.000000000000008,0.000000000000002,0.000000720030298,True
m4-v2,c09,73,1,False,0.000000440888348,True,0.000000147914564,0.000000000000006,0.000000000000002,0.000000588802917,True
m4-v2,c09,79,1,False,0.000000549617345,True,0.000000154501793,0.000000000000008,0.000000000000002,0.000000704119144,True
m4-v2,c09,3,4,False,0.000002455643049,False,0.000000619977256,0.000000000000029,0.000000000000002,0.000003075620333,False
m4-v2,c09,83,1,False,0.000000634338825,True,0.000000158929771,0.000000000000009,0.000000000000002,0.000000793268603,True
m4-v2,c09,89,1,False,0.000000636653430,True,0.000000162023485,0.000000000000009,0.000000000000002,0.000000798676922,True
m4-v2,c09,97,1,False,0.000000605508298,True,0.000000167912917,0.000000000000008,0.000000000000002,0.000000773421221,True
m4-v2,c09,101,1,False,0.000000535176555,True,0.000000172696671,0.000000000000007,0.000000000000002,0.000000707873232,True
m4-v2,c09,103,1,False,0.000000695498069,True,0.000000176219467,0.000000000000009,0.000000000000002,0.000000871717544,True
m4-v2,c09,107,1,False,0.000000655434400,True,0.000000177066753,0.000000000000008,0.000000000000002,0.000000832501160,True
m4-v2,c09,109,1,False,0.000000710344695,True,0.000000181794763,0.000000000000009,0.000000000000002,0.000000892139466,True
m4-v2,c09,113,1,False,0.000000719409813,True,0.000000183762458,0.000000000000009,0.000000000000002,0.000000903172279,True
m4-v2,c09,11,2,False,0.000001179180157,False,0.000000380419273,0.000000000000013,0.000000000000002,0.000001559599441,False
m4-v2,c09,5,3,False,0.000002235417260,False,0.000000577788947,0.000000000000022,0.000000000000002,0.000002813206227,False
m4-v2,c09,127,1,False,0.000000921272139,True,0.000000193435026,0.000000000000008,0.000000000000002,0.000001114707172,False
m4-v2,c09,2,7,False,0.000007299242728,False,0.000001280897845,0.000000000000057,0.000000000000002,0.000008580140629,False
m4-v2,c09,131,1,False,0.000001116442579,False,0.000000199089387,0.000000000000010,0.000000000000002,0.000001315531974,False
m4-v2,c09,137,1,False,0.000001519732771,False,0.000000201119902,0.000000000000010,0.000000000000002,0.000001720852681,False
m4-v2,c09,139,1,False,0.000001799387976,False,0.000000202531870,0.000000000000010,0.000000000000002,0.000002001919854,False
m4-v2,c10,2,1,True,0.000000490312443,True,0.000000025153270,0.000000000000007,0.000000000000002,0.000000515465718,True
m4-v2,c10,3,1,True,0.000000360240063,True,0.000000030772311,0.000000000000006,0.000000000000002,0.000000391012379,True
m4-v2,c10,2,2,False,0.000000758204914,True,0.000000070095258,0.000000000000010,0.000000000000002,0.000000828300180,True
m4-v2,c10,5,1,True,0.000000399621677,True,0.000000039658115,0.000000000000006,0.000000000000002,0.000000439279797,True
m4-v2,c10,7,1,True,0.000000386492958,True,0.000000046756345,0.000000000000006,0.000000000000002,0.000000433249308,True
m4-v2,c10,2,3,False,0.000001146114106,False,0.000000147278093,0.000000000000015,0.000000000000002,0.000001293392212,False
m4-v2,c10,3,2,False,0.000000664691739,True,0.000000104787785,0.000000000000009,0.000000000000002,0.000000769479531,True
m4-v2,c10,11,1,True,0.000000304924841,True,0.000000058406639,0.000000000000005,0.000000000000002,0.000000363331483,True
m4-v2,c10,13,1,True,0.000000421287146,True,0.000000063156538,0.000000000000006,0.000000000000002,0.000000484443689,True
m4-v2,c10,2,4,False,0.000001697087165,False,0.000000278711528,0.000000000000021,0.000000000000002,0.000001975798713,False
m4-v2,c10,17,1,True,0.000000421379069,True,0.000000071905639,0.000000000000006,0.000000000000002,0.000000493284713,True
m4-v2,c10,19,1,True,0.000000446575671,True,0.000000076100231,0.000000000000007,0.000000000000002,0.000000522675907,True
m4-v2,c10,23,1,True,0.000000349137607,True,0.000000083904173,0.000000000000005,0.000000000000002,0.000000433041784,True
m4-v2,c10,5,2,False,0.000000921213864,True,0.000000173772337,0.000000000000012,0.000000000000002,0.000001094986212,False
m4-v2,c10,3,3,False,0.000001216977624,False,0.000000266408156,0.000000000000015,0.000000000000002,0.000001483385793,False
m4-v2,c10,29,1,True,0.000000473729422,True,0.000000093794206,0.000000000000007,0.000000000000002,0.000000567523634,True
m4-v2,c10,31,1,True,0.000000431925768,True,0.000000097215181,0.000000000000006,0.000000000000002,0.000000529140953,True
m4-v2,c10,2,5,False,0.000002456364493,False,0.000000492493457,0.000000000000029,0.000000000000002,0.000002948857978,False
m4-v2,c10,37,1,True,0.000000506488630,True,0.000000105271230,0.000000000000007,0.000000000000002,0.000000611759866,True
m4-v2,c10,41,1,True,0.000000393946461,True,0.000000112032941,0.000000000000006,0.000000000000002,0.000000505979407,True
m4-v2,c10,43,1,True,0.000000485393952,True,0.000000114387234,0.000000000000007,0.000000000000002,0.000000599781191,True
m4-v2,c10,47,1,False,0.000000404591725,True,0.000000118622873,0.000000000000006,0.000000000000002,0.000000523214602,True
m4-v2,c10,7,2,False,0.000001089238999,False,0.000000243247679,0.000000000000014,0.000000000000002,0.000001332486690,False
m4-v2,c10,53,1,False,0.000000510723733,True,0.000000126544848,0.000000000000007,0.000000000000002,0.000000637268587,True
m4-v2,c10,59,1,False,0.000000574393530,True,0.000000132190856,0.000000000000008,0.000000000000002,0.000000706584392,True
m4-v2,c10,61,1,False,0.000000527670888,True,0.000000133439321,0.000000000000007,0.000000000000002,0.000000661110215,True
m4-v2,c10,2,6,False,0.000003547439921,False,0.000000827973775,0.000000000000041,0.000000000000002,0.000004375413736,False
m4-v2,c10,67,1,False,0.000000521737101,True,0.000000140273233,0.000000000000007,0.000000000000002,0.000000662010340,True
m4-v2,c10,71,1,False,0.000000568657009,True,0.000000144919840,0.000000000000008,0.000000000000002,0.000000713576855,True
m4-v2,c10,73,1,False,0.000000597795611,True,0.000000147762725,0.000000000000008,0.000000000000002,0.000000745558342,True
m4-v2,c10,79,1,False,0.000000538741790,True,0.000000155796675,0.000000000000007,0.000000000000002,0.000000694538471,True
m4-v2,c10,3,4,False,0.000002272657234,False,0.000000623258959,0.000000000000026,0.000000000000002,0.000002895916218,False
m4-v2,c10,83,1,False,0.000000637665485,True,0.000000156932970,0.000000000000009,0.000000000000002,0.000000794598462,True
m4-v2,c10,89,1,False,0.000000639678072,True,0.000000166286835,0.000000000000009,0.000000000000002,0.000000805964915,True
m4-v2,c10,97,1,False,0.000000661564462,True,0.000000171788567,0.000000000000009,0.000000000000002,0.000000833353036,True
m4-v2,c10,101,1,False,0.000000580864248,True,0.000000174274631,0.000000000000008,0.000000000000002,0.000000755138885,True
m4-v2,c10,103,1,False,0.000000695340648,True,0.000000172633179,0.000000000000009,0.000000000000002,0.000000867973834,True
m4-v2,c10,107,1,False,0.000000689573512,True,0.000000176795416,0.000000000000009,0.000000000000002,0.000000866368936,True
m4-v2,c10,109,1,False,0.000000680321720,True,0.000000183011103,0.000000000000009,0.000000000000002,0.000000863332830,True
m4-v2,c10,113,1,False,0.000000760348339,True,0.000000188291252,0.000000000000009,0.000000000000002,0.000000948639599,True
m4-v2,c10,11,2,False,0.000001354802950,False,0.000000384945369,0.000000000000013,0.000000000000002,0.000001739748331,False
m4-v2,c10,5,3,False,0.000002115525533,False,0.000000591240847,0.000000000000020,0.000000000000002,0.000002706766398,False
m4-v2,c10,127,1,False,0.000001019683090,False,0.000000194993886,0.000000000000010,0.000000000000002,0.000001214676984,False
m4-v2,c10,2,7,False,0.000006602731442,False,0.000001371563002,0.000000000000058,0.000000000000002,0.000007974294501,False
m4-v2,c10,131,1,False,0.000000779796893,True,0.000000204589441,0.000000000000007,0.000000000000002,0.000000984386340,True
m4-v2,c10,137,1,False,0.000002094694649,False,0.000000203472034,0.000000000000010,0.000000000000002,0.000002298166691,False
m4-v2,c10,139,1,False,0.000001569802905,False,0.000000206602562,0.000000000000009,0.000000000000002,0.000001776405474,False
m4-v3,d01,2,1,True,0.000000558779831,True,0.000000025234088,0.000000000000008,0.000000000000002,0.000000584013925,True
m4-v3,d01,3,1,True,0.000000373699544,True,0.000000030920922,0.000000000000006,0.000000000000002,0.000000404620470,True
m4-v3,d01,2,2,False,0.000000873140256,True,0.000000070129778,0.000000000000011,0.000000000000002,0.000000943270044,True
m4-v3,d01,5,1,True,0.000000419042446,True,0.000000039722327,0.000000000000006,0.000000000000002,0.000000458764777,True
m4-v3,d01,7,1,True,0.000000413618676,True,0.000000046725026,0.000000000000006,0.000000000000002,0.000000460343707,True
m4-v3,d01,2,3,False,0.000001218015359,False,0.000000147711551,0.000000000000015,0.000000000000002,0.000001365726924,False
m4-v3,d01,3,2,False,0.000000700300697,True,0.000000105037296,0.000000000000009,0.000000000000002,0.000000805338001,True
m4-v3,d01,11,1,True,0.000000405008950,True,0.000000058521082,0.000000000000006,0.000000000000002,0.000000463530036,True
m4-v3,d01,13,1,True,0.000000324549670,True,0.000000063394688,0.000000000000005,0.000000000000002,0.000000387944362,True
m4-v3,d01,2,4,False,0.000001520323792,False,0.000000275987090,0.000000000000019,0.000000000000002,0.000001796310899,False
m4-v3,d01,17,1,True,0.000000412349212,True,0.000000072498667,0.000000000000006,0.000000000000002,0.000000484847884,True
m4-v3,d01,19,1,True,0.000000365580871,True,0.000000076909750,0.000000000000006,0.000000000000002,0.000000442490625,True
m4-v3,d01,23,1,True,0.000000468563122,True,0.000000084291614,0.000000000000007,0.000000000000002,0.000000552854741,True
m4-v3,d01,5,2,False,0.000000837229477,True,0.000000174394997,0.000000000000011,0.000000000000002,0.000001011624483,False
m4-v3,d01,3,3,False,0.000001295754865,False,0.000000270293297,0.000000000000016,0.000000000000002,0.000001566048176,False
m4-v3,d01,29,1,True,0.000000420167711,True,0.000000095254739,0.000000000000006,0.000000000000002,0.000000515422455,True
m4-v3,d01,31,1,True,0.000000474317846,True,0.000000097418329,0.000000000000007,0.000000000000002,0.000000571736180,True
m4-v3,d01,2,5,False,0.000001926800011,False,0.000000495748776,0.000000000000023,0.000000000000002,0.000002422548809,False
m4-v3,d01,37,1,True,0.000000469696574,True,0.000000108252524,0.000000000000007,0.000000000000002,0.000000577949103,True
m4-v3,d01,41,1,True,0.000000530180844,True,0.000000112350981,0.000000000000007,0.000000000000002,0.000000642531831,True
m4-v3,d01,43,1,True,0.000000500610436,True,0.000000112953522,0.000000000000007,0.000000000000002,0.000000613563963,True
m4-v3,d01,47,1,True,0.000000509773610,True,0.000000123603098,0.000000000000007,0.000000000000002,0.000000633376713,True
m4-v3,d01,7,2,False,0.000000853091608,True,0.000000240134892,0.000000000000011,0.000000000000002,0.000001093226509,False
m4-v3,d01,53,1,False,0.000000413066389,True,0.000000127616961,0.000000000000006,0.000000000000002,0.000000540683354,True
m4-v3,d01,59,1,False,0.000000578114482,True,0.000000132411792,0.000000000000008,0.000000000000002,0.000000710526280,True
m4-v3,d01,61,1,False,0.000000588370533,True,0.000000134024493,0.000000000000008,0.000000000000002,0.000000722395033,True
m4-v3,d01,2,6,False,0.000003357964963,False,0.000000818338112,0.000000000000039,0.000000000000002,0.000004176303112,False
m4-v3,d01,67,1,False,0.000000564641201,True,0.000000144444607,0.000000000000008,0.000000000000002,0.000000709085814,True
m4-v3,d01,71,1,False,0.000000508939484,True,0.000000143626256,0.000000000000007,0.000000000000002,0.000000652565746,True
m4-v3,d01,73,1,False,0.000000587547570,True,0.000000149237046,0.000000000000008,0.000000000000002,0.000000736784623,True
m4-v3,d01,79,1,False,0.000000636272798,True,0.000000154503399,0.000000000000008,0.000000000000002,0.000000790776204,True
m4-v3,d01,3,4,False,0.000002423562696,False,0.000000620237645,0.000000000000028,0.000000000000002,0.000003043800367,False
m4-v3,d01,83,1,False,0.000000620121590,True,0.000000159867575,0.000000000000008,0.000000000000002,0.000000779989172,True
m4-v3,d01,89,1,False,0.000000666171720,True,0.000000160893908,0.000000000000009,0.000000000000002,0.000000827065635,True
m4-v3,d01,97,1,False,0.000000683562263,True,0.000000170479959,0.000000000000009,0.000000000000002,0.000000854042230,True
m4-v3,d01,101,1,False,0.000000717407628,True,0.000000177058316,0.000000000000009,0.000000000000002,0.000000894465952,True
m4-v3,d01,103,1,False,0.000000583449533,True,0.000000178215487,0.000000000000008,0.000000000000002,0.000000761665026,True
m4-v3,d01,107,1,False,0.000000672365909,True,0.000000180476692,0.000000000000009,0.000000000000002,0.000000852842608,True
m4-v3,d01,109,1,False,0.000000664559821,True,0.000000179668979,0.000000000000008,0.000000000000002,0.000000844228806,True
m4-v3,d01,113,1,False,0.000000765297492,True,0.000000186896086,0.000000000000009,0.000000000000002,0.000000952193585,True
m4-v3,d01,11,2,False,0.000001530913505,False,0.000000383264706,0.000000000000017,0.000000000000002,0.000001914178227,False
m4-v3,d01,5,3,False,0.000002422138951,False,0.000000575898770,0.000000000000023,0.000000000000002,0.000002998037742,False
m4-v3,d01,127,1,False,0.000000836629779,True,0.000000196473763,0.000000000000008,0.000000000000002,0.000001033103548,False
m4-v3,d01,2,7,False,0.000008088476881,False,0.000001375868936,0.000000000000060,0.000000000000002,0.000009464345876,False
m4-v3,d01,131,1,False,0.000000897152449,True,0.000000198712913,0.000000000000009,0.000000000000002,0.000001095865370,False
m4-v3,d01,137,1,False,0.000001414703514,False,0.000000203846991,0.000000000000010,0.000000000000002,0.000001618550513,False
m4-v3,d01,139,1,False,0.000001883751697,False,0.000000203558322,0.000000000000008,0.000000000000002,0.000002087310025,False
m4-v3,d02,2,1,True,0.000000612483317,True,0.000000025360347,0.000000000000008,0.000000000000002,0.000000637843670,True
m4-v3,d02,3,1,True,0.000000462560749,True,0.000000031108078,0.000000000000007,0.000000000000002,0.000000493668833,True
m4-v3,d02,2,2,False,0.000000849562043,True,0.000000070726168,0.000000000000011,0.000000000000002,0.000000920288220,True
m4-v3,d02,5,1,True,0.000000429528351,True,0.000000039887059,0.000000000000006,0.000000000000002,0.000000469415415,True
m4-v3,d02,7,1,True,0.000000367321295,True,0.000000046905827,0.000000000000006,0.000000000000002,0.000000414227126,True
m4-v3,d02,2,3,False,0.000000958408871,True,0.000000148673641,0.000000000000012,0.000000000000002,0.000001107082523,False
m4-v3,d02,3,2,False,0.000000835769295,True,0.000000105972338,0.000000000000011,0.000000000000002,0.000000941741642,True
m4-v3,d02,11,1,True,0.000000408207100,True,0.000000058546988,0.000000000000006,0.000000000000002,0.000000466754092,True
m4-v3,d02,13,1,True,0.000000349757516,True,0.000000063468829,0.000000000000005,0.000000000000002,0.000000413226349,True
m4-v3,d02,2,4,False,0.000001768883004,False,0.000000281760237,0.000000000000021,0.000000000000002,0.000002050643261,False
m4-v3,d02,17,1,True,0.000000446492974,True,0.000000072527517,0.000000000000006,0.000000000000002,0.000000519020496,True
m4-v3,d02,19,1,True,0.000000442608034,True,0.000000077076519,0.000000000000006,0.000000000000002,0.000000519684558,True
m4-v3,d02,23,1,True,0.000000475414723,True,0.000000084073692,0.000000000000007,0.000000000000002,0.000000559488420,True
m4-v3,d02,5,2,False,0.000000755678647,True,0.000000175032363,0.000000000000010,0.000000000000002,0.000000930711018,True
m4-v3,d02,3,3,False,0.000001211143686,False,0.000000274152326,0.000000000000015,0.000000000000002,0.000001485296025,False
m4-v3,d02,29,1,True,0.000000481228120,True,0.000000095726228,0.000000000000007,0.000000000000002,0.000000576954354,True
m4-v3,d02,31,1,True,0.000000488408457,True,0.000000097974767,0.000000000000007,0.000000000000002,0.000000586383229,True
m4-v3,d02,2,5,False,0.000002366316785,False,0.000000499526864,0.000000000000028,0.000000000000002,0.000002865843676,False
m4-v3,d02,37,1,True,0.000000489262288,True,0.000000105903479,0.000000000000007,0.000000000000002,0.000000595165772,True
m4-v3,d02,41,1,True,0.000000499225296,True,0.000000112311756,0.000000000000007,0.000000000000002,0.000000611537058,True
m4-v3,d02,43,1,True,0.000000523439884,True,0.000000116131403,0.000000000000007,0.000000000000002,0.000000639571293,True
m4-v3,d02,47,1,True,0.000000421678268,True,0.000000119386589,0.000000000000006,0.000000000000002,0.000000541064862,True
m4-v3,d02,7,2,False,0.000001095351424,False,0.000000242827303,0.000000000000014,0.000000000000002,0.000001338178739,False
m4-v3,d02,53,1,False,0.000000472414503,True,0.000000127123298,0.000000000000007,0.000000000000002,0.000000599537806,True
m4-v3,d02,59,1,False,0.000000444704106,True,0.000000134106855,0.000000000000006,0.000000000000002,0.000000578810966,True
m4-v3,d02,61,1,False,0.000000510737354,True,0.000000136473309,0.000000000000007,0.000000000000002,0.000000647210668,True
m4-v3,d02,2,6,False,0.000002945633021,False,0.000000833501975,0.000000000000034,0.000000000000002,0.000003779135028,False
m4-v3,d02,67,1,False,0.000000576170119,True,0.000000142390282,0.000000000000008,0.000000000000002,0.000000718560408,True
m4-v3,d02,71,1,False,0.000000602725389,True,0.000000146264233,0.000000000000008,0.000000000000002,0.000000748989629,True
m4-v3,d02,73,1,False,0.000000608446270,True,0.000000150530112,0.000000000000008,0.000000000000002,0.000000758976389,True
m4-v3,d02,79,1,False,0.000000608695829,True,0.000000154513253,0.000000000000008,0.000000000000002,0.000000763209088,True
m4-v3,d02,3,4,False,0.000002329438500,False,0.000000640760095,0.000000000000026,0.000000000000002,0.000002970198620,False
m4-v3,d02,83,1,False,0.000000662648130,True,0.000000161595347,0.000000000000009,0.000000000000002,0.000000824243484,True
m4-v3,d02,89,1,False,0.000000635150479,True,0.000000165385426,0.000000000000008,0.000000000000002,0.000000800535912,True
m4-v3,d02,97,1,False,0.000000569380249,True,0.000000170980524,0.000000000000007,0.000000000000002,0.000000740360779,True
m4-v3,d02,101,1,False,0.000000699775283,True,0.000000178401489,0.000000000000009,0.000000000000002,0.000000878176780,True
m4-v3,d02,103,1,False,0.000000724209425,True,0.000000175219058,0.000000000000009,0.000000000000002,0.000000899428491,True
m4-v3,d02,107,1,False,0.000000655282858,True,0.000000179231776,0.000000000000008,0.000000000000002,0.000000834514641,True
m4-v3,d02,109,1,False,0.000000744280019,True,0.000000181233186,0.000000000000009,0.000000000000002,0.000000925513213,True
m4-v3,d02,113,1,False,0.000000771870065,True,0.000000181255931,0.000000000000009,0.000000000000002,0.000000953126003,True
m4-v3,d02,11,2,False,0.000001750355994,False,0.000000380766791,0.000000000000017,0.000000000000002,0.000002131122800,False
m4-v3,d02,5,3,False,0.000002629374584,False,0.000000580374906,0.000000000000025,0.000000000000002,0.000003209749514,False
m4-v3,d02,127,1,False,0.000000922707703,True,0.000000199792708,0.000000000000009,0.000000000000002,0.000001122500418,False
m4-v3,d02,2,7,False,0.000007387156326,False,0.000001359756069,0.000000000000060,0.000000000000002,0.000008746912453,False
m4-v3,d02,131,1,False,0.000001119726269,False,0.000000199855727,0.000000000000009,0.000000000000002,0.000001319582004,False
m4-v3,d02,137,1,False,0.000002012708001,False,0.000000205132092,0.000000000000008,0.000000000000002,0.000002217840099,False
m4-v3,d02,139,1,False,0.000002721839337,False,0.000000203388411,0.000000000000009,0.000000000000002,0.000002925227756,False
m4-v3,d03,2,1,True,0.000000620805442,True,0.000000025456163,0.000000000000008,0.000000000000002,0.000000646261612,True
m4-v3,d03,3,1,True,0.000000365278394,True,0.000000031186359,0.000000000000006,0.000000000000002,0.000000396464757,True
m4-v3,d03,2,2,False,0.000000865780961,True,0.000000071119761,0.000000000000011,0.000000000000002,0.000000936900732,True
m4-v3,d03,5,1,True,0.000000436180524,True,0.000000040106032,0.000000000000006,0.000000000000002,0.000000476286560,True
m4-v3,d03,7,1,True,0.000000425431220,True,0.000000047301645,0.000000000000006,0.000000000000002,0.000000472732870,True
m4-v3,d03,2,3,False,0.000000955081365,True,0.000000149082243,0.000000000000012,0.000000000000002,0.000001104163618,False
m4-v3,d03,3,2,False,0.000000655164653,True,0.000000105580849,0.000000000000009,0.000000000000002,0.000000760745509,True
m4-v3,d03,11,1,True,0.000000428758634,True,0.000000059042728,0.000000000000006,0.000000000000002,0.000000487801366,True
m4-v3,d03,13,1,True,0.000000442620711,True,0.000000064382735,0.000000000000006,0.000000000000002,0.000000507003451,True
m4-v3,d03,2,4,False,0.000001785778641,False,0.000000283656091,0.000000000000021,0.000000000000002,0.000002069434752,False
m4-v3,d03,17,1,True,0.000000333099669,True,0.000000073144277,0.000000000000005,0.000000000000002,0.000000406243949,True
m4-v3,d03,19,1,True,0.000000354818767,True,0.000000077485185,0.000000000000005,0.000000000000002,0.000000432303955,True
m4-v3,d03,23,1,True,0.000000360447008,True,0.000000084552911,0.000000000000005,0.000000000000002,0.000000444999923,True
m4-v3,d03,5,2,False,0.000000701929165,True,0.000000176345550,0.000000000000009,0.000000000000002,0.000000878274723,True
m4-v3,d03,3,3,False,0.000001186895930,False,0.000000277333423,0.000000000000014,0.000000000000002,0.000001464229366,False
m4-v3,d03,29,1,True,0.000000417409051,True,0.000000094434003,0.000000000000006,0.000000000000002,0.000000511843059,True
m4-v3,d03,31,1,True,0.000000367909042,True,0.000000098259575,0.000000000000006,0.000000000000002,0.000000466168621,True
m4-v3,d03,2,5,False,0.000002429076241,False,0.000000497751950,0.000000000000028,0.000000000000002,0.000002926828218,False
m4-v3,d03,37,1,True,0.000000523572312,True,0.000000107615190,0.000000000000007,0.000000000000002,0.000000631187508,True
m4-v3,d03,41,1,True,0.000000534172309,True,0.000000112408965,0.000000000000007,0.000000000000002,0.000000646581280,True
m4-v3,d03,43,1,True,0.000000508737849,True,0.000000114692378,0.000000000000007,0.000000000000002,0.000000623430233,True
m4-v3,d03,47,1,True,0.000000528443798,True,0.000000120572309,0.000000000000007,0.000000000000002,0.000000649016113,True
m4-v3,d03,7,2,False,0.000000890295655,True,0.000000246492875,0.000000000000011,0.000000000000002,0.000001136788540,False
m4-v3,d03,53,1,False,0.000000583304583,True,0.000000128105643,0.000000000000008,0.000000000000002,0.000000711410232,True
m4-v3,d03,59,1,False,0.000000561928854,True,0.000000135347759,0.000000000000008,0.000000000000002,0.000000697276619,True
m4-v3,d03,61,1,False,0.000000520392066,True,0.000000136817257,0.000000000000007,0.000000000000002,0.000000657209329,True
m4-v3,d03,2,6,False,0.000002904059854,False,0.000000844166022,0.000000000000033,0.000000000000002,0.000003748225908,False
m4-v3,d03,67,1,False,0.000000621805278,True,0.000000144306283,0.000000000000008,0.000000000000002,0.000000766111568,True
m4-v3,d03,71,1,False,0.000000626076410,True,0.000000148931802,0.000000000000008,0.000000000000002,0.000000775008218,True
m4-v3,d03,73,1,False,0.000000513977530,True,0.000000150332316,0.000000000000007,0.000000000000002,0.000000664309852,True
m4-v3,d03,79,1,False,0.000000588139579,True,0.000000153931008,0.000000000000008,0.000000000000002,0.000000742070593,True
m4-v3,d03,3,4,False,0.000002175245334,False,0.000000621775414,0.000000000000025,0.000000000000002,0.000002797020772,False
m4-v3,d03,83,1,False,0.000000578389154,True,0.000000160037273,0.000000000000008,0.000000000000002,0.000000738426433,True
m4-v3,d03,89,1,False,0.000000657236022,True,0.000000165169216,0.000000000000008,0.000000000000002,0.000000822405245,True
m4-v3,d03,97,1,False,0.000000538978561,True,0.000000177010534,0.000000000000007,0.000000000000002,0.000000715989101,True
m4-v3,d03,101,1,False,0.000000714228687,True,0.000000172146059,0.000000000000009,0.000000000000002,0.000000886374754,True
m4-v3,d03,103,1,False,0.000000717934489,True,0.000000179798598,0.000000000000009,0.000000000000002,0.000000897733095,True
m4-v3,d03,107,1,False,0.000000596080488,True,0.000000183322549,0.000000000000007,0.000000000000002,0.000000779403042,True
m4-v3,d03,109,1,False,0.000000756971804,True,0.000000180626740,0.000000000000009,0.000000000000002,0.000000937598551,True
m4-v3,d03,113,1,False,0.000000669106199,True,0.000000184598788,0.000000000000008,0.000000000000002,0.000000853704994,True
m4-v3,d03,11,2,False,0.000001555782874,False,0.000000386722437,0.000000000000016,0.000000000000002,0.000001942505325,False
m4-v3,d03,5,3,False,0.000002704335188,False,0.000000586516012,0.000000000000026,0.000000000000002,0.000003290851224,False
m4-v3,d03,127,1,False,0.000001103690038,False,0.000000198914065,0.000000000000010,0.000000000000002,0.000001302604111,False
m4-v3,d03,2,7,False,0.000008022548297,False,0.000001381061007,0.000000000000060,0.000000000000002,0.000009403609362,False
m4-v3,d03,131,1,False,0.000001032910507,False,0.000000198827114,0.000000000000009,0.000000000000002,0.000001231737628,False
m4-v3,d03,137,1,False,0.000002147156401,False,0.000000208384433,0.000000000000009,0.000000000000002,0.000002355540842,False
m4-v3,d03,139,1,False,0.000002654110489,False,0.000000204836236,0.000000000000008,0.000000000000002,0.000002858946731,False
m4-v3,d04,2,1,True,0.000000528119324,True,0.000000025551037,0.000000000000007,0.000000000000002,0.000000553670367,True
m4-v3,d04,3,1,True,0.000000473206607,True,0.000000031316727,0.000000000000007,0.000000000000002,0.000000504523339,True
m4-v3,d04,2,2,False,0.000000824671965,True,0.000000071203972,0.000000000000011,0.000000000000002,0.000000895875946,True
m4-v3,d04,5,1,True,0.000000396788674,True,0.000000040179795,0.000000000000006,0.000000000000002,0.000000436968474,True
m4-v3,d04,7,1,True,0.000000402010962,True,0.000000047472363,0.000000000000006,0.000000000000002,0.000000449483330,True
m4-v3,d04,2,3,False,0.000001244895737,False,0.000000150704525,0.000000000000015,0.000000000000002,0.000001395600276,False
m4-v3,d04,3,2,False,0.000000864651125,True,0.000000107358634,0.000000000000011,0.000000000000002,0.000000972009768,True
m4-v3,d04,11,1,True,0.000000392673731,True,0.000000059225147,0.000000000000006,0.000000000000002,0.000000451898882,True
m4-v3,d04,13,1,True,0.000000410280244,True,0.000000064219027,0.000000000000006,0.000000000000002,0.000000474499276,True
m4-v3,d04,2,4,False,0.000001825749654,False,0.000000280454653,0.000000000000021,0.000000000000002,0.000002106204327,False
m4-v3,d04,17,1,True,0.000000373114211,True,0.000000073115375,0.000000000000006,0.000000000000002,0.000000446229590,True
m4-v3,d04,19,1,True,0.000000473120635,True,0.000000077164604,0.000000000000007,0.000000000000002,0.000000550285244,True
m4-v3,d04,23,1,True,0.000000475518024,True,0.000000085073815,0.000000000000007,0.000000000000002,0.000000560591845,True
m4-v3,d04,5,2,False,0.000000986698307,True,0.000000176199566,0.000000000000012,0.000000000000002,0.000001162897884,False
m4-v3,d04,3,3,False,0.000001286594428,False,0.000000277605418,0.000000000000015,0.000000000000002,0.000001564199860,False
m4-v3,d04,29,1,True,0.000000502097405,True,0.000000094756214,0.000000000000007,0.000000000000002,0.000000596853624,True
m4-v3,d04,31,1,True,0.000000486468570,True,0.000000098487528,0.000000000000007,0.000000000000002,0.000000584956103,True
m4-v3,d04,2,5,False,0.000002620041608,False,0.000000502245325,0.000000000000030,0.000000000000002,0.000003122286961,False
m4-v3,d04,37,1,True,0.000000539277453,True,0.000000105839217,0.000000000000007,0.000000000000002,0.000000645116676,True
m4-v3,d04,41,1,True,0.000000402014592,True,0.000000113378169,0.000000000000006,0.000000000000002,0.000000515392765,True
m4-v3,d04,43,1,True,0.000000472018037,True,0.000000115099560,0.000000000000007,0.000000000000002,0.000000587117602,True
m4-v3,d04,47,1,True,0.000000549596542,True,0.000000122018220,0.000000000000007,0.000000000000002,0.000000671614767,True
m4-v3,d04,7,2,False,0.000001160999168,False,0.000000249099481,0.000000000000014,0.000000000000002,0.000001410098662,False
m4-v3,d04,53,1,False,0.000000585666036,True,0.000000131747840,0.000000000000008,0.000000000000002,0.000000717413883,True
m4-v3,d04,59,1,False,0.000000608177580,True,0.000000135653300,0.000000000000008,0.000000000000002,0.000000743830886,True
m4-v3,d04,61,1,False,0.000000565493630,True,0.000000137917257,0.000000000000008,0.000000000000002,0.000000703410893,True
m4-v3,d04,2,6,False,0.000003686719075,False,0.000000863165025,0.000000000000041,0.000000000000002,0.000004549884140,False
m4-v3,d04,67,1,False,0.000000478999108,True,0.000000143432609,0.000000000000007,0.000000000000002,0.000000622431722,True
m4-v3,d04,71,1,False,0.000000498641286,True,0.000000149720115,0.000000000000007,0.000000000000002,0.000000648361406,True
m4-v3,d04,73,1,False,0.000000557030878,True,0.000000151722581,0.000000000000007,0.000000000000002,0.000000708753465,True
m4-v3,d04,79,1,False,0.000000618016162,True,0.000000156125906,0.000000000000008,0.000000000000002,0.000000774142075,True
m4-v3,d04,3,4,False,0.000002307845975,False,0.000000665851694,0.000000000000026,0.000000000000002,0.000002973697693,False
m4-v3,d04,83,1,False,0.000000674924820,True,0.000000158602071,0.000000000000009,0.000000000000002,0.000000833526898,True
m4-v3,d04,89,1,False,0.000000687599446,True,0.000000165526883,0.000000000000009,0.000000000000002,0.000000853126336,True
m4-v3,d04,97,1,False,0.000000722963722,True,0.000000172268238,0.000000000000009,0.000000000000002,0.000000895231967,True
m4-v3,d04,101,1,False,0.000000699795315,True,0.000000176106581,0.000000000000009,0.000000000000002,0.000000875901904,True
m4-v3,d04,103,1,False,0.000000719789921,True,0.000000177759616,0.000000000000009,0.000000000000002,0.000000897549544,True
m4-v3,d04,107,1,False,0.000000701175738,True,0.000000182229271,0.000000000000009,0.000000000000002,0.000000883405016,True
m4-v3,d04,109,1,False,0.000000761425681,True,0.000000186478403,0.000000000000009,0.000000000000002,0.000000947904091,True
m4-v3,d04,113,1,False,0.000000604382910,True,0.000000190788492,0.000000000000007,0.000000000000002,0.000000795171408,True
m4-v3,d04,11,2,False,0.000001589450714,False,0.000000385795361,0.000000000000017,0.000000000000002,0.000001975246091,False
m4-v3,d04,5,3,False,0.000002737354992,False,0.000000584287570,0.000000000000025,0.000000000000002,0.000003321642586,False
m4-v3,d04,127,1,False,0.000000992211497,True,0.000000199521761,0.000000000000010,0.000000000000002,0.000001191733266,False
m4-v3,d04,2,7,False,0.000008151720107,False,0.000001411437894,0.000000000000057,0.000000000000002,0.000009563158056,False
m4-v3,d04,131,1,False,0.000001090324177,False,0.000000203336150,0.000000000000009,0.000000000000002,0.000001293660335,False
m4-v3,d04,137,1,False,0.000002596609836,False,0.000000203864745,0.000000000000010,0.000000000000002,0.000002800474590,False
m4-v3,d04,139,1,False,0.000003361392676,False,0.000000205513107,0.000000000000008,0.000000000000002,0.000003566905789,False
m4-v3,d05,2,1,True,0.000000622616985,True,0.000000025593191,0.000000000000008,0.000000000000002,0.000000648210183,True
m4-v3,d05,3,1,True,0.000000464482924,True,0.000000031396020,0.000000000000007,0.000000000000002,0.000000495878949,True
m4-v3,d05,2,2,False,0.000000921061335,True,0.000000071153541,0.000000000000011,0.000000000000002,0.000000992214886,True
m4-v3,d05,5,1,True,0.000000434984839,True,0.000000040285139,0.000000000000006,0.000000000000002,0.000000475269983,True
m4-v3,d05,7,1,True,0.000000381799778,True,0.000000047498544,0.000000000000006,0.000000000000002,0.000000429298326,True
m4-v3,d05,2,3,False,0.000001089801890,False,0.000000149532973,0.000000000000013,0.000000000000002,0.000001239334875,False
m4-v3,d05,3,2,False,0.000000879215295,True,0.000000106401253,0.000000000000011,0.000000000000002,0.000000985616557,True
m4-v3,d05,11,1,True,0.000000420963275,True,0.000000059389661,0.000000000000006,0.000000000000002,0.000000480352940,True
m4-v3,d05,13,1,True,0.000000341791213,True,0.000000064359049,0.000000000000005,0.000000000000002,0.000000406150266,True
m4-v3,d05,2,4,False,0.000001632900519,False,0.000000279700493,0.000000000000019,0.000000000000002,0.000001912601030,False
m4-v3,d05,17,1,True,0.000000405103637,True,0.000000073843399,0.000000000000006,0.000000000000002,0.000000478947040,True
m4-v3,d05,19,1,True,0.000000415786393,True,0.000000077097124,0.000000000000006,0.000000000000002,0.000000492883522,True
m4-v3,d05,23,1,True,0.000000364636527,True,0.000000085297347,0.000000000000005,0.000000000000002,0.000000449933878,True
m4-v3,d05,5,2,False,0.000000960843708,True,0.000000176749601,0.000000000000012,0.000000000000002,0.000001137593319,False
m4-v3,d05,3,3,False,0.000001457380886,False,0.000000278814032,0.000000000000017,0.000000000000002,0.000001736194933,False
m4-v3,d05,29,1,True,0.000000495171681,True,0.000000096009855,0.000000000000007,0.000000000000002,0.000000591181541,True
m4-v3,d05,31,1,True,0.000000503875179,True,0.000000098781500,0.000000000000007,0.000000000000002,0.000000602656684,True
m4-v3,d05,2,5,False,0.000002654990813,False,0.000000499579958,0.000000000000030,0.000000000000002,0.000003154570800,False
m4-v3,d05,37,1,True,0.000000541273672,True,0.000000107256358,0.000000000000007,0.000000000000002,0.000000648530036,True
m4-v3,d05,41,1,True,0.000000469284202,True,0.000000113613075,0.000000000000007,0.000000000000002,0.000000582897282,True
m4-v3,d05,43,1,True,0.000000501720799,True,0.000000117185603,0.000000000000007,0.000000000000002,0.000000618906407,True
m4-v3,d05,47,1,True,0.000000582135778,True,0.000000120598262,0.000000000000008,0.000000000000002,0.000000702734046,True
m4-v3,d05,7,2,False,0.000001143861590,False,0.000000246234482,0.000000000000014,0.000000000000002,0.000001390096084,False
m4-v3,d05,53,1,False,0.000000428780288,True,0.000000129960782,0.000000000000006,0.000000000000002,0.000000558741074,True
m4-v3,d05,59,1,False,0.000000584116834,True,0.000000137593753,0.000000000000008,0.000000000000002,0.000000721710594,True
m4-v3,d05,61,1,False,0.000000606041519,True,0.000000136481341,0.000000000000008,0.000000000000002,0.000000742522867,True
m4-v3,d05,2,6,False,0.000003495144548,False,0.000000831532820,0.000000000000039,0.000000000000002,0.000004326677405,False
m4-v3,d05,67,1,False,0.000000545707925,True,0.000000146262810,0.000000000000007,0.000000000000002,0.000000691970741,True
m4-v3,d05,71,1,False,0.000000651245055,True,0.000000149802957,0.000000000000008,0.000000000000002,0.000000801048019,True
m4-v3,d05,73,1,False,0.000000655514126,True,0.000000149736891,0.000000000000008,0.000000000000002,0.000000805251024,True
m4-v3,d05,79,1,False,0.000000625099272,True,0.000000156552398,0.000000000000008,0.000000000000002,0.000000781651676,True
m4-v3,d05,3,4,False,0.000002130146929,False,0.000000621774434,0.000000000000024,0.000000000000002,0.000002751921385,False
m4-v3,d05,83,1,False,0.000000671135630,True,0.000000159308747,0.000000000000009,0.000000000000002,0.000000830444384,True
m4-v3,d05,89,1,False,0.000000705903282,True,0.000000163806476,0.000000000000009,0.000000000000002,0.000000869709765,True
m4-v3,d05,97,1,False,0.000000736400572,True,0.000000173822301,0.000000000000009,0.000000000000002,0.000000910222880,True
m4-v3,d05,101,1,False,0.000000727674354,True,0.000000182739615,0.000000000000009,0.000000000000002,0.000000910413977,True
m4-v3,d05,103,1,False,0.000000751886306,True,0.000000180930328,0.000000000000009,0.000000000000002,0.000000932816641,True
m4-v3,d05,107,1,False,0.000000766820532,True,0.000000182296225,0.000000000000009,0.000000000000002,0.000000949116764,True
m4-v3,d05,109,1,False,0.000000782598829,True,0.000000186596583,0.000000000000009,0.000000000000002,0.000000969195419,True
m4-v3,d05,113,1,False,0.000000627769334,True,0.000000185491727,0.000000000000008,0.000000000000002,0.000000813261067,True
m4-v3,d05,11,2,False,0.000001811344999,False,0.000000384662548,0.000000000000017,0.000000000000002,0.000002196007563,False
m4-v3,d05,5,3,False,0.000002036035234,False,0.000000579176301,0.000000000000020,0.000000000000002,0.000002615211553,False
m4-v3,d05,127,1,False,0.000001012106373,False,0.000000198724188,0.000000000000010,0.000000000000002,0.000001210830570,False
m4-v3,d05,2,7,False,0.000007248105568,False,0.000001390680751,0.000000000000047,0.000000000000002,0.000008638786365,False
m4-v3,d05,131,1,False,0.000001095462401,False,0.000000201888323,0.000000000000009,0.000000000000002,0.000001297350731,False
m4-v3,d05,137,1,False,0.000001491869322,False,0.000000208046433,0.000000000000009,0.000000000000002,0.000001699915762,False
m4-v3,d05,139,1,False,0.000002256735656,False,0.000000204776401,0.000000000000010,0.000000000000002,0.000002461512065,False
m4-v3,d06,2,1,True,0.000000649000186,True,0.000000025712275,0.000000000000008,0.000000000000002,0.000000674712468,True
m4-v3,d06,3,1,True,0.000000456530170,True,0.000000031502221,0.000000000000006,0.000000000000002,0.000000488032396,True
m4-v3,d06,2,2,False,0.000000886813377,True,0.000000071730470,0.000000000000011,0.000000000000002,0.000000958543857,True
m4-v3,d06,5,1,True,0.000000414605427,True,0.000000040536690,0.000000000000006,0.000000000000002,0.000000455142122,True
m4-v3,d06,7,1,True,0.000000434813158,True,0.000000047675228,0.000000000000006,0.000000000000002,0.000000482488391,True
m4-v3,d06,2,3,False,0.000001052490600,False,0.000000150824296,0.000000000000013,0.000000000000002,0.000001203314907,False
m4-v3,d06,3,2,False,0.000000878437626,True,0.000000107316200,0.000000000000011,0.000000000000002,0.000000985753836,True
m4-v3,d06,11,1,True,0.000000449361500,True,0.000000059282944,0.000000000000006,0.000000000000002,0.000000508644449,True
m4-v3,d06,13,1,True,0.000000454815367,True,0.000000064827592,0.000000000000006,0.000000000000002,0.000000519642964,True
m4-v3,d06,2,4,False,0.000001875953471,False,0.000000286084815,0.000000000000022,0.000000000000002,0.000002162038306,False
m4-v3,d06,17,1,True,0.000000416967733,True,0.000000073881871,0.000000000000006,0.000000000000002,0.000000490849608,True
m4-v3,d06,19,1,True,0.000000481802642,True,0.000000078152903,0.000000000000007,0.000000000000002,0.000000559955550,True
m4-v3,d06,23,1,True,0.000000500660618,True,0.000000085648860,0.000000000000007,0.000000000000002,0.000000586309483,True
m4-v3,d06,5,2,False,0.000001017222801,False,0.000000177154937,0.000000000000012,0.000000000000002,0.000001194377749,False
m4-v3,d06,3,3,False,0.000001536709571,False,0.000000276064713,0.000000000000018,0.000000000000002,0.000001812774300,False
m4-v3,d06,29,1,True,0.000000468919355,True,0.000000097141953,0.000000000000006,0.000000000000002,0.000000566061313,True
m4-v3,d06,31,1,True,0.000000529131027,True,0.000000099436327,0.000000000000007,0.000000000000002,0.000000628567359,True
m4-v3,d06,2,5,False,0.000002413081765,False,0.000000500347887,0.000000000000027,0.000000000000002,0.000002913429678,False
m4-v3,d06,37,1,True,0.000000552040642,True,0.000000106685842,0.000000000000007,0.000000000000002,0.000000658726490,True
m4-v3,d06,41,1,True,0.000000417566253,True,0.000000114226157,0.000000000000006,0.000000000000002,0.000000531792414,True
m4-v3,d06,43,1,True,0.000000511791982,True,0.000000115783552,0.000000000000007,0.000000000000002,0.000000627575540,True
m4-v3,d06,47,1,True,0.000000438081680,True,0.000000120589477,0.000000000000006,0.000000000000002,0.000000558671161,True
m4-v3,d06,7,2,False,0.000001110293071,False,0.000000248204240,0.000000000000013,0.000000000000002,0.000001358497322,False
m4-v3,d06,53,1,False,0.000000605315576,True,0.000000129311303,0.000000000000008,0.000000000000002,0.000000734626886,True
m4-v3,d06,59,1,False,0.000000627258031,True,0.000000137165247,0.000000000000008,0.000000000000002,0.000000764423285,True
m4-v3,d06,61,1,False,0.000000622362543,True,0.000000137766932,0.000000000000008,0.000000000000002,0.000000760129481,True
m4-v3,d06,2,6,False,0.000003311703817,False,0.000000845087092,0.000000000000036,0.000000000000002,0.000004156790943,False
m4-v3,d06,67,1,False,0.000000606670206,True,0.000000146989361,0.000000000000008,0.000000000000002,0.000000753659574,True
m4-v3,d06,71,1,False,0.000000653296688,True,0.000000148572956,0.000000000000008,0.000000000000002,0.000000801869651,True
m4-v3,d06,73,1,False,0.000000644439146,True,0.000000152678283,0.000000000000008,0.000000000000002,0.000000797117436,True
m4-v3,d06,79,1,False,0.000000682611704,True,0.000000159477707,0.000000000000009,0.000000000000002,0.000000842089418,True
m4-v3,d06,3,4,False,0.000002511283094,False,0.000000647294238,0.000000000000027,0.000000000000002,0.000003158577358,False
m4-v3,d06,83,1,False,0.000000667574874,True,0.000000159232497,0.000000000000008,0.000000000000002,0.000000826807378,True
m4-v3,d06,89,1,False,0.000000517308403,True,0.000000166898054,0.000000000000007,0.000000000000002,0.000000684206462,True
m4-v3,d06,97,1,False,0.000000639853581,True,0.000000172431034,0.000000000000008,0.000000000000002,0.000000812284621,True
m4-v3,d06,101,1,False,0.000000644695810,True,0.000000177723413,0.000000000000008,0.000000000000002,0.000000822419229,True
m4-v3,d06,103,1,False,0.000000685677010,True,0.000000182401850,0.000000000000008,0.000000000000002,0.000000868078867,True
m4-v3,d06,107,1,False,0.000000755157079,True,0.000000183853681,0.000000000000009,0.000000000000002,0.000000939010768,True
m4-v3,d06,109,1,False,0.000000769121812,True,0.000000185362018,0.000000000000009,0.000000000000002,0.000000954483837,True
m4-v3,d06,113,1,False,0.000000822980845,True,0.000000188841412,0.000000000000009,0.000000000000002,0.000001011822264,False
m4-v3,d06,11,2,False,0.000001604858302,False,0.000000383706836,0.000000000000015,0.000000000000002,0.000001988565152,False
m4-v3,d06,5,3,False,0.000002707407847,False,0.000000605766531,0.000000000000025,0.000000000000002,0.000003313174401,False
m4-v3,d06,127,1,False,0.000000914744333,True,0.000000199266144,0.000000000000009,0.000000000000002,0.000001114010484,False
m4-v3,d06,2,7,False,0.000007286783772,False,0.000001393038606,0.000000000000061,0.000000000000002,0.000008679822438,False
m4-v3,d06,131,1,False,0.000001019018093,False,0.000000202761611,0.000000000000009,0.000000000000002,0.000001221779712,False
m4-v3,d06,137,1,False,0.000001221234417,False,0.000000208280072,0.000000000000008,0.000000000000002,0.000001429514496,False
m4-v3,d06,139,1,False,0.000002671236593,False,0.000000208569494,0.000000000000009,0.000000000000002,0.000002879806094,False
m4-v3,d07,2,1,True,0.000000662126197,True,0.000000025809734,0.000000000000009,0.000000000000002,0.000000687935938,True
m4-v3,d07,3,1,True,0.000000516780706,True,0.000000031574061,0.000000000000007,0.000000000000002,0.000000548354772,True
m4-v3,d07,2,2,False,0.000000864049276,True,0.000000072027207,0.000000000000011,0.000000000000002,0.000000936076492,True
m4-v3,d07,5,1,True,0.000000361024930,True,0.000000040577513,0.000000000000005,0.000000000000002,0.000000401602447,True
m4-v3,d07,7,1,True,0.000000359635894,True,0.000000048092157,0.000000000000005,0.000000000000002,0.000000407728055,True
m4-v3,d07,2,3,False,0.000001168791118,False,0.000000151935441,0.000000000000014,0.000000000000002,0.000001320726572,False
m4-v3,d07,3,2,False,0.000000752930266,True,0.000000107338701,0.000000000000010,0.000000000000002,0.000000860268975,True
m4-v3,d07,11,1,True,0.000000445376266,True,0.000000059903519,0.000000000000006,0.000000000000002,0.000000505279790,True
m4-v3,d07,13,1,True,0.000000333807608,True,0.000000064725086,0.000000000000005,0.000000000000002,0.000000398532698,True
m4-v3,d07,2,4,False,0.000001901442408,False,0.000000286364158,0.000000000000022,0.000000000000002,0.000002187806586,False
m4-v3,d07,17,1,True,0.000000476651041,True,0.000000074049760,0.000000000000007,0.000000000000002,0.000000550700806,True
m4-v3,d07,19,1,True,0.000000397892702,True,0.000000078203405,0.000000000000006,0.000000000000002,0.000000476096112,True
m4-v3,d07,23,1,True,0.000000470245315,True,0.000000085895273,0.000000000000006,0.000000000000002,0.000000556140593,True
m4-v3,d07,5,2,False,0.000000880118948,True,0.000000177842017,0.000000000000011,0.000000000000002,0.000001057960974,False
m4-v3,d07,3,3,False,0.000001504394690,False,0.000000276680717,0.000000000000017,0.000000000000002,0.000001781075423,False
m4-v3,d07,29,1,True,0.000000529429009,True,0.000000096357809,0.000000000000007,0.000000000000002,0.000000625786824,True
m4-v3,d07,31,1,True,0.000000539368054,True,0.000000099802127,0.000000000000007,0.000000000000002,0.000000639170187,True
m4-v3,d07,2,5,False,0.000002097263953,False,0.000000500106761,0.000000000000024,0.000000000000002,0.000002597370736,False
m4-v3,d07,37,1,True,0.000000562492109,True,0.000000107467025,0.000000000000007,0.000000000000002,0.000000669959140,True
m4-v3,d07,41,1,True,0.000000466324544,True,0.000000114079530,0.000000000000006,0.000000000000002,0.000000580404079,True
m4-v3,d07,43,1,True,0.000000562996434,True,0.000000116711473,0.000000000000007,0.000000000000002,0.000000679707913,True
m4-v3,d07,47,1,True,0.000000577646562,True,0.000000120377986,0.000000000000008,0.000000000000002,0.000000698024554,True
m4-v3,d07,7,2,False,0.000001056263636,False,0.000000255180913,0.000000000000013,0.000000000000002,0.000001311444560,False
m4-v3,d07,53,1,False,0.000000605440806,True,0.000000130915907,0.000000000000008,0.000000000000002,0.000000736356720,True
m4-v3,d07,59,1,False,0.000000623587849,True,0.000000137590728,0.000000000000008,0.000000000000002,0.000000761178584,True
m4-v3,d07,61,1,False,0.000000639443918,True,0.000000140092830,0.000000000000008,0.000000000000002,0.000000779536755,True
m4-v3,d07,2,6,False,0.000003766689447,False,0.000000865877610,0.000000000000041,0.000000000000002,0.000004632567097,False
m4-v3,d07,67,1,False,0.000000588938319,True,0.000000143194211,0.000000000000008,0.000000000000002,0.000000732132536,True
m4-v3,d07,71,1,False,0.000000555625759,True,0.000000147873514,0.000000000000007,0.000000000000002,0.000000703499279,True
m4-v3,d07,73,1,False,0.000000569565089,True,0.000000152325699,0.000000000000007,0.000000000000002,0.000000721890794,True
m4-v3,d07,79,1,False,0.000000643229384,True,0.000000157836887,0.000000000000008,0.000000000000002,0.000000801066278,True
m4-v3,d07,3,4,False,0.000002598279662,False,0.000000638033407,0.000000000000028,0.000000000000002,0.000003236313096,False
m4-v3,d07,83,1,False,0.000000570313914,True,0.000000160414973,0.000000000000007,0.000000000000002,0.000000730728893,True
m4-v3,d07,89,1,False,0.000000579399041,True,0.000000170163516,0.000000000000007,0.000000000000002,0.000000749562563,True
m4-v3,d07,97,1,False,0.000000654245555,True,0.000000173482588,0.000000000000008,0.000000000000002,0.000000827728149,True
m4-v3,d07,101,1,False,0.000000717944096,True,0.000000176022040,0.000000000000009,0.000000000000002,0.000000893966143,True
m4-v3,d07,103,1,False,0.000000689755041,True,0.000000182441637,0.000000000000008,0.000000000000002,0.000000872196685,True
m4-v3,d07,107,1,False,0.000000770959005,True,0.000000184229116,0.000000000000009,0.000000000000002,0.000000955188129,True
m4-v3,d07,109,1,False,0.000000783396743,True,0.000000183289402,0.000000000000009,0.000000000000002,0.000000966686152,True
m4-v3,d07,113,1,False,0.000000833859601,True,0.000000188579669,0.000000000000009,0.000000000000002,0.000001022439278,False
m4-v3,d07,11,2,False,0.000001723037586,False,0.000000394321846,0.000000000000017,0.000000000000002,0.000002117359447,False
m4-v3,d07,5,3,False,0.000002591665163,False,0.000000593786165,0.000000000000024,0.000000000000002,0.000003185451350,False
m4-v3,d07,127,1,False,0.000000892487687,True,0.000000198523703,0.000000000000008,0.000000000000002,0.000001091011397,False
m4-v3,d07,2,7,False,0.000007782173542,False,0.000001426475579,0.000000000000058,0.000000000000002,0.000009208649178,False
m4-v3,d07,131,1,False,0.000001287647920,False,0.000000207739773,0.000000000000010,0.000000000000002,0.000001495387701,False
m4-v3,d07,137,1,False,0.000000948553189,True,0.000000208526576,0.000000000000008,0.000000000000002,0.000001157079772,False
m4-v3,d07,139,1,False,0.000001322416934,False,0.000000211370568,0.000000000000008,0.000000000000002,0.000001533787509,False
m4-v3,d08,2,1,True,0.000000647442537,True,0.000000025843377,0.000000000000008,0.000000000000002,0.000000673285921,True
m4-v3,d08,3,1,True,0.000000381596365,True,0.000000031680828,0.000000000000006,0.000000000000002,0.000000413277197,True
m4-v3,d08,2,2,False,0.000000950726034,True,0.000000071909451,0.000000000000012,0.000000000000002,0.000001022635495,False
m4-v3,d08,5,1,True,0.000000458685126,True,0.000000040763943,0.000000000000006,0.000000000000002,0.000000499449074,True
m4-v3,d08,7,1,True,0.000000452263521,True,0.000000048106261,0.000000000000006,0.000000000000002,0.000000500369787,True
m4-v3,d08,2,3,False,0.000001109103051,False,0.000000152027077,0.000000000000013,0.000000000000002,0.000001261130139,False
m4-v3,d08,3,2,False,0.000000677246647,True,0.000000107736397,0.000000000000009,0.000000000000002,0.000000784983051,True
m4-v3,d08,11,1,True,0.000000461745137,True,0.000000060077002,0.000000000000006,0.000000000000002,0.000000521822144,True
m4-v3,d08,13,1,True,0.000000458118794,True,0.000000065055035,0.000000000000006,0.000000000000002,0.000000523173833,True
m4-v3,d08,2,4,False,0.000001724527664,False,0.000000282745646,0.000000000000020,0.000000000000002,0.000002007273328,False
m4-v3,d08,17,1,True,0.000000409914144,True,0.000000074373041,0.000000000000006,0.000000000000002,0.000000484287190,True
m4-v3,d08,19,1,True,0.000000389016770,True,0.000000078300922,0.000000000000006,0.000000000000002,0.000000467317696,True
m4-v3,d08,23,1,True,0.000000482866931,True,0.000000086117010,0.000000000000007,0.000000000000002,0.000000568983946,True
m4-v3,d08,5,2,False,0.000000933254290,True,0.000000178690940,0.000000000000011,0.000000000000002,0.000001111945240,False
m4-v3,d08,3,3,False,0.000001203240411,False,0.000000275828583,0.000000000000014,0.000000000000002,0.000001479069007,False
m4-v3,d08,29,1,True,0.000000439517245,True,0.000000095705659,0.000000000000006,0.000000000000002,0.000000535222908,True
m4-v3,d08,31,1,True,0.000000427700335,True,0.000000100043407,0.000000000000006,0.000000000000002,0.000000527743746,True
m4-v3,d08,2,5,False,0.000002753193612,False,0.000000497092548,0.000000000000030,0.000000000000002,0.000003250286188,False
m4-v3,d08,37,1,True,0.000000552932125,True,0.000000108195744,0.000000000000007,0.000000000000002,0.000000661127875,True
m4-v3,d08,41,1,True,0.000000530742222,True,0.000000114545178,0.000000000000007,0.000000000000002,0.000000645287406,True
m4-v3,d08,43,1,True,0.000000480066031,True,0.000000118444576,0.000000000000006,0.000000000000002,0.000000598510612,True
m4-v3,d08,47,1,True,0.000000536336709,True,0.000000125143652,0.000000000000007,0.000000000000002,0.000000661480367,True
m4-v3,d08,7,2,False,0.000001021011292,False,0.000000249846532,0.000000000000012,0.000000000000002,0.000001270857835,False
m4-v3,d08,53,1,False,0.000000540793074,True,0.000000129581718,0.000000000000007,0.000000000000002,0.000000670374797,True
m4-v3,d08,59,1,False,0.000000611473592,True,0.000000137430314,0.000000000000008,0.000000000000002,0.000000748903913,True
m4-v3,d08,61,1,False,0.000000633615389,True,0.000000143288014,0.000000000000008,0.000000000000002,0.000000776903409,True
m4-v3,d08,2,6,False,0.000003526295345,False,0.000000853768987,0.000000000000038,0.000000000000002,0.000004380064368,False
m4-v3,d08,67,1,False,0.000000581822049,True,0.000000148608185,0.000000000000007,0.000000000000002,0.000000730430240,True
m4-v3,d08,71,1,False,0.000000547229522,True,0.000000150913825,0.000000000000007,0.000000000000002,0.000000698143352,True
m4-v3,d08,73,1,False,0.000000628204075,True,0.000000150310360,0.000000000000008,0.000000000000002,0.000000778514442,True
m4-v3,d08,79,1,False,0.000000626732317,True,0.000000156852916,0.000000000000008,0.000000000000002,0.000000783585240,True
m4-v3,d08,3,4,False,0.000002172560878,False,0.000000640601048,0.000000000000024,0.000000000000002,0.000002813161948,False
m4-v3,d08,83,1,False,0.000000629885747,True,0.000000164298848,0.000000000000008,0.000000000000002,0.000000794184601,True
m4-v3,d08,89,1,False,0.000000678441555,True,0.000000167760334,0.000000000000008,0.000000000000002,0.000000846201896,True
m4-v3,d08,97,1,False,0.000000751309797,True,0.000000179169122,0.000000000000009,0.000000000000002,0.000000930478927,True
m4-v3,d08,101,1,False,0.000000722991902,True,0.000000182384496,0.000000000000009,0.000000000000002,0.000000905376405,True
m4-v3,d08,103,1,False,0.000000768152983,True,0.000000182878401,0.000000000000009,0.000000000000002,0.000000951031391,True
m4-v3,d08,107,1,False,0.000000805216093,True,0.000000185218293,0.000000000000009,0.000000000000002,0.000000990434394,True
m4-v3,d08,109,1,False,0.000000821846491,True,0.000000188110421,0.000000000000009,0.000000000000002,0.000001009956920,False
m4-v3,d08,113,1,False,0.000000724033948,True,0.000000189975069,0.000000000000008,0.000000000000002,0.000000914009024,True
m4-v3,d08,11,2,False,0.000001488173129,False,0.000000396880770,0.000000000000014,0.000000000000002,0.000001885053912,False
m4-v3,d08,5,3,False,0.000002813435928,False,0.000000606056008,0.000000000000023,0.000000000000002,0.000003419491958,False
m4-v3,d08,127,1,False,0.000000955063213,True,0.000000202621616,0.000000000000008,0.000000000000002,0.000001157684835,False
m4-v3,d08,2,7,False,0.000007461464068,False,0.000001405234965,0.000000000000050,0.000000000000002,0.000008866699081,False
m4-v3,d08,131,1,False,0.000001196205677,False,0.000000204024899,0.000000000000010,0.000000000000002,0.000001400230584,False
m4-v3,d08,137,1,False,0.000001454418500,False,0.000000206528567,0.000000000000008,0.000000000000002,0.000001660947074,False
m4-v3,d08,139,1,False,0.000002838994238,False,0.000000210854116,0.000000000000010,0.000000000000002,0.000003049848362,False
m4-v3,d09,2,1,True,0.000000585017468,True,0.000000025938001,0.000000000000008,0.000000000000002,0.000000610955475,True
m4-v3,d09,3,1,True,0.000000420147262,True,0.000000031735422,0.000000000000006,0.000000000000002,0.000000451882689,True
m4-v3,d09,2,2,False,0.000000923481886,True,0.000000072178050,0.000000000000011,0.000000000000002,0.000000995659945,True
m4-v3,d09,5,1,True,0.000000468611165,True,0.000000040865845,0.000000000000006,0.000000000000002,0.000000509477015,True
m4-v3,d09,7,1,True,0.000000399001211,True,0.000000048130277,0.000000000000006,0.000000000000002,0.000000447131493,True
m4-v3,d09,2,3,False,0.000001374164369,False,0.000000152310569,0.000000000000016,0.000000000000002,0.000001526474952,False
m4-v3,d09,3,2,False,0.000000792910245,True,0.000000108065699,0.000000000000010,0.000000000000002,0.000000900975952,True
m4-v3,d09,11,1,True,0.000000455262521,True,0.000000059960145,0.000000000000006,0.000000000000002,0.000000515222670,True
m4-v3,d09,13,1,True,0.000000383707837,True,0.000000065454235,0.000000000000005,0.000000000000002,0.000000449162076,True
m4-v3,d09,2,4,False,0.000001939802682,False,0.000000284037225,0.000000000000022,0.000000000000002,0.000002223839928,False
m4-v3,d09,17,1,True,0.000000485096303,True,0.000000074469828,0.000000000000007,0.000000000000002,0.000000559566136,True
m4-v3,d09,19,1,True,0.000000422391760,True,0.000000078282708,0.000000000000006,0.000000000000002,0.000000500674472,True
m4-v3,d09,23,1,True,0.000000476367687,True,0.000000086361702,0.000000000000006,0.000000000000002,0.000000562729394,True
m4-v3,d09,5,2,False,0.000000808595857,True,0.000000179824569,0.000000000000010,0.000000000000002,0.000000988420434,True
m4-v3,d09,3,3,False,0.000001470253030,False,0.000000275279486,0.000000000000017,0.000000000000002,0.000001745532531,False
m4-v3,d09,29,1,True,0.000000508326989,True,0.000000096708906,0.000000000000007,0.000000000000002,0.000000605035900,True
m4-v3,d09,31,1,True,0.000000550200795,True,0.000000100731260,0.000000000000007,0.000000000000002,0.000000650932061,True
m4-v3,d09,2,5,False,0.000002600432601,False,0.000000505337600,0.000000000000029,0.000000000000002,0.000003105770228,False
m4-v3,d09,37,1,True,0.000000546857554,True,0.000000108641272,0.000000000000007,0.000000000000002,0.000000655498832,True
m4-v3,d09,41,1,True,0.000000523577405,True,0.000000114191492,0.000000000000007,0.000000000000002,0.000000637768903,True
m4-v3,d09,43,1,True,0.000000572762054,True,0.000000116307015,0.000000000000007,0.000000000000002,0.000000689069075,True
m4-v3,d09,47,1,True,0.000000540100593,True,0.000000122672996,0.000000000000007,0.000000000000002,0.000000662773595,True
m4-v3,d09,7,2,False,0.000001191304772,False,0.000000246722786,0.000000000000014,0.000000000000002,0.000001438027570,False
m4-v3,d09,53,1,False,0.000000599659688,True,0.000000129123597,0.000000000000008,0.000000000000002,0.000000728783291,True
m4-v3,d09,59,1,False,0.000000633292466,True,0.000000138466828,0.000000000000008,0.000000000000002,0.000000771759300,True
m4-v3,d09,61,1,False,0.000000625441413,True,0.000000140884012,0.000000000000008,0.000000000000002,0.000000766325431,True
m4-v3,d09,2,6,False,0.000003305885379,False,0.000000849689244,0.000000000000035,0.000000000000002,0.000004155574657,False
m4-v3,d09,67,1,False,0.000000616452884,True,0.000000146885979,0.000000000000008,0.000000000000002,0.000000763338869,True
m4-v3,d09,71,1,False,0.000000546122029,True,0.000000149704390,0.000000000000007,0.000000000000002,0.000000695826425,True
m4-v3,d09,73,1,False,0.000000668482164,True,0.000000154072432,0.000000000000008,0.000000000000002,0.000000822554603,True
m4-v3,d09,79,1,False,0.000000670751447,True,0.000000161791320,0.000000000000008,0.000000000000002,0.000000832542774,True
m4-v3,d09,3,4,False,0.000002742196350,False,0.000000641741105,0.000000000000029,0.000000000000002,0.000003383937483,False
m4-v3,d09,83,1,False,0.000000637989599,True,0.000000163548077,0.000000000000008,0.000000000000002,0.000000801537682,True
m4-v3,d09,89,1,False,0.000000552291034,True,0.000000170191868,0.000000000000007,0.000000000000002,0.000000722482907,True
m4-v3,d09,97,1,False,0.000000558013657,True,0.000000177148139,0.000000000000007,0.000000000000002,0.000000735161802,True
m4-v3,d09,101,1,False,0.000000746784315,True,0.000000180696373,0.000000000000009,0.000000000000002,0.000000927480695,True
m4-v3,d09,103,1,False,0.000000741885912,True,0.000000179398276,0.000000000000009,0.000000000000002,0.000000921284195,True
m4-v3,d09,107,1,False,0.000000744245231,True,0.000000194045066,0.000000000000009,0.000000000000002,0.000000938290304,True
m4-v3,d09,109,1,False,0.000000631134766,True,0.000000185168181,0.000000000000008,0.000000000000002,0.000000816302953,True
m4-v3,d09,113,1,False,0.000000828026471,True,0.000000190340213,0.000000000000009,0.000000000000002,0.000001018366692,False
m4-v3,d09,11,2,False,0.000001796840121,False,0.000000389796562,0.000000000000017,0.000000000000002,0.000002186636699,False
m4-v3,d09,5,3,False,0.000003049568399,False,0.000000591718322,0.000000000000026,0.000000000000002,0.000003641286745,False
m4-v3,d09,127,1,False,0.000000823547581,True,0.000000201353787,0.000000000000008,0.000000000000002,0.000001024901374,False
m4-v3,d09,2,7,False,0.000008436388221,False,0.000001418986225,0.000000000000046,0.000000000000002,0.000009855374490,False
m4-v3,d09,131,1,False,0.000001226089707,False,0.000000206129169,0.000000000000010,0.000000000000002,0.000001432218884,False
m4-v3,d09,137,1,False,0.000001872945631,False,0.000000209166640,0.000000000000010,0.000000000000002,0.000002082112280,False
m4-v3,d09,139,1,False,0.000002684690454,False,0.000000212781340,0.000000000000009,0.000000000000002,0.000002897471802,False
m4-v3,d10,2,1,True,0.000000572319428,True,0.000000026014364,0.000000000000007,0.000000000000002,0.000000598333798,True
m4-v3,d10,3,1,True,0.000000537268226,True,0.000000031837458,0.000000000000007,0.000000000000002,0.000000569105690,True
m4-v3,d10,2,2,False,0.000000894518809,True,0.000000072544269,0.000000000000011,0.000000000000002,0.000000967063088,True
m4-v3,d10,5,1,True,0.000000371071278,True,0.000000040987288,0.000000000000005,0.000000000000002,0.000000412058570,True
m4-v3,d10,7,1,True,0.000000408408210,True,0.000000048585874,0.000000000000006,0.000000000000002,0.000000456994088,True
m4-v3,d10,2,3,False,0.000001348458996,False,0.000000152334522,0.000000000000016,0.000000000000002,0.000001500793532,False
m4-v3,d10,3,2,False,0.000000747698221,True,0.000000108280594,0.000000000000009,0.000000000000002,0.000000855978823,True
m4-v3,d10,11,1,True,0.000000386676167,True,0.000000060137497,0.000000000000006,0.000000000000002,0.000000446813668,True
m4-v3,d10,13,1,True,0.000000419119404,True,0.000000065721091,0.000000000000006,0.000000000000002,0.000000484840499,True
m4-v3,d10,2,4,False,0.000001974376884,False,0.000000289460794,0.000000000000022,0.000000000000002,0.000002263837699,False
m4-v3,d10,17,1,True,0.000000479609757,True,0.000000074781358,0.000000000000006,0.000000000000002,0.000000554391120,True
m4-v3,d10,19,1,True,0.000000444961306,True,0.000000078828339,0.000000000000006,0.000000000000002,0.000000523789650,True
m4-v3,d10,23,1,True,0.000000525467325,True,0.000000086833358,0.000000000000007,0.000000000000002,0.000000612300689,True
m4-v3,d10,5,2,False,0.000000904819968,True,0.000000180465306,0.000000000000011,0.000000000000002,0.000001085285283,False
m4-v3,d10,3,3,False,0.000001593023846,False,0.000000277173571,0.000000000000018,0.000000000000002,0.000001870197433,False
m4-v3,d10,29,1,True,0.000000500653110,True,0.000000098463596,0.000000000000007,0.000000000000002,0.000000599116712,True
m4-v3,d10,31,1,True,0.000000557942833,True,0.000000100220315,0.000000000000007,0.000000000000002,0.000000658163154,True
m4-v3,d10,2,5,False,0.000002794856767,False,0.000000499259288,0.000000000000030,0.000000000000002,0.000003294116084,False
m4-v3,d10,37,1,True,0.000000502265072,True,0.000000110337594,0.000000000000007,0.000000000000002,0.000000612602671,True
m4-v3,d10,41,1,True,0.000000574397569,True,0.000000115372338,0.000000000000007,0.000000000000002,0.000000689769913,True
m4-v3,d10,43,1,True,0.000000506014424,True,0.000000117436018,0.000000000000007,0.000000000000002,0.000000623450447,True
m4-v3,d10,47,1,True,0.000000608600630,True,0.000000122723020,0.000000000000008,0.000000000000002,0.000000731323657,True
m4-v3,d10,7,2,False,0.000001220386906,False,0.000000253333427,0.000000000000014,0.000000000000002,0.000001473720345,False
m4-v3,d10,53,1,False,0.000000494559160,True,0.000000130467498,0.000000000000007,0.000000000000002,0.000000625026663,True
m4-v3,d10,59,1,False,0.000000657319493,True,0.000000136626199,0.000000000000008,0.000000000000002,0.000000793945699,True
m4-v3,d10,61,1,False,0.000000591636835,True,0.000000142055778,0.000000000000008,0.000000000000002,0.000000733692619,True
m4-v3,d10,2,6,False,0.000003893775402,False,0.000000847388599,0.000000000000041,0.000000000000002,0.000004741164041,False
m4-v3,d10,67,1,False,0.000000522007848,True,0.000000147784851,0.000000000000007,0.000000000000002,0.000000669792704,True
m4-v3,d10,71,1,False,0.000000680639480,True,0.000000152330295,0.000000000000008,0.000000000000002,0.000000832969782,True
m4-v3,d10,73,1,False,0.000000616810577,True,0.000000153291363,0.000000000000008,0.000000000000002,0.000000770101947,True
m4-v3,d10,79,1,False,0.000000679773392,True,0.000000158107422,0.000000000000008,0.000000000000002,0.000000837880821,True
m4-v3,d10,3,4,False,0.000002553116842,False,0.000000647290308,0.000000000000027,0.000000000000002,0.000003200407175,False
m4-v3,d10,83,1,False,0.000000566009997,True,0.000000162402438,0.000000000000007,0.000000000000002,0.000000728412441,True
m4-v3,d10,89,1,False,0.000000707361252,True,0.000000169825933,0.000000000000009,0.000000000000002,0.000000877187192,True
m4-v3,d10,97,1,False,0.000000761966117,True,0.000000177034224,0.000000000000009,0.000000000000002,0.000000939000348,True
m4-v3,d10,101,1,False,0.000000678406901,True,0.000000180562574,0.000000000000008,0.000000000000002,0.000000858969481,True
m4-v3,d10,103,1,False,0.000000696509838,True,0.000000182330765,0.000000000000008,0.000000000000002,0.000000878840610,True
m4-v3,d10,107,1,False,0.000000791212449,True,0.000000186774385,0.000000000000009,0.000000000000002,0.000000977986841,True
m4-v3,d10,109,1,False,0.000000688287284,True,0.000000186897995,0.000000000000008,0.000000000000002,0.000000875185286,True
m4-v3,d10,113,1,False,0.000000644424145,True,0.000000190480271,0.000000000000007,0.000000000000002,0.000000834904421,True
m4-v3,d10,11,2,False,0.000001649913545,False,0.000000387123383,0.000000000000016,0.000000000000002,0.000002037036942,False
m4-v3,d10,5,3,False,0.000002815140669,False,0.000000594258159,0.000000000000024,0.000000000000002,0.000003409398850,False
m4-v3,d10,127,1,False,0.000000966445363,True,0.000000200691452,0.000000000000009,0.000000000000002,0.000001167136823,False
m4-v3,d10,2,7,False,0.000008707067920,False,0.000001414482566,0.000000000000057,0.000000000000002,0.000010121550541,False
m4-v3,d10,131,1,False,0.000001206802540,False,0.000000205226887,0.000000000000010,0.000000000000002,0.000001412029435,False
m4-v3,d10,137,1,False,0.000001361454173,False,0.000000206257190,0.000000000000009,0.000000000000002,0.000001567711371,False
m4-v3,d10,139,1,False,0.000001992266282,False,0.000000210447757,0.000000000000010,0.000000000000002,0.000002202714047,False
