versao,bloco,p,r,T,c,resolved,clearly_detectable,eligible,margin,e_rec,escala_suficiente_F,tau,e_lin_U5.5,d_U5.5,e_lin_U6.0,d_U6.0,e_lin_U7.0,d_U7.0,e_lin_U8.0,d_U8.0,e_lin_U10.0,d_U10.0
m4-v1,b01,2,1,np.float64(0.6931471805599453),np.float64(-0.1560129290391036),True,True,True,1.4494755160525694,2.813929089739986e-10,np.float64(7.741436002178738e-05),1e-06,-1.9632406378179976e-12,2.833561496118166e-10,-9.240608027943377e-13,2.823169697767929e-10,-8.105660640466123e-13,2.8220347503804523e-10,-9.89615248021974e-13,2.823825242220206e-10,-4.219627768696638e-13,2.8181487175086825e-10
m4-v1,b01,3,1,np.float64(1.0986122886681098),np.float64(-0.20189889986939866),True,True,True,1.818429271676547,-5.929701174522961e-13,np.float64(9.689943393038808e-05),1e-06,7.6012080105405e-12,-8.194178127992796e-12,8.330660888646273e-12,-8.923631006098569e-12,9.918564141627929e-12,-1.0511534259080225e-11,1.1969583429031427e-11,-1.2562553546483724e-11,1.1043284248520355e-11,-1.1636254365972652e-11
m4-v1,b01,2,2,np.float64(1.3862943611198906),np.float64(-0.1103178000763258),True,False,False,0.9776518181854521,8.639688964251491e-11,np.float64(5.28079999488068e-05),1e-06,-4.5985089433640696e-11,1.323819790761556e-10,-4.9330476470695104e-11,1.3572736611321e-10,-5.508030342648014e-11,1.4147719306899505e-10,-7.117618963910405e-11,1.5757307928161894e-10,-5.519717683474572e-11,1.4159406647726063e-10
m4-v1,b01,5,1,np.float64(1.6094379124341003),np.float64(-0.22910752440522542),True,True,True,2.0034533711980353,2.1439694464220338e-10,np.float64(9.260941261996498e-05),1e-06,-4.94771599931837e-12,2.1934466064152175e-10,-6.204107909934434e-12,2.2060105255213782e-10,-5.2475211619408765e-12,2.1964446580414427e-10,-6.5417632451076645e-12,2.2093870788731103e-10,-3.5555374437586595e-12,2.1795248208596204e-10
m4-v1,b01,7,1,np.float64(1.9459101490553132),np.float64(-0.23411211608563706),True,True,True,1.961325301086815,2.3571478102724086e-10,np.float64(0.00010850229250966989),1e-06,-1.2822189326515743e-11,2.485369703537566e-10,-1.3046667850037892e-11,2.4876144887727874e-10,-1.3384955211846735e-11,2.490997362390876e-10,-1.7795347035584785e-11,2.5351012806282567e-10,-1.1841605651093676e-11,2.475563866783345e-10
m4-v1,b01,2,3,np.float64(2.0794415416798357),np.float64(-0.0780064645195518),True,False,False,0.6448669201965194,-1.4059138297994878e-09,np.float64(3.6125139113566075e-05),1e-06,1.5753980189986446e-11,-1.4216678099894742e-09,1.7558695910549117e-12,-1.4076696993905427e-09,3.9465571144080254e-12,-1.4098603869138959e-09,7.995131915594078e-12,-1.413908961715082e-09,2.552937203168309e-12,-1.4084667670026561e-09
m4-v1,b01,3,2,np.float64(2.1972245773362196),np.float64(-0.1165663841886866),True,False,False,0.9451125129420935,-1.196002408221375e-09,np.float64(5.2596417377590107e-05),1e-06,-7.883929723239563e-11,-1.1171631109889793e-09,-8.290452887873628e-11,-1.1130978793426386e-09,-9.071001099051337e-11,-1.1052923972308615e-09,-1.110074619351807e-10,-1.0849949462861943e-09,-9.077044817212679e-11,-1.1052319600492482e-09
m4-v1,b01,11,1,np.float64(2.3978952727983707),np.float64(-0.23013570108523157),True,True,True,1.8189251677158067,2.999183124074989e-10,np.float64(0.00011568496289842484),1e-06,1.377271547975184e-11,2.8614559692774707e-10,2.6201714421744292e-11,2.737165979857546e-10,2.404082920010461e-11,2.758774832073943e-10,2.104171941054348e-11,2.788765929969554e-10,2.3561116587279367e-11,2.763571958202195e-10
m4-v1,b01,13,1,np.float64(2.5649493574615367),np.float64(-0.22644213759952758),True,True,True,1.7520206297201115,-8.56197335252773e-11,np.float64(8.305068977821993e-05),1e-06,-2.6590006228482687e-11,-5.902972729679461e-11,-3.881370480163661e-11,-4.680602872364069e-11,-4.0089530391754975e-11,-4.553020313352232e-11,-3.983060291208205e-11,-4.578913061319525e-11,-4.2012785960143463e-11,-4.3606947565133834e-11
m4-v1,b01,2,4,np.float64(2.772588722239781),np.float64(-0.0551589000381629),True,False,False,0.41264619998280516,-6.751645909019999e-10,np.float64(2.477810092171057e-05),1e-06,3.0968220010544194e-10,-9.848467910074418e-10,3.4531050176815333e-10,-1.020475092670153e-09,3.8220567500824465e-10,-1.0573702659102445e-09,4.3591666746832857e-10,-1.1110812583703285e-09,3.992597976100046e-10,-1.0744243885120045e-09
m4-v1,b01,17,1,np.float64(2.833213344056216),np.float64(-0.21872828371837585),True,True,True,1.6223814310292892,2.318252256827691e-10,np.float64(8.781719508306987e-05),1e-06,-6.958839010539795e-11,3.01413615788167e-10,-7.224987211019093e-11,3.0407509779296e-10,-8.076660505188518e-11,3.125918307346543e-10,-9.704977802872832e-11,3.2887500371149744e-10,-8.325245730598883e-11,3.1507768298875794e-10
m4-v1,b01,19,1,np.float64(2.9444389791664403),np.float64(-0.21501852841127717),True,True,True,1.5601256578721094,4.423394983632534e-11,np.float64(7.864808902996334e-05),1e-06,5.2531985469326674e-11,-8.298035633001337e-12,4.5898640503920964e-11,-1.6646906675956267e-12,5.5159750666517514e-11,-1.0925800830192177e-11,6.606879579693767e-11,-2.183484596061233e-11,5.892593173150405e-11,-1.4691981895178713e-11
m4-v1,b01,23,1,np.float64(3.1354942159291497),np.float64(-0.20810964733659634),True,True,True,1.4544148998169717,-1.000115545934932e-10,np.float64(8.589843977862894e-05),1e-06,-2.6066032521229992e-11,-7.394552207226321e-11,-4.470350130199042e-11,-5.530805329150278e-11,-3.909917774995785e-11,-6.091237684353534e-11,-2.9408559751137944e-11,-7.060299484235526e-11,-3.6475561616933024e-11,-6.353599297656018e-11
m4-v1,b01,5,2,np.float64(3.2188758248682006),np.float64(-0.10245999974535523),True,False,False,0.7115296635895433,2.003243126935672e-09,np.float64(3.758558347514307e-05),1e-06,-1.9830287059425838e-10,2.2015459975299304e-09,-1.8446135081865348e-10,2.1877044777543257e-09,-2.1166449680668874e-10,2.2149076237423606e-09,-2.418152143788353e-10,2.2450583413145076e-09,-2.2190143830128595e-10,2.225144565236958e-09
m4-v1,b01,3,3,np.float64(3.295836866004329),np.float64(-0.06729963328979954),True,False,False,0.4557133088868426,6.233213944994986e-11,np.float64(2.8816986747784386e-05),1e-06,-2.319451503328141e-10,2.9427728978276393e-10,-2.41934580830383e-10,3.0426672028033285e-10,-2.774495895935679e-10,3.3978172904351776e-10,-3.074505273247808e-10,3.6978266677473066e-10,-2.9690863749030626e-10,3.592407769402561e-10
m4-v1,b01,29,1,np.float64(3.367295829986474),np.float64(-0.1990363509339811),True,True,True,1.3467313495577633,3.801308157136418e-10,np.float64(8.524560722923354e-05),1e-06,9.864391164461544e-11,2.814869040690264e-10,1.1936846000692494e-10,2.607623557067169e-10,1.1681016813572276e-10,2.633206475779191e-10,1.1353268322113973e-10,2.665981324925021e-10,1.1319867232121484e-10,2.6693214339242697e-10
m4-v1,b01,31,1,np.float64(3.4339872044851463),np.float64(-0.1963215403858554),True,True,True,1.311229650538642,4.086968541372471e-10,np.float64(7.735363411337656e-05),1e-06,2.1388700086975174e-10,1.9480985326749536e-10,2.3105513105563207e-10,1.7764172308161503e-10,2.5218651181061735e-10,1.5651034232662975e-10,2.8039301091149205e-10,1.2830384322575505e-10,2.6099231054851664e-10,1.4770454358873046e-10
m4-v1,b01,2,5,np.float64(3.4657359027997265),np.float64(-0.0390032322597759),True,False,False,0.26114657181062123,-1.4361247746563777e-09,np.float64(1.7036038880105543e-05),1e-06,-1.2030129128551784e-10,-1.3158234833708597e-09,5.270255471504251e-11,-1.48882732937142e-09,1.0797722132266879e-11,-1.4469224967886445e-09,-2.8427892873829063e-11,-1.4076968817825485e-09,4.2268360676029894e-12,-1.4403516107239806e-09
m4-v1,b01,37,1,np.float64(3.6109179126442243),np.float64(-0.1889586950119591),True,True,True,1.2131079669495484,1.6024026550098824e-10,np.float64(7.150913109439285e-05),1e-06,3.426335314189329e-10,-1.8239326591794465e-10,3.5001363052543423e-10,-1.8977336502444598e-10,3.7670199567297703e-10,-2.164617301719888e-10,4.051432777115274e-10,-2.4490301221053914e-10,3.84574196651859e-10,-2.2433393115087078e-10
m4-v1,b01,41,1,np.float64(3.713572066704308),np.float64(-0.184607803637099),True,True,True,1.1499268105583853,2.161828493996154e-10,np.float64(7.391011966446973e-05),1e-06,-4.329617863287736e-10,6.491446357283889e-10,-4.5082667317973623e-10,6.670095225793517e-10,-4.782120442350649e-10,6.943948936346803e-10,-5.094367479024593e-10,7.256195973020747e-10,-4.850861898973007e-10,7.012690392969161e-10
m4-v1,b01,43,1,np.float64(3.7612001156935624),np.float64(-0.18257543342631882),True,True,True,1.126758870885742,6.027855992130071e-10,np.float64(8.771331132968418e-05),1e-06,-3.664301100370649e-10,9.69215709250072e-10,-3.755280942313522e-10,9.783136934443594e-10,-4.014456102890567e-10,1.004231209502064e-09,-4.3476447872308915e-10,1.0375500779360962e-09,-4.0885887591622565e-10,1.0116444751292327e-09
m4-v1,b01,47,1,np.float64(3.8501476017100584),np.float64(-0.17876338822837304),True,True,True,1.1139533160997075,1.4773948731061637e-09,np.float64(6.734524114480126e-05),1e-06,3.647520934964688e-10,1.1126427796096948e-09,3.3755743816368493e-10,1.1398374349424788e-09,3.633311115267259e-10,1.1140637615794377e-09,3.8385812257641636e-10,1.0935367505297473e-09,3.683956779502551e-10,1.1089991951559087e-09
m4-v1,b01,7,2,np.float64(3.8918202981106265),np.float64(-0.08848606258138285),True,False,False,0.527265572670872,-3.2714364550656683e-10,np.float64(3.772083218742446e-05),1e-06,-3.717956632995991e-10,4.4652017793032287e-11,-3.842337059880646e-10,5.7090060481497766e-11,-4.278106340093184e-10,1.0066698850275155e-10,-4.5364440596206314e-10,1.265007604554963e-10,-4.496046318716777e-10,1.2246098636511085e-10
m4-v1,b01,53,1,np.float64(3.970291913552122),np.float64(-0.1735939685443537),True,True,True,1.0305792774642926,2.0690629209951794e-09,np.float64(6.384558584305837e-05),1e-06,7.07842439255988e-10,1.3612204817391915e-09,7.175070226408222e-10,1.3515558983543572e-09,7.490235930218271e-10,1.3200393279733523e-09,7.733059667128706e-10,1.2957569542823088e-09,7.533293603370086e-10,1.3157335606581708e-09
m4-v1,b01,59,1,np.float64(4.07753744390572),np.float64(-0.16897485378921837),True,False,False,0.9865042950334173,-7.672908974853954e-10,np.float64(8.233331267468238e-05),1e-06,-2.7862857889566315e-10,-4.886623185897322e-10,-2.5523970166009736e-10,-5.12051195825298e-10,-2.515977699266989e-10,-5.156931275586965e-10,-2.387936306481878e-10,-5.284972668372075e-10,-2.412244430079809e-10,-5.260664544774144e-10
m4-v1,b01,61,1,np.float64(4.110873864173311),np.float64(-0.16754032791775322),True,False,False,0.9544257748439955,-3.7353953263874473e-10,np.float64(6.158823925947388e-05),1e-06,1.197799633243478e-10,-4.933194959630925e-10,2.198363206900325e-10,-5.933758533287772e-10,2.0432289002444239e-10,-5.778624226631871e-10,1.78803698932759e-10,-5.523432315715037e-10,1.9826590720995279e-10,-5.718054398486976e-10
m4-v1,b01,2,6,np.float64(4.1588830833596715),np.float64(-0.02757945001908145),True,False,False,0.15888643833657998,-1.8033353699209442e-09,np.float64(1.1742575735377791e-05),1e-06,-4.823835967546327e-09,3.0205005976253827e-09,-5.392106794448478e-09,3.5887714245275337e-09,-5.643548495559736e-09,3.8402131256387916e-09,-5.792907662141197e-09,3.989572292220253e-09,-5.752219513298385e-09,3.9488841433774404e-09
m4-v1,b01,67,1,np.float64(4.204692619390966),np.float64(-0.16351100147025147),True,False,False,0.9194429584804348,-1.3022092293368814e-09,np.float64(6.18818739306705e-05),1e-06,-1.3644053350150655e-09,6.219610567818405e-11,-1.365483451531201e-09,6.327422219431961e-11,-1.408207227930516e-09,1.0599799859363458e-10,-1.431933061776741e-09,1.2972383243985953e-10,-1.4116448354310554e-09,1.0943560609417399e-10
m4-v1,b01,71,1,np.float64(4.2626798770413155),np.float64(-0.16102884271275783),True,False,False,0.9067726904681027,2.0079184981369735e-09,np.float64(6.876324123322034e-05),1e-06,1.1072377346627168e-09,9.006807634742567e-10,1.1006094230257176e-09,9.07309075111256e-10,1.1523361134001195e-09,8.55582384736854e-10,1.203642322292648e-09,8.042761758443254e-10,1.1672750617079981e-09,8.406434364289754e-10
m4-v1,b01,73,1,np.float64(4.290459441148391),np.float64(-0.1598425863444375),True,False,False,0.89750564891742,-4.659452823574384e-10,np.float64(6.698368179689683e-05),1e-06,-7.994489495844595e-10,3.335036672270211e-10,-9.592579249539254e-10,4.933126425964871e-10,-9.481334324073291e-10,4.821881500498908e-10,-9.319363534373783e-10,4.659910710799399e-10,-9.37309787789314e-10,4.713645054318756e-10
m4-v1,b01,79,1,np.float64(4.3694478524670215),np.float64(-0.15648155106679665),True,False,False,0.8558068235317273,-1.0062289890200304e-09,np.float64(7.218176361733243e-05),1e-06,-1.7124079510833455e-09,7.06178962063315e-10,-1.7136707125337773e-09,7.074417235137468e-10,-1.7296129895347749e-09,7.233840005147444e-10,-1.7229391699356702e-09,7.167101809156398e-10,-1.7186823773870071e-09,7.124533883669767e-10
m4-v1,b01,3,4,np.float64(4.394449154672439),np.float64(-0.03885546139622887),True,False,False,0.21360335830327742,1.837547003447071e-08,np.float64(1.5914327202785727e-05),1e-06,1.5069319571651753e-08,3.306150462818956e-09,1.54143358122396e-08,2.96113422223111e-09,1.583898029340603e-08,2.5364897410646793e-09,1.611903139983367e-08,2.256438634637038e-09,1.593691064642302e-08,2.438559388047688e-09
m4-v1,b01,83,1,np.float64(4.418840607796598),np.float64(-0.15439008898017337),True,False,False,0.8467907909154524,4.00329991379067e-10,np.float64(6.578086090102133e-05),1e-06,2.1665989279649458e-10,1.836700985825724e-10,1.9446458255189712e-11,3.808835331238773e-10,3.5653250767157977e-12,3.967646663023512e-10,-1.8672711326321737e-11,4.1900270270538873e-10,-1.5320337422002202e-11,4.156503288010692e-10
m4-v1,b01,89,1,np.float64(4.48863636973214),np.float64(-0.15145009428891956),True,False,False,0.8156631089570499,4.334190339960742e-09,np.float64(7.147662541184505e-05),1e-06,5.658588355780016e-09,-1.3243980158192745e-09,5.80682267510563e-09,-1.472632335144888e-09,5.9548675248156775e-09,-1.6206771848549357e-09,6.040210348608161e-09,-1.7060200086474192e-09,5.9970734027273395e-09,-1.6628830627665977e-09
m4-v1,b01,97,1,np.float64(4.574710978503383),np.float64(-0.14785224441209735),True,False,False,0.7727026055895849,-4.5674785065230594e-09,np.float64(5.459184625764444e-05),1e-06,-4.243427563988376e-09,-3.240509425346832e-10,-4.421051819985082e-09,-1.4642668653797763e-10,-4.449234588149498e-09,-1.1824391837356138e-10,-4.4623543875198366e-09,-1.0512411900322285e-10,-4.4437567253323675e-09,-1.2372178119069189e-10
m4-v1,b01,101,1,np.float64(4.61512051684126),np.float64(-0.14617479278578105),True,False,False,0.7624019510393836,5.216511667072155e-10,np.float64(6.893138666569024e-05),1e-06,3.5191060844377175e-11,4.864601058628382e-10,4.96282944274875e-10,2.536822243234043e-11,4.59479213430521e-10,6.217195327669444e-11,4.308406983108344e-10,9.081046839638103e-11,4.4881467077004476e-10,7.283649593717069e-11
m4-v1,b01,103,1,np.float64(4.634728988229636),np.float64(-0.145363663339395),True,False,False,0.7476738779743525,2.146222977117418e-09,np.float64(7.241231549348526e-05),1e-06,1.5930749694780858e-09,5.531480076393321e-10,1.493815237322197e-09,6.52407739795221e-10,1.506393578216726e-09,6.398293989006919e-10,1.5289928349081424e-09,6.172301422092755e-10,1.5034179112068366e-09,6.428050659105813e-10
m4-v1,b01,107,1,np.float64(4.672828834461906),np.float64(-0.14379312149769535),True,False,False,0.7229929220233838,-1.2683919581313319e-08,np.float64(6.232411411499745e-05),1e-06,-1.3103452726738691e-08,4.195331454253726e-10,-1.327110329402771e-08,5.871837127143909e-10,-1.3442818500357243e-08,7.588989190439241e-10,-1.3518835624369617e-08,8.349160430562979e-10,-1.3488536636161556e-08,8.04617054848237e-10
m4-v1,b01,109,1,np.float64(4.6913478822291435),np.float64(-0.14303243005044233),True,False,False,0.7247539937620049,5.939964964341016e-09,np.float64(5.228966007043918e-05),1e-06,3.5158699055911695e-09,2.4240950587498462e-09,3.56599256830988e-09,2.373972396031136e-09,3.693489821938459e-09,2.2464751424025566e-09,3.791502406131469e-09,2.1484625582095465e-09,3.744942589078506e-09,2.19502237526251e-09
m4-v1,b01,113,1,np.float64(4.727387818712341),np.float64(-0.14155725660115417),True,False,False,0.703338489587444,1.1748151340640334e-09,np.float64(7.264075978541328e-05),1e-06,7.82133851670395e-10,3.9268128239363833e-10,9.569583806410168e-11,1.0791192959999317e-09,1.319648857446977e-10,1.0428502483193357e-09,1.606512687242934e-10,1.01416386533974e-09,1.4027098877616955e-10,1.0345441452878638e-09
m4-v1,b01,11,2,np.float64(4.795790545596741),np.float64(-0.06938852466955447),True,False,False,0.35025896945060303,1.3158225020681869e-07,np.float64(3.402376865817135e-05),1e-06,1.3224604032860335e-07,-6.637901217846678e-10,1.3310473675467718e-07,-1.5224865478584963e-09,1.337451211639423e-07,-2.1628709571236152e-09,1.3402996997372397e-07,-2.447719766905281e-09,1.338853346883194e-07,-2.3030844815007273e-09
m4-v1,b01,5,3,np.float64(4.828313737302301),np.float64(-0.04582150488104508),True,False,False,0.22897114465856952,3.1257107191429157e-07,np.float64(1.7160458506074205e-05),1e-06,3.1209827141314257e-07,4.728005011489981e-10,3.1253532478773836e-07,3.5747126553203984e-11,3.13161471207626e-07,-5.903992933344435e-10,3.1331445763961476e-07,-7.433857253231957e-10,3.131963851052489e-07,-6.253131909573488e-10
m4-v1,b01,127,1,np.float64(4.844187086458591),np.float64(-0.13682617124428062),True,False,False,0.6763209168593002,2.9671380241680367e-08,np.float64(5.4915177249423945e-05),1e-06,2.8591199686593457e-08,1.0801805550869102e-09,2.9313159925581727e-08,3.582203160986401e-10,2.9266936683838824e-08,4.0444355784154296e-10,2.920203841351622e-08,4.693418281641488e-10,2.9234533181442603e-08,4.368470602377639e-10
m4-v1,b01,2,7,np.float64(4.852030263919617),np.float64(-0.01950161612988795),True,False,False,0.09596148416409124,2.2777708563737065e-07,np.float64(7.98707151270425e-06),1e-06,2.3121309000889943e-07,-3.4360043715287873e-09,2.2519837585737041e-07,2.5787097800002315e-09,2.2586626140878288e-07,1.910824228587769e-09,2.2617392334330402e-07,1.6031622940666219e-09,2.2599874694910144e-07,1.7783386882692073e-09
m4-v1,b01,131,1,np.float64(4.875197323201151),np.float64(-0.1355834491603077),True,False,False,0.6569528857823694,-7.81069372512988e-08,np.float64(6.16488868041413e-05),1e-06,-7.830250126892793e-08,1.9556401762912853e-10,-7.74273038750713e-08,-6.796333762275066e-10,-7.743354026882798e-08,-6.733969824708182e-10,-7.74070062751648e-08,-6.999309761340005e-10,-7.740232849010411e-08,-7.04608761194694e-10
m4-v1,b01,137,1,np.float64(4.919980925828125),np.float64(-0.13379912176069506),True,False,False,0.6615502477672787,6.337704943071287e-07,np.float64(5.001908043132148e-05),1e-06,6.33746923066433e-07,2.3571240695694355e-11,6.332902671279282e-07,4.802271792005051e-10,6.335619125288802e-07,2.085817782484862e-10,6.336394210694407e-07,1.3107323768799628e-10,6.335944408431718e-07,1.7605346395697121e-10
m4-v1,b01,139,1,np.float64(4.9344739331306915),np.float64(-0.13322434272608064),True,False,False,0.6521932259239159,4.407542637530071e-07,np.float64(4.900630155132612e-05),1e-06,4.395228156522868e-07,1.2314481007202941e-09,4.4114427211984434e-07,-3.9000836683725875e-10,4.412336863802245e-07,-4.794226272173982e-10,4.4124851663202705e-07,-4.942528790199738e-10,4.412603287327272e-07,-5.060649797201409e-10
m4-v1,b02,2,1,np.float64(0.6931471805599453),np.float64(-0.1560129290391036),True,True,True,1.4029236443731565,1.7223000803312516e-10,np.float64(5.595321941401781e-05),1e-06,-4.842102900943555e-13,1.7271421832321951e-10,1.0517217569000307e-11,1.6171279046412486e-10,1.7928517198694657e-12,1.704371563132557e-10,-1.9078136615398414e-12,1.74137821694665e-10,-4.433592585820335e-12,1.766636006189455e-10
m4-v1,b02,3,1,np.float64(1.0986122886681098),np.float64(-0.20189889986939866),True,True,True,1.7803699205232961,-2.4453428171256064e-10,np.float64(7.641468684633888e-05),1e-06,2.9438408953721024e-12,-2.4747812260793277e-10,-2.9765432680065462e-12,-2.4155773844455407e-10,2.468616943595924e-12,-2.4700289865615655e-10,-1.0842730774327096e-12,-2.434500086351279e-10,2.6069107233695622e-12,-2.471411924359302e-10
m4-v1,b02,2,2,np.float64(1.3862943611198906),np.float64(-0.1103178000763258),True,False,False,0.9594679837901412,3.0414293306080253e-10,np.float64(4.503521505267156e-05),1e-06,-1.9273543193768113e-11,3.2341647625457064e-10,-3.7899222394978655e-11,3.420421554557812e-10,-2.84431038692655e-11,3.32586036930068e-10,-1.689997230035089e-11,3.2104290536115344e-10,-2.1022580789157458e-11,3.2516551384996e-10
m4-v1,b02,5,1,np.float64(1.6094379124341003),np.float64(-0.22910752440522542),True,True,True,1.9583196993382483,5.1087578611941353e-11,np.float64(9.085892880467974e-05),1e-06,3.4442657555368475e-12,4.7643312856404505e-11,1.52998483959444e-11,3.578773021599695e-11,7.366511546795962e-12,4.372106706514539e-11,2.6372836224975295e-14,5.1061205775716375e-11,-2.227384893665621e-13,5.1310317101307915e-11
m4-v1,b02,7,1,np.float64(1.9459101490553132),np.float64(-0.23411211608563706),True,True,True,1.9051583987485352,-1.0079159729059484e-10,np.float64(8.333164270176261e-05),1e-06,6.127281588604753e-12,-1.0691887887919959e-10,3.282978011530274e-12,-1.0407457530212511e-10,6.4757182065427975e-12,-1.0726731549713763e-10,4.8590645493217784e-12,-1.0565066183991661e-10,7.758354364246213e-12,-1.0854995165484105e-10
m4-v1,b02,2,3,np.float64(2.0794415416798357),np.float64(-0.0780064645195518),True,False,False,0.6354280758723609,3.5048608459931074e-10,np.float64(3.0175894336036192e-05),1e-06,2.436488394372888e-12,3.480495962049379e-10,2.835612962178009e-11,3.2212995497753063e-10,1.0441797021246588e-11,3.4004428757806416e-10,2.3667398355735832e-11,3.268186862435749e-10,1.5594395128167957e-11,3.348916894711428e-10
m4-v1,b02,3,2,np.float64(2.1972245773362196),np.float64(-0.1165663841886866),True,False,False,0.9521458943572528,4.110840556847961e-10,np.float64(4.156540993284305e-05),1e-06,-9.531776894787238e-12,4.2061583257958334e-10,-2.472822461949859e-11,4.358122803042947e-10,-1.6274848960616917e-11,4.2735890464541305e-10,-1.6336317554855173e-11,4.2742037323965127e-10,-1.5105932033860985e-11,4.261899877186571e-10
m4-v1,b02,11,1,np.float64(2.3978952727983707),np.float64(-0.23013570108523157),True,True,True,1.8165117865925748,-1.7703116750311665e-10,np.float64(9.776599075321368e-05),1e-06,-2.433100526797094e-11,-1.527001622351457e-10,-1.7643785822653816e-11,-1.5938738168046282e-10,-2.6694731966831797e-11,-1.5033643553628485e-10,-3.6212136356365075e-11,-1.4081903114675156e-10,-4.1356384569911144e-11,-1.356747829332055e-10
m4-v1,b02,13,1,np.float64(2.5649493574615367),np.float64(-0.22644213759952758),True,True,True,1.739758499413556,2.0197687966572175e-10,np.float64(8.941587112744435e-05),1e-06,-2.3343896774248272e-11,2.2532077643997e-10,-3.8640434531143574e-11,2.4061731419686535e-10,-3.22376916827591e-11,2.3421457134848085e-10,-2.768745865647032e-11,2.2966433832219207e-10,-3.0904171552629986e-11,2.3288105121835174e-10
m4-v1,b02,2,4,np.float64(2.772588722239781),np.float64(-0.0551589000381629),True,False,False,0.4091727245279418,-8.797046424646737e-10,np.float64(2.0198247796051397e-05),1e-06,1.3017996366173701e-10,-1.0098846061264107e-09,2.118132329467406e-11,-9.008859657593478e-10,1.1333215391947326e-10,-9.93036796384147e-10,1.1455102028705991e-10,-9.942556627517337e-10,1.5610420194172142e-10,-1.0358088444063952e-09
m4-v1,b02,17,1,np.float64(2.833213344056216),np.float64(-0.21872828371837585),True,True,True,1.5879702952269052,-5.532280189513017e-10,np.float64(8.573311630063865e-05),1e-06,-3.864502586695695e-11,-5.145829930843447e-10,-2.332973679613364e-11,-5.298982821551681e-10,-3.9674548351169175e-11,-5.135534706001326e-10,-5.435933689834049e-11,-4.988686820529612e-10,-6.122259611952423e-11,-4.920054228317775e-10
m4-v1,b02,19,1,np.float64(2.9444389791664403),np.float64(-0.21501852841127717),True,True,True,1.5425563262498234,9.604850248479124e-11,np.float64(0.00010325675949263454),1e-06,2.5326456796700404e-12,9.351585680512121e-11,-1.2098715787293684e-11,1.0814721827208493e-10,-2.1794397148170404e-12,9.822794219960828e-11,-4.817060587195008e-12,1.0086556307198625e-10,-2.466858520472839e-12,9.851536100526408e-11
m4-v1,b02,23,1,np.float64(3.1354942159291497),np.float64(-0.20810964733659634),True,True,True,1.4369927128919044,-4.727546132343718e-10,np.float64(7.75182481182482e-05),1e-06,5.77643024406258e-11,-5.305189156749976e-10,2.572461081779396e-11,-4.984792240521658e-10,5.403300803148587e-11,-5.267876212658577e-10,7.22043922218659e-11,-5.449590054562377e-10,8.185503826606979e-11,-5.546096515004416e-10
m4-v1,b02,5,2,np.float64(3.2188758248682006),np.float64(-0.10245999974535523),True,False,False,0.7106822528034444,-1.5242012096905455e-09,np.float64(3.674161834496545e-05),1e-06,-4.5325367248750414e-11,-1.478875842441795e-09,-9.591373724731135e-11,-1.4282874724432342e-09,-7.34264419248089e-11,-1.4507747677657367e-09,-8.14341921387812e-11,-1.4427670175517643e-09,-7.74267320734958e-11,-1.4467744776170497e-09
m4-v1,b02,3,3,np.float64(3.295836866004329),np.float64(-0.06729963328979954),True,False,False,0.4705530034753179,-5.852387463534114e-10,np.float64(2.7508080630868517e-05),1e-06,-1.6949420576482522e-10,-4.157445405885862e-10,-2.343843340243646e-10,-3.5085441232904683e-10,-2.1780903485104818e-10,-3.6742971150236326e-10,-1.8371142426875238e-10,-4.0152732208465904e-10,-1.9744885655306957e-10,-3.8778988980034185e-10
m4-v1,b02,29,1,np.float64(3.367295829986474),np.float64(-0.1990363509339811),True,True,True,1.3312985236485813,-5.722703422250675e-10,np.float64(9.569619331224963e-05),1e-06,-4.507843494447101e-11,-5.271919072805964e-10,-4.581915772352199e-11,-5.264511845015455e-10,-5.053562609813296e-11,-5.217347161269345e-10,-3.798118245778598e-11,-5.342891597672814e-10,-4.326596319353059e-11,-5.290043790315368e-10
m4-v1,b02,31,1,np.float64(3.4339872044851463),np.float64(-0.1963215403858554),True,True,True,1.3140890579479787,7.346041552835914e-10,np.float64(6.984373179493308e-05),1e-06,4.6677694643743115e-11,6.879264606398483e-10,8.031264676564209e-11,6.542915085179493e-10,6.76438999401128e-11,6.669602553434785e-10,7.038947881859895e-11,6.642146764649925e-10,6.940541098765144e-11,6.651987442959399e-10
m4-v1,b02,2,5,np.float64(3.4657359027997265),np.float64(-0.0390032322597759),True,False,False,0.26289293525742297,3.972232764937189e-09,np.float64(1.7779191815250417e-05),1e-06,3.2356100937969655e-10,3.6486717555574925e-09,6.818855606677734e-10,3.2903472042694157e-09,5.109203362511618e-10,3.461312428686027e-09,3.933800246844316e-10,3.5788527402527576e-09,4.0392440121545774e-10,3.5683083637217314e-09
m4-v1,b02,37,1,np.float64(3.6109179126442243),np.float64(-0.1889586950119591),True,True,True,1.205897881125229,8.5007512140578e-10,np.float64(7.107440423160266e-05),1e-06,2.0581816538242605e-11,8.294933048675374e-10,3.579774766970693e-11,8.142773737360731e-10,3.33882181092919e-11,8.166869032964881e-10,6.737263860456202e-11,7.82702482801218e-10,6.288623052464583e-11,7.871888908811342e-10
m4-v1,b02,41,1,np.float64(3.713572066704308),np.float64(-0.184607803637099),True,True,True,1.1343220717547,6.742155722605503e-10,np.float64(7.069727051070774e-05),1e-06,8.328617316265024e-11,5.909293990979e-10,1.3947723672486892e-10,5.347383355356814e-10,1.1392688131567747e-10,5.602886909448728e-10,7.444476341606203e-11,5.997708088444882e-10,7.956075142314658e-11,5.946548208374037e-10
m4-v1,b02,43,1,np.float64(3.7612001156935624),np.float64(-0.18257543342631882),True,True,True,1.1270871914754945,3.016098482078178e-11,np.float64(7.882783011992772e-05),1e-06,1.5679005534414621e-10,-1.2662907052336444e-10,8.710394491818928e-11,-5.69429600974075e-11,1.3586834830368426e-10,-1.0570736348290248e-10,1.2787399725064198e-10,-9.77130124298602e-11,1.4816306413025752e-10,-1.1800207930947574e-10
m4-v1,b02,47,1,np.float64(3.8501476017100584),np.float64(-0.17876338822837304),True,True,True,1.0800851548788981,5.508269396159449e-10,np.float64(6.376521564803301e-05),1e-06,-3.3785805872879556e-10,8.886849983447405e-10,-3.977955976573294e-10,9.486225372732743e-10,-3.966945293085415e-10,9.475214689244863e-10,-3.9084296520922235e-10,9.416699048251671e-10,-4.091763133465601e-10,9.60003252962505e-10
m4-v1,b02,7,2,np.float64(3.8918202981106265),np.float64(-0.08848606258138285),True,False,False,0.5362028110049841,-9.43354949711761e-10,np.float64(4.013310752481898e-05),1e-06,-2.0678779054067696e-10,-7.365671591710841e-10,-4.7756483699296225e-11,-8.955984660124648e-10,-1.3674704224563426e-10,-8.066079074661268e-10,-1.2280666452772363e-10,-8.205482851840374e-10,-1.4031163073824787e-10,-8.030433189735132e-10
m4-v1,b02,53,1,np.float64(3.970291913552122),np.float64(-0.1735939685443537),True,True,True,1.03645388069078,1.912658920133481e-10,np.float64(6.271639221975555e-05),1e-06,-5.620296929629998e-10,7.532955849763479e-10,-6.11677315085736e-10,8.029432070990841e-10,-6.315129372669462e-10,8.227788292802943e-10,-6.365423088283182e-10,8.278082008416663e-10,-6.610082724369544e-10,8.522741644503025e-10
m4-v1,b02,59,1,np.float64(4.07753744390572),np.float64(-0.16897485378921837),True,False,False,0.9877476975288648,4.942701803400951e-10,np.float64(7.407921799180376e-05),1e-06,7.19158365783703e-10,-2.2488818544360798e-10,7.311206397014592e-10,-2.368504593613641e-10,7.785041369479114e-10,-2.842339566078163e-10,8.125355223312056e-10,-3.182653419911105e-10,8.352012367553614e-10,-3.4093105641526635e-10
m4-v1,b02,61,1,np.float64(4.110873864173311),np.float64(-0.16754032791775322),True,False,False,0.9642807823511569,4.933888853031476e-10,np.float64(7.632761264482052e-05),1e-06,5.282292795450535e-10,-3.484039424190588e-11,7.408601750261438e-10,-2.4747128972299617e-10,6.729101358433918e-10,-1.7952125054024417e-10,6.334199454303939e-10,-1.4003106012724628e-10,6.440950310484642e-10,-1.507061457453166e-10
m4-v1,b02,2,6,np.float64(4.1588830833596715),np.float64(-0.02757945001908145),True,False,False,0.1539608655411198,-1.0258041305277743e-08,np.float64(9.803281586327117e-06),1e-06,-4.391374663809615e-09,-5.8666666414681284e-09,-5.303799824983979e-09,-4.954241480293764e-09,-5.151162835998615e-09,-5.106878469279128e-09,-5.1748808366780355e-09,-5.0831604685997076e-09,-5.221446438958158e-09,-5.036594866319585e-09
m4-v1,b02,67,1,np.float64(4.204692619390966),np.float64(-0.16351100147025147),True,False,False,0.9177262628063932,7.558709214094961e-10,np.float64(7.056164976938476e-05),1e-06,5.977540834498516e-10,1.581168379596445e-10,6.040411858717679e-10,1.5182973553772813e-10,6.184309982602177e-10,1.3743992314927837e-10,5.770776309665171e-10,1.7879329044297893e-10,5.918261199361728e-10,1.640448014733233e-10
m4-v1,b02,71,1,np.float64(4.2626798770413155),np.float64(-0.16102884271275783),True,False,False,0.8910856733586884,-1.818500572348114e-09,np.float64(6.951805109836494e-05),1e-06,-1.0602660372849768e-09,-7.582345350631373e-10,-9.09537907372145e-10,-9.08962664975969e-10,-1.0260748199624951e-09,-7.924257523856189e-10,-1.0352912731095811e-09,-7.832092992385329e-10,-1.0747165719209349e-09,-7.437840004271791e-10
m4-v1,b02,73,1,np.float64(4.290459441148391),np.float64(-0.1598425863444375),True,False,False,0.8818419000122351,-1.0820555562673917e-10,np.float64(6.684371724254472e-05),1e-06,-1.6372556729762084e-10,5.5520011670881675e-11,-5.282218889843892e-10,4.2001633335765003e-10,-3.834666778204587e-10,2.7526112219371955e-10,-3.3321048048966207e-10,2.250049248629229e-10,-3.288067931998623e-10,2.2060123757312315e-10
m4-v1,b02,79,1,np.float64(4.3694478524670215),np.float64(-0.15648155106679665),True,False,False,0.8459522513287047,3.685578287004887e-09,np.float64(7.568668820083988e-05),1e-06,1.896827594461963e-09,1.788750692542924e-09,1.8419703025240026e-09,1.8436079844808844e-09,1.9508591667991632e-09,1.7347191202057237e-09,2.012624187904204e-09,1.6729540991006828e-09,2.0414392622248552e-09,1.6441390247800318e-09
m4-v1,b02,3,4,np.float64(4.394449154672439),np.float64(-0.03885546139622887),True,False,False,0.21069178670389996,-7.854561223652468e-09,np.float64(1.6953351204506237e-05),1e-06,-5.873675409516723e-09,-1.9808858141357446e-09,-6.564956660375821e-09,-1.2896045632766467e-09,-6.4059775007650195e-09,-1.448583722887448e-09,-6.143612396257768e-09,-1.7109488273946997e-09,-6.206562810744851e-09,-1.6479984129076162e-09
m4-v1,b02,83,1,np.float64(4.418840607796598),np.float64(-0.15439008898017337),True,False,False,0.8319946998264336,-1.9393666672584686e-09,np.float64(5.488884482819279e-05),1e-06,-1.4776736893919255e-09,-4.6169297786654313e-10,-9.902753018206088e-10,-9.490913654378598e-10,-1.2193105348672826e-09,-7.20056132391186e-10,-1.2517189406462364e-09,-6.876477266122322e-10,-1.2877875868303777e-09,-6.51579080428091e-10
m4-v1,b02,89,1,np.float64(4.48863636973214),np.float64(-0.15145009428891956),True,False,False,0.7809810943690993,6.154932119528667e-10,np.float64(6.694146543648984e-05),1e-06,1.0607449564192607e-10,5.094187163109406e-10,4.781844778225019e-10,1.3730873413036472e-10,3.5040500123652985e-10,2.650882107163368e-10,3.827873180217718e-10,2.3270589393109486e-10,3.518634027975155e-10,2.6362980915535117e-10
m4-v1,b02,97,1,np.float64(4.574710978503383),np.float64(-0.14785224441209735),True,False,False,0.7664152759836448,4.846864021246233e-09,np.float64(5.266618591969597e-05),1e-06,2.6091789767746068e-09,2.2376850444716265e-09,1.854612117868874e-09,2.992251903377359e-09,2.1645475089142984e-09,2.682316512331935e-09,2.244910901057819e-09,2.6019531201884143e-09,2.2751880342755407e-09,2.5716759869706926e-09
m4-v1,b02,101,1,np.float64(4.61512051684126),np.float64(-0.14617479278578105),True,False,False,0.759269291380908,6.237821592591786e-09,np.float64(6.647096079569449e-05),1e-06,5.7726113131558725e-09,4.6521027943591317e-10,6.501498203019416e-09,-2.636766104276301e-10,6.3448691060018475e-09,-1.0704751341006183e-10,6.270211284637297e-09,-3.238969204551115e-11,6.289920905784606e-09,-5.209931319282068e-11
m4-v1,b02,103,1,np.float64(4.634728988229636),np.float64(-0.145363663339395),True,False,False,0.7463154186418098,-8.782312210797727e-09,np.float64(5.992448038717661e-05),1e-06,-7.0864432401440805e-09,-1.6958689706536464e-09,-7.2344556463751615e-09,-1.5478565644225654e-09,-7.239851435309861e-09,-1.542460775487866e-09,-7.2105060386710896e-09,-1.5718061721266374e-09,-7.220144313231073e-09,-1.5621678975666538e-09
m4-v1,b02,107,1,np.float64(4.672828834461906),np.float64(-0.14379312149769535),True,False,False,0.7268324186953381,-3.155551264732992e-09,np.float64(5.2529750208455774e-05),1e-06,-2.493106837090252e-09,-6.624444276427401e-10,-2.9063834761108443e-09,-2.4916778862214763e-10,-2.7715263541357847e-09,-3.840249105972073e-10,-2.7875141069395425e-09,-3.6803715779344946e-10,-2.752038674858899e-09,-4.035125898740929e-10
m4-v1,b02,109,1,np.float64(4.6913478822291435),np.float64(-0.14303243005044233),True,False,False,0.728360891122871,5.895113286413789e-10,np.float64(5.362839267417061e-05),1e-06,1.8289367469373302e-09,-1.2394254182959513e-09,2.127943200611508e-09,-1.538431871970129e-09,2.106250340723546e-09,-1.5167390120821673e-09,2.2136782971775386e-09,-1.6241669685361597e-09,2.1945917201362997e-09,-1.6050803914949208e-09
m4-v1,b02,113,1,np.float64(4.727387818712341),np.float64(-0.14155725660115417),True,False,False,0.7134819905515826,-1.3917551000552919e-08,np.float64(6.318713063922778e-05),1e-06,-1.3508137942404394e-08,-4.094130581485255e-10,-1.4128297698468344e-08,2.1074669791542514e-10,-1.4009254821115999e-08,9.170382056307969e-11,-1.3908657840287182e-08,-8.893160265736705e-12,-1.392998062540238e-08,1.2429624849460172e-11
m4-v1,b02,11,2,np.float64(4.795790545596741),np.float64(-0.06938852466955447),True,False,False,0.3416621050575256,-2.1665507610180157e-08,np.float64(2.6488020785532774e-05),1e-06,-2.1151991497646005e-08,-5.135161125341521e-10,-1.8795644106155325e-08,-2.8698635040248323e-09,-1.9459906635591e-08,-2.2056009745891557e-09,-1.9371043671663046e-08,-2.2944639385171106e-09,-1.9482135643323904e-08,-2.1833719668562525e-09
m4-v1,b02,5,3,np.float64(4.828313737302301),np.float64(-0.04582150488104508),True,False,False,0.22644379953658533,-1.3419876920828244e-07,np.float64(1.6554888672900138e-05),1e-06,-1.35684271923947e-07,1.4855027156645537e-09,-1.3081845876010245e-07,-3.3803104481799893e-09,-1.3250529160328884e-07,-1.6934776049935974e-09,-1.328032596392676e-07,-1.3955095690148306e-09,-1.3297337379825514e-07,-1.2253954100273048e-09
m4-v1,b02,127,1,np.float64(4.844187086458591),np.float64(-0.13682617124428062),True,False,False,0.6705976075774955,3.4852339014790346e-08,np.float64(6.140926089434849e-05),1e-06,3.349434303068428e-08,1.3579959841060654e-09,3.218149306759745e-08,2.6708459471928973e-09,3.26313209892989e-08,2.2210180254914462e-09,3.265005815199351e-08,2.202280862796838e-09,3.272048825126763e-08,2.1318507635227123e-09
m4-v1,b02,2,7,np.float64(4.852030263919617),np.float64(-0.01950161612988795),True,False,False,0.09508141574995581,1.8292112491380408e-08,np.float64(8.407364595395468e-06),1e-06,4.506651494365058e-09,1.3785460997015349e-08,1.3994699794721591e-08,4.297412696658817e-09,1.175863883713409e-08,6.533473654246318e-09,1.2124771492853788e-08,6.16734099852662e-09,1.174870392821386e-08,6.543408563166548e-09
m4-v1,b02,131,1,np.float64(4.875197323201151),np.float64(-0.1355834491603077),True,False,False,0.6571225188688891,1.1343277339648239e-07,np.float64(6.23260545587327e-05),1e-06,1.1533735481103838e-07,-1.904581414555995e-09,1.1500713303909682e-07,-1.5743596426144263e-09,1.1514390098393835e-07,-1.7111275874559604e-09,1.1511980799355234e-07,-1.6870345970699492e-09,1.1513274165220947e-07,-1.6999682557270802e-09
m4-v1,b02,137,1,np.float64(4.919980925828125),np.float64(-0.13379912176069506),True,False,False,0.6521508418202691,-4.329445922879316e-07,np.float64(4.751704255085333e-05),1e-06,-4.308383235758515e-07,-2.1062687120800832e-09,-4.3238024429557897e-07,-5.64347992352612e-10,-4.3239280282467225e-07,-5.517894632593318e-10,-4.3240372725526206e-07,-5.408650326695228e-10,-4.324571848742376e-07,-4.874074136940053e-10
m4-v1,b02,139,1,np.float64(4.9344739331306915),np.float64(-0.13322434272608064),True,False,False,0.6429588729368767,6.565275254555303e-07,np.float64(5.126348394030772e-05),1e-06,6.554998650696699e-07,1.0276603858603916e-09,6.567872467846401e-07,-2.597213291098051e-10,6.567031455525839e-07,-1.7562009705365616e-10,6.566631583221223e-07,-1.3563286659198076e-10,6.566780162620637e-07,-1.504908065334321e-10
m4-v1,b03,2,1,np.float64(0.6931471805599453),np.float64(-0.1560129290391036),True,True,True,1.3783267756923814,2.96742852512466e-10,np.float64(5.687372768804884e-05),1e-06,-9.474407532763544e-12,3.0621726004522956e-10,-5.463565698725607e-12,3.0220641821119164e-10,-7.0924493084094026e-12,3.0383530182087543e-10,-3.0517111344902674e-12,2.997945636469563e-10,-2.9418397171601455e-12,2.9968469222962615e-10
m4-v1,b03,3,1,np.float64(1.0986122886681098),np.float64(-0.20189889986939866),True,True,True,1.7504694881313947,-9.338463335950564e-11,np.float64(7.195621805080793e-05),1e-06,7.970960178450295e-12,-1.0135559353795594e-10,3.028182986313255e-12,-9.64128163458189e-11,4.3102792432590544e-12,-9.76949126027647e-11,2.1890356505736595e-12,-9.55736690100793e-11,1.9760263385856886e-12,-9.536065969809133e-11
m4-v1,b03,2,2,np.float64(1.3862943611198906),np.float64(-0.1103178000763258),True,False,False,0.9452298532699638,-1.35708111415056e-10,np.float64(3.899048380579576e-05),1e-06,1.0340221067848326e-11,-1.4604833248290434e-10,-5.017847411445329e-12,-1.3069026400361068e-10,-2.4961781428454097e-12,-1.332119332722106e-10,-5.23319024235036e-13,-1.3518479239082096e-10,-6.612119674511134e-13,-1.350468994476049e-10
m4-v1,b03,5,1,np.float64(1.6094379124341003),np.float64(-0.22910752440522542),True,True,True,1.9468171966076113,6.684464093353881e-10,np.float64(8.622907578246397e-05),1e-06,4.1663056522573615e-12,6.642801036831308e-10,1.1183740112724276e-11,6.572626692226638e-10,1.1066928922929099e-11,6.573794804124591e-10,2.15646305749553e-12,6.662899462778926e-10,4.1999716476209305e-12,6.642464376877672e-10
m4-v1,b03,7,1,np.float64(1.9459101490553132),np.float64(-0.23411211608563706),True,True,True,1.927540138918103,-4.8198334212656846e-11,np.float64(9.434242945688417e-05),1e-06,1.0744418121159265e-11,-5.894275233381611e-11,3.842593862517428e-12,-5.204092807517427e-11,9.086689631453177e-12,-5.728502384411002e-11,5.738529515622034e-12,-5.393686372827888e-11,6.492213367570225e-12,-5.469054758022707e-11
m4-v1,b03,2,3,np.float64(2.0794415416798357),np.float64(-0.0780064645195518),True,False,False,0.6238869935236933,-6.854682377266386e-10,np.float64(3.433757776530368e-05),1e-06,-2.2297177278768916e-12,-6.832385199987616e-10,4.227133675176028e-11,-7.277395744783988e-10,4.0319433984112684e-11,-7.257876717107513e-10,2.0155046182534984e-11,-7.056232839091735e-10,2.0413910935202816e-11,-7.058821486618414e-10
m4-v1,b03,3,2,np.float64(2.1972245773362196),np.float64(-0.1165663841886866),True,False,False,0.9111824887388312,2.831181955542661e-10,np.float64(4.3113901090413805e-05),1e-06,1.203840999870728e-11,2.7107978555555883e-10,-2.0927943457538733e-11,3.040461390118048e-10,-1.851123161936422e-11,3.016294271736303e-10,-7.765175263108504e-12,2.908833708173746e-10,-8.694583305693604e-12,2.918127788599597e-10
m4-v1,b03,11,1,np.float64(2.3978952727983707),np.float64(-0.23013570108523157),True,True,True,1.7906109822414924,3.920057611850325e-10,np.float64(8.315422629529312e-05),1e-06,-2.6864798553612152e-12,3.946922410403937e-10,-8.927549591892936e-14,3.9209503668095144e-10,-1.2511335802767342e-11,4.0451709698779985e-10,-1.0487131687582939e-11,4.0249289287261543e-10,-1.156969302688576e-11,4.0357545421191823e-10
m4-v1,b03,13,1,np.float64(2.5649493574615367),np.float64(-0.22644213759952758),True,True,True,1.7344475475145062,6.266542840194234e-11,np.float64(0.00010363745326265579),1e-06,8.782336510308821e-14,6.257760503683925e-11,-2.0285979899008603e-12,6.46940263918432e-11,7.581833968773838e-13,6.190724500506496e-11,-4.445389770895507e-12,6.711081817283785e-11,-1.318507974964858e-13,6.279727919943882e-11
m4-v1,b03,2,4,np.float64(2.772588722239781),np.float64(-0.0551589000381629),True,False,False,0.3980643548514214,-3.339283960457351e-09,np.float64(2.110424307456633e-05),1e-06,-4.448382108810502e-11,-3.294800139369246e-09,-1.4902555046022608e-10,-3.190258409997125e-09,-1.5860403041483393e-10,-3.1806799300425172e-09,-9.851623256239575e-11,-3.2407677278949554e-09,-9.947791042126686e-11,-3.2398060500360843e-09
m4-v1,b03,17,1,np.float64(2.833213344056216),np.float64(-0.21872828371837585),True,True,True,1.5901490847629138,1.5162715527594628e-10,np.float64(8.840476218098714e-05),1e-06,-7.930161061251551e-12,1.5955731633719784e-10,2.4207157641899054e-11,1.2741999763404723e-10,2.790380682037144e-11,1.2372334845557485e-10,1.3023897466099138e-11,1.3860325780984715e-10,1.660059779371919e-11,1.3502655748222709e-10
m4-v1,b03,19,1,np.float64(2.9444389791664403),np.float64(-0.21501852841127717),True,True,True,1.5132926537078777,-1.325988208122908e-10,np.float64(7.616883944089732e-05),1e-06,5.8930656555299035e-12,-1.384918864678207e-10,1.2344182355417154e-11,-1.4494300316770795e-10,-9.486343646586824e-12,-1.2311247716570398e-10,-9.96917180691684e-12,-1.2262964900537395e-10,-1.1439693415715198e-11,-1.211591273965756e-10
m4-v1,b03,23,1,np.float64(3.1354942159291497),np.float64(-0.20810964733659634),True,True,True,1.4179106147956313,5.028768512715942e-10,np.float64(7.611798829233087e-05),1e-06,-3.755628496767416e-12,5.066324797683616e-10,-3.442063645469483e-11,5.37297487726289e-10,4.3043711767658445e-13,5.024464141539176e-10,-8.178019354169807e-13,5.036946532070112e-10,6.6402751635813e-12,4.962365761080129e-10
m4-v1,b03,5,2,np.float64(3.2188758248682006),np.float64(-0.10245999974535523),True,False,False,0.6950782655921056,6.621043713295194e-10,np.float64(3.56408501034865e-05),1e-06,-4.307827971979433e-11,7.051826510493137e-10,-8.517631283526505e-11,7.472806841647844e-10,-1.320232044532305e-11,6.753066917748424e-10,-2.060406953874203e-11,6.827084408682614e-10,-1.7944847759241664e-13,6.622838198071118e-10
m4-v1,b03,3,3,np.float64(3.295836866004329),np.float64(-0.06729963328979954),True,False,False,0.4521333604460574,9.404992340478202e-10,np.float64(2.958812897817352e-05),1e-06,-3.143190651230691e-11,9.71931140560127e-10,-2.1724700000851626e-10,1.1577462340563366e-09,-2.1938072480844632e-10,1.1598799588562666e-09,-1.455680664421086e-10,1.0860673004899289e-09,-1.4828148194271577e-10,1.088780715990536e-09
m4-v1,b03,29,1,np.float64(3.367295829986474),np.float64(-0.1990363509339811),True,True,True,1.2868291166275525,9.494485198047187e-10,np.float64(6.969149081958644e-05),1e-06,-5.954656073173747e-11,1.0089950805364561e-09,-1.0557537733350189e-10,1.0550238971382205e-09,-8.945028210758707e-11,1.0388988019123057e-09,-6.041404310761577e-11,1.0098625629123345e-09,-6.199147407470463e-11,1.0114399938794232e-09
m4-v1,b03,31,1,np.float64(3.4339872044851463),np.float64(-0.1963215403858554),True,True,True,1.2866717867211217,1.1613789929754148e-09,np.float64(9.030600190888882e-05),1e-06,8.823984870279264e-13,1.1604965944883868e-09,5.82038321516477e-11,1.1031751608237671e-09,5.4700596357411615e-11,1.1066783966180033e-09,4.1179764863853865e-11,1.120199228111561e-09,3.7434609230633056e-11,1.1239443837447817e-09
m4-v1,b03,2,5,np.float64(3.4657359027997265),np.float64(-0.0390032322597759),True,False,False,0.25371976871913415,4.598429415025862e-09,np.float64(1.3583901663706186e-05),1e-06,2.574054005090358e-10,4.341024014516826e-09,4.422442160105545e-10,4.156185199015307e-09,5.169475661135796e-10,4.081481848912282e-09,3.844194902489847e-10,4.214009924776877e-09,3.886739152852696e-10,4.209755499740592e-09
m4-v1,b03,37,1,np.float64(3.6109179126442243),np.float64(-0.1889586950119591),True,True,True,1.1917753318538653,-2.4188306912975577e-10,np.float64(6.723522612339734e-05),1e-06,-7.446385215100232e-11,-1.6741921697875344e-10,-1.193593611325609e-10,-1.2252370799719488e-10,-9.399290563533436e-11,-1.478901634944214e-10,-6.79350173197942e-11,-1.7394805180996155e-10,-7.097496852468901e-11,-1.7090810060506674e-10
m4-v1,b03,41,1,np.float64(3.713572066704308),np.float64(-0.184607803637099),True,True,True,1.118651708866588,8.623259883933088e-10,np.float64(6.434883358134454e-05),1e-06,1.4139144823018979e-11,8.481868435702898e-10,9.437008216539862e-11,7.679559062279102e-10,3.4647261950658606e-11,8.276787264426501e-10,3.431488271817878e-11,8.2801110567513e-10,2.1702404854334873e-11,8.406235835389739e-10
m4-v1,b03,43,1,np.float64(3.7612001156935624),np.float64(-0.18257543342631882),True,True,True,1.1390483149262018,-8.7729423725591e-10,np.float64(6.603101784149547e-05),1e-06,-3.8305393503089553e-11,-8.389888437528205e-10,-1.2710676268577953e-10,-7.501874745701305e-10,-1.4349998671048117e-10,-7.337942505454289e-10,-1.1009854447679965e-10,-7.671956927791104e-10,-1.0988367656474296e-10,-7.67410560691167e-10
m4-v1,b03,47,1,np.float64(3.8501476017100584),np.float64(-0.17876338822837304),True,True,True,1.0945679716694836,3.8429393001138124e-10,np.float64(6.279713252562435e-05),1e-06,-8.91110470769972e-11,4.734049770883784e-10,4.378795992290334e-11,3.405059700884779e-10,-1.925876507467043e-12,3.8621980651884825e-10,-7.816989454395842e-12,3.9211091946577705e-10,-1.2214937677808497e-11,3.9650886768918973e-10
m4-v1,b03,7,2,np.float64(3.8918202981106265),np.float64(-0.08848606258138285),True,False,False,0.5370603332544206,-1.5937191566450792e-09,np.float64(3.1961934041605604e-05),1e-06,1.1515663238946357e-10,-1.7088757890345428e-09,-1.421618271806297e-10,-1.4515573294644496e-09,-3.968504724910006e-12,-1.5897506519201693e-09,-3.2913273905820164e-12,-1.5904278292544972e-09,1.3259948531862445e-11,-1.6069791051769416e-09
m4-v1,b03,53,1,np.float64(3.970291913552122),np.float64(-0.1735939685443537),True,True,True,1.009595465954414,1.0443235165524811e-09,np.float64(6.222283580486441e-05),1e-06,-6.444441983026306e-11,1.1087679363827442e-09,8.931996265155785e-11,9.550035539009232e-10,1.174187087874865e-11,1.0325816456737326e-09,1.0291053431359711e-11,1.0340324631211214e-09,1.2918115697550313e-12,1.043031704982726e-09
m4-v1,b03,59,1,np.float64(4.07753744390572),np.float64(-0.16897485378921837),True,False,False,0.9813672516346782,-1.1513782149918939e-09,np.float64(5.897352908014388e-05),1e-06,7.666501193449928e-11,-1.2280432269263932e-09,-1.345270977791274e-10,-1.0168511172127664e-09,-4.880055133294472e-11,-1.1025776636589491e-09,-4.1160616414185686e-11,-1.1102175985777082e-09,-3.1029064496822516e-11,-1.1203491504950714e-09
m4-v1,b03,61,1,np.float64(4.110873864173311),np.float64(-0.16754032791775322),True,False,False,0.9675949189055265,-8.275732321649798e-10,np.float64(6.757935568041149e-05),1e-06,-1.7633223892582804e-10,-6.512409932391518e-10,-1.6973011490258399e-10,-6.578431172623958e-10,-1.5547511901427287e-10,-6.720981131507069e-10,-1.3800905452239504e-10,-6.895641776425847e-10,-1.4854379417058885e-10,-6.79029437994391e-10
m4-v1,b03,2,6,np.float64(4.1588830833596715),np.float64(-0.02757945001908145),True,False,False,0.15824733412068262,3.6169394146412515e-09,np.float64(1.1142703636724793e-05),1e-06,-1.2850024786772661e-09,4.9019418933185176e-09,-1.171499300904642e-09,4.788438715545894e-09,-1.5806967669767645e-09,5.197636181618016e-09,-1.3512453778051614e-09,4.968184792446413e-09,-1.3686170931363172e-09,4.985556507777569e-09
m4-v1,b03,67,1,np.float64(4.204692619390966),np.float64(-0.16351100147025147),True,False,False,0.9272695095685206,-1.2250135350555524e-09,np.float64(7.62537892496408e-05),1e-06,6.392493012726378e-10,-1.86426283632819e-09,7.364077030003194e-10,-1.961421238055872e-09,5.773030881731941e-10,-1.8023166232287466e-09,5.603597144974225e-10,-1.7853732495529749e-09,5.409787691984694e-10,-1.765992304254022e-09
m4-v1,b03,71,1,np.float64(4.2626798770413155),np.float64(-0.16102884271275783),True,False,False,0.887423006879221,3.1918245824158475e-11,np.float64(5.871404806496773e-05),1e-06,6.401354296315142e-11,-3.2095297138992945e-11,2.2140846488504374e-10,-1.8949021906088526e-10,1.0601150356420135e-10,-7.409325774004287e-11,1.147540004856641e-10,-8.283575466150563e-11,9.133741209095249e-11,-5.941916626679401e-11
m4-v1,b03,73,1,np.float64(4.290459441148391),np.float64(-0.1598425863444375),True,False,False,0.8693850205688031,7.169973503806659e-10,np.float64(5.6510545422086306e-05),1e-06,-4.33023139374497e-10,1.1500204897551628e-09,-1.549199736935894e-10,8.719173240742553e-10,-9.242164027357694e-11,8.094189906542428e-10,-1.3635494529670615e-10,8.53352295677372e-10,-1.1665313540905334e-10,8.336504857897193e-10
m4-v1,b03,79,1,np.float64(4.3694478524670215),np.float64(-0.15648155106679665),True,False,False,0.8389307280739825,-8.095378811745491e-10,np.float64(6.851276374075919e-05),1e-06,-1.323813000349841e-09,5.14275119175292e-10,-1.4855918755786385e-09,6.760539944040894e-10,-1.2866625465497463e-09,4.771246653751972e-10,-1.2542328955886243e-09,4.4469501441407524e-10,-1.2355253448082833e-09,4.259874636337343e-10
m4-v1,b03,3,4,np.float64(4.394449154672439),np.float64(-0.03885546139622887),True,False,False,0.20517469368494787,-2.9654201316731132e-09,np.float64(1.3564054847084728e-05),1e-06,-1.1594737244859055e-09,-1.8059464071872078e-09,-2.4902333981286286e-09,-4.751867335444846e-10,-2.6408392282993876e-09,-3.245809033737256e-10,-2.2994007385032516e-09,-6.660193931698617e-10,-2.304132381372832e-09,-6.61287750300281e-10
m4-v1,b03,83,1,np.float64(4.418840607796598),np.float64(-0.15439008898017337),True,False,False,0.8255370326254922,-1.0142288120462695e-09,np.float64(5.753086978166513e-05),1e-06,3.7065608383869423e-10,-1.3848848958849636e-09,5.077128191428717e-11,-1.0650000939605566e-09,-3.768718185745574e-11,-9.765416301888137e-10,2.337120035244367e-11,-1.0376000123987132e-09,-2.305462473421685e-12,-1.0119233495728478e-09
m4-v1,b03,89,1,np.float64(4.48863636973214),np.float64(-0.15145009428891956),True,False,False,0.801791362615747,2.0429768987639818e-10,np.float64(6.65653531523901e-05),1e-06,9.345680196064228e-10,-7.302703297300246e-10,6.507696858806709e-10,-4.4647199600427275e-10,7.388354470295068e-10,-5.345377571531087e-10,7.073748353089952e-10,-5.03077145432597e-10,7.068774554102739e-10,-5.025797655338757e-10
m4-v1,b03,97,1,np.float64(4.574710978503383),np.float64(-0.14785224441209735),True,False,False,0.7722256932766541,2.2885915385018052e-10,np.float64(5.8013720118126576e-05),1e-06,1.8302583202517484e-10,4.583332182500568e-11,2.3939917822177224e-10,-1.054002437159172e-11,6.089971946705147e-11,1.6795943438312905e-10,1.233102757936349e-10,1.0554887805654563e-10,1.1768025229830394e-10,1.1117890155187658e-10
m4-v1,b03,101,1,np.float64(4.61512051684126),np.float64(-0.14617479278578105),True,False,False,0.7559250397470944,-1.477410083161601e-09,np.float64(5.7575318541211105e-05),1e-06,1.4568250257496277e-10,-1.6230925857365639e-09,-3.7601170434996634e-10,-1.1013983788116347e-09,-4.861244450505785e-10,-9.912856381110224e-10,-4.023226440865335e-10,-1.0750874390750676e-09,-4.3362884642436986e-10,-1.0437812367372312e-09
m4-v1,b03,103,1,np.float64(4.634728988229636),np.float64(-0.145363663339395),True,False,False,0.7571938123031099,3.3992917369829456e-09,np.float64(5.5835639338091776e-05),1e-06,2.221782273521933e-09,1.1775094634610127e-09,1.4658988642642457e-09,1.9333928727187e-09,1.4160429311030598e-09,1.9832488058798858e-09,1.4968893840901973e-09,1.9024023528927485e-09,1.5024811738323249e-09,1.8968105631506207e-09
m4-v1,b03,107,1,np.float64(4.672828834461906),np.float64(-0.14379312149769535),True,False,False,0.7491534036288832,-2.3518285097168246e-09,np.float64(5.086502679852625e-05),1e-06,-2.218101984839499e-09,-1.3372652487732564e-10,-1.968180944855549e-09,-3.836475648612754e-10,-1.7319130956196535e-09,-6.19915414097171e-10,-1.7865955819429234e-09,-5.652329277739012e-10,-1.7467770700061435e-09,-6.050514397106811e-10
m4-v1,b03,109,1,np.float64(4.6913478822291435),np.float64(-0.14303243005044233),True,False,False,0.7523784923293538,-8.425378394960603e-09,np.float64(6.0970365793482256e-05),1e-06,-9.500261736058323e-09,1.0748833410977199e-09,-9.930556464967138e-09,1.505178070006535e-09,-9.525256876951767e-09,1.099878481991164e-09,-9.490258930208724e-09,1.0648805352481213e-09,-9.46440536472461e-09,1.0390269697640064e-09
m4-v1,b03,113,1,np.float64(4.727387818712341),np.float64(-0.14155725660115417),True,False,False,0.7191812197324438,-8.676576568333871e-09,np.float64(5.36793534411794e-05),1e-06,-9.780592953986179e-09,1.1040163856523072e-09,-9.410123627239977e-09,7.335470589061053e-10,-9.173599411765904e-09,4.97022843432033e-10,-9.16906290539586e-09,4.924863370619894e-10,-9.136865402051995e-09,4.602888337181233e-10
m4-v1,b03,11,2,np.float64(4.795790545596741),np.float64(-0.06938852466955447),True,False,False,0.35476102688458555,-4.765380778870565e-08,np.float64(2.4828666411171736e-05),1e-06,-4.362616658547882e-08,-4.027641203226831e-09,-4.523320931610652e-08,-2.420598472599131e-09,-4.48387754304493e-08,-2.8150323582563497e-09,-4.461574689096193e-08,-3.038060897743721e-09,-4.463541176642547e-08,-3.0183960222801774e-09
m4-v1,b03,5,3,np.float64(4.828313737302301),np.float64(-0.04582150488104508),True,False,False,0.2262386888425866,-5.187441665110981e-08,np.float64(1.7242893696856247e-05),1e-06,-5.5932939962839556e-08,4.058523311729744e-09,-5.622742271557391e-08,4.353006064464099e-09,-5.5091934688480476e-08,3.217518037370665e-09,-5.5332131045311214e-08,3.457714394201403e-09,-5.5303885604753284e-08,3.4294689536434727e-09
m4-v1,b03,127,1,np.float64(4.844187086458591),np.float64(-0.13682617124428062),True,False,False,0.6797467305047394,1.1101577879202296e-08,np.float64(6.476360548345991e-05),1e-06,1.1991208361913276e-08,-8.896304827109803e-10,1.2862882996413775e-08,-1.7613051172114792e-09,1.244889907540763e-08,-1.347321196205334e-09,1.2502078754698041e-08,-1.4005008754957456e-09,1.2488979031150022e-08,-1.3874011519477266e-09
m4-v1,b03,2,7,np.float64(4.852030263919617),np.float64(-0.01950161612988795),True,False,False,0.09720919849769744,8.850499111368038e-08,np.float64(7.86194328500464e-06),1e-06,9.26033486210811e-08,-4.0983575074007266e-09,8.313285725875406e-08,5.372133854926311e-09,8.493750266376721e-08,3.5674884499131617e-09,8.471440493971914e-08,3.7905861739612355e-09,8.472484308220169e-08,3.780148031478688e-09
m4-v1,b03,131,1,np.float64(4.875197323201151),np.float64(-0.1355834491603077),True,False,False,0.6685769970916251,-3.977704909896573e-08,np.float64(6.0035102627349094e-05),1e-06,-4.147662332840456e-08,1.699574229438824e-09,-3.9332613700341344e-08,-4.444353986243891e-10,-3.9493229958645366e-08,-2.8381914032036773e-10,-3.955854883051903e-08,-2.1850026844670058e-10,-3.9582374948674416e-08,-1.9467415029131708e-10
m4-v1,b03,137,1,np.float64(4.919980925828125),np.float64(-0.13379912176069506),True,False,False,0.6448641024505909,-1.5267015263109585e-07,np.float64(4.753180514018768e-05),1e-06,-1.5679517166830588e-07,4.125019037210033e-09,-1.534313755758943e-07,7.612229447984436e-10,-1.5377065291987764e-07,1.100500288781792e-09,-1.5384645329045013e-07,1.176300659354282e-09,-1.5386224295220753e-07,1.1920903211116831e-09
m4-v1,b03,139,1,np.float64(4.9344739331306915),np.float64(-0.13322434272608064),True,False,False,0.6391547380984802,4.0540072165917707e-07,np.float64(5.045320901466473e-05),1e-06,4.045648744207439e-07,8.358472384331796e-10,4.0404582599945517e-07,1.3548956597218986e-09,4.03719943274151e-07,1.6807783850260415e-09,4.0381110631650064e-07,1.589615342676426e-09,4.0376020061001253e-07,1.640521049164536e-09
m4-v1,b04,2,1,np.float64(0.6931471805599453),np.float64(-0.1560129290391036),True,True,True,1.3558049547774775,2.250322150842976e-10,np.float64(5.365552850292054e-05),1e-06,1.0282530678628476e-11,2.1474968440566913e-10,7.333521198930469e-12,2.1769869388536713e-10,1.0039379453077225e-11,2.1499283563122038e-10,1.0187827067719023e-12,2.240134323775257e-10,3.773724771572511e-12,2.212584903127251e-10
m4-v1,b04,3,1,np.float64(1.0986122886681098),np.float64(-0.20189889986939866),True,True,True,1.7276085599227506,2.95472313283085e-10,np.float64(7.097757002142551e-05),1e-06,8.616451429356259e-12,2.868558618537287e-10,1.0933734955585299e-11,2.845385783274997e-10,1.5866345095152834e-11,2.7960596818793216e-10,1.305792392653262e-11,2.8241438935655236e-10,1.3127697650147357e-11,2.8234461563293763e-10
m4-v1,b04,2,2,np.float64(1.3862943611198906),np.float64(-0.1103178000763258),True,False,False,0.9141831073324602,1.5053580604273975e-10,np.float64(4.45394322922016e-05),1e-06,2.4814838584008936e-11,1.2572096745873082e-10,2.182351140179146e-11,1.287122946409483e-10,3.5037246918479997e-11,1.1549855912425976e-10,2.3596520076241976e-11,1.2693928596649778e-10,2.3380803594225823e-11,1.2715500244851392e-10
m4-v1,b04,5,1,np.float64(1.6094379124341003),np.float64(-0.22910752440522542),True,True,True,1.9086024549374199,2.945064192516611e-10,np.float64(9.471929601102012e-05),1e-06,-6.956024198978678e-14,2.945759794936509e-10,6.685323949705284e-12,2.8782109530195583e-10,1.0488890654943687e-11,2.8401752859671743e-10,1.5614608108215764e-11,2.788918111434453e-10,1.3482495242933437e-11,2.810239240087277e-10
m4-v1,b04,7,1,np.float64(1.9459101490553132),np.float64(-0.23411211608563706),True,True,True,1.8938706506958967,5.986544593383769e-11,np.float64(0.0001072878084548322),1e-06,6.8872781545288694e-12,5.297816777930882e-11,3.50836947235884e-12,5.6357076461478854e-11,8.024593622980503e-12,5.184085231085719e-11,5.749348037059038e-12,5.411609789677865e-11,4.0089452417194304e-12,5.585650069211826e-11
m4-v1,b04,2,3,np.float64(2.0794415416798357),np.float64(-0.0780064645195518),True,False,False,0.60426177946824,7.984228833635143e-10,np.float64(2.823825489205265e-05),1e-06,1.9534638618558374e-12,7.964694195016585e-10,8.359112918168974e-13,7.975869720716974e-10,-1.605862995102201e-11,8.144815133145364e-10,-2.5457704403529694e-11,8.23880587767044e-10,-1.8559025513429182e-11,8.169819088769435e-10
m4-v1,b04,3,2,np.float64(2.1972245773362196),np.float64(-0.1165663841886866),True,False,False,0.9071885496568086,-4.720016599790711e-10,np.float64(4.1863680387945944e-05),1e-06,3.71682291835575e-11,-5.091698891626286e-10,4.2027078313331954e-11,-5.14028738292403e-10,6.335329664613931e-11,-5.353549566252104e-10,5.480273787449951e-11,-5.268043978535706e-10,5.490208856257159e-11,-5.269037485416427e-10
m4-v1,b04,11,1,np.float64(2.3978952727983707),np.float64(-0.23013570108523157),True,True,True,1.7268331076414782,-6.082645498395323e-11,np.float64(0.00010475199019021911),1e-06,-5.745892630865174e-12,-5.5080562353088055e-11,-1.948342479739591e-11,-4.1343030186557314e-11,-2.5092733054653256e-11,-3.5733721929299974e-11,-2.9825530854922215e-11,-3.100092412903101e-11,-2.839395856365255e-11,-3.243249642030068e-11
m4-v1,b04,13,1,np.float64(2.5649493574615367),np.float64(-0.22644213759952758),True,True,True,1.6649217255707802,5.152351878479067e-10,np.float64(8.001410750727257e-05),1e-06,3.4349145362123846e-11,4.808860424857828e-10,3.87759007157853e-11,4.764592871321214e-10,5.5789945856395846e-11,4.5944524199151083e-10,4.969145526081598e-11,4.655437325870907e-10,4.9076294310537806e-11,4.661588935373689e-10
m4-v1,b04,2,4,np.float64(2.772588722239781),np.float64(-0.0551589000381629),True,False,False,0.3932704208382711,-1.4834887762660287e-09,np.float64(1.997752556610255e-05),1e-06,5.4524663642207376e-11,-1.538013439908236e-09,-1.8745507645481345e-11,-1.4647432686205474e-09,-5.953583330885717e-11,-1.4239529429571716e-09,-1.227704419179034e-10,-1.3607183343481254e-09,-9.577566299640723e-11,-1.3877131132696216e-09
m4-v1,b04,17,1,np.float64(2.833213344056216),np.float64(-0.21872828371837585),True,True,True,1.5591749078994008,-5.747967657399045e-10,np.float64(8.027096856862044e-05),1e-06,-2.3941541737090186e-11,-5.508552240028143e-10,-2.2994246484187107e-11,-5.518025192557173e-10,-2.0347171747288386e-11,-5.544495939926161e-10,-8.835453965371705e-12,-5.659613117745327e-10,-1.541554570359001e-11,-5.593812200363144e-10
m4-v1,b04,19,1,np.float64(2.9444389791664403),np.float64(-0.21501852841127717),True,True,True,1.5017709171843694,9.622103114281799e-11,np.float64(7.77329659291852e-05),1e-06,-1.61076674263701e-11,1.123286985691881e-10,-1.359712517878077e-11,1.0981815632159876e-10,-1.7828113261356682e-11,1.1404914440417467e-10,-1.4456231066861266e-11,1.1067726220967926e-10,-1.269619053340083e-11,1.0891722167621882e-10
m4-v1,b04,23,1,np.float64(3.1354942159291497),np.float64(-0.20810964733659634),True,True,True,1.404446902120817,-2.2881518901840536e-10,np.float64(8.638278615311816e-05),1e-06,6.516186850308628e-11,-2.939770575214916e-10,4.6432103874239493e-11,-2.7524729289264484e-10,6.480705656135069e-11,-2.9362224557975604e-10,4.8635062966930585e-11,-2.774502519853359e-10,4.784218514676626e-11,-2.7665737416517163e-10
m4-v1,b04,5,2,np.float64(3.2188758248682006),np.float64(-0.10245999974535523),True,False,False,0.6896193201672404,5.112981149579809e-10,np.float64(3.8179172198881756e-05),1e-06,-2.393628493584991e-11,5.352343998938308e-10,-4.401029455205137e-11,5.553084095100324e-10,-1.1218345248631106e-11,5.225164602066121e-10,4.34246999867215e-12,5.069556449593088e-10,-1.1630353322138507e-11,5.229284682801194e-10
m4-v1,b04,3,3,np.float64(3.295836866004329),np.float64(-0.06729963328979954),True,False,False,0.44730773502952237,-2.4698993961180804e-09,np.float64(3.0316723549494007e-05),1e-06,-7.892646654886579e-11,-2.3909729295692148e-09,-3.360741572215208e-11,-2.436291980395928e-09,-7.527249162090945e-11,-2.3946269044971708e-09,-6.344306547950452e-11,-2.406456330638576e-09,-4.76582013592593e-11,-2.422241194758821e-09
m4-v1,b04,29,1,np.float64(3.367295829986474),np.float64(-0.1990363509339811),True,True,True,1.2972161991195763,5.67409896845561e-10,np.float64(7.401860844979266e-05),1e-06,-7.213243110176213e-12,5.746231399557372e-10,3.794674592975111e-11,5.294631509158098e-10,3.6327925775783516e-11,5.310819710697775e-10,4.757354272367591e-11,5.19836354121885e-10,4.8150956701309895e-11,5.192589401442511e-10
m4-v1,b04,31,1,np.float64(3.4339872044851463),np.float64(-0.1963215403858554),True,True,True,1.2475777287032448,-1.6369217092915278e-10,np.float64(6.709407896913697e-05),1e-06,7.884489474159615e-11,-2.4253706567074895e-10,9.306021188847071e-11,-2.567523828176235e-10,1.1226135664598509e-10,-2.759535275751379e-10,1.0527839376357189e-10,-2.6897056469272467e-10,1.033847016519594e-10,-2.670768725811122e-10
m4-v1,b04,2,5,np.float64(3.4657359027997265),np.float64(-0.0390032322597759),True,False,False,0.251918099865526,3.68694630381583e-09,np.float64(1.572988668277904e-05),1e-06,5.190269531062934e-10,3.1679193507095367e-09,3.577875012978394e-10,3.329158802517991e-09,4.836110840765037e-10,3.2033352197393265e-09,3.843687236547284e-10,3.3025775801611017e-09,3.744311271155926e-10,3.3125151767002377e-09
m4-v1,b04,37,1,np.float64(3.6109179126442243),np.float64(-0.1889586950119591),True,True,True,1.1944866237730152,-8.716083410575948e-10,np.float64(7.675709048254611e-05),1e-06,-1.4931228098749108e-10,-7.222960600701037e-10,-1.3728000463540643e-10,-7.343283364221884e-10,-1.4539141969347144e-10,-7.262169213641233e-10,-1.178959881911783e-10,-7.537123528664165e-10,-1.278163438650989e-10,-7.437919971924958e-10
m4-v1,b04,41,1,np.float64(3.713572066704308),np.float64(-0.184607803637099),True,True,True,1.1370462396295473,3.867846043448253e-10,np.float64(8.685049013442713e-05),1e-06,4.3499884081811383e-11,3.4328472026301393e-10,1.0867658339147613e-10,2.781080209533492e-10,1.0967521547265749e-10,2.7710938887216783e-10,1.1472497674123084e-10,2.720596276035945e-10,1.1666353784358227e-10,2.7012106650124304e-10
m4-v1,b04,43,1,np.float64(3.7612001156935624),np.float64(-0.18257543342631882),True,True,True,1.0935525960183996,2.6351254511780553e-10,np.float64(8.68920292947546e-05),1e-06,-2.2996876993213235e-10,4.934813150499379e-10,-1.958232603264509e-10,4.5933580544425644e-10,-2.390355950938871e-10,5.025481402116927e-10,-2.1215449175525783e-10,4.756670368730633e-10,-2.0974717557661362e-10,4.732597206944191e-10
m4-v1,b04,47,1,np.float64(3.8501476017100584),np.float64(-0.17876338822837304),True,True,True,1.0446299968183668,1.1602170335578421e-09,np.float64(8.162168581153306e-05),1e-06,-1.370101711011571e-10,1.2972272046589993e-09,-1.5099784283020975e-10,1.3112148763880518e-09,-1.5516861955862335e-10,1.3153856531164654e-09,-1.4112743464535508e-10,1.3013444682031973e-09,-1.5030034210822817e-10,1.3105173756660704e-09
m4-v1,b04,7,2,np.float64(3.8918202981106265),np.float64(-0.08848606258138285),True,False,False,0.5138756804506273,1.6145813575008106e-09,np.float64(3.866600358131264e-05),1e-06,-1.999469899526303e-10,1.8145283474534408e-09,-3.9512687591434084e-10,2.0097082334151515e-09,-4.308728406440341e-10,2.0454541981448447e-09,-4.4672524365858445e-10,2.061306601159395e-09,-4.4456714025400336e-10,2.059148497754814e-09
m4-v1,b04,53,1,np.float64(3.970291913552122),np.float64(-0.1735939685443537),True,True,True,1.0289499358585272,6.890776838019974e-11,np.float64(7.431942803503895e-05),1e-06,-3.53533213997407e-10,4.2244098237760676e-10,-3.3902751356468666e-10,4.079352819448864e-10,-3.517251935305345e-10,4.2063296191073425e-10,-3.1599283435427177e-10,3.849006027344715e-10,-3.2879715244751945e-10,3.977049208277192e-10
m4-v1,b04,59,1,np.float64(4.07753744390572),np.float64(-0.16897485378921837),True,False,False,0.9686853159231968,-1.172797525761382e-09,np.float64(6.607006010883758e-05),1e-06,1.0044091434310192e-10,-1.273238440104484e-09,-8.87234593828472e-11,-1.084074066378535e-09,-1.421755473963863e-10,-1.0306219783649957e-09,-1.9026598633704777e-10,-9.825315394243344e-10,-1.7548827696488987e-10,-9.973092487964922e-10
m4-v1,b04,61,1,np.float64(4.110873864173311),np.float64(-0.16754032791775322),True,False,False,0.941558732251137,-8.172171828135788e-10,np.float64(7.152163113920997e-05),1e-06,-1.4683944775317396e-10,-6.703777350604048e-10,-1.8580585173577885e-10,-6.314113310777999e-10,-1.5946868272648122e-10,-6.577485000870976e-10,-1.483163925410047e-10,-6.68900790272574e-10,-1.6265809748287218e-10,-6.545590853307066e-10
m4-v1,b04,2,6,np.float64(4.1588830833596715),np.float64(-0.02757945001908145),True,False,False,0.16040545192298125,-9.410734413961563e-10,np.float64(9.485599713022767e-06),1e-06,-1.014891130726943e-09,7.38176893307866e-11,-1.1456888441451501e-09,2.0461540274899378e-10,-1.3739103412961688e-09,4.3283689990001245e-10,-1.3975751733087703e-09,4.565017319126139e-10,-1.396572905234106e-09,4.554994638379497e-10
m4-v1,b04,67,1,np.float64(4.204692619390966),np.float64(-0.16351100147025147),True,False,False,0.9051965178975449,-9.251600596726917e-10,np.float64(6.104533488010907e-05),1e-06,-3.4199074953362777e-10,-5.831693101390639e-10,-4.673136531426599e-10,-4.578464065300318e-10,-5.869565647556911e-10,-3.382034949170006e-10,-6.105152230880421e-10,-3.1464483658464954e-10,-5.943881745792277e-10,-3.3077188509346397e-10
m4-v1,b04,71,1,np.float64(4.2626798770413155),np.float64(-0.16102884271275783),True,False,False,0.8784835244117293,-7.081809583198151e-10,np.float64(6.329608041852924e-05),1e-06,-2.964011864667262e-10,-4.117797718530889e-10,-3.336033130860259e-10,-3.745776452337892e-10,-3.3746067995210714e-10,-3.7072027836770795e-10,-3.3191316421228384e-10,-3.7626779410753125e-10,-3.4111670442596707e-10,-3.67064253893848e-10
m4-v1,b04,73,1,np.float64(4.290459441148391),np.float64(-0.1598425863444375),True,False,False,0.874010814388754,7.341212082678794e-10,np.float64(6.57795715993664e-05),1e-06,1.4355623525167411e-09,-7.014411442488617e-10,1.4037816849601709e-09,-6.696604766922915e-10,1.5120128611083632e-09,-7.778916528404838e-10,1.4573140186343955e-09,-7.23192810366516e-10,1.4596839657399774e-09,-7.25562757472098e-10
m4-v1,b04,79,1,np.float64(4.3694478524670215),np.float64(-0.15648155106679665),True,False,False,0.8345171666092545,-1.6198965502312035e-09,np.float64(7.115347432178451e-05),1e-06,-7.608970544124507e-11,-1.5438068447899583e-09,7.27540357937217e-12,-1.6271719538105757e-09,1.4167050169892612e-10,-1.7615670519301296e-09,1.8569643877979608e-10,-1.8055929890109995e-09,1.604822030357618e-10,-1.7803787532669654e-09
m4-v1,b04,3,4,np.float64(4.394449154672439),np.float64(-0.03885546139622887),True,False,False,0.20819704589474747,-6.085891346430117e-09,np.float64(1.3442796001388184e-05),1e-06,-6.451579370349195e-09,3.656880239190784e-10,-5.086706184620359e-09,-9.991851618097575e-10,-5.180690187047218e-09,-9.052011593828984e-10,-4.824006724226117e-09,-1.2618846222039997e-09,-4.878064590752662e-09,-1.2078267556774544e-09
m4-v1,b04,83,1,np.float64(4.418840607796598),np.float64(-0.15439008898017337),True,False,False,0.8324420420108952,1.2392740167399552e-09,np.float64(5.489330840262256e-05),1e-06,-6.606188071697017e-10,1.8998928239096566e-09,-2.3805876952306684e-10,1.477332786263022e-09,-2.5335777070456017e-10,1.4926317874445154e-09,-1.9669696914649056e-10,1.4359709858864457e-09,-1.9938301062369553e-10,1.4386570273636508e-09
m4-v1,b04,89,1,np.float64(4.48863636973214),np.float64(-0.15145009428891956),True,False,False,0.7892315763219729,7.900968768126404e-11,np.float64(6.17765792746993e-05),1e-06,-3.6670742075253806e-10,4.457171084338021e-10,-2.8076293102804927e-10,3.597726187093133e-10,-3.486067204887711e-10,4.2761640817003516e-10,-3.2858136715907147e-10,4.075910548403355e-10,-3.165585282621945e-10,3.9556821594345855e-10
m4-v1,b04,97,1,np.float64(4.574710978503383),np.float64(-0.14785224441209735),True,False,False,0.7708749288470275,-4.169740663861887e-09,np.float64(6.106129787089703e-05),1e-06,-4.42704068544256e-09,2.573000215806731e-10,-4.304315335485521e-09,1.3457467162363374e-10,-4.313809840290385e-09,1.4406917642849754e-10,-4.234623582515779e-09,6.488291865389142e-11,-4.2590392075495695e-09,8.929854368768222e-11
m4-v1,b04,101,1,np.float64(4.61512051684126),np.float64(-0.14617479278578105),True,False,False,0.7442777293614418,-4.7452711759987665e-09,np.float64(5.047544628812529e-05),1e-06,-5.487071351567503e-09,7.418001755687368e-10,-4.915364344734748e-09,1.7009316873598162e-10,-4.8889404321101265e-09,1.4366925611136003e-10,-4.764486391993979e-09,1.9215215995212166e-11,-4.792206040634697e-09,4.693486463593054e-11
m4-v1,b04,103,1,np.float64(4.634728988229636),np.float64(-0.145363663339395),True,False,False,0.7435042800140701,-1.6834056371095585e-09,np.float64(4.977729570048538e-05),1e-06,-2.3379770030117676e-09,6.545713659022091e-10,-1.64886773207142e-09,-3.4537905038138445e-11,-1.75859935975315e-09,7.519372264359154e-11,-1.7007569128476078e-09,1.7351275738049358e-11,-1.691649337997261e-09,8.243700887702425e-12
m4-v1,b04,107,1,np.float64(4.672828834461906),np.float64(-0.14379312149769535),True,False,False,0.7295635871447773,7.105024790732273e-09,np.float64(5.230200321997168e-05),1e-06,5.635346984605138e-09,1.4696778061271344e-09,5.716718879840191e-09,1.3883059108920815e-09,5.786592216671125e-09,1.3184325740611475e-09,5.777178047179243e-09,1.32784674355303e-09,5.784717745458253e-09,1.32030704527402e-09
m4-v1,b04,109,1,np.float64(4.6913478822291435),np.float64(-0.14303243005044233),True,False,False,0.7166806163917397,2.508988128369083e-09,np.float64(6.172746891856573e-05),1e-06,2.186432641877216e-09,3.225554864918668e-10,2.11361295447746e-09,3.953751738916231e-10,2.327282690956247e-09,1.8170543741283603e-10,2.3676935733890935e-09,1.4129455497998943e-10,2.3420467441174794e-09,1.669413842516035e-10
m4-v1,b04,113,1,np.float64(4.727387818712341),np.float64(-0.14155725660115417),True,False,False,0.7066261525859444,1.2396718096496784e-08,np.float64(6.123700862409376e-05),1e-06,1.330323316323499e-08,-9.06515066738206e-10,1.2729785396016593e-08,-3.3306729951980877e-10,1.2916097159025905e-08,-5.193790625291215e-10,1.279495075020648e-08,-3.982326537096968e-10,1.2799476525445997e-08,-4.0275842894921323e-10
m4-v1,b04,11,2,np.float64(4.795790545596741),np.float64(-0.06938852466955447),True,False,False,0.34504708595145384,2.1995782972794586e-09,np.float64(2.9953640636744455e-05),1e-06,2.4785893505092087e-09,-2.7901105322975004e-10,4.238741919607272e-09,-2.0391636223278134e-09,4.941181743751048e-09,-2.741603446471589e-09,5.1540732874980125e-09,-2.954494990218554e-09,5.066864084090178e-09,-2.8672857868107195e-09
m4-v1,b04,5,3,np.float64(4.828313737302301),np.float64(-0.04582150488104508),True,False,False,0.22646156858200583,6.540666808163564e-08,np.float64(1.602466440564703e-05),1e-06,6.919719112782468e-08,-3.790523046189038e-09,6.409448720107193e-08,1.3121808805637092e-09,6.369648615844522e-08,1.7101819231904222e-09,6.322319818728949e-08,2.1834698943461507e-09,6.332264130383107e-08,2.0840267778045696e-09
m4-v1,b04,127,1,np.float64(4.844187086458591),np.float64(-0.13682617124428062),True,False,False,0.6745786357677281,2.7352968778870945e-09,np.float64(6.011344940941896e-05),1e-06,-1.4656692064936225e-09,4.200966084380717e-09,8.683621056993485e-11,2.6484606673171597e-09,4.363141564097196e-10,2.2989827214773747e-09,5.536976130539561e-10,2.1815992648331386e-09,5.133502458141888e-10,2.2219466320729058e-09
m4-v1,b04,2,7,np.float64(4.852030263919617),np.float64(-0.01950161612988795),True,False,False,0.09632548109502702,-1.364250556967761e-08,np.float64(9.255322408507495e-06),1e-06,1.4326937118209052e-08,-2.7969442687886662e-08,2.0344229425112173e-09,-1.5676928512188828e-08,-3.4723992387751147e-10,-1.3295265645800098e-08,-1.089680270118655e-09,-1.2552825299558954e-08,-8.382918405119168e-10,-1.2804213729165694e-08
m4-v1,b04,131,1,np.float64(4.875197323201151),np.float64(-0.1355834491603077),True,False,False,0.6475275240831213,3.5371122919514164e-08,np.float64(5.7997593123629835e-05),1e-06,3.4343703256983206e-08,1.027419662530958e-09,3.444658380758992e-08,9.245391119242456e-10,3.4847749454218604e-08,5.233734652955604e-10,3.492474371635907e-08,4.463792031550964e-10,3.48817215678391e-08,4.894013516750672e-10
m4-v1,b04,137,1,np.float64(4.919980925828125),np.float64(-0.13379912176069506),True,False,False,0.6403824707557123,-4.975161194131772e-08,np.float64(4.569696991196213e-05),1e-06,-4.9540113707181626e-08,-2.1149823413609385e-10,-5.0994863297022896e-08,1.243251355705177e-09,-5.0656125854326004e-08,9.045139130082847e-10,-5.0677443011448084e-08,9.258310701303644e-10,-5.070935353492057e-08,9.57741593602848e-10
m4-v1,b04,139,1,np.float64(4.9344739331306915),np.float64(-0.13322434272608064),True,False,False,0.640211542571376,-4.8470776392584014e-08,np.float64(4.652001379367068e-05),1e-06,-5.063021660091785e-08,2.1594402083338358e-09,-4.83685297112123e-08,-1.0224668137171467e-10,-4.807300563076047e-08,-3.977707618235445e-10,-4.788807698536073e-08,-5.826994072232847e-10,-4.793726002881678e-08,-5.33516363767234e-10
m4-v1,b05,2,1,np.float64(0.6931471805599453),np.float64(-0.1560129290391036),True,True,True,1.3410247769680075,1.3428991252339983e-10,np.float64(5.332781642663387e-05),1e-06,3.6108477063197583e-13,1.3392882775276786e-10,7.806634431104011e-12,1.2648327809229583e-10,8.31032847026932e-12,1.2597958405313051e-10,8.094135430239304e-12,1.2619577709316052e-10,1.2001964957188304e-11,1.2228794756621152e-10
m4-v1,b05,3,1,np.float64(1.0986122886681098),np.float64(-0.20189889986939866),True,True,True,1.6973378692441126,2.1632451385755758e-10,np.float64(6.799917805292474e-05),1e-06,2.920507683557244e-13,2.1603246308920185e-10,8.899208900584272e-12,2.074253049569733e-10,9.83550361063159e-12,2.06489010246926e-10,8.662172860962355e-12,2.0766234099659523e-10,1.3158759857584032e-11,2.0316575399997356e-10
m4-v1,b05,2,2,np.float64(1.3862943611198906),np.float64(-0.1103178000763258),True,False,False,0.921700551950542,-1.8286261393996028e-10,np.float64(4.106190082643317e-05),1e-06,-2.6104745544619286e-12,-1.8025213938549835e-10,-1.011357374432911e-11,-1.7274904019563117e-10,-2.0099838376947582e-11,-1.627627755630127e-10,-8.164401983718905e-12,-1.7469821195624137e-10,-1.3553502359850474e-11,-1.6930911158010982e-10
m4-v1,b05,5,1,np.float64(1.6094379124341003),np.float64(-0.22910752440522542),True,True,True,1.869043642897232,4.602576098022837e-10,np.float64(8.843646507381754e-05),1e-06,-5.304201471808712e-12,4.6556181127409243e-10,2.5114353961455324e-12,4.5774617440613816e-10,2.518948357223926e-12,4.5773866144505976e-10,-4.890587428404133e-13,4.607466685451241e-10,4.628837621459552e-12,4.5562877218082416e-10
m4-v1,b05,7,1,np.float64(1.9459101490553132),np.float64(-0.23411211608563706),True,True,True,1.8392807196337044,1.8774093391016322e-11,np.float64(8.109036741843224e-05),1e-06,1.1959553390597096e-11,6.814540000419226e-12,2.0064214970922013e-11,-1.290121579905691e-12,3.241678394670377e-11,-1.364269055568745e-11,3.538593196245862e-11,-1.6611838571442297e-11,3.4723600703427634e-11,-1.5949507312411312e-11
m4-v1,b05,2,3,np.float64(2.0794415416798357),np.float64(-0.0780064645195518),True,False,False,0.6081364492041219,6.373039873608377e-10,np.float64(3.0231359480971645e-05),1e-06,6.025158350994343e-11,5.770524038508943e-10,6.315134537963448e-11,5.741526419812032e-10,8.348152527700003e-11,5.538224620838377e-10,9.414249000624103e-11,5.431614973545967e-10,8.317383398869637e-11,5.541301533721413e-10
m4-v1,b05,3,2,np.float64(2.1972245773362196),np.float64(-0.1165663841886866),True,False,False,0.9084818636374791,-6.457456791508775e-11,np.float64(5.3504063489067446e-05),1e-06,-2.0413701772245646e-11,-4.416086614284211e-11,-3.4384037184145396e-11,-3.019053073094236e-11,-6.2881055761105e-11,-1.6935121539827544e-12,-4.9955654545042514e-11,-1.461891337004524e-11,-5.354375598830777e-11,-1.1030811926779985e-11
m4-v1,b05,11,1,np.float64(2.3978952727983707),np.float64(-0.23013570108523157),True,True,True,1.7397004761598849,-2.614692906632854e-10,np.float64(7.936283431606754e-05),1e-06,-1.5235767008565284e-11,-2.462335236547201e-10,-3.829332327727317e-11,-2.231759673860122e-10,-4.563816037200163e-11,-2.1583113029128375e-10,-5.200608740844406e-11,-2.0946320325484133e-10,-5.5751263642632863e-11,-2.0571802702065252e-10
m4-v1,b05,13,1,np.float64(2.5649493574615367),np.float64(-0.22644213759952758),True,True,True,1.6431272932126593,-5.998246344063318e-11,np.float64(7.699645660758882e-05),1e-06,9.310739503743135e-12,-6.929320294437631e-11,2.143617405983257e-11,-8.141863750046575e-11,2.230871245748207e-11,-8.229117589811525e-11,3.449410634347071e-11,-9.447656978410389e-11,3.38981603227433e-11,-9.388062376337648e-11
m4-v1,b05,2,4,np.float64(2.772588722239781),np.float64(-0.0551589000381629),True,False,False,0.38887272510150533,-3.337960130522788e-09,np.float64(1.8657519405655203e-05),1e-06,6.420755522066337e-11,-3.4021676857434513e-09,1.206248914470476e-10,-3.4585850219698354e-09,2.099005839532593e-10,-3.5478607144760474e-09,2.0984432320841205e-10,-3.5478044537312e-09,2.1318333321107688e-10,-3.5511434637338647e-09
m4-v1,b05,17,1,np.float64(2.833213344056216),np.float64(-0.21872828371837585),True,True,True,1.5340135267190849,-5.713738371326826e-10,np.float64(7.39832606264892e-05),1e-06,-6.939158449408226e-11,-5.019822526386003e-10,-1.0189106345032622e-10,-4.694827736823565e-10,-1.270486615486805e-10,-4.4432517558400215e-10,-1.3406860698279825e-10,-4.3730523014988436e-10,-1.3441192887433467e-10,-4.36961908258348e-10
m4-v1,b05,19,1,np.float64(2.9444389791664403),np.float64(-0.21501852841127717),True,True,True,1.4843449179600223,2.9882429863903326e-10,np.float64(8.397441097668009e-05),1e-06,4.8690050765394575e-11,2.5013424787363866e-10,1.012705636388899e-10,1.9755373500014336e-10,1.2219199803369538e-10,1.7663230060533788e-10,1.209467894904878e-10,1.7787750914854547e-10,1.3032121008182627e-10,1.68503088557207e-10
m4-v1,b05,23,1,np.float64(3.1354942159291497),np.float64(-0.20810964733659634),True,True,True,1.4349448148275565,-1.5472956249595882e-10,np.float64(7.374172753416403e-05),1e-06,1.6784086549348167e-11,-1.7151364904530697e-10,-9.232877311693667e-12,-1.4549668518426514e-10,-7.232691304640253e-13,-1.5400629336549479e-10,-1.0919392048147239e-11,-1.4381017044781157e-10,-1.5461290111019916e-11,-1.392682723849389e-10
m4-v1,b05,5,2,np.float64(3.2188758248682006),np.float64(-0.10245999974535523),True,False,False,0.6882138953168044,-1.7251353678915393e-09,np.float64(3.548616668427841e-05),1e-06,-1.659520779095188e-10,-1.5591832899820206e-09,-2.61773560057035e-10,-1.4633618078345042e-09,-3.502834479860334e-10,-1.374851919905506e-09,-3.641026282788793e-10,-1.36103273961266e-09,-3.675247315280468e-10,-1.3576106363634925e-09
m4-v1,b05,3,3,np.float64(3.295836866004329),np.float64(-0.06729963328979954),True,False,False,0.44205169878641304,4.757407801037061e-10,np.float64(2.269887938118229e-05),1e-06,3.4780009489171134e-10,1.2794068521199479e-10,4.5805639011938544e-10,1.7684389984320686e-11,5.011037222662649e-10,-2.5362942162558732e-11,5.336099480757157e-10,-5.786916797200962e-11,5.310936833816809e-10,-5.535290327797482e-11
m4-v1,b05,29,1,np.float64(3.367295829986474),np.float64(-0.1990363509339811),True,True,True,1.2674639947663484,-5.422307047808772e-11,np.float64(7.466431976770475e-05),1e-06,3.4916945646306807e-11,-8.914001612439452e-11,6.15054400535356e-11,-1.1572851053162332e-10,7.09702068162708e-11,-1.2519327729435854e-10,9.487405991120826e-11,-1.4909713038929598e-10,9.169351367144242e-11,-1.4591658414953015e-10
m4-v1,b05,31,1,np.float64(3.4339872044851463),np.float64(-0.1963215403858554),True,True,True,1.273643791871347,-4.654328034092714e-10,np.float64(8.721590197263777e-05),1e-06,-8.981963475101351e-11,-3.756131686582579e-10,-1.4989788500210337e-10,-3.1553491840716803e-10,-1.6624975483613016e-10,-2.9918304857314124e-10,-1.6021115441399267e-10,-3.0522164899527873e-10,-1.6906395216266526e-10,-2.9636885124660614e-10
m4-v1,b05,2,5,np.float64(3.4657359027997265),np.float64(-0.0390032322597759),True,False,False,0.248664106810259,-4.350154791943339e-09,np.float64(1.7281562562476975e-05),1e-06,-8.409057663123105e-10,-3.5092490256310285e-09,-1.3958276569342969e-09,-2.9543271350090426e-09,-1.6330310883846993e-09,-2.71712370355864e-09,-1.675007716133589e-09,-2.6751470758097504e-09,-1.723222236724365e-09,-2.626932555218974e-09
m4-v1,b05,37,1,np.float64(3.6109179126442243),np.float64(-0.1889586950119591),True,True,True,1.18002018524369,1.0360081681426436e-09,np.float64(6.556534668289374e-05),1e-06,-2.0735513481799251e-10,1.2433633029606361e-09,-2.7820263402129875e-10,1.3142108021639423e-09,-3.5272747022756414e-10,1.3887356383702078e-09,-3.5257961436213324e-10,1.3885877825047768e-09,-3.544513339224938e-10,1.3904595020651375e-09
m4-v1,b05,41,1,np.float64(3.713572066704308),np.float64(-0.184607803637099),True,True,True,1.1249850897387632,2.136342658332069e-09,np.float64(6.422527790079255e-05),1e-06,2.5191472991184353e-10,1.884427928420225e-09,3.349268997938983e-10,1.8014157585381705e-09,4.206859991338553e-10,1.7156566591982135e-09,4.1921664564435795e-10,1.7171260126877109e-09,4.217243965344133e-10,1.7146182617976555e-09
m4-v1,b05,43,1,np.float64(3.7612001156935624),np.float64(-0.18257543342631882),True,True,True,1.1256000566838291,2.4554580591029662e-11,np.float64(6.575660304951043e-05),1e-06,8.710119784002021e-11,-6.254661724899055e-11,4.629074018034147e-11,-2.1736159589311806e-11,-9.0784096471019e-12,3.3632990238131564e-11,1.7923626028862274e-11,6.630954562167388e-12,6.418449260517762e-12,1.8136131330511902e-11
m4-v1,b05,47,1,np.float64(3.8501476017100584),np.float64(-0.17876338822837304),True,True,True,1.0855148654941786,-7.766027820821364e-10,np.float64(6.075866865659246e-05),1e-06,1.9732505541279917e-11,-7.963352876234163e-10,1.6023047723791292e-10,-9.368332593200493e-10,2.2841863628542228e-10,-1.0050214183675587e-09,1.8936340068111293e-10,-9.659661827632494e-10,2.1377383204816713e-10,-9.903766141303035e-10
m4-v1,b05,7,2,np.float64(3.8918202981106265),np.float64(-0.08848606258138285),True,False,False,0.5148939392175861,2.2001711563746085e-09,np.float64(3.130995734773307e-05),1e-06,-6.846359473843395e-10,2.884807103758948e-09,-8.960183076723831e-10,3.096189464046992e-09,-1.1166967912749521e-09,3.3168679476495606e-09,-1.1015113195972844e-09,3.301682475971893e-09,-1.1101746212462797e-09,3.310345777620888e-09
m4-v1,b05,53,1,np.float64(3.970291913552122),np.float64(-0.1735939685443537),True,True,True,1.01746818459514,-6.548022124519548e-10,np.float64(6.53999397573343e-05),1e-06,-4.4200598268093444e-10,-2.1279622977102037e-10,-5.368138727098075e-10,-1.179883397421473e-10,-6.510577762948942e-10,-3.744436157060589e-12,-6.408609317322364e-10,-1.3941280719718446e-11,-6.431409780306928e-10,-1.1661234421262009e-11
m4-v1,b05,59,1,np.float64(4.07753744390572),np.float64(-0.16897485378921837),True,False,False,0.9593162148275363,4.3299386298656373e-10,np.float64(5.701368503850339e-05),1e-06,9.160251381198988e-11,3.4139134917457385e-10,2.0425248689116644e-10,2.287413760953973e-10,2.8303488735411947e-10,1.4995897563244425e-10,2.241970220006018e-10,2.0879684098596192e-10,2.4597433762315723e-10,1.870195253634065e-10
m4-v1,b05,61,1,np.float64(4.110873864173311),np.float64(-0.16754032791775322),True,False,False,0.962564155363676,-8.068038459541071e-10,np.float64(5.656418250374753e-05),1e-06,-7.791130338188803e-10,-2.769081213522688e-11,-9.956292967046357e-10,1.8882545075052853e-10,-1.1501663214987439e-09,3.433624755446367e-10,-1.1578214696052884e-09,3.5101762365118126e-10,-1.162867477597176e-09,3.560636316430689e-10
m4-v1,b05,2,6,np.float64(4.1588830833596715),np.float64(-0.02757945001908145),True,False,False,0.1571850597824658,4.4108641183981945e-09,np.float64(9.584659190300423e-06),1e-06,3.1369339064795284e-10,4.097170727750242e-09,2.542105961928403e-10,4.156653522205354e-09,4.838008064670228e-10,3.927063311931172e-09,1.1028908211191953e-10,4.300575036286275e-09,1.8654845357139736e-10,4.224315664826797e-09
m4-v1,b05,67,1,np.float64(4.204692619390966),np.float64(-0.16351100147025147),True,False,False,0.9066281444274659,-1.0508593994984494e-11,np.float64(5.711352613980053e-05),1e-06,1.2536580497599755e-10,-1.3587439897098204e-10,1.754340573751314e-10,-1.8594265137011588e-10,2.3221176742834572e-10,-2.427203614233302e-10,1.6737537702252364e-10,-1.7788397101750814e-10,1.8465077126318738e-10,-1.9515936525817187e-10
m4-v1,b05,71,1,np.float64(4.2626798770413155),np.float64(-0.16102884271275783),True,False,False,0.8784278762023217,-3.0871594169923355e-10,np.float64(5.999983704581746e-05),1e-06,-1.489312557605487e-09,1.1805966159062534e-09,-1.6001389573425393e-09,1.2914230156433058e-09,-1.7092028029881818e-09,1.4004868612889483e-09,-1.7294914215942894e-09,1.4207754798950559e-09,-1.719933794412732e-09,1.4112178527134985e-09
m4-v1,b05,73,1,np.float64(4.290459441148391),np.float64(-0.1598425863444375),True,False,False,0.895379152732363,-3.1421998336611523e-10,np.float64(5.730437069215818e-05),1e-06,-1.315925217607433e-09,1.0017052342413178e-09,-1.5808003112363483e-09,1.266580327870233e-09,-1.6361780921999638e-09,1.3219581088338485e-09,-1.6496863608407607e-09,1.3354663774746455e-09,-1.6568447341580432e-09,1.342624750791928e-09
m4-v1,b05,79,1,np.float64(4.3694478524670215),np.float64(-0.15648155106679665),True,False,False,0.84725575596385,-6.996586643381875e-10,np.float64(5.8637996128498136e-05),1e-06,-8.293768222615689e-11,-6.167209821120306e-10,-3.025031315161959e-10,-3.971555328219916e-10,-4.975647302407595e-10,-2.02093934097428e-10,-4.086082884140083e-10,-2.910503759241792e-10,-4.3794164366453513e-10,-2.6171702067365234e-10
m4-v1,b05,3,4,np.float64(4.394449154672439),np.float64(-0.03885546139622887),True,False,False,0.20951187229354654,4.475718240470883e-09,np.float64(1.7224804711604562e-05),1e-06,3.2297344313253843e-09,1.2459838091454985e-09,5.174894057107845e-09,-6.99175816636962e-10,5.730680111621663e-09,-1.2549618711507805e-09,5.959472166350479e-09,-1.4837539258795965e-09,5.995790624319335e-09,-1.520072383848452e-09
m4-v1,b05,83,1,np.float64(4.418840607796598),np.float64(-0.15439008898017337),True,False,False,0.827519812017198,2.474435323307489e-09,np.float64(5.298014053191031e-05),1e-06,2.068649782330162e-09,4.057855409773268e-10,2.4496947075358597e-09,2.474061577162924e-11,2.7081690832736924e-09,-2.3373375996620344e-10,2.7057259437941398e-09,-2.3129062048665083e-10,2.7136879817346503e-09,-2.392526584271614e-10
m4-v1,b05,89,1,np.float64(4.48863636973214),np.float64(-0.15145009428891956),True,False,False,0.8235884066464672,-5.769126287802351e-10,np.float64(6.700505993664732e-05),1e-06,-1.190697480047057e-10,-4.578428807755294e-10,1.4135792420065645e-10,-7.182705529808916e-10,2.0556444854492815e-10,-7.824770773251632e-10,2.731931157164085e-10,-8.501057444966436e-10,2.689616904940697e-10,-8.458743192743048e-10
m4-v1,b05,97,1,np.float64(4.574710978503383),np.float64(-0.14785224441209735),True,False,False,0.7689116727352011,5.743829856186267e-10,np.float64(5.077395503102195e-05),1e-06,2.3342582182006664e-09,-1.7598752325820397e-09,2.1094911917337164e-09,-1.5351082061150898e-09,1.8803554747071778e-09,-1.3059724890885511e-09,1.9379689537586328e-09,-1.363585968140006e-09,1.9166398320207373e-09,-1.3422568464021106e-09
m4-v1,b05,101,1,np.float64(4.61512051684126),np.float64(-0.14617479278578105),True,False,False,0.7526797415428643,-6.778108074811939e-10,np.float64(5.511157309790883e-05),1e-06,1.4543990596923308e-09,-2.1322098671735247e-09,9.006226063532773e-10,-1.5784334138344712e-09,5.790800368569895e-10,-1.2568908443381835e-09,7.022262897637709e-10,-1.380037097244965e-09,6.561749916522892e-10,-1.333985799133483e-09
m4-v1,b05,103,1,np.float64(4.634728988229636),np.float64(-0.145363663339395),True,False,False,0.7422358277122951,5.325568430691874e-09,np.float64(4.9530726319098536e-05),1e-06,2.5433065084973817e-09,2.782261922194492e-09,3.1685701638551843e-09,2.1569982668366895e-09,3.55231194245933e-09,1.7732564882325438e-09,3.528774160181665e-09,1.7967942705102089e-09,3.545445329280597e-09,1.7801231014112768e-09
m4-v1,b05,107,1,np.float64(4.672828834461906),np.float64(-0.14379312149769535),True,False,False,0.7377359667083591,7.2459349631515124e-09,np.float64(4.9279357138548505e-05),1e-06,6.2923614705470585e-09,9.53573492604454e-10,7.0629101504102175e-09,1.8302481274129493e-10,7.485279929569284e-09,-2.3934496641777125e-10,7.477652205812654e-09,-2.3171724266114117e-10,7.490043854419e-09,-2.4410889126748773e-10
m4-v1,b05,109,1,np.float64(4.6913478822291435),np.float64(-0.14303243005044233),True,False,False,0.7340956595769428,-3.168162510114314e-09,np.float64(4.884210929230056e-05),1e-06,-3.1873693868815004e-09,1.9206876767186402e-11,-2.8904640089946578e-09,-2.776985011196563e-10,-3.0179478388604903e-09,-1.502146712538238e-10,-2.8921147039850705e-09,-2.7604780612924354e-10,-2.906185882523349e-09,-2.6197662759096513e-10
m4-v1,b05,113,1,np.float64(4.727387818712341),np.float64(-0.14155725660115417),True,False,False,0.7005690823353631,-1.692050699553249e-08,np.float64(4.851054383435961e-05),1e-06,-1.4618814587400015e-08,-2.3016924081324767e-09,-1.6064415658641703e-08,-8.560913368907884e-10,-1.6493245000303234e-08,-4.272619952292576e-10,-1.654272876073847e-08,-3.7777823479402294e-10,-1.6556917162354776e-08,-3.635898331777155e-10
m4-v1,b05,11,2,np.float64(4.795790545596741),np.float64(-0.06938852466955447),True,False,False,0.3463125688522119,2.489142114647791e-08,np.float64(2.487306363727865e-05),1e-06,2.704553031228839e-08,-2.1541091658104803e-09,2.4242490959063725e-08,6.489301874141846e-10,2.3364757268202593e-08,1.526663878275317e-09,2.363076260059564e-08,1.2606585458822685e-09,2.3500838410703758e-08,1.390582735774152e-09
m4-v1,b05,5,3,np.float64(4.828313737302301),np.float64(-0.04582150488104508),True,False,False,0.22628378891559534,9.709223647291765e-09,np.float64(1.5411181615524125e-05),1e-06,1.7089152380896727e-09,8.000308409202093e-09,7.156674824346751e-09,2.552548822945014e-09,8.722773870136719e-09,9.864497771550458e-10,8.332447531797541e-09,1.376776115494224e-09,8.528792456767392e-09,1.180431190524373e-09
m4-v1,b05,127,1,np.float64(4.844187086458591),np.float64(-0.13682617124428062),True,False,False,0.6794284153358296,6.139715846842364e-09,np.float64(4.5245260765477555e-05),1e-06,1.108851554164264e-08,-4.948799694800276e-09,8.57359441441285e-09,-2.4338785675704865e-09,8.103809035652814e-09,-1.96409318881045e-09,8.163386691071107e-09,-2.0236708442287433e-09,8.096047811397203e-09,-1.9563319645548387e-09
m4-v1,b05,2,7,np.float64(4.852030263919617),np.float64(-0.01950161612988795),True,False,False,0.09697736047816649,-2.1523561855030238e-07,np.float64(6.900333298822946e-06),1e-06,-2.440552966573083e-07,2.881967810700595e-08,-2.306051331555815e-07,1.5369514605279125e-08,-2.280517514041469e-07,1.2816132853844524e-08,-2.287032074435975e-07,1.346758889329512e-08,-2.2823757872919667e-07,1.3001960178894298e-08
m4-v1,b05,131,1,np.float64(4.875197323201151),np.float64(-0.1355834491603077),True,False,False,0.669716228762364,-4.064626757394052e-08,np.float64(4.9223949822117116e-05),1e-06,-4.552662450856637e-08,4.880356934625851e-09,-4.425357435870355e-08,3.6073067847630277e-09,-4.427455500725645e-08,3.62828743331593e-09,-4.4128431819370166e-08,3.4821642454296464e-09,-4.4132117598443146e-08,3.4858500245026257e-09
m4-v1,b05,137,1,np.float64(4.919980925828125),np.float64(-0.13379912176069506),True,False,False,0.6396877030763158,2.3826182915520633e-07,np.float64(5.107104328212983e-05),1e-06,2.3306050128721306e-07,5.20132786799327e-09,2.3568555262843722e-07,2.5762765267691063e-09,2.3612996289527087e-07,2.1318662599354583e-09,2.3614841137564436e-07,2.113417779561973e-09,2.3617503230468076e-07,2.086796850525567e-09
m4-v1,b05,139,1,np.float64(4.9344739331306915),np.float64(-0.13322434272608064),True,False,False,0.6372069659386168,-3.6680105153230613e-07,np.float64(5.614056395024889e-05),1e-06,-3.6693273828368737e-07,1.3168675138123879e-10,-3.6567388207147504e-07,-1.1271694608310924e-09,-3.656351493699945e-07,-1.1659021623116435e-09,-3.6550079593137494e-07,-1.300255600931194e-09,-3.655072336846165e-07,-1.293817847689619e-09
m4-v1,b06,2,1,np.float64(0.6931471805599453),np.float64(-0.1560129290391036),True,True,True,1.3221052211225925,2.878310922937999e-10,np.float64(5.906212963727873e-05),1e-06,3.546504492460144e-12,2.842845878013397e-10,2.1628373108098173e-12,2.8566825498299005e-10,2.063623840615178e-12,2.857674684531847e-10,3.1046169008758033e-12,2.847264753929241e-10,-9.318592415492569e-13,2.887629515353491e-10
m4-v1,b06,3,1,np.float64(1.0986122886681098),np.float64(-0.20189889986939866),True,True,True,1.71890414047634,-7.827827275264099e-11,np.float64(6.718852261222145e-05),1e-06,-1.152501758475647e-12,-7.712577099416534e-11,-3.77621000339886e-12,-7.450206274924213e-11,-3.570074401200556e-12,-7.470819835144043e-11,-1.4312315489854735e-12,-7.684704120365551e-11,-6.45127212521618e-12,-7.18270006274248e-11
m4-v1,b06,2,2,np.float64(1.3862943611198906),np.float64(-0.1103178000763258),True,False,False,0.930118120859089,3.173734608452605e-10,np.float64(3.75166472142541e-05),1e-06,2.7567441240705407e-11,2.898060196045551e-10,4.4702489691858085e-11,2.7267097115340243e-10,5.720836427741597e-11,2.6016509656784455e-10,5.37497185087264e-11,2.636237423365341e-10,5.7219935852684476e-11,2.6015352499257607e-10
m4-v1,b06,5,1,np.float64(1.6094379124341003),np.float64(-0.22910752440522542),True,True,True,1.857544521982511,1.1258860510565682e-10,np.float64(7.639823362122765e-05),1e-06,7.162579130215299e-12,1.0542602597544152e-10,3.6449402394171815e-12,1.0894366486623964e-10,8.88271813586901e-14,1.1249977792429814e-10,-4.766490483779458e-12,1.1735509558943628e-10,-6.240609402300648e-13,1.1321266604588689e-10
m4-v1,b06,7,1,np.float64(1.9459101490553132),np.float64(-0.23411211608563706),True,True,True,1.8436090891354326,5.1129545042272184e-11,np.float64(8.009796332498038e-05),1e-06,4.1904004950063234e-12,4.693914454726586e-11,-5.1560789216459415e-12,5.6285623963918124e-11,-1.4332061170341458e-11,6.546160621261364e-11,-1.8969903987820208e-11,7.00994490300924e-11,-1.5590824441137785e-11,6.672036948340996e-11
m4-v1,b06,2,3,np.float64(2.0794415416798357),np.float64(-0.0780064645195518),True,False,False,0.6055647957110174,-1.214577216579471e-09,np.float64(2.600697087810458e-05),1e-06,-4.861996117244319e-12,-1.2097152204622267e-09,-2.6346686685920438e-11,-1.1882305298935506e-09,-6.216525954749717e-11,-1.1524119570319738e-09,-6.006785095278201e-11,-1.154509365626689e-09,-5.992714959354399e-11,-1.154650066985927e-09
m4-v1,b06,3,2,np.float64(2.1972245773362196),np.float64(-0.1165663841886866),True,False,False,0.8801798864520555,7.418625713739857e-10,np.float64(5.058932135729394e-05),1e-06,1.781961994971667e-11,7.240429514242691e-10,5.4438871964050604e-11,6.874236994099351e-10,9.290947984454804e-11,6.489530915294376e-10,9.711743216914821e-11,6.447451392048375e-10,9.390382716871142e-11,6.479587442052742e-10
m4-v1,b06,11,1,np.float64(2.3978952727983707),np.float64(-0.23013570108523157),True,True,True,1.7226867699967607,1.9556578578772132e-10,np.float64(8.457243151151828e-05),1e-06,-1.6782127610295765e-11,2.1234791339801708e-10,-6.48337988704212e-12,2.0204916567476345e-10,3.703417595871383e-12,1.9186236819184993e-10,8.98952682068281e-12,1.8657625896703852e-10,6.741552670271328e-12,1.8882423311744999e-10
m4-v1,b06,13,1,np.float64(2.5649493574615367),np.float64(-0.22644213759952758),True,True,True,1.6883306053554044,-7.76467778962342e-11,np.float64(7.546672042953005e-05),1e-06,3.464319373421192e-11,-1.1228997163044612e-10,3.780010142664884e-11,-1.1544687932288304e-10,3.707731609549619e-11,-1.1472409399173038e-10,2.757618986442661e-11,-1.052229677606608e-10,3.5352424437996163e-11,-1.1299920233423035e-10
m4-v1,b06,2,4,np.float64(2.772588722239781),np.float64(-0.0551589000381629),True,False,False,0.39898484254871075,1.9824610841823187e-09,np.float64(1.960472910282254e-05),1e-06,6.792566938183555e-11,1.914535414800483e-09,-1.9046879249851548e-11,2.00150796343217e-09,-1.0345936983237289e-10,2.0859204540146916e-09,-1.3323691681511828e-10,2.115698000997437e-09,-1.183376333161216e-10,2.1007987174984405e-09
m4-v1,b06,17,1,np.float64(2.833213344056216),np.float64(-0.21872828371837585),True,True,True,1.572759010066475,-5.953015858040089e-10,np.float64(9.039820050755972e-05),1e-06,4.720622102096663e-11,-6.425078068249755e-10,7.753984031933863e-11,-6.728414261233475e-10,9.474686746368415e-11,-6.900484532676931e-10,8.247194410096693e-11,-6.777735299049759e-10,9.69936182754771e-11,-6.92295204079486e-10
m4-v1,b06,19,1,np.float64(2.9444389791664403),np.float64(-0.21501852841127717),True,True,True,1.5135214450320995,4.845308598788733e-10,np.float64(8.926561068083806e-05),1e-06,-2.0016069578436363e-11,5.045469294573097e-10,-6.085613564472845e-11,5.453869955236018e-10,-1.0086618499421832e-10,5.853970448730917e-10,-1.0486100934573171e-10,5.893918692246051e-10,-1.0283254677828775e-10,5.873634066571611e-10
m4-v1,b06,23,1,np.float64(3.1354942159291497),np.float64(-0.20810964733659634),True,True,True,1.402111729710711,9.996818928215134e-10,np.float64(7.00784173989219e-05),1e-06,-9.150663274573368e-12,1.0088325560960867e-09,-1.792955432053579e-11,1.0176114471420492e-09,-4.53726977605538e-11,1.0450545905820671e-09,-4.93710442147693e-11,1.0490529370362827e-09,-4.167618586782348e-11,1.0413580786893368e-09
m4-v1,b06,5,2,np.float64(3.2188758248682006),np.float64(-0.10245999974535523),True,False,False,0.692770365223632,3.8811842628661e-11,np.float64(4.2184954788276736e-05),1e-06,-2.6778922181535298e-11,6.55907648101963e-11,7.959833247165748e-11,-4.078648984299648e-11,1.6378447546801993e-10,-1.2497263283935894e-10,1.6804175174101595e-10,-1.2922990911235496e-10,1.773884950423923e-10,-1.385766524137313e-10
m4-v1,b06,3,3,np.float64(3.295836866004329),np.float64(-0.06729963328979954),True,False,False,0.4391093871382783,1.225786583347599e-09,np.float64(2.2567303715455637e-05),1e-06,-3.6122205052219013e-10,1.5870086338697891e-09,-4.2648259204005974e-10,1.6522691753876587e-09,-4.404891745337225e-10,1.6662757578813215e-09,-3.862511387418993e-10,1.6120377220894983e-09,-4.282446999068189e-10,1.6540312832544179e-09
m4-v1,b06,29,1,np.float64(3.367295829986474),np.float64(-0.1990363509339811),True,True,True,1.3137062006940894,2.218147887589339e-10,np.float64(7.79890147198633e-05),1e-06,1.0780675861091568e-10,1.1400803014801822e-10,1.061005394423442e-10,1.157142493165897e-10,1.0838970822819574e-10,1.1342508053073816e-10,1.0088239608832439e-10,1.2093239267060951e-10,1.0103517932309667e-10,1.2077960943583722e-10
m4-v1,b06,31,1,np.float64(3.4339872044851463),np.float64(-0.1963215403858554),True,True,True,1.2456784246207318,3.0849345300509867e-10,np.float64(7.264035105902141e-05),1e-06,5.2989016771732463e-11,2.555044362333662e-10,9.906448256729811e-11,2.0942897043780057e-10,1.592913213573859e-10,1.4920213164771277e-10,1.6301246603864e-10,1.4548098696645868e-10,1.573433723452379e-10,1.5115008065986078e-10
m4-v1,b06,2,5,np.float64(3.4657359027997265),np.float64(-0.0390032322597759),True,False,False,0.24927438972243682,-5.022426918799283e-12,np.float64(1.6262973954606368e-05),1e-06,7.224127738341285e-10,-7.274352007529278e-10,1.1330247207646044e-09,-1.1380471476834037e-09,1.289734882356167e-09,-1.2947573092749663e-09,1.1806431628146479e-09,-1.1856655897334471e-09,1.3029554013490685e-09,-1.3079778282678678e-09
m4-v1,b06,37,1,np.float64(3.6109179126442243),np.float64(-0.1889586950119591),True,True,True,1.1736276022117353,6.691824872007146e-11,np.float64(8.037466473412895e-05),1e-06,2.2378166657230318e-10,-1.5686341785223172e-10,3.234547877023899e-10,-2.565365389823184e-10,3.581923806960296e-10,-2.9127413197595815e-10,3.327042459545738e-10,-2.6578599723450235e-10,3.585772288387582e-10,-2.9165898011868673e-10
m4-v1,b06,41,1,np.float64(3.713572066704308),np.float64(-0.184607803637099),True,True,True,1.1451613925296111,1.756164103028368e-10,np.float64(7.812339644561959e-05),1e-06,-6.65393611401597e-11,2.421557714429965e-10,-1.8473732098959254e-10,3.6035373129242935e-10,-2.9419462281710564e-10,4.698110331199425e-10,-2.9949430886980636e-10,4.751107191726431e-10,-2.9860835970297133e-10,4.742247700058081e-10
m4-v1,b06,43,1,np.float64(3.7612001156935624),np.float64(-0.18257543342631882),True,True,True,1.0806354774985008,5.387763568620585e-10,np.float64(6.801117101997361e-05),1e-06,-7.366633746739686e-11,6.124426943294554e-10,2.7997187035189932e-11,5.107791698268686e-10,7.290602692601227e-11,4.658703299360462e-10,6.879090966352097e-11,4.699854471985375e-10,8.427444477085241e-11,4.5450191209120607e-10
m4-v1,b06,47,1,np.float64(3.8501476017100584),np.float64(-0.17876338822837304),True,True,True,1.067611433471782,-3.56220941633012e-10,np.float64(6.314962648291986e-05),1e-06,-1.6183448868318732e-10,-1.9438645294982467e-10,-3.0470077304690434e-10,-5.152016858610765e-11,-4.217476226635621e-10,6.552668103055013e-11,-4.277730743774127e-10,7.155213274440071e-11,-4.2611482742605066e-10,6.989388579303867e-11
m4-v1,b06,7,2,np.float64(3.8918202981106265),np.float64(-0.08848606258138285),True,False,False,0.5225599510338468,-1.7193746426613643e-10,np.float64(3.087608484634889e-05),1e-06,1.5087673648933198e-10,-3.2281420075546844e-10,4.977988061130868e-10,-6.697362703792233e-10,7.577180637805707e-10,-9.296555280467071e-10,7.503801574030976e-10,-9.223176216692341e-10,7.710414120195531e-10,-9.429788762856896e-10
m4-v1,b06,53,1,np.float64(3.970291913552122),np.float64(-0.1735939685443537),True,True,True,1.01197438080265,5.943501246719052e-10,np.float64(6.626399316447527e-05),1e-06,3.395260104898988e-10,2.548241141820064e-10,4.919859122837546e-10,1.0236421238815055e-10,6.258723155732193e-10,-3.152219090131414e-11,6.265099386526548e-10,-3.2159813980749625e-11,6.248972927397482e-10,-3.054716806784306e-11
m4-v1,b06,59,1,np.float64(4.07753744390572),np.float64(-0.16897485378921837),True,False,False,0.9714302010307718,-1.9820270980019927e-09,np.float64(5.839205129282999e-05),1e-06,-2.1247470402724417e-10,-1.7695523939747485e-09,-3.9874222383359256e-10,-1.5832848741684002e-09,-5.741497241945264e-10,-1.4078773738074664e-09,-5.752636105544971e-10,-1.4067634874474956e-09,-5.760976441194403e-10,-1.4059294538825523e-09
m4-v1,b06,61,1,np.float64(4.110873864173311),np.float64(-0.16754032791775322),True,False,False,0.9530142177906078,-3.950517690753941e-10,np.float64(5.696092937573494e-05),1e-06,1.4710829707566667e-10,-5.421600661510608e-10,4.208449898342984e-10,-8.158967589096925e-10,5.939515650803636e-10,-9.890033341557578e-10,5.835526116423454e-10,-9.786043807177394e-10,6.014186237802393e-10,-9.964703928556333e-10
m4-v1,b06,2,6,np.float64(4.1588830833596715),np.float64(-0.02757945001908145),True,False,False,0.15465227543004356,-7.94218790733936e-09,np.float64(1.1395686757382192e-05),1e-06,-3.3714751614355794e-09,-4.57071274590378e-09,-3.769423241784986e-09,-4.1727646655543735e-09,-4.56165509454766e-09,-3.3805328127916994e-09,-4.591182439016663e-09,-3.3510054683226964e-09,-4.510701298413353e-09,-3.4314866089260066e-09
m4-v1,b06,67,1,np.float64(4.204692619390966),np.float64(-0.16351100147025147),True,False,False,0.9052017624882008,-2.6643023343098093e-09,np.float64(5.4362846471172865e-05),1e-06,-1.1739272991031225e-09,-1.4903750352066869e-09,-1.3289985777037542e-09,-1.3353037566060551e-09,-1.365778892698445e-09,-1.2985234416113644e-09,-1.321599896800559e-09,-1.3427024375092504e-09,-1.348117168294554e-09,-1.3161851660152553e-09
m4-v1,b06,71,1,np.float64(4.2626798770413155),np.float64(-0.16102884271275783),True,False,False,0.9032930899736725,1.4803964720755403e-09,np.float64(6.584739646405237e-05),1e-06,1.1076684746045627e-09,3.727279974709776e-10,1.2117383750551873e-09,2.6865809702035295e-10,1.338546751287895e-09,1.4184972078764518e-10,1.3292612501810202e-09,1.5113522189452005e-10,1.3252948283388796e-09,1.551016437366607e-10
m4-v1,b06,73,1,np.float64(4.290459441148391),np.float64(-0.1598425863444375),True,False,False,0.8874283070735016,-8.566601872317392e-10,np.float64(5.7420912346815544e-05),1e-06,6.815243486669303e-10,-1.5381845358986695e-09,7.68173545171213e-10,-1.6248337324029522e-09,9.622386262915771e-10,-1.8188988135233163e-09,9.736258570381787e-10,-1.830286044269918e-09,9.562370913031348e-10,-1.812897278534874e-09
m4-v1,b06,79,1,np.float64(4.3694478524670215),np.float64(-0.15648155106679665),True,False,False,0.8489366182228979,2.1773023384241696e-09,np.float64(5.306121038911732e-05),1e-06,1.667917820318442e-09,5.093845181057277e-10,2.0917884414272538e-09,8.551389699691587e-11,2.2439727833001756e-09,-6.6670444876006e-11,2.202822176115618e-09,-2.5519837691448348e-11,2.2341924996638434e-09,-5.689016123967375e-11
m4-v1,b06,3,4,np.float64(4.394449154672439),np.float64(-0.03885546139622887),True,False,False,0.21012032374446163,-2.6389596063935983e-09,np.float64(1.575816486759771e-05),1e-06,-4.6031016580519575e-10,-2.1786494405884026e-09,-1.6695864432015969e-09,-9.693731631920014e-10,-1.6556859021217737e-09,-9.832737042718246e-10,-1.5555260749454841e-09,-1.0834335314481141e-09,-1.676656942812891e-09,-9.623026635807072e-10
m4-v1,b06,83,1,np.float64(4.418840607796598),np.float64(-0.15439008898017337),True,False,False,0.8285784630119141,-1.585744979770709e-09,np.float64(5.1533425452524965e-05),1e-06,-1.794173749708313e-09,2.0842876993760388e-10,-2.2551630627647154e-09,6.694180829940064e-10,-2.451429728488152e-09,8.656847487174429e-10,-2.4183688817739337e-09,8.326239020032246e-10,-2.4435035080149454e-09,8.577585282442364e-10
m4-v1,b06,89,1,np.float64(4.48863636973214),np.float64(-0.15145009428891956),True,False,False,0.7965648974049172,2.7649693645770412e-09,np.float64(5.0656440779545714e-05),1e-06,2.8403276715826794e-09,-7.535830700563819e-11,2.8460444161761563e-09,-8.107505159911504e-11,2.723078215312356e-09,4.1891149264685344e-11,2.663143789093075e-09,1.0182557548396609e-10,2.6919901646892648e-09,7.297919988777645e-11
m4-v1,b06,97,1,np.float64(4.574710978503383),np.float64(-0.14785224441209735),True,False,False,0.7760059878776672,4.1565439978796803e-10,np.float64(5.2138437170254845e-05),1e-06,-3.2148482242495904e-10,7.371392222129271e-10,4.1613420024201494e-10,-4.798004540469043e-13,4.1459773704966245e-10,1.0566627383055806e-12,3.5802872203330827e-10,5.762567775465977e-11,4.155753076679248e-10,7.909212004322341e-14
m4-v1,b06,101,1,np.float64(4.61512051684126),np.float64(-0.14617479278578105),True,False,False,0.7520112507219361,1.5367764838458697e-09,np.float64(5.1970102603108524e-05),1e-06,1.980999161497907e-09,-4.442226776520374e-10,3.1479056139723527e-09,-1.611129130126483e-09,3.3535620726343346e-09,-1.8167855887884648e-09,3.2734109611286035e-09,-1.7366344772827337e-09,3.344393662257546e-09,-1.8076171784116762e-09
m4-v1,b06,103,1,np.float64(4.634728988229636),np.float64(-0.145363663339395),True,False,False,0.7580101459154617,-5.288917304113738e-09,np.float64(6.568886145746958e-05),1e-06,-2.655621050128442e-09,-2.6332962539852963e-09,-3.781847219558325e-09,-1.5070700845554129e-09,-3.923712666574231e-09,-1.3652046375395076e-09,-3.840985169829708e-09,-1.4479321342840306e-09,-3.909432923028895e-09,-1.3794843810848436e-09
m4-v1,b06,107,1,np.float64(4.672828834461906),np.float64(-0.14379312149769535),True,False,False,0.7377644702600352,-4.850488344310122e-09,np.float64(6.387641098806026e-05),1e-06,-5.49800043385539e-09,6.475120895452678e-10,-6.8144572060989995e-09,1.9639688617888774e-09,-6.99631946969157e-09,2.145831125381448e-09,-6.896188066586163e-09,2.045699722276041e-09,-6.9709224312006465e-09,2.1204340868905244e-09
m4-v1,b06,109,1,np.float64(4.6913478822291435),np.float64(-0.14303243005044233),True,False,False,0.7302500155249596,1.3297638101761322e-08,np.float64(5.091973373827416e-05),1e-06,1.1203783435774257e-08,2.093854665987065e-09,1.1873684746781345e-08,1.4239533549799772e-09,1.1873192434512296e-08,1.424445667249026e-09,1.1776447900597055e-08,1.521190201164267e-09,1.1829804522458102e-08,1.46783357930322e-09
m4-v1,b06,113,1,np.float64(4.727387818712341),np.float64(-0.14155725660115417),True,False,False,0.7079272147790907,1.1269510213907097e-08,np.float64(6.202122141505888e-05),1e-06,9.034199047854083e-09,2.2353111660530137e-09,1.060045383682348e-08,6.690563770836169e-10,1.0800975009597445e-08,4.685352043096522e-10,1.0688023439105027e-08,5.814867748020702e-10,1.076712633662261e-08,5.023838772844872e-10
m4-v1,b06,11,2,np.float64(4.795790545596741),np.float64(-0.06938852466955447),True,False,False,0.3438259343850353,-1.0983778997442073e-08,np.float64(2.3167236044558835e-05),1e-06,-1.6340540007969617e-08,5.356761010527544e-09,-1.1979263506929569e-08,9.954845094874958e-10,-1.1423806818516198e-08,4.4002782107412503e-10,-1.1592256003221464e-08,6.084770057793912e-10,-1.1432497861690226e-08,4.487188642481531e-10
m4-v1,b06,5,3,np.float64(4.828313737302301),np.float64(-0.04582150488104508),True,False,False,0.22550692772913652,-8.59798898744657e-10,np.float64(1.5620173362979235e-05),1e-06,1.0367153756523702e-08,-1.1226952655268359e-08,2.9487501523697734e-09,-3.80854905111443e-09,1.5526522271766965e-09,-2.4124511259213533e-09,1.8338560080381812e-09,-2.693654906782838e-09,1.60195794998552e-09,-2.461756848730177e-09
m4-v1,b06,127,1,np.float64(4.844187086458591),np.float64(-0.13682617124428062),True,False,False,0.6770848704666019,-3.2831716678671796e-08,np.float64(6.158866794446319e-05),1e-06,-3.600166236863869e-08,3.1699456899668936e-09,-3.459290502524895e-08,1.7611883465771544e-09,-3.364993058233095e-08,8.182139036591507e-10,-3.3627354702523456e-08,7.9563802385166e-10,-3.362376280410315e-08,7.920461254313515e-10
m4-v1,b06,2,7,np.float64(4.852030263919617),np.float64(-0.01950161612988795),True,False,False,0.09633245057217352,3.4192772391250514e-07,np.float64(6.775609761614422e-06),1e-06,3.433303972824571e-07,-1.4026733699519706e-09,3.424051341720482e-07,-4.774102595430611e-10,3.4027589289998135e-07,1.6518310125237953e-09,3.3986526283054053e-07,2.0624610819646125e-09,3.399981138597482e-07,1.9296100527569503e-09
m4-v1,b06,131,1,np.float64(4.875197323201151),np.float64(-0.1355834491603077),True,False,False,0.6704895662837075,7.254513745280633e-08,np.float64(5.188578040143198e-05),1e-06,7.40944103479619e-08,-1.549272895155566e-09,7.379565122297569e-08,-1.250513770169362e-09,7.376251019180457e-08,-1.217372738998239e-09,7.370596407187092e-08,-1.160826619064588e-09,7.370929753392597e-08,-1.1641600811196384e-09
m4-v1,b06,137,1,np.float64(4.919980925828125),np.float64(-0.13379912176069506),True,False,False,0.6409118777612893,2.0977831427515525e-07,np.float64(5.2330595286617345e-05),1e-06,2.0924267970152774e-07,5.35634573627515e-10,2.09138509180092e-07,6.398050950632407e-10,2.0821910534557306e-07,1.559208929582192e-09,2.0820284138195128e-07,1.5754728932039761e-09,2.0822753367592795e-07,1.5507805992272988e-09
m4-v1,b06,139,1,np.float64(4.9344739331306915),np.float64(-0.13322434272608064),True,False,False,0.6342862063870826,5.7402251840699137e-08,np.float64(5.000466050950457e-05),1e-06,5.865016367186687e-08,-1.247911831167736e-09,5.97044094024955e-08,-2.302157561796366e-09,5.9585840299135214e-08,-2.183588458436078e-09,5.949167113189823e-08,-2.089419291199092e-09,5.9532283820158836e-08,-2.1300319794596993e-09
m4-v1,b07,2,1,np.float64(0.6931471805599453),np.float64(-0.1560129290391036),True,True,True,1.2976631768994302,2.5933299951930167e-10,np.float64(6.672876070557248e-05),1e-06,-1.3717370382737537e-11,2.730503699020392e-10,-9.862792737297921e-12,2.691957922565996e-10,-1.1553979491933717e-11,2.7088697901123536e-10,-1.6961735229193943e-11,2.762947347484956e-10,-1.813263032315273e-11,2.774656298424544e-10
m4-v1,b07,3,1,np.float64(1.0986122886681098),np.float64(-0.20189889986939866),True,True,True,1.667125222326748,1.0235856606755078e-10,np.float64(7.107204179203104e-05),1e-06,5.611053706562101e-12,9.674751236098868e-11,4.728938823065412e-12,9.762962724448537e-11,8.867602621531763e-12,9.349096344601902e-11,1.437258166465099e-11,8.798598440289979e-11,1.6452323484553115e-11,8.590624258299766e-11
m4-v1,b07,2,2,np.float64(1.3862943611198906),np.float64(-0.1103178000763258),True,False,False,0.8882327840363387,-1.3395573539298766e-10,np.float64(4.4043170165479816e-05),1e-06,-1.429606783192441e-13,-1.3381277471466842e-10,6.610983302078214e-12,-1.4056671869506588e-10,1.6398241652173515e-11,-1.5035397704516118e-10,1.5611123820184516e-11,-1.4956685921317218e-10,2.1480050925852952e-11,-1.554357863188406e-10
m4-v1,b07,5,1,np.float64(1.6094379124341003),np.float64(-0.22910752440522542),True,True,True,1.8443992085761163,5.025979632478084e-12,np.float64(7.52799790044015e-05),1e-06,-1.464696948623846e-11,1.9672949118716543e-11,-1.2472810255331428e-11,1.749878988780951e-11,-9.376735736116481e-12,1.4402715368594565e-11,-1.1104786940654085e-11,1.613076657313217e-11,-1.2479695012332791e-11,1.7505674644810875e-11
m4-v1,b07,7,1,np.float64(1.9459101490553132),np.float64(-0.23411211608563706),True,True,True,1.8100629493298035,-2.7695734594601618e-11,np.float64(8.572862307344579e-05),1e-06,-1.1227932825669234e-12,-2.6572941312034693e-11,3.83987477182715e-12,-3.1535609366428765e-11,1.2133957232893323e-11,-3.9829691827494943e-11,1.0652612051902401e-11,-3.834834664650402e-11,1.4140569360086464e-11,-4.183630395468808e-11
m4-v1,b07,2,3,np.float64(2.0794415416798357),np.float64(-0.0780064645195518),True,False,False,0.6108722067944939,6.820779496763407e-10,np.float64(2.9425644867284182e-05),1e-06,-1.9288640709994632e-11,7.013665903863354e-10,-1.2757122283010855e-11,6.948350719593516e-10,-4.855568185808646e-13,6.825635064949216e-10,1.4811345830608138e-11,6.672666038457326e-10,2.006389581956591e-11,6.620140538567748e-10
m4-v1,b07,3,2,np.float64(2.1972245773362196),np.float64(-0.1165663841886866),True,False,False,0.878366498648993,1.2628103007727987e-09,np.float64(3.8350333509456174e-05),1e-06,2.6398442477252284e-11,1.2364118582955465e-09,1.1323112422574933e-11,1.2514871883502237e-09,1.2320970110961307e-11,1.2504893306618373e-09,1.9190494396375393e-11,1.2436198063764233e-09,1.2891499687852029e-11,1.2499188010849466e-09
m4-v1,b07,11,1,np.float64(2.3978952727983707),np.float64(-0.23013570108523157),True,True,True,1.6788198096191336,5.923106449756688e-11,np.float64(9.861931361830495e-05),1e-06,7.93736934423805e-12,5.129369515332883e-11,6.089931911425074e-12,5.31411325861418e-11,6.375605083639202e-12,5.2855459413927674e-11,-2.9463260428571703e-13,5.952569710185259e-11,-1.6030630350625673e-12,6.083412753262944e-11
m4-v1,b07,13,1,np.float64(2.5649493574615367),np.float64(-0.22644213759952758),True,True,True,1.6420981818005276,2.1703860930699648e-10,np.float64(7.55269400119697e-05),1e-06,-1.1020970453550853e-11,2.2805957976054732e-10,-3.597605793902909e-12,2.2063621510089938e-10,-1.2026915605149115e-11,2.290655249121456e-10,-1.0977089431681385e-11,2.2801569873867786e-10,-7.141229197590263e-12,2.2417983850458673e-10
m4-v1,b07,2,4,np.float64(2.772588722239781),np.float64(-0.0551589000381629),True,False,False,0.38848990289729335,8.775000726046756e-10,np.float64(1.9873810989407066e-05),1e-06,-4.508452178927513e-12,8.82008524783603e-10,2.37627610298091e-11,8.537373115748665e-10,-2.3897408076068646e-11,9.013974806807442e-10,-1.4014179258249998e-11,8.915142518629256e-10,4.103386920282275e-12,8.733966856843932e-10
m4-v1,b07,17,1,np.float64(2.833213344056216),np.float64(-0.21872828371837585),True,True,True,1.5406239450315502,-9.673895018380563e-11,np.float64(9.033689395199072e-05),1e-06,-4.326371792776401e-11,-5.3475232256041616e-11,-3.360578144907176e-11,-6.313316873473386e-11,-3.71379136085708e-11,-5.960103657523482e-11,-3.3849284351694577e-11,-6.288966583211106e-11,-3.2245275393949443e-11,-6.449367478985618e-11
m4-v1,b07,19,1,np.float64(2.9444389791664403),np.float64(-0.21501852841127717),True,True,True,1.49549318628917,4.915197138188887e-10,np.float64(7.92448610833782e-05),1e-06,2.064070416227088e-12,4.894556434026616e-10,1.2505424663983504e-11,4.790142891549052e-10,2.076476760931652e-12,4.894432370579571e-10,4.858162617205576e-12,4.866615512016832e-10,1.1244417970811715e-11,4.80275295848077e-10
m4-v1,b07,23,1,np.float64(3.1354942159291497),np.float64(-0.20810964733659634),True,True,True,1.4082981379712296,1.7903789562012662e-10,np.float64(8.848607101655949e-05),1e-06,4.106368774872324e-11,1.379742078714034e-10,4.813970722415871e-11,1.3089818839596792e-10,3.5375855145959047e-11,1.4366204047416757e-10,4.05401587503956e-11,1.3849773686973101e-10,4.767211865058828e-11,1.3136577696953834e-10
m4-v1,b07,5,2,np.float64(3.2188758248682006),np.float64(-0.10245999974535523),True,False,False,0.686013661307633,-3.2368208113808805e-10,np.float64(4.6866076390902754e-05),1e-06,-2.1421863165393244e-10,-1.0946344948415561e-10,-1.8213831592332533e-10,-1.4154376521476272e-10,-1.9491818600083055e-10,-1.287638951372575e-10,-2.1197301440090284e-10,-1.1170906673718521e-10,-2.1188765710500767e-10,-1.1179442403308038e-10
m4-v1,b07,3,3,np.float64(3.295836866004329),np.float64(-0.06729963328979954),True,False,False,0.43759651549747774,9.128506839317652e-10,np.float64(2.479629285020953e-05),1e-06,-1.9554827261353575e-10,1.108398956545301e-09,-1.9206913935295067e-10,1.1049198232847158e-09,-1.1544354831686651e-10,1.0282942322486318e-09,-1.2722781929496834e-10,1.0400785032267335e-09,-1.3905813507009094e-10,1.051908819001856e-09
m4-v1,b07,29,1,np.float64(3.367295829986474),np.float64(-0.1990363509339811),True,True,True,1.2625274942670532,1.5535706054947696e-10,np.float64(6.548198157087885e-05),1e-06,5.125364369253546e-11,1.041034168569415e-10,3.3874367814070526e-11,1.2148269273540643e-10,8.048265353358156e-13,1.5455223401414115e-10,-7.337368734078232e-12,1.626944292835552e-10,-1.1423830872842983e-11,1.6678089142231993e-10
m4-v1,b07,31,1,np.float64(3.4339872044851463),np.float64(-0.1963215403858554),True,True,True,1.2786166686602065,-3.454717623085912e-10,np.float64(7.56564498556192e-05),1e-06,1.807930049319842e-12,-3.472796923579111e-10,-1.1097975430007167e-12,-3.443619647655905e-10,4.156885366977447e-11,-3.870406159783657e-10,3.5940545013109784e-11,-3.8141230732170103e-10,3.521543489331936e-11,-3.806871972019106e-10
m4-v1,b07,2,5,np.float64(3.4657359027997265),np.float64(-0.0390032322597759),True,False,False,0.24679177051377313,4.753042404104235e-11,np.float64(1.355406446465811e-05),1e-06,7.588412266574822e-10,-7.113108026164398e-10,7.550740390002023e-10,-7.075436149591599e-10,8.469619546458052e-10,-7.994315306047628e-10,9.373683221442627e-10,-8.898378981032203e-10,9.726948719605755e-10,-9.251644479195331e-10
m4-v1,b07,37,1,np.float64(3.6109179126442243),np.float64(-0.1889586950119591),True,True,True,1.1541434996315365,2.3039969931915039e-10,np.float64(8.151413052159218e-05),1e-06,-9.033399967860522e-12,2.394330992870109e-10,-2.0216879994103072e-11,2.5061657931325343e-10,-8.313204328042233e-11,3.135317425995727e-10,-8.02723632815034e-11,3.106720626006538e-10,-8.552666355484037e-11,3.1592636287399073e-10
m4-v1,b07,41,1,np.float64(3.713572066704308),np.float64(-0.184607803637099),True,True,True,1.1361136183873677,-3.091926714660076e-11,np.float64(6.80342723542742e-05),1e-06,6.437353732800758e-11,-9.529280447460834e-11,4.738138978176231e-11,-7.830065692836307e-11,-2.1467599577885215e-11,-9.451667568715545e-12,-2.2375296710317524e-11,-8.543970436283235e-12,-2.546425347870641e-11,-5.455013667894348e-12
m4-v1,b07,43,1,np.float64(3.7612001156935624),np.float64(-0.18257543342631882),True,True,True,1.1308357932147672,2.389379805123326e-10,np.float64(6.038553321723816e-05),1e-06,-1.1742544219869253e-10,3.5636342271102514e-10,-7.520738769454267e-11,3.141453682068753e-10,-1.1241273577503432e-10,3.5135071628736695e-10,-1.0464906909650333e-10,3.4358704960883595e-10,-9.59977198737555e-11,3.349357003860881e-10
m4-v1,b07,47,1,np.float64(3.8501476017100584),np.float64(-0.17876338822837304),True,True,True,1.083598108294763,-1.5363632588361043e-10,np.float64(5.93109379908929e-05),1e-06,3.4856091889276033e-10,-5.021972447763707e-10,3.5578971020168997e-10,-5.094260360853004e-10,3.451267308121893e-10,-4.987630566957998e-10,3.6109201269768356e-10,-5.14728338581294e-10,3.725723490214687e-10,-5.262086749050791e-10
m4-v1,b07,7,2,np.float64(3.8918202981106265),np.float64(-0.08848606258138285),True,False,False,0.5181917982611876,-2.659076625555201e-09,np.float64(2.9315135252999867e-05),1e-06,-2.575517295620406e-10,-2.401524895993161e-09,-1.336684663703155e-10,-2.525408159184886e-09,-1.616350702997544e-10,-2.4974415552554466e-09,-1.5779879047376371e-10,-2.5012778350814374e-09,-1.2737981855298719e-10,-2.531696807002214e-09
m4-v1,b07,53,1,np.float64(3.970291913552122),np.float64(-0.1735939685443537),True,True,True,1.0136925304996252,-3.970880291248591e-10,np.float64(6.427966993880307e-05),1e-06,-1.1252298563996377e-10,-2.845650434848953e-10,-1.1746661638674496e-10,-2.796214127381141e-10,-1.1311896649421933e-10,-2.8396906263063975e-10,-1.4166739190943715e-10,-2.5542063721542193e-10,-1.3768135404464927e-10,-2.594066750802098e-10
m4-v1,b07,59,1,np.float64(4.07753744390572),np.float64(-0.16897485378921837),True,False,False,0.9670415420970195,-9.008206403038344e-10,np.float64(5.642643658432578e-05),1e-06,1.3327005258965097e-10,-1.0340906928934853e-09,4.851817157856324e-11,-9.493388118823976e-10,4.877196481923114e-11,-9.495926051230654e-10,4.7574316756260345e-11,-9.483949570600947e-10,2.756378431812505e-11,-9.283844246219595e-10
m4-v1,b07,61,1,np.float64(4.110873864173311),np.float64(-0.16754032791775322),True,False,False,0.9407678804867194,1.4807719495024685e-09,np.float64(6.627649726144289e-05),1e-06,4.844267751971977e-10,9.963451743052707e-10,5.650124021987735e-10,9.15759547303695e-10,6.010294959486722e-10,8.797424535537963e-10,6.235442554193662e-10,8.572276940831023e-10,6.479687420853286e-10,8.328032074171399e-10
m4-v1,b07,2,6,np.float64(4.1588830833596715),np.float64(-0.02757945001908145),True,False,False,0.1552885550621232,-1.9126129569002615e-09,np.float64(9.331631038932122e-06),1e-06,-1.4307264791094633e-09,-4.818864777907982e-10,-1.4927228994007615e-09,-4.1989005749949995e-10,-2.1547417516382317e-09,2.4212879473797025e-10,-2.059519686963454e-09,1.4690673006319244e-10,-2.1443494194825587e-09,2.317364625822972e-10
m4-v1,b07,67,1,np.float64(4.204692619390966),np.float64(-0.16351100147025147),True,False,False,0.9233658225927623,2.1318391496549793e-10,np.float64(5.525958646508843e-05),1e-06,-2.1807033126027904e-10,4.3125424622577695e-10,-1.0223856150821493e-10,3.1542247647371283e-10,-1.3479320363438417e-10,3.479771185998821e-10,-1.2556924846260817e-10,3.3875316342810613e-10,-1.0463173349063774e-10,3.178156484561357e-10
m4-v1,b07,71,1,np.float64(4.2626798770413155),np.float64(-0.16102884271275783),True,False,False,0.8960222609625965,-3.6416225590585327e-10,np.float64(5.413010109802743e-05),1e-06,-1.0793376809801415e-09,7.151754250742883e-10,-1.1130392239506747e-09,7.488769680448215e-10,-1.0615268440358175e-09,6.973645881299642e-10,-1.0853217218033955e-09,7.211594658975423e-10,-1.1004504264104565e-09,7.362881705046032e-10
m4-v1,b07,73,1,np.float64(4.290459441148391),np.float64(-0.1598425863444375),True,False,False,0.8915498061641339,-1.747734845736204e-09,np.float64(6.428420732296486e-05),1e-06,-1.3869449416436706e-09,-3.607899040925335e-10,-1.2841920088018969e-09,-4.635428369343072e-10,-1.3071313095169423e-09,-4.406035362192618e-10,-1.3172706630310944e-09,-4.304641827051097e-10,-1.3099518961982008e-09,-4.377829495380033e-10
m4-v1,b07,79,1,np.float64(4.3694478524670215),np.float64(-0.15648155106679665),True,False,False,0.851508943198228,-3.171206630625534e-10,np.float64(6.590825283054305e-05),1e-06,2.621623006810657e-10,-5.792829637436191e-10,1.0037858596488288e-10,-4.1749924902743627e-10,7.35706903229454e-11,-3.9069135338549876e-10,2.787212981482683e-11,-3.449927928773802e-10,2.6579013404124674e-11,-3.4369967646667804e-10
m4-v1,b07,3,4,np.float64(4.394449154672439),np.float64(-0.03885546139622887),True,False,False,0.210187766064638,-1.0588565579894293e-09,np.float64(1.6444390193556824e-05),1e-06,-1.312719886056941e-09,2.5386332806751164e-10,-5.190408724223362e-10,-5.398156855670931e-10,-2.0710168539388037e-10,-8.51754872595549e-10,-2.502215281752044e-11,-1.0338344051719088e-09,-2.6582364377057985e-12,-1.0561983215517235e-09
m4-v1,b07,83,1,np.float64(4.418840607796598),np.float64(-0.15439008898017337),True,False,False,0.8306076390061686,1.9931145622820168e-10,np.float64(6.65657739861995e-05),1e-06,1.135033561848985e-09,-9.357221056207833e-10,1.280820733548691e-09,-1.0815092773204893e-09,1.357106113141402e-09,-1.1577946569132003e-09,1.4106397850602568e-09,-1.211328328832055e-09,1.4142513109265358e-09,-1.214939854698334e-09
m4-v1,b07,89,1,np.float64(4.48863636973214),np.float64(-0.15145009428891956),True,False,False,0.7996540864993811,-1.2662976223154487e-09,np.float64(5.0221358525597075e-05),1e-06,-6.293442149080836e-10,-6.369534074073652e-10,-8.367037077392596e-10,-4.295939145761892e-10,-1.115033930965568e-09,-1.5126369134988064e-10,-1.1446436875815187e-09,-1.2165393473393006e-10,-1.1615635930993644e-09,-1.0473402921608432e-10
m4-v1,b07,97,1,np.float64(4.574710978503383),np.float64(-0.14785224441209735),True,False,False,0.7605040888783069,3.648069402117926e-09,np.float64(5.6606424693022537e-05),1e-06,1.942281426872707e-09,1.7057879752452193e-09,1.5704329006600517e-09,2.0776365014578744e-09,1.4128434239701096e-09,2.2352259781478163e-09,1.3705328370180226e-09,2.2775365650999034e-09,1.3630332485062617e-09,2.2850361536116643e-09
m4-v1,b07,101,1,np.float64(4.61512051684126),np.float64(-0.14617479278578105),True,False,False,0.7596263609745628,-2.2630486373742542e-10,np.float64(4.870868149969072e-05),1e-06,-3.7672709630436145e-10,1.5042223256693603e-10,-5.191017687792591e-10,2.9279690504183365e-10,-6.127660742282001e-10,3.864612104907747e-10,-6.07901482363903e-10,3.815966186264776e-10,-6.42977334676342e-10,4.166724709389166e-10
m4-v1,b07,103,1,np.float64(4.634728988229636),np.float64(-0.145363663339395),True,False,False,0.7485862226890908,8.58266013814557e-09,np.float64(4.8884634622801224e-05),1e-06,7.025282888768965e-09,1.557377249376605e-09,7.4350243191772366e-09,1.1476358189683337e-09,7.715865924896813e-09,8.667942132487576e-10,7.774633403214353e-09,8.080267349312168e-10,7.808374789211358e-09,7.742853489342125e-10
m4-v1,b07,107,1,np.float64(4.672828834461906),np.float64(-0.14379312149769535),True,False,False,0.7225979477723113,1.6858485718529437e-09,np.float64(5.371086318492569e-05),1e-06,1.355667508727323e-09,3.301810631256206e-10,1.7546119935576126e-09,-6.876342170466892e-11,1.7093457157340142e-09,-2.349714388107048e-11,1.742323830872073e-09,-5.647525901912941e-11,1.7808480752304483e-09,-9.499950337750462e-11
m4-v1,b07,109,1,np.float64(4.6913478822291435),np.float64(-0.14303243005044233),True,False,False,0.7272321443910903,8.157156283772338e-09,np.float64(6.341417553803106e-05),1e-06,9.160507147343853e-09,-1.0033508635715152e-09,8.645935739165274e-09,-4.887794553929366e-10,8.556881759085958e-09,-3.997254753136206e-10,8.526976387574176e-09,-3.698201038018378e-10,8.520533100917313e-09,-3.633768171449749e-10
m4-v1,b07,113,1,np.float64(4.727387818712341),np.float64(-0.14155725660115417),True,False,False,0.7143289739236564,1.348617817420461e-08,np.float64(5.452087262880546e-05),1e-06,1.3518075922454637e-08,-3.189774825002618e-11,1.2875987828279988e-08,6.101903459246222e-10,1.2907418459686e-08,5.787597145186105e-10,1.2870189091492333e-08,6.159890827122778e-10,1.2861787694932579e-08,6.243904792720317e-10
m4-v1,b07,11,2,np.float64(4.795790545596741),np.float64(-0.06938852466955447),True,False,False,0.3455966296988333,-5.797378477279125e-08,np.float64(2.7782160876893265e-05),1e-06,-5.3921421546441894e-08,-4.052363226349354e-09,-5.4582570574311944e-08,-3.3912141984793037e-09,-5.578119135623666e-08,-2.1925934165545885e-09,-5.5834614880673323e-08,-2.1391698921179247e-09,-5.590499863975543e-08,-2.0687861330358167e-09
m4-v1,b07,5,3,np.float64(4.828313737302301),np.float64(-0.04582150488104508),True,False,False,0.22704024559357977,-4.089332350520891e-08,np.float64(1.502632056940825e-05),1e-06,-3.943924037252822e-08,-1.4540831326806944e-09,-3.953879189798868e-08,-1.354531607220232e-09,-3.9312545851790314e-08,-1.5807776534185973e-09,-3.936033953434336e-08,-1.5329839708655534e-09,-3.924392927114577e-08,-1.6493942340631391e-09
m4-v1,b07,127,1,np.float64(4.844187086458591),np.float64(-0.13682617124428062),True,False,False,0.6700785261716771,-1.396305160383804e-08,np.float64(5.446072907713976e-05),1e-06,-1.3335868864381241e-08,-6.27182739456798e-10,-1.24779094316189e-08,-1.4851421722191395e-09,-1.292227081608533e-08,-1.0407807877527097e-09,-1.2865440077813386e-08,-1.0976115260246534e-09,-1.283762430117793e-08,-1.1254273026601093e-09
m4-v1,b07,2,7,np.float64(4.852030263919617),np.float64(-0.01950161612988795),True,False,False,0.09471218743429441,4.21377377879395e-07,np.float64(6.362509309575432e-06),1e-06,4.3269466676705973e-07,-1.1317288887664728e-08,4.3141748812342427e-07,-1.004011024402927e-08,4.2866700816003156e-07,-7.289630280636563e-09,4.287885908159016e-07,-7.411212936506613e-09,4.2882326435941316e-07,-7.44588648001816e-09
m4-v1,b07,131,1,np.float64(4.875197323201151),np.float64(-0.1355834491603077),True,False,False,0.6563467690418371,-1.6295660842935433e-07,np.float64(5.131338689847768e-05),1e-06,-1.6089227926739643e-07,-2.064329161957901e-09,-1.6176701675268642e-07,-1.1895916766679116e-09,-1.6190289930153528e-07,-1.0537091278190524e-09,-1.619806593541799e-07,-9.75949075174434e-10,-1.6198791365766733e-07,-9.686947716869995e-10
m4-v1,b07,137,1,np.float64(4.919980925828125),np.float64(-0.13379912176069506),True,False,False,0.6428175885186039,-4.1379181658918185e-07,np.float64(4.729677953519492e-05),1e-06,-4.099831949742037e-07,-3.808621614978166e-09,-4.112617191313491e-07,-2.5300974578327343e-09,-4.118359015568048e-07,-1.955915032377044e-09,-4.1191527214660944e-07,-1.87654444257241e-09,-4.1196358439491484e-07,-1.8282321942670092e-09
m4-v1,b07,139,1,np.float64(4.9344739331306915),np.float64(-0.13322434272608064),True,False,False,0.6296921859265362,-9.561853409056909e-08,np.float64(4.4562299905852815e-05),1e-06,-9.486738786251214e-08,-7.511462280569422e-10,-9.585617454646347e-08,2.3764045589438374e-10,-9.675071518391751e-08,1.1321810933484253e-09,-9.679544592068817e-08,1.1769118301190817e-09,-9.68208292924569e-08,1.2022952018878127e-09
m4-v1,b08,2,1,np.float64(0.6931471805599453),np.float64(-0.1560129290391036),True,True,True,1.3073165822525015,4.4659476117203667e-10,np.float64(5.090753743229753e-05),1e-06,3.807859784913403e-12,4.427869013871233e-10,6.954941858957334e-12,4.3963981931307936e-10,9.57904085524404e-12,4.370157203167926e-10,7.539192779686591e-12,4.3905556839235007e-10,7.0882865421028884e-12,4.395064746299338e-10
m4-v1,b08,3,1,np.float64(1.0986122886681098),np.float64(-0.20189889986939866),True,True,True,1.6699584509625,1.0649214843283517e-10,np.float64(6.829575990737694e-05),1e-06,-2.4111845710438335e-12,1.08903333003879e-10,5.898338699619071e-12,1.005938097332161e-10,1.6830522646591362e-12,1.0480909616817603e-10,7.57228182909227e-12,9.891986660374289e-11,8.7673865422592e-12,9.772476189057597e-11
m4-v1,b08,2,2,np.float64(1.3862943611198906),np.float64(-0.1103178000763258),True,False,False,0.8640371496540626,-2.0067447703553398e-10,np.float64(4.415097644131223e-05),1e-06,1.2202232972529337e-11,-2.1287671000806332e-10,-1.392204197234822e-11,-1.8675243506318576e-10,-1.7399636581348043e-11,-1.8327484045418593e-10,-2.4840548219136715e-11,-1.7583392881639727e-10,-2.6367476091058955e-11,-1.7430700094447502e-10
m4-v1,b08,5,1,np.float64(1.6094379124341003),np.float64(-0.22910752440522542),True,True,True,1.791015102397839,-1.0379774817437237e-10,np.float64(7.474804269205133e-05),1e-06,6.900945448280135e-12,-1.1069869362265251e-10,4.073277624746334e-12,-1.078710257991187e-10,1.399171948064033e-11,-1.177894676550127e-10,1.3059249168646767e-11,-1.1685699734301915e-10,1.2136825409811956e-11,-1.1593457358418433e-10
m4-v1,b08,7,1,np.float64(1.9459101490553132),np.float64(-0.23411211608563706),True,True,True,1.8188632417928479,1.113926728635306e-10,np.float64(7.77045748062429e-05),1e-06,1.4487052867128855e-11,9.690561999640175e-11,7.622043652383582e-13,1.1063046849829225e-10,-4.919558255368688e-13,1.1188462868906747e-10,-9.325419641188346e-13,1.1232521482764943e-10,-1.5428410655059371e-12,1.1293551392903655e-10
m4-v1,b08,2,3,np.float64(2.0794415416798357),np.float64(-0.0780064645195518),True,False,False,0.5769517083782422,-1.0153256013722967e-10,np.float64(2.6148583890572158e-05),1e-06,1.6787050056469783e-11,-1.1831961019369944e-10,7.645826356201654e-12,-1.0917838649343132e-10,5.0737813134995826e-11,-1.5227037327222549e-10,4.879596195066139e-11,-1.5032852208789104e-10,4.5643944694122374e-11,-1.4717650483135203e-10
m4-v1,b08,3,2,np.float64(2.1972245773362196),np.float64(-0.1165663841886866),True,False,False,0.8829988544159845,6.199700752773651e-10,np.float64(3.891689254049236e-05),1e-06,1.1027257540050162e-11,6.08942817737315e-10,1.6223884604937486e-11,6.037461906724276e-10,3.9045027792305135e-11,5.8092504748506e-10,4.2844221486259594e-11,5.771258537911055e-10,4.180287393027336e-11,5.781672013470918e-10
m4-v1,b08,11,1,np.float64(2.3978952727983707),np.float64(-0.23013570108523157),True,True,True,1.6790380737116983,-1.3600209847197675e-10,np.float64(8.1504795429587e-05),1e-06,-2.2267798147994997e-12,-1.3377531865717724e-10,1.2692975861125717e-11,-1.4869507433310248e-10,-1.0551415514293897e-11,-1.2545068295768287e-10,-5.8861818365952285e-12,-1.3011591663538153e-10,-3.911763761983094e-12,-1.3209033470999366e-10
m4-v1,b08,13,1,np.float64(2.5649493574615367),np.float64(-0.22644213759952758),True,True,True,1.5963810778513259,2.3273161176007306e-10,np.float64(7.36441690043263e-05),1e-06,-6.327251653205689e-12,2.3905886341327874e-10,-2.0795230247952728e-11,2.535268420080258e-10,-1.7416370729798647e-11,2.501479824898717e-10,-1.5032399934043527e-11,2.477640116941166e-10,-1.5297959739809466e-11,2.480295714998825e-10
m4-v1,b08,2,4,np.float64(2.772588722239781),np.float64(-0.0551589000381629),True,False,False,0.38471895035346004,-1.448651087976316e-09,np.float64(2.0008976137437003e-05),1e-06,-1.5410907948224903e-10,-1.2945420084940668e-09,-2.68653989760246e-11,-1.4217856890002914e-09,-1.2738728846116402e-10,-1.3212637995151518e-09,-7.883298886380834e-11,-1.3698180991125075e-09,-6.6147708596742e-11,-1.382503379379574e-09
m4-v1,b08,17,1,np.float64(2.833213344056216),np.float64(-0.21872828371837585),True,True,True,1.5125535462652555,4.0459724459651625e-10,np.float64(7.444003172494357e-05),1e-06,8.97204377435551e-13,4.037000402190807e-10,-3.53543654602915e-11,4.3995161005680777e-10,-2.1771062802228017e-11,4.2636830739874426e-10,-3.37902801353009e-11,4.3838752473181715e-10,-3.5938110297323824e-11,4.4053535489384005e-10
m4-v1,b08,19,1,np.float64(2.9444389791664403),np.float64(-0.21501852841127717),True,True,True,1.4235748007827573,3.4781533209127247e-10,np.float64(7.266099393565938e-05),1e-06,5.500634371063676e-11,2.928089883806357e-10,1.3265612037537451e-11,3.3454972005373504e-10,2.9314218255775852e-12,3.4488391026569486e-10,-2.0732451861403e-12,3.4988857727741277e-10,-3.414937472098728e-12,3.512302695633712e-10
m4-v1,b08,23,1,np.float64(3.1354942159291497),np.float64(-0.20810964733659634),True,True,True,1.3682764586947456,7.287428438473853e-10,np.float64(7.162543785645311e-05),1e-06,3.5449097076055613e-12,7.251979341397798e-10,3.3391726769888056e-11,6.953511170774973e-10,1.0873052706708008e-11,7.178697911406773e-10,2.7699202139760973e-11,7.010436417076243e-10,2.9975116116241553e-11,6.987677277311437e-10
m4-v1,b08,5,2,np.float64(3.2188758248682006),np.float64(-0.10245999974535523),True,False,False,0.6614209944975303,1.55149626479556e-09,np.float64(4.1107249817713484e-05),1e-06,9.123071903883791e-11,1.460265545756722e-09,-3.19171206293221e-11,1.583413385424882e-09,-4.5134568766974954e-11,1.5966308335625348e-09,-6.299389964393315e-11,1.614490164439493e-09,-6.651221111925974e-11,1.6180084759148196e-09
m4-v1,b08,3,3,np.float64(3.295836866004329),np.float64(-0.06729963328979954),True,False,False,0.4323993748967888,-2.3751500766167055e-10,np.float64(2.9497220870406792e-05),1e-06,-1.1744985191255037e-10,-1.2006515574912018e-10,-2.379656016829563e-10,4.50594021285738e-13,-7.48077672684617e-11,-1.6270724039320884e-10,-9.394190340421736e-11,-1.4357310425745318e-10,-1.029804740234867e-10,-1.3453453363818385e-10
m4-v1,b08,29,1,np.float64(3.367295829986474),np.float64(-0.1990363509339811),True,True,True,1.2545280059284996,4.3108694391946756e-10,np.float64(8.585888951613301e-05),1e-06,7.778431355725837e-11,3.533026303622092e-10,5.6236045671684166e-11,3.748508982477834e-10,4.9439451078461925e-11,3.8164749284100564e-10,6.073540437317846e-11,3.703515395462891e-10,6.028018386655199e-11,3.708067600529156e-10
m4-v1,b08,31,1,np.float64(3.4339872044851463),np.float64(-0.1963215403858554),True,True,True,1.2315148421819555,8.464196010748992e-10,np.float64(6.908858288792506e-05),1e-06,-1.2312255225577493e-10,9.695421533306742e-10,-4.7601239129259934e-11,8.940208402041591e-10,-2.4089764506551927e-11,8.705093655814512e-10,-1.6133851430047905e-11,8.625534525049472e-10,-1.44895540764152e-11,8.609091551513144e-10
m4-v1,b08,2,5,np.float64(3.4657359027997265),np.float64(-0.0390032322597759),True,False,False,0.24550265540726632,3.724534902715959e-09,np.float64(1.381606859856377e-05),1e-06,6.502865348488421e-11,3.6595062492310748e-09,1.7439148173605018e-10,3.550143420979909e-09,2.2674499925757025e-10,3.497789903458389e-09,1.6303613126201283e-10,3.5614987714539464e-09,1.6135540768931162e-10,3.5631794950266476e-09
m4-v1,b08,37,1,np.float64(3.6109179126442243),np.float64(-0.1889586950119591),True,True,True,1.1747138503997765,-2.4260049524826854e-10,np.float64(6.610345796021634e-05),1e-06,7.700556957138347e-11,-3.1960606481965203e-10,1.2958439436343717e-11,-2.5555893468461227e-10,3.070234920575718e-12,-2.4567073016884425e-10,1.28310850322473e-11,-2.5543158028051584e-10,1.168033119242989e-11,-2.5428082644069844e-10
m4-v1,b08,41,1,np.float64(3.713572066704308),np.float64(-0.184607803637099),True,True,True,1.1125814636883355,3.1088909224763484e-11,np.float64(6.062166207863438e-05),1e-06,3.3697795413051225e-10,-3.0588904490574877e-10,2.100589842667091e-10,-1.789700750419456e-10,1.941638959342828e-10,-1.6307498670951932e-10,1.8612280128351916e-10,-1.5503389205875568e-10,1.8272445950097298e-10,-1.516355502762095e-10
m4-v1,b08,43,1,np.float64(3.7612001156935624),np.float64(-0.18257543342631882),True,True,True,1.088508733425259,-1.227572488105011e-10,np.float64(5.9627385538816276e-05),1e-06,3.384408307741668e-10,-4.611980795846679e-10,2.0270867453969923e-10,-3.254659233502003e-10,1.7309972793186242e-10,-2.9585697674236354e-10,1.6401063285463372e-10,-2.8676788166513484e-10,1.6109807754256352e-10,-2.838553263530646e-10
m4-v1,b08,47,1,np.float64(3.8501476017100584),np.float64(-0.17876338822837304),True,True,True,1.0467559502484565,9.215537222218018e-10,np.float64(6.706019480359423e-05),1e-06,3.817765791317817e-10,5.397771430900201e-10,2.2566423913018212e-10,6.958894830916196e-10,3.0688408116307163e-10,6.146696410587301e-10,2.882402712366426e-10,6.333134509851591e-10,2.8149772310010955e-10,6.400559991216922e-10
m4-v1,b08,7,2,np.float64(3.8918202981106265),np.float64(-0.08848606258138285),True,False,False,0.5237458238941888,-1.37358624474615e-09,np.float64(3.102218057412119e-05),1e-06,7.529302623666145e-10,-2.1265165071127643e-09,7.959690780780872e-10,-2.1695553228242373e-09,6.2940927538435e-10,-2.0029955201305e-09,6.229648471891339e-10,-1.996551091935284e-09,6.265900344301551e-10,-2.000176279176305e-09
m4-v1,b08,53,1,np.float64(3.970291913552122),np.float64(-0.1735939685443537),True,True,True,1.0140166442454435,-1.9162360587188232e-10,np.float64(5.922904519419358e-05),1e-06,6.713675717205688e-10,-8.629911775924511e-10,5.358414898046933e-10,-7.274650956765756e-10,5.388953830808483e-10,-7.305189889527306e-10,5.183989497142421e-10,-7.100225555861245e-10,5.14407244362678e-10,-7.060308502345604e-10
m4-v1,b08,59,1,np.float64(4.07753744390572),np.float64(-0.16897485378921837),True,False,False,0.9624487768099018,-1.0970316877134678e-09,np.float64(5.738574748318572e-05),1e-06,-4.445555614762224e-10,-6.524761262372455e-10,-3.6516911904969547e-10,-7.318625686637723e-10,-4.0900059285133125e-10,-6.880310948621366e-10,-4.249450020397195e-10,-6.720866856737482e-10,-4.2130171649086233e-10,-6.757299712226055e-10
m4-v1,b08,61,1,np.float64(4.110873864173311),np.float64(-0.16754032791775322),True,False,False,0.959642349281576,1.1601262173144278e-09,np.float64(5.911208693249816e-05),1e-06,-9.171677804158865e-11,1.2518429953560164e-09,-5.0264715538373045e-11,1.2103909328528008e-09,6.045106671010447e-11,1.0996751506043232e-09,7.379619584959863e-11,1.0863300214648291e-09,7.125001847993562e-11,1.088876198834492e-09
m4-v1,b08,2,6,np.float64(4.1588830833596715),np.float64(-0.02757945001908145),True,False,False,0.154858889309503,-1.938456062333671e-10,np.float64(9.375186277717807e-06),1e-06,3.724000936387515e-09,-3.917846542620882e-09,1.6698570380978977e-09,-1.8637026443312648e-09,1.5008414681835444e-09,-1.6946870744169115e-09,1.4126102112040557e-09,-1.6064558174374228e-09,1.3833385415138607e-09,-1.5771841477472278e-09
m4-v1,b08,67,1,np.float64(4.204692619390966),np.float64(-0.16351100147025147),True,False,False,0.9052345799675658,-4.581339752007807e-10,np.float64(6.1011422359024845e-05),1e-06,6.182189792941833e-10,-1.076352954494964e-09,8.775190376533912e-10,-1.3356530128541718e-09,7.463556384940717e-10,-1.2044896136948524e-09,7.572378494228464e-10,-1.2153718246236271e-09,7.631145512617983e-10,-1.221248526462579e-09
m4-v1,b08,71,1,np.float64(4.2626798770413155),np.float64(-0.16102884271275783),True,False,False,0.8850667230535854,5.4710946884029e-10,np.float64(5.627324824379719e-05),1e-06,3.8085410213211717e-10,1.6625536670817282e-10,-6.157950918602544e-11,6.086889780263154e-10,-4.930548789183323e-11,5.964149567321232e-10,-6.655513581170842e-11,6.136646046519984e-10,-7.266736178163597e-11,6.197768306219259e-10
m4-v1,b08,73,1,np.float64(4.290459441148391),np.float64(-0.1598425863444375),True,False,False,0.8837704792567841,-3.547071525389356e-10,np.float64(6.809924096709068e-05),1e-06,9.066781145887977e-10,-1.2613852671277333e-09,6.480737453545248e-10,-1.0027808978934605e-09,6.238728173333507e-10,-9.785799698722864e-10,6.462583309201513e-10,-1.0009654834590868e-09,6.419182632055461e-10,-9.966254157444816e-10
m4-v1,b08,79,1,np.float64(4.3694478524670215),np.float64(-0.15648155106679665),True,False,False,0.8426183983758224,2.561326706285172e-10,np.float64(5.0898937796971846e-05),1e-06,8.662480040706326e-10,-6.101153334421154e-10,1.217145690706076e-09,-9.610130200775587e-10,1.1825473481016581e-09,-9.264146774731409e-10,1.173795997806179e-09,-9.176633271776619e-10,1.1783858508005605e-09,-9.222531801720433e-10
m4-v1,b08,3,4,np.float64(4.394449154672439),np.float64(-0.03885546139622887),True,False,False,0.20646038762601632,-1.9246991778132383e-09,np.float64(1.3343408067939024e-05),1e-06,-1.441101707177732e-09,-4.835974706355063e-10,-3.6745216551360227e-09,1.7498224773227844e-09,-3.4122738529225485e-09,1.4875746751093102e-09,-3.4652802195936144e-09,1.5405810417803761e-09,-3.4941087322806556e-09,1.5694095544674173e-09
m4-v1,b08,83,1,np.float64(4.418840607796598),np.float64(-0.15439008898017337),True,False,False,0.8186777900632097,-1.7489187875696643e-10,np.float64(5.1177129044446876e-05),1e-06,-1.1140227689696026e-09,9.391308902126362e-10,-9.719856582915037e-10,7.970937795345373e-10,-1.057429801232256e-09,8.825379224752896e-10,-1.084632301205596e-09,9.097404224486296e-10,-1.0794446646529164e-09,9.0455278589595e-10
m4-v1,b08,89,1,np.float64(4.48863636973214),np.float64(-0.15145009428891956),True,False,False,0.7957072118054475,1.7569825594421218e-09,np.float64(5.563706244578418e-05),1e-06,2.7052667114542647e-09,-9.48284152012143e-10,2.223867433583926e-09,-4.668848741418041e-10,2.3379255761637007e-09,-5.809430167215789e-10,2.349643078470855e-09,-5.926605190287334e-10,2.3406485247082486e-09,-5.836659652661268e-10
m4-v1,b08,97,1,np.float64(4.574710978503383),np.float64(-0.14785224441209735),True,False,False,0.7660159013067391,3.588429775547297e-09,np.float64(4.894236181780347e-05),1e-06,3.1493560410435604e-09,4.390737345037367e-10,2.3315044685714317e-09,1.2569253069758654e-09,2.718710832952167e-09,8.697189425951303e-10,2.684096501298615e-09,9.043332742486823e-10,2.6701253617159487e-09,9.183044138313484e-10
m4-v1,b08,101,1,np.float64(4.61512051684126),np.float64(-0.14617479278578105),True,False,False,0.7575937228798484,1.5772230188559888e-09,np.float64(5.148938386861486e-05),1e-06,1.2656861676389746e-09,3.1153685121701426e-10,6.30797817766721e-11,1.5141432370793167e-09,6.542312046683746e-11,1.5117998983891514e-09,3.549634022012941e-11,1.5417266786358593e-09,2.630703389771247e-11,1.5509159849582762e-09
m4-v1,b08,103,1,np.float64(4.634728988229636),np.float64(-0.145363663339395),True,False,False,0.7503983049660229,6.848324130004357e-10,np.float64(5.337394311770822e-05),1e-06,-1.1330383551471961e-10,7.981362485151553e-10,-2.413154154494847e-11,7.089639545453842e-10,9.599254601504809e-11,5.888398669853877e-10,3.198814292897824e-11,6.528442700714575e-10,3.3945647423237504e-11,6.508867655771982e-10
m4-v1,b08,107,1,np.float64(4.672828834461906),np.float64(-0.14379312149769535),True,False,False,0.7288094601420855,1.351169620633641e-09,np.float64(4.700819384712878e-05),1e-06,3.8209089673986646e-09,-2.4697393467650236e-09,2.8940063312142585e-09,-1.5428367105806176e-09,3.3362698189099916e-09,-1.9851001982763506e-09,3.3186314084601677e-09,-1.9674617878265268e-09,3.304390573351646e-09,-1.953220952718005e-09
m4-v1,b08,109,1,np.float64(4.6913478822291435),np.float64(-0.14303243005044233),True,False,False,0.7220169241829961,1.0041413700534463e-08,np.float64(5.1849637646743076e-05),1e-06,9.350824129612109e-09,6.905895709223541e-10,8.503364877679384e-09,1.538048822855079e-09,8.908200833522527e-09,1.1332128670119356e-09,8.818970440778775e-09,1.2224432597556879e-09,8.80988803219416e-09,1.2315256683403024e-09
m4-v1,b08,113,1,np.float64(4.727387818712341),np.float64(-0.14155725660115417),True,False,False,0.7005096403351382,8.078050006687931e-09,np.float64(5.139352041366368e-05),1e-06,9.165663661469255e-09,-1.0876136547813236e-09,8.71101737055248e-09,-6.329673638645481e-10,9.030067086726083e-09,-9.520170800381512e-10,8.940139712504386e-09,-8.620897058164547e-10,8.93644681541751e-09,-8.583968087295787e-10
m4-v1,b08,11,2,np.float64(4.795790545596741),np.float64(-0.06938852466955447),True,False,False,0.34435902018586806,1.3355236405665494e-07,np.float64(2.2568690670304848e-05),1e-06,1.3699878958417456e-07,-3.4464255275196222e-09,1.3403528999831826e-07,-4.829259416633202e-10,1.3371592608125055e-07,-1.6356202459561335e-10,1.3363318023431277e-07,-8.081617765783528e-11,1.336211832423752e-07,-6.881918572026273e-11
m4-v1,b08,5,3,np.float64(4.828313737302301),np.float64(-0.04582150488104508),True,False,False,0.22470657683764247,2.855294713999257e-07,np.float64(1.5304590316463122e-05),1e-06,2.8243497017271605e-07,3.094501227209632e-09,2.851662645440557e-07,3.632068558699568e-10,2.854404079590643e-07,8.906344086136439e-11,2.8530058874700324e-07,2.2888265292244705e-10,2.8531680943305765e-07,2.1266196686803638e-10
m4-v1,b08,127,1,np.float64(4.844187086458591),np.float64(-0.13682617124428062),True,False,False,0.6769927713301067,-4.654582985708089e-08,np.float64(5.329590690306975e-05),1e-06,-4.8078736459838204e-08,1.5329066027573152e-09,-4.658989198682275e-08,4.406212974185981e-11,-4.6226754268843594e-08,-3.1907558823729517e-10,-4.6164406176174594e-08,-3.8142368090629544e-10,-4.616445765068259e-08,-3.813722063982997e-10
m4-v1,b08,2,7,np.float64(4.852030263919617),np.float64(-0.01950161612988795),True,False,False,0.09569610397318322,-5.26528646682678e-07,np.float64(7.395439727726024e-06),1e-06,-5.269033356783635e-07,3.7468899568554356e-10,-5.201934163694706e-07,-6.335230313207317e-09,-5.165418292354486e-07,-9.986817447229313e-09,-5.162000808030925e-07,-1.0328565879585479e-08,-5.162294207697286e-07,-1.0299225912949343e-08
m4-v1,b08,131,1,np.float64(4.875197323201151),np.float64(-0.1355834491603077),True,False,False,0.6604246332768742,-6.141732866726812e-08,np.float64(4.4512969819926254e-05),1e-06,-6.056393158419919e-08,-8.5339708306893e-10,-6.012451060769984e-08,-1.2928180595682789e-09,-6.024552008442409e-08,-1.17180858284403e-09,-6.015149758425786e-08,-1.265831083010263e-09,-6.015342095898051e-08,-1.2639077082876112e-09
m4-v1,b08,137,1,np.float64(4.919980925828125),np.float64(-0.13379912176069506),True,False,False,0.6528343854260251,-3.585085365243046e-07,np.float64(4.787343191778212e-05),1e-06,-3.5759653707809115e-07,-9.119994462134343e-10,-3.582883707102744e-07,-2.2016581403016232e-10,-3.584370905927438e-07,-7.144593156077449e-11,-3.5834917873355717e-07,-1.5935779074741562e-10,-3.583556524054691e-07,-1.5288411883548412e-10
m4-v1,b08,139,1,np.float64(4.9344739331306915),np.float64(-0.13322434272608064),True,False,False,0.6467725719871874,1.6311013764092053e-06,np.float64(4.94223080421165e-05),1e-06,1.6290137254761902e-06,2.087650933015089e-09,1.6326130431622081e-06,-1.5116667530028404e-09,1.6322391152299838e-06,-1.1377388207784952e-09,1.6322840470082112e-06,-1.1826705990059363e-09,1.632299600454874e-06,-1.1982240456686289e-09
m4-v1,b09,2,1,np.float64(0.6931471805599453),np.float64(-0.1560129290391036),True,True,True,1.3094718497626123,3.303146645095012e-10,np.float64(5.1722725033975325e-05),1e-06,-2.2439087135151477e-12,3.3255857322301633e-10,-1.51337594809614e-11,3.454484239904626e-10,-8.25348419621219e-12,3.3856814870571337e-10,-1.2868637409693195e-12,3.316015282504705e-10,-6.449473437577811e-13,3.3095961185325896e-10
m4-v1,b09,3,1,np.float64(1.0986122886681098),np.float64(-0.20189889986939866),True,True,True,1.6213164575166144,3.5333980186180725e-10,np.float64(7.539994769937345e-05),1e-06,1.8155882930951587e-12,3.5152421356871207e-10,5.359944658570077e-12,3.479798572032372e-10,-2.415613168420563e-12,3.5575541503022783e-10,-3.1564238204942448e-12,3.564962256823015e-10,-5.286541935610292e-12,3.586263437974175e-10
m4-v1,b09,2,2,np.float64(1.3862943611198906),np.float64(-0.1103178000763258),True,False,False,0.8903575310858957,-4.3583714415262875e-10,np.float64(3.735227163555794e-05),1e-06,-8.550273812242445e-12,-4.272868703403863e-10,1.8369436256888485e-12,-4.376740877783176e-10,1.9046049021784666e-11,-4.548831931744134e-10,2.087976485809755e-11,-4.567169090107263e-10,2.171397215305885e-11,-4.575511163056876e-10
m4-v1,b09,5,1,np.float64(1.6094379124341003),np.float64(-0.22910752440522542),True,True,True,1.798888890357203,3.461317898967309e-10,np.float64(7.388483083445261e-05),1e-06,-1.4475668833457767e-12,3.475793567800767e-10,2.3746888766589447e-12,3.437571010200719e-10,-3.749392610672796e-12,3.4988118250740366e-10,-1.2293120364435111e-12,3.473611019331744e-10,-4.609008410686563e-12,3.5074079830741746e-10
m4-v1,b09,7,1,np.float64(1.9459101490553132),np.float64(-0.23411211608563706),True,True,True,1.7719629223517288,5.692375459886989e-10,np.float64(8.248348375364198e-05),1e-06,3.17533404825746e-12,5.660622119404415e-10,1.2994220233165456e-11,5.562433257555335e-10,-1.4843975493230557e-12,5.70721943538022e-10,-3.733504446228384e-12,5.729710504349273e-10,-7.2162347498857705e-12,5.764537807385847e-10
m4-v1,b09,2,3,np.float64(2.0794415416798357),np.float64(-0.0780064645195518),True,False,False,0.5905608670093989,8.045299981773724e-10,np.float64(3.3164990327312793e-05),1e-06,4.8936479139866966e-11,7.555935190375054e-10,5.8945294206940136e-12,7.986354687566784e-10,2.6869434539801585e-11,7.776605636375708e-10,2.9076060641811895e-11,7.754539375355605e-10,3.97827983851736e-11,7.647471997921988e-10
m4-v1,b09,3,2,np.float64(2.1972245773362196),np.float64(-0.1165663841886866),True,False,False,0.8545155491459598,4.9562354220711313e-11,np.float64(3.902197813757772e-05),1e-06,4.042542299568481e-11,9.136931225026504e-12,1.4615216792792958e-11,3.4947137427918355e-11,9.64175518412366e-13,4.8598178702298946e-11,-7.755013046407824e-12,5.7317367267119135e-11,-2.212632471454146e-12,5.177498669216546e-11
m4-v1,b09,11,1,np.float64(2.3978952727983707),np.float64(-0.23013570108523157),True,True,True,1.7092321185237633,-7.756351116938731e-11,np.float64(7.44977438920224e-05),1e-06,-2.7722320755612533e-11,-4.9841190413774775e-11,-1.6529746153271054e-11,-6.103376501611626e-11,-7.656746243727869e-12,-6.990676492565944e-11,-2.3569480725626833e-12,-7.520656309682462e-11,-4.906649657932725e-12,-7.265686151145459e-11
m4-v1,b09,13,1,np.float64(2.5649493574615367),np.float64(-0.22644213759952758),True,True,True,1.615495350547734,2.3943957927485826e-11,np.float64(8.166442616143377e-05),1e-06,2.1672438172582672e-11,2.271519754903154e-12,-1.1490030021425857e-11,3.5433987948911686e-11,4.251288356308346e-12,1.969266957117748e-11,8.090381736312111e-12,1.5853576191173717e-11,1.3702305276126163e-11,1.0241652651359663e-11
m4-v1,b09,2,4,np.float64(2.772588722239781),np.float64(-0.0551589000381629),True,False,False,0.38875442048719405,1.0890344182001854e-09,np.float64(1.8011514597041832e-05),1e-06,-4.97458896644295e-12,1.0940090071666284e-09,-2.920395280825715e-12,1.0919548134810112e-09,6.840655346382473e-11,1.0206278647363607e-09,4.672748685292119e-11,1.0423069313472643e-09,6.953844733562662e-11,1.0194959708645587e-09
m4-v1,b09,17,1,np.float64(2.833213344056216),np.float64(-0.21872828371837585),True,True,True,1.5313173572439611,2.631999063140711e-10,np.float64(7.104388753458416e-05),1e-06,4.747131155205904e-11,2.1572859476201206e-10,4.730396451491945e-11,2.1589594179915165e-10,4.0683252223912226e-11,2.2251665409015885e-10,3.320006105773696e-11,2.2999984525633414e-10,3.6207152445952036e-11,2.2699275386811906e-10
m4-v1,b09,19,1,np.float64(2.9444389791664403),np.float64(-0.21501852841127717),True,True,True,1.4811945270816953,3.022397887519901e-10,np.float64(6.951614659374939e-05),1e-06,3.343431057489641e-12,2.9889635769450044e-10,-1.494224389890134e-11,3.1718203265089143e-10,-1.759274165247289e-11,3.1983253040446296e-10,-7.0218994442315484e-12,3.0926168819622163e-10,-1.019640605797613e-11,3.1243619480996623e-10
m4-v1,b09,23,1,np.float64(3.1354942159291497),np.float64(-0.20810964733659634),True,True,True,1.3745060953094657,6.891807124986826e-10,np.float64(6.707470940128816e-05),1e-06,-7.471625591327315e-11,7.638969684119558e-10,-7.076023377617793e-11,7.599409462748605e-10,-7.147278776728135e-11,7.606535002659639e-10,-6.45018627225106e-11,7.536825752211932e-10,-6.931917355331554e-11,7.584998860519982e-10
m4-v1,b09,5,2,np.float64(3.2188758248682006),np.float64(-0.10245999974535523),True,False,False,0.6718345493630662,-7.11243619555546e-10,np.float64(4.3615366803887016e-05),1e-06,6.882818873482627e-11,-7.800718082903723e-10,4.075147384348739e-11,-7.519950933990334e-10,-5.26916628318836e-11,-6.585519567236624e-10,-5.624743174555344e-11,-6.549961878099926e-10,-6.881787706296917e-11,-6.424257424925769e-10
m4-v1,b09,3,3,np.float64(3.295836866004329),np.float64(-0.06729963328979954),True,False,False,0.4395873348955822,2.514943586717777e-09,np.float64(2.169173723470763e-05),1e-06,3.6746265716796046e-11,2.4781973210009812e-09,-1.8895144667498734e-10,2.7038950333927645e-09,-4.4594771268776074e-11,2.5595383579865532e-09,-2.5052147305314247e-11,2.5399957340230915e-09,7.530701968462043e-12,2.507412884749315e-09
m4-v1,b09,29,1,np.float64(3.367295829986474),np.float64(-0.1990363509339811),True,True,True,1.284122204708631,-5.599422037150248e-10,np.float64(6.593859939215428e-05),1e-06,-8.856346966957446e-11,-4.713787340454504e-10,-1.1367520991370431e-10,-4.462669938013205e-10,-1.203164304147056e-10,-4.3962577330031916e-10,-1.11470520846949e-10,-4.484716828680758e-10,-1.1633098751102489e-10,-4.436112162039999e-10
m4-v1,b09,31,1,np.float64(3.4339872044851463),np.float64(-0.1963215403858554),True,True,True,1.2515612226544195,1.2044498731711428e-10,np.float64(6.333288841678375e-05),1e-06,-1.308264094406412e-10,2.512713967577555e-10,-8.431655261995761e-11,2.0476153993707188e-10,-5.189587854869107e-11,1.7234086586580534e-10,-4.0086808170592695e-11,1.6053179548770698e-10,-4.3426599931095365e-11,1.6387158724820965e-10
m4-v1,b09,2,5,np.float64(3.4657359027997265),np.float64(-0.0390032322597759),True,False,False,0.24277151503660818,-3.555642891228672e-09,np.float64(1.356829378827123e-05),1e-06,6.538692888229473e-10,-4.209512180051619e-09,7.929384112122516e-10,-4.3485813024409234e-09,6.757949525769154e-10,-4.2314378438055874e-09,6.03557320756323e-10,-4.159200211984995e-09,6.143881234845868e-10,-4.170031014713259e-09
m4-v1,b09,37,1,np.float64(3.6109179126442243),np.float64(-0.1889586950119591),True,True,True,1.1596868614367546,6.012390585397043e-11,np.float64(8.423342745330737e-05),1e-06,3.479051655534306e-12,5.664485419843612e-11,-1.0971684855564417e-11,7.109559070953484e-11,-3.6669980273779725e-11,9.679388612775015e-11,-5.2733609357577284e-11,1.1285751521154771e-10,-5.10083068351578e-11,1.1113221268912822e-10
m4-v1,b09,41,1,np.float64(3.713572066704308),np.float64(-0.184607803637099),True,True,True,1.109155778587998,-1.0100503766707902e-09,np.float64(8.136617831721026e-05),1e-06,1.8114710430447999e-10,-1.1911974809752703e-09,3.902681142743578e-11,-1.0490771880982261e-09,6.599556738120948e-11,-1.0760459440519998e-09,5.920819934165825e-11,-1.0692585760124484e-09,7.354506034490654e-11,-1.0835954370156968e-09
m4-v1,b09,43,1,np.float64(3.7612001156935624),np.float64(-0.18257543342631882),True,True,True,1.0822211814244218,2.6046891310471665e-09,np.float64(6.188780667036443e-05),1e-06,1.97464095314706e-10,2.4072250357324607e-09,9.157741916701023e-11,2.513111711880156e-09,5.2197201650220434e-11,2.552491929396946e-09,3.582891960298901e-11,2.5688602114441776e-09,4.1150120201529114e-11,2.5635390108456374e-09
m4-v1,b09,47,1,np.float64(3.8501476017100584),np.float64(-0.17876338822837304),True,True,True,1.0644227982522023,-1.8863069994878856e-09,np.float64(7.154004341307032e-05),1e-06,-2.2976621130972335e-10,-1.6565407881781622e-09,-3.538419690545461e-10,-1.5324650304333394e-09,-3.397376806888771e-10,-1.5465693187990084e-09,-3.197876650873155e-10,-1.56651933440057e-09,-3.2316479779565815e-10,-1.5631422016922274e-09
m4-v1,b09,7,2,np.float64(3.8918202981106265),np.float64(-0.08848606258138285),True,False,False,0.5122155195282166,-4.515412488359516e-10,np.float64(2.8544873263701338e-05),1e-06,8.743322664622902e-10,-1.3258735152982418e-09,7.170588616172569e-10,-1.1686001104532085e-09,6.591705635673856e-10,-1.110711812403337e-09,6.269444984381778e-10,-1.0784857472741294e-09,6.429273666632444e-10,-1.094468615499196e-09
m4-v1,b09,53,1,np.float64(3.970291913552122),np.float64(-0.1735939685443537),True,True,True,1.0173374890098081,7.543503599549695e-10,np.float64(5.9432344013645596e-05),1e-06,3.948372577274244e-10,3.5951310222754506e-10,2.2253828672722601e-10,5.318120732277435e-10,1.8315809425257282e-10,5.711922657023966e-10,1.6310119923048993e-10,5.912491607244795e-10,1.7178881510196343e-10,5.82561544853006e-10
m4-v1,b09,59,1,np.float64(4.07753744390572),np.float64(-0.16897485378921837),True,False,False,0.9833155383523408,1.9596710920666283e-09,np.float64(7.032398415733914e-05),1e-06,4.2917623214162496e-10,1.5304948599250034e-09,4.218345661083421e-10,1.5378365259582861e-09,2.6804571745302076e-10,1.6916253746136074e-09,2.503511335279222e-10,1.7093199585387061e-09,2.3757398873042947e-10,1.7220971033361989e-09
m4-v1,b09,61,1,np.float64(4.110873864173311),np.float64(-0.16754032791775322),True,False,False,0.9406981747865326,-1.1967087321096415e-09,np.float64(7.380595536962689e-05),1e-06,-9.343415961723321e-11,-1.1032745724924082e-09,2.784978812525779e-11,-1.2245585202348992e-09,1.4871873882322598e-10,-1.3454274709328675e-09,1.4651943109394667e-10,-1.3432281632035882e-09,1.6103470767251616e-10,-1.3577434397821576e-09
m4-v1,b09,2,6,np.float64(4.1588830833596715),np.float64(-0.02757945001908145),True,False,False,0.15274018763078534,-1.694053231027226e-09,np.float64(1.1044384033770236e-05),1e-06,8.93625638340289e-10,-2.587678869367515e-09,9.492332253499063e-11,-1.7889765535622166e-09,-2.2259659725678148e-10,-1.4714566337704446e-09,-4.005389904491639e-10,-1.2935142405780622e-09,-3.7098822660305073e-10,-1.3230650044241752e-09
m4-v1,b09,67,1,np.float64(4.204692619390966),np.float64(-0.16351100147025147),True,False,False,0.9063071411348539,-6.986911049722266e-11,np.float64(7.413732649073149e-05),1e-06,6.99183777022937e-10,-7.690528875201597e-10,7.492599292674192e-10,-8.191290397646419e-10,5.558039417988396e-10,-6.256730522960623e-10,5.337031682687018e-10,-6.035722787659244e-10,5.177333717285518e-10,-5.876024822257745e-10
m4-v1,b09,71,1,np.float64(4.2626798770413155),np.float64(-0.16102884271275783),True,False,False,0.8702003298597287,-5.204153774585052e-10,np.float64(5.376582821184358e-05),1e-06,-8.241951155017307e-10,3.037797380432255e-10,-8.122409351015238e-10,2.918255576430186e-10,-9.056302887901682e-10,3.85214911331663e-10,-9.206840988316306e-10,4.002687213731254e-10,-9.333812090852598e-10,4.129658316267546e-10
m4-v1,b09,73,1,np.float64(4.290459441148391),np.float64(-0.1598425863444375),True,False,False,0.8651831685160182,-4.910337692010103e-10,np.float64(6.485203789734894e-05),1e-06,-1.1165220751724413e-09,6.254883059714311e-10,-7.532994753943109e-10,2.6226570619330064e-10,-8.585017406742324e-10,3.6746797147322214e-10,-8.73798844222762e-10,3.8276507502175174e-10,-8.939615376376078e-10,4.029277684365975e-10
m4-v1,b09,79,1,np.float64(4.3694478524670215),np.float64(-0.15648155106679665),True,False,False,0.847991065473231,5.332276842295869e-10,np.float64(6.48055661189966e-05),1e-06,1.580959535264695e-09,-1.0477318510351082e-09,1.0890944965286867e-09,-5.558668122990998e-10,1.2102427947464732e-09,-6.770151105168863e-10,1.2252698173257553e-09,-6.920421330961685e-10,1.2484475798839852e-09,-7.152198956543983e-10
m4-v1,b09,3,4,np.float64(4.394449154672439),np.float64(-0.03885546139622887),True,False,False,0.21027915167922295,-3.3623164252816196e-09,np.float64(1.2872400106411052e-05),1e-06,-1.1376828167388833e-08,8.014511742107213e-09,-1.115942717296063e-08,7.79711074767901e-09,-1.0623902651072383e-08,7.261586225790763e-09,-1.0486294034769428e-08,7.123977609487809e-09,-1.0503768556478014e-08,7.141452131196395e-09
m4-v1,b09,83,1,np.float64(4.418840607796598),np.float64(-0.15439008898017337),True,False,False,0.8294159803257366,6.568281474272908e-10,np.float64(5.732947378642027e-05),1e-06,8.48344101612098e-10,-1.9151595418480725e-10,5.877938039014097e-10,6.903434352588106e-11,3.558572014058884e-10,3.009709460214024e-10,3.3412290801600055e-10,3.2270523941129024e-10,3.1786010704153296e-10,3.389680403857578e-10
m4-v1,b09,89,1,np.float64(4.48863636973214),np.float64(-0.15145009428891956),True,False,False,0.7983029648670074,1.272701499743789e-09,np.float64(4.967240562198556e-05),1e-06,2.9328560800038813e-10,9.79415891743401e-10,8.896275261364532e-10,3.830739736073359e-10,7.831366614529388e-10,4.895648382908503e-10,7.317496957677097e-10,5.409518039760794e-10,7.287236855841678e-10,5.439778141596213e-10
m4-v1,b09,97,1,np.float64(4.574710978503383),np.float64(-0.14785224441209735),True,False,False,0.7588465420855646,-5.940993363928726e-09,np.float64(5.607219782077557e-05),1e-06,-6.161308480630636e-09,2.2031511670190981e-10,-6.13279625092648e-09,1.9180288699775412e-10,-5.7836093793960214e-09,-1.5738398453270458e-10,-5.736968936584427e-09,-2.0402442734429898e-10,-5.721764184663995e-09,-2.1922917926473068e-10
m4-v1,b09,101,1,np.float64(4.61512051684126),np.float64(-0.14617479278578105),True,False,False,0.7506435232407246,-1.1599546434482022e-08,np.float64(4.727631196041181e-05),1e-06,-1.05826020463944e-08,-1.016944388087622e-09,-1.0280485028404735e-08,-1.3190614060772875e-09,-1.0298316216730842e-08,-1.3012302177511803e-09,-1.0288785700351112e-08,-1.3107607341309105e-09,-1.0309268039711066e-08,-1.290278394770956e-09
m4-v1,b09,103,1,np.float64(4.634728988229636),np.float64(-0.145363663339395),True,False,False,0.7449973339935628,-2.060975390349995e-09,np.float64(4.7098508492110765e-05),1e-06,-2.9142276446014114e-09,8.532522542514164e-10,-4.458395168315915e-09,2.39741977796592e-09,-4.0937845629480344e-09,2.0328091725980394e-09,-4.044379601124601e-09,1.9834042107746058e-09,-4.012312313924436e-09,1.951336923574441e-09
m4-v1,b09,107,1,np.float64(4.672828834461906),np.float64(-0.14379312149769535),True,False,False,0.7200645784223657,2.3636694823636617e-09,np.float64(5.8725274593881966e-05),1e-06,6.227619251436462e-10,1.7409075572200154e-09,1.141792366257942e-09,1.2218771161057196e-09,1.4476017634786872e-09,9.160677188849745e-10,1.4520968959443366e-09,9.115725864193251e-10,1.4797091024248851e-09,8.839603799387766e-10
m4-v1,b09,109,1,np.float64(4.6913478822291435),np.float64(-0.14303243005044233),True,False,False,0.7159261948522687,-2.3700047702135407e-08,np.float64(5.869505873030282e-05),1e-06,-2.21345566004469e-08,-1.5654911016885077e-09,-2.3087872945070817e-08,-6.1217475706459e-10,-2.2832701465589885e-08,-8.673462365455226e-10,-2.2783637871254163e-08,-9.164098308812443e-10,-2.2782419003298323e-08,-9.176286988370844e-10
m4-v1,b09,113,1,np.float64(4.727387818712341),np.float64(-0.14155725660115417),True,False,False,0.7071164479815767,-6.582549172406971e-09,np.float64(4.621174619135729e-05),1e-06,-5.904629130327684e-09,-6.779200420792871e-10,-7.79451288979607e-09,1.2119637173890996e-09,-7.3324350700741345e-09,7.498858976671639e-10,-7.311600307514085e-09,7.290511351071144e-10,-7.264955518460539e-09,6.82406346053568e-10
m4-v1,b09,11,2,np.float64(4.795790545596741),np.float64(-0.06938852466955447),True,False,False,0.3453998610019705,-1.6559319404585437e-07,np.float64(2.7024686036678804e-05),1e-06,-1.6364376238951968e-07,-1.9494316563346906e-09,-1.6598536602500067e-07,3.921719791462967e-10,-1.6530690089090027e-07,-2.862931549541005e-10,-1.6520134966464327e-07,-3.918443812111064e-10,-1.6520044710448949e-07,-3.927469413648897e-10
m4-v1,b09,5,3,np.float64(4.828313737302301),np.float64(-0.04582150488104508),True,False,False,0.22560429760493697,2.4457560199309114e-08,np.float64(1.4820059312417715e-05),1e-06,3.295573425880872e-08,-8.498174059499608e-09,2.8106375495925033e-08,-3.648815296615919e-09,2.7075062919115324e-08,-2.6175027198062104e-09,2.684347646056174e-08,-2.385916261252627e-09,2.6836841152310536e-08,-2.379280953001422e-09
m4-v1,b09,127,1,np.float64(4.844187086458591),np.float64(-0.13682617124428062),True,False,False,0.6729219352637914,1.8115872624235863e-07,np.float64(4.3600933108067955e-05),1e-06,1.799721695008161e-07,1.1865567415425376e-09,1.802748391772083e-07,8.838870651503169e-10,1.8021836327785084e-07,9.403629645077846e-10,1.8020603063026774e-07,9.5269561209089e-10,1.802280467481896e-07,9.306794941690241e-10
m4-v1,b09,2,7,np.float64(4.852030263919617),np.float64(-0.01950161612988795),True,False,False,0.09592577833349537,9.084707204287668e-07,np.float64(6.184446622483553e-06),1e-06,8.779775689310038e-07,3.0493151497762934e-08,9.037940589515538e-07,4.6766614772129335e-09,8.990299201455811e-07,9.440800283185614e-09,8.984650615648689e-07,1.0005658863897897e-08,8.982061767470373e-07,1.0264543681729441e-08
m4-v1,b09,131,1,np.float64(4.875197323201151),np.float64(-0.1355834491603077),True,False,False,0.6530917680739037,3.181020173936844e-07,np.float64(5.4440318252435555e-05),1e-06,3.135416940622398e-07,4.560323331444564e-09,3.156568429863887e-07,2.445174407295676e-09,3.1545493266585147e-07,2.6470847278329097e-09,3.154180419572802e-07,2.683975436404174e-09,3.1542752394702034e-07,2.674493446664034e-09
m4-v1,b09,137,1,np.float64(4.919980925828125),np.float64(-0.13379912176069506),True,False,False,0.6487936480879704,8.58392368074945e-07,np.float64(4.4842344726280475e-05),1e-06,8.541471719609072e-07,4.245196114037785e-09,8.582860906485849e-07,1.0627742636008239e-10,8.575213832419621e-07,8.709848329829502e-10,8.574415564569057e-07,9.508116180393327e-10,8.574086965068188e-07,9.836715681262018e-10
m4-v1,b09,139,1,np.float64(4.9344739331306915),np.float64(-0.13322434272608064),True,False,False,0.6400067754612861,-1.022829866359487e-07,np.float64(4.5627142742406e-05),1e-06,-9.999711060617702e-08,-2.2858760297716844e-09,-1.039696847563842e-07,1.6866981204354956e-09,-1.0343204954138315e-07,1.1490629054344454e-09,-1.0334341814752632e-07,1.060431511577618e-09,-1.0331703493951387e-07,1.03404830356517e-09
m4-v1,b10,2,1,np.float64(0.6931471805599453),np.float64(-0.1560129290391036),True,True,True,1.251504611481089,-5.3487658746576017e-11,np.float64(6.11140824694901e-05),1e-06,-3.464588937921498e-12,-5.002306980865452e-11,-4.336539671916866e-12,-4.915111907465915e-11,6.2941995584800675e-12,-5.978185830505608e-11,1.4194784519223807e-12,-5.49071371984984e-11,3.908605397607088e-12,-5.7396264144183105e-11
m4-v1,b10,3,1,np.float64(1.0986122886681098),np.float64(-0.20189889986939866),True,True,True,1.617049544018287,-2.8330249257635387e-10,np.float64(6.73899693243461e-05),1e-06,-5.234674029153414e-12,-2.7806781854720047e-10,-1.8861655469549386e-12,-2.8141632702939893e-10,-8.109549870388737e-12,-2.751929427059651e-10,-3.8267452414103115e-12,-2.794757473349436e-10,-3.2427304453326246e-12,-2.8005976213102124e-10
m4-v1,b10,2,2,np.float64(1.3862943611198906),np.float64(-0.1103178000763258),True,False,False,0.8661813898015603,5.005906800192861e-10,np.float64(3.911253588003956e-05),1e-06,8.984020951486147e-12,4.916066590678e-10,-7.487200198120218e-12,5.080778802174063e-10,1.3291751992611881e-11,4.872989280266742e-10,6.1832087756115926e-12,4.944074712436745e-10,-2.4773761822575328e-12,5.030680562015437e-10
m4-v1,b10,5,1,np.float64(1.6094379124341003),np.float64(-0.22910752440522542),True,True,True,1.7423967290670015,8.488809655204932e-11,np.float64(9.386313996545293e-05),1e-06,-2.551394019889209e-12,8.743949057193853e-11,3.41808342615912e-12,8.14700131258902e-11,5.276929615133568e-12,7.961116693691575e-11,5.824736871737734e-12,7.906335968031158e-11,1.6270511546751767e-11,6.861758500529755e-11
m4-v1,b10,7,1,np.float64(1.9459101490553132),np.float64(-0.23411211608563706),True,True,True,1.802871213108619,3.0829538921750554e-10,np.float64(0.00010021420216019509),1e-06,6.07792560881123e-12,3.022174636086943e-10,6.688428700804206e-12,3.016069605167013e-10,-6.504683264224962e-12,3.1480007248173053e-10,-1.9803618963018012e-12,3.1027575111380736e-10,-5.255823754030026e-12,3.135512129715356e-10
m4-v1,b10,2,3,np.float64(2.0794415416798357),np.float64(-0.0780064645195518),True,False,False,0.5798512669066973,1.1092549101476834e-09,np.float64(2.593251334445506e-05),1e-06,-2.657085909263887e-11,1.1358257692403223e-09,-3.760606048710451e-11,1.146860970634788e-09,-9.70234482950016e-12,1.1189572549771836e-09,-1.7761090377284536e-11,1.127016000524968e-09,-3.050149498488578e-11,1.1397564051325691e-09
m4-v1,b10,3,2,np.float64(2.1972245773362196),np.float64(-0.1165663841886866),True,False,False,0.8641349639288038,4.711873113905085e-10,np.float64(3.801234397743403e-05),1e-06,1.0366043473474954e-11,4.608212679170336e-10,2.397600900473017e-11,4.4721130238577836e-10,1.1482550577911353e-11,4.5970476081259714e-10,3.440932258669954e-12,4.677463791318386e-10,6.1058344969190905e-12,4.650814768935894e-10
m4-v1,b10,11,1,np.float64(2.3978952727983707),np.float64(-0.23013570108523157),True,True,True,1.6490030164313803,3.483477950538827e-10,np.float64(7.81928416327531e-05),1e-06,-1.3304569608346593e-11,3.616523646622293e-10,-1.9827387197794408e-12,3.503305337736621e-10,4.863866878897483e-12,3.4348392817498523e-10,6.039524435505479e-12,3.423082706183772e-10,1.990444853268677e-11,3.284433465211959e-10
m4-v1,b10,13,1,np.float64(2.5649493574615367),np.float64(-0.22644213759952758),True,True,True,1.6316580948714403,-4.164348865742795e-10,np.float64(8.67399632332378e-05),1e-06,-6.54935262364438e-13,-4.157799513119151e-10,-2.1149377092709183e-11,-3.9528550948157033e-10,1.8169437957302717e-12,-4.182518303700098e-10,-3.109490290269495e-13,-4.161239375452526e-10,-5.158067909645532e-12,-4.11276818664634e-10
m4-v1,b10,2,4,np.float64(2.772588722239781),np.float64(-0.0551589000381629),True,False,False,0.38587770704994395,5.371805222864623e-10,np.float64(1.773526567313408e-05),1e-06,6.691002840557932e-11,4.70270493880883e-10,4.115039277331342e-12,5.33065483009131e-10,1.0331766410923721e-10,4.3386285817722507e-10,6.537907925312769e-11,4.718014430333346e-10,7.493870865207844e-11,4.6224181363438387e-10
m4-v1,b10,17,1,np.float64(2.833213344056216),np.float64(-0.21872828371837585),True,True,True,1.474228864765491,-2.118100139725243e-10,np.float64(9.156945852246487e-05),1e-06,1.15143980546482e-11,-2.233244120271725e-10,-1.474548549466605e-11,-1.9706452847785825e-10,-6.942457350517437e-12,-2.0486755662200686e-10,-9.899220299575815e-12,-2.0191079367294849e-10,-2.6337186369144933e-11,-1.8547282760337937e-10
m4-v1,b10,19,1,np.float64(2.9444389791664403),np.float64(-0.21501852841127717),True,True,True,1.4314086513615565,3.1799896049733434e-10,np.float64(9.026494511314224e-05),1e-06,-1.4063033230273116e-11,3.3206199372760745e-10,1.2970515038293858e-11,3.050284454590405e-10,1.2833704655424236e-11,3.051652558419101e-10,1.4928324532052557e-11,3.030706359652818e-10,3.5114550202284975e-11,2.828844102950494e-10
m4-v1,b10,23,1,np.float64(3.1354942159291497),np.float64(-0.20810964733659634),True,True,True,1.3269774064436262,2.7687718784363824e-10,np.float64(6.786756365293457e-05),1e-06,3.810100644438999e-11,2.3877618139924825e-10,5.612959622755627e-11,2.2074759161608197e-10,3.347599795195084e-11,2.434011898916874e-10,3.51035488179222e-11,2.4177363902571603e-10,4.8045335888062476e-11,2.2883185195557576e-10
m4-v1,b10,5,2,np.float64(3.2188758248682006),np.float64(-0.10245999974535523),True,False,False,0.6682307136592771,-1.574624874933761e-09,np.float64(3.8809311941005864e-05),1e-06,3.164986415047581e-11,-1.606274739084237e-09,5.2964195429029305e-11,-1.6275890703627904e-09,-5.555039495063074e-11,-1.5190744799831304e-09,-4.2075450276515624e-11,-1.5325494246572454e-09,-8.393876729710442e-11,-1.4906861076366567e-09
m4-v1,b10,3,3,np.float64(3.295836866004329),np.float64(-0.06729963328979954),True,False,False,0.43346588998837177,-3.5018210553516838e-09,np.float64(2.795457702970099e-05),1e-06,-4.8886024194848394e-11,-3.4529350311568355e-09,-1.0085456000584773e-10,-3.400966495345836e-09,7.279162835863421e-11,-3.574612683710318e-09,5.493441460021936e-11,-3.556755469951903e-09,1.1508271777486833e-10,-3.6169037731265523e-09
m4-v1,b10,29,1,np.float64(3.367295829986474),np.float64(-0.1990363509339811),True,True,True,1.2617184684391318,6.160878474048559e-10,np.float64(6.497434049348827e-05),1e-06,-1.2171865110177283e-12,6.173050339158736e-10,2.516033767242255e-11,5.909275097324334e-10,-3.79969845176341e-11,6.540848319224899e-10,-2.3818909193593834e-11,6.399067565984497e-10,-3.7966080543410505e-11,6.540539279482664e-10
m4-v1,b10,31,1,np.float64(3.4339872044851463),np.float64(-0.1963215403858554),True,True,True,1.232169212969741,-5.884168707837034e-10,np.float64(8.069579241348673e-05),1e-06,-3.6220060493429955e-11,-5.521968102902735e-10,2.3351318166034145e-11,-6.117681889497375e-10,1.5944786026807504e-11,-6.043616568105109e-10,1.9957531241449925e-11,-6.083744020251533e-10,4.53788638109699e-11,-6.337957345946733e-10
m4-v1,b10,2,5,np.float64(3.4657359027997265),np.float64(-0.0390032322597759),True,False,False,0.23788565327064645,1.3127023912318236e-09,np.float64(1.2484048445797263e-05),1e-06,-2.093956168433954e-10,1.522098008075219e-09,-3.960069801415366e-10,1.7087093713733602e-09,-3.001519204384473e-10,1.612854311670271e-09,-3.057883507167795e-10,1.618490741948603e-09,-4.246972593435097e-10,1.7373996505753334e-09
m4-v1,b10,37,1,np.float64(3.6109179126442243),np.float64(-0.1889586950119591),True,True,True,1.1606766991721436,8.992597777535138e-10,np.float64(7.548587057946836e-05),1e-06,3.336398108200822e-11,8.658957966715056e-10,-2.5580704978683475e-11,9.248404827321974e-10,-4.16575035784557e-11,9.409172813319696e-10,-4.223860552654758e-11,9.414983832800614e-10,-7.873946399024064e-11,9.779992417437545e-10
m4-v1,b10,41,1,np.float64(3.713572066704308),np.float64(-0.184607803637099),True,True,True,1.0878813139511976,-1.6604206898307439e-09,np.float64(8.30347916547929e-05),1e-06,-1.628563328656975e-10,-1.4975643569650463e-09,-1.6828199397544759e-10,-1.4921386958552963e-09,-9.369623399294767e-11,-1.5667244558377963e-09,-9.838516738293803e-11,-1.562035522447806e-09,-9.563391591654335e-11,-1.5647867739142005e-09
m4-v1,b10,43,1,np.float64(3.7612001156935624),np.float64(-0.18257543342631882),True,True,True,1.093251747510099,3.597069309080325e-10,np.float64(7.207750973996513e-05),1e-06,7.08218086280919e-11,2.888851222799406e-10,-4.005034027919278e-11,3.997572711872253e-10,-1.1931294006623763e-11,3.716382249146563e-10,-1.9517546116856868e-11,3.792244770248894e-10,-4.4931606282416835e-11,4.046385371904494e-10
m4-v1,b10,47,1,np.float64(3.8501476017100584),np.float64(-0.17876338822837304),True,True,True,1.0232423509690307,2.1375368142173556e-10,np.float64(6.556561105372418e-05),1e-06,1.980915383263807e-10,1.566214309535485e-11,2.2821715731318213e-10,-1.4463475891446566e-11,1.552659215465441e-10,5.848775987519147e-11,1.5746864066068773e-10,5.628504076104783e-11,1.6807797850577523e-10,4.5675702915960335e-11
m4-v1,b10,7,2,np.float64(3.8918202981106265),np.float64(-0.08848606258138285),True,False,False,0.5125686223652657,-5.767771815712308e-10,np.float64(3.6084023097227414e-05),1e-06,-5.7013539286071096e-11,-5.197636422851597e-10,-3.5632895372491504e-10,-2.2044822784631577e-10,-1.855234709118723e-10,-3.9125371065935854e-10,-1.940538622363293e-10,-3.827233193349015e-10,-2.2107507407660743e-10,-3.557021074946234e-10
m4-v1,b10,53,1,np.float64(3.970291913552122),np.float64(-0.1735939685443537),True,True,True,1.01064011524438,9.162495206993526e-10,np.float64(7.723807108613686e-05),1e-06,-1.8744187034161306e-10,1.1036913910409656e-09,-1.7670717072028958e-10,1.0929566914196422e-09,-7.89548706942862e-11,9.952043913936388e-10,-1.003262789496012e-10,1.0165757996489538e-09,-9.261519815680866e-11,1.0088647188561613e-09
m4-v1,b10,59,1,np.float64(4.07753744390572),np.float64(-0.16897485378921837),True,False,False,0.966227786532119,1.3874434934280089e-09,np.float64(5.709174341226233e-05),1e-06,3.9690438412803276e-10,9.905391092999762e-10,2.3050070038288065e-10,1.1569427930451283e-09,1.7973100957842255e-10,1.2077124838495863e-09,1.7112354301219353e-10,1.2163199504158154e-09,1.2937864187214616e-10,1.2580648515558626e-09
m4-v1,b10,61,1,np.float64(4.110873864173311),np.float64(-0.16754032791775322),True,False,False,0.9376664782836002,-1.225857193531965e-09,np.float64(5.55610195975182e-05),1e-06,-3.226401896221868e-10,-9.032170039097783e-10,-4.701273691167764e-10,-7.557298244151887e-10,-3.941589756113193e-10,-8.316982179206458e-10,-3.658432222987664e-10,-8.600139712331987e-10,-3.760712391079607e-10,-8.497859544240045e-10
m4-v1,b10,2,6,np.float64(4.1588830833596715),np.float64(-0.02757945001908145),True,False,False,0.1518616635231953,7.818057312647397e-11,np.float64(9.046023004450527e-06),1e-06,-4.875386327281171e-10,5.657192058545911e-10,-8.273950671096453e-10,9.055756402361192e-10,1.5688252730740105e-11,6.249232039573387e-11,-2.2448806309068522e-10,3.026686362171592e-10,-9.733804922107312e-11,1.755186223475471e-10
m4-v1,b10,67,1,np.float64(4.204692619390966),np.float64(-0.16351100147025147),True,False,False,0.9087486450676033,1.1989982340310235e-09,np.float64(6.422671716670492e-05),1e-06,2.6161563826128356e-10,9.3738259576974e-10,2.7428158974688486e-10,9.247166442841386e-10,3.148311255186327e-10,8.841671085123907e-10,2.7016546508381803e-10,9.288327689472054e-10,2.81928988057415e-10,9.170692459736084e-10
m4-v1,b10,71,1,np.float64(4.2626798770413155),np.float64(-0.16102884271275783),True,False,False,0.8727137112564088,8.15383316421503e-10,np.float64(5.2202955186969904e-05),1e-06,9.566770290111708e-10,-1.412937125896678e-10,7.335389137913079e-10,8.184440263019504e-11,6.191235122164746e-10,1.9625980420502842e-10,6.095471548733372e-10,2.0583616154816575e-10,5.620211004290035e-10,2.5336221599249947e-10
m4-v1,b10,73,1,np.float64(4.290459441148391),np.float64(-0.1598425863444375),True,False,False,0.8802383622280886,1.1175067538005123e-09,np.float64(6.621731368883288e-05),1e-06,7.1574719900018e-10,4.017595548003323e-10,7.449346479373463e-10,3.72572105863166e-10,7.028508254164475e-10,4.146559283840649e-10,6.596201548434713e-10,4.5788659895704106e-10,6.673165485229929e-10,4.5019020527751946e-10
m4-v1,b10,79,1,np.float64(4.3694478524670215),np.float64(-0.15648155106679665),True,False,False,0.8362937426570619,-1.5027539213008367e-09,np.float64(5.016801953245354e-05),1e-06,-6.53782371865981e-10,-8.489715494348557e-10,-8.862292433736817e-10,-6.16524677927155e-10,-7.868150274615782e-10,-7.159388938392585e-10,-7.535329132792583e-10,-7.492210080215784e-10,-7.389332234952307e-10,-7.63820697805606e-10
m4-v1,b10,3,4,np.float64(4.394449154672439),np.float64(-0.03885546139622887),True,False,False,0.20689239182830482,7.054536066419814e-09,np.float64(1.3387585324798945e-05),1e-06,6.615695982395518e-09,4.388400840242962e-10,6.345514621321097e-09,7.090214450987176e-10,5.209337959718694e-09,1.8451981067011204e-09,5.3352661065984304e-09,1.7192699598213838e-09,5.190516166748761e-09,1.8640198996710533e-09
m4-v1,b10,83,1,np.float64(4.418840607796598),np.float64(-0.15439008898017337),True,False,False,0.8258917365766204,4.828786259736262e-10,np.float64(4.931538624803116e-05),1e-06,1.408136188032861e-09,-9.252575620592348e-10,1.0843371066000027e-09,-6.014584806263765e-10,1.0542840588814306e-09,-5.714054329078045e-10,1.021069324420461e-09,-5.381906984468348e-10,9.957708409675713e-10,-5.128922149939452e-10
m4-v1,b10,89,1,np.float64(4.48863636973214),np.float64(-0.15145009428891956),True,False,False,0.7944431884759132,-4.927089181094857e-09,np.float64(5.37438506435677e-05),1e-06,-2.1820605442055067e-09,-2.7450286368893502e-09,-2.1166231019651953e-09,-2.8104660791296617e-09,-1.808831601931516e-09,-3.1182575791633406e-09,-1.8568003641404033e-09,-3.0702888169544536e-09,-1.8229813779324728e-09,-3.104107803162384e-09
m4-v1,b10,97,1,np.float64(4.574710978503383),np.float64(-0.14785224441209735),True,False,False,0.7675793403986706,4.4725445569326894e-10,np.float64(4.7355260848795556e-05),1e-06,1.3913122000263417e-09,-9.440577443330727e-10,1.6951969488104452e-09,-1.2479424931171762e-09,1.4093175636633213e-09,-9.620631079700523e-10,1.4709921528427368e-09,-1.023737697149468e-09,1.445904881134007e-09,-9.986504254407382e-10
m4-v1,b10,101,1,np.float64(4.61512051684126),np.float64(-0.14617479278578105),True,False,False,0.7513166762774538,4.723698321384973e-09,np.float64(5.7742821620990824e-05),1e-06,3.8191103384110596e-09,9.04587982973913e-10,4.131966565230416e-09,5.917317561545564e-10,3.980270883471911e-09,7.434274379130617e-10,3.917942904135713e-09,8.057554172492599e-10,3.93560590809411e-09,7.880924132908625e-10
m4-v1,b10,103,1,np.float64(4.634728988229636),np.float64(-0.145363663339395),True,False,False,0.7502927869063394,-5.275165859686126e-10,np.float64(4.660108597760638e-05),1e-06,-5.771512115459356e-10,4.963462557732294e-11,-1.197002077091583e-10,-4.078163782594543e-10,-3.1946268511036266e-10,-2.0805390085824995e-10,-2.542751317872101e-10,-2.732414541814025e-10,-2.635521905015e-10,-2.6396439546711264e-10
m4-v1,b10,107,1,np.float64(4.672828834461906),np.float64(-0.14379312149769535),True,False,False,0.7189461843069713,-9.933561195829554e-09,np.float64(4.8422777126763275e-05),1e-06,-1.3966838949640581e-08,4.033277753811027e-09,-1.3163861750598906e-08,3.230300554769352e-09,-1.2824147230656147e-08,2.890586034826593e-09,-1.2819495592017063e-08,2.8859343961875088e-09,-1.2733085145561017e-08,2.7995239497314623e-09
m4-v1,b10,109,1,np.float64(4.6913478822291435),np.float64(-0.14303243005044233),True,False,False,0.7076198074066727,1.0698964603150785e-08,np.float64(6.401094354347261e-05),1e-06,9.05408008185439e-09,1.644884521296394e-09,9.99651249190582e-09,7.02452111244965e-10,9.515233878267189e-09,1.1837307248835957e-09,9.526788388456845e-09,1.1721762146939392e-09,9.493980228176775e-09,1.2049843749740094e-09
m4-v1,b10,113,1,np.float64(4.727387818712341),np.float64(-0.14155725660115417),True,False,False,0.7168017745922217,-1.80744150757306e-08,np.float64(5.157243299138652e-05),1e-06,-1.983224842895258e-08,1.7578333532219816e-09,-1.9497362756101444e-08,1.4229476803708457e-09,-1.9156872410095223e-08,1.0824573343646242e-09,-1.915448249706352e-08,1.0800674213329206e-09,-1.905301994242473e-08,9.786048666941316e-10
m4-v1,b10,11,2,np.float64(4.795790545596741),np.float64(-0.06938852466955447),True,False,False,0.34806786636357107,1.1398599553125166e-07,np.float64(2.226444898675657e-05),1e-06,1.1247916148109589e-07,1.5068340501557671e-09,1.1141721369306585e-07,2.5687818381858083e-09,1.099316301832675e-07,4.054365347984155e-09,1.100064555189369e-07,3.979540012314759e-09,1.0984574752078107e-07,4.1402480104705935e-09
m4-v1,b10,5,3,np.float64(4.828313737302301),np.float64(-0.04582150488104508),True,False,False,0.23407361449220962,-8.701135478794697e-09,np.float64(1.6278449562873245e-05),1e-06,-6.628601712565331e-09,-2.0725337662293664e-09,-1.1872519448308917e-08,3.1713839695142195e-09,-1.0373563201890929e-08,1.6724277230962317e-09,-1.0499315076039175e-08,1.7981795972444777e-09,-1.0471540937530057e-08,1.7704054587353595e-09
m4-v1,b10,127,1,np.float64(4.844187086458591),np.float64(-0.13682617124428062),True,False,False,0.7018422904794155,-1.2296529672273238e-07,np.float64(5.739641921163068e-05),1e-06,-1.2565075203038134e-07,2.6854553076489674e-09,-1.245121983881729e-07,1.546901665440537e-09,-1.2391955341554794e-07,9.54256692815563e-10,-1.2392550017129863e-07,9.60203448566254e-10,-1.2378813429003115e-07,8.22837567298779e-10
m4-v1,b10,2,7,np.float64(4.852030263919617),np.float64(-0.01950161612988795),True,False,False,0.10014747533446537,6.625115842595619e-07,np.float64(6.615715007835154e-06),1e-06,7.053609350218819e-07,-4.284935076232003e-08,6.936529749682459e-07,-3.1141390708684e-08,6.922869976131539e-07,-2.9775413353591974e-08,6.923481393019855e-07,-2.98365550424236e-08,6.914780910539472e-07,-2.8966506794385302e-08
m4-v1,b10,131,1,np.float64(4.875197323201151),np.float64(-0.1355834491603077),True,False,False,0.6872833668422603,-2.3512755042975897e-07,np.float64(4.33137348845656e-05),1e-06,-2.389654456551831e-07,3.837895225424108e-09,-2.3771366995571315e-07,2.586119525954179e-09,-2.3690110459063932e-07,1.7735541608803525e-09,-2.3691264576752605e-07,1.7850953377670796e-09,-2.368222650258736e-07,1.6947145961146413e-09
m4-v1,b10,137,1,np.float64(4.919980925828125),np.float64(-0.13379912176069506),True,False,False,0.6505232028393076,2.1600251898235e-07,np.float64(4.551378176099016e-05),1e-06,2.2003006452927408e-07,-4.027545546924071e-09,2.1678153855364486e-07,-7.790195712948437e-10,2.170419593435022e-07,-1.0394403611521855e-09,2.1707686441570507e-07,-1.07434543335506e-09,2.170032563116678e-07,-1.0007373293177765e-09
m4-v1,b10,139,1,np.float64(4.9344739331306915),np.float64(-0.13322434272608064),True,False,False,0.6462346803666059,-5.13161746429347e-07,np.float64(4.420588281897027e-05),1e-06,-5.163189597486982e-07,3.1572133193512584e-09,-5.134560946487041e-07,2.9434821935713576e-10,-5.135329684105082e-07,3.7122198116117507e-10,-5.135615363311184e-07,3.997899017713985e-10,-5.134617601486559e-07,3.0001371930891883e-10
m4-v2,c01,2,1,np.float64(0.6931471805599453),np.float64(-0.1560129290391036),True,True,True,1.2784028405623542,5.858669105407444e-11,np.float64(5.055282956581719e-05),1e-06,-9.62374882026412e-12,6.821043987433856e-11,-1.0273118923411712e-11,6.885980997748615e-11,-1.9455564933783784e-11,7.804225598785822e-11,-1.8294694598002063e-11,7.68813856520765e-11,-1.2790153338262481e-11,7.137684439233691e-11
m4-v2,c01,3,1,np.float64(1.0986122886681098),np.float64(-0.20189889986939866),True,True,True,1.6258813188404664,-2.760879302954322e-10,np.float64(6.406227637954044e-05),1e-06,-6.327006239740433e-12,-2.697609240556918e-10,2.5299266206946053e-12,-2.7861785691612685e-10,3.9646171790203834e-12,-2.800525474744526e-10,4.661082004745463e-12,-2.807490123001777e-10,5.5947400406724784e-12,-2.816826703361047e-10
m4-v2,c01,2,2,np.float64(1.3862943611198906),np.float64(-0.1103178000763258),True,False,False,0.8663274630767429,-3.9260683593056456e-10,np.float64(3.7578132052329776e-05),1e-06,1.3861367732762781e-11,-4.064682036633273e-10,2.791596913947623e-11,-4.205228050700408e-10,2.8540720242948766e-11,-4.2114755617351333e-10,2.5389667716824296e-11,-4.1799650364738883e-10,1.8234397394945807e-11,-4.108412333255104e-10
m4-v2,c01,5,1,np.float64(1.6094379124341003),np.float64(-0.22910752440522542),True,True,True,1.7707561261217535,-1.102917757123123e-11,np.float64(7.615693531694655e-05),1e-06,4.1838513803883835e-12,-1.5213028951619614e-11,-5.304547164800036e-12,-5.724630406431194e-12,-4.9279621877670416e-12,-6.1012153834641885e-12,-4.856291036807696e-12,-6.172886534423534e-12,-6.666702283616133e-12,-4.362475287615097e-12
m4-v2,c01,7,1,np.float64(1.9459101490553132),np.float64(-0.23411211608563706),True,True,True,1.7734099364163876,-2.4199031667393456e-10,np.float64(7.42603068165341e-05),1e-06,3.236729318201786e-12,-2.4522704599213636e-10,7.907907272698664e-12,-2.4989822394663325e-10,1.8668203306219776e-11,-2.606585199801543e-10,1.823287914098208e-11,-2.6022319581491665e-10,1.9319035588218502e-11,-2.6130935226215307e-10
m4-v2,c01,2,3,np.float64(2.0794415416798357),np.float64(-0.0780064645195518),True,False,False,0.5884410337276913,1.5357859428632992e-09,np.float64(3.0359482100432666e-05),1e-06,-3.193488690204494e-11,1.5677208297653442e-09,3.1468623406305704e-11,1.5043173194569934e-09,5.675409080698671e-11,1.4790318520563125e-09,6.357782192755198e-11,1.4722081209357472e-09,4.30064521433307e-11,1.4927794907199684e-09
m4-v2,c01,3,2,np.float64(2.1972245773362196),np.float64(-0.1165663841886866),True,False,False,0.8548974216633269,9.372822518116664e-10,np.float64(4.9598463455337735e-05),1e-06,9.58378274639293e-12,9.276984690652734e-10,3.1396567032701258e-12,9.341425951083961e-10,3.0158006883025245e-11,9.071242449286412e-10,3.2347757199243506e-11,9.049344946124228e-10,1.8335103623138425e-11,9.18947148188528e-10
m4-v2,c01,11,1,np.float64(2.3978952727983707),np.float64(-0.23013570108523157),True,True,True,1.690693658608752,-6.654797823912872e-10,np.float64(0.00010059576512605898),1e-06,9.504384728511973e-12,-6.749841671197992e-10,5.8256934745370305e-12,-6.713054758658243e-10,2.3277617184087126e-11,-6.887573995753744e-10,2.4009540641757977e-11,-6.894893230330452e-10,1.5610159629245937e-11,-6.810899420205332e-10
m4-v2,c01,13,1,np.float64(2.5649493574615367),np.float64(-0.22644213759952758),True,True,True,1.5709564530754985,-2.722038150437811e-10,np.float64(7.488395083213186e-05),1e-06,-5.677229674280233e-12,-2.6652658536950085e-10,1.5700755055857908e-11,-2.87904570099639e-10,1.5892267304878165e-11,-2.880960823486593e-10,1.5489268933300586e-11,-2.876930839770817e-10,1.8646873703502893e-11,-2.90850688747284e-10
m4-v2,c01,2,4,np.float64(2.772588722239781),np.float64(-0.0551589000381629),True,False,False,0.37971331199403374,1.0695369034863234e-09,np.float64(1.7507704844843505e-05),1e-06,8.794500971596853e-11,9.815918937703548e-10,5.534352969681412e-11,1.0141933737895093e-09,1.5105612749251638e-10,9.18480775993807e-10,1.4462899169773966e-10,9.249079117885837e-10,1.541562544733642e-10,9.153806490129592e-10
m4-v2,c01,17,1,np.float64(2.833213344056216),np.float64(-0.21872828371837585),True,True,True,1.48714930188433,5.885294473984004e-10,np.float64(7.428844509533422e-05),1e-06,-1.5241971749241074e-11,6.037714191476414e-10,-5.124417420342357e-11,6.397736216018239e-10,-7.569437886058125e-11,6.642238262589817e-10,-7.54397795105305e-11,6.639692269089309e-10,-5.800615136245637e-11,6.465355987608567e-10
m4-v2,c01,19,1,np.float64(2.9444389791664403),np.float64(-0.21501852841127717),True,True,True,1.4603435391574895,-5.462043040083131e-10,np.float64(6.831918903245833e-05),1e-06,1.5354301473427077e-11,-5.615586054817402e-10,6.032218376989325e-11,-6.065264877782064e-10,5.776909760661512e-11,-6.039734016149283e-10,5.496736756933563e-11,-6.011716715776487e-10,4.029440414923407e-11,-5.864987081575471e-10
m4-v2,c01,23,1,np.float64(3.1354942159291497),np.float64(-0.20810964733659634),True,True,True,1.3432411704089415,1.8697488002317186e-10,np.float64(6.757034270768297e-05),1e-06,1.4175171337915614e-11,1.7279970868525625e-10,4.068688303025229e-12,1.8290619172014664e-10,-3.163303736057959e-11,2.1860791738375146e-10,-3.685731147230127e-11,2.2383219149547314e-10,-2.4570831940340207e-11,2.1154571196351207e-10
m4-v2,c01,5,2,np.float64(3.2188758248682006),np.float64(-0.10245999974535523),True,False,False,0.6526534543096519,-5.876149566930167e-10,np.float64(3.3016286183170095e-05),1e-06,-4.303342665319677e-11,-5.445815300398198e-10,-4.5525569583978066e-11,-5.420893871090386e-10,2.4897081453531033e-11,-6.125120381465478e-10,3.7160929616123486e-11,-6.247758863091401e-10,1.9977773315386877e-11,-6.075927300084036e-10
m4-v2,c01,3,3,np.float64(3.295836866004329),np.float64(-0.06729963328979954),True,False,False,0.4436079180466405,1.1452001569267622e-09,np.float64(2.1419953420555836e-05),1e-06,8.775130901526374e-11,1.0574488479114986e-09,-9.42219739862974e-11,1.2394221309130596e-09,-2.1622084470303347e-10,1.3614210016297958e-09,-2.3470018200297877e-10,1.379900338929741e-09,-1.7343015492465254e-10,1.3186303118514148e-09
m4-v2,c01,29,1,np.float64(3.367295829986474),np.float64(-0.1990363509339811),True,True,True,1.280662026352571,3.684170746254267e-10,np.float64(7.165546597557597e-05),1e-06,-5.5316045533182755e-11,4.237331201586095e-10,5.261328950608415e-11,3.1580378511934256e-10,7.312035932011728e-11,2.952967153053094e-10,7.936016991625462e-11,2.890569047091721e-10,5.599005896368353e-11,3.124270156617432e-10
m4-v2,c01,31,1,np.float64(3.4339872044851463),np.float64(-0.1963215403858554),True,True,True,1.2293166050504583,-9.194039973792201e-10,np.float64(7.397132428434214e-05),1e-06,6.575317296371351e-11,-9.851571703429335e-10,-9.476013884060833e-12,-9.099279834951592e-10,-2.814952592726394e-11,-8.912544714519562e-10,-3.5426201442713066e-11,-8.83977795936507e-10,-3.34009125036483e-11,-8.860030848755718e-10
m4-v2,c01,2,5,np.float64(3.4657359027997265),np.float64(-0.0390032322597759),True,False,False,0.2455632460854873,4.0696888081726e-09,np.float64(1.4425096032865686e-05),1e-06,-7.19374850258115e-11,4.1416262931984114e-09,-2.8310757744920437e-10,4.352796385621805e-09,-1.0231518838271667e-10,4.172003996555317e-09,-7.275134177379339e-11,4.142440149946393e-09,-1.1059509567482372e-10,4.180283903847424e-09
m4-v2,c01,37,1,np.float64(3.6109179126442243),np.float64(-0.1889586950119591),True,True,True,1.1569966123811561,-5.2291870833443e-10,np.float64(6.451300919135773e-05),1e-06,-1.3031815269690382e-10,-3.9260055563752615e-10,1.798254757231583e-11,-5.409012559067458e-10,-2.0833594153179097e-11,-5.020851141812509e-10,-1.4178993959871624e-11,-5.087397143745584e-10,-3.00498939980681e-11,-4.928688143363619e-10
m4-v2,c01,41,1,np.float64(3.713572066704308),np.float64(-0.184607803637099),True,True,True,1.114225062214833,-7.666728363275865e-10,np.float64(5.959965668613954e-05),1e-06,-3.324365969218482e-11,-7.334291766354017e-10,1.4856585371972273e-10,-9.152386900473092e-10,1.5207127992539308e-10,-9.187441162529796e-10,1.4995687797218593e-10,-9.166297142997724e-10,1.1625592543970402e-10,-8.829287617672905e-10
m4-v2,c01,43,1,np.float64(3.7612001156935624),np.float64(-0.18257543342631882),True,True,True,1.0833420346136484,5.088853782808656e-10,np.float64(7.728157635622342e-05),1e-06,-9.74070914415965e-11,6.06292469722462e-10,-1.2756001381226078e-11,5.216413796620917e-10,2.934682187035412e-11,4.795385564105114e-10,4.077461734623049e-11,4.68110760934635e-10,4.1305688630835177e-11,4.675796896500303e-10
m4-v2,c01,47,1,np.float64(3.8501476017100584),np.float64(-0.17876338822837304),True,True,True,1.061968531807907,1.2848386798935962e-09,np.float64(5.710615842267042e-05),1e-06,-7.823297785775752e-11,1.3630716577513538e-09,6.087203116137683e-11,1.2239666487322194e-09,4.753520001001305e-11,1.2373034798835833e-09,5.1357466353009125e-11,1.2334812135405871e-09,6.086016514551099e-11,1.2239785147480853e-09
m4-v2,c01,7,2,np.float64(3.8918202981106265),np.float64(-0.08848606258138285),True,False,False,0.5218587347715594,2.3192610054678653e-09,np.float64(3.872091483093193e-05),1e-06,-2.179039588239926e-10,2.5371649642918578e-09,-3.5427573556964756e-10,2.673536741037513e-09,-5.817405574087102e-10,2.9010015628765753e-09,-5.752315714688314e-10,2.8944925769366966e-09,-5.265784556532228e-10,2.845839461121088e-09
m4-v2,c01,53,1,np.float64(3.970291913552122),np.float64(-0.1735939685443537),True,False,False,0.9875379795623523,2.5348101395650247e-10,np.float64(6.289289649549532e-05),1e-06,2.4459932261470844e-10,8.881691341794027e-12,3.010655087241949e-12,2.504703588692605e-10,-4.295964661582446e-12,2.5777697861808493e-10,-1.915042937206944e-11,2.726314433285719e-10,-1.1550922491860716e-11,2.6503193644836316e-10
m4-v2,c01,59,1,np.float64(4.07753744390572),np.float64(-0.16897485378921837),True,False,False,0.9638992599589314,3.2754110534938263e-10,np.float64(5.5707731370568844e-05),1e-06,3.6112918701200646e-11,2.91428186648182e-10,-2.4550146519529454e-10,5.730425705446771e-10,-2.471335845785372e-10,5.746746899279198e-10,-2.368251009233688e-10,5.643662062727514e-10,-2.1221274996297512e-10,5.397538553123577e-10
m4-v2,c01,61,1,np.float64(4.110873864173311),np.float64(-0.16754032791775322),True,False,False,0.9165105504676625,1.1448442194250674e-10,np.float64(5.551468261707573e-05),1e-06,-2.623576100558144e-10,3.7684203199832113e-10,-5.432573406348982e-11,1.6881015600599656e-10,5.381152894240877e-11,6.067289300009797e-11,7.394184613351529e-11,4.054257580899146e-11,4.831494275042569e-11,6.616947919208105e-11
m4-v2,c01,2,6,np.float64(4.1588830833596715),np.float64(-0.02757945001908145),True,False,False,0.15226536145999625,-1.0622802970594591e-08,np.float64(9.717503029717907e-06),1e-06,3.2543918598167253e-09,-1.3877194830411317e-08,1.2216360640728695e-10,-1.0744966577001878e-08,-9.954652102256806e-11,-1.0523256449572024e-08,-1.7794967244154848e-10,-1.0444853298153043e-08,1.3452214209855278e-10,-1.0757325112693144e-08
m4-v2,c01,67,1,np.float64(4.204692619390966),np.float64(-0.16351100147025147),True,False,False,0.8981729245717509,1.0362890545678738e-09,np.float64(6.404685345395684e-05),1e-06,7.218581851970295e-10,3.144308693708443e-10,1.2062223375974643e-10,9.156668208081273e-10,1.29257794385585e-10,9.070312601822888e-10,1.1617834269681116e-10,9.201107118710626e-10,1.6786264455581895e-10,8.684264100120548e-10
m4-v2,c01,71,1,np.float64(4.2626798770413155),np.float64(-0.16102884271275783),True,False,False,0.8643075840428892,-4.0137659862438113e-10,np.float64(5.695753444967263e-05),1e-06,-7.661390886896804e-10,3.647624900652993e-10,-2.04919880154643e-10,-1.9645671846973813e-10,-2.510686963550436e-10,-1.5030790226933752e-10,-2.2868728088066254e-10,-1.726893177437186e-10,-2.4678186747152823e-10,-1.545947311528529e-10
m4-v2,c01,73,1,np.float64(4.290459441148391),np.float64(-0.1598425863444375),True,False,False,0.8656826881576247,1.762567869434406e-11,np.float64(6.010243269723336e-05),1e-06,1.0138379058368735e-09,-9.962122271425294e-10,2.9252973899234895e-10,-2.749040602980049e-10,3.2896718317386353e-10,-3.1134150447951947e-10,3.22547253829956e-10,-3.049215751356119e-10,3.8102133133302443e-10,-3.6339565263868037e-10
m4-v2,c01,79,1,np.float64(4.3694478524670215),np.float64(-0.15648155106679665),True,False,False,0.8454468482007799,-1.8728107953336348e-10,np.float64(5.466766990205683e-05),1e-06,-1.0985734201724568e-10,-7.74237375161178e-11,-7.816987189745546e-12,-1.7946409234361794e-10,1.422152591849933e-10,-3.294963387183568e-10,1.7122135925624468e-10,-3.585024387896082e-10,1.6684535611106198e-10,-3.5412643564442543e-10
m4-v2,c01,3,4,np.float64(4.394449154672439),np.float64(-0.03885546139622887),True,False,False,0.2073146707976673,-1.5505858819153673e-09,np.float64(1.5757098719511107e-05),1e-06,-6.3405368151979175e-09,4.78995093328255e-09,-2.7494615149345873e-09,1.19887563301922e-09,-2.9033570867683057e-09,1.3527712048529384e-09,-2.7938950554694796e-09,1.2433091735541123e-09,-2.9505657206995823e-09,1.399979838784215e-09
m4-v2,c01,83,1,np.float64(4.418840607796598),np.float64(-0.15439008898017337),True,False,False,0.8171822857356723,1.4938190684432584e-09,np.float64(5.090042213501963e-05),1e-06,1.1787436466483898e-09,3.150754217948686e-10,5.594508379765309e-10,9.343682304667275e-10,6.655556229326804e-10,8.28263445510578e-10,6.840486250527004e-10,8.09770443390558e-10,7.236479440865773e-10,7.701711243566812e-10
m4-v2,c01,89,1,np.float64(4.48863636973214),np.float64(-0.15145009428891956),True,False,False,0.7982240104456055,1.6512216038933047e-09,np.float64(5.2320455942481456e-05),1e-06,3.04659014793415e-09,-1.3953685440408451e-09,1.9313989682298413e-09,-2.8017736433653653e-10,2.1506504438022975e-09,-4.994288399089928e-10,2.1309269484191984e-09,-4.797053445258936e-10,2.173349892524056e-09,-5.221282886307511e-10
m4-v2,c01,97,1,np.float64(4.574710978503383),np.float64(-0.14785224441209735),True,False,False,0.7700175676198568,-3.4299757478706283e-09,np.float64(4.690241083602635e-05),1e-06,-4.144691885677759e-09,7.147161378071309e-10,-2.7626326651966173e-09,-6.67343082674011e-10,-2.5389478270806433e-09,-8.91027920789985e-10,-2.5285916574301217e-09,-9.013840904405066e-10,-2.6101467115351804e-09,-8.198290363354479e-10
m4-v2,c01,101,1,np.float64(4.61512051684126),np.float64(-0.14617479278578105),True,False,False,0.7417423990858694,1.7017769415872408e-09,np.float64(4.639623523222555e-05),1e-06,4.734095099262482e-09,-3.032318157675241e-09,3.3680969403584434e-09,-1.6663199987712026e-09,3.0517541200467718e-09,-1.349977178459531e-09,3.0330368186801444e-09,-1.3312598770929036e-09,3.115294544943054e-09,-1.4135176033558134e-09
m4-v2,c01,103,1,np.float64(4.634728988229636),np.float64(-0.145363663339395),True,False,False,0.7195008829778391,-4.135078057743158e-09,np.float64(4.611840592548103e-05),1e-06,-7.160678671773945e-09,3.0256006140307874e-09,-5.429919778364054e-09,1.2948417206208965e-09,-5.237261328430799e-09,1.102183270687641e-09,-5.23506488330145e-09,1.0999868255582918e-09,-5.3180004154978386e-09,1.1829223577546807e-09
m4-v2,c01,107,1,np.float64(4.672828834461906),np.float64(-0.14379312149769535),True,False,False,0.73419452942114,5.18326315201989e-09,np.float64(5.391978415279023e-05),1e-06,7.961772529406397e-09,-2.778509377386507e-09,6.009758682907515e-09,-8.264955308876249e-10,5.900848656029358e-09,-7.175855040094681e-10,5.856091569171142e-09,-6.72828417151252e-10,5.919692686063621e-09,-7.36429534043731e-10
m4-v2,c01,109,1,np.float64(4.6913478822291435),np.float64(-0.14303243005044233),True,False,False,0.7374933025744393,-1.2454001829809158e-08,np.float64(4.6474184569202914e-05),1e-06,-1.21048483418678e-08,-3.4915348794135737e-10,-1.0606038648992435e-08,-1.847963180816723e-09,-1.0792849105885747e-08,-1.6611527239234114e-09,-1.0821955911417971e-08,-1.632045918391187e-09,-1.0870143929270714e-08,-1.5838579005384438e-09
m4-v2,c01,113,1,np.float64(4.727387818712341),np.float64(-0.14155725660115417),True,False,False,0.7134721219225929,-2.4999574632644794e-09,np.float64(6.318701295305392e-05),1e-06,-2.5615729305711412e-09,6.16154673066618e-11,-2.1889643576321747e-09,-3.109931056323048e-10,-2.822161689965022e-09,3.222042267005424e-10,-2.8230590796807633e-09,3.2310161641628387e-10,-2.76914174036081e-09,2.6918427709633066e-10
m4-v2,c01,11,2,np.float64(4.795790545596741),np.float64(-0.06938852466955447),True,False,False,0.3423211059284096,-9.361979624866734e-08,np.float64(2.958695188977328e-05),1e-06,-9.68895102945908e-08,3.269714045923463e-09,-8.917049066088834e-08,-4.4493055877790025e-09,-8.944113761859587e-08,-4.1786586300714705e-09,-8.935837068059385e-08,-4.261425568073493e-09,-8.95279204813278e-08,-4.091875767339539e-09
m4-v2,c01,5,3,np.float64(4.828313737302301),np.float64(-0.04582150488104508),True,False,False,0.22599596477223402,2.3143738703268468e-08,np.float64(1.8336415657822745e-05),1e-06,1.5177641383347342e-08,7.966097319921126e-09,2.0827926865360926e-08,2.315811837907542e-09,2.108431513001122e-08,2.059423573257249e-09,2.1272984412587902e-08,1.8707542906805664e-09,2.1244209008850315e-08,1.8995296944181532e-09
m4-v2,c01,127,1,np.float64(4.844187086458591),np.float64(-0.13682617124428062),True,False,False,0.674677925717632,1.1367776409088037e-07,np.float64(4.3069409264639855e-05),1e-06,1.1880381898780267e-07,-5.126054896922301e-09,1.1408147214417671e-07,-4.037080532963398e-10,1.1405153764295606e-07,-3.73773552075691e-10,1.1405653919342956e-07,-3.7877510254919104e-10,1.1416783882912017e-07,-4.900747382398008e-10
m4-v2,c01,2,7,np.float64(4.852030263919617),np.float64(-0.01950161612988795),True,False,False,0.095870133945113,-8.314033319578584e-07,np.float64(6.100702260790737e-06),1e-06,-8.345158328336804e-07,3.1125008758219516e-09,-8.222304921219905e-07,-9.172839835867885e-09,-8.262295172241993e-07,-5.173814733659127e-09,-8.26246889574386e-07,-5.156442383472394e-09,-8.265935248544157e-07,-4.8098071034427764e-09
m4-v2,c01,131,1,np.float64(4.875197323201151),np.float64(-0.1355834491603077),True,False,False,0.6574789586400555,8.19263281659488e-08,np.float64(4.6484762152825244e-05),1e-06,8.182939918711792e-08,9.692897883088443e-11,8.225169916027031e-08,-3.253709943215114e-10,8.271073935105358e-08,-7.84411185104781e-10,8.270119296746247e-08,-7.74864801513663e-10,8.270540548040835e-08,-7.790773144595503e-10
m4-v2,c01,137,1,np.float64(4.919980925828125),np.float64(-0.13379912176069506),True,False,False,0.636725696572234,2.982561266851036e-07,np.float64(4.5689746433320626e-05),1e-06,2.9616627302539597e-07,2.0898536597076243e-09,2.9596756855114336e-07,2.288558133960232e-09,2.968225036561432e-07,1.4336230289604208e-09,2.9685864894234654e-07,1.3974777427570561e-09,2.967988826035152e-07,1.4572440815884066e-09
m4-v2,c01,139,1,np.float64(4.9344739331306915),np.float64(-0.13322434272608064),True,False,False,0.6405260281559202,-3.399973493856123e-07,np.float64(5.302665884305594e-05),1e-06,-3.4086397010834075e-07,8.666207227284287e-10,-3.383971230349727e-07,-1.6002263506395988e-09,-3.3910693025749506e-07,-8.904191281172682e-10,-3.39106783221127e-07,-8.905661644853199e-10,-3.390672362954765e-07,-9.301130901358286e-10
m4-v2,c02,2,1,np.float64(0.6931471805599453),np.float64(-0.1560129290391036),True,True,True,1.2567078601651451,2.8407853847056685e-10,np.float64(4.9275936785910486e-05),1e-06,-1.0563670100372693e-11,2.9464220857093956e-10,4.795878147688403e-12,2.792826603228785e-10,6.485370891667815e-13,2.8343000138140007e-10,-1.284501213336613e-12,2.8536303968390346e-10,6.109653870591271e-12,2.779688845999756e-10
m4-v2,c02,3,1,np.float64(1.0986122886681098),np.float64(-0.20189889986939866),True,True,True,1.5700248590731856,1.64189106754975e-10,np.float64(7.977681491872033e-05),1e-06,7.441448129534159e-12,1.5674765862544083e-10,3.6330768692374474e-12,1.6055602988573754e-10,1.3737546270802353e-11,1.5045156048417265e-10,1.6577221134276656e-11,1.4761188562069833e-10,8.97318033729022e-12,1.552159264176848e-10
m4-v2,c02,2,2,np.float64(1.3862943611198906),np.float64(-0.1103178000763258),True,False,False,0.8786888581010867,-4.686075971704895e-10,np.float64(4.301328860935276e-05),1e-06,-3.2727244666022314e-12,-4.653348727038873e-10,2.4283138950411942e-11,-4.928907361209014e-10,3.6493638151812776e-11,-5.051012353223023e-10,2.9008638773525853e-11,-4.976162359440154e-10,2.4234820311214156e-11,-4.928424174817037e-10
m4-v2,c02,5,1,np.float64(1.6094379124341003),np.float64(-0.22910752440522542),True,True,True,1.751673223907748,2.0011925450091894e-10,np.float64(7.770323297749034e-05),1e-06,-1.682396065449407e-11,2.16943215155413e-10,-1.2016220092308875e-11,2.1213547459322782e-10,-1.8186182670116592e-11,2.1830543717103553e-10,-1.6913711992076715e-11,2.1703296649299566e-10,-7.148109791156635e-12,2.0726736429207556e-10
m4-v2,c02,7,1,np.float64(1.9459101490553132),np.float64(-0.23411211608563706),True,True,True,1.7500085002645855,5.350853093943897e-11,np.float64(7.37224005932504e-05),1e-06,-8.384261211288707e-12,6.189279215072768e-11,-6.587408790010306e-12,6.009593972944928e-11,3.3644350679353817e-12,5.0144095871503586e-11,-8.015768888869998e-13,5.431010782832597e-11,-1.460065872332737e-12,5.496859681177171e-11
m4-v2,c02,2,3,np.float64(2.0794415416798357),np.float64(-0.0780064645195518),True,False,False,0.5948817877142837,-1.4652967728068234e-10,np.float64(2.524093553771448e-05),1e-06,2.927818237959565e-11,-1.7580785966027797e-10,1.9595402283798237e-11,-1.6612507956448057e-10,4.438235470798741e-11,-1.9091203198866975e-10,2.395246926089516e-11,-1.7048214654157748e-10,2.9807548026820553e-12,-1.495104320833644e-10
m4-v2,c02,3,2,np.float64(2.1972245773362196),np.float64(-0.1165663841886866),True,False,False,0.8422559566004602,3.688895855447072e-10,np.float64(4.209989305486853e-05),1e-06,1.4922875716982407e-11,3.539667098277248e-10,-1.0519755311472346e-11,3.7940934085617954e-10,-3.843323583017734e-11,4.0732282137488455e-10,-5.3688348091470634e-11,4.225779336361778e-10,-5.162951716127648e-11,4.205191027059837e-10
m4-v2,c02,11,1,np.float64(2.3978952727983707),np.float64(-0.23013570108523157),True,True,True,1.6619619136441357,-3.6577774142898534e-10,np.float64(9.242835888631363e-05),1e-06,-1.8015797849037498e-12,-3.6397616164408157e-10,-3.328685660152936e-11,-3.32490884827456e-10,-3.195325222561464e-11,-3.338244892033707e-10,-2.3976547480664684e-11,-3.4180119394832065e-10,-2.1192016081220135e-11,-3.445857253477652e-10
m4-v2,c02,13,1,np.float64(2.5649493574615367),np.float64(-0.22644213759952758),True,True,True,1.576822680581272,5.751399356768161e-12,np.float64(7.131277302451422e-05),1e-06,1.1326777678079605e-11,-5.5753783213114436e-12,1.620371216102076e-11,-1.0452312804252598e-11,2.939463303218188e-11,-2.364323367541372e-11,1.9677402229273443e-11,-1.3926002872505283e-11,1.1239003394182988e-11,-5.487604037414827e-12
m4-v2,c02,2,4,np.float64(2.772588722239781),np.float64(-0.0551589000381629),True,False,False,0.377032868954932,-1.0969114505599009e-11,np.float64(1.954068950053451e-05),1e-06,1.423246461954261e-10,-1.5329376070102512e-10,-2.12882446904912e-11,1.031913018489219e-11,-7.834634675335167e-11,6.737723224775266e-11,-1.2303804495654817e-10,1.1206893045094917e-10,-1.4276186375271802e-10,1.3179274924711901e-10
m4-v2,c02,17,1,np.float64(2.833213344056216),np.float64(-0.21872828371837585),True,True,True,1.4737780511608016,-6.516951422952388e-10,np.float64(7.231350667354958e-05),1e-06,-3.397251362040928e-12,-6.482978909331979e-10,9.435929157258068e-12,-6.611310714524969e-10,-5.075389605648656e-13,-6.51187603334674e-10,1.1637431080248127e-11,-6.63332573375487e-10,1.6474583852798566e-11,-6.681697261480375e-10
m4-v2,c02,19,1,np.float64(2.9444389791664403),np.float64(-0.21501852841127717),True,True,True,1.4222119565253641,5.420883741891203e-10,np.float64(9.326029437421786e-05),1e-06,7.064441881156791e-11,4.714439553775523e-10,3.649996734403467e-11,5.055884068450856e-10,6.023912777343354e-11,4.818492464156867e-10,6.181151905864355e-11,4.802768551304768e-10,4.402691437399611e-11,4.980614598151241e-10
m4-v2,c02,23,1,np.float64(3.1354942159291497),np.float64(-0.20810964733659634),True,True,True,1.3456580068116306,2.7787550038738118e-11,np.float64(6.72355994748455e-05),1e-06,8.522343075232765e-11,-5.743588071358953e-11,8.946487300056257e-11,-6.167732296182445e-11,9.007249279306418e-11,-6.228494275432606e-11,8.973913897381887e-11,-6.195158893508076e-11,7.508680005695894e-11,-4.7299250018220825e-11
m4-v2,c02,5,2,np.float64(3.2188758248682006),np.float64(-0.10245999974535523),True,False,False,0.6517018900148895,-6.135003616236645e-11,np.float64(3.2273369888429484e-05),1e-06,-1.7327482332830097e-10,1.1192478716593452e-10,-2.1896784559639496e-10,1.576178094340285e-10,-2.1502734620599332e-10,1.5367731004362687e-10,-1.9187957532612894e-10,1.305295391637625e-10,-1.593733865709302e-10,9.802335040856376e-11
m4-v2,c02,3,3,np.float64(3.295836866004329),np.float64(-0.06729963328979954),True,False,False,0.4336547207845075,3.1190945382064683e-09,np.float64(2.277375194602537e-05),1e-06,-3.4048960475221203e-10,3.4595841429586803e-09,-2.4258897225242578e-11,3.143353435431711e-09,1.6674217156487783e-11,3.1024203210499804e-09,5.917278605296056e-11,3.0599217521535077e-09,9.478577308353928e-11,3.024308765122929e-09
m4-v2,c02,29,1,np.float64(3.367295829986474),np.float64(-0.1990363509339811),True,True,True,1.244080695893356,1.9967338893422948e-10,np.float64(6.595180917507102e-05),1e-06,-9.781624260703306e-11,2.9748963154126256e-10,-1.0109722892311204e-10,3.007706178573415e-10,-4.6551214087623837e-11,2.4622460302185334e-10,-4.791541396796167e-11,2.4758880290219115e-10,-4.546064286932915e-11,2.4513403180355863e-10
m4-v2,c02,31,1,np.float64(3.4339872044851463),np.float64(-0.1963215403858554),True,True,True,1.219269326138368,2.0485391161173538e-10,np.float64(6.352073844885979e-05),1e-06,4.6538989574268834e-11,1.5831492203746656e-10,6.969448036455476e-11,1.351594312471806e-10,4.8138640711539675e-11,1.5671527090019572e-10,6.590561596281531e-11,1.3894829564892006e-10,6.688107492651442e-11,1.3797283668522096e-10
m4-v2,c02,2,5,np.float64(3.4657359027997265),np.float64(-0.0390032322597759),True,False,False,0.2422379652713736,2.839874335691661e-09,np.float64(1.3259521523880237e-05),1e-06,5.991339295239337e-10,2.2407404061677275e-09,3.0316438675906157e-10,2.5367099489325995e-09,-1.1643146145241634e-10,2.9563057971440775e-09,-1.907891237316304e-10,3.0306634594232914e-09,-1.8924839460236552e-10,3.0291227302940267e-09
m4-v2,c02,37,1,np.float64(3.6109179126442243),np.float64(-0.1889586950119591),True,True,True,1.1558473741155877,-4.4709036473022934e-10,np.float64(6.048886784797786e-05),1e-06,-1.1295797551999061e-11,-4.357945671782303e-10,4.256585416649751e-11,-4.896562188967268e-10,8.632505058756359e-11,-5.334154153177929e-10,6.310707853849004e-11,-5.101974432687194e-10,4.977884790755568e-11,-4.96869212637785e-10
m4-v2,c02,41,1,np.float64(3.713572066704308),np.float64(-0.184607803637099),True,True,True,1.1019169897250656,-7.250366973465816e-11,np.float64(6.0252156656987463e-05),1e-06,1.365093487316502e-12,-7.386876322197466e-11,-9.828285827492546e-11,2.57791885402673e-11,2.91410424326137e-11,-1.0164471216727186e-10,6.068385434524133e-11,-1.331875240798995e-10,5.196259720706969e-11,-1.2446626694172785e-10
m4-v2,c02,43,1,np.float64(3.7612001156935624),np.float64(-0.18257543342631882),True,True,True,1.0819186071976448,1.7183721112701278e-10,np.float64(5.781017114751088e-05),1e-06,3.589891624198717e-10,-1.8715195129285892e-10,8.847223628822168e-11,8.33649748387911e-11,7.112720536635127e-11,1.007100057606615e-10,5.914267905825819e-11,1.1269453206875459e-10,4.188649334594169e-11,1.299507177810711e-10
m4-v2,c02,47,1,np.float64(3.8501476017100584),np.float64(-0.17876338822837304),True,True,True,1.0485598261131264,3.2786307002652393e-10,np.float64(5.628831462046525e-05),1e-06,-1.7124695134743804e-10,4.991100213739619e-10,-1.8450316284464556e-10,5.123662328711695e-10,-1.1323665896193729e-10,4.410997289884612e-10,-1.3558005099101643e-10,4.6344312101754035e-10,-1.3858493857835964e-10,4.664480086048836e-10
m4-v2,c02,7,2,np.float64(3.8918202981106265),np.float64(-0.08848606258138285),True,False,False,0.5143931169999006,-2.746650684670726e-10,np.float64(3.907820066401291e-05),1e-06,-3.419415602499871e-10,6.727649178291448e-11,2.7236637695693903e-10,-5.470314454240116e-10,1.9418863477334569e-10,-4.688537032404182e-10,1.3101715003603475e-10,-4.0568221850310734e-10,1.2469730384852412e-10,-3.9936237231559676e-10
m4-v2,c02,53,1,np.float64(3.970291913552122),np.float64(-0.1735939685443537),True,True,True,1.003563659508582,2.353923722608897e-10,np.float64(6.362778469209175e-05),1e-06,-1.7483017499408802e-10,4.102225472549777e-10,1.5443353495771161e-10,8.09588373031781e-11,1.6383338332140197e-11,2.190090339287495e-10,-2.3103672953154998e-11,2.584960452140447e-10,-1.7662090886968696e-11,2.530544631478584e-10
m4-v2,c02,59,1,np.float64(4.07753744390572),np.float64(-0.16897485378921837),True,False,False,0.9541322758633369,1.9085399927121216e-11,np.float64(5.6639205599508865e-05),1e-06,-1.6354933342505742e-10,1.8263473335217864e-10,1.1922288622941268e-10,-1.0013748630229146e-10,-9.44197911043826e-11,1.1350519103150382e-10,-1.4250823010213585e-10,1.6159363002925706e-10,-1.322193186596158e-10,1.5130471858673703e-10
m4-v2,c02,61,1,np.float64(4.110873864173311),np.float64(-0.16754032791775322),True,False,False,0.9241857513097699,1.4770553669052333e-09,np.float64(5.4994454005537547e-05),1e-06,9.705989160957775e-10,5.064564508094558e-10,4.0731975463282956e-10,1.0697356122724039e-09,3.653610618247582e-10,1.1116943050804751e-09,3.6636503265734314e-10,1.1106903342478901e-09,3.5232795311027027e-10,1.1247274137949631e-09
m4-v2,c02,2,6,np.float64(4.1588830833596715),np.float64(-0.02757945001908145),True,False,False,0.15690424929181504,2.47361753302755e-09,np.float64(9.151503453765606e-06),1e-06,4.083666816686067e-09,-1.6100492836585168e-09,4.565230980624293e-09,-2.091613447596743e-09,3.5319184423600993e-09,-1.0583009093325493e-09,3.4996841315542203e-09,-1.0260665985266703e-09,3.4396788687792634e-09,-9.660613357517133e-10
m4-v2,c02,67,1,np.float64(4.204692619390966),np.float64(-0.16351100147025147),True,False,False,0.8902396750411387,1.6438050920442038e-10,np.float64(5.976151317365199e-05),1e-06,-1.0955246396432479e-10,2.739329731687452e-10,2.5480465088401156e-10,-9.042414167959119e-11,-4.491669406399761e-12,1.6887217861082013e-10,-5.807866309942779e-11,2.2245917230384816e-10,-5.3487487687607434e-11,2.178679968920278e-10
m4-v2,c02,71,1,np.float64(4.2626798770413155),np.float64(-0.16102884271275783),True,False,False,0.8756768365822203,-1.6820393966554548e-09,np.float64(6.206466899308263e-05),1e-06,-6.145472384138792e-10,-1.0674921582415754e-09,-8.55809434188236e-10,-8.262299624672188e-10,-6.027444098007611e-10,-1.0792949868546937e-09,-5.66939252721331e-10,-1.1151001439341237e-09,-5.575650005894719e-10,-1.1244743960659829e-09
m4-v2,c02,73,1,np.float64(4.290459441148391),np.float64(-0.1598425863444375),True,False,False,0.8776219699021729,-1.6383229217709072e-09,np.float64(6.559458630378652e-05),1e-06,-2.1531458113535284e-09,5.148228895826211e-10,-1.5098360888300907e-09,-1.2848683294081648e-10,-1.6361199202525202e-09,-2.203001518386978e-12,-1.6166720790391872e-09,-2.165084273171997e-11,-1.5654526791832048e-09,-7.287024258770242e-11
m4-v2,c02,79,1,np.float64(4.3694478524670215),np.float64(-0.15648155106679665),True,False,False,0.8240031938530196,-1.4964198769007453e-09,np.float64(6.102912536551662e-05),1e-06,-2.22164998025825e-09,7.252301033575046e-10,-2.083110206311683e-09,5.866903294109376e-10,-2.198024173979245e-09,7.016042970784997e-10,-2.2351804325147347e-09,7.387605556139894e-10,-2.194787700460354e-09,6.983678235596085e-10
m4-v2,c02,3,4,np.float64(4.394449154672439),np.float64(-0.03885546139622887),True,False,False,0.2050835545373775,1.9913875659582914e-08,np.float64(1.257886803853928e-05),1e-06,1.515967995393417e-08,4.754195705648742e-09,1.0427913890261002e-08,9.485961769321912e-09,1.102963003039758e-08,8.884245629185333e-09,1.1036086453564054e-08,8.87778920601886e-09,1.0852408059814697e-08,9.061467599768217e-09
m4-v2,c02,83,1,np.float64(4.418840607796598),np.float64(-0.15439008898017337),True,False,False,0.8101528879704228,-1.850763875488326e-09,np.float64(4.972076618594491e-05),1e-06,-2.7133602819820516e-10,-1.5794278472901209e-09,-6.918911873482964e-11,-1.7815747567534964e-09,-4.691128652831466e-10,-1.3816510102051795e-09,-5.457032813021461e-10,-1.30506059418618e-09,-5.355412194988297e-10,-1.3152226559894963e-09
m4-v2,c02,89,1,np.float64(4.48863636973214),np.float64(-0.15145009428891956),True,False,False,0.7857593696503314,1.9757653291208044e-09,np.float64(6.195813964337936e-05),1e-06,2.6675311133330146e-09,-6.917657842122103e-10,2.392821259409997e-09,-4.1705593028919275e-10,2.0090814848807067e-09,-3.331615575990227e-11,1.9925563637135797e-09,-1.6791034592775324e-11,1.9894856924108485e-09,-1.3720363290044072e-11
m4-v2,c02,97,1,np.float64(4.574710978503383),np.float64(-0.14785224441209735),True,False,False,0.7610258409810293,-2.3145270144908636e-09,np.float64(4.6899292387853884e-05),1e-06,-3.807496882875054e-09,1.49296986838419e-09,-4.21346637856405e-09,1.8989393640731867e-09,-3.954243410594249e-09,1.6397163961033853e-09,-3.94281345216166e-09,1.6282864376707961e-09,-3.9107908780174475e-09,1.5962638635265839e-09
m4-v2,c02,101,1,np.float64(4.61512051684126),np.float64(-0.14617479278578105),True,False,False,0.7495102803061843,6.967212806685552e-09,np.float64(4.6514311900652646e-05),1e-06,6.4935976970522866e-09,4.736151096332655e-10,6.733590446456475e-09,2.3362236022907695e-10,6.616440295080118e-09,3.5077251160543373e-10,6.628543608722123e-09,3.386691979634294e-10,6.585366784515369e-09,3.818460221701827e-10
m4-v2,c02,103,1,np.float64(4.634728988229636),np.float64(-0.145363663339395),True,False,False,0.7354623169177356,7.65203989061547e-09,np.float64(5.3078409250556894e-05),1e-06,1.0924721721374263e-08,-3.272681830758794e-09,8.74357866946845e-09,-1.0915387788529797e-09,9.172487598526501e-09,-1.5204477079110315e-09,9.26170811079355e-09,-1.609668220178081e-09,9.251244473042554e-09,-1.5992045824270846e-09
m4-v2,c02,107,1,np.float64(4.672828834461906),np.float64(-0.14379312149769535),True,False,False,0.7343939132052912,8.092914782764637e-09,np.float64(4.5906969236823366e-05),1e-06,5.106753559303605e-09,2.986161223461033e-09,5.821208854998575e-09,2.2717059277660628e-09,5.502966590247565e-09,2.5899481925170723e-09,5.471543751493207e-09,2.6213710312714306e-09,5.432028910636787e-09,2.6608858721278505e-09
m4-v2,c02,109,1,np.float64(4.6913478822291435),np.float64(-0.14303243005044233),True,False,False,0.7176621243678245,-5.903934785500553e-09,np.float64(4.644391510611489e-05),1e-06,-7.4299822048645395e-09,1.5260474193639864e-09,-6.795672004706248e-09,8.917372192056949e-10,-6.432441095746081e-09,5.285063102455276e-10,-6.4982991831587516e-09,5.943643976581985e-10,-6.517815333839304e-09,6.138805483387506e-10
m4-v2,c02,113,1,np.float64(4.727387818712341),np.float64(-0.14155725660115417),True,False,False,0.7066864771891485,2.9648092869649645e-08,np.float64(5.740398245411315e-05),1e-06,3.1878408071283745e-08,-2.2303152016341006e-09,3.014310316427508e-08,-4.950102946254374e-10,3.058306591969023e-08,-9.34973050040585e-10,3.063240841417064e-08,-9.84315544520995e-10,3.0558136990823366e-08,-9.100441211737214e-10
m4-v2,c02,11,2,np.float64(4.795790545596741),np.float64(-0.06938852466955447),True,False,False,0.34348667394631804,1.1925522169775604e-07,np.float64(2.5682178161795872e-05),1e-06,1.2571434553317226e-07,-6.4591238354162225e-09,1.1822851630500412e-07,1.0267053927519211e-09,1.1874893190261529e-07,5.062897951407517e-10,1.186035725472321e-07,6.516491505239441e-10,1.1846308302498319e-07,7.921386727728548e-10
m4-v2,c02,5,3,np.float64(4.828313737302301),np.float64(-0.04582150488104508),True,False,False,0.2225245093378921,1.360199044508903e-07,np.float64(1.5827681285885426e-05),1e-06,1.4187036090728015e-07,-5.850456456389851e-09,1.3331113829301423e-07,2.7087661578760618e-09,1.3432322513265063e-07,1.6966793182396673e-09,1.3464104578660487e-07,1.3788586642854198e-09,1.3476487135894992e-07,1.2550330919403782e-09
m4-v2,c02,127,1,np.float64(4.844187086458591),np.float64(-0.13682617124428062),True,False,False,0.6550505221636259,2.9125720724110238e-08,np.float64(4.559886863318679e-05),1e-06,2.70481242317076e-08,2.0775964924026365e-09,2.8129532424509177e-08,9.961882996010606e-10,2.792890935674885e-08,1.1968113673613888e-09,2.805697726494551e-08,1.0687434591647274e-09,2.804389422184199e-08,1.081826502268247e-09
m4-v2,c02,2,7,np.float64(4.852030263919617),np.float64(-0.01950161612988795),True,False,False,0.093292769009204,5.407406766799738e-07,np.float64(7.002909569230758e-06),1e-06,5.403623087696186e-07,3.7836791035523747e-10,5.423303388916278e-07,-1.5896622116539404e-09,5.430505927118673e-07,-2.3099160318934757e-09,5.438795834025292e-07,-3.1389067225553302e-09,5.435429731306375e-07,-2.8022964506636307e-09
m4-v2,c02,131,1,np.float64(4.875197323201151),np.float64(-0.1355834491603077),True,False,False,0.6482858398314221,-7.068242913188527e-08,np.float64(4.499427638120524e-05),1e-06,-7.070255287795276e-08,2.012374606748585e-11,-7.091664270430894e-08,2.3421357242366705e-10,-7.085500475826173e-08,1.7257562637646172e-10,-7.090693230268546e-08,2.245031708001844e-10,-7.084802199211276e-08,1.655928602274891e-10
m4-v2,c02,137,1,np.float64(4.919980925828125),np.float64(-0.13379912176069506),True,False,False,0.647319842512214,1.6155963455943834e-07,np.float64(4.228250585163478e-05),1e-06,1.6211581098189787e-07,-5.561764224595337e-10,1.6073827638891056e-07,8.21358170527776e-10,1.6030455846107388e-07,1.2550760983644586e-09,1.604266919973643e-07,1.1329425620740328e-09,1.6047699766158e-07,1.0826368978583257e-09
m4-v2,c02,139,1,np.float64(4.9344739331306915),np.float64(-0.13322434272608064),True,False,False,0.6445144494001948,8.922220970930539e-07,np.float64(5.233069758388863e-05),1e-06,8.954936473106669e-07,-3.2715502176129947e-09,8.908522447582171e-07,1.3698523348367935e-09,8.913350131079217e-07,8.8708398513215e-10,8.912180971259798e-07,1.003999967074109e-09,8.91132552851836e-07,1.0895442412178893e-09
m4-v2,c03,2,1,np.float64(0.6931471805599453),np.float64(-0.1560129290391036),True,True,True,1.2302383007947997,3.0768587677698633e-10,np.float64(5.3468972981144286e-05),1e-06,-5.096584532120384e-12,3.127824613091067e-10,3.1472819324520174e-12,3.045385948445343e-10,1.7071118460180735e-11,2.906147583168056e-10,3.3615158231620503e-11,2.7407071854536584e-10,2.4359538706939828e-11,2.833263380700465e-10
m4-v2,c03,3,1,np.float64(1.0986122886681098),np.float64(-0.20189889986939866),True,True,True,1.6150323840645686,-1.9575907561630856e-10,np.float64(6.405254084926079e-05),1e-06,5.3439906125359045e-12,-2.0110306622884446e-10,1.6915034788661913e-12,-1.9745057909517476e-10,7.033437260910687e-12,-2.0279251287721926e-10,1.4631286656110706e-11,-2.1039036227241927e-10,6.711596052858546e-12,-2.024706716691671e-10
m4-v2,c03,2,2,np.float64(1.3862943611198906),np.float64(-0.1103178000763258),True,False,False,0.8471835149135516,-1.2694800766155367e-10,np.float64(3.4565250902248785e-05),1e-06,3.8037810377984825e-12,-1.3075178869935217e-10,8.841615278718424e-12,-1.357896229402721e-10,-5.600841436236576e-12,-1.213471662253171e-10,-2.4408730622260167e-11,-1.0253927703929351e-10,-6.951286528893323e-12,-1.1999672113266034e-10
m4-v2,c03,5,1,np.float64(1.6094379124341003),np.float64(-0.22910752440522542),True,True,True,1.738062338435588,3.1394176147614417e-10,np.float64(8.95066708634265e-05),1e-06,-1.1238540174571035e-11,3.251803016507152e-10,-1.9770023430930144e-14,3.139615314995751e-10,1.3760912318677295e-11,3.0018084915746687e-10,2.969708130426055e-11,2.842446801718836e-10,2.245385867874553e-11,2.9148790279739863e-10
m4-v2,c03,7,1,np.float64(1.9459101490553132),np.float64(-0.23411211608563706),True,True,True,1.7222690783176013,1.8627055453634966e-10,np.float64(7.949093979407536e-05),1e-06,4.848206838615619e-12,1.8142234769773406e-10,1.4777814411041913e-11,1.7149274012530775e-10,1.4673042736284172e-11,1.715975118000655e-10,1.98923683728521e-11,1.6637818616349757e-10,2.0940136801915274e-11,1.653304177344344e-10
m4-v2,c03,2,3,np.float64(2.0794415416798357),np.float64(-0.0780064645195518),True,False,False,0.5861976401226232,-1.7871111257505845e-09,np.float64(2.5612593725040874e-05),1e-06,8.295949373375576e-11,-1.8700706194843404e-09,7.827713713303892e-11,-1.8653882628836236e-09,6.675450148809349e-11,-1.853865627238678e-09,7.314401494129258e-11,-1.860255140691877e-09,7.019057184370566e-11,-1.8573016975942903e-09
m4-v2,c03,3,2,np.float64(2.1972245773362196),np.float64(-0.1165663841886866),True,False,False,0.8492726752184646,4.475468884379552e-10,np.float64(4.0520847956228866e-05),1e-06,5.1092866021319373e-11,3.9645402241663585e-10,3.098733037889072e-11,4.165595580590645e-10,-2.9408313507658655e-12,4.5048771978872105e-10,-4.1094534179031505e-11,4.886414226169867e-10,-2.0347269322863392e-11,4.678941577608186e-10
m4-v2,c03,11,1,np.float64(2.3978952727983707),np.float64(-0.23013570108523157),True,True,True,1.6469950371683868,-2.4773605389327713e-10,np.float64(7.411764143779693e-05),1e-06,-3.315046346748464e-11,-2.145855904257925e-10,-2.470788909153492e-11,-2.230281648017422e-10,-9.030252214602893e-12,-2.3870580167867424e-10,9.517751920898795e-12,-2.5725380581417595e-10,-1.1059436883131686e-12,-2.4663011020496396e-10
m4-v2,c03,13,1,np.float64(2.5649493574615367),np.float64(-0.22644213759952758),True,True,True,1.5899312333258107,1.2321077491606047e-10,np.float64(7.301417784995727e-05),1e-06,4.188458957129642e-11,8.132618534476405e-11,3.520949470401429e-11,8.800128021204618e-11,2.4026358366597938e-11,9.918441654946253e-11,2.2563295961338532e-11,1.0064747895472194e-10,2.3046153239550132e-11,1.0016462167651034e-10
m4-v2,c03,2,4,np.float64(2.772588722239781),np.float64(-0.0551589000381629),True,False,False,0.3783979283158213,-1.3298669943040409e-09,np.float64(2.207076249455303e-05),1e-06,1.9822720538248155e-10,-1.5280941996865225e-09,6.318839780148205e-11,-1.393055392105523e-09,-1.2515978588289443e-11,-1.3173510157157514e-09,-1.0842449737164208e-10,-1.2214424969323989e-09,-8.514031591696133e-11,-1.2447266783870795e-09
m4-v2,c03,17,1,np.float64(2.833213344056216),np.float64(-0.21872828371837585),True,True,True,1.4780571723835816,2.2881829764287431e-10,np.float64(8.429841008047239e-05),1e-06,-8.521446869535641e-11,3.140327663382307e-10,-7.478786344910715e-11,3.0360616109198145e-10,-7.665605874228112e-11,3.0547435638515544e-10,-8.01192004411861e-11,3.0893749808406043e-10,-7.687212867128064e-11,3.0569042631415496e-10
m4-v2,c03,19,1,np.float64(2.9444389791664403),np.float64(-0.21501852841127717),True,True,True,1.4401857640047784,-2.5526469826786524e-11,np.float64(8.336591445895027e-05),1e-06,-4.910176832171968e-11,2.3575298494933158e-11,-7.275553844590806e-11,4.7229068619121534e-11,-8.807318221352883e-11,6.254671238674231e-11,-9.897904802633022e-11,7.345257819954369e-11,-1.0004256154809443e-10,7.451609172130791e-11
m4-v2,c03,23,1,np.float64(3.1354942159291497),np.float64(-0.20810964733659634),True,True,True,1.3635664800956993,5.735345531832081e-11,np.float64(7.010970806476691e-05),1e-06,-1.2923902965905465e-11,7.027735828422628e-11,-5.126729182824522e-11,1.0862074714656603e-10,-4.7603477317364095e-11,1.049569326356849e-10,-5.862667363940023e-11,1.1598012895772104e-10,-6.332129357028116e-11,1.2067474888860196e-10
m4-v2,c03,5,2,np.float64(3.2188758248682006),np.float64(-0.10245999974535523),True,False,False,0.6467175409545792,-1.2213190458965073e-09,np.float64(3.650521123597384e-05),1e-06,-1.0194818787721573e-10,-1.1193708580192916e-09,-1.2833587528738163e-11,-1.2084854583677692e-09,-1.0593017279350828e-11,-1.2107260286171564e-09,-2.808186645670613e-11,-1.1932371794398012e-09,1.829546667841407e-12,-1.2231485925643488e-09
m4-v2,c03,3,3,np.float64(3.295836866004329),np.float64(-0.06729963328979954),True,False,False,0.4304281456698889,1.4050822727540435e-09,np.float64(2.4006186711064327e-05),1e-06,-1.241791154690067e-10,1.5292613882230501e-09,8.162061121026848e-11,1.323461661543775e-09,1.363990860861465e-10,1.268683186667897e-09,2.2317816747564866e-10,1.1819041052783949e-09,2.2106938442309285e-10,1.1840128883309507e-09
m4-v2,c03,29,1,np.float64(3.367295829986474),np.float64(-0.1990363509339811),True,True,True,1.2571095872955935,-3.980346052756545e-10,np.float64(7.272794430653085e-05),1e-06,2.3753791092880014e-11,-4.217883963685345e-10,4.350983754462615e-11,-4.415444428202806e-10,-3.1831110208685785e-12,-3.9485149425478593e-10,-3.568136889168244e-11,-3.6235323638397205e-10,-1.1120795237514734e-11,-3.8691381003813977e-10
m4-v2,c03,31,1,np.float64(3.4339872044851463),np.float64(-0.1963215403858554),True,True,True,1.21574648063301,-3.87001763968442e-10,np.float64(6.676868226336911e-05),1e-06,-1.0715670614642014e-10,-2.7984505782202185e-10,-7.051284211220379e-11,-3.1648892185623823e-10,-5.362493255481479e-12,-3.816392707129605e-10,3.567291677493773e-11,-4.2267468074337973e-10,1.7210785779104318e-11,-4.042125497475463e-10
m4-v2,c03,2,5,np.float64(3.4657359027997265),np.float64(-0.0390032322597759),True,False,False,0.24023191624409496,4.202043379919473e-09,np.float64(1.4162700759241702e-05),1e-06,-3.99995823836427e-11,4.242042962303116e-09,-3.1375473492966414e-10,4.515798114849138e-09,-3.3714892952486803e-10,4.5391923094443415e-09,-2.93456626580421e-10,4.495500006499895e-09,-3.748085034368023e-10,4.576851883356276e-09
m4-v2,c03,37,1,np.float64(3.6109179126442243),np.float64(-0.1889586950119591),True,True,True,1.1450313698207932,5.754932086432518e-10,np.float64(6.746648872326532e-05),1e-06,1.7413934488323196e-10,4.013538637600199e-10,8.111125257351227e-11,4.943819560697396e-10,-1.2788686866137594e-12,5.767720773298656e-10,-6.412311652223219e-11,6.39616325165484e-10,-4.426665521003181e-11,6.197598638532836e-10
m4-v2,c03,41,1,np.float64(3.713572066704308),np.float64(-0.184607803637099),True,True,True,1.084449208522422,2.9074564977804584e-10,np.float64(6.78655701671735e-05),1e-06,-2.584816015327955e-10,5.492272513108413e-10,-1.5373774463059307e-10,4.444833944086389e-10,-1.4951414397645818e-10,4.40259793754504e-10,-1.6075328613314641e-10,4.5149893591119223e-10,-1.4084325518207587e-10,4.315889049601217e-10
m4-v2,c03,43,1,np.float64(3.7612001156935624),np.float64(-0.18257543342631882),True,True,True,1.0803318517321785,-1.0805510930467221e-09,np.float64(5.867906259935315e-05),1e-06,-2.039602800850388e-10,-8.765908129616833e-10,-2.832625958627381e-10,-7.97288497183984e-10,-3.078539003522143e-10,-7.726971926945079e-10,-3.4146170623323946e-10,-7.390893868134827e-10,-3.407232136518178e-10,-7.398278793949043e-10
m4-v2,c03,47,1,np.float64(3.8501476017100584),np.float64(-0.17876338822837304),True,True,True,1.0422355226639597,-4.956320909244027e-10,np.float64(5.596026480562677e-05),1e-06,3.164105399950792e-10,-8.120426309194819e-10,2.4250372357220007e-10,-7.381358144966029e-10,1.5375703909580338e-10,-6.493891300202062e-10,1.1575893353447754e-10,-6.113910244588803e-10,1.2915256686069684e-10,-6.247846577850996e-10
m4-v2,c03,7,2,np.float64(3.8918202981106265),np.float64(-0.08848606258138285),True,False,False,0.5196714320183095,-6.108376027214035e-10,np.float64(2.76805195116427e-05),1e-06,1.2853238432674648e-09,-1.8961614459888683e-09,9.547745397147846e-10,-1.565612142436188e-09,9.607327179209011e-10,-1.5715703206423047e-09,9.414336392608837e-10,-1.5522712419822873e-09,9.168897867751411e-10,-1.5277273894965446e-09
m4-v2,c03,53,1,np.float64(3.970291913552122),np.float64(-0.1735939685443537),True,False,False,0.9958574235737688,1.515032543863981e-10,np.float64(5.5755593047277204e-05),1e-06,7.038195166463346e-10,-5.523162622599365e-10,4.861975229890446e-10,-3.346942686026465e-10,4.949592884857946e-10,-3.4345603409939645e-10,4.818487830927813e-10,-3.3034552870638314e-10,4.655135481924541e-10,-3.14010293806056e-10
m4-v2,c03,59,1,np.float64(4.07753744390572),np.float64(-0.16897485378921837),True,False,False,0.9567042046383828,1.3960985700833817e-09,np.float64(5.299402932965839e-05),1e-06,8.347521385578915e-10,5.613464315254902e-10,5.837554252729643e-10,8.123431448104174e-10,6.263982289099627e-10,7.69700341173419e-10,6.449619289831245e-10,7.511366411002572e-10,6.128952094208802e-10,7.832033606625015e-10
m4-v2,c03,61,1,np.float64(4.110873864173311),np.float64(-0.16754032791775322),True,False,False,0.9604136154047642,-4.696257827063732e-10,np.float64(5.241839478454934e-05),1e-06,-9.344498572433575e-10,4.648240745369843e-10,-8.31533850566656e-10,3.619080678602827e-10,-7.641748835181353e-10,2.9454910081176207e-10,-6.982311397781181e-10,2.2860535707174487e-10,-7.251700210993864e-10,2.5554423839301316e-10
m4-v2,c03,2,6,np.float64(4.1588830833596715),np.float64(-0.02757945001908145),True,False,False,0.15390687562071617,-1.5448359036440706e-08,np.float64(8.749948428249745e-06),1e-06,-3.0560711484154083e-09,-1.2392287888025299e-08,-3.3474254141615224e-09,-1.2100933622279184e-08,-2.800310444078766e-09,-1.264804859236194e-08,-2.6977796070225666e-09,-1.275057942941814e-08,-2.81048895066977e-09,-1.2637870085770935e-08
m4-v2,c03,67,1,np.float64(4.204692619390966),np.float64(-0.16351100147025147),True,False,False,0.9160552837663065,2.2731150295385305e-11,np.float64(5.926323296098968e-05),1e-06,4.922216580395608e-10,-4.694905077441755e-10,2.2922170059546223e-10,-2.0649055030007693e-10,2.2543940895153757e-10,-2.0270825865615226e-10,2.4740224946208857e-10,-2.2467109916670327e-10,2.139376291765156e-10,-1.912064788811303e-10
m4-v2,c03,71,1,np.float64(4.2626798770413155),np.float64(-0.16102884271275783),True,False,False,0.8740282105597514,5.397873259482822e-10,np.float64(5.0426607695593196e-05),1e-06,3.2605535544796333e-10,2.1373197050031883e-10,4.442913348574023e-10,9.549599109087985e-11,3.5040838926108183e-10,1.8937893668720033e-10,2.739255314692488e-10,2.6586179447903336e-10,3.2167270131983627e-10,2.1811462462844589e-10
m4-v2,c03,73,1,np.float64(4.290459441148391),np.float64(-0.1598425863444375),True,False,False,0.848281575072831,1.8535646351125479e-09,np.float64(5.431405795384102e-05),1e-06,1.1719060736984288e-09,6.816585614141191e-10,1.303452094004987e-09,5.501125411075609e-10,1.3327927037113798e-09,5.20771931401168e-10,1.3777774945900624e-09,4.757871405224855e-10,1.3783184414959095e-09,4.752461936166383e-10
m4-v2,c03,79,1,np.float64(4.3694478524670215),np.float64(-0.15648155106679665),True,False,False,0.8210779598910558,2.3657200642901444e-09,np.float64(4.982989021561605e-05),1e-06,3.0727963769867018e-09,-7.070763126965574e-10,2.6454574706774892e-09,-2.7973740638734487e-10,2.549472364284857e-09,-1.8375229999471248e-10,2.4586688896536077e-09,-9.294882536346338e-11,2.4773874553880695e-09,-1.1166739109792514e-10
m4-v2,c03,3,4,np.float64(4.394449154672439),np.float64(-0.03885546139622887),True,False,False,0.20683875565052084,-1.1734097804527721e-08,np.float64(1.2226894749449824e-05),1e-06,-7.564900631709295e-09,-4.169197172818426e-09,-7.261487460304059e-09,-4.472610344223662e-09,-6.790516237476721e-09,-4.943581567051e-09,-6.723230271194077e-09,-5.010867533333644e-09,-6.767933743662783e-09,-4.966164060864938e-09
m4-v2,c03,83,1,np.float64(4.418840607796598),np.float64(-0.15439008898017337),True,False,False,0.8195236054831178,5.461897600866905e-11,np.float64(4.831411414392687e-05),1e-06,7.556950030418741e-10,-7.010760270332051e-10,1.7744679990423444e-10,-1.2282782389556539e-10,3.9641525399769184e-11,1.4977450608899867e-11,-6.744384457412137e-11,1.2206282058279043e-10,-6.492398647660405e-11,1.195429624852731e-10
m4-v2,c03,89,1,np.float64(4.48863636973214),np.float64(-0.15145009428891956),True,False,False,0.7900873551423434,-4.55923609976594e-09,np.float64(5.0279127431034194e-05),1e-06,-4.552496575909007e-09,-6.739523856932939e-12,-4.317302391285824e-09,-2.41933708480116e-10,-4.292445812829677e-09,-2.6679028693626313e-10,-4.257224869130563e-09,-3.0201123063537705e-10,-4.272361722172403e-09,-2.8687437759353673e-10
m4-v2,c03,97,1,np.float64(4.574710978503383),np.float64(-0.14785224441209735),True,False,False,0.7496801111628015,3.2967943930373167e-09,np.float64(4.641121480119363e-05),1e-06,2.894331800564425e-09,4.0246259247289163e-10,2.8868280076027827e-09,4.09966385434534e-10,2.6825643879609628e-09,6.142300050763539e-10,2.637923694296802e-09,6.588706987405146e-10,2.6640360566668783e-09,6.327583363704384e-10
m4-v2,c03,101,1,np.float64(4.61512051684126),np.float64(-0.14617479278578105),True,False,False,0.7486806768076079,-4.13761869211271e-09,np.float64(4.632867058254543e-05),1e-06,-4.974394080526359e-09,8.367753884136488e-10,-4.637042626141538e-09,4.994239340288277e-10,-4.3241148972657816e-09,1.864962051530715e-10,-4.214685546036807e-09,7.706685392409711e-11,-4.25008088146808e-09,1.1246218935536975e-10
m4-v2,c03,103,1,np.float64(4.634728988229636),np.float64(-0.145363663339395),True,False,False,0.7465260344402691,-4.872249159681985e-09,np.float64(4.775561563547141e-05),1e-06,-6.9861690362867944e-09,2.1139198766048094e-09,-5.878413286434851e-09,1.0061641267528659e-09,-5.620367848052277e-09,7.481186883702923e-10,-5.503470340333901e-09,6.312211806519156e-10,-5.500685831876113e-09,6.284366721941278e-10
m4-v2,c03,107,1,np.float64(4.672828834461906),np.float64(-0.14379312149769535),True,False,False,0.7380892451221527,-1.965436591255809e-09,np.float64(5.197902901333601e-05),1e-06,-5.48248896574841e-09,3.5170523744926007e-09,-5.2536882663052016e-09,3.2882516750493924e-09,-4.860482579790673e-09,2.895045988534864e-09,-4.656869817710816e-09,2.691433226455007e-09,-4.732283898588282e-09,2.7668473073324732e-09
m4-v2,c03,109,1,np.float64(4.6913478822291435),np.float64(-0.14303243005044233),True,False,False,0.7287779510350735,1.8706392657108495e-08,np.float64(4.602401164453462e-05),1e-06,2.096331290423547e-08,-2.2569202471269736e-09,1.9601423992985185e-08,-8.950313358766901e-10,1.966967304069056e-08,-9.632803835820664e-10,1.9695537367183586e-08,-9.891447100750909e-10,1.9652617008856035e-08,-9.4622435174754e-10
m4-v2,c03,113,1,np.float64(4.727387818712341),np.float64(-0.14155725660115417),True,False,False,0.7107391378369389,-2.232973062010757e-08,np.float64(5.028249581342553e-05),1e-06,-2.626597786047748e-08,3.93624724036991e-09,-2.4776574785602128e-08,2.4468441654945598e-09,-2.445537319325319e-08,2.1256425731456217e-09,-2.42453653253428e-08,1.9156347052352325e-09,-2.428686264636028e-08,1.957132026252712e-09
m4-v2,c03,11,2,np.float64(4.795790545596741),np.float64(-0.06938852466955447),True,False,False,0.3431208112110501,2.57426959748841e-08,np.float64(2.275258442587948e-05),1e-06,3.120001696951129e-08,-5.457320994627191e-09,3.006032387721412e-08,-4.31762790233002e-09,3.072568841960621e-08,-4.982992444722112e-09,3.086798918996063e-08,-5.125293215076527e-09,3.077269316143283e-08,-5.0299971865487315e-09
m4-v2,c03,5,3,np.float64(4.828313737302301),np.float64(-0.04582150488104508),True,False,False,0.229524431396903,-2.2373752672777414e-07,np.float64(1.5251105118558593e-05),1e-06,-2.2786808316002448e-07,4.130556432250339e-09,-2.2157606609253986e-07,-2.161460635234281e-09,-2.2178958147505244e-07,-1.9479452527217007e-09,-2.2158620413396314e-07,-2.151322593810999e-09,-2.2149243358763564e-07,-2.245093140138502e-09
m4-v2,c03,127,1,np.float64(4.844187086458591),np.float64(-0.13682617124428062),True,False,False,0.6891012959996692,-7.384553291078788e-08,np.float64(4.403646108404954e-05),1e-06,-7.751363538508987e-08,3.6681024743019912e-09,-7.480193041653325e-08,9.563975057453696e-10,-7.441660601685215e-08,5.710731060642736e-10,-7.42333088790995e-08,3.877759683116219e-10,-7.422471377904529e-08,3.791808682574066e-10
m4-v2,c03,2,7,np.float64(4.852030263919617),np.float64(-0.01950161612988795),True,False,False,0.0975466103040197,-9.453315816809749e-07,np.float64(6.069050020315473e-06),1e-06,-9.607674441123772e-07,1.5435862431402306e-08,-9.425056666973644e-07,-2.8259149836104263e-09,-9.402293727256641e-07,-5.102208955310785e-09,-9.386966611953497e-07,-6.634920485625172e-09,-9.389880520400342e-07,-6.343529640940705e-09
m4-v2,c03,131,1,np.float64(4.875197323201151),np.float64(-0.1355834491603077),True,False,False,0.6619254396082748,1.622472771689587e-07,np.float64(4.245289182730868e-05),1e-06,1.631443906094028e-07,-8.971134404441071e-10,1.6055434413071706e-07,1.6929330382416408e-09,1.604775322438047e-07,1.769744925153995e-09,1.6039259970293464e-07,1.8546774660240598e-09,1.6039201718543132e-07,1.8552599835273822e-09
m4-v2,c03,137,1,np.float64(4.919980925828125),np.float64(-0.13379912176069506),True,False,False,0.641159339652374,-7.775320642888772e-08,np.float64(5.875335862761812e-05),1e-06,-8.015856825196494e-08,2.4053618230772143e-09,-7.732258369969108e-08,-4.3062272919663957e-10,-7.720652642135818e-08,-5.466800075295427e-10,-7.718436466023482e-08,-5.688417686529013e-10,-7.713577853645288e-08,-6.174278924348383e-10
m4-v2,c03,139,1,np.float64(4.9344739331306915),np.float64(-0.13322434272608064),True,False,False,0.6386223038814224,2.8477710989349703e-07,np.float64(4.1599427330583136e-05),1e-06,2.84033228399297e-07,7.43881494200038e-10,2.830790521953256e-07,1.6980576981714212e-09,2.8351755258040794e-07,1.2595573130890865e-09,2.8372618693775817e-07,1.0509229557388617e-09,2.836306956535928e-07,1.1464142399042371e-09
m4-v2,c04,2,1,np.float64(0.6931471805599453),np.float64(-0.1560129290391036),True,True,True,1.2340930406028452,2.270086341127353e-10,np.float64(4.9908399271197116e-05),1e-06,4.956320948595929e-12,2.2205231316413937e-10,4.989498510076364e-12,2.2201913560265895e-10,1.2352525624565302e-11,2.1465610848817e-10,2.365089913117443e-11,2.0335773498156088e-10,1.721159586596675e-11,2.0979703824676855e-10
m4-v2,c04,3,1,np.float64(1.0986122886681098),np.float64(-0.20189889986939866),True,True,True,1.5685072185575402,7.913070199094818e-10,np.float64(6.900136672399602e-05),1e-06,7.893531547709745e-12,7.834134883617721e-10,8.85670966798518e-12,7.824503102414967e-10,1.9317165468332175e-11,7.719898544411497e-10,2.7199697138363277e-11,7.641073227711186e-10,2.3003147821806274e-11,7.683038720876755e-10
m4-v2,c04,2,2,np.float64(1.3862943611198906),np.float64(-0.1103178000763258),True,False,False,0.8546199517499127,-1.2878820232486987e-10,np.float64(3.6003894567556405e-05),1e-06,2.534854863058737e-12,-1.313230571879286e-10,8.5398880724221e-12,-1.3732809039729198e-10,-6.012923833775739e-12,-1.2277527849109412e-10,-2.5363813400612286e-11,-1.0342438892425759e-10,-7.776220974672873e-12,-1.21011981350197e-10
m4-v2,c04,5,1,np.float64(1.6094379124341003),np.float64(-0.22910752440522542),True,True,True,1.7342130315284119,1.4914935952958785e-10,np.float64(8.77013745780336e-05),1e-06,5.594621851786314e-12,1.4355473767780154e-10,5.784178334332605e-12,1.4336518119525526e-10,1.126318705939435e-11,1.3788617247019351e-10,2.0508578049919725e-11,1.2864078147966812e-10,1.5627646359801582e-11,1.3352171316978629e-10
m4-v2,c04,7,1,np.float64(1.9459101490553132),np.float64(-0.23411211608563706),True,True,True,1.7742286490181258,3.5397240694123866e-10,np.float64(7.350752738695657e-05),1e-06,-2.0757481740783226e-12,3.5604815511531697e-10,-5.299250811942856e-12,3.592716577531815e-10,1.1655718527302133e-13,3.538558497559656e-10,1.200812933930553e-11,3.419642776019331e-10,3.600115451841624e-12,3.5037229148939703e-10
m4-v2,c04,2,3,np.float64(2.0794415416798357),np.float64(-0.0780064645195518),True,False,False,0.5734823327869546,-1.4097675249402641e-09,np.float64(3.2091763856720025e-05),1e-06,2.349948526256492e-11,-1.4332670102028291e-09,2.0128066766891894e-11,-1.429895591707156e-09,6.035061154366693e-11,-1.4701181364839312e-09,9.024364330103366e-11,-1.5000111682412977e-09,7.043999367050574e-11,-1.48020751861077e-09
m4-v2,c04,3,2,np.float64(2.1972245773362196),np.float64(-0.1165663841886866),True,False,False,0.8564849135574807,4.5247783297952537e-10,np.float64(3.633029067797939e-05),1e-06,1.2507284021014084e-11,4.399705489585113e-10,2.5044858114726495e-11,4.274329748647989e-10,1.1635226467540543e-11,4.4084260651198485e-10,-1.35528435214536e-11,4.66030676500979e-10,1.045721018951931e-11,4.420206227900061e-10
m4-v2,c04,11,1,np.float64(2.3978952727983707),np.float64(-0.23013570108523157),True,True,True,1.6574784068912116,-3.157804018272259e-10,np.float64(7.190338672703219e-05),1e-06,3.3232541591283906e-11,-3.4901294341850977e-10,4.057382147330073e-11,-3.5635422330052664e-10,5.915628542587306e-11,-3.749366872530989e-10,6.875217732173508e-11,-3.8453257914896094e-10,6.950467726786785e-11,-3.8528507909509375e-10
m4-v2,c04,13,1,np.float64(2.5649493574615367),np.float64(-0.22644213759952758),True,True,True,1.5651342246911715,6.486846615416653e-10,np.float64(7.178588957970287e-05),1e-06,3.6453804983585796e-11,6.122308565580795e-10,4.341692861016904e-11,6.052677329314962e-10,6.511527297983554e-11,5.835693885618297e-10,7.638599760583172e-11,5.722986639358335e-10,7.619505613458465e-11,5.724896054070807e-10
m4-v2,c04,2,4,np.float64(2.772588722239781),np.float64(-0.0551589000381629),True,False,False,0.37140523741515724,1.388811510238952e-09,np.float64(1.738844748302373e-05),1e-06,-2.071366270694741e-10,1.595948137308426e-09,-2.469313661038613e-10,1.6357428763428132e-09,-3.497121438268841e-10,1.7385236540658361e-09,-3.974260403004166e-10,1.7862375505393686e-09,-4.018079342758842e-10,1.7906194445148363e-09
m4-v2,c04,17,1,np.float64(2.833213344056216),np.float64(-0.21872828371837585),True,True,True,1.4899324860001415,3.0965274788741226e-10,np.float64(8.471395856785884e-05),1e-06,-3.381500262092918e-11,3.4346775050834143e-10,-4.243212032743873e-11,3.52084868214851e-10,-5.059979233839706e-11,3.602525402258093e-10,-4.4084331907163204e-11,3.5373707979457546e-10,-4.996801698813567e-11,3.5962076487554793e-10
m4-v2,c04,19,1,np.float64(2.9444389791664403),np.float64(-0.21501852841127717),True,True,True,1.443369360586916,2.025291045981703e-11,np.float64(7.414946611647087e-05),1e-06,-1.9781268531056164e-11,4.003417899087319e-11,-2.6263224607416523e-11,4.6516135067233553e-11,-2.7402553789841687e-11,4.765546424965872e-11,-1.1927438397103414e-11,3.2180348856920443e-11,-2.0003915093753872e-11,4.02568255535709e-11
m4-v2,c04,23,1,np.float64(3.1354942159291497),np.float64(-0.20810964733659634),True,True,True,1.3396186263785066,-2.84442469578039e-10,np.float64(6.48170057873863e-05),1e-06,-9.514870277674373e-11,-1.8929376680129525e-10,-1.124142485372861e-10,-1.7202822104075286e-10,-1.4896628789970565e-10,-1.3547618167833333e-10,-1.6491258736669837e-10,-1.195298822113406e-10,-1.6833761571809393e-10,-1.1610485385994505e-10
m4-v2,c04,5,2,np.float64(3.2188758248682006),np.float64(-0.10245999974535523),True,False,False,0.6605165627643231,4.381535134712067e-10,np.float64(3.555760709705613e-05),1e-06,4.136006496057826e-11,3.967934485106284e-10,7.607900573753414e-11,3.6207450773367257e-10,5.7091617452165864e-11,3.810618960190408e-10,1.251066759465533e-11,4.2564284587655135e-10,5.238426653476913e-11,3.8576924693643757e-10
m4-v2,c04,3,3,np.float64(3.295836866004329),np.float64(-0.06729963328979954),True,False,False,0.41916361412451636,-9.882218376944252e-10,np.float64(2.1804419295623626e-05),1e-06,3.1885519682333905e-10,-1.3070770345177642e-09,3.7503451700233357e-10,-1.3632563546967588e-09,4.661169397076201e-10,-1.4543387774020454e-09,5.163734845337394e-10,-1.5045953222281646e-09,5.221629708323521e-10,-1.5103848085267773e-09
m4-v2,c04,29,1,np.float64(3.367295829986474),np.float64(-0.1990363509339811),True,True,True,1.2614541162027777,-3.2658020732156956e-10,np.float64(8.307747086581847e-05),1e-06,1.1565791913110922e-10,-4.422381264526788e-10,1.5220430535791575e-10,-4.787845126794853e-10,1.713505470057656e-10,-4.979307543273352e-10,1.7507283164105118e-10,-5.016530389626207e-10,1.9553461132410118e-10,-5.221148186456708e-10
m4-v2,c04,31,1,np.float64(3.4339872044851463),np.float64(-0.1963215403858554),True,True,True,1.2345512401569356,-2.8942026553124833e-10,np.float64(6.888762097673441e-05),1e-06,-1.1963975990227875e-10,-1.6978050562896959e-10,-1.5285953332599877e-10,-1.3656073220524957e-10,-1.739880789498008e-10,-1.1543218658144753e-10,-1.9197499317842275e-10,-9.744527235282559e-11,-2.0406464017886667e-10,-8.535562535238166e-11
m4-v2,c04,2,5,np.float64(3.4657359027997265),np.float64(-0.0390032322597759),True,False,False,0.2440948803848779,1.679947292387851e-10,np.float64(1.3056740350238304e-05),1e-06,7.932034314789548e-10,-6.252087022401697e-10,9.288150406277963e-10,-7.608203113890112e-10,1.1324166407928839e-09,-9.644219115540988e-10,1.246683162210985e-09,-1.0786884329722e-09,1.265485458660246e-09,-1.0974907294214608e-09
m4-v2,c04,37,1,np.float64(3.6109179126442243),np.float64(-0.1889586950119591),True,True,True,1.1329660193872673,7.395875023519238e-10,np.float64(6.0519860763472585e-05),1e-06,4.488145762895598e-11,6.947060447229678e-10,5.885537646877082e-11,6.80732125883153e-10,7.591459072019906e-11,6.636729116317248e-10,8.078843127048487e-11,6.58799071081439e-10,8.986828469988192e-11,6.497192176520419e-10
m4-v2,c04,41,1,np.float64(3.713572066704308),np.float64(-0.184607803637099),True,True,True,1.093048784275485,-2.0182611137897766e-10,np.float64(7.360387751361793e-05),1e-06,1.98193613116343e-11,-2.2164547269061196e-10,4.3362095208039227e-11,-2.4518820658701686e-10,3.654052370988851e-11,-2.3836663508886616e-10,1.6029301692175527e-11,-2.178554130711532e-10,3.600821070970316e-11,-2.3783432208868084e-10
m4-v2,c04,43,1,np.float64(3.7612001156935624),np.float64(-0.18257543342631882),True,True,True,1.076349164906625,-5.633659094783638e-10,np.float64(6.824183727383212e-05),1e-06,-2.2037403053078885e-10,-3.42991878947575e-10,-2.4976296727894126e-10,-3.136029421994226e-10,-2.8432009648510804e-10,-2.790458129932558e-10,-2.747982696313558e-10,-2.8856763984700803e-10,-2.855953526640741e-10,-2.777705568142897e-10
m4-v2,c04,47,1,np.float64(3.8501476017100584),np.float64(-0.17876338822837304),True,True,True,1.054517635047728,9.557190594478016e-10,np.float64(5.7459193031014905e-05),1e-06,2.921258018796969e-10,6.635932575681046e-10,3.1344225283755024e-10,6.422768066102513e-10,3.9671193912350523e-10,5.590071203242963e-10,4.3335488885598897e-10,5.223641705918126e-10,4.3262651323678503e-10,5.230925462110166e-10
m4-v2,c04,7,2,np.float64(3.8918202981106265),np.float64(-0.08848606258138285),True,False,False,0.511438497933269,1.5505314809871606e-09,np.float64(3.140739061363965e-05),1e-06,-1.6130719289411453e-11,1.566662200276572e-09,3.938663290055753e-11,1.5111448480866031e-09,-6.102450320564142e-11,1.611555984192802e-09,-1.4747084383857175e-10,1.6980023248257323e-09,-1.1226532133766999e-10,1.6627968023248307e-09
m4-v2,c04,53,1,np.float64(3.970291913552122),np.float64(-0.1735939685443537),True,False,False,0.9986615758680985,-4.342224357856139e-10,np.float64(5.4314562976710614e-05),1e-06,-3.8651660291795274e-10,-4.7705832867661184e-11,-4.1969744604335393e-10,-1.4524989742259998e-11,-5.118904087429106e-10,7.766797295729669e-11,-5.522000741706604e-10,1.1797763838504646e-10,-5.556153180912825e-10,1.213928823056686e-10
m4-v2,c04,59,1,np.float64(4.07753744390572),np.float64(-0.16897485378921837),True,False,False,0.9580242052472862,8.070564216922094e-10,np.float64(5.255959005460617e-05),1e-06,-1.3328885143603642e-10,9.403452731282459e-10,-1.7129236018477064e-10,9.7834878187698e-10,-1.9031155375095393e-10,9.973679754431633e-10,-2.366281718903015e-10,1.0436845935825108e-09,-2.3552307931300375e-10,1.0425795010052132e-09
m4-v2,c04,61,1,np.float64(4.110873864173311),np.float64(-0.16754032791775322),True,False,False,0.9365873233636606,-1.1681188238910067e-09,np.float64(5.8186534073500954e-05),1e-06,-4.91689252751265e-11,-1.1189498986158802e-09,-1.4720122721644322e-10,-1.0209175966745634e-09,-7.476947102412046e-11,-1.0933493528668864e-09,-2.3244530086462388e-11,-1.1448742938045443e-09,-6.144362833858949e-11,-1.1066751955524172e-09
m4-v2,c04,2,6,np.float64(4.1588830833596715),np.float64(-0.02757945001908145),True,False,False,0.15064548058169308,-5.538583147668419e-09,np.float64(1.0710637909275154e-05),1e-06,-1.502199988962657e-09,-4.036383158705762e-09,-1.417581999705268e-09,-4.121001147963151e-09,-1.7423159901409687e-09,-3.79626715752745e-09,-2.1132969521839715e-09,-3.4252861954844474e-09,-1.9771210278540848e-09,-3.561462119814334e-09
m4-v2,c04,67,1,np.float64(4.204692619390966),np.float64(-0.16351100147025147),True,False,False,0.8861577012871543,5.37137001543897e-11,np.float64(5.082966354778478e-05),1e-06,-4.430114478607167e-10,4.967251480151064e-10,-6.103932355715585e-10,6.641069357259482e-10,-5.724387159015618e-10,6.261524160559515e-10,-5.206361376827399e-10,5.743498378371296e-10,-5.741875233079022e-10,6.279012234622919e-10
m4-v2,c04,71,1,np.float64(4.2626798770413155),np.float64(-0.16102884271275783),True,False,False,0.8704436927058633,9.39853972425908e-10,np.float64(5.2477599884959055e-05),1e-06,8.368468629721105e-11,8.56169286128697e-10,2.1975068529804317e-10,7.201032871278649e-10,1.5733173468113295e-10,7.825222377447751e-10,1.33578097636498e-10,8.062758747894101e-10,1.677237167123054e-10,7.721302557136026e-10
m4-v2,c04,73,1,np.float64(4.290459441148391),np.float64(-0.1598425863444375),True,False,False,0.8699828472793047,1.554685935545308e-09,np.float64(5.185157290777255e-05),1e-06,8.150515259246004e-10,7.396344096207076e-10,8.901763387170122e-10,6.645095968282958e-10,9.003307062868004e-10,6.543552292585076e-10,8.695922419121872e-10,6.850936936331208e-10,8.877227476217918e-10,6.669631879235162e-10
m4-v2,c04,79,1,np.float64(4.3694478524670215),np.float64(-0.15648155106679665),True,False,False,0.8171978011675322,1.0813892004080117e-09,np.float64(5.74073871403273e-05),1e-06,-1.458882641949481e-10,1.2272774646029598e-09,-5.889828027929209e-11,1.1402874806873037e-09,-1.1724314858525855e-10,1.1986323489932703e-09,-1.9650719187137877e-10,1.2778963922793904e-09,-1.5774433734281635e-10,1.239133537750828e-09
m4-v2,c04,3,4,np.float64(4.394449154672439),np.float64(-0.03885546139622887),True,False,False,0.20672851335375514,-9.396715627829622e-10,np.float64(1.5074030258007595e-05),1e-06,-2.2760833331737522e-09,1.33641177039079e-09,-1.7537105479322529e-09,8.140389851492907e-10,-2.2815365822828494e-09,1.3418650194998872e-09,-2.4874362181085005e-09,1.5477646553255384e-09,-2.36884984355229e-09,1.429178280769328e-09
m4-v2,c04,83,1,np.float64(4.418840607796598),np.float64(-0.15439008898017337),True,False,False,0.817596658305082,6.617328907054798e-11,np.float64(4.797581296704254e-05),1e-06,-2.4525770199516086e-10,3.1143099106570884e-10,-2.4223736171740734e-10,3.084106507879553e-10,-1.848377846087242e-10,2.510110736792722e-10,-1.5206003521388447e-10,2.1823332428443245e-10,-1.5068817120860863e-10,2.168614602791566e-10
m4-v2,c04,89,1,np.float64(4.48863636973214),np.float64(-0.15145009428891956),True,False,False,0.7986507404601841,1.299648388908281e-09,np.float64(6.152477550654305e-05),1e-06,1.1719412959380076e-10,1.1824542593144802e-09,-5.293306019239916e-11,1.3525814491006803e-09,1.0741084428540767e-10,1.1922375446228734e-09,2.051390301992549e-10,1.094509358709026e-09,1.665387564878437e-10,1.1331096324204374e-09
m4-v2,c04,97,1,np.float64(4.574710978503383),np.float64(-0.14785224441209735),True,False,False,0.7462920555518198,5.041557393781204e-09,np.float64(5.490606150395573e-05),1e-06,4.406641667237739e-09,6.349157265434648e-10,4.503962879311355e-09,5.375945144698491e-10,4.656486403345837e-09,3.8507099043536693e-10,4.7396264490005026e-09,3.019309447807016e-10,4.732776848381998e-09,3.0878054539920656e-10
m4-v2,c04,101,1,np.float64(4.61512051684126),np.float64(-0.14617479278578105),True,False,False,0.7492488577245366,4.751541604619547e-09,np.float64(4.540238145918792e-05),1e-06,2.481399143670217e-09,2.27014246094933e-09,2.8482787850706684e-09,1.9032628195488785e-09,2.7594139394097614e-09,1.9921276652097855e-09,2.6236618943157437e-09,2.1278797103038032e-09,2.6961522921629877e-09,2.0553893124565592e-09
m4-v2,c04,103,1,np.float64(4.634728988229636),np.float64(-0.145363663339395),True,False,False,0.7481103152861985,-5.412577719354772e-09,np.float64(4.699566566703846e-05),1e-06,-3.4193689633409286e-09,-1.9932087560138434e-09,-3.416590039762723e-09,-1.995987679592049e-09,-3.685938922850795e-09,-1.7266387965039767e-09,-3.788574718837401e-09,-1.6240030005173712e-09,-3.782131411643313e-09,-1.6304463077114586e-09
m4-v2,c04,107,1,np.float64(4.672828834461906),np.float64(-0.14379312149769535),True,False,False,0.7367050420801261,-6.737596813799485e-09,np.float64(5.818583256374122e-05),1e-06,-7.20407439282338e-09,4.664775790238957e-10,-7.769742185946072e-09,1.0321453721465877e-09,-7.961581469623659e-09,1.2239846558241745e-09,-7.991189389776456e-09,1.253592575976971e-09,-8.053155457943899e-09,1.315558644144414e-09
m4-v2,c04,109,1,np.float64(4.6913478822291435),np.float64(-0.14303243005044233),True,False,False,0.7156614992871255,1.1828439783201361e-08,np.float64(5.914651909414308e-05),1e-06,1.0136869191286694e-08,1.6915705919146668e-09,1.0456179946525373e-08,1.372259836675988e-09,1.0398531929257832e-08,1.4299078539435288e-09,1.0281206786801509e-08,1.5472329963998523e-09,1.0334289825882529e-08,1.4941499573188319e-09
m4-v2,c04,113,1,np.float64(4.727387818712341),np.float64(-0.14155725660115417),True,False,False,0.7053487078492218,1.78625656488407e-08,np.float64(5.13445593388563e-05),1e-06,1.7649743803322556e-08,2.128218455181438e-10,1.7731656795164354e-08,1.3090885367634588e-10,1.7963391558524445e-08,-1.00825909683745e-10,1.7974991644788615e-08,-1.124259959479149e-10,1.7994325377675484e-08,-1.3175972883478356e-10
m4-v2,c04,11,2,np.float64(4.795790545596741),np.float64(-0.06938852466955447),True,False,False,0.33905561643775806,2.7954350168002406e-08,np.float64(2.587080520129753e-05),1e-06,2.7943605817414364e-08,1.0744350588042333e-11,2.948293806090634e-08,-1.5285878929039345e-09,2.9017359263011006e-08,-1.0630090950085992e-09,2.8751942791424602e-08,-7.975926234221955e-10,2.8885800103667982e-08,-9.31449935665576e-10
m4-v2,c04,5,3,np.float64(4.828313737302301),np.float64(-0.04582150488104508),True,False,False,0.22460698433978768,-6.132692986771104e-08,np.float64(1.4860636897306704e-05),1e-06,-5.21463141467447e-08,-9.180615720966341e-09,-5.5609731920839405e-08,-5.7171979468716396e-09,-5.5619648857637315e-08,-5.7072810100737294e-09,-5.531650068257733e-08,-6.010429185133715e-09,-5.56131275715611e-08,-5.713802296149946e-09
m4-v2,c04,127,1,np.float64(4.844187086458591),np.float64(-0.13682617124428062),True,False,False,0.6634400012060556,-6.232877902689893e-08,np.float64(5.05430347828276e-05),1e-06,-6.186748823907159e-08,-4.6129078782734247e-10,-6.18314427258995e-08,-4.973363009994268e-10,-6.209633374923003e-08,-2.3244527766889918e-10,-6.22829855296001e-08,-4.57934972988297e-11,-6.224372757568421e-08,-8.505145121471915e-11
m4-v2,c04,2,7,np.float64(4.852030263919617),np.float64(-0.01950161612988795),True,False,False,0.09438695184360832,-1.6138926217657001e-07,np.float64(5.933885260196241e-06),1e-06,-1.545994818180541e-07,-6.7897803585159255e-09,-1.6046439732559985e-07,-9.248648509701678e-10,-1.5926725376819116e-07,-2.1220084083788566e-09,-1.577006706641763e-07,-3.688591512393708e-09,-1.5838485044347097e-07,-3.0044117330990487e-09
m4-v2,c04,131,1,np.float64(4.875197323201151),np.float64(-0.1355834491603077),True,False,False,0.6492298720826811,1.3510466168042967e-07,np.float64(4.877896470205067e-05),1e-06,1.3453132207825378e-07,5.733396021758923e-10,1.356476132633707e-07,-5.429515829410325e-10,1.3542606041917868e-07,-3.213987387490042e-10,1.3523887623223778e-07,-1.3421455180811207e-10,1.3532782459642176e-07,-2.2316291599208997e-10
m4-v2,c04,137,1,np.float64(4.919980925828125),np.float64(-0.13379912176069506),True,False,False,0.6481704067717274,-7.267176708181111e-07,np.float64(5.104362003921589e-05),1e-06,-7.251972687693777e-07,-1.5204020487334108e-09,-7.252410272475171e-07,-1.4766435705939868e-09,-7.255047012689121e-07,-1.2129695491990295e-09,-7.256359992730251e-07,-1.0816715450860109e-09,-7.25615668126865e-07,-1.1020026912461574e-09
m4-v2,c04,139,1,np.float64(4.9344739331306915),np.float64(-0.13322434272608064),True,False,False,0.6479244224941555,1.8438248967633797e-06,np.float64(4.140161327607811e-05),1e-06,1.8428298067519078e-06,9.950900114718425e-10,1.8430639012009073e-06,7.609955624723587e-10,1.8432233849592302e-06,6.015118041494896e-10,1.8432358195173997e-06,5.890772459799768e-10,1.8432506487660328e-06,5.742479973468963e-10
m4-v2,c05,2,1,np.float64(0.6931471805599453),np.float64(-0.1560129290391036),True,True,True,1.2469553525230834,1.3716361380033959e-11,np.float64(4.833747146964671e-05),1e-06,-7.059709547956936e-12,2.0776070927990895e-11,-6.9907771469468014e-12,2.0707138526980762e-11,-1.315756337756805e-11,2.687392475760201e-11,-8.790917770282285e-12,2.2507279150316244e-11,-6.744796550966633e-12,2.0461157931000593e-11
m4-v2,c05,3,1,np.float64(1.0986122886681098),np.float64(-0.20189889986939866),True,True,True,1.5836178168744488,3.430455919328779e-11,np.float64(6.752764851843078e-05),1e-06,4.403528736535032e-12,2.9901030456752754e-11,3.1351286640744537e-12,3.1169430529213336e-11,9.469959298276766e-12,2.483459989501102e-11,9.615640793105694e-12,2.4688918400182093e-11,5.505989185863571e-12,2.8798570007424216e-11
m4-v2,c05,2,2,np.float64(1.3862943611198906),np.float64(-0.1103178000763258),True,False,False,0.8270117054498354,1.0465561750550023e-09,np.float64(4.2596928452107476e-05),1e-06,2.000522039008861e-11,1.0265509546649136e-09,3.9296130450338074e-11,1.0072600446046643e-09,2.9823264238591e-11,1.0167329108164113e-09,3.099707028528489e-11,1.0155591047697175e-09,2.959770830323561e-11,1.0169584667517668e-09
m4-v2,c05,5,1,np.float64(1.6094379124341003),np.float64(-0.22910752440522542),True,True,True,1.7267276642853517,-2.7260416146646094e-11,np.float64(7.31443918109135e-05),1e-06,-1.9932575326854757e-12,-2.526715861396062e-11,-1.3393892567658682e-11,-1.3866523578987411e-11,-1.0012945616854537e-11,-1.7247470529791558e-11,-1.1208506776188932e-11,-1.6051909370457163e-11,-1.485733016388952e-11,-1.2403085982756575e-11
m4-v2,c05,7,1,np.float64(1.9459101490553132),np.float64(-0.23411211608563706),True,True,True,1.7500211696701056,4.16359391408605e-10,np.float64(8.172939593510144e-05),1e-06,-8.826644624497553e-12,4.2518603603310255e-10,-2.0674031442355175e-11,4.370334228509602e-10,-1.854155957749975e-11,4.3490095098610477e-10,-2.3801789939139705e-11,4.401611813477447e-10,-2.178870716470399e-11,4.38148098573309e-10
m4-v2,c05,2,3,np.float64(2.0794415416798357),np.float64(-0.0780064645195518),True,False,False,0.5652418641612702,1.0359815227900526e-09,np.float64(2.4668668169904457e-05),1e-06,-3.122630857985685e-11,1.0672078313699095e-09,-4.5426262943073036e-11,1.0814077857331257e-09,-2.6772310671738028e-11,1.0627538334617908e-09,-5.066248989764812e-11,1.0866440126877006e-09,-2.949176982893243e-11,1.0654732926189852e-09
m4-v2,c05,3,2,np.float64(2.1972245773362196),np.float64(-0.1165663841886866),True,False,False,0.8468830422419181,-3.81252807102328e-10,np.float64(3.602394584315519e-05),1e-06,1.571003594492271e-11,-3.9696284304725074e-10,-5.899239651772518e-12,-3.753535674505555e-10,2.6017053578288066e-11,-4.072698606806161e-10,1.2762230203831823e-11,-3.940150373061598e-10,4.607599255973897e-12,-3.858604063583019e-10
m4-v2,c05,11,1,np.float64(2.3978952727983707),np.float64(-0.23013570108523157),True,True,True,1.659313162780132,7.069322904840192e-11,np.float64(9.411719393947835e-05),1e-06,5.995509746679604e-12,6.469771930172231e-11,6.90537570680395e-12,6.378785334159797e-11,1.6639251582419612e-11,5.405397746598231e-11,7.447663209043108e-12,6.324556583935881e-11,1.075008913938593e-11,5.994313990901599e-11
m4-v2,c05,13,1,np.float64(2.5649493574615367),np.float64(-0.22644213759952758),True,True,True,1.6031971701925198,-2.0062873584691943e-10,np.float64(7.93424693434435e-05),1e-06,-1.0718897403833008e-11,-1.8990983844308642e-10,-3.371225357517665e-11,-1.669164822717428e-10,-1.087786357827763e-11,-1.897508722686418e-10,-2.2175556645900025e-11,-1.784531792010194e-10,-2.0685313699993093e-11,-1.7994342214692633e-10
m4-v2,c05,2,4,np.float64(2.772588722239781),np.float64(-0.0551589000381629),True,False,False,0.38415533005119146,1.3605956361573135e-09,np.float64(1.94279132432312e-05),1e-06,2.846885381812168e-12,1.3577487507755013e-09,-1.2640895346137014e-10,1.4870045896186837e-09,-8.115600763616146e-11,1.4417516437934749e-09,-1.083020948430546e-10,1.468897731000368e-09,-1.398997116767436e-10,1.500495347834057e-09
m4-v2,c05,17,1,np.float64(2.833213344056216),np.float64(-0.21872828371837585),True,True,True,1.4484177948827475,6.117937267902107e-10,np.float64(7.33746050304171e-05),1e-06,-3.021187249762699e-12,6.148149140399734e-10,2.0830816260422238e-11,5.909629105297884e-10,-7.387216982316319e-12,6.19180943772527e-10,7.1955802056400216e-12,6.045981465845707e-10,7.778624395933002e-12,6.040151023942777e-10
m4-v2,c05,19,1,np.float64(2.9444389791664403),np.float64(-0.21501852841127717),True,True,True,1.422917472016616,1.650166669975306e-10,np.float64(6.889405752992965e-05),1e-06,2.5275749677846967e-11,1.3974091731968363e-10,6.20001977395619e-11,1.0301646925796869e-10,3.192818339052633e-11,1.3308848360700425e-10,4.20927202988726e-11,1.2292394669865798e-10,4.080028762050298e-11,1.242163793770276e-10
m4-v2,c05,23,1,np.float64(3.1354942159291497),np.float64(-0.20810964733659634),True,True,True,1.302753504317354,1.2008494199022834e-09,np.float64(6.490128344558205e-05),1e-06,2.6071937557089735e-11,1.1747774823451936e-09,4.699321633434227e-11,1.1538562035679412e-09,2.608451932772085e-11,1.1747649005745626e-09,2.6644989254379706e-11,1.1742044306479037e-09,2.4822485212346855e-11,1.1760269346899365e-09
m4-v2,c05,5,2,np.float64(3.2188758248682006),np.float64(-0.10245999974535523),True,False,False,0.6521085094644677,3.5029623646209984e-10,np.float64(3.292902088171985e-05),1e-06,-1.0588552479749385e-10,4.561817612595937e-10,-1.559073676549303e-10,5.062036041170302e-10,-1.1320162107980143e-10,4.6349785754190127e-10,-1.5258191192428953e-10,5.028781483863894e-10,-1.2454204750923797e-10,4.748382839713378e-10
m4-v2,c05,3,3,np.float64(3.295836866004329),np.float64(-0.06729963328979954),True,False,False,0.4296621979755169,-1.7886570002900726e-10,np.float64(2.2520148431870583e-05),1e-06,1.1884523306474582e-10,-2.977109330937531e-10,4.428857967075393e-11,-2.231542796997612e-10,1.551245652872472e-10,-3.3399026531625446e-10,9.288135187311251e-11,-2.7174705190211977e-10,8.340275190746642e-11,-2.622684519364737e-10
m4-v2,c05,29,1,np.float64(3.367295829986474),np.float64(-0.1990363509339811),True,True,True,1.2207566084924262,4.982556589538945e-10,np.float64(6.906515504991804e-05),1e-06,-3.0570886359390895e-12,5.013127475898336e-10,6.864264937961205e-11,4.296130095742824e-10,4.6312370834967365e-11,4.519432881189271e-10,5.7595348432172754e-11,4.4066031052172167e-10,7.138960279362586e-11,4.2686605616026856e-10
m4-v2,c05,31,1,np.float64(3.4339872044851463),np.float64(-0.1963215403858554),True,True,True,1.2132033857450175,-1.0076594003649575e-09,np.float64(6.082526857548102e-05),1e-06,-5.063629751107256e-11,-9.57023102853885e-10,1.6155940405147489e-12,-1.0092749944054722e-09,-5.090443930202793e-11,-9.567549610629296e-10,-2.9460448577209276e-11,-9.781989517877483e-10,-2.0630833464971603e-11,-9.870285668999859e-10
m4-v2,c05,2,5,np.float64(3.4657359027997265),np.float64(-0.0390032322597759),True,False,False,0.23817665836705537,-5.306851624808928e-09,np.float64(1.2858436847931746e-05),1e-06,1.7406321864230009e-10,-5.480914843451228e-09,5.036303509667161e-12,-5.311887928318595e-09,2.0427006995484536e-10,-5.5111216947637734e-09,1.8228220642618626e-10,-5.489133831235114e-09,1.417838711736915e-10,-5.44863549598262e-09
m4-v2,c05,37,1,np.float64(3.6109179126442243),np.float64(-0.1889586950119591),True,True,True,1.1300974485820874,-1.8517742894630373e-11,np.float64(6.308525315305512e-05),1e-06,-1.308180507611477e-10,1.1230030786651733e-10,-6.513019316636753e-11,4.6612450271737155e-11,-1.178073736342413e-10,9.928963073961094e-11,-1.0011488651001567e-10,8.15971436153853e-11,-7.836900045949561e-11,5.985125756486524e-11
m4-v2,c05,41,1,np.float64(3.713572066704308),np.float64(-0.184607803637099),True,True,True,1.0916305098679744,7.743763408285531e-10,np.float64(7.059005379780822e-05),1e-06,-1.8288358372231254e-10,9.572599245508656e-10,-1.5115030246453587e-10,9.25526643293089e-10,-1.8240387153957478e-10,9.56780212368128e-10,-1.872583092835821e-10,9.616346501121352e-10,-1.6056196212291283e-10,9.34938302951466e-10
m4-v2,c05,43,1,np.float64(3.7612001156935624),np.float64(-0.18257543342631882),True,True,True,1.0642053814568764,-8.851288590960849e-10,np.float64(5.7551988234540924e-05),1e-06,1.0323178891867224e-10,-9.883606480147571e-10,2.530058084379143e-11,-9.104294399398763e-10,4.419650916193883e-11,-9.293253682580237e-10,5.0115671064594766e-11,-9.352445301606797e-10,2.2541522758227086e-11,-9.076703818543119e-10
m4-v2,c05,47,1,np.float64(3.8501476017100584),np.float64(-0.17876338822837304),True,True,True,1.0421825552234498,-5.673054248589438e-10,np.float64(5.6952742352441305e-05),1e-06,-2.698412620163598e-10,-2.9746416284258394e-10,-3.122726488813049e-10,-2.550327759776389e-10,-3.232367234580452e-10,-2.4406870140089857e-10,-3.061839764890689e-10,-2.6112144836987483e-10,-2.9239027847246616e-10,-2.749151463864776e-10
m4-v2,c05,7,2,np.float64(3.8918202981106265),np.float64(-0.08848606258138285),True,False,False,0.5070840984927192,2.1345958334251236e-09,np.float64(2.780285077589638e-05),1e-06,4.49735571602053e-10,1.6848602618230705e-09,8.641331439851984e-10,1.270462689439925e-09,7.735294788698484e-10,1.3610663545552752e-09,8.294134064115195e-10,1.305182427013604e-09,8.388152116442648e-10,1.2957806217808588e-09
m4-v2,c05,53,1,np.float64(3.970291913552122),np.float64(-0.1735939685443537),True,False,False,0.9991679971757126,-6.366092097920273e-10,np.float64(5.5636118418982e-05),1e-06,3.1267710844083796e-10,-9.492863182328652e-10,1.9675568718828427e-10,-8.333648969803115e-10,2.770351970633578e-10,-9.136444068553851e-10,2.4619308520180286e-10,-8.828022949938301e-10,2.1862771613672693e-10,-8.552369259287542e-10
m4-v2,c05,59,1,np.float64(4.07753744390572),np.float64(-0.16897485378921837),True,False,False,0.9534541802313888,-1.5335183123355023e-09,np.float64(5.22906134244162e-05),1e-06,-5.680603094794749e-10,-9.654580028560275e-10,-8.912854543110224e-10,-6.422328580244799e-10,-8.204009554297046e-10,-7.131173569057977e-10,-8.612148702971475e-10,-6.723034420383548e-10,-8.553032065963636e-10,-6.782151057391387e-10
m4-v2,c05,61,1,np.float64(4.110873864173311),np.float64(-0.16754032791775322),True,False,False,0.9308011062297551,5.086771004414459e-10,np.float64(5.222202985777977e-05),1e-06,-4.852114258165769e-11,5.571982430231035e-10,1.740000215111873e-10,3.3467707893025854e-10,3.8650352487572293e-11,4.700267479538736e-10,8.195949603444876e-11,4.267176044069971e-10,8.884572747902432e-11,4.1983137296242157e-10
m4-v2,c05,2,6,np.float64(4.1588830833596715),np.float64(-0.02757945001908145),True,False,False,0.15248677796271357,-4.134624198570691e-09,np.float64(9.098362767235776e-06),1e-06,-2.8690095186177387e-09,-1.2656146799529523e-09,-2.7266077867373745e-09,-1.4080164118333166e-09,-3.170614865423611e-09,-9.640093331470802e-10,-2.9200062612826023e-09,-1.2146179372880888e-09,-2.8438177053675985e-09,-1.2908064932030926e-09
m4-v2,c05,67,1,np.float64(4.204692619390966),np.float64(-0.16351100147025147),True,False,False,0.8997338060970186,-4.149486310112138e-10,np.float64(5.4742125261916384e-05),1e-06,4.756757098797115e-10,-8.906243408909253e-10,8.247263728478131e-10,-1.239675003859027e-09,6.754996087251366e-10,-1.0904482397363504e-09,7.231528936391282e-10,-1.1381015246503422e-09,7.141360714254894e-10,-1.1290847024367031e-09
m4-v2,c05,71,1,np.float64(4.2626798770413155),np.float64(-0.16102884271275783),True,False,False,0.8831878242542174,1.3841150448001827e-10,np.float64(5.043395681925238e-05),1e-06,6.375814294001864e-10,-4.991699249201681e-10,1.0919762674047646e-09,-9.535647629247463e-10,1.014734489708262e-09,-8.763229852282438e-10,1.0536989435062582e-09,-9.152874390262399e-10,1.0664907790362546e-09,-9.280792745562364e-10
m4-v2,c05,73,1,np.float64(4.290459441148391),np.float64(-0.1598425863444375),True,False,False,0.8605012094352184,-1.8534138668258038e-09,np.float64(5.79460237351617e-05),1e-06,-4.576374269114832e-10,-1.3957764399143206e-09,-8.340612960570778e-10,-1.0193525707687261e-09,-6.599946149346713e-10,-1.1934192518911325e-09,-7.288654040474733e-10,-1.1245484627783305e-09,-7.194735655774888e-10,-1.133940301248315e-09
m4-v2,c05,79,1,np.float64(4.3694478524670215),np.float64(-0.15648155106679665),True,False,False,0.8379523085598239,-2.094024842413944e-09,np.float64(5.053075110150017e-05),1e-06,-1.7479212416827778e-09,-3.4610360073116623e-10,-2.1395111588763206e-09,4.5486316462376574e-11,-2.0941983586250937e-09,1.7351621114963703e-13,-2.151594536130975e-09,5.756969371703111e-11,-2.1287628742305335e-09,3.473803181658948e-11
m4-v2,c05,3,4,np.float64(4.394449154672439),np.float64(-0.03885546139622887),True,False,False,0.2040151026898273,2.824484646168912e-09,np.float64(1.694362533643077e-05),1e-06,2.694404103712365e-09,1.300805424565473e-10,3.2416156265803104e-09,-4.171309804113983e-10,3.4839048326738578e-09,-6.594201865049456e-10,3.3030736900500067e-09,-4.785890438810946e-10,3.322720022710743e-09,-4.982353765418306e-10
m4-v2,c05,83,1,np.float64(4.418840607796598),np.float64(-0.15439008898017337),True,False,False,0.8184857161733708,-1.4233821898912424e-09,np.float64(4.895521838677059e-05),1e-06,-1.416388864712787e-09,-6.993325178455344e-12,-2.069815699873377e-09,6.464335099821345e-10,-1.9754575111885394e-09,5.52075321297297e-10,-2.0293818101745875e-09,6.059996202833451e-10,-2.0393990465212753e-09,6.160168566300329e-10
m4-v2,c05,89,1,np.float64(4.48863636973214),np.float64(-0.15145009428891956),True,False,False,0.77940571459005,1.0884630974317133e-09,np.float64(5.105761769040229e-05),1e-06,-1.1137489422579583e-10,1.199837991657509e-09,-4.265184920297714e-10,1.5149815894614847e-09,-4.4731764971540643e-10,1.5357807471471197e-09,-4.1108140818326277e-10,1.4995445056149762e-09,-4.3681909856094646e-10,1.5252821959926598e-09
m4-v2,c05,97,1,np.float64(4.574710978503383),np.float64(-0.14785224441209735),True,False,False,0.7582788897113152,3.8226208864955424e-09,np.float64(4.943219507343343e-05),1e-06,1.8085764576510187e-09,2.0140444288445237e-09,2.7287360710811858e-09,1.0938848154143567e-09,2.6110768387165755e-09,1.2115440477789669e-09,2.6706252124362627e-09,1.1519956740592798e-09,2.698488998253921e-09,1.1241318882416215e-09
m4-v2,c05,101,1,np.float64(4.61512051684126),np.float64(-0.14617479278578105),True,False,False,0.7504465873651709,-2.0347489249061823e-09,np.float64(5.125391942898351e-05),1e-06,-4.07118613912976e-09,2.036437214223578e-09,-3.423595136394464e-09,1.3888462114882816e-09,-3.6427084172831577e-09,1.6079594923769754e-09,-3.5832676031484167e-09,1.5485186782422344e-09,-3.5250141122241025e-09,1.4902651873179202e-09
m4-v2,c05,103,1,np.float64(4.634728988229636),np.float64(-0.145363663339395),True,False,False,0.7366533033860617,6.957497467041662e-09,np.float64(5.509248686254502e-05),1e-06,5.303623475316838e-09,1.6538739917248246e-09,5.082969999617401e-09,1.874527467424261e-09,5.255808664301642e-09,1.7016888027400202e-09,5.260799976023018e-09,1.696697491018644e-09,5.228593538618141e-09,1.7289039284235216e-09
m4-v2,c05,107,1,np.float64(4.672828834461906),np.float64(-0.14379312149769535),True,False,False,0.7241690651789714,1.400077054292126e-08,np.float64(4.476732845634155e-05),1e-06,1.3748278404698174e-08,2.524921382230856e-10,1.5016362640123868e-08,-1.0155920972026088e-09,1.4839575368619295e-08,-8.388048256980357e-10,1.4948925234312404e-08,-9.481546913911452e-10,1.491039189262194e-08,-9.096213497006802e-10
m4-v2,c05,109,1,np.float64(4.6913478822291435),np.float64(-0.14303243005044233),True,False,False,0.73219647157874,-1.0837510444616782e-08,np.float64(4.4341843456970596e-05),1e-06,-1.126467732580946e-08,4.2716688119267703e-10,-1.107018356488473e-08,2.3267312026794782e-10,-1.109145737475101e-08,2.5394693013422754e-10,-1.114196679262573e-08,3.044563480089478e-10,-1.1078136811319069e-08,2.406263667022865e-10
m4-v2,c05,113,1,np.float64(4.727387818712341),np.float64(-0.14155725660115417),True,False,False,0.7080997303915325,-5.1042730042638595e-09,np.float64(4.401008976564679e-05),1e-06,-7.237996798597018e-09,2.1337237943331584e-09,-7.1433707134323475e-09,2.039097709168488e-09,-7.291149860099435e-09,2.186876855835575e-09,-7.216255235920724e-09,2.111982231656864e-09,-7.17610346630307e-09,2.07183046203921e-09
m4-v2,c05,11,2,np.float64(4.795790545596741),np.float64(-0.06938852466955447),True,False,False,0.34059625157075113,1.9574333709471148e-08,np.float64(2.6782768676886735e-05),1e-06,1.709617216307305e-08,2.4781615463980968e-09,1.8698327855348844e-08,8.760058541223043e-10,1.8626622950270802e-08,9.477107592003454e-10,1.877045975867265e-08,8.038739507984978e-10,1.8830191403141604e-08,7.441423063295436e-10
m4-v2,c05,5,3,np.float64(4.828313737302301),np.float64(-0.04582150488104508),True,False,False,0.2254297820064911,2.0089492158703592e-07,np.float64(1.949754297821178e-05),1e-06,1.9838855345357467e-07,2.5063681334612583e-09,2.0604005390422352e-07,-5.145132317187594e-09,2.0524185243589633e-07,-4.346930848860411e-09,2.0545224625488015e-07,-4.557324667844229e-09,2.0537074449430158e-07,-4.475822907265655e-09
m4-v2,c05,127,1,np.float64(4.844187086458591),np.float64(-0.13682617124428062),True,False,False,0.6688152242048556,9.201029693706175e-08,np.float64(4.689228726895843e-05),1e-06,8.815351710818623e-08,3.856779828875524e-09,9.091569848280266e-08,1.0945984542590928e-09,9.038140964719422e-08,1.6288872898675335e-09,9.054704432142691e-08,1.463252615634841e-09,9.052507863371571e-08,1.485218303346043e-09
m4-v2,c05,2,7,np.float64(4.852030263919617),np.float64(-0.01950161612988795),True,False,False,0.09535679880734853,1.2833465219408424e-06,np.float64(6.677710056594372e-06),1e-06,1.24653638126522e-06,3.681014067562244e-08,1.271391798901863e-06,1.1954723038979428e-08,1.268491620255705e-06,1.485490168513747e-08,1.2697088671415525e-06,1.3637654799289904e-08,1.2693704444877339e-06,1.3976077453108556e-08
m4-v2,c05,131,1,np.float64(4.875197323201151),np.float64(-0.1355834491603077),True,False,False,0.6687031043968698,-4.0568035486465703e-08,np.float64(4.2849010162431615e-05),1e-06,-4.120620652458748e-08,6.38171038121777e-10,-4.1395850124822905e-08,8.278146383572018e-10,-4.136526776424014e-08,7.972322777744345e-10,-4.131309412914105e-08,7.450586426753462e-10,-4.127023383923186e-08,7.021983527661596e-10
m4-v2,c05,137,1,np.float64(4.919980925828125),np.float64(-0.13379912176069506),True,False,False,0.6491979107415605,4.645597373453825e-08,np.float64(4.2466708722983996e-05),1e-06,4.3714527272305994e-08,2.741446462232253e-09,4.5079892470883565e-08,1.3760812636546828e-09,4.476351436849736e-08,1.6924593660408845e-09,4.477428194396983e-08,1.6816917905684196e-09,4.476735982490145e-08,1.6886139096367969e-09
m4-v2,c05,139,1,np.float64(4.9344739331306915),np.float64(-0.13322434272608064),True,False,False,0.646376316462249,-4.774668537210758e-07,np.float64(4.116615252633138e-05),1e-06,-4.786637481716867e-07,1.1968944506108805e-09,-4.80512794742229e-07,3.045941021153176e-09,-4.80217363369294e-07,2.750509648218262e-09,-4.802315933967861e-07,2.764739675710361e-09,-4.802070684537877e-07,2.7402147327119466e-09
m4-v2,c06,2,1,np.float64(0.6931471805599453),np.float64(-0.1560129290391036),True,True,True,1.2359910875032905,1.6847034878253453e-10,np.float64(6.680449265645248e-05),1e-06,1.6507348071870128e-11,1.519630007106644e-10,3.84203427269894e-11,1.3005000605554512e-10,2.7703743998831764e-11,1.4076660478370276e-10,2.4134949467266507e-11,1.4433539931526803e-10,2.2492792014195102e-11,1.4597755676833944e-10
m4-v2,c06,3,1,np.float64(1.0986122886681098),np.float64(-0.20189889986939866),True,True,True,1.5845879378981558,2.4827118139114646e-10,np.float64(6.269769862660082e-05),1e-06,-1.381257277321951e-11,2.62083754164366e-10,-2.7990637898012985e-11,2.762618192891594e-10,-3.093895108682263e-11,2.792101324779691e-10,-2.7631340677100523e-11,2.75902522068247e-10,-2.5392354796404444e-11,2.736635361875509e-10
m4-v2,c06,2,2,np.float64(1.3862943611198906),np.float64(-0.1103178000763258),True,False,False,0.8443863766899053,2.0408341683264553e-11,np.float64(4.654337008519096e-05),1e-06,2.445503160429403e-11,-4.046689921029478e-12,4.603239575041936e-11,-2.5624054067154805e-11,3.5377060819259306e-11,-1.4968719135994753e-11,1.7799897100130877e-11,2.608444583133676e-12,1.2994522403990293e-11,7.413819279274259e-12
m4-v2,c06,5,1,np.float64(1.6094379124341003),np.float64(-0.22910752440522542),True,True,True,1.705168251810608,4.312861179300853e-10,np.float64(7.668875641466931e-05),1e-06,1.0169549715647807e-11,4.211165682144375e-10,-2.6566407046727393e-13,4.315517820005526e-10,4.939486906248533e-12,4.2634663102383677e-10,-1.1062841390561646e-12,4.3239240206914146e-10,9.595431260999985e-13,4.3032657480398533e-10
m4-v2,c06,7,1,np.float64(1.9459101490553132),np.float64(-0.23411211608563706),True,True,True,1.7399051920127908,-1.5699819222447786e-10,np.float64(7.204078630140373e-05),1e-06,2.4727864655983e-11,-1.8172605688046087e-10,3.0193672853924164e-11,-1.8719186507840203e-10,3.908742430506151e-11,-1.9608561652953936e-10,2.6892742933091884e-11,-1.8389093515756974e-10,2.4872272468367257e-11,-1.818704646928451e-10
m4-v2,c06,2,3,np.float64(2.0794415416798357),np.float64(-0.0780064645195518),True,False,False,0.5656796423906864,-6.832301391312967e-11,np.float64(3.244177429561975e-05),1e-06,1.8124394789661187e-11,-8.644740870279086e-11,7.680179974173001e-12,-7.600319388730267e-11,8.463852997006967e-12,-7.678686691013663e-11,-3.5017768342426145e-11,-3.3305245570703526e-11,-4.4291299842335114e-11,-2.4031714070794557e-11
m4-v2,c06,3,2,np.float64(2.1972245773362196),np.float64(-0.1165663841886866),True,False,False,0.8266069285099583,1.520346071259837e-10,np.float64(4.08974232790551e-05),1e-06,2.410177088768504e-11,1.2793283623829866e-10,1.878279050251063e-11,1.3325181662347309e-10,6.097614636847848e-11,9.105846075750523e-11,6.401243018725084e-11,8.802217693873287e-11,6.430225166058732e-11,8.77323554653964e-11
m4-v2,c06,11,1,np.float64(2.3978952727983707),np.float64(-0.23013570108523157),True,True,True,1.5963992774744151,-2.8505597882144684e-10,np.float64(7.219713462719313e-05),1e-06,2.847781467969702e-11,-3.1353379350114387e-10,5.847175792628623e-11,-3.4352773674773306e-10,6.821599015042624e-11,-3.5327196897187307e-10,6.221760279872674e-11,-3.472735816201736e-10,5.715310479374398e-11,-3.4220908361519084e-10
m4-v2,c06,13,1,np.float64(2.5649493574615367),np.float64(-0.22644213759952758),True,True,True,1.5936117903169282,4.058757774316746e-10,np.float64(7.017002636413344e-05),1e-06,3.166523356823596e-11,3.7421054386343863e-10,1.8811692533202925e-11,3.8706408489847165e-10,2.934175638290187e-11,3.765340210487727e-10,8.621601700632794e-12,3.972541757310418e-10,7.54072955318694e-12,3.9833504787848766e-10
m4-v2,c06,2,4,np.float64(2.772588722239781),np.float64(-0.0551589000381629),True,False,False,0.36766710764141824,-2.284421540821313e-09,np.float64(2.262213666080906e-05),1e-06,-9.977097862086564e-11,-2.1846505622004476e-09,-2.655046404042183e-10,-2.018916900417095e-09,-2.1671143236070303e-10,-2.0677101084606102e-09,-2.8058118437244757e-10,-2.0038403564488656e-09,-2.901963531409576e-10,-1.9942251876803555e-09
m4-v2,c06,17,1,np.float64(2.833213344056216),np.float64(-0.21872828371837585),True,True,True,1.4642744868469582,5.649909429195077e-10,np.float64(7.875124839091243e-05),1e-06,-3.9372718099578465e-11,6.043636610190861e-10,-6.359071153564564e-11,6.285816544551533e-10,-9.240222979870899e-11,6.573931727182167e-10,-8.577185319358368e-11,6.507627961130913e-10,-8.062996588047805e-11,6.456209087999857e-10
m4-v2,c06,19,1,np.float64(2.9444389791664403),np.float64(-0.21501852841127717),True,True,True,1.4323147633114635,-8.020151209819915e-11,np.float64(7.62841025264612e-05),1e-06,2.772372333334875e-11,-1.079252354315479e-10,9.331551466743584e-11,-1.7351702676563498e-10,7.820338691715671e-11,-1.5840489901535584e-10,9.378549379181047e-11,-1.7398700589000961e-10,9.28602744001686e-11,-1.7306178649836774e-10
m4-v2,c06,23,1,np.float64(3.1354942159291497),np.float64(-0.20810964733659634),True,True,True,1.3414562399948107,-3.1004132594603107e-10,np.float64(6.418373437423279e-05),1e-06,9.784747399893196e-12,-3.1982607334592427e-10,3.483114705979842e-11,-3.448724730058295e-10,-9.48911777938251e-12,-3.0055220816664856e-10,-2.9029421736686098e-11,-2.8101190420934495e-10,-3.238265796190473e-11,-2.7765866798412633e-10
m4-v2,c06,5,2,np.float64(3.2188758248682006),np.float64(-0.10245999974535523),True,False,False,0.660316343543858,-9.259413236151204e-10,np.float64(3.151187320798221e-05),1e-06,-7.44509044079952e-11,-8.514904192071252e-10,-7.164360169947714e-11,-8.542977219156432e-10,-1.1869267707006167e-10,-8.072486465450588e-10,-1.6221459394850796e-10,-7.637267296666124e-10,-1.7634424087984108e-10,-7.495970827352793e-10
m4-v2,c06,3,3,np.float64(3.295836866004329),np.float64(-0.06729963328979954),True,False,False,0.4259908070307613,-1.2481896627392075e-09,np.float64(2.27003026266496e-05),1e-06,2.4349325515495268e-11,-1.2725389882547028e-09,1.1197147705258696e-11,-1.2593868104444663e-09,-3.3224694911540445e-11,-1.214964967827667e-09,-1.426942610105832e-10,-1.1054954017286244e-09,-1.654246921876868e-10,-1.0827649705515207e-09
m4-v2,c06,29,1,np.float64(3.367295829986474),np.float64(-0.1990363509339811),True,True,True,1.265760801093083,5.331335373170987e-10,np.float64(7.232022219878476e-05),1e-06,4.9061769360932896e-11,4.840717679561657e-10,1.1064323568101182e-10,4.2249030163608684e-10,1.008199096991464e-10,4.3231362761795224e-10,1.3286535617607427e-10,4.002681811410244e-10,1.388719833081546e-10,3.942615540089441e-10
m4-v2,c06,31,1,np.float64(3.4339872044851463),np.float64(-0.1963215403858554),True,True,True,1.2041977710657794,-6.853742018364528e-10,np.float64(6.383762318923552e-05),1e-06,-1.312039155901962e-10,-5.541702862462567e-10,-2.1124341932383498e-10,-4.741307825126178e-10,-2.547277026332061e-10,-4.3064649920324674e-10,-2.3663687975600357e-10,-4.4873732208044925e-10,-2.2679398118202894e-10,-4.5858022065442387e-10
m4-v2,c06,2,5,np.float64(3.4657359027997265),np.float64(-0.0390032322597759),True,False,False,0.23671859030493483,-3.963245842619756e-09,np.float64(1.5778852684539168e-05),1e-06,-9.157078453288438e-10,-3.047537997290912e-09,-1.6788258932079015e-09,-2.2844199494118546e-09,-1.4767086689771999e-09,-2.486537173642556e-09,-1.4758429322499678e-09,-2.487402910369788e-09,-1.4681675643995092e-09,-2.4950782782202467e-09
m4-v2,c06,37,1,np.float64(3.6109179126442243),np.float64(-0.1889586950119591),True,True,True,1.134512032915279,-2.9127134038020586e-10,np.float64(6.641894884911432e-05),1e-06,1.6330542234587382e-10,-4.545767627260797e-10,1.6413594180463954e-10,-4.554072821848454e-10,9.30441827881431e-11,-3.8431552316834894e-10,8.020312106304171e-11,-3.7147446144324754e-10,9.210958682016976e-11,-3.833809272003756e-10
m4-v2,c06,41,1,np.float64(3.713572066704308),np.float64(-0.184607803637099),True,True,True,1.0777975638206425,7.149014713547786e-10,np.float64(5.772415083422594e-05),1e-06,-1.3559703302344366e-10,8.504985043782222e-10,-9.762364956195864e-12,7.246638363109744e-10,-3.0251025538015954e-11,7.451524968927945e-10,2.454632574638765e-11,6.903551456083909e-10,2.237006332529894e-11,6.925314080294797e-10
m4-v2,c06,43,1,np.float64(3.7612001156935624),np.float64(-0.18257543342631882),True,True,True,1.1103221088180888,-8.549320140716077e-10,np.float64(6.95349877513855e-05),1e-06,-1.130126362584198e-10,-7.419193778131879e-10,-3.11534020750696e-10,-5.433979933209117e-10,-2.8360673247059687e-10,-5.713252816010108e-10,-3.24932401633913e-10,-5.299996124376947e-10,-3.250258257204653e-10,-5.299061883511424e-10
m4-v2,c06,47,1,np.float64(3.8501476017100584),np.float64(-0.17876338822837304),True,True,True,1.053639081316253,1.9651613669680046e-10,np.float64(5.495369286373046e-05),1e-06,4.264210964599174e-11,1.5387402705080873e-10,-1.9678864765759502e-10,3.9330478435439545e-10,-1.9234167218452933e-10,3.888578088813298e-10,-2.2935330436516507e-10,4.2586944106196553e-10,-2.1774540829598465e-10,4.142615449927851e-10
m4-v2,c06,7,2,np.float64(3.8918202981106265),np.float64(-0.08848606258138285),True,False,False,0.505736298258773,9.002520950929238e-10,np.float64(3.558215753395737e-05),1e-06,6.872950062561587e-10,2.1295708883676508e-10,5.507416036740399e-10,3.4951049141888387e-10,4.1150187515290806e-10,4.887502199400157e-10,3.7412220324358397e-10,5.261298918493398e-10,4.1020262739887635e-10,4.900494676940474e-10
m4-v2,c06,53,1,np.float64(3.970291913552122),np.float64(-0.1735939685443537),True,True,True,1.0006491099633699,1.627884715915684e-09,np.float64(7.247781963153113e-05),1e-06,4.850937175563468e-10,1.1427909983593371e-09,5.921224188199618e-10,1.0357622970957222e-09,5.460027522525215e-10,1.0818819636631623e-09,4.526424646457473e-10,1.1752422512699365e-09,4.4053225066590694e-10,1.187352465249777e-09
m4-v2,c06,59,1,np.float64(4.07753744390572),np.float64(-0.16897485378921837),True,False,False,0.9582772959330582,-1.7892983761313985e-09,np.float64(5.200675851849867e-05),1e-06,-5.970816335396982e-10,-1.1922167425917004e-09,-6.765058068299114e-10,-1.1127925693014872e-09,-6.943757415465003e-10,-1.0949226345848983e-09,-7.283943196459863e-10,-1.0609040564854124e-09,-7.442240952422273e-10,-1.0450742808891712e-09
m4-v2,c06,61,1,np.float64(4.110873864173311),np.float64(-0.16754032791775322),True,False,False,0.9437574453324354,4.884914694969211e-11,np.float64(5.981590058154453e-05),1e-06,7.903924587222992e-10,-7.415433117726071e-10,7.69079678555194e-10,-7.202305316055019e-10,6.554356858091516e-10,-6.065865388594594e-10,6.337724377806384e-10,-5.849232908309463e-10,6.548077569942495e-10,-6.059586100445574e-10
m4-v2,c06,2,6,np.float64(4.1588830833596715),np.float64(-0.02757945001908145),True,False,False,0.1528919552168096,-1.7105747596168897e-08,np.float64(1.1013191080420585e-05),1e-06,-8.369325314978285e-09,-8.736422281190611e-09,-1.1423392676475283e-08,-5.6823549196936135e-09,-1.07541182377243e-08,-6.351629358444597e-09,-1.0343000519716755e-08,-6.762747076452141e-09,-1.0281095959883198e-08,-6.824651636285698e-09
m4-v2,c06,67,1,np.float64(4.204692619390966),np.float64(-0.16351100147025147),True,False,False,0.8906122146412708,2.127560350118074e-10,np.float64(5.748863407346787e-05),1e-06,1.9312627339264488e-10,1.9629761619162523e-11,3.7788224669293386e-10,-1.6512621168112646e-10,3.9848764229298443e-10,-1.8573160728117704e-10,4.922725131344468e-10,-2.795164781226394e-10,5.048543787414151e-10,-2.9209834372960767e-10
m4-v2,c06,71,1,np.float64(4.2626798770413155),np.float64(-0.16102884271275783),True,False,False,0.8893887603324485,-2.6982065470804173e-09,np.float64(5.057775230221566e-05),1e-06,-1.8132409918290156e-09,-8.849655552514017e-10,-2.3792107406825043e-09,-3.1899580639791296e-10,-2.4059169064333424e-09,-2.9228964064707494e-10,-2.3210710497652354e-09,-3.7713549731518185e-10,-2.3000544004871663e-09,-3.9815214659325104e-10
m4-v2,c06,73,1,np.float64(4.290459441148391),np.float64(-0.1598425863444375),True,False,False,0.8621186385425944,-7.42022998601044e-10,np.float64(4.918775866933739e-05),1e-06,-1.0095730779485143e-09,2.675500793474702e-10,-1.081819073807891e-09,3.3979607520684705e-10,-1.1526162924297532e-09,4.1059329382870917e-10,-1.2069651710410699e-09,4.6494217244002585e-10,-1.2246657710025305e-09,4.826427724014865e-10
m4-v2,c06,79,1,np.float64(4.3694478524670215),np.float64(-0.15648155106679665),True,False,False,0.838937192939411,6.401290608692989e-10,np.float64(4.830569815361004e-05),1e-06,1.7487336353143975e-09,-1.1086045744450986e-09,2.1307510442762103e-09,-1.4906219834069114e-09,1.8768655095898136e-09,-1.2367364487205147e-09,1.7798070744663676e-09,-1.1396780135970687e-09,1.7745896574356629e-09,-1.134460596566364e-09
m4-v2,c06,3,4,np.float64(4.394449154672439),np.float64(-0.03885546139622887),True,False,False,0.20843785383860064,7.813706570658496e-09,np.float64(1.2228584347261036e-05),1e-06,-1.8364823960158906e-09,9.650188966674386e-09,9.131227552149074e-10,6.900583815443589e-09,8.410372931828223e-10,6.972669277475674e-09,1.277025616020022e-09,6.536680954638474e-09,1.2356608395180681e-09,6.578045731140428e-09
m4-v2,c06,83,1,np.float64(4.418840607796598),np.float64(-0.15439008898017337),True,False,False,0.7900061148279444,3.12104408983771e-09,np.float64(4.8841130674530355e-05),1e-06,4.1935804286235355e-10,2.7016860469753566e-09,1.2423259987174035e-09,1.8787180911203064e-09,1.3598672719088847e-09,1.7611768179288254e-09,1.3774749178006293e-09,1.7435691720370808e-09,1.346591038648891e-09,1.7744530511888192e-09
m4-v2,c06,89,1,np.float64(4.48863636973214),np.float64(-0.15145009428891956),True,False,False,0.7862668854291887,2.562218437418551e-09,np.float64(4.668977876456117e-05),1e-06,3.5387228261627207e-09,-9.765043887441698e-10,3.278877462593641e-09,-7.166590251750901e-10,3.3338200369295235e-09,-7.716015995109727e-10,3.1718808064075626e-09,-6.096623689890117e-10,3.1717356359870144e-09,-6.095171985684636e-10
m4-v2,c06,97,1,np.float64(4.574710978503383),np.float64(-0.14785224441209735),True,False,False,0.748349147452568,5.6027313899420506e-09,np.float64(4.864724454477183e-05),1e-06,6.705414756254532e-09,-1.1026833663124814e-09,6.7332091284320574e-09,-1.1304777384900069e-09,6.819752013898971e-09,-1.21702062395692e-09,6.834463434218361e-09,-1.2317320442763102e-09,6.860059138238233e-09,-1.2573277482961828e-09
m4-v2,c06,101,1,np.float64(4.61512051684126),np.float64(-0.14617479278578105),True,False,False,0.7413200942764547,-1.4304085138583389e-08,np.float64(5.847664279633505e-05),1e-06,-1.1566786158005776e-08,-2.7372989805776132e-09,-1.2747301891477987e-08,-1.556783247105402e-09,-1.2592613707516809e-08,-1.7114714310665804e-09,-1.2398407262799867e-08,-1.905677875783522e-09,-1.2377042827219937e-08,-1.9270423113634515e-09
m4-v2,c06,103,1,np.float64(4.634728988229636),np.float64(-0.145363663339395),True,False,False,0.7285131941796168,-1.6904861732669474e-08,np.float64(4.481897884374524e-05),1e-06,-1.539879369897085e-08,-1.5060680336986224e-09,-1.6526733827172947e-08,-3.7812790549652704e-10,-1.625125205523809e-08,-6.536096774313829e-10,-1.6231383690028695e-08,-6.734780426407791e-10,-1.6250430747080285e-08,-6.544309855891891e-10
m4-v2,c06,107,1,np.float64(4.672828834461906),np.float64(-0.14379312149769535),True,False,False,0.7195015685990344,7.940570423414783e-10,np.float64(4.4736834016780835e-05),1e-06,3.708771126487344e-09,-2.9147140841458658e-09,2.188273638230373e-09,-1.3942165958888945e-09,2.124499943443917e-09,-1.3304429011024385e-09,2.004398302949446e-09,-1.2103412606079678e-09,2.0353779578778947e-09,-1.2413209155364163e-09
m4-v2,c06,109,1,np.float64(4.6913478822291435),np.float64(-0.14303243005044233),True,False,False,0.7195640159964958,1.893455592316684e-08,np.float64(4.505668048302661e-05),1e-06,1.9316020517294594e-08,-3.814645941277533e-10,2.0021702644004066e-08,-1.087146720837226e-09,1.9550131582130724e-08,-6.155756589638832e-10,1.9480669056815967e-08,-5.461131336491267e-10,1.95046651302717e-08,-5.70109207104859e-10
m4-v2,c06,113,1,np.float64(4.727387818712341),np.float64(-0.14155725660115417),True,False,False,0.7241591596023775,-2.0521242150017827e-08,np.float64(4.351188329009658e-05),1e-06,-2.0175504210367236e-08,-3.4573793965059106e-10,-2.126922096062574e-08,7.479788106079141e-10,-2.0723292285932154e-08,2.0205013591432783e-10,-2.0588984860927462e-08,6.774271090963552e-11,-2.059149593822912e-08,7.025378821129469e-11
m4-v2,c06,11,2,np.float64(4.795790545596741),np.float64(-0.06938852466955447),True,False,False,0.3414214150029746,7.731300266655694e-09,np.float64(2.3008208916019593e-05),1e-06,7.2544408847882e-09,4.768593818674943e-10,6.493689501513051e-09,1.237610765142643e-09,7.726961999262939e-09,4.3382673927551996e-12,7.869645933114454e-09,-1.3834566645875955e-10,7.865662365841804e-09,-1.343620991861099e-10
m4-v2,c06,5,3,np.float64(4.828313737302301),np.float64(-0.04582150488104508),True,False,False,0.2237272721804576,-2.5605320186361524e-07,np.float64(1.4959319676845285e-05),1e-06,-2.5209008180942924e-07,-3.963120054186e-09,-2.583851723412959e-07,2.331970477680678e-09,-2.583347884821608e-07,2.281586618545572e-09,-2.5754428293668195e-07,1.4910810730667024e-09,-2.574618507728789e-07,1.4086489092636405e-09
m4-v2,c06,127,1,np.float64(4.844187086458591),np.float64(-0.13682617124428062),True,False,False,0.6709013628015225,1.0435407804543217e-07,np.float64(5.196787601405698e-05),1e-06,1.0252086209369104e-07,1.833215951741135e-09,1.0172194739823926e-07,2.6321306471929157e-09,1.019927741683185e-07,2.3613038771136724e-09,1.0185317464767717e-07,2.500903397755008e-09,1.0188109552145364e-07,2.4729825239785377e-09
m4-v2,c06,2,7,np.float64(4.852030263919617),np.float64(-0.01950161612988795),True,False,False,0.09560597766918191,-2.709732574990298e-07,np.float64(7.474636540170997e-06),1e-06,-2.724647650569013e-07,1.4915075578715256e-09,-2.7792546165799706e-07,6.952204158967273e-09,-2.752371689115996e-07,4.263911412569803e-09,-2.726884193740924e-07,1.715161875062605e-09,-2.725172964284233e-07,1.5440389293934905e-09
m4-v2,c06,131,1,np.float64(4.875197323201151),np.float64(-0.1355834491603077),True,False,False,0.6548846831447971,-1.2939461524474893e-07,np.float64(4.28663065934801e-05),1e-06,-1.2956037619465827e-07,1.657609499093397e-10,-1.308313972092276e-07,1.4367819644786591e-09,-1.3003746546489462e-07,6.428502201456891e-10,-1.2992191405275472e-07,5.272988080057828e-10,-1.2994082705200713e-07,5.46211807258194e-10
m4-v2,c06,137,1,np.float64(4.919980925828125),np.float64(-0.13379912176069506),True,False,False,0.6301201253546861,-4.894608606198503e-07,np.float64(4.2358964428447697e-05),1e-06,-4.849518852204499e-07,-4.508975399400353e-09,-4.872942390664444e-07,-2.1666215534059027e-09,-4.877675570844399e-07,-1.6933035354103478e-09,-4.875847053524261e-07,-1.876155267424226e-09,-4.875537443292675e-07,-1.907116290582821e-09
m4-v2,c06,139,1,np.float64(4.9344739331306915),np.float64(-0.13322434272608064),True,False,False,0.6278795795579358,5.268307872174915e-07,np.float64(5.081435062429543e-05),1e-06,5.261471973876336e-07,6.835898298578978e-10,5.279672430487668e-07,-1.1364558312752497e-09,5.28743026368773e-07,-1.9122391512814253e-09,5.28700093289316e-07,-1.86930607182445e-09,5.286623924678527e-07,-1.8316052503611373e-09
m4-v2,c07,2,1,np.float64(0.6931471805599453),np.float64(-0.1560129290391036),True,True,True,1.2344694623534813,1.2161405216204457e-10,np.float64(4.7881662713358316e-05),1e-06,-1.1564263843044528e-11,1.331783160050891e-10,-1.8374888553489136e-12,1.234515410173935e-10,1.2509849925905285e-12,1.2036306716945405e-10,1.3895334710910857e-11,1.0771871745113371e-10,1.458100785346348e-11,1.0703304430858109e-10
m4-v2,c07,3,1,np.float64(1.0986122886681098),np.float64(-0.20189889986939866),True,True,True,1.5389594491464091,-2.1408919081977729e-10,np.float64(6.301485481720972e-05),1e-06,-8.90732758262971e-12,-2.0518186323714757e-10,-2.1632452486362943e-11,-1.9245673833341434e-10,-1.870563069015088e-11,-1.953835601296264e-10,-3.130517372031879e-11,-1.827840170994585e-10,-2.4846028267435416e-11,-1.8924316255234188e-10
m4-v2,c07,2,2,np.float64(1.3862943611198906),np.float64(-0.1103178000763258),True,False,False,0.8312387093706876,-5.924438717386238e-11,np.float64(4.126047287749442e-05),1e-06,-2.7395263584438086e-11,-3.184912358942429e-11,-2.3018750760148704e-11,-3.6225636413713674e-11,-4.9740482779404096e-11,-9.503904394458282e-12,-5.276926437095721e-11,-6.47512280290517e-12,-5.362859503290329e-11,-5.615792140959089e-12
m4-v2,c07,5,1,np.float64(1.6094379124341003),np.float64(-0.22910752440522542),True,True,True,1.704643126416297,-8.722689237572467e-12,np.float64(7.946992815498491e-05),1e-06,-1.6212909101276573e-11,7.490219863704105e-12,-1.482828321725042e-11,6.105593979677951e-12,-3.1620191406278686e-11,2.2897502168706218e-11,-3.455965922712948e-11,2.5836969989557013e-11,-3.548480560098576e-11,2.676211636341329e-11
m4-v2,c07,7,1,np.float64(1.9459101490553132),np.float64(-0.23411211608563706),True,True,True,1.7160702951089186,-2.543676380639681e-10,np.float64(9.150508826589527e-05),1e-06,-9.075174714043736e-12,-2.452924633499244e-10,-8.514115409399332e-13,-2.5351622652302816e-10,-2.0551859522929292e-11,-2.3381577854103884e-10,-1.941844118341337e-11,-2.3494919688055473e-10,-2.255896660576465e-11,-2.3180867145820348e-10
m4-v2,c07,2,3,np.float64(2.0794415416798357),np.float64(-0.0780064645195518),True,False,False,0.5483504350906779,7.016940362092328e-10,np.float64(2.466649333355517e-05),1e-06,-6.876682947254484e-11,7.704608656817776e-10,-9.305492681960192e-11,7.947489630288347e-10,-1.7411378172930595e-10,8.758078179385387e-10,-2.0516771554877763e-10,9.068617517580104e-10,-2.1568273004067235e-10,9.173767662499051e-10
m4-v2,c07,3,2,np.float64(2.1972245773362196),np.float64(-0.1165663841886866),True,False,False,0.8354701152836884,-3.4506741908302274e-10,np.float64(3.8408630318713554e-05),1e-06,1.4889225386634722e-10,-4.9395967294937e-10,1.757607159848768e-10,-5.208281350678995e-10,1.6742139479419184e-10,-5.124888138772146e-10,1.7172897195348007e-10,-5.167963910365028e-10,1.5758103266929157e-10,-5.026484517523143e-10
m4-v2,c07,11,1,np.float64(2.3978952727983707),np.float64(-0.23013570108523157),True,True,True,1.633856872316054,-1.1012524225861853e-10,np.float64(7.19514697314072e-05),1e-06,-1.4141204258787458e-11,-9.598403799983107e-11,4.037617561573163e-12,-1.1416285982019169e-10,1.4867148809575186e-11,-1.2499239106819372e-10,2.7981430655403344e-11,-1.3810667291402188e-10,3.196880379665925e-11,-1.4209404605527779e-10
m4-v2,c07,13,1,np.float64(2.5649493574615367),np.float64(-0.22644213759952758),True,True,True,1.5446352221488848,2.346827177035493e-10,np.float64(7.812599024125515e-05),1e-06,1.3129243264173032e-11,2.215534744393763e-10,-3.184011587500148e-12,2.3786672929104944e-10,-3.867391596016933e-11,2.7335663366371865e-10,-5.964373838794862e-11,2.9432645609149794e-10,-6.338564558645914e-11,2.9806836329000844e-10
m4-v2,c07,2,4,np.float64(2.772588722239781),np.float64(-0.0551589000381629),True,False,False,0.36234533540951025,-2.601228343834805e-09,np.float64(1.865795927150856e-05),1e-06,-3.2022299024536244e-11,-2.569206044810269e-09,-1.0408428981270542e-10,-2.4971440540220995e-09,-2.1839350082573632e-10,-2.3828348430090686e-09,-2.5820696650182173e-10,-2.343021377332983e-09,-2.939405919163595e-10,-2.3072877519184456e-09
m4-v2,c07,17,1,np.float64(2.833213344056216),np.float64(-0.21872828371837585),True,True,True,1.489701035387973,-7.523326406300157e-11,np.float64(8.584455406715801e-05),1e-06,-5.8158438933072816e-11,-1.7074825129928754e-11,-9.351703871330358e-11,1.8283774650302005e-11,-5.219052789972312e-11,-2.304273616327845e-11,-6.0413844185656e-11,-1.4819419877345576e-11,-4.766893771205058e-11,-2.756432635095099e-11
m4-v2,c07,19,1,np.float64(2.9444389791664403),np.float64(-0.21501852841127717),True,True,True,1.4069053153288997,2.2169888147516303e-10,np.float64(6.953800167230637e-05),1e-06,1.7007446996717936e-10,5.162441150798368e-11,1.7835114959150483e-10,4.3347731883658204e-11,2.032429296549077e-10,1.845595182025533e-11,1.951601671848149e-10,2.6538714290348137e-11,2.0035846402512e-10,2.1340417450043047e-11
m4-v2,c07,23,1,np.float64(3.1354942159291497),np.float64(-0.20810964733659634),True,True,True,1.329198042884427,5.446376682982645e-10,np.float64(8.705169019165635e-05),1e-06,-8.773359845241192e-11,6.323712667506765e-10,-1.0959958446751961e-10,6.542372527657841e-10,-1.6546665127576422e-10,7.101043195740287e-10,-1.7363717605501742e-10,7.18274844353282e-10,-1.8612355335736002e-10,7.307612216556246e-10
m4-v2,c07,5,2,np.float64(3.2188758248682006),np.float64(-0.10245999974535523),True,False,False,0.6500915939225843,3.684761384903368e-10,np.float64(3.195314683736008e-05),1e-06,4.099029551035119e-11,3.2748584297998557e-10,-5.140988594634593e-12,3.7361712708497135e-10,-7.03780265776563e-11,4.388541650679931e-10,-8.534239010621576e-11,4.5381852859655254e-10,-1.1076360170513204e-10,4.792397401954688e-10
m4-v2,c07,3,3,np.float64(3.295836866004329),np.float64(-0.06729963328979954),True,False,False,0.4185120828443462,-1.9099245518461316e-09,np.float64(2.502576223019253e-05),1e-06,-6.709051272493152e-10,-1.2390194245968164e-09,-7.071862451904682e-10,-1.2027383066556633e-09,-8.826661106108412e-10,-1.0272584412352905e-09,-8.649971732073943e-10,-1.0449273786387373e-09,-9.055427077370614e-10,-1.0043818441090703e-09
m4-v2,c07,29,1,np.float64(3.367295829986474),np.float64(-0.1990363509339811),True,True,True,1.2210358346673675,-8.462127665254116e-10,np.float64(7.186873855048643e-05),1e-06,1.2654394909830988e-10,-9.727567156237215e-10,1.291269847239718e-10,-9.753397512493833e-10,1.8789057206303261e-10,-1.0341033385884442e-09,1.7863078136314016e-10,-1.0248435478885516e-09,1.9779231500655065e-10,-1.0440050815319623e-09
m4-v2,c07,31,1,np.float64(3.4339872044851463),np.float64(-0.1963215403858554),True,True,True,1.210448291736596,-1.0201299804890596e-09,np.float64(6.699927502809633e-05),1e-06,-4.5563125082282786e-11,-9.745668554067768e-10,-9.282051805542865e-11,-9.27309462433631e-10,5.726756890371221e-12,-1.0258567373794308e-09,7.529486281040852e-12,-1.0276594667701005e-09,2.3052668657575722e-11,-1.0431826491466353e-09
m4-v2,c07,2,5,np.float64(3.4657359027997265),np.float64(-0.0390032322597759),True,False,False,0.2339076507014817,2.732796211546429e-10,np.float64(1.3113886543722648e-05),1e-06,1.1575969719011402e-09,-8.843173507464973e-10,1.1643168841446035e-09,-8.910372629899606e-10,1.2041770475793796e-09,-9.308974264247367e-10,1.2298350090707582e-09,-9.565553879161153e-10,1.166152433847737e-09,-8.92872812693094e-10
m4-v2,c07,37,1,np.float64(3.6109179126442243),np.float64(-0.1889586950119591),True,True,True,1.1252650721312036,-8.429239528595645e-10,np.float64(6.108110648896618e-05),1e-06,-6.323384014667948e-10,-2.1058555139276962e-10,-7.018233678893502e-10,-1.4110058497021424e-10,-7.08559983599401e-10,-1.343639692601635e-10,-7.146753638810589e-10,-1.2824858897850553e-10,-7.031880510070839e-10,-1.397359018524805e-10
m4-v2,c07,41,1,np.float64(3.713572066704308),np.float64(-0.184607803637099),True,True,True,1.0686103872071695,2.3305601892786854e-10,np.float64(5.645293178760576e-05),1e-06,-9.371437531328656e-11,3.267703942411551e-10,5.747091409835684e-11,1.755851048295117e-10,5.608472635152398e-11,1.7697129257634456e-10,1.1009961089677175e-10,1.2295640803109677e-10,1.0069928802249209e-10,1.3235673090537643e-10
m4-v2,c07,43,1,np.float64(3.7612001156935624),np.float64(-0.18257543342631882),True,True,True,1.0578561568780132,-7.956386660623593e-10,np.float64(7.766985193218106e-05),1e-06,4.074302243087128e-11,-8.363816884932306e-10,-7.577974527787712e-11,-7.198589207844823e-10,4.486582632010306e-11,-8.405044923824624e-10,2.6936148898419202e-11,-8.225748149607785e-10,4.580323909810691e-11,-8.414419051604663e-10
m4-v2,c07,47,1,np.float64(3.8501476017100584),np.float64(-0.17876338822837304),True,True,True,1.0353274843055316,6.584492950878484e-10,np.float64(5.466526545130143e-05),1e-06,1.6317739598871407e-10,4.952718990991344e-10,2.1578728234592484e-11,6.36870566853256e-10,4.260789037926646e-12,6.541885060499218e-10,-3.6385223108571674e-11,6.948345181964201e-10,-3.7518731367158275e-11,6.959680264550067e-10
m4-v2,c07,7,2,np.float64(3.8918202981106265),np.float64(-0.08848606258138285),True,False,False,0.5083568679056092,-1.8439805238301687e-10,np.float64(3.1920308943784386e-05),1e-06,-7.62657405216805e-11,-1.0813231186133638e-10,-3.7336972557038533e-10,1.8897167318736845e-10,-6.277159686379205e-10,4.433179162549036e-10,-7.373235980939403e-10,5.529255457109235e-10,-7.560615280225409e-10,5.71663475639524e-10
m4-v2,c07,53,1,np.float64(3.970291913552122),np.float64(-0.1735939685443537),True,False,False,0.9741944027538911,-1.6652100809366743e-09,np.float64(7.226986672954806e-05),1e-06,-9.006283283814584e-10,-7.645817525552159e-10,-1.1374736091643968e-09,-5.277364717722775e-10,-1.000271267662413e-09,-6.649388132742613e-10,-1.0359330242015284e-09,-6.292770567351459e-10,-9.982855419852753e-10,-6.66924538951399e-10
m4-v2,c07,59,1,np.float64(4.07753744390572),np.float64(-0.16897485378921837),True,False,False,0.9378030592517398,1.5879764170279032e-10,np.float64(6.206729382922851e-05),1e-06,-9.206230000834338e-10,1.079420641786224e-09,-6.838127309444608e-10,8.426103726472511e-10,-6.871531376376632e-10,8.459507793404536e-10,-5.826065215933246e-10,7.414041632961149e-10,-6.136441058033411e-10,7.724417475061314e-10
m4-v2,c07,61,1,np.float64(4.110873864173311),np.float64(-0.16754032791775322),True,False,False,0.9420548218300786,-2.766121998121207e-09,np.float64(5.214752145449117e-05),1e-06,-2.3450655799252227e-09,-4.210564181959844e-10,-2.499274612980982e-09,-2.668473851402249e-10,-2.532815686394724e-09,-2.333063117264829e-10,-2.5342926398138493e-09,-2.3182935830735774e-10,-2.524408902423858e-09,-2.4171309569734905e-10
m4-v2,c07,2,6,np.float64(4.1588830833596715),np.float64(-0.02757945001908145),True,False,False,0.15059631197504833,1.6064472196930524e-08,np.float64(8.749062072440296e-06),1e-06,1.4473596885442081e-08,1.5908753114884426e-09,1.527361446341536e-08,7.908577335151643e-10,1.614185897270621e-08,-7.738677577568705e-11,1.6247719667908065e-08,-1.8324747097754123e-10,1.6236830977378368e-08,-1.7235878044784422e-10
m4-v2,c07,67,1,np.float64(4.204692619390966),np.float64(-0.16351100147025147),True,False,False,0.8781429597015571,6.600786583987883e-11,np.float64(5.569105287162187e-05),1e-06,4.113818920569381e-10,-3.453740262170593e-10,6.07743093836614e-10,-5.417352279967352e-10,3.0715087860323823e-10,-2.411430127633594e-10,3.0065417619235565e-10,-2.346463103524768e-10,2.6828744907312037e-10,-2.0227958323324154e-10
m4-v2,c07,71,1,np.float64(4.2626798770413155),np.float64(-0.16102884271275783),True,False,False,0.845507033894188,3.377856216957298e-09,np.float64(5.7537998026317054e-05),1e-06,2.3953203281377736e-09,9.825358888195242e-10,2.7169840171256826e-09,6.608721998316153e-10,2.6398728113724728e-09,7.379834055848251e-10,2.7005485673763086e-09,6.773076495809893e-10,2.655266275974644e-09,7.22589940982654e-10
m4-v2,c07,73,1,np.float64(4.290459441148391),np.float64(-0.1598425863444375),True,False,False,0.8455488492066238,3.7816081377428645e-09,np.float64(5.4790129911954806e-05),1e-06,1.6404784139286443e-09,2.1411297238142204e-09,1.578606922811704e-09,2.2030012149311605e-09,1.8862241607733903e-09,1.895383976969474e-09,1.9051029408345117e-09,1.8765051969083528e-09,1.9231879775943693e-09,1.8584201601484952e-09
m4-v2,c07,79,1,np.float64(4.3694478524670215),np.float64(-0.15648155106679665),True,False,False,0.8221521997488671,-6.086181114639544e-09,np.float64(4.8466975094736244e-05),1e-06,-5.700357264154347e-09,-3.8582385048519706e-10,-5.803449079859741e-09,-2.8273203477980285e-10,-5.751217045195129e-09,-3.3496406944441503e-10,-5.693021707517176e-09,-3.9315940712236766e-10,-5.692723969538659e-09,-3.934571451008846e-10
m4-v2,c07,3,4,np.float64(4.394449154672439),np.float64(-0.03885546139622887),True,False,False,0.2040263422757213,3.735170617247263e-09,np.float64(1.1871648628717543e-05),1e-06,-2.6730558586925886e-09,6.408226475939852e-09,-1.5623531046414929e-09,5.297523721888756e-09,-1.1328505425172895e-09,4.868021159764553e-09,-9.947733733002695e-10,4.729943990547533e-09,-9.298256780083151e-10,4.664996295255579e-09
m4-v2,c07,83,1,np.float64(4.418840607796598),np.float64(-0.15439008898017337),True,False,False,0.8035993606799955,6.450122658208102e-10,np.float64(5.786444581408326e-05),1e-06,3.576136020347026e-10,2.8739866378610755e-10,7.4676975865417e-10,-1.017574928333598e-10,3.5161074106600366e-10,2.934015247548065e-10,3.6109617981347766e-10,2.839160860073325e-10,3.2247444072629974e-10,3.2253782509451044e-10
m4-v2,c07,89,1,np.float64(4.48863636973214),np.float64(-0.15145009428891956),True,False,False,0.7863123331330953,-1.1325942295137281e-08,np.float64(4.6769255901064674e-05),1e-06,-1.0590660970329423e-08,-7.352813248078579e-10,-1.097151591223271e-08,-3.544263829045719e-10,-1.0940600090088666e-08,-3.853422050486155e-10,-1.0927491507767306e-08,-3.9845078736997553e-10,-1.0910934084308698e-08,-4.150082108285834e-10
m4-v2,c07,97,1,np.float64(4.574710978503383),np.float64(-0.14785224441209735),True,False,False,0.7543526139764174,-6.422911758008354e-09,np.float64(4.642285561991191e-05),1e-06,-5.639364271390393e-09,-7.835474866179608e-10,-6.760242414579367e-09,3.373306565710131e-10,-6.514940048796447e-09,9.20282907880932e-11,-6.6700302006188875e-09,2.4711844261053357e-10,-6.589876791995409e-09,1.669650339870551e-10
m4-v2,c07,101,1,np.float64(4.61512051684126),np.float64(-0.14617479278578105),True,False,False,0.7403977525610627,2.4813073817853137e-09,np.float64(4.609467738181324e-05),1e-06,1.112883773247784e-09,1.3684236085375297e-09,2.204956236525497e-09,2.763511452598168e-10,2.479973418654076e-09,1.3339631312379203e-12,2.6303055716651966e-09,-1.4899818987988283e-10,2.6201716786911162e-09,-1.388642969058025e-10
m4-v2,c07,103,1,np.float64(4.634728988229636),np.float64(-0.145363663339395),True,False,False,0.7379983460728475,2.4431944467551148e-08,np.float64(4.72695070057228e-05),1e-06,2.3798865126032478e-08,6.330793415186701e-10,2.444875011601731e-08,-1.6805648466163463e-11,2.456304661225311e-08,-1.3110214470196272e-10,2.459358443962998e-08,-1.616399720788322e-10,2.4572588877779335e-08,-1.4064441022818774e-10
m4-v2,c07,107,1,np.float64(4.672828834461906),np.float64(-0.14379312149769535),True,False,False,0.7318865833740313,-2.886752770159262e-08,np.float64(4.443981006335397e-05),1e-06,-2.9315426781809102e-08,4.4789908021648114e-10,-2.9505807321228773e-08,6.382796196361513e-10,-2.9249696685881868e-08,3.821689842892468e-10,-2.914709643963802e-08,2.795687380453977e-10,-2.9140268324777103e-08,2.727406231844815e-10
m4-v2,c07,109,1,np.float64(4.6913478822291435),np.float64(-0.14303243005044233),True,False,False,0.7219913078443453,-2.999136516912415e-08,np.float64(4.963932818323077e-05),1e-06,-2.9635612243839448e-08,-3.557529252847034e-10,-2.9815311830386416e-08,-1.760533387377348e-10,-3.0251789424902776e-08,2.6042425577862495e-10,-3.020327465061894e-08,2.1190948149478992e-10,-3.024346469399869e-08,2.520995248745368e-10
m4-v2,c07,113,1,np.float64(4.727387818712341),np.float64(-0.14155725660115417),True,False,False,0.7088198594682039,1.3808549859106733e-08,np.float64(4.629958912661907e-05),1e-06,1.2386224081620984e-08,1.4223257774857492e-09,1.2584130127922117e-08,1.2244197311846161e-09,1.3113223728753683e-08,6.953261303530504e-10,1.3095461840491592e-08,7.130880186151416e-10,1.3150443683074102e-08,6.581061760326311e-10
m4-v2,c07,11,2,np.float64(4.795790545596741),np.float64(-0.06938852466955447),True,False,False,0.3440883637920061,-6.277541442223367e-08,np.float64(2.2708616808247344e-05),1e-06,-6.120218141574752e-08,-1.57323300648615e-09,-6.192778781355154e-08,-8.476266086821262e-10,-6.167584187048237e-08,-1.099572551751292e-09,-6.179861123561503e-08,-9.768031866186392e-10,-6.170490827980546e-08,-1.070506142428211e-09
m4-v2,c07,5,3,np.float64(4.828313737302301),np.float64(-0.04582150488104508),True,False,False,0.22458030287050376,4.162465296886353e-07,np.float64(1.403410931702399e-05),1e-06,4.170160932517793e-07,-7.695635631440077e-10,4.193396035256981e-07,-3.093073837062827e-09,4.208562700576141e-07,-4.609740368978824e-09,4.208402722347441e-07,-4.593742546108808e-09,4.2089304521832336e-07,-4.646515529688073e-09
m4-v2,c07,127,1,np.float64(4.844187086458591),np.float64(-0.13682617124428062),True,False,False,0.6560124057593585,-7.416326019971109e-08,np.float64(4.23413231020297e-05),1e-06,-7.15932135734802e-08,-2.570046626230884e-09,-7.331511285697166e-08,-8.481473427394273e-10,-7.410889397278288e-08,-5.436622692821232e-11,-7.422931810795386e-08,6.605790824276777e-11,-7.425985429577539e-08,9.65940960642966e-11
m4-v2,c07,2,7,np.float64(4.852030263919617),np.float64(-0.01950161612988795),True,False,False,0.09327895562109487,1.249785112733548e-06,np.float64(7.01775283976114e-06),1e-06,1.2432407719417723e-06,6.544340791775666e-09,1.2492475828671081e-06,5.375298664398617e-10,1.2572630637493793e-06,-7.477951015831354e-09,1.2574189426699102e-06,-7.633829936362249e-09,1.2578591239655846e-06,-8.074011232036666e-09
m4-v2,c07,131,1,np.float64(4.875197323201151),np.float64(-0.1355834491603077),True,False,False,0.6572590557786371,2.585374001551344e-07,np.float64(4.357651423741911e-05),1e-06,2.59323191341243e-07,-7.857911861086241e-10,2.592199674655405e-07,-6.825673104061005e-10,2.589086993759249e-07,-3.7129922079051623e-10,2.5873597834729163e-07,-1.98578192157251e-10,2.587471513710243e-07,-2.097512158899278e-10
m4-v2,c07,137,1,np.float64(4.919980925828125),np.float64(-0.13379912176069506),True,False,False,0.6402062165477768,7.809771582767411e-07,np.float64(4.4740712324330436e-05),1e-06,7.798560866078995e-07,1.1210716688415343e-09,7.836147475543262e-07,-2.6375892775851557e-09,7.830825370604026e-07,-2.105378783661515e-09,7.832994808995404e-07,-2.322322622799334e-09,7.83187568020977e-07,-2.2104097442358832e-09
m4-v2,c07,139,1,np.float64(4.9344739331306915),np.float64(-0.13322434272608064),True,False,False,0.6294816519372256,-8.123312278396355e-08,np.float64(5.246974774122447e-05),1e-06,-7.618935225420496e-08,-5.043770529758587e-09,-7.912190355969782e-08,-2.1112192242657356e-09,-7.943701683944961e-08,-1.7961059445139412e-09,-7.976519184316021e-08,-1.4679309408033404e-09,-7.970003999982681e-08,-1.5330827841367383e-09
m4-v2,c08,2,1,np.float64(0.6931471805599453),np.float64(-0.1560129290391036),True,True,True,1.2194807912233894,2.948914445966011e-10,np.float64(4.890992752167697e-05),1e-06,-1.6556595718368526e-11,3.1144804031496965e-10,-3.104186323958295e-11,3.2593330783618407e-10,-2.4099323539210116e-11,3.189907681358112e-10,-2.567305592662779e-11,3.2056450052322887e-10,-1.8440678278619052e-11,3.133321228752202e-10
m4-v2,c08,3,1,np.float64(1.0986122886681098),np.float64(-0.20189889986939866),True,True,True,1.5562792455506114,-6.040346001157104e-11,np.float64(6.421646632394023e-05),1e-06,-4.536302587613628e-12,-5.5867157423957416e-11,-7.671105366967359e-12,-5.273235464460368e-11,5.752119744277867e-12,-6.615557975584891e-11,-3.816481932829701e-13,-6.002181181828807e-11,-4.10728770589149e-12,-5.629617230567955e-11
m4-v2,c08,2,2,np.float64(1.3862943611198906),np.float64(-0.1103178000763258),True,False,False,0.8545377301761354,-4.760443150786386e-10,np.float64(3.514407122428678e-05),1e-06,1.6395417631045585e-12,-4.776838568417432e-10,-1.5873793755510765e-11,-4.601705213231279e-10,-4.8372400681332824e-11,-4.2767191439730585e-10,-3.3994017426527724e-11,-4.4205029765211094e-10,-1.7937738071694556e-11,-4.581065770069441e-10
m4-v2,c08,5,1,np.float64(1.6094379124341003),np.float64(-0.22910752440522542),True,True,True,1.6882425931145684,2.424231926312359e-10,np.float64(8.671930873845622e-05),1e-06,6.6548436590459975e-12,2.3576834897218993e-10,2.3262595743238202e-11,2.191605968879977e-10,9.457130936719703e-12,2.329660616945162e-10,1.5372677273758233e-11,2.2705051535747768e-10,1.5484461902214577e-11,2.2693873072902134e-10
m4-v2,c08,7,1,np.float64(1.9459101490553132),np.float64(-0.23411211608563706),True,True,True,1.693825551674742,4.29255297973441e-10,np.float64(7.402471012846248e-05),1e-06,1.4169947481415168e-11,4.150853504920258e-10,1.3843639580847006e-11,4.1541165839259396e-10,-1.3261669458348894e-11,4.425169674317899e-10,-3.819791470522616e-12,4.3307508944396357e-10,3.7284656710238245e-13,4.288824514063386e-10
m4-v2,c08,2,3,np.float64(2.0794415416798357),np.float64(-0.0780064645195518),True,False,False,0.5642964830271261,1.1424559076544938e-09,np.float64(3.179240866289609e-05),1e-06,1.0343025377691467e-10,1.039025653877579e-09,5.3996605190579575e-11,1.0884593024639142e-09,-3.8883035013981226e-11,1.181338942668475e-09,-7.92435690573759e-12,1.1503802645602314e-09,8.593238630434508e-12,1.1338626690240592e-09
m4-v2,c08,3,2,np.float64(2.1972245773362196),np.float64(-0.1165663841886866),True,False,False,0.8316082267131665,6.618638970223856e-11,np.float64(3.616106433939677e-05),1e-06,6.779965673103523e-11,-1.6132670287966778e-12,9.586958470725493e-11,-2.968319500501637e-11,1.0233412273120553e-10,-3.6147733028966976e-11,9.589536003350574e-11,-2.970897033126718e-11,7.399788530583194e-11,-7.811495603593383e-12
m4-v2,c08,11,1,np.float64(2.3978952727983707),np.float64(-0.23013570108523157),True,True,True,1.5984973986356086,-3.3761005102661557e-10,np.float64(8.802798110478485e-05),1e-06,-3.9504379996968565e-11,-2.98105671029647e-10,-4.242144336754828e-11,-2.951886076590673e-10,-4.8331312798096985e-11,-2.8927873822851856e-10,-4.443439012477878e-11,-2.931756609018368e-10,-3.5472155140902415e-11,-3.0213789588571314e-10
m4-v2,c08,13,1,np.float64(2.5649493574615367),np.float64(-0.22644213759952758),True,True,True,1.5427516711086664,-2.735570658884967e-10,np.float64(6.920025821889657e-05),1e-06,6.023670912642187e-11,-3.3379377501491857e-10,8.206858619293178e-11,-3.556256520814285e-10,7.661873525512874e-11,-3.5017580114362546e-10,7.51892802063815e-11,-3.487463460948782e-10,6.162611076134279e-11,-3.351831766498395e-10
m4-v2,c08,2,4,np.float64(2.772588722239781),np.float64(-0.0551589000381629),True,False,False,0.3696958386829585,1.9200507850314352e-10,np.float64(1.707653781236298e-05),1e-06,3.174673432206009e-10,-1.254622647174574e-10,1.2141195693200708e-10,7.059312157113644e-11,4.80537782987501e-11,1.4395130020439341e-10,5.686651679807543e-11,1.351385617050681e-10,5.5856557350167976e-11,1.3614852115297553e-10
m4-v2,c08,17,1,np.float64(2.833213344056216),np.float64(-0.21872828371837585),True,True,True,1.450064626045545,5.391642687868625e-10,np.float64(6.680446629152935e-05),1e-06,-9.736430286804631e-11,6.365285716549088e-10,-6.363376933754021e-11,6.027980381244027e-10,-1.729092352106895e-11,5.564551923079315e-10,-2.751343941919137e-11,5.666777082060539e-10,-2.7832962679974403e-11,5.66997231466837e-10
m4-v2,c08,19,1,np.float64(2.9444389791664403),np.float64(-0.21501852841127717),True,True,True,1.3893035493537218,1.4385603819278003e-11,np.float64(6.632528734524971e-05),1e-06,-6.574392637185027e-11,8.012953019112827e-11,-5.980925115040863e-11,7.419485496968663e-11,2.5103978299145565e-12,1.1875205989363446e-11,-1.486906520602182e-11,2.9254669025299826e-11,-2.0369093690994246e-11,3.475469751027225e-11
m4-v2,c08,23,1,np.float64(3.1354942159291497),np.float64(-0.20810964733659634),True,True,True,1.307069837714151,-4.341307313637799e-10,np.float64(8.800501827933632e-05),1e-06,1.4460089655056991e-10,-5.787316279143499e-10,1.397882212336534e-10,-5.739189525974332e-10,1.0665733935030095e-10,-5.407880707140809e-10,1.0963497661411225e-10,-5.437657079778922e-10,9.737684305717419e-11,-5.31507574420954e-10
m4-v2,c08,5,2,np.float64(3.2188758248682006),np.float64(-0.10245999974535523),True,False,False,0.6464414581445397,7.517646505306175e-10,np.float64(3.530437018447497e-05),1e-06,1.9844032012652003e-10,5.533243304040974e-10,1.5753279245694388e-10,5.942318580736736e-10,1.7749128902448004e-10,5.742733615061375e-10,1.5838202622772724e-10,5.933826243028902e-10,1.2947189886178888e-10,6.222927516688286e-10
m4-v2,c08,3,3,np.float64(3.295836866004329),np.float64(-0.06729963328979954),True,False,False,0.42428396603421425,3.332142339829147e-09,np.float64(2.646084777530748e-05),1e-06,6.080907945218697e-10,2.7240515453072774e-09,4.860145017147455e-10,2.846127838114402e-09,2.8787775743662347e-10,3.0442645823925237e-09,3.300668836978576e-10,3.0020754561312896e-09,3.290012859856287e-10,3.0031410538435187e-09
m4-v2,c08,29,1,np.float64(3.367295829986474),np.float64(-0.1990363509339811),True,True,True,1.2192065489949009,-6.989940848356468e-10,np.float64(7.971046800945142e-05),1e-06,-2.2338594260715534e-10,-4.756081422284915e-10,-1.7045266521112311e-10,-5.285414196245237e-10,-1.3267419115504559e-10,-5.663198936806012e-10,-1.367990138766525e-10,-5.621950709589944e-10,-1.301322056544777e-10,-5.688618791811691e-10
m4-v2,c08,31,1,np.float64(3.4339872044851463),np.float64(-0.1963215403858554),True,True,True,1.2064728023411833,1.332305377133025e-10,np.float64(6.012769744790097e-05),1e-06,-2.6855240614794433e-10,4.0178294386124684e-10,-1.7204082006623904e-10,3.0527135777954157e-10,-9.9827944177512e-11,2.330584818908145e-10,-1.1045256999711459e-10,2.436831077104171e-10,-1.0924056247048714e-10,2.4247110018378964e-10
m4-v2,c08,2,5,np.float64(3.4657359027997265),np.float64(-0.0390032322597759),True,False,False,0.23896464329850384,3.352816468904507e-09,np.float64(1.266932445157105e-05),1e-06,3.855249135465729e-11,3.3142639775498497e-09,-6.197350789805931e-10,3.9725515478851e-09,-3.440814194453595e-10,3.6968978883498663e-09,-4.358641555719697e-10,3.788680624476477e-09,-4.262629770055057e-10,3.779079445910013e-09
m4-v2,c08,37,1,np.float64(3.6109179126442243),np.float64(-0.1889586950119591),True,True,True,1.1446595968400177,-3.161061412626509e-10,np.float64(8.032145482776534e-05),1e-06,1.2529672780225515e-10,-4.4140286906490604e-10,5.754755007046768e-11,-3.736536913331186e-10,-6.874202987285321e-11,-2.473641113897977e-10,-3.5586225184961936e-11,-2.8051991607768897e-10,-1.2955297766828512e-11,-3.031508434958224e-10
m4-v2,c08,41,1,np.float64(3.713572066704308),np.float64(-0.184607803637099),True,True,True,1.082877115109071,1.4851964103002047e-10,np.float64(6.884492017174823e-05),1e-06,2.4210737723854305e-10,-9.358773620852259e-11,4.0783243623191866e-10,-2.593127952018982e-10,2.9876640333292026e-10,-1.502467623028998e-10,3.240168053849413e-10,-1.7549716435492082e-10,3.120952393073711e-10,-1.6357559827735063e-10
m4-v2,c08,43,1,np.float64(3.7612001156935624),np.float64(-0.18257543342631882),True,True,True,1.037787660861627,5.372526867830629e-10,np.float64(5.901351315235142e-05),1e-06,-4.665615927355025e-10,1.0038142795185653e-09,-6.011590952168712e-10,1.1384117819999342e-09,-5.23722073692622e-10,1.060974760475685e-09,-5.33360692902448e-10,1.070613379685511e-09,-5.045857932066589e-10,1.041838479989722e-09
m4-v2,c08,47,1,np.float64(3.8501476017100584),np.float64(-0.17876338822837304),True,True,True,1.0380240385572952,-2.366209450599399e-10,np.float64(6.592030077948631e-05),1e-06,-3.3191715612876763e-10,9.529621106882772e-11,-2.3640968517017887e-10,-2.1125988976104084e-13,-5.1051111641264114e-11,-1.855698334186758e-10,-9.315772754165002e-11,-1.434632175182899e-10,-1.1597356537408355e-10,-1.2064737968585635e-10
m4-v2,c08,7,2,np.float64(3.8918202981106265),np.float64(-0.08848606258138285),True,False,False,0.5059570785401375,-7.642042554323325e-10,np.float64(2.7689748672945804e-05),1e-06,3.726504656658641e-11,-8.014693019989189e-10,1.9434907468868003e-10,-9.585533301210125e-10,4.601402375170843e-10,-1.2243444929494168e-09,3.8421477252398433e-10,-1.1484190279563168e-09,3.1758561220916013e-10,-1.0817898676414927e-09
m4-v2,c08,53,1,np.float64(3.970291913552122),np.float64(-0.1735939685443537),True,False,False,0.984971955951296,-8.656537708873202e-10,np.float64(5.898205796801736e-05),1e-06,-4.239325658127106e-10,-4.417212050746096e-10,-5.076845004329925e-10,-3.579692704543277e-10,-5.776168788672673e-10,-2.880368920200529e-10,-5.499087153473229e-10,-3.157450555399973e-10,-5.100385739655336e-10,-3.556151969217866e-10
m4-v2,c08,59,1,np.float64(4.07753744390572),np.float64(-0.16897485378921837),True,False,False,0.9486058856366023,1.7959274067891329e-09,np.float64(5.578952433935535e-05),1e-06,1.1765971367127536e-09,6.193302700763793e-10,1.190426560412527e-09,6.055008463766059e-10,9.807123174866312e-10,8.152150893025017e-10,1.0105768015707077e-09,7.853506052184252e-10,9.964495118086326e-10,7.994778949805003e-10
m4-v2,c08,61,1,np.float64(4.110873864173311),np.float64(-0.16754032791775322),True,False,False,0.9247778450775268,5.956346527113965e-10,np.float64(5.433330326383971e-05),1e-06,8.614722174266351e-10,-2.658375647152386e-10,1.0749562648814454e-09,-4.793216121700489e-10,8.514085017568317e-10,-2.5577384904543525e-10,8.926182959381973e-10,-2.969836432268008e-10,8.814230778962913e-10,-2.8578842518489484e-10
m4-v2,c08,2,6,np.float64(4.1588830833596715),np.float64(-0.02757945001908145),True,False,False,0.15104923677742843,-1.30832222833277e-08,np.float64(1.0706707872408128e-05),1e-06,-7.027471253258431e-09,-6.055751030069269e-09,-8.995631010977939e-09,-4.087591272349761e-09,-7.859520492558885e-09,-5.223701790768815e-09,-8.028468352993416e-09,-5.054753930334284e-09,-7.83049057860221e-09,-5.2527317047254906e-09
m4-v2,c08,67,1,np.float64(4.204692619390966),np.float64(-0.16351100147025147),True,False,False,0.8872629756260777,-6.945219954701543e-10,np.float64(5.0323960611286384e-05),1e-06,1.6599113944786912e-09,-2.3544333899488456e-09,1.1644433943493727e-09,-1.858965389819527e-09,1.070653382087783e-09,-1.7651753775579372e-09,1.0653166597696058e-09,-1.75983865523976e-09,1.060181269855917e-09,-1.7547032653260712e-09
m4-v2,c08,71,1,np.float64(4.2626798770413155),np.float64(-0.16102884271275783),True,False,False,0.8700670158153849,-3.3295266543831303e-10,np.float64(5.616790874121263e-05),1e-06,-5.238300981731737e-10,1.9087743273486062e-10,-3.083420105156288e-10,-2.4610654922684258e-11,-1.7519429445868126e-11,-3.154332359924449e-10,-8.065385991523811e-11,-2.522988055230749e-10,-1.2558047708204715e-10,-2.073721883562659e-10
m4-v2,c08,73,1,np.float64(4.290459441148391),np.float64(-0.1598425863444375),True,False,False,0.8663395220689826,-1.3008006893855395e-09,np.float64(4.8815982445922066e-05),1e-06,-1.8560376574163577e-09,5.552369680308182e-10,-2.178083029492987e-09,8.772823401074476e-10,-2.0580375029762307e-09,7.572368135906912e-10,-2.0612973805047702e-09,7.604966911192307e-10,-2.009152656091917e-09,7.083519667063776e-10
m4-v2,c08,79,1,np.float64(4.3694478524670215),np.float64(-0.15648155106679665),True,False,False,0.8368195651595648,2.7181870088099913e-09,np.float64(5.350375440624953e-05),1e-06,2.6843639585996737e-09,3.382305021031763e-11,2.4634505394712328e-09,2.547364693387585e-10,2.0844976599005898e-09,6.336893489094016e-10,2.1402915036663874e-09,5.778955051436039e-10,2.1472412009885215e-09,5.709458078214699e-10
m4-v2,c08,3,4,np.float64(4.394449154672439),np.float64(-0.03885546139622887),True,False,False,0.20757950344450085,7.5963253465261e-09,np.float64(1.27960393161291e-05),1e-06,1.0511635380041806e-08,-2.9153100335157052e-09,9.853075318455857e-09,-2.2567499719297563e-09,8.086890554556045e-09,-4.905652080299447e-10,8.3859085028981e-09,-7.89583156372e-10,8.498002033302364e-09,-9.016766867762638e-10
m4-v2,c08,83,1,np.float64(4.418840607796598),np.float64(-0.15439008898017337),True,False,False,0.819686524889964,3.1048794646437727e-09,np.float64(4.716893974857498e-05),1e-06,2.4053150952069936e-09,6.995643694367792e-10,2.7447934720732128e-09,3.6008599257056e-10,2.7226673891736278e-09,3.8221207547014496e-10,2.700803457093839e-09,4.0407600754993355e-10,2.6360057471540005e-09,4.688737174897722e-10
m4-v2,c08,89,1,np.float64(4.48863636973214),np.float64(-0.15145009428891956),True,False,False,0.7675452763797137,4.318865265418026e-09,np.float64(4.609429036151309e-05),1e-06,2.771834692292465e-09,1.5470305731255611e-09,3.1181483974240975e-09,1.2007168679939285e-09,2.741230208361564e-09,1.577635057056462e-09,2.7957748828429035e-09,1.5230903825751224e-09,2.775696758194308e-09,1.543168507223718e-09
m4-v2,c08,97,1,np.float64(4.574710978503383),np.float64(-0.14785224441209735),True,False,False,0.751839605480271,1.317161935077138e-10,np.float64(5.110810269880825e-05),1e-06,-2.295336580287555e-09,2.4270527737952688e-09,-1.653369762482044e-09,1.7850859559897577e-09,-1.8080748015456482e-09,1.9397909950533622e-09,-1.7508497340313001e-09,1.882565927539014e-09,-1.714060709429122e-09,1.8457769029368358e-09
m4-v2,c08,101,1,np.float64(4.61512051684126),np.float64(-0.14617479278578105),True,False,False,0.7423435036902796,9.29751164946424e-09,np.float64(5.594304468901324e-05),1e-06,1.2504058132917751e-08,-3.2065464834535104e-09,1.165858705594984e-08,-2.3610754064855986e-09,1.0932265588106868e-08,-1.6347539386426278e-09,1.1021416852938287e-08,-1.7239052034740467e-09,1.1051257931392113e-08,-1.7537462819278727e-09
m4-v2,c08,103,1,np.float64(4.634728988229636),np.float64(-0.145363663339395),True,False,False,0.7390328478858291,-5.617627807374959e-09,np.float64(4.592255827893077e-05),1e-06,-4.381419458678384e-09,-1.2362083486965748e-09,-5.387955303256001e-09,-2.296725041189575e-10,-4.959584062568305e-09,-6.580437448066539e-10,-5.0101380995488045e-09,-6.074897078261541e-10,-4.959079550984085e-09,-6.585482563908737e-10
m4-v2,c08,107,1,np.float64(4.672828834461906),np.float64(-0.14379312149769535),True,False,False,0.7142229867772072,1.551411688005544e-08,np.float64(4.740841524332706e-05),1e-06,1.5343441631000462e-08,1.706752490549778e-10,1.609609455707358e-08,-5.819776770181393e-10,1.547871794831064e-08,3.539893174479946e-11,1.555058958113659e-08,-3.6472701081149474e-11,1.5523272944836864e-08,-9.15606478142429e-12
m4-v2,c08,109,1,np.float64(4.6913478822291435),np.float64(-0.14303243005044233),True,False,False,0.7076042917413198,6.926635043313922e-09,np.float64(4.9245018179801706e-05),1e-06,5.723418441893672e-09,1.2032166014202506e-09,5.653005671203352e-09,1.2736293721105705e-09,5.509978304898046e-09,1.4166567384158766e-09,5.48797507972783e-09,1.4386599635860921e-09,5.422304500783469e-09,1.5043305425304533e-09
m4-v2,c08,113,1,np.float64(4.727387818712341),np.float64(-0.14155725660115417),True,False,False,0.6930423957846449,-2.5215231014286132e-09,np.float64(4.370658193504858e-05),1e-06,-4.362290576567042e-09,1.8407674751384292e-09,-2.2478028291912167e-09,-2.737202722373965e-10,-2.575371397184639e-09,5.384829575602584e-11,-2.4943355417486655e-09,-2.7187559679947767e-11,-2.497940744248058e-09,-2.3582357180555092e-11
m4-v2,c08,11,2,np.float64(4.795790545596741),np.float64(-0.06938852466955447),True,False,False,0.34193337556804543,4.443208379001362e-08,np.float64(2.4271439840830883e-05),1e-06,4.387860509685583e-08,5.534786931577907e-10,4.8294131960853675e-08,-3.862048170840054e-09,4.692385830762831e-08,-2.491774517614688e-09,4.710318741899609e-08,-2.6711036289824676e-09,4.702672374094689e-08,-2.5946399509332695e-09
m4-v2,c08,5,3,np.float64(4.828313737302301),np.float64(-0.04582150488104508),True,False,False,0.22988208313498854,-5.217667653489855e-08,np.float64(1.4744846453874698e-05),1e-06,-4.725911045060372e-08,-4.917566084294825e-09,-5.1461503583918684e-08,-7.151729509798631e-10,-5.059182753721929e-08,-1.5848489976792543e-09,-5.05618835162757e-08,-1.6147930186228483e-09,-5.028037503358977e-08,-1.8963015013087795e-09
m4-v2,c08,127,1,np.float64(4.844187086458591),np.float64(-0.13682617124428062),True,False,False,0.6824762540167458,1.909544811162789e-08,np.float64(4.1783958779918756e-05),1e-06,2.0637268006212944e-08,-1.541819894585056e-09,1.834999425851185e-08,7.4545385311604e-10,1.9058508775837536e-08,3.693933579035258e-11,1.9004116061458964e-08,9.133205016892493e-11,1.9101486996169316e-08,-6.038884541428034e-12
m4-v2,c08,2,7,np.float64(4.852030263919617),np.float64(-0.01950161612988795),True,False,False,0.09678382903382819,2.2325100390574448e-07,np.float64(5.798039321952112e-06),1e-06,2.3801116338033485e-07,-1.4760159474590366e-08,2.250330783987888e-07,-1.7820744930443123e-09,2.2724782445593795e-07,-3.9968205501934685e-09,2.273781232200944e-07,-4.127119314349917e-09,2.2824929824462586e-07,-4.9982943388813755e-09
m4-v2,c08,131,1,np.float64(4.875197323201151),np.float64(-0.1355834491603077),True,False,False,0.6513354688821332,-3.0594925126692374e-07,np.float64(4.304245997915895e-05),1e-06,-3.0886624715299647e-07,2.9169958860727295e-09,-3.065831353307659e-07,6.338840638421772e-10,-3.0532142941724793e-07,-6.278218496758058e-10,-3.0541582407731736e-07,-5.334271896063757e-10,-3.0543341055779934e-07,-5.158407091243944e-10
m4-v2,c08,137,1,np.float64(4.919980925828125),np.float64(-0.13379912176069506),True,False,False,0.6477853300921148,-1.348619257379724e-07,np.float64(4.0713489628856036e-05),1e-06,-1.373067880991809e-07,2.4448623612085137e-09,-1.3712301128183128e-07,2.2610855438588783e-09,-1.3628898927759657e-07,1.4270635396241704e-09,-1.3641591113575558e-07,1.5539853977831763e-09,-1.36466642524097e-07,1.6047167861246036e-09
m4-v2,c08,139,1,np.float64(4.9344739331306915),np.float64(-0.13322434272608064),True,False,False,0.6311147016905317,-1.1016073486747047e-06,np.float64(4.5736074109341463e-05),1e-06,-1.1081610247263478e-06,6.553676051643132e-09,-1.1042365993893392e-06,2.6292507146344947e-09,-1.1030330067893218e-06,1.425658114617116e-09,-1.103088996724432e-06,1.4816480497274315e-09,-1.1030884133713402e-06,1.4810646966355033e-09
m4-v2,c09,2,1,np.float64(0.6931471805599453),np.float64(-0.1560129290391036),True,True,True,1.2290383686872752,1.236422075834298e-10,np.float64(4.889006391716593e-05),1e-06,5.179645644764753e-14,1.2359041112698217e-10,-1.575142270852287e-11,1.3939363029195268e-10,-1.7290904049786154e-11,1.4093311163321595e-10,-1.529060340483839e-11,1.389328109882682e-10,-5.839412137017804e-12,1.2948161972044762e-10
m4-v2,c09,3,1,np.float64(1.0986122886681098),np.float64(-0.20189889986939866),True,True,True,1.530956104292496,3.513656032794188e-11,np.float64(7.635672309215924e-05),1e-06,-1.0118135871648274e-11,4.5254696199590153e-11,-1.420586511314101e-12,3.655714683925598e-11,1.078379300835205e-13,3.502872239785836e-11,-3.7511132095141704e-12,3.888767353745605e-11,-2.5711145435899594e-13,3.5393671782300875e-11
m4-v2,c09,2,2,np.float64(1.3862943611198906),np.float64(-0.1103178000763258),True,False,False,0.8393225562308017,-2.0419299584517603e-10,np.float64(3.46472275156438e-05),1e-06,2.0337973715700997e-11,-2.2453096956087704e-10,4.539015512368219e-12,-2.0873201135754423e-10,-1.8290717242053995e-12,-2.0236392412097062e-10,7.847256576127875e-12,-2.120402524213039e-10,5.85801883161717e-12,-2.100510146767932e-10
m4-v2,c09,5,1,np.float64(1.6094379124341003),np.float64(-0.22910752440522542),True,True,True,1.7128765643664872,-7.230382959022563e-11,np.float64(7.064293180296743e-05),1e-06,1.3484207241919355e-11,-8.578803683214499e-11,1.0635298842803127e-11,-8.293912843302875e-11,1.0787352774182494e-11,-8.309118236440813e-11,1.3795422837391122e-11,-8.609925242761676e-11,5.700576392101032e-12,-7.800440598232667e-11
m4-v2,c09,7,1,np.float64(1.9459101490553132),np.float64(-0.23411211608563706),True,True,True,1.6936244010041122,-1.245787917270036e-10,np.float64(9.6599423670821e-05),1e-06,-1.829036894788049e-11,-1.0628842277912311e-10,-2.477409054072187e-12,-1.221013826729314e-10,-3.739384943654084e-12,-1.208394067833495e-10,-7.948444592275089e-12,-1.166303471347285e-10,-6.1973263738339004e-12,-1.183814653531697e-10
m4-v2,c09,2,3,np.float64(2.0794415416798357),np.float64(-0.0780064645195518),True,False,False,0.5503068844326803,1.3674934518093096e-09,np.float64(3.314496265317652e-05),1e-06,-8.323067049187292e-12,1.3758165188584969e-09,-1.6765011636140368e-11,1.38425846344545e-09,-4.559401782820346e-11,1.4130874696375131e-09,-3.639677967674967e-11,1.4038902314860593e-09,-3.825690296167293e-11,1.4057503547709825e-09
m4-v2,c09,3,2,np.float64(2.1972245773362196),np.float64(-0.1165663841886866),True,False,False,0.8336872414473959,-1.701462304382062e-10,np.float64(4.020033773212536e-05),1e-06,-3.942359821095365e-11,-1.3072263222725255e-10,-4.3940666964453635e-11,-1.2620556347375257e-10,-4.9228278499590125e-11,-1.2091795193861608e-10,-5.873923373060256e-11,-1.1140699670760365e-10,-5.960543569764022e-11,-1.1054079474056598e-10
m4-v2,c09,11,1,np.float64(2.3978952727983707),np.float64(-0.23013570108523157),True,True,True,1.605986548158889,-3.714806240395774e-11,np.float64(9.75705035776534e-05),1e-06,2.8228234631224825e-11,-6.537629703518256e-11,5.124921694694379e-11,-8.839727935090153e-11,5.7662994846712907e-11,-9.481105725067064e-11,6.180587217719709e-11,-9.895393458115483e-11,5.326683341659464e-11,-9.041489582055238e-11
m4-v2,c09,13,1,np.float64(2.5649493574615367),np.float64(-0.22644213759952758),True,True,True,1.546525963249739,-2.037260360410187e-10,np.float64(6.866997443325127e-05),1e-06,3.7297786803463966e-11,-2.4102382284448265e-10,3.8864451918410976e-11,-2.4259048795942964e-10,4.3898522016107066e-11,-2.4762455805712574e-10,4.79667673358293e-11,-2.5169280337684796e-10,3.388799670807166e-11,-2.3761403274909034e-10
m4-v2,c09,2,4,np.float64(2.772588722239781),np.float64(-0.0551589000381629),True,False,False,0.3700359092319057,3.037052609400348e-09,np.float64(1.724760323592329e-05),1e-06,-2.086567426734663e-10,3.2457093520738143e-09,-2.1572294253544901e-10,3.252775551935797e-09,-2.704263834573151e-10,3.307478992857663e-09,-2.848466429542041e-10,3.3218992523545523e-09,-2.3692779677139413e-10,3.2739804061717422e-09
m4-v2,c09,17,1,np.float64(2.833213344056216),np.float64(-0.21872828371837585),True,True,True,1.4297962962242299,-2.8294588894084427e-11,np.float64(7.233111368209536e-05),1e-06,-3.714532890850095e-11,8.850740014416525e-12,-7.758481727184726e-11,4.9290228377762834e-11,-7.956313022059491e-11,5.126854132651048e-11,-8.580996917473341e-11,5.7515380280648986e-11,-7.24156785260783e-11,4.412108963199387e-11
m4-v2,c09,19,1,np.float64(2.9444389791664403),np.float64(-0.21501852841127717),True,True,True,1.442878837716643,-1.0060730026850706e-09,np.float64(8.192846096889522e-05),1e-06,-5.847778863468007e-11,-9.475952140503905e-10,-1.0319200842624444e-10,-9.028809942588262e-10,-1.172410356136912e-10,-8.888319670713795e-10,-1.2300049482035676e-10,-8.830725078647138e-10,-1.0913926817921349e-10,-8.969337345058571e-10
m4-v2,c09,23,1,np.float64(3.1354942159291497),np.float64(-0.20810964733659634),True,True,True,1.3348390479901282,-7.166611748488094e-10,np.float64(6.73107422366447e-05),1e-06,-2.7097637908674335e-11,-6.89563536940135e-10,3.654207093607467e-11,-7.532032457848841e-10,3.074035897604698e-11,-7.474015338248564e-10,2.6947433694258284e-11,-7.436086085430678e-10,6.9555179664445035e-12,-7.23616692815254e-10
m4-v2,c09,5,2,np.float64(3.2188758248682006),np.float64(-0.10245999974535523),True,False,False,0.6570545046080143,2.288580436271559e-10,np.float64(3.383582138124849e-05),1e-06,-1.9054523578750143e-10,4.194032794146573e-10,-8.537933177015831e-11,3.142373753973142e-10,-7.136749963530146e-11,3.0022554326245735e-10,-1.0067853571887184e-10,3.2953657934602775e-10,-1.0213414330907616e-10,3.3099218693623204e-10
m4-v2,c09,3,3,np.float64(3.295836866004329),np.float64(-0.06729963328979954),True,False,False,0.424308721242119,-2.1938132421794876e-09,np.float64(2.1740288027916322e-05),1e-06,-2.3087862076126025e-10,-1.9629346214182275e-09,-3.0063739125780935e-10,-1.8931758509216783e-09,-4.083462793724809e-10,-1.7854669628070067e-09,-4.063594679863186e-10,-1.7874537741931689e-09,-3.8096540544506513e-10,-1.8128478367344224e-09
m4-v2,c09,29,1,np.float64(3.367295829986474),np.float64(-0.1990363509339811),True,True,True,1.2326912191582027,5.724807294882339e-10,np.float64(6.59962708124156e-05),1e-06,1.0835927935866216e-10,4.6412145012957174e-10,1.6604200738486724e-10,4.064387221033667e-10,1.816930399065e-10,3.9078768958173395e-10,1.885101036539352e-10,3.839706258342987e-10,1.598890116949712e-10,4.125917177932627e-10
m4-v2,c09,31,1,np.float64(3.4339872044851463),np.float64(-0.1963215403858554),True,True,True,1.2201036503607516,5.004701097988118e-10,np.float64(6.605644681732867e-05),1e-06,-9.66261586089813e-11,5.970962684077931e-10,-1.8472058392365473e-10,6.851906937224666e-10,-1.920698023102929e-10,6.925399121091047e-10,-2.0335026829902297e-10,7.038203780978348e-10,-1.8397299034855364e-10,6.844431001473655e-10
m4-v2,c09,2,5,np.float64(3.4657359027997265),np.float64(-0.0390032322597759),True,False,False,0.23988346256581464,-3.36064109873746e-09,np.float64(1.2274648451398507e-05),1e-06,-3.9461269124911467e-10,-2.9660284074883456e-09,-4.0318991817060574e-10,-2.9574511805668543e-09,-3.649451558108301e-10,-2.99569594292663e-09,-3.935826107109191e-10,-2.967058488026541e-09,-2.5815029418547505e-10,-3.102490804551985e-09
m4-v2,c09,37,1,np.float64(3.6109179126442243),np.float64(-0.1889586950119591),True,True,True,1.1256979376554117,-2.7039992467337015e-10,np.float64(5.795077271437739e-05),1e-06,-3.460597242475687e-11,-2.357939522486133e-10,7.838833296247636e-11,-3.487882576358465e-10,5.542289689684801e-11,-3.2582282157021816e-10,6.163027778635965e-11,-3.320302024597298e-10,4.638508991166412e-11,-3.1678501458503427e-10
m4-v2,c09,41,1,np.float64(3.713572066704308),np.float64(-0.184607803637099),True,True,True,1.091172426236231,1.0050515975024155e-10,np.float64(5.7754614296384176e-05),1e-06,-8.847779966448939e-11,1.8898295941473095e-10,-1.3962513285097172e-10,2.401302926012133e-10,-1.1108808230395756e-10,2.115932420541991e-10,-1.2855069020801885e-10,2.290558499582604e-10,-1.1971774260656467e-10,2.2022290235680622e-10
m4-v2,c09,43,1,np.float64(3.7612001156935624),np.float64(-0.18257543342631882),True,True,True,1.0725167235301654,1.2539069782491197e-09,np.float64(5.7891349171292695e-05),1e-06,-6.441413513361979e-11,1.3183211133827394e-09,5.462123935285551e-11,1.1992857388962641e-09,1.9233357878967473e-11,1.2346736203701522e-09,2.7535420014430533e-11,1.2263715582346891e-09,1.5566714347824223e-11,1.2383402639012954e-09
m4-v2,c09,47,1,np.float64(3.8501476017100584),np.float64(-0.17876338822837304),True,True,True,1.025810414212805,1.1559155854712344e-09,np.float64(6.591679480955523e-05),1e-06,4.306443664986041e-10,7.252712189726303e-10,2.6832592831212463e-10,8.875896571591098e-10,2.6230485723211786e-10,8.936107282391165e-10,2.845072105764242e-10,8.714083748948102e-10,2.707924767025032e-10,8.851231087687313e-10
m4-v2,c09,7,2,np.float64(3.8918202981106265),np.float64(-0.08848606258138285),True,False,False,0.4997473684402098,9.088925168043716e-10,np.float64(3.526280081240527e-05),1e-06,-3.378414049328295e-10,1.246733921737201e-09,-3.5776359342554406e-10,1.2666561102299156e-09,-4.479987729199774e-10,1.356891289724349e-09,-4.638352931568658e-10,1.3727278099612373e-09,-5.14384235642904e-10,1.4232767524472755e-09
m4-v2,c09,53,1,np.float64(3.970291913552122),np.float64(-0.1735939685443537),True,False,False,0.9757063930276907,1.1034284597144506e-11,np.float64(6.906502037027292e-05),1e-06,-6.310064344385053e-10,6.420407190356498e-10,-4.128107994418648e-10,4.238450840390093e-10,-4.0700319670314695e-10,4.1803748130029145e-10,-4.3332814465813277e-10,4.4436242925527727e-10,-4.2201711384841283e-10,4.3305139844555733e-10
m4-v2,c09,59,1,np.float64(4.07753744390572),np.float64(-0.16897485378921837),True,False,False,0.9507516238795539,-4.6460957303651185e-10,np.float64(6.497536317510814e-05),1e-06,-4.902349172657911e-10,2.562534422927921e-11,-3.473627666262297e-10,-1.1724680641028217e-10,-2.7708818517504967e-10,-1.8752138786146218e-10,-3.089294981981976e-10,-1.5568007483831426e-10,-3.0584947736346033e-10,-1.5876009567305152e-10
m4-v2,c09,61,1,np.float64(4.110873864173311),np.float64(-0.16754032791775322),True,False,False,0.9198409850639693,-7.951341807199697e-10,np.float64(5.090109604759151e-05),1e-06,-8.680125343332067e-10,7.287835361323705e-11,-7.679438984098252e-10,-2.7190282310144424e-11,-7.837680898585245e-10,-1.1366090861445212e-11,-8.190361491524002e-10,2.3901968432430574e-11,-8.296256334809625e-10,3.449145276099281e-11
m4-v2,c09,2,6,np.float64(4.1588830833596715),np.float64(-0.02757945001908145),True,False,False,0.15249594869057212,1.3017550148930468e-08,np.float64(1.1623023017503712e-05),1e-06,3.788072408547022e-09,9.229477740383445e-09,4.377031169997889e-09,8.64051897893258e-09,4.87574759560773e-09,8.141802553322738e-09,4.993243545098752e-09,8.024306603831717e-09,5.0940365369421625e-09,7.923513611988305e-09
m4-v2,c09,67,1,np.float64(4.204692619390966),np.float64(-0.16351100147025147),True,False,False,0.9049597388578592,6.782965300544674e-10,np.float64(4.956539089138486e-05),1e-06,-8.299494268051531e-10,1.5082459568596206e-09,-6.837711732195822e-10,1.3620677032740496e-09,-6.574768454236609e-10,1.3357733754781283e-09,-6.795248788007206e-10,1.357821408855188e-09,-6.343507507010271e-10,1.3126472807554945e-09
m4-v2,c09,71,1,np.float64(4.2626798770413155),np.float64(-0.16102884271275783),True,False,False,0.8708925742467153,1.3819287936200908e-09,np.float64(5.112486582274322e-05),1e-06,6.65045693812204e-10,7.168830998078868e-10,2.933788630489911e-10,1.0885499305710998e-09,3.658022186128543e-10,1.0161265750072366e-09,3.5740861802410996e-10,1.0245201755959809e-09,3.757645079498736e-10,1.0061642856702172e-09
m4-v2,c09,73,1,np.float64(4.290459441148391),np.float64(-0.1598425863444375),True,False,False,0.8580144709433779,2.6356374860370124e-09,np.float64(6.760741953006294e-05),1e-06,1.109593214516703e-09,1.5260442715203094e-09,1.4531410557082737e-09,1.1824964303287388e-09,1.569049248349846e-09,1.0665882376871664e-09,1.5990606106356834e-09,1.036576875401329e-09,1.579963681641956e-09,1.0556738043950564e-09
m4-v2,c09,79,1,np.float64(4.3694478524670215),np.float64(-0.15648155106679665),True,False,False,0.8281007272609904,1.1183498571654127e-11,np.float64(5.371036468025498e-05),1e-06,1.905275116577914e-09,-1.89409161800626e-09,1.8017466273217478e-09,-1.7905631287500936e-09,1.886868801773163e-09,-1.875685303201509e-09,1.9164571947494137e-09,-1.9052736961777596e-09,1.951394634003543e-09,-1.940211135431889e-09
m4-v2,c09,3,4,np.float64(4.394449154672439),np.float64(-0.03885546139622887),True,False,False,0.20161469512534871,-6.068888835919495e-09,np.float64(1.2025411836255815e-05),1e-06,-5.2930358499140465e-09,-7.758529860054483e-10,-2.8613707778132945e-09,-3.2075180581062003e-09,-3.0016609271049836e-09,-3.067227908814511e-09,-2.9909264438465946e-09,-3.0779623920729002e-09,-3.1997244301011843e-09,-2.8691644058183105e-09
m4-v2,c09,83,1,np.float64(4.418840607796598),np.float64(-0.15439008898017337),True,False,False,0.7854399344065065,1.5434966638139258e-09,np.float64(4.6742542400705304e-05),1e-06,8.067254093574776e-10,7.367712544564482e-10,1.91131530320677e-10,1.3523651334932488e-09,2.382100771104987e-10,1.305286586703427e-09,2.205009341310042e-10,1.3229957296829217e-09,2.598099838674778e-10,1.283686679946448e-09
m4-v2,c09,89,1,np.float64(4.48863636973214),np.float64(-0.15145009428891956),True,False,False,0.7847234516637054,-8.952486529878456e-10,np.float64(4.65663772997068e-05),1e-06,-4.972108695040409e-10,-3.980377834838047e-10,-9.412723682193455e-10,4.602371523149985e-11,-1.2071935541548266e-09,3.11944901166981e-10,-1.2021764054844111e-09,3.069277524965655e-10,-1.1837186681399332e-09,2.884700151520876e-10
m4-v2,c09,97,1,np.float64(4.574710978503383),np.float64(-0.14785224441209735),True,False,False,0.7549481898987688,2.6862674307182033e-09,np.float64(4.977636278793638e-05),1e-06,2.178835755729109e-09,5.074316749890943e-10,2.474891194372236e-09,2.1137623634596723e-10,2.5492824180795275e-09,1.3698501263867582e-10,2.583336192890709e-09,1.0293123782749441e-10,2.500275606917121e-09,1.859918238010822e-10
m4-v2,c09,101,1,np.float64(4.61512051684126),np.float64(-0.14617479278578105),True,False,False,0.737460781224396,5.532683200470956e-09,np.float64(5.768632965497775e-05),1e-06,4.804828783585612e-09,7.278544168853436e-10,5.5521498348165875e-09,-1.9466634345631623e-11,5.821955254293391e-09,-2.8927205382243553e-10,5.861046533926174e-09,-3.2836333345521783e-10,5.8560379155400926e-09,-3.2335471506913673e-10
m4-v2,c09,103,1,np.float64(4.634728988229636),np.float64(-0.145363663339395),True,False,False,0.732731405258345,-7.630918674728093e-09,np.float64(4.401777101786849e-05),1e-06,-8.814435126991499e-09,1.1835164522634058e-09,-7.635642527237504e-09,4.723852509410739e-12,-7.718164808555383e-09,8.724613382728985e-11,-7.724122943714882e-09,9.320426898678879e-11,-7.772837524691557e-09,1.4191884996346375e-10
m4-v2,c09,107,1,np.float64(4.672828834461906),np.float64(-0.14379312149769535),True,False,False,0.7121260678547919,-1.3107186336291932e-08,np.float64(4.750480629393272e-05),1e-06,-1.5228916943046957e-08,2.1217306067550258e-09,-1.5052612529607795e-08,1.9454261933158632e-09,-1.521067543907289e-08,2.103489102780959e-09,-1.525931756242103e-08,2.1521312261290975e-09,-1.530409153257414e-08,2.1969051962822096e-09
m4-v2,c09,109,1,np.float64(4.6913478822291435),np.float64(-0.14303243005044233),True,False,False,0.716188062815054,1.7921720774083383e-08,np.float64(4.336470623538226e-05),1e-06,2.0422447928045563e-08,-2.5007271539621805e-09,1.9266271348383747e-08,-1.344550574300364e-09,1.935365404127461e-08,-1.431933267191227e-09,1.939058072755226e-08,-1.4688599534688768e-09,1.9444827532026633e-08,-1.52310675794325e-09
m4-v2,c09,113,1,np.float64(4.727387818712341),np.float64(-0.14155725660115417),True,False,False,0.7168260296507915,1.0918498993817138e-08,np.float64(4.298920019684696e-05),1e-06,1.3083231475998057e-08,-2.164732482180919e-09,1.2146193437985746e-08,-1.2276944441686072e-09,1.2052844609405674e-08,-1.134345615588536e-09,1.2101739302100906e-08,-1.1832403082837674e-09,1.2023968931154213e-08,-1.1054699373370749e-09
m4-v2,c09,11,2,np.float64(4.795790545596741),np.float64(-0.06938852466955447),True,False,False,0.34051930069958813,-7.244704680609004e-08,np.float64(2.911103909486007e-05),1e-06,-6.811466365791616e-08,-4.332383148173884e-09,-6.980876087341129e-08,-2.638285932678753e-09,-7.051120254137305e-08,-1.935844264716988e-09,-7.058961425351518e-08,-1.857432552574867e-09,-7.067398450189702e-08,-1.773062304193022e-09
m4-v2,c09,5,3,np.float64(4.828313737302301),np.float64(-0.04582150488104508),True,False,False,0.22841252104070406,1.8582246341658504e-07,np.float64(1.6368673714050534e-05),1e-06,1.867493700919692e-07,-9.269066753841512e-10,1.9077129758608695e-07,-4.948834169501914e-09,1.9176194183055034e-07,-5.939478413965302e-09,1.9199648109742392e-07,-6.174017680838884e-09,1.919470555864472e-07,-6.124592169862173e-09
m4-v2,c09,127,1,np.float64(4.844187086458591),np.float64(-0.13682617124428062),True,False,False,0.6807418071322363,-2.1121703996929142e-07,np.float64(4.980238766591343e-05),1e-06,-2.1448504176662524e-07,3.268001797333822e-09,-2.122193503065147e-07,1.0023103372232824e-09,-2.119033244911079e-07,6.862845218164817e-10,-2.120277861211031e-07,8.107461518116752e-10,-2.1202451668704334e-07,8.07476717751918e-10
m4-v2,c09,2,7,np.float64(4.852030263919617),np.float64(-0.01950161612988795),True,False,False,0.09674411898610259,1.3098147566559248e-06,np.float64(5.888495745910382e-06),1e-06,1.307754278776186e-06,2.060477879738838e-09,1.3145833120305503e-06,-4.7685553746254225e-09,1.3161073802389114e-06,-6.292623582986597e-09,1.3169458750328906e-06,-7.1311183769657835e-09,1.3169042906036532e-06,-7.0895339477283755e-09
m4-v2,c09,131,1,np.float64(4.875197323201151),np.float64(-0.1355834491603077),True,False,False,0.6637404626801406,2.542530985749636e-08,np.float64(4.105472854503297e-05),1e-06,2.9586581330947384e-08,-4.161271473451025e-09,2.7198966709214092e-08,-1.7736568517177337e-09,2.7316672803160416e-08,-1.8913629456640575e-09,2.7303547636348108e-08,-1.8782377788517496e-09,2.73651977094015e-08,-1.93988785190514e-09
m4-v2,c09,137,1,np.float64(4.919980925828125),np.float64(-0.13379912176069506),True,False,False,0.6459613940528767,-1.5638433359388415e-07,np.float64(4.0913928656243734e-05),1e-06,-1.5626450239365602e-07,-1.1983120022813265e-10,-1.5781779970195222e-07,1.43346610806807e-09,-1.577390721388795e-07,1.3547385449953486e-09,-1.5766942166209278e-07,1.285088068208628e-09,-1.577784928311404e-07,1.3941592372562448e-09
m4-v2,c09,139,1,np.float64(4.9344739331306915),np.float64(-0.13322434272608064),True,False,False,0.6446483977667038,1.748378744004242e-07,np.float64(4.026152553969717e-05),1e-06,1.782245466209043e-07,-3.3866722204801124e-09,1.749549800896697e-07,-1.1710568924548995e-10,1.7465876666292576e-07,1.7910773749844047e-10,1.747301968044581e-07,1.0767759596609145e-10,1.7464348984484036e-07,1.9438455558383734e-10
m4-v2,c10,2,1,np.float64(0.6931471805599453),np.float64(-0.1560129290391036),True,True,True,1.19410991641636,1.558080331420797e-10,np.float64(5.8895497879416776e-05),1e-06,-2.254000362521152e-11,1.7834803676729122e-10,-3.892115132619485e-11,1.9472918446827455e-10,-2.9589922249815464e-11,1.8539795539189516e-10,-2.361051810874002e-11,1.794185512508197e-10,-2.8147456843629916e-11,1.839554899857096e-10
m4-v2,c10,3,1,np.float64(1.0986122886681098),np.float64(-0.20189889986939866),True,True,True,1.5349062283396266,-3.8790526346588194e-11,np.float64(8.021653580361988e-05),1e-06,-8.828648400837306e-12,-2.996187794575089e-11,-1.3412831507665061e-11,-2.5377694838923133e-11,-1.4937184209773018e-11,-2.3853342136815176e-11,-1.7774359852175677e-11,-2.1016166494412517e-11,-1.9389944789065953e-11,-1.9400581557522242e-11
m4-v2,c10,2,2,np.float64(1.3862943611198906),np.float64(-0.1103178000763258),True,False,False,0.8387287272183657,-3.573337181705938e-10,np.float64(3.801988830405828e-05),1e-06,4.5321383523218254e-11,-4.02655101693812e-10,5.854599807021542e-11,-4.158797162408092e-10,5.259469043526228e-11,-4.0992840860585604e-10,4.3788058009614593e-11,-4.011217761802084e-10,3.565736400792468e-11,-3.9299108217851845e-10
m4-v2,c10,5,1,np.float64(1.6094379124341003),np.float64(-0.22910752440522542),True,True,True,1.681497276036879,-3.498390466205592e-10,np.float64(7.216633109335812e-05),1e-06,3.1390887774813193e-11,-3.812299343953724e-10,4.3096935489746686e-11,-3.929359821103059e-10,3.829533963755298e-11,-3.8813438625811217e-10,3.2824326981399454e-11,-3.8266337360195867e-10,2.96857922211304e-11,-3.795248388416896e-10
m4-v2,c10,7,1,np.float64(1.9459101490553132),np.float64(-0.23411211608563706),True,True,True,1.6828604214837186,-3.4964786621571875e-10,np.float64(7.46813629176482e-05),1e-06,7.085017992490187e-12,-3.5673288420820896e-10,8.541085453331475e-12,-3.581889516690502e-10,6.574648741240187e-13,-3.5030533108984275e-10,-5.4686461864592945e-12,-3.4417922002925943e-10,-7.144248201274293e-12,-3.4250361801444445e-10
m4-v2,c10,2,3,np.float64(2.0794415416798357),np.float64(-0.0780064645195518),True,False,False,0.5522125952823025,3.5826941413574787e-10,np.float64(2.5185499264298432e-05),1e-06,3.8141676283740193e-11,3.2012773785200765e-10,5.366130292856082e-11,3.0460811120718703e-10,6.393143116306564e-11,2.943379829726822e-10,8.698213052240344e-11,2.712872836133444e-10,9.654628250488249e-11,2.6172313163086535e-10
m4-v2,c10,3,2,np.float64(2.1972245773362196),np.float64(-0.1165663841886866),True,False,False,0.825062223710782,9.023639613303658e-10,np.float64(4.358122292271272e-05),1e-06,-5.0494916604481515e-11,9.528588779348474e-10,-7.24939781926585e-11,9.748579395230243e-10,-6.23141820844997e-11,9.646781434148654e-10,-4.2644349717486826e-11,9.450083110478527e-10,-3.382376884856275e-11,9.361877301789285e-10
m4-v2,c10,11,1,np.float64(2.3978952727983707),np.float64(-0.23013570108523157),True,True,True,1.5922540048588611,-4.617106696969131e-10,np.float64(9.526373906983097e-05),1e-06,-4.5250370815610494e-11,-4.164602988813026e-10,-7.42787890382055e-11,-3.8743188065870757e-10,-5.255914716881814e-11,-4.0915152252809497e-10,-3.8225337774027004e-11,-4.234853319228861e-10,-4.166768780668158e-11,-4.2004298189023154e-10
m4-v2,c10,13,1,np.float64(2.5649493574615367),np.float64(-0.22644213759952758),True,True,True,1.5685517623621466,6.600266999612359e-10,np.float64(6.846823542711168e-05),1e-06,4.320669395333835e-11,6.168200060078975e-10,6.685791227946386e-11,5.93168787681772e-10,6.662150082212132e-11,5.934051991391145e-10,6.418046038457263e-11,5.958462395766632e-10,6.441525902316051e-11,5.956114409380753e-10
m4-v2,c10,2,4,np.float64(2.772588722239781),np.float64(-0.0551589000381629),True,False,False,0.36439359111869707,1.6640817612767478e-09,np.float64(1.7065036155360112e-05),1e-06,1.1179322504879324e-11,1.6529024387718685e-09,-5.83512820764165e-11,1.7224330433531643e-09,-8.029104239171835e-11,1.744372803668466e-09,-8.429113536982283e-11,1.7483728966465706e-09,-1.0399053293214889e-10,1.7680722942088967e-09
m4-v2,c10,17,1,np.float64(2.833213344056216),np.float64(-0.21872828371837585),True,True,True,1.448405665949731,-2.5811630610661496e-10,np.float64(6.866652530068584e-05),1e-06,-2.4224215940604066e-11,-2.3389209016601087e-10,-3.837631696362736e-11,-2.197399891429876e-10,-5.0784802652455644e-11,-2.0733150345415932e-10,-5.904472033561219e-11,-1.9907158577100277e-10,-6.058308453063777e-11,-1.975332215759772e-10
m4-v2,c10,19,1,np.float64(2.9444389791664403),np.float64(-0.21501852841127717),True,True,True,1.3905269818356356,1.6012613457405678e-10,np.float64(6.49213332924885e-05),1e-06,2.956029655963758e-11,1.305658380144192e-10,2.5081969088996645e-11,1.3504416548506013e-10,7.47428018057835e-12,1.5265185439347843e-10,-2.2007073989670315e-12,1.623268419730238e-10,-6.8785506906220095e-12,1.670046852646788e-10
m4-v2,c10,23,1,np.float64(3.1354942159291497),np.float64(-0.20810964733659634),True,True,True,1.3167295164021924,5.778582057303083e-10,np.float64(8.360123187894777e-05),1e-06,1.1333654078555545e-10,4.6452166494475285e-10,1.5746498075599133e-10,4.20393224974317e-10,1.5855540109020065e-10,4.1930280464010765e-10,1.6651174144992553e-10,4.113464642803828e-10,1.6998056812541569e-10,4.078776376048926e-10
m4-v2,c10,5,2,np.float64(3.2188758248682006),np.float64(-0.10245999974535523),True,False,False,0.6429665844278084,-1.2682248584638955e-09,np.float64(3.153390647529723e-05),1e-06,1.5415767566704692e-10,-1.4223825341309426e-09,1.7688519345599136e-10,-1.4451100519198868e-09,1.0896383463413719e-10,-1.3771886930980328e-09,7.143057509343418e-11,-1.3396554335573297e-09,6.225823080022101e-11,-1.3304830892641166e-09
m4-v2,c10,3,3,np.float64(3.295836866004329),np.float64(-0.06729963328979954),True,False,False,0.4134141068631389,2.1612904799184207e-09,np.float64(2.3891613681297526e-05),1e-06,6.966621564381633e-10,1.4646283234802575e-09,9.606198739472597e-10,1.200670605971161e-09,8.851789305130165e-10,1.276111549405404e-09,8.597079506649804e-10,1.3015825292534404e-09,8.648565273757999e-10,1.2964339525426207e-09
m4-v2,c10,29,1,np.float64(3.367295829986474),np.float64(-0.1990363509339811),True,True,True,1.2327663070209574,9.911849119248473e-10,np.float64(6.126382909422042e-05),1e-06,1.0074642847576798e-10,8.904384834490793e-10,1.6445814417197355e-10,8.267267677528737e-10,1.6872123168036655e-10,8.224636802444807e-10,1.6370068008481948e-10,8.274842318400277e-10,1.6404169939049316e-10,8.271432125343541e-10
m4-v2,c10,31,1,np.float64(3.4339872044851463),np.float64(-0.1963215403858554),True,True,True,1.2248851850973506,7.576184124502561e-10,np.float64(6.754290193978466e-05),1e-06,-1.9469342355947275e-10,9.523118360097288e-10,-2.7770049556140714e-10,1.0353189080116632e-09,-2.6485982364741463e-10,1.0224782360976708e-09,-2.4396197660587134e-10,1.0015803890561274e-09,-2.3647457812007235e-10,9.940929905703283e-10
m4-v2,c10,2,5,np.float64(3.4657359027997265),np.float64(-0.0390032322597759),True,False,False,0.23656072063736205,9.014411439522974e-10,np.float64(1.1803051288422857e-05),1e-06,4.2757618824781595e-10,4.738649557044814e-10,1.0197440623658213e-09,-1.183029184135239e-10,7.195079676781149e-10,1.819331762741825e-10,5.791000845120723e-10,3.223410594402251e-10,6.786562768919785e-10,2.2278486706031882e-10
m4-v2,c10,37,1,np.float64(3.6109179126442243),np.float64(-0.1889586950119591),True,True,True,1.133385589051643,8.931091421970905e-10,np.float64(5.75313974805722e-05),1e-06,-1.1036013032603354e-10,1.0034692725231241e-09,-2.529457606242709e-10,1.1460549028213614e-09,-1.7317586252408105e-10,1.0662850047211715e-09,-1.279732875726986e-10,1.021082429769789e-09,-1.435446215514532e-10,1.0366537637485436e-09
m4-v2,c10,41,1,np.float64(3.713572066704308),np.float64(-0.184607803637099),True,True,True,1.0949035494008927,1.9120527383620356e-10,np.float64(7.437124884164459e-05),1e-06,2.3222764102841204e-10,-4.1022367192208476e-11,3.5579448877350065e-10,-1.645892149372971e-10,2.5458358176939257e-10,-6.337830793318901e-11,2.0172987711082337e-10,-1.0524603274619809e-11,2.0709333160960132e-10,-1.588805777339776e-11
m4-v2,c10,43,1,np.float64(3.7612001156935624),np.float64(-0.18257543342631882),True,True,True,1.050015841376601,-6.680124231550622e-10,np.float64(6.0303012053952375e-05),1e-06,1.7565583961173793e-10,-8.436682627668001e-10,5.335586364544477e-11,-7.21368286800507e-10,9.419834927273045e-11,-7.622107724277926e-10,1.0429806922363806e-10,-7.723104923787002e-10,7.103524466394368e-11,-7.390476678190059e-10
m4-v2,c10,47,1,np.float64(3.8501476017100584),np.float64(-0.17876338822837304),True,False,False,0.9974317590930091,1.340279220940488e-09,np.float64(7.307189270710368e-05),1e-06,3.0879171082437714e-10,1.0314875101161107e-09,4.800383670783839e-10,8.60240853862104e-10,4.452747955852371e-10,8.950044253552508e-10,4.012533818905748e-10,9.39025839049913e-10,3.936547300196644e-10,9.466244909208234e-10
m4-v2,c10,7,2,np.float64(3.8918202981106265),np.float64(-0.08848606258138285),True,False,False,0.49075907790187306,-2.2814098388224124e-09,np.float64(2.6885472867754062e-05),1e-06,-2.694098816892771e-10,-2.0119999571331354e-09,-6.64676196483589e-10,-1.6167336423388236e-09,-4.4199668084038574e-10,-1.8394131579820267e-09,-3.0533944202088396e-10,-1.9760703968015286e-09,-3.261410528936896e-10,-1.9552687859287227e-09
m4-v2,c10,53,1,np.float64(3.970291913552122),np.float64(-0.1735939685443537),True,False,False,0.9572483999516513,-4.189728564085726e-10,np.float64(5.752640843503072e-05),1e-06,7.388626451005911e-11,-4.928591209186317e-10,-1.031531126286942e-10,-3.158197437798784e-10,-1.1807114253436383e-10,-3.009017138742088e-10,-1.0727731979304137e-10,-3.1169553661553123e-10,-1.1906992801494177e-10,-2.9990292839363085e-10
m4-v2,c10,59,1,np.float64(4.07753744390572),np.float64(-0.16897485378921837),True,False,False,0.9487763890808572,-1.3036600687854616e-09,np.float64(5.1198926976058704e-05),1e-06,-1.0869058124685176e-10,-1.1949694875386098e-09,1.0279797790610372e-10,-1.4064580466915653e-09,3.799776698364526e-11,-1.3416578357691068e-09,4.1144083270056367e-11,-1.344804152055518e-09,8.191288725119435e-11,-1.3855729560366559e-09
m4-v2,c10,61,1,np.float64(4.110873864173311),np.float64(-0.16754032791775322),True,False,False,0.9238228477466728,2.547992039581004e-09,np.float64(5.5907284748203896e-05),1e-06,1.6783077870697415e-09,8.696842525112626e-10,2.04644373989492e-09,5.015482996860842e-10,1.899239051061819e-09,6.487529885191851e-10,1.8480336376881768e-09,6.999584018928273e-10,1.8428683496373946e-09,7.051236899436095e-10
m4-v2,c10,2,6,np.float64(4.1588830833596715),np.float64(-0.02757945001908145),True,False,False,0.14838046366997704,-9.560028102484353e-09,np.float64(8.329891158448936e-06),1e-06,-1.2897772355351513e-08,3.3377442528671604e-09,-1.5065791027145636e-08,5.5057629246612835e-09,-1.4420422887648233e-08,4.860394785163881e-09,-1.4141215015751727e-08,4.581186913267375e-09,-1.4006214948031758e-08,4.446186845547406e-09
m4-v2,c10,67,1,np.float64(4.204692619390966),np.float64(-0.16351100147025147),True,False,False,0.8777117484483641,6.947455943873138e-10,np.float64(5.6926451556787015e-05),1e-06,1.2227051555021828e-09,-5.279595611148691e-10,1.721180969219744e-09,-1.0264353748324302e-09,1.5105915870231107e-09,-8.158459926357969e-10,1.4426290222437861e-09,-7.478834278564724e-10,1.4656088378372834e-09,-7.708632434499697e-10
m4-v2,c10,71,1,np.float64(4.2626798770413155),np.float64(-0.16102884271275783),True,False,False,0.8640792190281429,9.557172830909622e-10,np.float64(5.2038225344841134e-05),1e-06,6.456655456533196e-10,3.100517374376426e-10,1.1155962628653615e-09,-1.598789797743994e-10,8.692995643918158e-10,8.641771869914638e-11,7.617350905502372e-10,1.9398219254072498e-10,7.7899487228544e-10,1.767224108055222e-10
m4-v2,c10,73,1,np.float64(4.290459441148391),np.float64(-0.1598425863444375),True,False,False,0.8571393072939505,3.6229836908319157e-09,np.float64(4.9414474154418844e-05),1e-06,4.1262447523646803e-10,3.2103592155954476e-09,8.330782964088527e-10,2.7899053944230632e-09,6.945408203133069e-10,2.9284428705186088e-09,5.917808706955426e-10,3.031202820136373e-09,5.871506028976646e-10,3.035833087934251e-09
m4-v2,c10,79,1,np.float64(4.3694478524670215),np.float64(-0.15648155106679665),True,False,False,0.8336277863292596,-3.077723742528349e-09,np.float64(5.5633866318118026e-05),1e-06,-2.6975849223769933e-09,-3.8013882015135545e-10,-3.2065303600910995e-09,1.2880661756275072e-10,-3.212410817201334e-09,1.3468707467298529e-10,-3.2331323966001565e-09,1.554086540718077e-10,-3.2336217305713724e-09,1.5589798804302363e-10
m4-v2,c10,3,4,np.float64(4.394449154672439),np.float64(-0.03885546139622887),True,False,False,0.2045612096932042,1.2106378566301146e-08,np.float64(1.319217614020017e-05),1e-06,1.0275219365346534e-08,1.8311592009546122e-09,9.160752061084796e-09,2.9456265052163503e-09,9.371869452921288e-09,2.734509113379858e-09,9.31840770619947e-09,2.7879708601016766e-09,9.07168591539378e-09,3.034692650907365e-09
m4-v2,c10,83,1,np.float64(4.418840607796598),np.float64(-0.15439008898017337),True,False,False,0.8060886222220816,2.2245005837362442e-10,np.float64(4.654897268278248e-05),1e-06,-2.36672622564001e-10,4.591226809376254e-10,5.008617201206069e-10,-2.784116617469825e-10,2.8304196514312303e-10,-6.059190676949862e-11,2.286146228071144e-10,-6.164564433489977e-12,2.807853310042184e-10,-5.833527263059399e-11
m4-v2,c10,89,1,np.float64(4.48863636973214),np.float64(-0.15145009428891956),True,False,False,0.7868439916305174,8.277829532943315e-10,np.float64(4.6932671974796496e-05),1e-06,1.522894203786528e-09,-6.951112504921965e-10,5.546226451757214e-10,2.731603081186101e-10,7.96164300602522e-10,3.161865269180952e-11,8.868670026766423e-10,-5.908404938231085e-11,8.372254919562846e-10,-9.44253866195312e-12
m4-v2,c10,97,1,np.float64(4.574710978503383),np.float64(-0.14785224441209735),True,False,False,0.7600548680131838,2.896664685891892e-09,np.float64(4.577603096515522e-05),1e-06,3.4200313885002703e-09,-5.233667026083782e-10,3.6554908162377937e-09,-7.588261303459016e-10,3.582804230066569e-09,-6.86139544174677e-10,3.4785287607603993e-09,-5.818640748685072e-10,3.4293858472213177e-09,-5.327211613294256e-10
m4-v2,c10,101,1,np.float64(4.61512051684126),np.float64(-0.14617479278578105),True,False,False,0.7342970352890182,-1.3393002706862944e-08,np.float64(5.478885674550753e-05),1e-06,-1.3596459590239605e-08,2.0345688337666107e-10,-1.3073751123476886e-08,-3.1925158338605775e-10,-1.2999812610759872e-08,-3.931900961030727e-10,-1.2984855239946422e-08,-4.0814746691652274e-10,-1.291874038452422e-08,-4.742623223387245e-10
m4-v2,c10,103,1,np.float64(4.634728988229636),np.float64(-0.145363663339395),True,False,False,0.7235625263517274,9.969069125759233e-09,np.float64(4.45337178825227e-05),1e-06,9.057223842707373e-09,9.118452830518605e-10,1.0327900698092041e-08,-3.58831572332808e-10,1.0387167511045013e-08,-4.180983852857795e-10,1.039290993749631e-08,-4.2384081173707737e-10,1.0379851046037731e-08,-4.107819202784976e-10
m4-v2,c10,107,1,np.float64(4.672828834461906),np.float64(-0.14379312149769535),True,False,False,0.7225835373752518,6.536412966440253e-09,np.float64(4.526683970664428e-05),1e-06,7.49863794572093e-09,-9.62224979280677e-10,5.6892659284773735e-09,8.471470379628791e-10,6.025474281828028e-09,5.109386846122245e-10,6.1556309038071e-09,3.8078206263315254e-10,6.103567474621452e-09,4.328454918188008e-10
m4-v2,c10,109,1,np.float64(4.6913478822291435),np.float64(-0.14303243005044233),True,False,False,0.709251781389482,3.657911307186623e-09,np.float64(4.5414826342558795e-05),1e-06,1.596610644909981e-09,2.061300662276642e-09,2.8960027099484346e-09,7.619085972381886e-10,2.357809176353489e-09,1.3001021308331341e-09,2.156047299889774e-09,1.5018640072968493e-09,2.1686316916082902e-09,1.489279615578333e-09
m4-v2,c10,113,1,np.float64(4.727387818712341),np.float64(-0.14155725660115417),True,False,False,0.6918715399320492,-1.8956858305330115e-08,np.float64(4.2695412007162515e-05),1e-06,-2.0561754333487347e-08,1.6048960281572314e-09,-1.9680830051453226e-08,7.239717461231108e-10,-1.929084291097087e-08,3.33984605640753e-10,-1.9225075336043963e-08,2.682170307138473e-10,-1.9202898092791533e-08,2.4603978746141807e-10
m4-v2,c10,11,2,np.float64(4.795790545596741),np.float64(-0.06938852466955447),True,False,False,0.33541043413856103,1.5842454637038372e-07,np.float64(2.791476260129365e-05),1e-06,1.6134675257601533e-07,-2.9222062056316053e-09,1.6048872278871997e-07,-2.064176418336246e-09,1.6026651540141215e-07,-1.8419690310284225e-09,1.6016689153585113e-07,-1.7423451654674073e-09,1.599866335880482e-07,-1.5620872176644873e-09
m4-v2,c10,5,3,np.float64(4.828313737302301),np.float64(-0.04582150488104508),True,False,False,0.22406293453340068,-1.9718922195099964e-07,np.float64(1.7914407789085677e-05),1e-06,-1.8915921117653408e-07,-8.030010774465553e-09,-1.965753354541849e-07,-6.138864968147259e-10,-1.9603611698786808e-07,-1.1531049631315617e-09,-1.9606042177324602e-07,-1.1288001777536215e-09,-1.960841291662476e-07,-1.1050927847520425e-09
m4-v2,c10,127,1,np.float64(4.844187086458591),np.float64(-0.13682617124428062),True,False,False,0.6645434511481128,1.8422819048069528e-07,np.float64(4.0410182677163504e-05),1e-06,1.8126217167606865e-07,2.9660188046266272e-09,1.8448238011322011e-07,-2.541896325248387e-10,1.8384079401812595e-07,3.8739646256932067e-10,1.8370098460441408e-07,5.272058762811979e-10,1.83651856089972e-07,5.763343907232873e-10
m4-v2,c10,2,7,np.float64(4.852030263919617),np.float64(-0.01950161612988795),True,False,False,0.09519575766300982,4.491415872553972e-07,np.float64(5.7944518258871326e-06),1e-06,4.4601843515311715e-07,3.1231521022800652e-09,4.472132334176361e-07,1.9283538377611385e-09,4.4677115360855227e-07,2.3704336468449387e-09,4.4569262701768416e-07,3.448960237713054e-09,4.4503547759180463e-07,4.106109663592579e-09
m4-v2,c10,131,1,np.float64(4.875197323201151),np.float64(-0.1355834491603077),True,False,False,0.6583571362148259,1.1557321566435519e-07,np.float64(5.6715502103532466e-05),1e-06,1.171080180539346e-07,-1.5348023895794136e-09,1.1866923048032634e-07,-3.096014815971152e-09,1.1769604494038738e-07,-2.1228292760321956e-09,1.1745279133325803e-07,-1.8795756689028394e-09,1.1746089790129924e-07,-1.8876822369440547e-09
m4-v2,c10,137,1,np.float64(4.919980925828125),np.float64(-0.13379912176069506),True,False,False,0.6295916081954024,-1.1172338832965423e-06,np.float64(4.046583636092997e-05),1e-06,-1.1183948814582142e-06,1.1609981616719732e-09,-1.1188480173053342e-06,1.6141340087919242e-09,-1.1179538612487936e-06,7.199779522513718e-10,-1.1177974094586206e-06,5.635261620783569e-10,-1.1177543329436928e-06,5.204496471505308e-10
m4-v2,c10,139,1,np.float64(4.9344739331306915),np.float64(-0.13322434272608064),True,False,False,0.6329361564023483,-5.024558106248023e-07,np.float64(4.4267903498314164e-05),1e-06,-5.006310869168765e-07,-1.8247237079258174e-09,-5.051347121722782e-07,2.678901547475939e-09,-5.043255469852105e-07,1.869736360408229e-09,-5.042111569171191e-07,1.7553462923168299e-09,-5.042658270857102e-07,1.8100164609079418e-09
m4-v3,d01,2,1,np.float64(0.6931471805599453),np.float64(-0.1560129290391036),True,True,True,1.20356935878856,2.2158896939572514e-10,np.float64(5.216340767019081e-05),1e-06,1.6670680753367158e-13,2.2142226258819148e-10,-6.763946241390754e-12,2.2835291563711589e-10,5.843163857393486e-13,2.210046530099858e-10,-8.54704852624366e-12,2.301360179219688e-10,-1.7578539081820973e-11,2.391675084775461e-10
m4-v3,d01,3,1,np.float64(1.0986122886681098),np.float64(-0.20189889986939866),True,True,True,1.5160570661509576,1.2017409289910574e-10,np.float64(7.808714152547402e-05),1e-06,-2.8225418513580038e-11,1.483995114126858e-10,-4.403549561839399e-11,1.6420958851749974e-10,-4.5831393472917336e-11,1.6600548637202308e-10,-4.725253679300983e-11,1.6742662969211556e-10,-4.253248743935394e-11,1.6270658033845968e-10
m4-v3,d01,2,2,np.float64(1.3862943611198906),np.float64(-0.1103178000763258),True,False,False,0.8245221062931049,1.0434431096939534e-10,np.float64(3.338988118111805e-05),1e-06,-1.6992666153669968e-11,1.2133697712306532e-10,-1.4868608134578922e-11,1.1921291910397426e-10,-2.7493088561030093e-11,1.3183739953042542e-10,-3.391350914714441e-11,1.3825782011653975e-10,-2.3268567329612262e-11,1.276128782990076e-10
m4-v3,d01,5,1,np.float64(1.6094379124341003),np.float64(-0.22910752440522542),True,True,True,1.6994170917722207,-3.215883115359475e-11,np.float64(6.949026148428416e-05),1e-06,2.402320152956208e-11,-5.6182032683156826e-11,2.8995935377172558e-11,-6.11547665307673e-11,2.5622079604951732e-11,-5.778091075854648e-11,1.17873791073814e-11,-4.3946210260976146e-11,7.46101765422161e-12,-3.961984880781636e-11
m4-v3,d01,7,1,np.float64(1.9459101490553132),np.float64(-0.23411211608563706),True,True,True,1.6313573672348887,-1.8953394409493285e-10,np.float64(7.036459719752419e-05),1e-06,-1.4258267173976238e-11,-1.752756769209566e-10,-1.5820937284157606e-11,-1.7371300681077525e-10,-1.3996960596978875e-11,-1.7553698349795398e-10,-2.368315388892361e-11,-1.6585079020600923e-10,-2.5226052283579045e-11,-1.643078918113538e-10
m4-v3,d01,2,3,np.float64(2.0794415416798357),np.float64(-0.0780064645195518),True,False,False,0.5587748835682083,-5.185405438368207e-10,np.float64(2.3928299473782922e-05),1e-06,8.835739301100466e-11,-6.068979368478254e-10,1.0431392384374838e-10,-6.228544676805691e-10,1.019360038621086e-10,-6.204765476989293e-10,1.2118337828325013e-10,-6.397239221200708e-10,1.1753897006173495e-10,-6.360795138985556e-10
m4-v3,d01,3,2,np.float64(2.1972245773362196),np.float64(-0.1165663841886866),True,False,False,0.8191733764027894,3.0001712225669053e-10,np.float64(4.179811964725284e-05),1e-06,-5.535279708405734e-11,3.5536991934074785e-10,-6.59475857801824e-11,3.659647080368729e-10,-5.924334690930853e-11,3.5926046916599906e-10,-1.916767597709855e-11,3.191847982337891e-10,-8.795527794994597e-12,3.0881265005168515e-10
m4-v3,d01,11,1,np.float64(2.3978952727983707),np.float64(-0.23013570108523157),True,True,True,1.6046873827442025,-2.751721073224189e-10,np.float64(7.213314390848446e-05),1e-06,5.833566070100964e-14,-2.7523044298311995e-10,-1.3964880311892397e-11,-2.6120722701052655e-10,-3.4554710803276036e-12,-2.7171663624209133e-10,9.499971644933891e-12,-2.846720789673528e-10,5.727607531041185e-12,-2.808997148534601e-10
m4-v3,d01,13,1,np.float64(2.5649493574615367),np.float64(-0.22644213759952758),True,True,True,1.5275660681813605,1.2152145956179083e-10,np.float64(9.019584849689862e-05),1e-06,5.756651834523519e-11,6.395494121655565e-11,1.0789117678714989e-10,1.3630282774640947e-11,8.749414312148637e-11,3.4027316440304465e-11,7.862242654316801e-11,4.289903301862283e-11,8.544927098900807e-11,3.607218857278276e-11
m4-v3,d01,2,4,np.float64(2.772588722239781),np.float64(-0.0551589000381629),True,False,False,0.36974805668114147,1.8945163215988714e-09,np.float64(1.926031573180468e-05),1e-06,-1.957032647019365e-10,2.090219586300808e-09,-1.8317084524292538e-10,2.077687166841797e-09,-1.0838878930921841e-10,2.0029051109080896e-09,-9.454665951411408e-11,1.9890629811129854e-09,-1.1151879516566346e-10,2.0060351167645347e-09
m4-v3,d01,17,1,np.float64(2.833213344056216),np.float64(-0.21872828371837585),True,True,True,1.432995142551555,1.8178369920462956e-10,np.float64(7.102463582477288e-05),1e-06,-4.933112282518974e-11,2.311148220298193e-10,-4.867554708696459e-11,2.3045924629159413e-10,-2.935712191019661e-11,2.1114082111482617e-10,-3.016829682104615e-11,2.119519960256757e-10,-3.5683036115422024e-11,2.174667353200516e-10
m4-v3,d01,19,1,np.float64(2.9444389791664403),np.float64(-0.21501852841127717),True,True,True,1.4127885593722314,-4.0118230959507173e-10,np.float64(8.053505558929626e-05),1e-06,-3.465705645086981e-11,-3.665252531442019e-10,-9.664934163594108e-11,-3.0453296795913065e-10,-6.664715876192208e-11,-3.345351508331496e-10,-7.636243659158448e-11,-3.2481987300348723e-10,-9.225524922539646e-11,-3.0892706036967526e-10
m4-v3,d01,23,1,np.float64(3.1354942159291497),np.float64(-0.20810964733659634),True,True,True,1.3234541785280447,-1.634966606545163e-10,np.float64(6.24966000677768e-05),1e-06,-8.815787325519552e-12,-1.5468087332899673e-10,6.546711218147737e-12,-1.7004337187266402e-10,-3.313193747691777e-11,-1.3036472317759852e-10,-3.0162749497075907e-11,-1.3333391115744037e-10,-1.3180339070289036e-11,-1.5031632158422724e-10
m4-v3,d01,5,2,np.float64(3.2188758248682006),np.float64(-0.10245999974535523),True,False,False,0.6413425369738487,-3.043248986145386e-10,np.float64(3.5136765452354696e-05),1e-06,-5.529145105453208e-10,2.485896119307822e-10,-7.143198889002898e-10,4.0999499028575124e-10,-6.751972493780533e-10,3.708723507635147e-10,-6.459326799085626e-10,3.4160778129402404e-10,-6.386025974849688e-10,3.342776988704302e-10
m4-v3,d01,3,3,np.float64(3.295836866004329),np.float64(-0.06729963328979954),True,False,False,0.4114523529150089,-2.2730307636109615e-09,np.float64(2.2719469423664593e-05),1e-06,-2.989874068439512e-10,-1.97404335676701e-09,-4.405805057588343e-10,-1.8324502578521272e-09,-5.585129270344736e-10,-1.714517836576488e-09,-5.908804685307227e-10,-1.6821502950802388e-09,-5.496688002219758e-10,-1.7233619633889856e-09
m4-v3,d01,29,1,np.float64(3.367295829986474),np.float64(-0.1990363509339811),True,True,True,1.1975806695561177,8.851275268284553e-10,np.float64(7.019558141320195e-05),1e-06,2.4844110995149646e-10,6.366864168769589e-10,3.5373868360629217e-10,5.313888432221631e-10,3.161556010475775e-10,5.689719257808779e-10,2.7547420723418785e-10,6.096533195942675e-10,2.7587090373987404e-10,6.092566230885812e-10
m4-v3,d01,31,1,np.float64(3.4339872044851463),np.float64(-0.1963215403858554),True,True,True,1.2014934831332988,-1.4430201478177196e-10,np.float64(6.192871670148518e-05),1e-06,-1.265048993429064e-11,-1.316515248474813e-10,-6.867442768908843e-11,-7.562758709268353e-11,-4.0725549884533756e-11,-1.035764648972382e-10,-6.65626152430977e-12,-1.376457532574622e-10,-1.0778157402603433e-11,-1.3352385737916852e-10
m4-v3,d01,2,5,np.float64(3.4657359027997265),np.float64(-0.0390032322597759),True,False,False,0.23866817246811042,1.0955119034150584e-09,np.float64(1.5376528037094857e-05),1e-06,-4.582797449979297e-10,1.5537916484129882e-09,-1.000785020355248e-09,2.0962969237703064e-09,-1.1848010990948167e-09,2.2803130025098753e-09,-1.2966682767381491e-09,2.3921801801532078e-09,-1.2628283014752615e-09,2.35834020489032e-09
m4-v3,d01,37,1,np.float64(3.6109179126442243),np.float64(-0.1889586950119591),True,True,True,1.1104680745044249,1.5892374083392724e-09,np.float64(6.289862542451444e-05),1e-06,2.800360498891469e-10,1.3092013584501256e-09,4.85533531578476e-10,1.1037038767607964e-09,5.03986802954491e-10,1.0852506053847815e-09,5.274922998172928e-10,1.0617451085219795e-09,5.256871412539892e-10,1.0635502670852832e-09
m4-v3,d01,41,1,np.float64(3.713572066704308),np.float64(-0.184607803637099),True,True,True,1.0820107092278657,-1.467443833114146e-09,np.float64(5.5673821815827325e-05),1e-06,-5.698410396466903e-10,-8.976027934674556e-10,-8.834402814749491e-10,-5.840035516391969e-10,-8.548001979676082e-10,-6.126436351465378e-10,-8.591670583162257e-10,-6.082767747979203e-10,-8.64715006792464e-10,-6.02728826321682e-10
m4-v3,d01,43,1,np.float64(3.7612001156935624),np.float64(-0.18257543342631882),True,True,True,1.0703068803231806,-2.1845926179153707e-09,np.float64(5.905403048706817e-05),1e-06,-6.921452887236228e-10,-1.4924473291917478e-09,-9.112997550017364e-10,-1.2732928629136343e-09,-8.444740719729099e-10,-1.3401185459424608e-09,-7.858564477170208e-10,-1.3987361701983498e-09,-7.860138259095101e-10,-1.3985787920058606e-09
m4-v3,d01,47,1,np.float64(3.8501476017100584),np.float64(-0.17876338822837304),True,True,True,1.001991727292871,-4.966582700660638e-10,np.float64(5.811394399592488e-05),1e-06,-6.011897368887062e-10,1.045314668226424e-10,-9.446618985260933e-10,4.480036284600295e-10,-9.584623206989035e-10,4.6180405063283975e-10,-9.823956242694793e-10,4.857373542034155e-10,-9.81480254901198e-10,4.848219848351343e-10
m4-v3,d01,7,2,np.float64(3.8918202981106265),np.float64(-0.08848606258138285),True,False,False,0.4996739232590622,2.357528172680645e-09,np.float64(3.4850980356788066e-05),1e-06,2.04435225667244e-09,3.13175916008205e-10,2.452554467281124e-09,-9.502629460047876e-11,2.46497911099986e-09,-1.0745093831921462e-10,2.4727413532728177e-09,-1.1521318059217256e-10,2.45195000316067e-09,-9.442183048002475e-11
m4-v3,d01,53,1,np.float64(3.970291913552122),np.float64(-0.1735939685443537),True,False,False,0.9957755828291853,-9.204518258698613e-10,np.float64(7.262939225161324e-05),1e-06,-7.590344500782848e-10,-1.6141737579157652e-10,-1.0402832867960954e-09,1.1983146092623412e-10,-9.516278808200882e-10,3.117605495022688e-11,-8.78256597503534e-10,-4.219522836632725e-11,-8.81951503448727e-10,-3.8500322421134285e-11
m4-v3,d01,59,1,np.float64(4.07753744390572),np.float64(-0.16897485378921837),True,False,False,0.9333713440076331,-9.08651376363423e-10,np.float64(5.116966277562472e-05),1e-06,-4.846895766139798e-10,-4.2396179974944317e-10,-4.5365947307318027e-10,-4.549919032902427e-10,-6.037252287541504e-10,-3.049261476092726e-10,-6.21197965036331e-10,-2.8745341132709194e-10,-5.877534486837356e-10,-3.2089792767968733e-10
m4-v3,d01,61,1,np.float64(4.110873864173311),np.float64(-0.16754032791775322),True,False,False,0.943053637762296,-1.9921299054814767e-09,np.float64(5.0324676695456825e-05),1e-06,-7.271480230527547e-10,-1.264981882428722e-09,-1.3759896302416934e-09,-6.161402752397833e-10,-1.3583425848916231e-09,-6.337873205898536e-10,-1.4007968336224546e-09,-5.913330718590221e-10,-1.4148927420832081e-09,-5.772371633982686e-10
m4-v3,d01,2,6,np.float64(4.1588830833596715),np.float64(-0.02757945001908145),True,False,False,0.15050500047813545,2.2087610407339753e-08,np.float64(8.898984680683993e-06),1e-06,1.2425408176178669e-08,9.662202231161084e-09,1.649891746057159e-08,5.588692946768164e-09,1.642700533628137e-08,5.6606050710583814e-09,1.6477730733718124e-08,5.609879673621629e-09,1.6467239375216628e-08,5.620371032123125e-09
m4-v3,d01,67,1,np.float64(4.204692619390966),np.float64(-0.16351100147025147),True,False,False,0.8863736423456825,-3.484588395608057e-09,np.float64(5.3022995335782254e-05),1e-06,-1.412832754002818e-09,-2.071755641605239e-09,-2.134798835494861e-09,-1.3497895601131958e-09,-2.171553412562551e-09,-1.313034983045506e-09,-2.2122767729479034e-09,-1.2723116226601536e-09,-2.2120296517914306e-09,-1.2725587438166264e-09
m4-v3,d01,71,1,np.float64(4.2626798770413155),np.float64(-0.16102884271275783),True,False,False,0.8555421337087821,-1.5951280296633286e-09,np.float64(5.936089484325957e-05),1e-06,4.923449427573776e-10,-2.0874729724207062e-09,-2.2606167611755232e-10,-1.3690663535457763e-09,-1.2377779236808049e-10,-1.4713502372952482e-09,-1.9157963931860206e-10,-1.4035483903447265e-09,-2.3124432938503053e-10,-1.363883700278298e-09
m4-v3,d01,73,1,np.float64(4.290459441148391),np.float64(-0.1598425863444375),True,False,False,0.8687856824961386,1.301582619461783e-09,np.float64(5.097379293525751e-05),1e-06,6.939826090856256e-10,6.076000103761574e-10,4.888061402628001e-10,8.127764791989829e-10,5.959072088097653e-10,7.056754106520177e-10,5.243155685162379e-10,7.772670509455451e-10,4.880032687095133e-10,8.135793507522697e-10
m4-v3,d01,79,1,np.float64(4.3694478524670215),np.float64(-0.15648155106679665),True,False,False,0.8182438525033945,-4.772153561205528e-09,np.float64(4.753742331267469e-05),1e-06,-4.526694094287072e-09,-2.454594669184557e-10,-4.340599300145117e-09,-4.31554261060411e-10,-4.22618044762347e-09,-5.459731135820576e-10,-4.08454638321968e-09,-6.876071779858476e-10,-4.0633182489565806e-09,-7.088353122489471e-10
m4-v3,d01,3,4,np.float64(4.394449154672439),np.float64(-0.03885546139622887),True,False,False,0.20241275771939118,-2.2145246969529353e-08,np.float64(1.2506912907923874e-05),1e-06,-2.2734618669673177e-08,5.893717001438241e-10,-2.6167407833941212e-08,4.022160864411859e-09,-2.5383563927372398e-08,3.2383169578430452e-09,-2.4890175542838097e-08,2.744928573308744e-09,-2.4890576737035516e-08,2.7453297675061634e-09
m4-v3,d01,83,1,np.float64(4.418840607796598),np.float64(-0.15439008898017337),True,False,False,0.8151513813684008,-1.5613688120197367e-10,np.float64(4.855853224618124e-05),1e-06,-1.485277873456939e-10,-7.609093856279767e-12,3.576333002820615e-10,-5.137701814840352e-10,1.818252259342369e-10,-3.379621071362106e-10,8.614278237742896e-11,-2.422796635794026e-10,1.0121718489022837e-10,-2.5735406609220205e-10
m4-v3,d01,89,1,np.float64(4.48863636973214),np.float64(-0.15145009428891956),True,False,False,0.7718606051490635,3.795653791272002e-09,np.float64(4.5565928483212225e-05),1e-06,4.344561187052242e-09,-5.489073957802398e-10,4.183705169552315e-09,-3.880513782803131e-10,4.348732957894483e-09,-5.530791666224811e-10,4.420265793073207e-09,-6.24612001801205e-10,4.399067870530233e-09,-6.034140792582304e-10
m4-v3,d01,97,1,np.float64(4.574710978503383),np.float64(-0.14785224441209735),True,False,False,0.7540310004983805,2.6792326135449684e-09,np.float64(4.452473198730643e-05),1e-06,3.9638765393433365e-09,-1.284643925798368e-09,3.3867082686613295e-09,-7.07475655116361e-10,3.763111921033436e-09,-1.0838793074884673e-09,3.759308654598425e-09,-1.0800760410534567e-09,3.7013713773357186e-09,-1.0221387637907502e-09
m4-v3,d01,101,1,np.float64(4.61512051684126),np.float64(-0.14617479278578105),True,False,False,0.7418998149474649,2.2335536531414846e-08,np.float64(4.386350850832661e-05),1e-06,2.3539529468438455e-08,-1.2039929370236097e-09,2.3800433192383163e-08,-1.4648966609683168e-09,2.3525259910188025e-08,-1.1897233787731795e-09,2.3340922550394368e-08,-1.0053860189795222e-09,2.33245231485047e-08,-9.889866170898547e-10
m4-v3,d01,103,1,np.float64(4.634728988229636),np.float64(-0.145363663339395),True,False,False,0.7353007960652459,-1.4391163705163024e-08,np.float64(5.429861790729669e-05),1e-06,-1.2852460385812674e-08,-1.5387033193503497e-09,-1.4113851813927156e-08,-2.773118912358675e-10,-1.4389807724375861e-08,-1.3559807871624046e-12,-1.4451492403951129e-08,6.032869878810506e-11,-1.4420800322154204e-08,2.963661699118072e-11
m4-v3,d01,107,1,np.float64(4.672828834461906),np.float64(-0.14379312149769535),True,False,False,0.7278949962502756,-7.861886142102037e-09,np.float64(4.6492326736326974e-05),1e-06,-7.759959454010488e-09,-1.0192668809154855e-10,-8.087262530458159e-09,2.253763883561222e-10,-8.009889512582451e-09,1.480033704804139e-10,-7.852730387431203e-09,-9.155754670833617e-12,-7.832381124534707e-09,-2.9505017567329626e-11
m4-v3,d01,109,1,np.float64(4.6913478822291435),np.float64(-0.14303243005044233),True,False,False,0.714934186692014,-4.2461079319267014e-08,np.float64(4.9969659535972964e-05),1e-06,-4.2399003872063895e-08,-6.20754472031196e-11,-4.398733732783067e-08,1.5262580085636547e-09,-4.3771985038656845e-08,1.3109057193898306e-09,-4.368799781077109e-08,1.226918491504078e-09,-4.368043534831568e-08,1.2193560290486642e-09
m4-v3,d01,113,1,np.float64(4.727387818712341),np.float64(-0.14155725660115417),True,False,False,0.7108838431874421,5.903214539415558e-08,np.float64(4.3887768065277213e-05),1e-06,5.714427850606223e-08,1.8878668880933462e-09,5.8195305857587633e-08,8.368395365679439e-10,5.784100615584961e-08,1.1911392383059651e-09,5.761450811385846e-08,1.4176372802971187e-09,5.759674941009038e-08,1.435395984065199e-09
m4-v3,d01,11,2,np.float64(4.795790545596741),np.float64(-0.06938852466955447),True,False,False,0.3473817978600941,4.64339837691341e-08,np.float64(2.127351740534043e-05),1e-06,4.7117305996168105e-08,-6.833222270340032e-10,4.68656824114287e-08,-4.316986422945984e-10,4.815621729025367e-08,-1.7222335211195692e-09,4.826145685165497e-08,-1.8274730825208703e-09,4.8136573084483095e-08,-1.7025893153489932e-09
m4-v3,d01,5,3,np.float64(4.828313737302301),np.float64(-0.04582150488104508),True,False,False,0.22699747020688957,2.9696778769405796e-07,np.float64(1.5037759850126262e-05),1e-06,2.9364682383713177e-07,3.3209638569261914e-09,2.974287765102194e-07,-4.6098881616143134e-10,2.985334669375142e-07,-1.5656792434562504e-09,2.987549339920907e-07,-1.787146298032713e-09,2.9864562279273257e-07,-1.6778350986746074e-09
m4-v3,d01,127,1,np.float64(4.844187086458591),np.float64(-0.13682617124428062),True,False,False,0.661603896092978,6.046072531518121e-08,np.float64(4.849153399785783e-05),1e-06,6.52386893643766e-08,-4.777964049195389e-09,5.943149346538409e-08,1.0292318497971198e-09,6.026490261225625e-08,1.958227029249556e-10,6.033353456730073e-08,1.2719074788047426e-10,6.02508452817959e-08,2.0988003338530204e-10
m4-v3,d01,2,7,np.float64(4.852030263919617),np.float64(-0.01950161612988795),True,False,False,0.09386546159142359,-1.4966931332072164e-06,np.float64(5.65650062881389e-06),1e-06,-1.4441691818040462e-06,-5.2523951403170195e-08,-1.495389501571964e-06,-1.30363163525251e-09,-1.492327427363193e-06,-4.365705844023349e-09,-1.491599793133436e-06,-5.093340073780322e-09,-1.4916968389022428e-06,-4.9962943049736385e-09
m4-v3,d01,131,1,np.float64(4.875197323201151),np.float64(-0.1355834491603077),True,False,False,0.6456167798227325,-1.320431498585961e-07,np.float64(4.3832496789596944e-05),1e-06,-1.3287417547177652e-07,8.310256131804125e-10,-1.3266158376976816e-07,6.184339111720506e-10,-1.3202007232661462e-07,-2.3077531981491972e-11,-1.3197526462458025e-07,-6.788523401585797e-11,-1.3201889970164434e-07,-2.42501569517717e-11
m4-v3,d01,137,1,np.float64(4.919980925828125),np.float64(-0.13379912176069506),True,False,False,0.6517183301697308,-5.337214940004387e-07,np.float64(4.017118108133528e-05),1e-06,-5.345283568918156e-07,8.068628913768865e-10,-5.319414600463531e-07,-1.7800339540855444e-09,-5.32835025904824e-07,-8.864680956146697e-10,-5.328660673784262e-07,-8.554266220124511e-10,-5.32783502972222e-07,-9.379910282167043e-10
m4-v3,d01,139,1,np.float64(4.9344739331306915),np.float64(-0.13322434272608064),True,False,False,0.6439291380291786,1.730033643010387e-07,np.float64(5.4746823062958684e-05),1e-06,1.6795668714139926e-07,5.0466771596394245e-09,1.7291858840161734e-07,8.477589942134759e-11,1.733127463415546e-07,-3.093820405159043e-10,1.7338376288289785e-07,-3.8039858185916694e-10,1.7335378518652546e-07,-3.5042088548677535e-10
m4-v3,d02,2,1,np.float64(0.6931471805599453),np.float64(-0.1560129290391036),True,True,True,1.193052684773199,2.7060820251278983e-10,np.float64(4.801143390243945e-05),1e-06,1.2349205760395962e-11,2.582589967523939e-10,2.36559309768005e-11,2.4695227153598934e-10,2.1456645075260047e-11,2.491515574375298e-10,1.2211612812010017e-11,2.5839658970077984e-10,8.671776256616486e-12,2.6193642625617336e-10
m4-v3,d02,3,1,np.float64(1.0986122886681098),np.float64(-0.20189889986939866),True,True,True,1.5442582702770873,-4.746895099216886e-10,np.float64(6.361578937289372e-05),1e-06,-1.4234884184106793e-11,-4.604546257375818e-10,-2.8161405308383233e-11,-4.465281046133053e-10,-3.420334362667756e-11,-4.40486166295011e-10,-2.9345165973846865e-11,-4.453443439478417e-10,-2.4243269492067052e-11,-4.504462404296215e-10
m4-v3,d02,2,2,np.float64(1.3862943611198906),np.float64(-0.1103178000763258),True,False,False,0.8206151898697603,-2.1216006729218861e-10,np.float64(3.465474443757207e-05),1e-06,-2.1831224497253495e-11,-1.9032884279493512e-10,-3.0592419474527133e-11,-1.815676478176615e-10,-3.0452563750856685e-11,-1.8170750354133194e-10,-2.929451958756092e-11,-1.828655477046277e-10,-2.3905586762994017e-11,-1.8825448052919458e-10
m4-v3,d02,5,1,np.float64(1.6094379124341003),np.float64(-0.22910752440522542),True,True,True,1.6776085002189582,8.28918711448523e-10,np.float64(6.862400469332986e-05),1e-06,1.6128151315122722e-11,8.127905601334003e-10,3.569628770551225e-11,7.932224237430108e-10,4.059049580523445e-11,7.883282156432886e-10,3.164993110396255e-11,7.972687803445605e-10,2.6380041369875987e-11,8.025386700786471e-10
m4-v3,d02,7,1,np.float64(1.9459101490553132),np.float64(-0.23411211608563706),True,True,True,1.6742208867706891,4.2162273672374795e-11,np.float64(8.039121145367348e-05),1e-06,-2.1254872847701328e-11,6.341714652007613e-11,-1.5990167946840528e-11,5.815244161921532e-11,-2.2434459951604463e-11,6.459673362397926e-11,-2.8665967339877826e-11,7.082824101225263e-11,-2.761454601671385e-11,6.977681968908865e-11
m4-v3,d02,2,3,np.float64(2.0794415416798357),np.float64(-0.0780064645195518),True,False,False,0.5466751333868651,-3.1174197667738213e-09,np.float64(3.082610432676751e-05),1e-06,8.493638879119257e-11,-3.202356155565014e-09,9.971479748331043e-11,-3.217134564257132e-09,1.244732199812109e-10,-3.2418929867550322e-09,1.3644774105664552e-10,-3.253867507830467e-09,1.246184523779873e-10,-3.2420382191518086e-09
m4-v3,d02,3,2,np.float64(2.1972245773362196),np.float64(-0.1165663841886866),True,False,False,0.8328834467583666,2.327664727630463e-10,np.float64(3.523913029015699e-05),1e-06,-5.233255212930139e-13,2.3328979828433933e-10,-2.972774710209567e-11,2.62494219865142e-10,-3.9281850171411185e-11,2.7204832293445747e-10,-4.751752342962001e-11,2.8028399619266633e-10,-3.586594453506466e-11,2.6863241729811096e-10
m4-v3,d02,11,1,np.float64(2.3978952727983707),np.float64(-0.23013570108523157),True,True,True,1.6049477001056198,-1.8617563046774421e-10,np.float64(7.23227901718185e-05),1e-06,5.259476300123868e-11,-2.387703934689829e-10,7.477751201663731e-11,-2.6095314248438154e-10,9.010874629956991e-11,-2.7628437676731413e-10,8.107090915439392e-11,-2.6724653962213813e-10,7.602927720000127e-11,-2.622049076677455e-10
m4-v3,d02,13,1,np.float64(2.5649493574615367),np.float64(-0.22644213759952758),True,True,True,1.5486944290608908,-1.5896439720108901e-10,np.float64(8.476135435641794e-05),1e-06,-5.374879663385723e-11,-1.0521560056723178e-10,-7.794750490136365e-11,-8.101689229972536e-11,-8.760230256601954e-11,-7.136209463506947e-11,-7.325019293222552e-11,-8.57142042688635e-11,-6.955999049766694e-11,-8.940440670342207e-11
m4-v3,d02,2,4,np.float64(2.772588722239781),np.float64(-0.0551589000381629),True,False,False,0.3642758539383123,5.2138282580216355e-09,np.float64(1.6723000335512253e-05),1e-06,-3.6566238923790506e-10,5.579490647259541e-09,-4.467198440139416e-10,5.660548102035577e-09,-5.520688436246115e-10,5.765897101646247e-09,-5.546658418215987e-10,5.768494099843234e-09,-5.284089730127985e-10,5.742237231034434e-09
m4-v3,d02,17,1,np.float64(2.833213344056216),np.float64(-0.21872828371837585),True,True,True,1.4245196712288228,-9.310637816284384e-10,np.float64(6.616763885065569e-05),1e-06,-1.0157656366323025e-10,-8.294872179652081e-10,-1.2665863306364755e-10,-8.044051485647908e-10,-1.5489206381244762e-10,-7.761717178159907e-10,-1.4967410370869974e-10,-7.813896779197386e-10,-1.4366530932767295e-10,-7.873984723007654e-10
m4-v3,d02,19,1,np.float64(2.9444389791664403),np.float64(-0.21501852841127717),True,True,True,1.4089604687358863,3.969629069899838e-10,np.float64(6.688035208822058e-05),1e-06,1.6149040061049586e-11,3.808138669289342e-10,8.134965400127103e-11,3.156132529887128e-10,7.967121532792065e-11,3.172916916620632e-10,5.504817514286749e-11,3.419147318471163e-10,4.6627579076293e-11,3.5033532791369083e-10
m4-v3,d02,23,1,np.float64(3.1354942159291497),np.float64(-0.20810964733659634),True,True,True,1.3246646195354401,-5.875121500409364e-10,np.float64(6.225126116291026e-05),1e-06,9.573358346320894e-11,-6.832457335041453e-10,4.196262842424536e-11,-6.294747784651818e-10,6.131428077829461e-11,-6.488264308192309e-10,8.237599786362282e-11,-6.698881479045592e-10,8.669805121885975e-11,-6.742102012597961e-10
m4-v3,d02,5,2,np.float64(3.2188758248682006),np.float64(-0.10245999974535523),True,False,False,0.6467697128598197,-1.0978906672676203e-10,np.float64(3.939464428138068e-05),1e-06,-6.497194147412604e-11,-4.4817125252635985e-11,-2.3015602038425242e-10,1.203669536574904e-10,-2.859813797229599e-10,1.761923129961979e-10,-2.7633807128778594e-10,1.665490045610239e-10,-2.4785406300238223e-10,1.380649962756202e-10
m4-v3,d02,3,3,np.float64(3.295836866004329),np.float64(-0.06729963328979954),True,False,False,0.4182779599223403,8.44643022190894e-10,np.float64(2.4579801086726105e-05),1e-06,5.682071005799575e-10,2.7643592161093657e-10,5.439334033049213e-10,3.0070961888597275e-10,6.69300083347246e-10,1.7534293884364804e-10,6.615392426886923e-10,1.8310377950220178e-10,6.626993364130885e-10,1.8194368577780555e-10
m4-v3,d02,29,1,np.float64(3.367295829986474),np.float64(-0.1990363509339811),True,True,True,1.2142411551470458,8.025633491115514e-10,np.float64(6.171621460730891e-05),1e-06,-8.698395984818044e-11,8.895473089597318e-10,-5.6922301706393346e-11,8.594856508179447e-10,-3.364825889647788e-11,8.362116080080292e-10,-2.8886258499345295e-11,8.314496076108966e-10,-3.380734339985637e-11,8.363706925114078e-10
m4-v3,d02,31,1,np.float64(3.4339872044851463),np.float64(-0.1963215403858554),True,True,True,1.195523312420841,9.058815919615881e-10,np.float64(6.0786187147092925e-05),1e-06,7.219310503529717e-11,8.33688486926291e-10,1.2084837888563184e-10,7.850332130759563e-10,9.4859163873742e-11,8.110224280878461e-10,7.381258033880464e-11,8.320690116227835e-10,6.989390985126116e-11,8.35987682110327e-10
m4-v3,d02,2,5,np.float64(3.4657359027997265),np.float64(-0.0390032322597759),True,False,False,0.23415634312803324,1.442950647856378e-09,np.float64(1.2577711787145517e-05),1e-06,1.4371007368047458e-09,5.849911051632295e-12,1.768074681025657e-09,-3.25124033169279e-10,2.0151325436157826e-09,-5.721818957594046e-10,1.917014928649026e-09,-4.740642807926478e-10,1.877236073105086e-09,-4.342854252487079e-10
m4-v3,d02,37,1,np.float64(3.6109179126442243),np.float64(-0.1889586950119591),True,True,True,1.1340552302916067,2.293893963667415e-10,np.float64(6.0936596949503975e-05),1e-06,-1.772697213985118e-10,4.066591177652533e-10,-2.2187649287246656e-10,4.5126588923920805e-10,-2.086371740624166e-10,4.3802657042915806e-10,-1.7684214541119207e-10,4.0623154177793357e-10,-1.760815724772399e-10,4.054709688439814e-10
m4-v3,d02,41,1,np.float64(3.713572066704308),np.float64(-0.184607803637099),True,True,True,1.0872278913182805,9.57509849186522e-10,np.float64(5.98303526098223e-05),1e-06,2.737324765617814e-10,6.837773726247405e-10,2.700515274413213e-10,6.874583217452006e-10,2.4766004434272073e-10,7.098498048438013e-10,2.50731653295871e-10,7.067781958906509e-10,2.487476263166332e-10,7.087622228698888e-10
m4-v3,d02,43,1,np.float64(3.7612001156935624),np.float64(-0.18257543342631882),True,True,True,1.0533980721470069,2.4559732025863923e-10,np.float64(5.700344821759692e-05),1e-06,6.257184445193668e-10,-3.8012112426072757e-10,6.684885160802406e-10,-4.228911958216014e-10,7.505308079247899e-10,-5.049334876661507e-10,7.430433333139256e-10,-4.974460130552864e-10,7.364328330120976e-10,-4.908355127534583e-10
m4-v3,d02,47,1,np.float64(3.8501476017100584),np.float64(-0.17876338822837304),True,True,True,1.0257214423498833,-9.881639950748422e-11,np.float64(7.14330299260628e-05),1e-06,5.696345984870021e-10,-6.684509979944863e-10,5.802982620154438e-10,-6.79114661522928e-10,5.890425149854618e-10,-6.87858914492946e-10,6.040917455265658e-10,-7.0290814503405e-10,5.97417828588175e-10,-6.962342280956592e-10
m4-v3,d02,7,2,np.float64(3.8918202981106265),np.float64(-0.08848606258138285),True,False,False,0.5115737852175175,-4.957644295089381e-10,np.float64(2.7254673595205293e-05),1e-06,-6.624856164544472e-10,1.6672118694550918e-10,-4.219697566120657e-10,-7.379467289687236e-11,-4.862037867668181e-10,-9.560642742119937e-12,-4.5094187133187235e-10,-4.482255817706571e-11,-4.79050649382678e-10,-1.6713780126260045e-11
m4-v3,d02,53,1,np.float64(3.970291913552122),np.float64(-0.1735939685443537),True,False,False,0.9648786129919992,1.858077913752254e-09,np.float64(6.365580944700443e-05),1e-06,7.119298275510269e-10,1.1461480862012272e-09,9.0555978445806e-10,9.525181292941942e-10,9.641599127575333e-10,8.939180009947208e-10,9.099662814835543e-10,9.481116322686998e-10,8.991536573836884e-10,9.589242563685656e-10
m4-v3,d02,59,1,np.float64(4.07753744390572),np.float64(-0.16897485378921837),True,False,False,0.9285025012152507,1.7748913450077453e-11,np.float64(6.832148296759047e-05),1e-06,1.2888387708763711e-09,-1.2710898574262937e-09,1.2500474862119663e-09,-1.2322985727618889e-09,1.3597691123590593e-09,-1.3420201989089818e-09,1.3416700023242445e-09,-1.323921088874167e-09,1.3441769772757026e-09,-1.3264280638256251e-09
m4-v3,d02,61,1,np.float64(4.110873864173311),np.float64(-0.16754032791775322),True,False,False,0.9011429782029808,3.14900439057908e-09,np.float64(5.925156725561723e-05),1e-06,1.3189192448827112e-09,1.8300851456963686e-09,1.6645058531881437e-09,1.4844985373909362e-09,1.7692801778186845e-09,1.3797242127603954e-09,1.76079953156762e-09,1.3882048590114598e-09,1.732198725450926e-09,1.4168056651281539e-09
m4-v3,d02,2,6,np.float64(4.1588830833596715),np.float64(-0.02757945001908145),True,False,False,0.1478084941420349,-9.071609796684754e-09,np.float64(1.0275966804334973e-05),1e-06,-7.202829229868614e-09,-1.8687805668161406e-09,-7.9800000980265e-09,-1.091609698658254e-09,-8.275954064785781e-09,-7.956557318989733e-10,-7.906894529914756e-09,-1.1647152667699986e-09,-7.891579495993574e-09,-1.18003030069118e-09
m4-v3,d02,67,1,np.float64(4.204692619390966),np.float64(-0.16351100147025147),True,False,False,0.8800705077696718,-7.116264244544368e-10,np.float64(5.2351576608444565e-05),1e-06,1.774376359049806e-09,-2.4860027835042426e-09,2.1500088400140037e-09,-2.8616352644684405e-09,2.2775741124912446e-09,-2.9892005369456814e-09,2.21388089653634e-09,-2.925507320990777e-09,2.194695014165286e-09,-2.9063214386197227e-09
m4-v3,d02,71,1,np.float64(4.2626798770413155),np.float64(-0.16102884271275783),True,False,False,0.8562994676521277,-9.57003365442688e-11,np.float64(5.0025795699390427e-05),1e-06,-1.28939011494494e-10,3.3238674950225205e-11,3.534156145197336e-10,-4.491159510640024e-10,3.9687394711472026e-10,-4.925742836589891e-10,4.1158419524365263e-10,-5.072845317879214e-10,3.8017898801787867e-10,-4.758793245621475e-10
m4-v3,d02,73,1,np.float64(4.290459441148391),np.float64(-0.1598425863444375),True,False,False,0.8382294987605109,-3.565477357803104e-09,np.float64(4.97700814181746e-05),1e-06,-3.5031936902925468e-09,-6.228366751055727e-11,-3.667690840646465e-09,1.0221348284336097e-10,-3.84717576181492e-09,2.8169840401181633e-10,-3.8242296648109125e-09,2.5875230700780846e-10,-3.812029943695289e-09,2.46552585892185e-10
m4-v3,d02,79,1,np.float64(4.3694478524670215),np.float64(-0.15648155106679665),True,False,False,0.8170088223776157,1.3510610408218326e-09,np.float64(5.001062250208789e-05),1e-06,2.4514510592177626e-09,-1.10039001839593e-09,2.129467343735471e-09,-7.784063029136383e-10,2.23420401791617e-09,-8.831429770943374e-10,2.1993588703036968e-09,-8.482978294818641e-10,2.2174507421313045e-09,-8.663897013094718e-10
m4-v3,d02,3,4,np.float64(4.394449154672439),np.float64(-0.03885546139622887),True,False,False,0.19934482233719092,2.454044900623842e-08,np.float64(1.31865742261266e-05),1e-06,2.1925692172561627e-08,2.6147568336767917e-09,2.2233155800791057e-08,2.307293205447361e-09,2.2586379151895917e-08,1.9540698543425018e-09,2.2700363841462417e-08,1.8400851647760018e-09,2.2642430971220067e-08,1.898018035018351e-09
m4-v3,d02,83,1,np.float64(4.418840607796598),np.float64(-0.15439008898017337),True,False,False,0.7945956681052444,-4.0560221847840694e-10,np.float64(4.61991885497487e-05),1e-06,-6.309778447836197e-10,2.253756263052128e-10,-1.0926533741805033e-09,6.870511557020963e-10,-9.896516388028486e-10,5.840494203244417e-10,-9.843885785694375e-10,5.787863600910305e-10,-9.621685976455768e-10,5.565663791671698e-10
m4-v3,d02,89,1,np.float64(4.48863636973214),np.float64(-0.15145009428891956),True,False,False,0.7735516839268944,-2.3491186773583195e-10,np.float64(4.869171425126071e-05),1e-06,-3.0304661897805667e-09,2.7955543220447348e-09,-2.4281952958620498e-09,2.193283428126218e-09,-2.5923686371599957e-09,2.3574567694241637e-09,-2.5958847463330382e-09,2.3609728785972063e-09,-2.6181155292130276e-09,2.3832036614771956e-09
m4-v3,d02,97,1,np.float64(4.574710978503383),np.float64(-0.14785224441209735),True,False,False,0.7598585707176033,-1.0415384221751367e-08,np.float64(5.58560385775124e-05),1e-06,-1.0656175637345953e-08,2.4079141559458626e-10,-9.914317810131405e-09,-5.010664116199622e-10,-9.790748132070284e-09,-6.246360896810828e-10,-9.828473024402204e-09,-5.869111973491628e-10,-9.842551864289505e-09,-5.728323574618622e-10
m4-v3,d02,101,1,np.float64(4.61512051684126),np.float64(-0.14617479278578105),True,False,False,0.7421496185008982,-7.968937398850073e-09,np.float64(4.470402466570133e-05),1e-06,-7.313132580417233e-09,-6.558048184328407e-10,-6.1585592174426674e-09,-1.810378181407406e-09,-6.0574994872548405e-09,-1.911437911595233e-09,-6.02873976735873e-09,-1.9401976314913437e-09,-6.063974862666665e-09,-1.9049625361834087e-09
m4-v3,d02,103,1,np.float64(4.634728988229636),np.float64(-0.145363663339395),True,False,False,0.7352228716662197,2.530045040138873e-08,np.float64(4.433717749562019e-05),1e-06,2.554061251044172e-08,-2.401621090529901e-10,2.5467989418195892e-08,-1.6753901680716245e-10,2.5650591840154488e-08,-3.5014143876575843e-10,2.5687662284341032e-08,-3.8721188295230237e-10,2.5674992527595965e-08,-3.7454212620723545e-10
m4-v3,d02,107,1,np.float64(4.672828834461906),np.float64(-0.14379312149769535),True,False,False,0.7111239690209785,1.3793207020995624e-08,np.float64(4.868515685955548e-05),1e-06,1.1840521261024081e-08,1.9526857599715424e-09,1.3285880036286826e-08,5.073269847087979e-10,1.3512643940890458e-08,2.8056308010516545e-10,1.33685276364112e-08,4.246793845844231e-10,1.3339518852254094e-08,4.536881687415297e-10
m4-v3,d02,109,1,np.float64(4.6913478822291435),np.float64(-0.14303243005044233),True,False,False,0.6906772062434403,1.4424254235478884e-08,np.float64(4.272200420881376e-05),1e-06,1.4893823833980508e-08,-4.695695985016239e-10,1.3613755858011386e-08,8.104983774674979e-10,1.3603713554132182e-08,8.20540681346702e-10,1.354615054655914e-08,8.781036889197433e-10,1.3580436327881256e-08,8.438179075976281e-10
m4-v3,d02,113,1,np.float64(4.727387818712341),np.float64(-0.14155725660115417),True,False,False,0.6804046855005155,-2.534139298404625e-08,np.float64(4.233402145025441e-05),1e-06,-2.5526212028143948e-08,1.8481904409769647e-10,-2.4579442604298997e-08,-7.619503797472548e-10,-2.447914025772789e-08,-8.622527263183601e-10,-2.4418000678178677e-08,-9.233923058675746e-10,-2.4439300147209324e-08,-9.020928368369271e-10
m4-v3,d02,11,2,np.float64(4.795790545596741),np.float64(-0.06938852466955447),True,False,False,0.3394253241715695,-2.387605841924767e-07,np.float64(2.1021026021541378e-05),1e-06,-2.409671013093829e-07,2.2065171169061997e-09,-2.418387212147348e-07,3.078137022258084e-09,-2.4245075139428513e-07,3.690167201808431e-09,-2.424800221301024e-07,3.7194379376257204e-09,-2.42431471826617e-07,3.670887634140289e-09
m4-v3,d02,5,3,np.float64(4.828313737302301),np.float64(-0.04582150488104508),True,False,False,0.2185250302106713,-2.775079005479242e-07,np.float64(1.3836622596342431e-05),1e-06,-2.7740991055262636e-07,-9.798999529782438e-11,-2.7226898166744936e-07,-5.238918880474819e-09,-2.725486949739982e-07,-4.9592055739259545e-09,-2.7227200531862474e-07,-5.23589522929944e-09,-2.7236423680146056e-07,-5.143663746463618e-09
m4-v3,d02,127,1,np.float64(4.844187086458591),np.float64(-0.13682617124428062),False,False,False,0.6524322737013294,-1.8952739866406887e-07,np.float64(4.6579448648308855e-05),1e-06,-1.902364605426873e-07,7.090618786184282e-10,-1.8937185459472593e-07,-1.5554406934293962e-10,-1.8980968287656265e-07,2.8228421249377906e-10,-1.8967012131921188e-07,1.4272265514300716e-10,-1.8968527999126492e-07,1.578813271960548e-10
m4-v3,d02,2,7,np.float64(4.852030263919617),np.float64(-0.01950161612988795),False,False,False,0.09423637297652385,1.2911016677996656e-06,np.float64(5.64270958061659e-06),1e-06,1.2992961851460946e-06,-8.194517346428955e-09,1.2818470363200322e-06,9.254631479633383e-09,1.2820627575550783e-06,9.038910244587272e-09,1.2812609013893083e-06,9.840766410357354e-09,1.2815403067914346e-06,9.561361008231044e-09
m4-v3,d02,131,1,np.float64(4.875197323201151),np.float64(-0.1355834491603077),True,False,False,0.6614541149293859,-1.6189650198228378e-07,np.float64(4.1514013044586085e-05),1e-06,-1.59254997718806e-07,-2.641504263477783e-09,-1.6072126996749805e-07,-1.1752320147857311e-09,-1.6049953115027477e-07,-1.396970832009011e-09,-1.605113052916456e-07,-1.3851966906381918e-09,-1.60478552211362e-07,-1.4179497709217895e-09
m4-v3,d02,137,1,np.float64(4.919980925828125),np.float64(-0.13379912176069506),True,False,False,0.6502626200401312,1.2566567828553588e-06,np.float64(5.004615948119881e-05),1e-06,1.2557908364273405e-06,8.65946428018234e-10,1.2560536929969125e-06,6.03089858446214e-10,1.2566420569461998e-06,1.4725909158948177e-11,1.2565221448868916e-06,1.3463796846716496e-10,1.2565139729160416e-06,1.4280993931715908e-10
m4-v3,d02,139,1,np.float64(4.9344739331306915),np.float64(-0.13322434272608064),True,False,False,0.6496750224224138,-1.7822621103391612e-06,np.float64(4.2051340809329875e-05),1e-06,-1.7829508878880841e-06,6.887775489229825e-10,-1.7816575584935824e-06,-6.045518455787342e-10,-1.7818170203780161e-06,-4.4508996114502103e-10,-1.7816720999442011e-06,-5.900103949600454e-10,-1.7816871271438154e-06,-5.749831953457374e-10
m4-v3,d03,2,1,np.float64(0.6931471805599453),np.float64(-0.1560129290391036),True,True,True,1.1722687981639408,-1.0633294245110392e-10,np.float64(4.79075765008359e-05),1e-06,-2.437607598449012e-11,-8.19568664666138e-11,-4.209327665967581e-11,-6.42396657914281e-11,-5.765165590200991e-11,-4.8681286549094006e-11,-3.973343342260064e-11,-6.659950902850328e-11,-4.383294149645302e-11,-6.25000009546509e-11
m4-v3,d03,3,1,np.float64(1.0986122886681098),np.float64(-0.20189889986939866),True,True,True,1.5142461778288592,2.0853785365204658e-10,np.float64(8.178305446614957e-05),1e-06,-6.490555868821039e-12,2.1502840952086763e-10,-5.626980308336325e-12,2.141648339603829e-10,1.6462492990280973e-12,2.0689160435301847e-10,1.6745347413290078e-12,2.0686331891071757e-10,-1.409803070942738e-13,2.0867883395914085e-10
m4-v3,d03,2,2,np.float64(1.3862943611198906),np.float64(-0.1103178000763258),True,False,False,0.8173766184970974,2.0547341605947622e-10,np.float64(3.437951154667512e-05),1e-06,4.4850148714145096e-11,1.6062326734533112e-10,7.226445364779527e-11,1.3320896241168095e-10,8.005146772565656e-11,1.2542194833381968e-10,6.30566025065553e-11,1.4241681355292092e-10,7.082115805619956e-11,1.3465225800327666e-10
m4-v3,d03,5,1,np.float64(1.6094379124341003),np.float64(-0.22910752440522542),True,True,True,1.6479690939127254,1.2453593711825306e-10,np.float64(6.826819297262661e-05),1e-06,2.913422926441828e-11,9.540170785383479e-11,4.906879963017502e-11,7.546713748807804e-11,5.897744077285548e-11,6.555849634539758e-11,4.547689766669326e-11,7.90590394515598e-11,4.975975736844377e-11,7.477617974980929e-11
m4-v3,d03,7,1,np.float64(1.9459101490553132),np.float64(-0.23411211608563706),True,True,True,1.724849379938483,-2.362225970387044e-10,np.float64(6.984580694010044e-05),1e-06,2.7419253681188963e-11,-2.636418507198934e-10,5.080530388420531e-11,-2.870279009229097e-10,6.202907701186629e-11,-2.9825167405057067e-10,4.7561786706494184e-11,-2.8378438374519857e-10,5.096418519819119e-11,-2.871867822368956e-10
m4-v3,d03,2,3,np.float64(2.0794415416798357),np.float64(-0.0780064645195518),True,False,False,0.5503686889733472,8.265987894162663e-10,np.float64(3.125417596918606e-05),1e-06,-6.834968474084125e-11,8.949484741571075e-10,-9.951223313108892e-11,9.261110225473552e-10,-7.079974055068759e-11,8.973985299669539e-10,-7.046426386360664e-11,8.970630532798729e-10,-8.331979937028642e-11,9.099185887865527e-10
m4-v3,d03,3,2,np.float64(2.1972245773362196),np.float64(-0.1165663841886866),True,False,False,0.8037698765207542,-1.115582293209627e-09,np.float64(4.5530113709457404e-05),1e-06,-2.881871081731652e-11,-1.0867635823923107e-09,-3.5787134731732545e-11,-1.0797951584778945e-09,-4.9337721297531636e-11,-1.0662445719120955e-09,-5.6627423571758776e-11,-1.0589548696378683e-09,-5.908387832442574e-11,-1.0564984148852013e-09
m4-v3,d03,11,1,np.float64(2.3978952727983707),np.float64(-0.23013570108523157),True,True,True,1.5820027129395093,2.073723415207951e-10,np.float64(6.944767097472703e-05),1e-06,4.107796484843602e-12,2.0326454503595148e-10,8.222827071581643e-12,1.9914951444921346e-10,2.1316582444897472e-11,1.860557590758976e-10,4.882147638199994e-12,2.024901938825951e-10,4.032523031060771e-12,2.0333981848973433e-10
m4-v3,d03,13,1,np.float64(2.5649493574615367),np.float64(-0.22644213759952758),True,True,True,1.515163734809832,-4.1599235167666393e-10,np.float64(6.747575999715438e-05),1e-06,-7.605512971606211e-11,-3.3993722196060183e-10,-1.1542139117589834e-10,-3.005709605007656e-10,-1.2940231077111942e-10,-2.865900409055445e-10,-1.1044550104034812e-10,-3.055468506363158e-10,-1.1777624740577044e-10,-2.982161042708935e-10
m4-v3,d03,2,4,np.float64(2.772588722239781),np.float64(-0.0551589000381629),True,False,False,0.3654143468778381,-2.14022677358372e-09,np.float64(1.6739339286420523e-05),1e-06,-1.092115936749006e-12,-2.139134657646971e-09,-2.8068557326287862e-11,-2.112158216257432e-09,-1.6669560119001462e-10,-1.973531172393705e-09,-1.0882479590779634e-10,-2.0314019776759235e-09,-9.477295182951665e-11,-2.0454538217542034e-09
m4-v3,d03,17,1,np.float64(2.833213344056216),np.float64(-0.21872828371837585),True,True,True,1.4424843538437018,-2.1893664658989564e-10,np.float64(9.037404345902021e-05),1e-06,-8.603882370490332e-11,-1.3289782288499234e-10,-1.2618051388919323e-10,-9.275613270070241e-11,-1.6211056535284106e-10,-5.682608123705459e-11,-1.422383441243255e-10,-7.669830246557015e-11,-1.4664388399134008e-10,-7.229276259855556e-11
m4-v3,d03,19,1,np.float64(2.9444389791664403),np.float64(-0.21501852841127717),True,True,True,1.3884973308953064,-6.368483518315315e-10,np.float64(8.483674731995916e-05),1e-06,6.496114623371571e-11,-7.018094980652472e-10,1.1254166488172365e-10,-7.493900167132552e-10,1.4369354148588028e-10,-7.805418933174118e-10,1.1008071404124138e-10,-7.469290658727729e-10,1.132367508504964e-10,-7.500851026820279e-10
m4-v3,d03,23,1,np.float64(3.1354942159291497),np.float64(-0.20810964733659634),True,True,True,1.3209079717543617,8.284817276660306e-11,np.float64(8.369159045028648e-05),1e-06,-6.352452102201184e-11,1.463726937886149e-10,-7.128365217569038e-11,1.5413182494229343e-10,-3.9831886145276344e-11,1.2268005891187941e-10,-4.046154769777315e-11,1.233097204643762e-10,-4.805824697809656e-11,1.3090641974469961e-10
m4-v3,d03,5,2,np.float64(3.2188758248682006),np.float64(-0.10245999974535523),True,False,False,0.6392950379022321,2.5738655651252884e-10,np.float64(4.292278757711176e-05),1e-06,2.297070767792422e-10,2.7679479733286635e-11,3.4429386005566474e-10,-8.69073035431359e-11,3.1867861529637417e-10,-6.129205878384533e-11,3.1170649247482035e-10,-5.431993596229151e-11,3.3167775655190417e-10,-7.429120003937533e-11
m4-v3,d03,3,3,np.float64(3.295836866004329),np.float64(-0.06729963328979954),True,False,False,0.41655423658691865,-9.172059778350672e-10,np.float64(2.5420601365573035e-05),1e-06,-3.0322204052026166e-10,-6.139839373148055e-10,-5.291011292554198e-10,-3.8810484857964737e-10,-5.674711055373823e-10,-3.497348722976849e-10,-5.39776481847553e-10,-3.774294959875142e-10,-5.598281304682016e-10,-3.5737784736686563e-10
m4-v3,d03,29,1,np.float64(3.367295829986474),np.float64(-0.1990363509339811),True,True,True,1.2277700117545738,1.0044995946145718e-09,np.float64(7.222103029786731e-05),1e-06,1.6629528598472067e-10,8.382043086298511e-10,2.2449278265475498e-10,7.800068119598168e-10,2.754301251336721e-10,7.290694694808997e-10,2.604373432384104e-10,7.440622513761615e-10,2.644947358147163e-10,7.400048587998555e-10
m4-v3,d03,31,1,np.float64(3.4339872044851463),np.float64(-0.1963215403858554),True,True,True,1.2027076687747584,-1.4103396228648535e-09,np.float64(8.184658763985979e-05),1e-06,-1.064759708728513e-10,-1.303863651992002e-09,-1.1694045466708948e-10,-1.293399168197764e-09,-1.3043458187760522e-10,-1.2799050409872483e-09,-1.4178478074981407e-10,-1.2685548421150394e-09,-1.4470142145168786e-10,-1.2656382014131657e-09
m4-v3,d03,2,5,np.float64(3.4657359027997265),np.float64(-0.0390032322597759),True,False,False,0.23456174071694802,-2.127416132147175e-09,np.float64(1.237062119381517e-05),1e-06,8.874684655802809e-10,-3.014884597727456e-09,1.3025811317106704e-09,-3.4299972638578456e-09,1.7284044848357546e-09,-3.85582061698293e-09,1.5144011137340379e-09,-3.641817245881213e-09,1.5200220593618754e-09,-3.6474381915090508e-09
m4-v3,d03,37,1,np.float64(3.6109179126442243),np.float64(-0.1889586950119591),True,True,True,1.1229798016810086,1.8834660497901723e-09,np.float64(5.7525627374940175e-05),1e-06,1.0460471761256256e-10,1.7788613321776098e-09,1.3561377956970638e-10,1.7478522702204659e-09,1.5300067967029167e-10,1.7304653701198806e-09,1.7164498065834715e-10,1.7118210691318251e-09,1.735925944598238e-10,1.7098734553303484e-09
m4-v3,d03,41,1,np.float64(3.713572066704308),np.float64(-0.184607803637099),True,True,True,1.0867270462853684,5.202684949523473e-10,np.float64(5.6426388700457934e-05),1e-06,4.0436105784566605e-11,4.798323891677807e-10,4.801285089861252e-11,4.722556440537348e-10,-2.5048254665501932e-11,5.453167496178492e-10,8.256541505262269e-12,5.12011953447085e-10,1.731335816450804e-11,5.029551367878393e-10
m4-v3,d03,43,1,np.float64(3.7612001156935624),np.float64(-0.18257543342631882),True,True,True,1.0450562488553938,1.0692633445330557e-09,np.float64(5.932989701969657e-05),1e-06,3.491260983293543e-10,7.201372462037014e-10,4.5499516585469073e-10,6.14268178678365e-10,5.391802738388356e-10,5.300830706942201e-10,5.202093324970555e-10,5.490540120360002e-10,5.232144792084675e-10,5.460488653245883e-10
m4-v3,d03,47,1,np.float64(3.8501476017100584),np.float64(-0.17876338822837304),True,True,True,1.0076363767112122,-6.352016690414075e-10,np.float64(5.7203642374462956e-05),1e-06,-7.325984258308176e-10,9.739675678941006e-11,-9.255183510439435e-10,2.90316682002536e-10,-1.0004477047425496e-09,3.6524603570114204e-10,-9.533397866642083e-10,3.181381176228008e-10,-9.681240171117608e-10,3.329223480703533e-10
m4-v3,d03,7,2,np.float64(3.8918202981106265),np.float64(-0.08848606258138285),True,False,False,0.495654274418286,2.264538778717906e-09,np.float64(3.405985334250336e-05),1e-06,1.577932993766426e-10,2.1067454793412637e-09,4.328076633278454e-10,1.8317311153900607e-09,5.388563043992182e-10,1.7256824743186879e-09,5.210904881071663e-10,1.7434482906107398e-09,5.231694411651888e-10,1.7413693375527172e-09
m4-v3,d03,53,1,np.float64(3.970291913552122),np.float64(-0.1735939685443537),True,False,False,0.9817225880479445,8.587290878381282e-10,np.float64(5.182259355756712e-05),1e-06,3.3717919666202704e-11,8.250111681719254e-10,5.9663643700094e-11,7.990654441380342e-10,1.5965805282271372e-10,6.990710350154144e-10,1.0432029826969276e-10,7.544087895684354e-10,9.626254320363575e-11,7.624665446344924e-10
m4-v3,d03,59,1,np.float64(4.07753744390572),np.float64(-0.16897485378921837),True,False,False,0.9273127907795408,-8.988617627991857e-10,np.float64(5.4138303624262806e-05),1e-06,-6.34799819074714e-10,-2.640619437244718e-10,-9.637975287188088e-10,6.493576591962305e-11,-1.0327109853094185e-09,1.3384922251023275e-10,-9.90252998382578e-10,9.139123558339234e-11,-1.0041013807625168e-09,1.052396179633311e-10
m4-v3,d03,61,1,np.float64(4.110873864173311),np.float64(-0.16754032791775322),True,False,False,0.9150537980737345,-8.755228764201206e-10,np.float64(5.880021172805174e-05),1e-06,-9.32786555654491e-10,5.7263679234370436e-11,-1.3212198880443707e-09,4.4569701162425013e-10,-1.4791299998723832e-09,6.036071234522626e-10,-1.37623015728943e-09,5.007072808693094e-10,-1.3871561394776333e-09,5.116332630575127e-10
m4-v3,d03,2,6,np.float64(4.1588830833596715),np.float64(-0.02757945001908145),True,False,False,0.15136564669689664,-3.218543542793384e-09,np.float64(1.0558641598417437e-05),1e-06,-1.0915756248101828e-08,7.697212705308444e-09,-1.3579971135261238e-08,1.0361427592467854e-08,-1.4717164359018776e-08,1.1498620816225392e-08,-1.4142167960830916e-08,1.0923624418037532e-08,-1.4231474402352734e-08,1.101293085955935e-08
m4-v3,d03,67,1,np.float64(4.204692619390966),np.float64(-0.16351100147025147),True,False,False,0.8886814171356352,2.5842583628588045e-09,np.float64(4.897503598925465e-05),1e-06,9.533501674402484e-10,1.6309081954185561e-09,1.2166172621108033e-09,1.3676411007480012e-09,1.43704503053108e-09,1.1472133323277245e-09,1.3610222887317931e-09,1.2232360741270114e-09,1.3555269242181404e-09,1.228731438640664e-09
m4-v3,d03,71,1,np.float64(4.2626798770413155),np.float64(-0.16102884271275783),True,False,False,0.8414205481214228,-2.278526811672066e-09,np.float64(4.883965507244e-05),1e-06,-2.7975208606204957e-09,5.189940489484298e-10,-3.3490677480852866e-09,1.0705409364132207e-09,-3.487659544083559e-09,1.2091327324114932e-09,-3.3978178463109596e-09,1.1192910346388938e-09,-3.4236308431317824e-09,1.1451040314597166e-09
m4-v3,d03,73,1,np.float64(4.290459441148391),np.float64(-0.1598425863444375),True,False,False,0.8473706636868592,3.198505238444227e-09,np.float64(5.9787645822618205e-05),1e-06,1.7620572503765067e-09,1.4364479880677202e-09,2.1302063037210996e-09,1.0682989347231274e-09,2.0962108411755053e-09,1.1022943972687217e-09,2.072545367294928e-09,1.125959871149299e-09,2.101244127152405e-09,1.0972611112918218e-09
m4-v3,d03,79,1,np.float64(4.3694478524670215),np.float64(-0.15648155106679665),True,False,False,0.8282744262890794,4.4123182885158485e-09,np.float64(5.241014304720733e-05),1e-06,3.348828996746394e-09,1.0634892917694547e-09,3.9442014045832855e-09,4.68116883932563e-10,4.230615145878563e-09,1.817031426372853e-10,4.127345811300526e-09,2.849724772153225e-10,4.133136793667238e-09,2.7918149484861065e-10
m4-v3,d03,3,4,np.float64(4.394449154672439),np.float64(-0.03885546139622887),True,False,False,0.20648440415347047,-9.47520972793825e-09,np.float64(1.421820113991402e-05),1e-06,-1.3183192121918306e-08,3.707982393980056e-09,-1.6087956973253516e-08,6.612747245315267e-09,-1.736351714744558e-08,7.88830741950733e-09,-1.6776554659792157e-08,7.3013449318539076e-09,-1.6810586825005827e-08,7.335377097067577e-09
m4-v3,d03,83,1,np.float64(4.418840607796598),np.float64(-0.15439008898017337),True,False,False,0.8174258511134858,-8.849653232445576e-10,np.float64(5.3489796096058727e-05),1e-06,-1.2225257395495327e-09,3.3756041630497514e-10,-1.4208018940780267e-09,5.358365708334692e-10,-1.2776085080475178e-09,3.926431848029602e-10,-1.308070842655716e-09,4.2310551941115835e-10,-1.3338474595253716e-09,4.48882136280814e-10
m4-v3,d03,89,1,np.float64(4.48863636973214),np.float64(-0.15145009428891956),True,False,False,0.7842122291752012,1.0208878187256687e-10,np.float64(4.707756685024304e-05),1e-06,-8.248565219178599e-10,9.269453037904268e-10,-1.0528177959230871e-09,1.154906577795654e-09,-1.3325658912349407e-09,1.4346546731075076e-09,-1.2703723007149497e-09,1.3724610825875166e-09,-1.249936977964562e-09,1.3520257598371288e-09
m4-v3,d03,97,1,np.float64(4.574710978503383),np.float64(-0.14785224441209735),True,False,False,0.7489597024829203,-4.158392075126471e-09,np.float64(5.954114931942771e-05),1e-06,-5.3941400670142385e-09,1.2357479918877671e-09,-6.1311308856118095e-09,1.972738810485338e-09,-6.101279890931523e-09,1.942887815805052e-09,-6.083194033987213e-09,1.9248019588607418e-09,-6.117815160164583e-09,1.9594230850381113e-09
m4-v3,d03,101,1,np.float64(4.61512051684126),np.float64(-0.14617479278578105),True,False,False,0.7293136154335305,1.7203241053920237e-09,np.float64(4.452299844008183e-05),1e-06,1.3333860547257778e-09,3.869380506662459e-10,1.0125710383850744e-09,7.077530670069493e-10,7.89161008899451e-10,9.311630964925727e-10,9.144739840709186e-10,8.058501213211051e-10,9.199781591530809e-10,8.003459462389428e-10
m4-v3,d03,103,1,np.float64(4.634728988229636),np.float64(-0.145363663339395),True,False,False,0.7322274406351595,-1.4096107059380358e-08,np.float64(4.41199701828467e-05),1e-06,-1.3932844406623293e-08,-1.632626527570655e-10,-1.4503763761586139e-08,4.076567022057805e-10,-1.4482052305624109e-08,3.8594524624375054e-10,-1.4431443095683048e-08,3.3533603630268954e-10,-1.446543040535163e-08,3.6932334597127096e-10
m4-v3,d03,107,1,np.float64(4.672828834461906),np.float64(-0.14379312149769535),True,False,False,0.7373587819672388,-9.3657548383419e-09,np.float64(5.636382670391458e-05),1e-06,-7.572850188000999e-09,-1.792904650340901e-09,-8.470179253804095e-09,-8.955755845378046e-10,-8.476176795650082e-09,-8.895780426918183e-10,-8.480564015323245e-09,-8.851908230186553e-10,-8.508594692542883e-09,-8.571601457990173e-10
m4-v3,d03,109,1,np.float64(4.6913478822291435),np.float64(-0.14303243005044233),True,False,False,0.7191473577848699,-2.968930878921583e-09,np.float64(4.28160021013814e-05),1e-06,-4.191815220771947e-09,1.2228843418503643e-09,-4.191696918570288e-09,1.2227660396487051e-09,-4.000616965675286e-09,1.0316860867537032e-09,-4.106575149956276e-09,1.1376442710346934e-09,-4.119523695092114e-09,1.1505928161705314e-09
m4-v3,d03,113,1,np.float64(4.727387818712341),np.float64(-0.14155725660115417),True,False,False,0.6992135252884957,-3.03027912762488e-08,np.float64(5.1137989039412145e-05),1e-06,-2.936318400133095e-08,-9.396072749178483e-10,-3.180491798744462e-08,1.502126711195825e-09,-3.240754084013066e-08,2.1047495638818642e-09,-3.217604352831614e-08,1.873252252067344e-09,-3.2200727649481545e-08,1.8979363732327475e-09
m4-v3,d03,11,2,np.float64(4.795790545596741),np.float64(-0.06938852466955447),True,False,False,0.3389995499495158,-4.5613024579616024e-08,np.float64(2.3155957593250833e-05),1e-06,-4.151851434483172e-08,-4.094510234784305e-09,-4.3623981212480416e-08,-1.9890433671356074e-09,-4.401772428047752e-08,-1.5953002991385048e-09,-4.405489396414681e-08,-1.5581306154692155e-09,-4.4054504735476836e-08,-1.558519844139188e-09
m4-v3,d03,5,3,np.float64(4.828313737302301),np.float64(-0.04582150488104508),True,False,False,0.22377968873041296,-3.624882305430788e-08,np.float64(1.3610978526887945e-05),1e-06,-2.6149403873861357e-08,-1.009941918044652e-08,-3.009359308663784e-08,-6.155229967670035e-09,-3.178492668920361e-08,-4.463896365104267e-09,-3.123504124200398e-08,-5.013781812303896e-09,-3.118560201552038e-08,-5.063221038787496e-09
m4-v3,d03,127,1,np.float64(4.844187086458591),np.float64(-0.13682617124428062),True,False,False,0.6569404319120612,1.2621597944573182e-07,np.float64(3.9573876051698736e-05),1e-06,1.1794910692397943e-07,8.266872521752393e-09,1.224495400521681e-07,3.7664393935637075e-09,1.2326231420229898e-07,2.953665243432839e-09,1.2298997163163445e-07,3.2260078140973722e-09,1.2303268476180945e-07,3.1832946839223708e-09
m4-v3,d03,2,7,np.float64(4.852030263919617),np.float64(-0.01950161612988795),True,False,False,0.09423921319868829,1.665907386927401e-06,np.float64(5.642750957269859e-06),1e-06,1.6235992949202632e-06,4.230809200713787e-08,1.6583795437603782e-06,7.527843167022853e-09,1.6638709906832514e-06,2.036396244149663e-09,1.6618670792353217e-06,4.040307692079364e-09,1.6622719654203484e-06,3.6354215070526737e-09
m4-v3,d03,131,1,np.float64(4.875197323201151),np.float64(-0.1355834491603077),True,False,False,0.6563331713428299,1.7862430712334287e-07,np.float64(4.544812064441475e-05),1e-06,1.7794632400984515e-07,6.779831134977222e-10,1.7703725260784867e-07,1.5870545154942034e-09,1.7670740027172099e-07,1.916906851621887e-09,1.767982315878932e-07,1.8260755354496674e-09,1.7680612615487207e-07,1.8181809684708049e-09
m4-v3,d03,137,1,np.float64(4.919980925828125),np.float64(-0.13379912176069506),True,False,False,0.6387999231414054,-7.060587758900283e-07,np.float64(4.1268353282165985e-05),1e-06,-7.001522360612452e-07,-5.906539828783116e-09,-7.044138112818906e-07,-1.6449646081377477e-09,-7.049293496734823e-07,-1.129426216545978e-09,-7.047698511267043e-07,-1.288924763324011e-09,-7.048182733295616e-07,-1.240502560466717e-09
m4-v3,d03,139,1,np.float64(4.9344739331306915),np.float64(-0.13322434272608064),True,False,False,0.6351781585110038,-1.632827351327748e-06,np.float64(5.420073544678714e-05),1e-06,-1.6294630893947932e-06,-3.3642619329548015e-09,-1.6347994850665505e-06,1.972133738802431e-09,-1.6356879003463679e-06,2.8605490186198423e-09,-1.635422733913631e-06,2.5953825858829094e-09,-1.635450934933239e-06,2.6235836054910007e-09
m4-v3,d04,2,1,np.float64(0.6931471805599453),np.float64(-0.1560129290391036),True,True,True,1.1937610953539395,2.812314825462181e-10,np.float64(5.693100691227619e-05),1e-06,-2.6033906639878613e-11,3.072653891860967e-10,-2.6209109500718528e-11,3.074405920469366e-10,-2.0863865674424165e-11,3.0209534822064226e-10,-2.4235073985839855e-11,3.0546655653205796e-10,-1.9891266319822013e-11,3.011227488660401e-10
m4-v3,d04,3,1,np.float64(1.0986122886681098),np.float64(-0.20189889986939866),True,True,True,1.511620543994938,-2.9030289283582533e-10,np.float64(6.348406385108275e-05),1e-06,-5.32919546351925e-12,-2.849736973723061e-10,9.149171217979464e-12,-2.994520640538048e-10,1.870987870504721e-11,-3.0901277154087255e-10,2.1486246225550087e-11,-3.117891390613754e-10,2.3207283355638238e-11,-3.1351017619146355e-10
m4-v3,d04,2,2,np.float64(1.3862943611198906),np.float64(-0.1103178000763258),True,False,False,0.8313557595505813,5.524423141167745e-10,np.float64(3.647712738744782e-05),1e-06,3.499938470471972e-11,5.174429294120548e-10,3.790097297593186e-11,5.145413411408426e-10,1.9814793173836573e-11,5.326275209429379e-10,2.8570003264894578e-11,5.238723108518799e-10,2.039909147519685e-11,5.320432226415776e-10
m4-v3,d04,5,1,np.float64(1.6094379124341003),np.float64(-0.22910752440522542),True,True,True,1.6480300057910118,9.79261116640373e-12,np.float64(7.582267982562348e-05),1e-06,2.6408977099235766e-11,-1.6616365932832035e-11,2.778303078371704e-11,-1.799041961731331e-11,2.868990081801418e-11,-1.8897289651610448e-11,2.8442356418635646e-11,-1.8649745252231916e-11,2.608086105196539e-11,-1.628824988556166e-11
m4-v3,d04,7,1,np.float64(1.9459101490553132),np.float64(-0.23411211608563706),True,True,True,1.6400843711382735,-2.34439245794249e-10,np.float64(7.488679647121364e-05),1e-06,2.432779132471145e-11,-2.5876703711896045e-10,2.4548084838266165e-11,-2.589873306325152e-10,4.169666698552362e-11,-2.761359127797726e-10,3.407264578706065e-11,-2.685118915813097e-10,3.575879188254495e-11,-2.70198037676794e-10
m4-v3,d04,2,3,np.float64(2.0794415416798357),np.float64(-0.0780064645195518),True,False,False,0.5490775762275542,-2.2157597978633703e-10,np.float64(2.4175456506425867e-05),1e-06,-4.190353375223484e-11,-1.796724460341022e-10,-5.840270751789516e-11,-1.6317327226844187e-10,-4.187867660964053e-12,-2.1738811212537298e-10,-2.8377602235591283e-11,-1.9319837755074575e-10,-1.2037588515566544e-11,-2.0953839127077048e-10
m4-v3,d04,3,2,np.float64(2.1972245773362196),np.float64(-0.1165663841886866),True,False,False,0.8126457849689478,-3.0574220932777507e-10,np.float64(3.4813034661428235e-05),1e-06,-9.491989273853628e-11,-2.108223165892388e-10,-1.5905107464077494e-10,-1.4669113468700013e-10,-1.797581601322592e-10,-1.2598404919551587e-10,-2.066889156672048e-10,-9.905329366057027e-11,-2.0561309546557453e-10,-1.0012911386220054e-10
m4-v3,d04,11,1,np.float64(2.3978952727983707),np.float64(-0.23013570108523157),True,True,True,1.585380110447031,-6.238597416441394e-10,np.float64(7.676433781237077e-05),1e-06,-3.8801562563629355e-11,-5.850581790805101e-10,-3.985900026642169e-11,-5.840007413777177e-10,-2.5360587795206434e-11,-5.984991538489329e-10,-2.9860277842348396e-11,-5.939994638017909e-10,-2.480052047956732e-11,-5.99059221164572e-10
m4-v3,d04,13,1,np.float64(2.5649493574615367),np.float64(-0.22644213759952758),True,True,True,1.5138258618310234,3.4006486515636425e-10,np.float64(7.353453276252e-05),1e-06,-6.383965360131198e-11,4.0390451875767625e-10,-1.0196756832095891e-10,4.4203243347732315e-10,-1.3349076769696153e-10,4.735556328533258e-10,-1.3853412390954727e-10,4.785989890659115e-10,-1.409618741370997e-10,4.81026739293464e-10
m4-v3,d04,2,4,np.float64(2.772588722239781),np.float64(-0.0551589000381629),True,False,False,0.36324336238384713,9.177545390315345e-10,np.float64(1.650419743066081e-05),1e-06,2.8600681490360053e-11,8.891538575411744e-10,1.0589314123227283e-10,8.118613977992616e-10,-4.217683068754321e-11,9.599313697190776e-10,2.441721738454698e-11,8.933373216469875e-10,-8.211209932259577e-12,9.259657489637941e-10
m4-v3,d04,17,1,np.float64(2.833213344056216),np.float64(-0.21872828371837585),True,True,True,1.4317885961973862,-4.5522530189856525e-10,np.float64(8.112229429392721e-05),1e-06,6.340519607915879e-11,-5.18630497977724e-10,2.356635307726345e-11,-4.787916549758287e-10,1.772998282170205e-11,-4.729552847202673e-10,1.8281501397897224e-11,-4.735068032964625e-10,2.0548139678531233e-11,-4.757734415770965e-10
m4-v3,d04,19,1,np.float64(2.9444389791664403),np.float64(-0.21501852841127717),True,True,True,1.39023457545957,8.699201359263498e-10,np.float64(6.382885155263562e-05),1e-06,1.105580892535113e-12,8.688145550338147e-10,-3.0865757534025205e-11,9.00785893460375e-10,1.3213998771258207e-11,8.567061371550916e-10,-9.108078004279295e-12,8.790282139306291e-10,-1.3874147652405121e-13,8.700588774028738e-10
m4-v3,d04,23,1,np.float64(3.1354942159291497),np.float64(-0.20810964733659634),True,True,True,1.3224474202910892,1.0227063640400047e-10,np.float64(6.355941895554232e-05),1e-06,-1.6956125949220265e-10,2.718318958962031e-10,-2.510349221414361e-10,3.5330555854543656e-10,-2.703175971088746e-10,3.7258823351287505e-10,-2.983300854652338e-10,4.0060072186923426e-10,-2.9804087265301807e-10,4.0031150905701854e-10
m4-v3,d04,5,2,np.float64(3.2188758248682006),np.float64(-0.10245999974535523),True,False,False,0.6287392900438469,1.7419465869750184e-09,np.float64(3.067169999817633e-05),1e-06,1.8173581189695436e-10,1.5602107750780641e-09,1.9422026558101848e-10,1.5477263213939999e-09,2.357673866156738e-10,1.5061792003593446e-09,2.076017462191191e-10,1.5343448407558993e-09,2.0567683283651717e-10,1.5362697541385013e-09
m4-v3,d04,3,3,np.float64(3.295836866004329),np.float64(-0.06729963328979954),True,False,False,0.4162049590753327,6.942437735801832e-10,np.float64(2.3584877922694096e-05),1e-06,5.698186065948516e-10,1.2442516698533162e-10,4.839720483280613e-10,2.1027172525212193e-10,4.5365926629878404e-10,2.4058450728139915e-10,5.008156858815555e-10,1.934280876986277e-10,5.052305893697218e-10,1.8901318421046135e-10
m4-v3,d04,29,1,np.float64(3.367295829986474),np.float64(-0.1990363509339811),True,True,True,1.2102304191456514,5.703773009457791e-10,np.float64(6.02567805390284e-05),1e-06,-6.534952846549273e-11,6.357268294112719e-10,5.947475251683256e-11,5.109025484289466e-10,1.2739145392110673e-10,4.4298584702467234e-10,1.3223445040390411e-10,4.38142850541875e-10,1.3718159334506412e-10,4.33195707600715e-10
m4-v3,d04,31,1,np.float64(3.4339872044851463),np.float64(-0.1963215403858554),True,True,True,1.194701852685198,2.777593710590054e-10,np.float64(6.243206361715193e-05),1e-06,4.7744089901649864e-11,2.3001528115735553e-10,-5.34165247082282e-12,2.831010235298282e-10,-1.1108486932577069e-12,2.788702197522631e-10,4.36679275820438e-12,2.73392578300801e-10,1.019414623874908e-11,2.675652248202563e-10
m4-v3,d04,2,5,np.float64(3.4657359027997265),np.float64(-0.0390032322597759),True,False,False,0.23504774574188264,7.534639578921087e-11,np.float64(1.1580040795865114e-05),1e-06,9.472824156447379e-11,-1.938184577526292e-11,-2.6128542712466787e-10,3.3663182291387874e-10,1.317285932844791e-10,-5.6382197495268225e-11,-5.2948959976501404e-11,1.2829535576571228e-10,1.0674084381702578e-11,6.46723114075083e-11
m4-v3,d04,37,1,np.float64(3.6109179126442243),np.float64(-0.1889586950119591),True,True,True,1.1207119662915634,1.269162552830494e-11,np.float64(5.6126289607303346e-05),1e-06,1.4196351064678937e-10,-1.2927188511848443e-10,1.221893106600436e-10,-1.0949768513173866e-10,1.9137224622416884e-10,-1.786806206958639e-10,1.5417025080608526e-10,-1.4147862527778032e-10,1.5933037781294557e-10,-1.4663875228464063e-10
m4-v3,d04,41,1,np.float64(3.713572066704308),np.float64(-0.184607803637099),True,True,True,1.102081066727852,-7.944513935598252e-10,np.float64(7.657199319807863e-05),1e-06,-1.4903223636545356e-10,-6.454191571943716e-10,6.834122128758196e-11,-8.627926148474071e-10,6.698222565875256e-11,-8.614336192185778e-10,9.110305063975843e-11,-8.855544441995836e-10,8.311281413219439e-11,-8.775642076920196e-10
m4-v3,d04,43,1,np.float64(3.7612001156935624),np.float64(-0.18257543342631882),True,True,True,1.0628096070783615,-6.27021212729062e-10,np.float64(6.498335060465196e-05),1e-06,-2.6747646367512726e-10,-3.595447490539347e-10,-3.6727176957541754e-10,-2.5974944315364443e-10,-3.285000213943361e-10,-2.9852119133472586e-10,-3.856808616569716e-10,-2.4134035107209036e-10,-3.824114573671403e-10,-2.4460975536192165e-10
m4-v3,d04,47,1,np.float64(3.8501476017100584),np.float64(-0.17876338822837304),True,True,True,1.0142442446204916,1.5430088318169055e-09,np.float64(5.55233324267427e-05),1e-06,7.498369566624185e-11,1.4680251361506637e-09,1.4500419562109434e-10,1.3980046361958112e-09,7.975389061235543e-11,1.46325494120455e-09,1.3638479727174643e-10,1.4066240345451592e-09,1.320819062185222e-10,1.4109269255983833e-09
m4-v3,d04,7,2,np.float64(3.8918202981106265),np.float64(-0.08848606258138285),True,False,False,0.5051349857472881,-3.778794721576162e-09,np.float64(2.6263213251700707e-05),1e-06,1.169046387309963e-10,-3.895699360307158e-09,-1.5454605439133877e-10,-3.624248667184823e-09,1.2007105371566918e-10,-3.8988657752918315e-09,1.635262323719963e-11,-3.795147344813362e-09,5.2436244789661935e-11,-3.8312309663658235e-09
m4-v3,d04,53,1,np.float64(3.970291913552122),np.float64(-0.1735939685443537),True,False,False,0.9803349307111052,5.816607195896495e-10,np.float64(5.2275623007490056e-05),1e-06,-2.543988411223856e-11,6.07100603701888e-10,-8.955267008353099e-11,6.712133896731805e-10,-1.0116988177157988e-10,6.828306013612294e-10,-7.545361656672486e-11,6.571143361563743e-10,-7.025416841394456e-11,6.519148880035941e-10
m4-v3,d04,59,1,np.float64(4.07753744390572),np.float64(-0.16897485378921837),True,False,False,0.9196884988934719,1.869845389634861e-09,np.float64(5.051242379550504e-05),1e-06,1.8029899126968872e-09,6.685547693797387e-11,1.775133346534079e-09,9.471204310078203e-11,1.7599352828790866e-09,1.0991010675577443e-10,1.794083858357902e-09,7.576153127695898e-11,1.7939273320684101e-09,7.59180575664509e-11
m4-v3,d04,61,1,np.float64(4.110873864173311),np.float64(-0.16754032791775322),True,False,False,0.9121956558036619,2.8867761514561607e-09,np.float64(5.443586526969461e-05),1e-06,2.065826148015606e-09,8.209500034405549e-10,2.2336594505968445e-09,6.531167008593163e-10,2.319960142184431e-09,5.668160092717296e-10,2.3458871074801814e-09,5.408890439759793e-10,2.3500206721640484e-09,5.367554792921123e-10
m4-v3,d04,2,6,np.float64(4.1588830833596715),np.float64(-0.02757945001908145),True,False,False,0.14767538304253305,1.0319467502739599e-09,np.float64(8.351861194846659e-06),1e-06,-6.636502335925661e-10,1.695596983866526e-09,1.240916275230591e-09,-2.0896952495663113e-10,1.5808829915750137e-10,8.738584511164585e-10,6.873225949914102e-10,3.446241552825497e-10,5.661988335193304e-10,4.657479167546295e-10
m4-v3,d04,67,1,np.float64(4.204692619390966),np.float64(-0.16351100147025147),True,False,False,0.8823409034098374,-2.0000526790298068e-09,np.float64(6.49900489869385e-05),1e-06,-3.2578892563797953e-10,-1.6742637533918271e-09,-1.0185333676220136e-09,-9.815193114077931e-10,-1.0168283786947943e-09,-9.832243003350125e-10,-1.1023323416758195e-09,-8.977203373539873e-10,-1.091261953316769e-09,-9.087907257130377e-10
m4-v3,d04,71,1,np.float64(4.2626798770413155),np.float64(-0.16102884271275783),True,False,False,0.8871530914521264,-1.1815088907241034e-09,np.float64(6.243392407572992e-05),1e-06,-8.974068612460168e-11,-1.0917682045995017e-09,-4.040053238665234e-10,-7.7750356685758e-10,-7.273938612511689e-10,-4.5411502947293444e-10,-6.962203381714521e-10,-4.852885525526513e-10,-7.188874741109838e-10,-4.6262141661311955e-10
m4-v3,d04,73,1,np.float64(4.290459441148391),np.float64(-0.1598425863444375),True,False,False,0.8707402333794778,4.72480055080382e-10,np.float64(5.553432629284935e-05),1e-06,7.971300340007696e-10,-3.2464997892038757e-10,1.4136849667767396e-09,-9.412049116963576e-10,1.7573870897812985e-09,-1.2849070347009165e-09,1.7538199424909498e-09,-1.2813398874105677e-09,1.7728521291961166e-09,-1.3003720741157346e-09
m4-v3,d04,79,1,np.float64(4.3694478524670215),np.float64(-0.15648155106679665),True,False,False,0.8087052141712501,-7.95900234606961e-10,np.float64(5.0078631032040414e-05),1e-06,-1.3180198756894477e-09,5.221196410824867e-10,-1.3024829612080663e-09,5.065827266011052e-10,-1.075427892597046e-09,2.79527657990085e-10,-1.102005759281457e-09,3.0610552467449607e-10,-1.0819448710714527e-09,2.860446364644917e-10
m4-v3,d04,3,4,np.float64(4.394449154672439),np.float64(-0.03885546139622887),True,False,False,0.20421208440629773,7.3938901667958135e-09,np.float64(1.3607207571006373e-05),1e-06,-2.031511487003002e-09,9.425401653798815e-09,1.4994779715995884e-09,5.894412195196225e-09,1.1226214427878292e-09,6.271268724007984e-09,1.4426186805013298e-09,5.951271486294484e-09,1.3640696097838194e-09,6.029820557011994e-09
m4-v3,d04,83,1,np.float64(4.418840607796598),np.float64(-0.15439008898017337),True,False,False,0.806510067880283,-4.1458236843539e-10,np.float64(4.5796617632795595e-05),1e-06,1.354259452210177e-09,-1.768841820645567e-09,2.37071569104607e-10,-6.51653937539997e-10,-3.5512095158901353e-11,-3.7907027327648865e-10,-5.988013690891913e-11,-3.5470223152647086e-10,-6.548709815179665e-11,-3.4909527028359333e-10
m4-v3,d04,89,1,np.float64(4.48863636973214),np.float64(-0.15145009428891956),True,False,False,0.7706970511015482,1.5600813974003813e-09,np.float64(4.5598373980048494e-05),1e-06,-6.035266098590447e-10,2.163608007259426e-09,-2.5290071664984555e-10,1.8129821140502268e-09,-2.9636293224182306e-10,1.8564443296422044e-09,-3.217189700492574e-10,1.881800367449639e-09,-3.3411911431530566e-10,1.894200511715687e-09
m4-v3,d04,97,1,np.float64(4.574710978503383),np.float64(-0.14785224441209735),True,False,False,0.7394792033616306,6.863220436414963e-09,np.float64(4.3886421767464656e-05),1e-06,1.0242695333765296e-08,-3.379474897350333e-09,9.138214423046565e-09,-2.274993986631602e-09,8.887180000513715e-09,-2.0239595640987525e-09,8.913196765412222e-09,-2.049976328997259e-09,8.91011295489965e-09,-2.0468925184846864e-09
m4-v3,d04,101,1,np.float64(4.61512051684126),np.float64(-0.14617479278578105),True,False,False,0.7322671718246128,-2.1204087374826486e-09,np.float64(4.54157457604278e-05),1e-06,-1.3418511379143768e-09,-7.785575995682718e-10,4.1721769103375106e-10,-2.5376264285163995e-09,9.352031404019415e-10,-3.05561187788459e-09,9.426706538113867e-10,-3.0630793912940353e-09,9.593820519460544e-10,-3.079790789428703e-09
m4-v3,d04,103,1,np.float64(4.634728988229636),np.float64(-0.145363663339395),True,False,False,0.7259974164760872,-7.161018444890033e-09,np.float64(4.4350344336425584e-05),1e-06,-8.703332215558131e-09,1.5423137706680983e-09,-8.810865752923623e-09,1.6498473080335905e-09,-9.274719507769463e-09,2.11370106287943e-09,-9.165798281836033e-09,2.0047798369460003e-09,-9.189661991439799e-09,2.028643546549766e-09
m4-v3,d04,107,1,np.float64(4.672828834461906),np.float64(-0.14379312149769535),True,False,False,0.7187607452766634,1.527495951947344e-08,np.float64(4.6100643009282e-05),1e-06,1.7859661230009557e-08,-2.584701710536116e-09,1.6643972786411766e-08,-1.3690132669383253e-09,1.628010727291689e-08,-1.0051477534434483e-09,1.6311691521661054e-08,-1.0367320021876134e-09,1.630112731848572e-08,-1.0261677990122795e-09
m4-v3,d04,109,1,np.float64(4.6913478822291435),np.float64(-0.14303243005044233),True,False,False,0.7162700662206967,1.531486271133531e-08,np.float64(4.277543212797847e-05),1e-06,1.6509513093646487e-08,-1.1946503823111789e-09,1.46195728485015e-08,6.952898628338093e-10,1.4203841969304937e-08,1.1110207420303712e-09,1.4220117459779883e-08,1.0947452515554254e-09,1.4212436803156108e-08,1.1024259081792006e-09
m4-v3,d04,113,1,np.float64(4.727387818712341),np.float64(-0.14155725660115417),True,False,False,0.7030574351092339,3.53629416860457e-08,np.float64(5.68582333065076e-05),1e-06,3.6459498668436814e-08,-1.0965569823911124e-09,3.6639363173222395e-08,-1.2764214871766934e-09,3.6730101505409936e-08,-1.3671598193642349e-09,3.673209239899634e-08,-1.3691507129506414e-09,3.6735441818564715e-08,-1.3725001325190139e-09
m4-v3,d04,11,2,np.float64(4.795790545596741),np.float64(-0.06938852466955447),True,False,False,0.3348572338122337,-4.929802455144738e-09,np.float64(2.0860266507215195e-05),1e-06,-7.527149714093636e-09,2.597347258948897e-09,-6.750593896162881e-09,1.8207914410181428e-09,-7.899404514236951e-09,2.969602059092213e-09,-7.766072086112319e-09,2.8362696309675804e-09,-7.835324896180235e-09,2.9055224410354968e-09
m4-v3,d04,5,3,np.float64(4.828313737302301),np.float64(-0.04582150488104508),True,False,False,0.22766446280802627,-1.2139995664295355e-07,np.float64(1.381955673418094e-05),1e-06,-1.1719788284101242e-07,-4.202073801941135e-09,-1.1790733432444766e-07,-3.4926223185058904e-09,-1.1688986430409128e-07,-4.510092338862275e-09,-1.1740816664666906e-07,-3.991789996284496e-09,-1.1737385793395826e-07,-4.026098708995294e-09
m4-v3,d04,127,1,np.float64(4.844187086458591),np.float64(-0.13682617124428062),True,False,False,0.6694492755005431,6.135991714728561e-10,np.float64(3.89613054691108e-05),1e-06,-3.725013333538218e-10,9.86100504826678e-10,-5.98785585100014e-10,1.2123847565728702e-09,-1.0027446958961674e-09,1.6163438673690235e-09,-8.369932343981387e-10,1.4505924058709948e-09,-8.484454646890261e-10,1.4620446361618822e-09
m4-v3,d04,2,7,np.float64(4.852030263919617),np.float64(-0.01950161612988795),True,False,False,0.09516837543705271,-1.0253570349449959e-06,np.float64(5.949868593173843e-06),1e-06,-1.0253887761026944e-06,3.1741157698526214e-11,-1.0380120078240958e-06,1.2654972879099954e-08,-1.0342460438218437e-06,8.889008876847842e-09,-1.0363107930976106e-06,1.0953758152614746e-08,-1.0361309076968808e-06,1.0773872751884942e-08
m4-v3,d04,131,1,np.float64(4.875197323201151),np.float64(-0.1355834491603077),True,False,False,0.6610547714387516,-9.426034974779895e-08,np.float64(4.363168290776505e-05),1e-06,-9.730535189334364e-08,3.0450021455446844e-09,-9.34796439921729e-08,-7.807057556260493e-10,-9.314094497881294e-08,-1.119404768986016e-09,-9.316634870958096e-08,-1.0940010382179943e-09,-9.31741030256927e-08,-1.086246722106261e-09
m4-v3,d04,137,1,np.float64(4.919980925828125),np.float64(-0.13379912176069506),True,False,False,0.6419790224258415,1.4455997228157713e-06,np.float64(4.099301367919396e-05),1e-06,1.4434775548312459e-06,2.1221679845254473e-09,1.4473947182720124e-06,-1.7949954562410412e-09,1.447673954339901e-06,-2.0742315241297603e-09,1.4479014496882918e-06,-2.3017268725204615e-09,1.4479067284391834e-06,-2.3070056234120805e-09
m4-v3,d04,139,1,np.float64(4.9344739331306915),np.float64(-0.13322434272608064),True,False,False,0.6380301470449328,1.9346578465917474e-06,np.float64(5.1016381269744394e-05),1e-06,1.9301165404630473e-06,4.5413061287001306e-09,1.9358903194139527e-06,-1.2324728222052856e-09,1.9356997682508488e-06,-1.0419216591013187e-09,1.9359484338407003e-06,-1.290587248952875e-09,1.9359205600605607e-06,-1.2627134688133015e-09
m4-v3,d05,2,1,np.float64(0.6931471805599453),np.float64(-0.1560129290391036),True,True,True,1.1836961183441885,1.731024212858756e-10,np.float64(4.8679411265829666e-05),1e-06,-7.454893901574968e-12,1.8055731518745058e-10,-1.0968308362500636e-11,1.8407072964837623e-10,-9.386216782383877e-12,1.8248863806825947e-10,-2.3442461992177904e-11,1.9654488327805351e-10,-1.9668562814156465e-11,1.9277098410003209e-10
m4-v3,d05,3,1,np.float64(1.0986122886681098),np.float64(-0.20189889986939866),True,True,True,1.5068159359996716,5.7978066791974925e-12,np.float64(6.529307168619118e-05),1e-06,-1.4011974810983073e-11,1.9809781490180565e-11,-1.576606530970805e-11,2.1563871988905544e-11,-1.3491715108716291e-11,1.9289521787913784e-11,-1.8291467180080418e-11,2.408927385927791e-11,-1.5438555039339395e-11,2.1236361718536887e-11
m4-v3,d05,2,2,np.float64(1.3862943611198906),np.float64(-0.1103178000763258),True,False,False,0.804656733267898,4.732734204537792e-10,np.float64(3.2936960286080245e-05),1e-06,-2.4720744061701537e-13,4.735206278943962e-10,-2.4501911038543554e-11,4.977753314923227e-10,-4.529749273943569e-12,4.778031697277227e-10,-1.652900915152756e-11,4.898024296053067e-10,-1.4247036240049007e-11,4.875204566938282e-10
m4-v3,d05,5,1,np.float64(1.6094379124341003),np.float64(-0.22910752440522542),True,True,True,1.7104628596779383,-1.1287659695824459e-10,np.float64(6.974171624088402e-05),1e-06,1.6354508484833054e-11,-1.2923110544307765e-10,1.6008044701147245e-11,-1.2888464165939184e-10,1.4591759056128973e-11,-1.2746835601437356e-10,2.209304334825281e-11,-1.349696403064974e-10,1.8728492392080406e-11,-1.31605089350325e-10
m4-v3,d05,7,1,np.float64(1.9459101490553132),np.float64(-0.23411211608563706),True,True,True,1.6887703297910626,-5.0292325859402354e-11,np.float64(7.96106543590766e-05),1e-06,-9.966943780118209e-12,-4.0325382079284145e-11,-2.8763855224264466e-11,-2.1528470635137887e-11,-1.061817700477298e-11,-3.9674148854629374e-11,4.873884343221217e-12,-5.516621020262357e-11,3.5892130180480182e-12,-5.388153887745037e-11
m4-v3,d05,2,3,np.float64(2.0794415416798357),np.float64(-0.0780064645195518),True,False,False,0.5442127236728933,2.1929058569014614e-10,np.float64(2.7919763407815958e-05),1e-06,4.291777139407198e-11,1.7637281429607417e-10,6.382755474428539e-11,1.5546303094586077e-10,9.866259421485132e-11,1.2062799147529484e-10,1.0332181041952459e-10,1.1596877527062156e-10,9.631321839504083e-11,1.2297736729510533e-10
m4-v3,d05,3,2,np.float64(2.1972245773362196),np.float64(-0.1165663841886866),True,False,False,0.8049539194557241,-4.596145686264208e-11,np.float64(3.451491330338814e-05),1e-06,-1.299054047261126e-10,8.394394786347053e-11,-2.0262923107077032e-10,1.5666777420812824e-10,-1.8228187058481356e-10,1.3632041372217148e-10,-1.7678681860319424e-10,1.3082536174055216e-10,-1.6217731569481495e-10,1.1621585883217287e-10
m4-v3,d05,11,1,np.float64(2.3978952727983707),np.float64(-0.23013570108523157),True,True,True,1.5501014164017513,-4.2057479721080426e-10,np.float64(7.228715167048004e-05),1e-06,4.4737521829677014e-11,-4.6531231904048126e-10,8.24601957542529e-11,-5.030349929650572e-10,6.596123507067485e-11,-4.865360322814791e-10,7.415481339705487e-11,-4.947296106078592e-10,6.798577284332294e-11,-4.885605700541273e-10
m4-v3,d05,13,1,np.float64(2.5649493574615367),np.float64(-0.22644213759952758),True,True,True,1.5449243512391557,-8.199524392793478e-10,np.float64(8.957698278925578e-05),1e-06,-7.829835046702337e-12,-8.121226042326454e-10,1.0261585013085308e-11,-8.302140242924331e-10,-2.1600860311591144e-11,-7.983515789677566e-10,-3.4992329698122013e-11,-7.849601095812258e-10,-3.238800363965026e-11,-7.875644356396976e-10
m4-v3,d05,2,4,np.float64(2.772588722239781),np.float64(-0.0551589000381629),True,False,False,0.36109774224165636,-1.5152256116479634e-09,np.float64(1.870695104559328e-05),1e-06,-3.5792664697491534e-10,-1.1572989646730481e-09,-4.2911087154654384e-10,-1.0861147401014195e-09,-4.181257822988578e-10,-1.0970998293491056e-09,-4.872444317492177e-10,-1.0279811798987457e-09,-4.467496016733371e-10,-1.0684760099746263e-09
m4-v3,d05,17,1,np.float64(2.833213344056216),np.float64(-0.21872828371837585),True,True,True,1.4141070937681854,7.678613300754478e-11,np.float64(7.528077958628971e-05),1e-06,1.336678253034321e-10,-5.688169229588732e-11,1.5339235859264612e-10,-7.660622558510134e-11,1.5422427847622337e-10,-7.74381454686786e-11,1.4620355413982412e-10,-6.941742113227935e-11,1.3694002262799673e-10,-6.015388962045195e-11
m4-v3,d05,19,1,np.float64(2.9444389791664403),np.float64(-0.21501852841127717),True,True,True,1.386509453915115,3.5581138035922777e-10,np.float64(7.340473315719182e-05),1e-06,1.3364253227276335e-10,2.2216884808646441e-10,1.5406430277699779e-10,2.0174707758222998e-10,1.4593702485142432e-10,2.0987435550780345e-10,1.5221358133763825e-10,2.0359779902158952e-10,1.4133160558006225e-10,2.1447977477916552e-10
m4-v3,d05,23,1,np.float64(3.1354942159291497),np.float64(-0.20810964733659634),True,True,True,1.3418820161803042,1.7720136469279169e-10,np.float64(8.436195559049618e-05),1e-06,-2.126036940742049e-10,3.8980505876699655e-10,-2.69806689496712e-10,4.470080541895037e-10,-2.571636418976771e-10,4.3436500659046876e-10,-2.693280692074035e-10,4.465294339001952e-10,-2.54285594495942e-10,4.314869591887337e-10
m4-v3,d05,5,2,np.float64(3.2188758248682006),np.float64(-0.10245999974535523),True,False,False,0.6358719691096935,-2.1091719482058124e-09,np.float64(3.1797498920819745e-05),1e-06,-4.827353936020801e-10,-1.6264365546037324e-09,-7.027141926508502e-10,-1.4064577555549622e-09,-6.383952634825497e-10,-1.4707766847232628e-09,-6.48036296397123e-10,-1.4611356518086896e-09,-6.190318503782286e-10,-1.4901400978275838e-09
m4-v3,d05,3,3,np.float64(3.295836866004329),np.float64(-0.06729963328979954),True,False,False,0.41531872825706384,5.006812742180955e-10,np.float64(2.098072956657602e-05),1e-06,-1.1123078663569507e-10,6.119120608537906e-10,-3.6166809678796883e-10,8.623493710060643e-10,-2.3991083178634345e-10,7.40592106004439e-10,-1.0776695707706197e-10,6.084482312951575e-10,-1.213285265783945e-10,6.2200980079649e-10
m4-v3,d05,29,1,np.float64(3.367295829986474),np.float64(-0.1990363509339811),True,True,True,1.2135069212698688,6.087759185646746e-10,np.float64(6.184869729039969e-05),1e-06,8.981459784178387e-12,5.997944587804962e-10,3.181376411594744e-12,6.055945421530798e-10,3.5323480350766966e-11,5.734524382139076e-10,8.768054228805981e-11,5.210953762766148e-10,8.047489064161676e-11,5.283010279230578e-10
m4-v3,d05,31,1,np.float64(3.4339872044851463),np.float64(-0.1963215403858554),True,True,True,1.2028927471845408,1.1058600701829846e-09,np.float64(6.074059127045709e-05),1e-06,2.0590137593113127e-10,8.999586942518533e-10,2.1493747160142622e-10,8.909225985815584e-10,2.1751294810971178e-10,8.883471220732728e-10,2.5026881983698935e-10,8.555912503459953e-10,2.356756667502273e-10,8.701844034327573e-10
m4-v3,d05,2,5,np.float64(3.4657359027997265),np.float64(-0.0390032322597759),True,False,False,0.23351609912726035,-4.521867991158501e-09,np.float64(1.1547250917889928e-05),1e-06,-5.445191233758207e-10,-3.977348867782681e-09,-1.3189137299326078e-09,-3.2029542612258936e-09,-9.218005348664276e-10,-3.6000674562920738e-09,-8.847233577363211e-10,-3.63714463342218e-09,-8.61379322208516e-10,-3.6604886689499853e-09
m4-v3,d05,37,1,np.float64(3.6109179126442243),np.float64(-0.1889586950119591),True,True,True,1.1287657320605538,-9.227113517695784e-10,np.float64(5.650848680573887e-05),1e-06,8.444009267234637e-11,-1.0071514444419247e-09,1.4570297476482453e-10,-1.0684143265344028e-09,5.6501768704080923e-11,-9.792131204736594e-10,2.7967440302537023e-12,-9.255080957998321e-10,4.312523309137736e-12,-9.270238750787161e-10
m4-v3,d05,41,1,np.float64(3.713572066704308),np.float64(-0.184607803637099),True,True,True,1.0617743818884562,1.381966541202928e-09,np.float64(6.560646571853209e-05),1e-06,2.5173491868447255e-10,1.1302316225184555e-09,3.921806508006124e-10,9.897858904023157e-10,3.930919144451456e-10,9.888746267577825e-10,3.654922833059284e-10,1.0164742578969996e-09,3.6404102226552756e-10,1.0179255189374004e-09
m4-v3,d05,43,1,np.float64(3.7612001156935624),np.float64(-0.18257543342631882),True,True,True,1.0323024866342125,-5.666623836830809e-10,np.float64(6.133857589805455e-05),1e-06,9.563469611639564e-11,-6.622970797994765e-10,2.8421668592513404e-10,-8.508790696082149e-10,1.434407523050125e-10,-7.101031359880934e-10,6.839244740689924e-11,-6.350548310899801e-10,7.273390889507319e-11,-6.393962925781541e-10
m4-v3,d05,47,1,np.float64(3.8501476017100584),np.float64(-0.17876338822837304),True,True,True,1.0177645426150335,-2.919366970388637e-10,np.float64(5.294131757085601e-05),1e-06,-4.766517776847416e-12,-2.871701792620163e-10,-1.361196905260206e-10,-1.5581700651284312e-10,-2.6376695139679336e-11,-2.6556000189918436e-10,6.702968798338062e-11,-3.589663850222443e-10,5.6754691918764536e-11,-3.4869138895762825e-10
m4-v3,d05,7,2,np.float64(3.8918202981106265),np.float64(-0.08848606258138285),True,False,False,0.4918985916334174,1.070471045139243e-09,np.float64(2.6985047552125455e-05),1e-06,5.054808204040501e-11,1.0199229630988379e-09,-1.0931073641983454e-10,1.1797817815590776e-09,-1.9000053790797787e-10,1.2604715830472208e-09,-1.623302789110536e-10,1.2328013240502965e-09,-1.7580680084467075e-10,1.2462778459839137e-09
m4-v3,d05,53,1,np.float64(3.970291913552122),np.float64(-0.1735939685443537),True,False,False,0.9804667447532243,-5.789149160051466e-10,np.float64(7.227313284625276e-05),1e-06,-2.484284701964882e-10,-3.3048644580865833e-10,-6.142159844344558e-10,3.530106842930921e-11,-4.117173867770039e-10,-1.6719752922814263e-10,-3.2943916533648477e-10,-2.494757506686618e-10,-3.313014020042957e-10,-2.4761351400085084e-10
m4-v3,d05,59,1,np.float64(4.07753744390572),np.float64(-0.16897485378921837),True,False,False,0.9167034302827126,-1.151116868491897e-09,np.float64(5.298073008815612e-05),1e-06,-1.2348904810604707e-09,8.377361256857361e-11,-1.7106080517634936e-09,5.594911832715965e-10,-1.5957057771538918e-09,4.4458890866199474e-10,-1.6132673565161115e-09,4.621504880242144e-10,-1.5902722025039402e-09,4.3915533401204315e-10
m4-v3,d05,61,1,np.float64(4.110873864173311),np.float64(-0.16754032791775322),True,False,False,0.9104154447568963,-1.3153070854698967e-09,np.float64(5.1070071249706944e-05),1e-06,-1.8993328759135254e-09,5.840257904436287e-10,-2.499350208544536e-09,1.1840431230746392e-09,-2.375339260585465e-09,1.0600321751155683e-09,-2.3284333798957084e-09,1.0131262944258117e-09,-2.3070071792083995e-09,9.917000937385027e-10
m4-v3,d05,2,6,np.float64(4.1588830833596715),np.float64(-0.02757945001908145),True,False,False,0.150382930214004,4.976938416945131e-09,np.float64(8.896498100289853e-06),1e-06,1.4419937511461767e-09,3.534944665798955e-09,9.574214141409212e-10,4.019517002804211e-09,2.099148094796274e-09,2.8777903221488573e-09,2.4259188010317733e-09,2.551019615913358e-09,2.4198742648262616e-09,2.55706415211887e-09
m4-v3,d05,67,1,np.float64(4.204692619390966),np.float64(-0.16351100147025147),True,False,False,0.8691766730367356,-7.830567305688874e-10,np.float64(5.73447984867227e-05),1e-06,-3.035884380648312e-10,-4.794682925040562e-10,-2.1883883368914157e-11,-7.611728471999732e-10,-2.8780422280350344e-10,-4.952525077653839e-10,-3.762123713491004e-10,-4.0684435921978696e-10,-3.710104705945112e-10,-4.1204625997437614e-10
m4-v3,d05,71,1,np.float64(4.2626798770413155),np.float64(-0.16102884271275783),True,False,False,0.8480471717275953,1.503389857049342e-09,np.float64(4.783275586795628e-05),1e-06,3.4891123195928976e-10,1.1544786250900522e-09,1.025742292921232e-09,4.7764756412811e-10,7.66108197013558e-10,7.372816600357841e-10,7.367657706523859e-10,7.666240863969561e-10,7.32298548100354e-10,7.710913089489881e-10
m4-v3,d05,73,1,np.float64(4.290459441148391),np.float64(-0.1598425863444375),True,False,False,0.8396668368169582,2.617195349330359e-11,np.float64(4.75487997268106e-05),1e-06,3.428071283919199e-11,-8.108759345888403e-12,-6.251838173805694e-10,6.51355770873873e-10,-3.552645713208524e-10,3.81436524814156e-10,-3.263508960200883e-10,3.525228495133919e-10,-3.2501604627414377e-10,3.5118799976744736e-10
m4-v3,d05,79,1,np.float64(4.3694478524670215),np.float64(-0.15648155106679665),True,False,False,0.8100042370192226,-2.3993383946319113e-09,np.float64(5.0399354033011596e-05),1e-06,-1.08760914586478e-09,-1.3117292487671313e-09,-1.8060888708226736e-09,-5.932495238092378e-10,-1.611936857748497e-09,-7.874015368834143e-10,-1.4739028384830553e-09,-9.254355561488561e-10,-1.4845242634967597e-09,-9.148141311351516e-10
m4-v3,d05,3,4,np.float64(4.394449154672439),np.float64(-0.03885546139622887),True,False,False,0.20108710857092904,1.2219280032255142e-08,np.float64(1.4894647901725797e-05),1e-06,1.3433868498637896e-08,-1.2145884663827537e-09,1.6195930427003353e-08,-3.976650394748211e-09,1.5885565858751795e-08,-3.6662858264966527e-09,1.6213115335124848e-08,-3.993835302869706e-09,1.6084043955168592e-08,-3.86476392291345e-09
m4-v3,d05,83,1,np.float64(4.418840607796598),np.float64(-0.15439008898017337),True,False,False,0.793454822307469,-3.869107034759622e-09,np.float64(4.6818952171067305e-05),1e-06,-2.2218493454490284e-09,-1.647257689310594e-09,-2.1529929641179652e-09,-1.7161140706416571e-09,-2.2718588382417323e-09,-1.59724819651789e-09,-2.4203106942565675e-09,-1.4487963405030549e-09,-2.388881909464726e-09,-1.4802251252948966e-09
m4-v3,d05,89,1,np.float64(4.48863636973214),np.float64(-0.15145009428891956),True,False,False,0.7798678528116414,-1.1474314831616539e-09,np.float64(4.5158636465245853e-05),1e-06,-2.849369921265916e-09,1.7019384381042622e-09,-2.875602872998274e-09,1.7281713898366203e-09,-2.741701847138004e-09,1.59427036397635e-09,-2.7527442605631426e-09,1.6053127774014887e-09,-2.7248384920703793e-09,1.5774070089087254e-09
m4-v3,d05,97,1,np.float64(4.574710978503383),np.float64(-0.14785224441209735),True,False,False,0.7589401742317614,-1.651759029552835e-08,np.float64(4.373425619000981e-05),1e-06,-1.563259400537257e-08,-8.849962901557812e-10,-1.6615226342746138e-08,9.763604721778718e-11,-1.6633899002781027e-08,1.1630870725267658e-10,-1.6593375798994697e-08,7.578550346634628e-11,-1.6554749062122006e-08,3.7158766593655767e-11
m4-v3,d05,101,1,np.float64(4.61512051684126),np.float64(-0.14617479278578105),True,False,False,0.7379403916722969,1.0351137946784661e-08,np.float64(4.501816524859915e-05),1e-06,8.697418142730128e-09,1.6537198040545328e-09,8.893546745843527e-09,1.457591200941134e-09,8.827457396602968e-09,1.5236805501816927e-09,8.90520560338238e-09,1.445932343402281e-09,8.861955413187053e-09,1.4891825335976078e-09
m4-v3,d05,103,1,np.float64(4.634728988229636),np.float64(-0.145363663339395),True,False,False,0.7284040455739809,3.597765418916765e-09,np.float64(4.295274350904332e-05),1e-06,2.9827727837721272e-09,6.149926351446379e-10,2.174723298610371e-09,1.4230421203063943e-09,2.6512606039459257e-09,9.465048149708394e-10,2.899067360155047e-09,6.986980587617182e-10,2.878395931097092e-09,7.193694878196733e-10
m4-v3,d05,107,1,np.float64(4.672828834461906),np.float64(-0.14379312149769535),True,False,False,0.7122102528708744,-2.5073347953430414e-08,np.float64(4.270748186545413e-05),1e-06,-2.4803692975208666e-08,-2.6965497822174826e-10,-2.5237115276193648e-08,1.6376732276323385e-10,-2.5379891701402898e-08,3.065437479724844e-10,-2.5342303774425396e-08,2.689558209949819e-10,-2.530689561021515e-08,2.3354765678473676e-10
m4-v3,d05,109,1,np.float64(4.6913478822291435),np.float64(-0.14303243005044233),True,False,False,0.7124893357290583,-2.9589468653057338e-08,np.float64(4.230601535460255e-05),1e-06,-3.08819454611523e-08,1.2924768080949639e-09,-3.16004924773441e-08,2.011023824286759e-09,-3.172471492667917e-08,2.1352462736218287e-09,-3.168646303229636e-08,2.0969943792390243e-09,-3.164819776853272e-08,2.0587291154753814e-09
m4-v3,d05,113,1,np.float64(4.727387818712341),np.float64(-0.14155725660115417),True,False,False,0.7035094437065196,-1.0562968388860838e-08,np.float64(5.427743283481357e-05),1e-06,-9.356800376914952e-09,-1.206168011945886e-09,-7.316260696469162e-09,-3.2467076923916766e-09,-8.136226051493517e-09,-2.4267423373673214e-09,-8.352117776628457e-09,-2.210850612232381e-09,-8.343699397838933e-09,-2.2192689910219053e-09
m4-v3,d05,11,2,np.float64(4.795790545596741),np.float64(-0.06938852466955447),True,False,False,0.33888099641583763,2.9046950178468478e-08,np.float64(2.0614488718704272e-05),1e-06,2.5604871177466133e-08,3.442079001002345e-09,2.469505066225671e-08,4.351899516211768e-09,2.5775172457099705e-08,3.2717777213687732e-09,2.6038379269163446e-08,3.008570909305032e-09,2.607868482933771e-08,2.968265349130767e-09
m4-v3,d05,5,3,np.float64(4.828313737302301),np.float64(-0.04582150488104508),True,False,False,0.22766108749592787,1.1367467966927336e-07,np.float64(1.791388577261023e-05),1e-06,1.0527635069886556e-07,8.398328970407801e-09,1.1902457319804683e-07,-5.349893528773473e-09,1.1624284893350362e-07,-2.5681692642302648e-09,1.1545237257715502e-07,-1.7776929078816622e-09,1.1544510642065031e-07,-1.7704267513769528e-09
m4-v3,d05,127,1,np.float64(4.844187086458591),np.float64(-0.13682617124428062),True,False,False,0.6750719340299106,-1.440534684871153e-07,np.float64(3.907710747424244e-05),1e-06,-1.3880146777522504e-07,-5.2520007118902695e-09,-1.4496465708293128e-07,9.111885958159662e-10,-1.4415690243250828e-07,1.0343394539297409e-10,-1.441181938563992e-07,6.472536928389475e-11,-1.4407225284831036e-07,1.878436119505078e-11
m4-v3,d05,2,7,np.float64(4.852030263919617),np.float64(-0.01950161612988795),True,False,False,0.09577809374558642,-1.3407122110287162e-06,np.float64(7.221068674174706e-06),1e-06,-1.328657249775701e-06,-1.2054961253015149e-08,-1.3516989790896984e-06,1.0986768060982187e-08,-1.350829557769339e-06,1.0117346740622893e-08,-1.352231020732356e-06,1.1518809703639753e-08,-1.3516576079940639e-06,1.0945396965347678e-08
m4-v3,d05,131,1,np.float64(4.875197323201151),np.float64(-0.1355834491603077),True,False,False,0.6613401399788849,1.9097206882534579e-07,np.float64(4.351123294056971e-05),1e-06,1.9233256120091428e-07,-1.3604923755684977e-09,1.8990994177457583e-07,1.062127050769961e-09,1.909990844405059e-07,-2.7015615160118782e-11,1.9128110706356542e-07,-3.0903823821963727e-10,1.9127177735306187e-07,-2.9970852771608015e-10
m4-v3,d05,137,1,np.float64(4.919980925828125),np.float64(-0.13379912176069506),True,False,False,0.6337509257472002,-6.798915764827385e-07,np.float64(4.4383839311668585e-05),1e-06,-6.745583127094301e-07,-5.333263773308404e-09,-6.813972097764883e-07,1.5056332937498673e-09,-6.80761572415351e-07,8.69995932612566e-10,-6.805605421398557e-07,6.689656571172778e-10,-6.805311466729179e-07,6.395701901794501e-10
m4-v3,d05,139,1,np.float64(4.9344739331306915),np.float64(-0.13322434272608064),True,False,False,0.6306126581539809,1.010567862280709e-06,np.float64(4.103638414278556e-05),1e-06,1.006479045103232e-06,4.088817177476989e-09,1.0092175169958683e-06,1.3503452848407454e-09,1.0091374885418832e-06,1.4303737388258217e-09,1.0090645226487108e-06,1.503339631998224e-09,1.009006520088956e-06,1.5613421917530852e-09
m4-v3,d06,2,1,np.float64(0.6931471805599453),np.float64(-0.1560129290391036),True,True,True,1.1918387054698902,3.786722047038893e-10,np.float64(4.7146034176303354e-05),1e-06,-2.0168531535615026e-11,3.988407362395043e-10,-3.358433257511713e-11,4.122565372790064e-10,-3.5377730587455955e-11,4.1404993529134527e-10,-1.6191811081286505e-11,3.948640157851758e-10,-1.8974673342387862e-11,3.9764687804627717e-10
m4-v3,d06,3,1,np.float64(1.0986122886681098),np.float64(-0.20189889986939866),True,True,True,1.482458884253047,1.1219825069019862e-10,np.float64(6.703677088702582e-05),1e-06,-1.5427266237698363e-11,1.2762551692789699e-10,-3.002747173621004e-11,1.4222572242640867e-10,-1.2527497354824076e-11,1.2472574804502268e-10,-4.315674844859898e-12,1.1651392553505853e-10,-8.302051937667328e-12,1.2050030262786594e-10
m4-v3,d06,2,2,np.float64(1.3862943611198906),np.float64(-0.1103178000763258),True,False,False,0.7991825307915746,4.3702308438753334e-10,np.float64(3.451473337802064e-05),1e-06,-3.333572361189959e-12,4.403566567487233e-10,-2.7778492697726597e-11,4.6480157708525995e-10,6.2754148225189786e-12,4.3074766956501435e-10,2.371763069001148e-11,4.133054536975219e-10,1.1403757756254187e-11,4.256193266312792e-10
m4-v3,d06,5,1,np.float64(1.6094379124341003),np.float64(-0.22910752440522542),True,True,True,1.6295540393538588,3.0027647035524296e-10,np.float64(7.386867154823911e-05),1e-06,1.2209493217427068e-11,2.880669771378159e-10,2.2514937325684894e-11,2.7776153302955806e-10,2.520270598454365e-11,2.750737643706993e-10,8.46407352761664e-12,2.918123968276263e-10,1.005554874484856e-11,2.902209216103944e-10
m4-v3,d06,7,1,np.float64(1.9459101490553132),np.float64(-0.23411211608563706),True,True,True,1.662911552257711,9.599188111053536e-11,np.float64(7.049616684924945e-05),1e-06,-3.059523999463535e-11,1.265871211051707e-10,-5.441990351564198e-11,1.5041178462617735e-10,-4.7240111327700714e-11,1.4323199243823607e-10,-3.2147144192136866e-11,1.2813902530267222e-10,-4.1377630569794446e-11,1.373695116803298e-10
m4-v3,d06,2,3,np.float64(2.0794415416798357),np.float64(-0.0780064645195518),True,False,False,0.541728998186081,2.897191375694774e-10,np.float64(2.923619732533632e-05),1e-06,2.991566353195083e-11,2.598034740375266e-10,2.6855169802936254e-11,2.6286396776654117e-10,6.648063810044124e-11,2.2323849946903619e-10,8.648663628870802e-11,2.032325012807694e-10,9.924945804962183e-11,1.904696795198556e-10
m4-v3,d06,3,2,np.float64(2.1972245773362196),np.float64(-0.1165663841886866),True,False,False,0.798987651085205,-1.0457031907051828e-09,np.float64(3.487046389777721e-05),1e-06,-7.19482596922032e-11,-9.737549310129796e-10,-1.1267519504380396e-10,-9.330279956613788e-10,-9.225773161077592e-11,-9.534454590944069e-10,-6.361974885851196e-11,-9.820834418466708e-10,-6.442383977435946e-11,-9.812793509308234e-10
m4-v3,d06,11,1,np.float64(2.3978952727983707),np.float64(-0.23013570108523157),True,True,True,1.5551503840377736,3.0001534589985113e-10,np.float64(6.822434372341719e-05),1e-06,-2.777444696506444e-11,3.2778979286491555e-10,-2.088225356428974e-11,3.208975994641409e-10,-5.829938534253624e-11,3.583147312423874e-10,-6.15643313495498e-11,3.6157967724940095e-10,-5.992027690913833e-11,3.599356228089895e-10
m4-v3,d06,13,1,np.float64(2.5649493574615367),np.float64(-0.22644213759952758),True,True,True,1.5066667242083125,-1.2117407077738562e-10,np.float64(6.756915179311303e-05),1e-06,-2.9681226796684374e-11,-9.149284398070126e-11,-1.3524951046130278e-11,-1.0764911973125535e-10,-6.048763812261868e-11,-6.068643265476694e-11,-6.70649343878209e-11,-5.410913638956473e-11,-6.021378919614201e-11,-6.096028158124361e-11
m4-v3,d06,2,4,np.float64(2.772588722239781),np.float64(-0.0551589000381629),True,False,False,0.3586727389613508,1.1988714465616113e-09,np.float64(1.6344527204428803e-05),1e-06,1.7353180411863737e-10,1.0253396424429739e-09,2.101773427142839e-10,9.886941038473273e-10,1.670562299181688e-10,1.0318152166434424e-09,2.279259059178668e-10,9.709455406437444e-10,2.413314507487628e-10,9.575399958128485e-10
m4-v3,d06,17,1,np.float64(2.833213344056216),np.float64(-0.21872828371837585),True,True,True,1.3965314560680555,-3.209099652679015e-11,np.float64(7.38707085986079e-05),1e-06,5.2057307862133855e-11,-8.4148304388924e-11,9.036054687913283e-11,-1.2245154340592298e-10,5.575209992160575e-11,-8.78430964483959e-11,3.7032881863044084e-11,-6.912387838983424e-11,3.857431353374253e-11,-7.066531006053268e-11
m4-v3,d06,19,1,np.float64(2.9444389791664403),np.float64(-0.21501852841127717),True,True,True,1.3829629160954342,-2.1756119128468754e-10,np.float64(6.386940106038286e-05),1e-06,-6.596644768396848e-11,-1.5159474360071905e-10,-5.1627744924304086e-11,-1.6593344636038347e-10,-1.1730574086689102e-10,-1.0025545041779651e-10,-1.2250574126031636e-10,-9.505545002437117e-11,-1.1680471195151817e-10,-1.0075647933316936e-10
m4-v3,d06,23,1,np.float64(3.1354942159291497),np.float64(-0.20810964733659634),True,True,True,1.2856256769920713,8.14305067819987e-10,np.float64(6.137744148983485e-05),1e-06,1.0490443026753587e-10,7.094006375524512e-10,1.0610954912320487e-10,7.081955186967821e-10,1.743567177970434e-10,6.399483500229437e-10,1.761325243311915e-10,6.381725434887956e-10,1.769173131097501e-10,6.373877547102369e-10
m4-v3,d06,5,2,np.float64(3.2188758248682006),np.float64(-0.10245999974535523),True,False,False,0.6387939097818088,1.432681973057015e-09,np.float64(3.023856010785272e-05),1e-06,2.267691645829163e-10,1.2059128084740988e-09,2.1990959774977312e-10,1.2127723753072418e-09,3.746730721048369e-10,1.0580089009521782e-09,3.8202679173870035e-10,1.0506551813183148e-09,3.8188926406756215e-10,1.050792708989453e-09
m4-v3,d06,3,3,np.float64(3.295836866004329),np.float64(-0.06729963328979954),True,False,False,0.4055670895763937,-7.995070161470608e-10,np.float64(2.0023446961350175e-05),1e-06,-5.204773392467586e-10,-2.790296769003022e-10,-7.17849677566054e-10,-8.165733858100676e-11,-7.454615314707771e-10,-5.4045484676283676e-11,-6.270620837187907e-10,-1.7244493242827008e-10,-6.163960660041254e-10,-1.8311095014293536e-10
m4-v3,d06,29,1,np.float64(3.367295829986474),np.float64(-0.1990363509339811),True,True,True,1.206861724471364,3.7237257721756123e-10,np.float64(6.588798714946078e-05),1e-06,-1.3507338607507867e-10,5.074459632926399e-10,-2.1640736427584848e-10,5.887799414934097e-10,-1.563006040903705e-10,5.286731813079317e-10,-1.2795543304436052e-10,5.003280102619218e-10,-1.307476001925918e-10,5.03120177410153e-10
m4-v3,d06,31,1,np.float64(3.4339872044851463),np.float64(-0.1963215403858554),True,True,True,1.1808918891267925,2.0190826788279992e-10,np.float64(5.845006403083061e-05),1e-06,-2.3065067032578745e-10,4.325589382085874e-10,-3.3337406943635323e-10,5.352823373191531e-10,-3.215090588054283e-10,5.234173266882283e-10,-3.035947761580905e-10,5.055030440408905e-10,-3.279584398093001e-10,5.298667076921e-10
m4-v3,d06,2,5,np.float64(3.4657359027997265),np.float64(-0.0390032322597759),True,False,False,0.23707302724327753,7.808803381692542e-09,np.float64(1.2836797577668166e-05),1e-06,1.4049468147136532e-09,6.403856566978888e-09,1.642036447940176e-09,6.1667669337523654e-09,2.0672742512113834e-09,5.741529130481159e-09,1.976865792960925e-09,5.831937588731617e-09,1.9773322123386343e-09,5.831471169353907e-09
m4-v3,d06,37,1,np.float64(3.6109179126442243),np.float64(-0.1889586950119591),True,True,True,1.124271193560357,1.3072329885233103e-09,np.float64(5.5934264950928415e-05),1e-06,-2.173659686683873e-10,1.5245989571916976e-09,-2.0270799438196343e-10,1.5099409829052737e-09,-3.2986579795325523e-10,1.6370987864765655e-09,-3.391258518348927e-10,1.646358840358203e-09,-3.3842752709135363e-10,1.6456605156146639e-09
m4-v3,d06,41,1,np.float64(3.713572066704308),np.float64(-0.184607803637099),True,True,True,1.0694391381095985,-6.798908103178292e-10,np.float64(7.464814630586369e-05),1e-06,2.7679705972197575e-10,-9.56687870039805e-10,4.5907044922744307e-10,-1.1389612595452721e-09,3.022023175778098e-10,-9.82093127895639e-10,2.7671291829863294e-10,-9.566037286164621e-10,2.9977630864214164e-10,-9.796671189599707e-10
m4-v3,d06,43,1,np.float64(3.7612001156935624),np.float64(-0.18257543342631882),True,True,True,1.0442031078993206,2.2907431507235287e-10,np.float64(6.071532971384585e-05),1e-06,-1.5546531646966624e-10,3.8453963154201914e-10,-1.8260088463940525e-10,4.1167519971175815e-10,-1.4734983717969004e-10,3.764241522520429e-10,-1.9382641139973433e-10,4.229007264720872e-10,-2.1878372608363268e-10,4.478580411559855e-10
m4-v3,d06,47,1,np.float64(3.8501476017100584),np.float64(-0.17876338822837304),True,True,True,1.0332377476855863,1.0024543417586074e-09,np.float64(7.166020634152422e-05),1e-06,-1.1162763258237589e-10,1.1140819743409833e-09,-2.7671739562229736e-10,1.2791717373809048e-09,-2.255113421261333e-10,1.2279656838847407e-09,-1.5267934648554766e-10,1.1551336882441551e-09,-1.6963512201174853e-10,1.172089463770356e-09
m4-v3,d06,7,2,np.float64(3.8918202981106265),np.float64(-0.08848606258138285),True,False,False,0.5027765395785482,-2.5670978676117784e-09,np.float64(2.8021310083570503e-05),1e-06,-1.4290569979121261e-09,-1.1380408696996522e-09,-1.7683386153212805e-09,-7.987592522904979e-10,-1.884451609774385e-09,-6.826462578373936e-10,-1.7808185700906403e-09,-7.862792975211381e-10,-1.7711043751256293e-09,-7.959934924861491e-10
m4-v3,d06,53,1,np.float64(3.970291913552122),np.float64(-0.1735939685443537),True,False,False,0.9590536891845752,1.7750303449304283e-09,np.float64(5.117240438827017e-05),1e-06,5.146094021022513e-10,1.260420942828177e-09,5.899256077254758e-10,1.1851047372049526e-09,5.230893876950131e-10,1.2519409572354152e-09,5.67663428495801e-10,1.2073669164346275e-09,5.811845211150043e-10,1.1938458238154239e-09
m4-v3,d06,59,1,np.float64(4.07753744390572),np.float64(-0.16897485378921837),True,False,False,0.9122964678307025,3.0053499688875718e-09,np.float64(4.9829872576616485e-05),1e-06,1.0795740219371707e-09,1.925775946950401e-09,1.3218758707583129e-09,1.683474098129259e-09,1.2815326689153072e-09,1.7238172999722645e-09,1.2545553981629456e-09,1.7507945707246261e-09,1.2569858906531847e-09,1.748364078234387e-09
m4-v3,d06,61,1,np.float64(4.110873864173311),np.float64(-0.16754032791775322),True,False,False,0.8985216701984314,2.9950937285860846e-09,np.float64(5.007121294299142e-05),1e-06,7.485879314021083e-10,2.2465057971839763e-09,7.32730976116268e-10,2.2623627524698166e-09,9.711141594585376e-10,2.023979569127547e-09,9.900659596270587e-10,2.005027768959026e-09,9.943902491797017e-10,2.000703479406383e-09
m4-v3,d06,2,6,np.float64(4.1588830833596715),np.float64(-0.02757945001908145),True,False,False,0.1468016489192279,1.0037463304968242e-08,np.float64(9.51068164130091e-06),1e-06,7.545384537699813e-09,2.492078767268429e-09,1.0080833564389831e-08,-4.337025942158935e-11,8.77261681213141e-09,1.2648464928368317e-09,8.687444416403181e-09,1.35001888856506e-09,9.008236749707708e-09,1.0292265552605336e-09
m4-v3,d06,67,1,np.float64(4.204692619390966),np.float64(-0.16351100147025147),True,False,False,0.8678631153471721,-2.3743806920606403e-09,np.float64(5.1728801154386637e-05),1e-06,-1.4500265326809598e-09,-9.243541593796804e-10,-1.8001018580358578e-09,-5.742788340247825e-10,-1.5860023286945243e-09,-7.88378363366116e-10,-1.5958955156821465e-09,-7.784851763784938e-10,-1.6270619316049962e-09,-7.473187604556441e-10
m4-v3,d06,71,1,np.float64(4.2626798770413155),np.float64(-0.16102884271275783),True,False,False,0.8750541450702823,-3.0625063596190216e-09,np.float64(4.8184089993294444e-05),1e-06,-1.8155977515005374e-09,-1.2469086081184842e-09,-2.2531815000690898e-09,-8.093248595499318e-10,-2.1153854583426304e-09,-9.471209012763912e-10,-2.0645258111502784e-09,-9.979805484687432e-10,-2.0718169431738473e-09,-9.906894164451743e-10
m4-v3,d06,73,1,np.float64(4.290459441148391),np.float64(-0.1598425863444375),True,False,False,0.8596107509587537,8.563236786329753e-10,np.float64(4.893602123031925e-05),1e-06,1.91105451963445e-09,-1.0547308410014748e-09,2.40047627447289e-09,-1.5441525958399146e-09,2.213252587644905e-09,-1.3569289090119295e-09,2.1575618954899825e-09,-1.3012382168570072e-09,2.1679731019491486e-09,-1.3116494233161733e-09
m4-v3,d06,79,1,np.float64(4.3694478524670215),np.float64(-0.15648155106679665),True,False,False,0.8080737219716412,1.2950847061432569e-09,np.float64(4.6408242451880004e-05),1e-06,-6.580424238427919e-11,1.3608889485275361e-09,-3.4976282673024e-10,1.644847532873497e-09,-4.2537049238682403e-10,1.7204551985300808e-09,-2.8816862258057997e-10,1.583253328723837e-09,-2.6238794858169206e-10,1.557472654724949e-09
m4-v3,d06,3,4,np.float64(4.394449154672439),np.float64(-0.03885546139622887),True,False,False,0.2018015945452759,-5.278245618356436e-09,np.float64(1.266667756634852e-05),1e-06,-1.038318131338432e-08,5.104935695027883e-09,-1.2914175481068491e-08,7.635929862712055e-09,-1.3418000383237822e-08,8.139754764881385e-09,-1.2847122954184721e-08,7.568877335828285e-09,-1.2835154658489193e-08,7.556909040132757e-09
m4-v3,d06,83,1,np.float64(4.418840607796598),np.float64(-0.15439008898017337),True,False,False,0.7866898224856099,2.572797530575599e-09,np.float64(4.764965656880017e-05),1e-06,1.5546041825707125e-09,1.0181933480048865e-09,2.1503948572533056e-09,4.224026733222934e-10,2.244847684086225e-09,3.279498464893742e-10,2.0818165057090073e-09,4.909810248665917e-10,2.0750249973047884e-09,4.977725332708106e-10
m4-v3,d06,89,1,np.float64(4.48863636973214),np.float64(-0.15145009428891956),True,False,False,0.7705908272022165,6.245329142728906e-09,np.float64(6.306911783578292e-05),1e-06,4.778256585476041e-09,1.4670725572528652e-09,5.757238427097551e-09,4.880907156313552e-10,5.217561626241212e-09,1.0277675164876937e-09,5.18096897631529e-09,1.0643601664136161e-09,5.2390272892097054e-09,1.0063018535192005e-09
m4-v3,d06,97,1,np.float64(4.574710978503383),np.float64(-0.14785224441209735),True,False,False,0.7361131158798948,4.342200821128017e-09,np.float64(5.044959315574126e-05),1e-06,2.8158148589313308e-09,1.5263859621966864e-09,2.355809849102269e-09,1.986390972025748e-09,2.9426272191366578e-09,1.3995736019913594e-09,3.0169789565677385e-09,1.3252218645602787e-09,2.9754893028623963e-09,1.366711518265621e-09
m4-v3,d06,101,1,np.float64(4.61512051684126),np.float64(-0.14617479278578105),True,False,False,0.7194836061514553,-1.0890954138531583e-08,np.float64(5.090498184678116e-05),1e-06,-9.054146015361865e-09,-1.836808123169718e-09,-1.0557418588310194e-08,-3.335355502213898e-10,-9.765156665939801e-09,-1.125797472591782e-09,-9.688786844969546e-09,-1.202167293562037e-09,-9.75734519809572e-09,-1.1336089404358638e-09
m4-v3,d06,103,1,np.float64(4.634728988229636),np.float64(-0.145363663339395),True,False,False,0.7159432465517229,6.274298414155055e-09,np.float64(4.827804692021973e-05),1e-06,7.57609573425269e-09,-1.3017973200976357e-09,7.626920403918248e-09,-1.3526219897631925e-09,7.429294925966234e-09,-1.1549965118111788e-09,7.566357538575347e-09,-1.2920591244202923e-09,7.622137462789179e-09,-1.3478390486341237e-09
m4-v3,d06,107,1,np.float64(4.672828834461906),np.float64(-0.14379312149769535),True,False,False,0.7196490474928416,2.3429405082708854e-09,np.float64(4.393421522468506e-05),1e-06,2.129560357569503e-09,2.1338015070138256e-10,1.59993515218423e-09,7.430053560866554e-10,2.350690798884444e-09,-7.750290613558685e-12,2.4263826172411716e-09,-8.344210897028625e-11,2.4202719260975046e-09,-7.733141782661923e-11
m4-v3,d06,109,1,np.float64(4.6913478822291435),np.float64(-0.14303243005044233),True,False,False,0.718627052641408,3.914050639153288e-09,np.float64(4.343478557896224e-05),1e-06,1.6855755306698422e-09,2.228475108483446e-09,1.0981504033203591e-09,2.8159002358329288e-09,1.900794299218117e-09,2.013256339935171e-09,1.977963182300034e-09,1.936087456853254e-09,1.9689275590337005e-09,1.9451230801195876e-09
m4-v3,d06,113,1,np.float64(4.727387818712341),np.float64(-0.14155725660115417),True,False,False,0.6946373154346168,-1.9941322482175394e-08,np.float64(4.182014420636225e-05),1e-06,-1.820728097494738e-08,-1.7340415072280159e-09,-2.0117616239379765e-08,1.7629375720437046e-10,-2.0037130104108066e-08,9.580762193267198e-11,-1.9927876264241005e-08,-1.3446217934388878e-11,-1.9996180406280723e-08,5.485792410532901e-11
m4-v3,d06,11,2,np.float64(4.795790545596741),np.float64(-0.06938852466955447),True,False,False,0.3386284816615388,2.5776874634786395e-08,np.float64(2.4334371694786218e-05),1e-06,2.2142032657945237e-08,3.634841976841158e-09,2.6436371721102536e-08,-6.594970863161405e-10,2.7347567407712317e-08,-1.5706927729259213e-09,2.7023715230957198e-08,-1.2468405961708023e-09,2.7061513547236066e-08,-1.2846389124496707e-09
m4-v3,d06,5,3,np.float64(4.828313737302301),np.float64(-0.04582150488104508),True,False,False,0.22392721070289068,-2.9213944541250925e-07,np.float64(1.418363414416489e-05),1e-06,-2.8839048716424437e-07,-3.748958248264876e-09,-2.936686200633173e-07,1.5291746508080333e-09,-2.914587801811658e-07,-6.806652313434455e-10,-2.91594223924483e-07,-5.45221488026255e-10,-2.9176035605621036e-07,-3.7908935629888853e-10
m4-v3,d06,127,1,np.float64(4.844187086458591),np.float64(-0.13682617124428062),True,False,False,0.6705975317111795,-2.7478544994963272e-09,np.float64(4.5400701222663796e-05),1e-06,-1.5131771816527265e-09,-1.2346773178436007e-09,1.2992242943549038e-09,-4.047078793851231e-09,1.8835462631873075e-10,-2.936209125815058e-09,-5.595500368551955e-11,-2.6918994958108075e-09,2.9060611244382542e-11,-2.77691511074071e-09
m4-v3,d06,2,7,np.float64(4.852030263919617),np.float64(-0.01950161612988795),True,False,False,0.09417816919683646,9.54258158714083e-07,np.float64(5.503633558338387e-06),1e-06,9.454345145820726e-07,8.823644132010435e-09,9.644708525780032e-07,-1.0212693863920149e-08,9.61155297773918e-07,-6.8971390598350296e-09,9.60970423721384e-07,-6.7122650073009964e-09,9.61120324767867e-07,-6.862166053783911e-09
m4-v3,d06,131,1,np.float64(4.875197323201151),np.float64(-0.1355834491603077),True,False,False,0.6618027385074917,1.1139615230248978e-07,np.float64(4.21006369139777e-05),1e-06,1.0770227029897793e-07,3.6938820035118535e-09,1.1097030171577073e-07,4.2585058671905477e-10,1.1020846947296276e-07,1.1876828295270212e-09,1.1014228946771079e-07,1.253862834778996e-09,1.1024857239965039e-07,1.147579902839395e-09
m4-v3,d06,137,1,np.float64(4.919980925828125),np.float64(-0.13379912176069506),True,False,False,0.63667152420792,-1.4882409082872528e-07,np.float64(4.7965565956229024e-05),1e-06,-1.5002728661465722e-07,1.2031957859319413e-09,-1.4896468894742657e-07,1.4059811870129005e-10,-1.4785107333765774e-07,-9.730174910675368e-10,-1.4787333426848479e-07,-9.5075656024049e-10,-1.4790187115456036e-07,-9.222196741649182e-10
m4-v3,d06,139,1,np.float64(4.9344739331306915),np.float64(-0.13322434272608064),True,False,False,0.6311946405652936,2.9936524126306097e-07,np.float64(4.403554985365805e-05),1e-06,3.0141036453548935e-07,-2.0451232724283868e-09,3.0051771840127183e-07,-1.1524771382108615e-09,3.002862558551383e-07,-9.210145920773105e-10,3.0020319032196694e-07,-8.379490589059775e-10,3.001338125198164e-07,-7.685712567554103e-10
m4-v3,d07,2,1,np.float64(0.6931471805599453),np.float64(-0.1560129290391036),True,True,True,1.1814737672974458,1.3111467467297189e-10,np.float64(4.6549546300617636e-05),1e-06,-3.5814968471291593e-12,1.3469617152010106e-10,-3.576811553256758e-12,1.3469148622622864e-10,-4.879597701709905e-12,1.359942723746818e-10,-2.7168914424296137e-12,1.338315661154015e-10,-4.534907395789245e-12,1.3564958206876114e-10
m4-v3,d07,3,1,np.float64(1.0986122886681098),np.float64(-0.20189889986939866),True,True,True,1.5150390443291173,-5.743017172932241e-11,np.float64(5.9615755893600775e-05),1e-06,3.2689523898036014e-12,-6.069912411912601e-11,3.2133690684208376e-12,-6.064354079774324e-11,9.114036606733215e-12,-6.654420833605563e-11,1.5578118471650167e-11,-7.300829020097257e-11,2.086470976470872e-11,-7.829488149403113e-11
m4-v3,d07,2,2,np.float64(1.3862943611198906),np.float64(-0.1103178000763258),True,False,False,0.8139865185839216,1.4167578221702115e-10,np.float64(3.575338430230572e-05),1e-06,2.2972985417394334e-12,1.393784836752817e-10,-2.7917901956080226e-12,1.4446757241262916e-10,2.1816538990671668e-12,1.39494128317954e-10,-9.187759003182818e-12,1.5086354122020396e-10,-1.430495884113323e-11,1.5598074105815439e-10
m4-v3,d07,5,1,np.float64(1.6094379124341003),np.float64(-0.22910752440522542),True,True,True,1.6602504099318627,6.61024568415769e-11,np.float64(8.587814055993821e-05),1e-06,6.155401225143124e-12,5.994705561643377e-11,2.715232501173667e-12,6.338722434040323e-11,1.6084014312199352e-11,5.001844252937754e-11,1.801561108324413e-11,4.808684575833276e-11,2.281254377713157e-11,4.3289913064445326e-11
m4-v3,d07,7,1,np.float64(1.9459101490553132),np.float64(-0.23411211608563706),True,True,True,1.6433241436598744,-1.0148737406012742e-10,np.float64(8.624503854345127e-05),1e-06,-4.88602885912129e-12,-9.660134520100613e-11,-7.310403179165967e-12,-9.417697088096145e-11,-1.103289074253589e-11,-9.045448331759153e-11,-9.447828467011212e-12,-9.203954559311621e-11,-1.5714322797734004e-11,-8.577305126239341e-11
m4-v3,d07,2,3,np.float64(2.0794415416798357),np.float64(-0.0780064645195518),True,False,False,0.5393218689249913,-8.055818234709022e-10,np.float64(2.64804795226652e-05),1e-06,1.353497708860559e-11,-8.191168005595078e-10,1.1328565483616609e-11,-8.169103889545189e-10,5.014271591055088e-11,-8.557245393814531e-10,6.263292398476957e-11,-8.682147474556717e-10,8.66588801861158e-11,-8.92240703657018e-10
m4-v3,d07,3,2,np.float64(2.1972245773362196),np.float64(-0.1165663841886866),True,False,False,0.7984315743717924,-4.683911036806876e-10,np.float64(4.112766286291493e-05),1e-06,7.33111390474888e-12,-4.757222175854365e-10,7.277103305320556e-12,-4.756682069860082e-10,3.0356773786968685e-11,-4.987478774676563e-10,4.1723867663654355e-11,-5.101149713443419e-10,5.7579972201983476e-11,-5.259710758826711e-10
m4-v3,d07,11,1,np.float64(2.3978952727983707),np.float64(-0.23013570108523157),True,True,True,1.5807009192239614,6.496736482120014e-11,np.float64(6.943964565387425e-05),1e-06,-4.8198456955867635e-12,6.97872105167869e-11,5.766602029533074e-12,5.920076279166706e-11,-2.7426860246608063e-11,9.23942250678082e-11,-2.6847908337248406e-11,9.181527315844854e-11,-3.4272839293756824e-11,9.924020411495696e-11
m4-v3,d07,13,1,np.float64(2.5649493574615367),np.float64(-0.22644213759952758),True,True,True,1.4882250508521633,6.187419465675248e-10,np.float64(9.345919905405388e-05),1e-06,3.0327771668793837e-12,6.157091694006454e-10,1.7986554651864792e-11,6.0075539191566e-10,-1.5597528932690292e-11,6.343394755002151e-10,-1.7797934215343692e-11,6.365398807828685e-10,-2.0534575698316966e-11,6.392765222658418e-10
m4-v3,d07,2,4,np.float64(2.772588722239781),np.float64(-0.0551589000381629),True,False,False,0.36601635699654417,-5.391552759803631e-10,np.float64(1.626617364129808e-05),1e-06,-2.464697214118328e-11,-5.145083038391798e-10,3.1532531813510827e-11,-5.706878077938739e-10,-1.470076839331773e-10,-3.9214759204718573e-10,-1.3627618894722692e-10,-4.0287908703313614e-10,-1.759590798753313e-10,-3.6319619610503177e-10
m4-v3,d07,17,1,np.float64(2.833213344056216),np.float64(-0.21872828371837585),True,True,True,1.4280377080196534,3.1087754592817873e-10,np.float64(6.504719564482958e-05),1e-06,-3.160365472079209e-11,3.424812006489708e-10,-2.87875987725624e-11,3.3966514470074116e-10,-5.0319488242672454e-11,3.611970341708512e-10,-4.022617946787929e-11,3.51103725396058e-10,-4.769081268490174e-11,3.5856835861308045e-10
m4-v3,d07,19,1,np.float64(2.9444389791664403),np.float64(-0.21501852841127717),True,True,True,1.3949714678800933,4.0400460754597134e-10,np.float64(7.838733172982677e-05),1e-06,-1.5132155761226026e-11,4.1913676330719734e-10,-1.3259948417977789e-11,4.172645559639491e-10,-1.3790692684904557e-11,4.177953002308759e-10,1.2483998561134503e-11,3.9152060898483684e-10,1.6406850435755792e-11,3.8759775711021556e-10
m4-v3,d07,23,1,np.float64(3.1354942159291497),np.float64(-0.20810964733659634),True,True,True,1.2821362288044746,3.968103623464003e-10,np.float64(6.617059879780081e-05),1e-06,1.719591899621577e-11,3.7961444335018454e-10,-1.5392499206659437e-11,4.122028615530598e-10,5.7365729728852847e-11,3.3944463261754746e-10,6.3641246136712e-11,3.3316911620968835e-10,7.122611068051587e-11,3.2558425166588446e-10
m4-v3,d07,5,2,np.float64(3.2188758248682006),np.float64(-0.10245999974535523),True,False,False,0.648753872924267,-1.6402725844244515e-09,np.float64(3.54090298560196e-05),1e-06,1.2450376404465592e-11,-1.652722960828917e-09,-6.510156997559404e-11,-1.5751710144488573e-09,1.0128016983790745e-10,-1.7415527542623588e-09,1.1929023886148636e-10,-1.7595628232859378e-09,1.3597470092248924e-10,-1.7762472853469408e-09
m4-v3,d07,3,3,np.float64(3.295836866004329),np.float64(-0.06729963328979954),True,False,False,0.41338311703672936,-4.296074607168521e-10,np.float64(2.0684779678562304e-05),1e-06,8.386600220140969e-11,-5.134734629182618e-10,1.5155233229310875e-10,-5.811597930099608e-10,1.0987824791408199e-10,-5.394857086309341e-10,5.232182438804721e-11,-4.819292851048992e-10,7.76023080235802e-11,-5.072097687404323e-10
m4-v3,d07,29,1,np.float64(3.367295829986474),np.float64(-0.1990363509339811),True,True,True,1.2081372785446614,9.687850521800101e-11,np.float64(5.869746913522836e-05),1e-06,-1.3501299909735216e-12,9.822863520897453e-11,-3.307237187806943e-11,1.2995087709607045e-10,5.707570944893293e-11,3.980279576906808e-11,5.589768312826739e-11,4.098082208973362e-11,7.233544181007888e-11,2.4543063407922133e-11
m4-v3,d07,31,1,np.float64(3.4339872044851463),np.float64(-0.1963215403858554),True,True,True,1.1763734952239049,-3.4672043014438714e-11,np.float64(5.7724305612740726e-05),1e-06,-9.867229513155539e-11,6.400025211711668e-11,-9.327929995471484e-11,5.860725694027613e-11,-1.4040409468818503e-10,1.0573205167374632e-10,-1.186884949611116e-10,8.401645194667289e-11,-1.2970605714928196e-10,9.503401413484325e-11
m4-v3,d07,2,5,np.float64(3.4657359027997265),np.float64(-0.0390032322597759),True,False,False,0.23465231879539533,-5.85471227054768e-10,np.float64(1.4935223017372085e-05),1e-06,-2.935791262016338e-10,-2.9189210085313414e-10,-4.707915747046303e-10,-1.1467965235013763e-10,-2.079793518459213e-10,-3.7749187520884665e-10,-2.2428676245122396e-10,-3.61184464603544e-10,-2.265160112785733e-10,-3.5895521577619465e-10
m4-v3,d07,37,1,np.float64(3.6109179126442243),np.float64(-0.1889586950119591),True,True,True,1.120350409481541,1.6308066008718924e-11,np.float64(5.555368846158939e-05),1e-06,1.6843530342146225e-11,-5.354643334273002e-13,2.964236279551249e-11,-1.3334296786793564e-11,2.3697066702138543e-12,1.393835933850507e-11,4.442845453014448e-11,-2.8120388521425558e-11,4.571129580585922e-11,-2.9403229797140294e-11
m4-v3,d07,41,1,np.float64(3.713572066704308),np.float64(-0.184607803637099),True,True,True,1.0711927454401413,7.381433242414914e-10,np.float64(6.738693164186068e-05),1e-06,1.0918289541947927e-10,6.289604288220122e-10,1.6726694328996613e-10,5.708763809515253e-10,7.985964621332329e-11,6.582836780281682e-10,8.482163411937136e-11,6.5332169012212e-10,8.247845031140697e-11,6.556648739300845e-10
m4-v3,d07,43,1,np.float64(3.7612001156935624),np.float64(-0.18257543342631882),True,True,True,1.0542163307839596,-3.112319291176391e-10,np.float64(5.5649366306547624e-05),1e-06,6.127946037625597e-11,-3.7251138949389505e-10,9.252724925765818e-11,-4.0375917837529726e-10,-1.3058638140586121e-11,-2.9817329097705296e-10,-3.97015211363477e-11,-2.7153040798129137e-10,-6.469250807255067e-11,-2.4653942104508843e-10
m4-v3,d07,47,1,np.float64(3.8501476017100584),np.float64(-0.17876338822837304),True,True,True,1.0171901107068733,5.773159728050814e-10,np.float64(5.418461385192547e-05),1e-06,1.1113255679827318e-10,4.661834160068082e-10,1.8641961386411156e-10,3.9089635894096985e-10,2.9495261800438755e-11,5.478207110046426e-10,4.021643376319814e-11,5.370995390418833e-10,2.3426981340944732e-11,5.538889914641367e-10
m4-v3,d07,7,2,np.float64(3.8918202981106265),np.float64(-0.08848606258138285),True,False,False,0.4944159524082616,-1.022699480657252e-09,np.float64(2.9780376962794583e-05),1e-06,2.205336094907684e-10,-1.2432330901480204e-09,9.616201782343731e-11,-1.1188614984806893e-09,4.4146577370595924e-10,-1.4641652543632113e-09,5.16706440167176e-10,-1.539405920824428e-09,5.748871509568665e-10,-1.5975866316141186e-09
m4-v3,d07,53,1,np.float64(3.970291913552122),np.float64(-0.1735939685443537),True,False,False,0.973059758564754,4.412212817328509e-10,np.float64(5.1932178270809305e-05),1e-06,1.7433745231434194e-10,2.66883829418509e-10,2.1633570278669737e-10,2.2488557894615354e-10,1.5186535751090802e-10,2.893559242219429e-10,1.981212264419428e-10,2.431000552909081e-10,1.9936043001641716e-10,2.418608517164338e-10
m4-v3,d07,59,1,np.float64(4.07753744390572),np.float64(-0.16897485378921837),True,False,False,0.9290151636269632,-7.225479103922794e-10,np.float64(5.0462312595639856e-05),1e-06,-4.5400498052158736e-10,-2.6854292987069203e-10,-3.612521706499986e-10,-3.612957397422808e-10,-5.894145823478394e-10,-1.3313332804443996e-10,-5.793288959167583e-10,-1.4321901447552107e-10,-5.996710013070577e-10,-1.2287690908522166e-10
m4-v3,d07,61,1,np.float64(4.110873864173311),np.float64(-0.16754032791775322),True,False,False,0.9193629387067399,1.0317489085309717e-09,np.float64(4.941296848426491e-05),1e-06,1.3007447354374939e-10,9.016744349872223e-10,-2.963429392737844e-11,1.06138320245835e-09,1.955245107862882e-10,8.362243977446835e-10,2.1500047628057242e-10,8.167484322503993e-10,2.2188093760190858e-10,8.098679709290631e-10
m4-v3,d07,2,6,np.float64(4.1588830833596715),np.float64(-0.02757945001908145),True,False,False,0.14889872324865278,1.969839402704565e-09,np.float64(8.392169880594238e-06),1e-06,4.663282841537669e-09,-2.6934434388331035e-09,4.937950094537482e-09,-2.968110691832917e-09,5.4984280081967906e-09,-3.5285886054922254e-09,5.296512642889095e-09,-3.32667324018453e-09,5.42616417980044e-09,-3.456324777095875e-09
m4-v3,d07,67,1,np.float64(4.204692619390966),np.float64(-0.16351100147025147),True,False,False,0.8784201252615382,2.2521158271615604e-09,np.float64(5.389845579500191e-05),1e-06,5.714896082752277e-10,1.6806262188863328e-09,6.141337414702905e-10,1.63798208569127e-09,5.60717154393227e-10,1.6913986727683335e-09,4.693947137969471e-10,1.7827211133646134e-09,4.4862042211880304e-10,1.8034954050427573e-09
m4-v3,d07,71,1,np.float64(4.2626798770413155),np.float64(-0.16102884271275783),True,False,False,0.8427406311871969,-1.0540157635574587e-10,np.float64(5.727168242487078e-05),1e-06,-1.2340913646069437e-10,1.80075601049485e-11,-3.850293208268276e-10,2.796277444710817e-10,2.4446548455417096e-11,-1.2984812481116298e-10,5.7321318648437636e-11,-1.6272289500418352e-10,8.556732844511879e-11,-1.9096890480086466e-10
m4-v3,d07,73,1,np.float64(4.290459441148391),np.float64(-0.1598425863444375),True,False,False,0.8432653924139386,-1.2695978712784495e-09,np.float64(5.600762299732192e-05),1e-06,2.4186176977342024e-10,-1.5114596410518697e-09,5.268438475493897e-10,-1.796441718827839e-09,1.0751003643294293e-10,-1.3771079077113925e-09,7.337400699001097e-11,-1.3429718782684604e-09,4.716686860716201e-11,-1.3167647398856114e-09
m4-v3,d07,79,1,np.float64(4.3694478524670215),np.float64(-0.15648155106679665),True,False,False,0.8102230273575131,2.676008303836852e-09,np.float64(4.963014334766762e-05),1e-06,1.8850150671734626e-09,7.909932366633895e-10,1.9664527409026685e-09,7.095555629341836e-10,2.1152198994197163e-09,5.607884044171358e-10,2.0884210230828096e-09,5.875872807540425e-10,2.116085071620329e-09,5.599232322165231e-10
m4-v3,d07,3,4,np.float64(4.394449154672439),np.float64(-0.03885546139622887),True,False,False,0.20325243740905344,-6.044389433412789e-10,np.float64(1.232049382968466e-05),1e-06,8.42983963685249e-09,-9.034278580193769e-09,9.116595392563873e-09,-9.721034335905152e-09,9.28426002141584e-09,-9.888698964757118e-09,9.142117785147955e-09,-9.746556728489234e-09,9.231544754143638e-09,-9.835983697484917e-09
m4-v3,d07,83,1,np.float64(4.418840607796598),np.float64(-0.15439008898017337),True,False,False,0.8139743719816468,-2.412513855354348e-09,np.float64(5.658974654539151e-05),1e-06,-1.651579330800256e-09,-7.609345245540919e-10,-1.6469543540201134e-09,-7.655595013342345e-10,-1.8411620264101598e-09,-5.713518289441881e-10,-1.8925487149409408e-09,-5.199651404134072e-10,-1.9262038807818202e-09,-4.863099745725277e-10
m4-v3,d07,89,1,np.float64(4.48863636973214),np.float64(-0.15145009428891956),True,False,False,0.7763687859808973,-1.1283504131043287e-09,np.float64(5.682754033513051e-05),1e-06,-3.0631490679422103e-09,1.9347986548378816e-09,-2.9367491841539892e-09,1.8083987710496605e-09,-2.9524286698503787e-09,1.82407825674605e-09,-2.9627393189874456e-09,1.834388905883117e-09,-2.9364098605787456e-09,1.8080594474744169e-09
m4-v3,d07,97,1,np.float64(4.574710978503383),np.float64(-0.14785224441209735),True,False,False,0.7420175497160086,3.5501563910855793e-09,np.float64(5.067083808791378e-05),1e-06,4.720965859571971e-09,-1.1708094684863913e-09,4.66398751954337e-09,-1.1138311284577908e-09,4.4153944498752746e-09,-8.652380587896952e-10,4.513836024580474e-09,-9.636796334948947e-10,4.482582645731014e-09,-9.324262546454346e-10
m4-v3,d07,101,1,np.float64(4.61512051684126),np.float64(-0.14617479278578105),True,False,False,0.7389031899420532,2.699952261764338e-09,np.float64(4.6609391624931086e-05),1e-06,2.764559901164641e-09,-6.460763940030324e-11,2.317457940786579e-09,3.824943209777587e-10,2.417875911933571e-09,2.820763498307667e-10,2.5150635378332747e-09,1.8488872393106321e-10,2.492717888093898e-09,2.0723437367044e-10
m4-v3,d07,103,1,np.float64(4.634728988229636),np.float64(-0.145363663339395),True,False,False,0.7314445646496527,-2.326022818799345e-09,np.float64(4.77758667661628e-05),1e-06,-4.9376508425740726e-09,2.6116280237747278e-09,-5.497272658684467e-09,3.1712498398851223e-09,-4.695941829964946e-09,2.3699190111656012e-09,-4.601970610901345e-09,2.275947792102e-09,-4.538060084264124e-09,2.212037265464779e-09
m4-v3,d07,107,1,np.float64(4.672828834461906),np.float64(-0.14379312149769535),True,False,False,0.7076806205282432,-6.685934472727695e-09,np.float64(4.300752222713654e-05),1e-06,-4.3604302187523736e-09,-2.3255042539753212e-09,-4.238710925373527e-09,-2.447223547354168e-09,-4.431695589524598e-09,-2.2542388832030967e-09,-4.576085136045555e-09,-2.10984933668214e-09,-4.611755397889969e-09,-2.074179074837726e-09
m4-v3,d07,109,1,np.float64(4.6913478822291435),np.float64(-0.14303243005044233),True,False,False,0.7002831623873069,-4.713489043517427e-09,np.float64(4.2546220866516735e-05),1e-06,-4.112994798544792e-09,-6.004942449726353e-10,-3.945640027386903e-09,-7.678490161305237e-10,-4.1648016465209115e-09,-5.486873969965156e-10,-4.3183450639641415e-09,-3.9514397955328555e-10,-4.355970000085651e-09,-3.57519043431776e-10
m4-v3,d07,113,1,np.float64(4.727387818712341),np.float64(-0.14155725660115417),True,False,False,0.6898580657712915,-1.2687204620220882e-08,np.float64(4.171216444522789e-05),1e-06,-1.2474112847913214e-08,-2.1309177230766843e-10,-1.1773695803999624e-08,-9.13508816221258e-10,-1.2609781122030096e-08,-7.742349819078623e-11,-1.2633149911867115e-08,-5.40547083537674e-11,-1.2656122490294052e-08,-3.1082129926830536e-11
m4-v3,d07,11,2,np.float64(4.795790545596741),np.float64(-0.06938852466955447),True,False,False,0.33913087058885233,1.411530154982188e-07,np.float64(2.1514396255196364e-05),1e-06,1.4342815659151978e-07,-2.275141093300991e-09,1.4473420115803482e-07,-3.581185659816028e-09,1.4377269220661619e-07,-2.619676708397393e-09,1.4348570965597733e-07,-2.3326941577585366e-09,1.4336713298295796e-07,-2.2141174847391648e-09
m4-v3,d07,5,3,np.float64(4.828313737302301),np.float64(-0.04582150488104508),True,False,False,0.22588212410522213,-1.7982033340135928e-07,np.float64(1.4826924982782148e-05),1e-06,-1.7407253147683237e-07,-5.747801924526905e-09,-1.7788596203648256e-07,-1.9343713648767186e-09,-1.771917240149725e-07,-2.6286093863867854e-09,-1.7698948409520098e-07,-2.8308493061583007e-09,-1.7704878922820146e-07,-2.771544173157814e-09
m4-v3,d07,127,1,np.float64(4.844187086458591),np.float64(-0.13682617124428062),True,False,False,0.6672910434274267,-1.3031116918860164e-07,np.float64(4.8180873422489034e-05),1e-06,-1.2992021606280255e-07,-3.9095312579909157e-10,-1.3101985781325187e-07,7.086886246502336e-10,-1.3071659276164376e-07,4.05423573042123e-10,-1.307735075331196e-07,4.6233834451794876e-10,-1.30793993693173e-07,4.828245045713743e-10
m4-v3,d07,2,7,np.float64(4.852030263919617),np.float64(-0.01950161612988795),True,False,False,0.09566833693197535,-4.7047954410128767e-07,np.float64(5.823065844665295e-06),1e-06,-4.4747881852423873e-07,-2.300072557704894e-08,-4.571944578534401e-07,-1.3285086247847555e-08,-4.61056146677978e-07,-9.423397423309667e-09,-4.5919460830269136e-07,-1.1284935798596308e-08,-4.594193329383131e-07,-1.1060211162974558e-08
m4-v3,d07,131,1,np.float64(4.875197323201151),np.float64(-0.1355834491603077),True,False,False,0.6641862238416423,-3.9295297937780305e-07,np.float64(3.9801768955616955e-05),1e-06,-3.9329840388717584e-07,3.454245093727889e-10,-3.9403703562234093e-07,1.0840562445378854e-09,-3.9317126758361476e-07,2.182882058117163e-10,-3.9324468009355953e-07,2.9170071575648285e-10,-3.9319998244248804e-07,2.470030646849943e-10
m4-v3,d07,137,1,np.float64(4.919980925828125),np.float64(-0.13379912176069506),True,False,False,0.6444759174945439,-3.8857619455434644e-08,np.float64(5.257349959210016e-05),1e-06,-3.6106745743003724e-08,-2.7508737124309203e-09,-3.510469360293749e-08,-3.752925852497157e-09,-3.662725063223362e-08,-2.2303688232010257e-09,-3.6723061416286915e-08,-2.134558039147729e-09,-3.680212942043048e-08,-2.055490035004164e-09
m4-v3,d07,139,1,np.float64(4.9344739331306915),np.float64(-0.13322434272608064),True,False,False,0.6334048915996524,4.279901568704503e-07,np.float64(4.820304591063042e-05),1e-06,4.265884253790065e-07,1.401731491443783e-09,4.2908363099868013e-07,-1.0934741282298504e-09,4.273984974389633e-07,5.916594314869644e-10,4.273042347843479e-07,6.859220861023999e-10,4.2725339024437454e-07,7.367666260757342e-10
m4-v3,d08,2,1,np.float64(0.6931471805599453),np.float64(-0.1560129290391036),True,True,True,1.1843890256498186,8.489897673769065e-11,np.float64(4.8055189834785796e-05),1e-06,-1.7235763589807697e-12,8.662255309667141e-11,9.858803120331905e-13,8.391309642565745e-11,-4.430094552755281e-12,8.932907129044593e-11,2.1080582958503213e-12,8.279091844184033e-11,1.015960484926129e-11,7.473937188842935e-11
m4-v3,d08,3,1,np.float64(1.0986122886681098),np.float64(-0.20189889986939866),True,True,True,1.5055523266148456,2.0803669897873078e-10,np.float64(8.18843249097316e-05),1e-06,9.05584516383736e-12,1.9898085381489343e-10,7.765724094248573e-12,2.002709748844822e-10,9.591348794474709e-12,1.9844535018425607e-10,2.6493829375907126e-12,2.0538731604114006e-10,-2.533617152201497e-12,2.1057031613093228e-10
m4-v3,d08,2,2,np.float64(1.3862943611198906),np.float64(-0.1103178000763258),True,False,False,0.827775837006097,2.19912976717751e-12,np.float64(3.270810521217627e-05),1e-06,2.1674568359506583e-11,-1.9475438592329073e-11,2.0558056323258213e-11,-1.8358926556080702e-11,4.134146873940401e-11,-3.91423389722265e-11,4.6546224326028826e-11,-4.4347094558851316e-11,4.3356786200744293e-11,-4.1157656433566783e-11
m4-v3,d08,5,1,np.float64(1.6094379124341003),np.float64(-0.22910752440522542),True,True,True,1.6432892227545601,-5.864539964761661e-10,np.float64(6.795553998033965e-05),1e-06,-9.86803402104403e-13,-5.854671930740617e-10,-4.5586745590443595e-12,-5.818953219171218e-10,3.0555127822518764e-12,-5.895095092584181e-10,-2.0333959735086857e-12,-5.844206005026574e-10,-9.872488139864864e-12,-5.765815083363012e-10
m4-v3,d08,7,1,np.float64(1.9459101490553132),np.float64(-0.23411211608563706),True,True,True,1.6399159277320174,9.567857617298614e-11,np.float64(6.890127884877272e-05),1e-06,1.809442278244972e-11,7.758415339053641e-11,1.6298155705254364e-11,7.938042046773178e-11,3.1129078839148356e-11,6.454949733383778e-11,3.4889162460921383e-11,6.078941371206475e-11,3.353201806965985e-11,6.214655810332629e-11
m4-v3,d08,2,3,np.float64(2.0794415416798357),np.float64(-0.0780064645195518),True,False,False,0.5582596453449062,2.633444573518773e-10,np.float64(2.820637557148293e-05),1e-06,-3.206168977321402e-11,2.954061471250913e-10,-3.43677428936385e-11,2.9771220024551576e-10,-6.278400334894264e-11,3.2612846070081994e-10,-9.942999621209269e-11,3.6277445356396997e-10,-1.195140273139368e-10,3.828584846658141e-10
m4-v3,d08,3,2,np.float64(2.1972245773362196),np.float64(-0.1165663841886866),True,False,False,0.7965978207455113,-3.355811184491131e-10,np.float64(4.6330720515357696e-05),1e-06,-3.098971005117548e-11,-3.0459140839793764e-10,-3.567062999232112e-11,-2.9991048845679196e-10,-5.548333748309729e-11,-2.800977809660158e-10,-8.240588042522064e-11,-2.5317523802389244e-10,-9.759373442593636e-11,-2.3798738402317673e-10
m4-v3,d08,11,1,np.float64(2.3978952727983707),np.float64(-0.23013570108523157),True,True,True,1.56286514833743,1.9320367528052884e-10,np.float64(6.756423870100375e-05),1e-06,8.492481041655404e-13,1.923544271763633e-10,5.8201789623379156e-12,1.8738349631819093e-10,1.1006013335042617e-11,1.8219766194548622e-10,2.0683430248274318e-11,1.7252024503225453e-10,2.4043065239712958e-11,1.6916061004081587e-10
m4-v3,d08,13,1,np.float64(2.5649493574615367),np.float64(-0.22644213759952758),True,True,True,1.4853320216797203,-4.8011594699914895e-12,np.float64(6.818745494534579e-05),1e-06,-2.3798736879949516e-11,1.8997577409958026e-11,-1.7819134319563737e-11,1.3017974849572247e-11,-2.732507232780226e-11,2.252391285781077e-11,-1.9997839200377632e-11,1.5196679730386143e-11,-1.4732833765256183e-11,9.931674295264693e-12
m4-v3,d08,2,4,np.float64(2.772588722239781),np.float64(-0.0551589000381629),True,False,False,0.3489710448811189,1.1271703570514546e-09,np.float64(1.8151870959742142e-05),1e-06,-1.0137020377819569e-10,1.2285405608296504e-09,-8.880499468859358e-11,1.2159753517400482e-09,-1.0773798338007474e-10,1.2349083404315295e-09,-4.101406765225857e-11,1.1681844247037132e-09,4.065273174883171e-12,1.1231050838765715e-09
m4-v3,d08,17,1,np.float64(2.833213344056216),np.float64(-0.21872828371837585),True,True,True,1.4268506600048612,-4.261228037094611e-10,np.float64(7.63984571499207e-05),1e-06,-2.962161288281865e-11,-3.9650119082664243e-10,-4.240671356632667e-11,-3.8371609014313445e-10,-4.671390288839748e-11,-3.794089008210636e-10,-6.195214585578022e-11,-3.641706578536809e-10,-7.11123210874509e-11,-3.550104826220102e-10
m4-v3,d08,19,1,np.float64(2.9444389791664403),np.float64(-0.21501852841127717),True,True,True,1.3780671567319478,9.528489108845406e-11,np.float64(8.091211876868734e-05),1e-06,-8.528015647038202e-12,1.0381290673549227e-10,-2.5763120196455455e-11,1.2104801128490952e-10,-4.129485179845586e-12,9.941437626829964e-11,-5.150799885482764e-12,1.0043569097393682e-10,-1.1958727677139901e-11,1.0724361876559396e-10
m4-v3,d08,23,1,np.float64(3.1354942159291497),np.float64(-0.20810964733659634),True,True,True,1.3002289140786762,6.312697031773951e-10,np.float64(6.49523645890422e-05),1e-06,8.966554086462144e-11,5.416041623127736e-10,9.05476016478496e-11,5.407221015295455e-10,1.3418431007515307e-10,4.97085393102242e-10,1.5513932127596243e-10,4.761303819014327e-10,1.5938481193944405e-10,4.71884891237951e-10
m4-v3,d08,5,2,np.float64(3.2188758248682006),np.float64(-0.10245999974535523),True,False,False,0.629924661215395,1.854363995690278e-09,np.float64(3.363054232403978e-05),1e-06,1.4900807990364487e-10,1.7053559157866331e-09,1.418324956175261e-10,1.712531500072752e-09,2.4208036598771815e-10,1.6122836297025599e-09,2.5888225227141706e-10,1.595481743418861e-09,2.40188134897504e-10,1.6141758607927741e-09
m4-v3,d08,3,3,np.float64(3.295836866004329),np.float64(-0.06729963328979954),True,False,False,0.4162441511422679,-5.327804863952679e-10,np.float64(2.6235834598303752e-05),1e-06,-3.737068880234785e-11,-4.9540979759292e-10,-2.73863074463717e-11,-5.053941789488962e-10,-1.4561929036344677e-10,-3.871611960318211e-10,-1.9137972547853792e-10,-3.4140076091672995e-10,-1.7389220521931552e-10,-3.5888828117595235e-10
m4-v3,d08,29,1,np.float64(3.367295829986474),np.float64(-0.1990363509339811),True,True,True,1.2270451951220003,-3.9507852545028754e-10,np.float64(7.170466434040879e-05),1e-06,-5.746660446952225e-11,-3.376119209807653e-10,-9.205839985788855e-11,-3.03020125592399e-10,-6.856959548437319e-11,-3.2650892996591435e-10,-7.99589026268166e-11,-3.1511962282347096e-10,-9.412926471643315e-11,-3.0094926073385437e-10
m4-v3,d08,31,1,np.float64(3.4339872044851463),np.float64(-0.1963215403858554),True,True,True,1.1775986664565812,-1.157288265218881e-09,np.float64(7.392489867051742e-05),1e-06,1.2030659015797173e-10,-1.2775948553768527e-09,1.0735622517324621e-10,-1.264644490392127e-09,1.5487918261633508e-10,-1.312167447835216e-09,1.4151433178485273e-10,-1.2988025970037338e-09,1.243082187641237e-10,-1.2815964839830048e-09
m4-v3,d08,2,5,np.float64(3.4657359027997265),np.float64(-0.0390032322597759),True,False,False,0.23312235496685385,1.1699925472896666e-09,np.float64(1.1420690653876096e-05),1e-06,5.080147819467146e-10,6.61977765342952e-10,3.8817892702573675e-10,7.818136202639299e-10,6.109523072819695e-10,5.590402400076971e-10,5.91142913804297e-10,5.788496334853696e-10,5.571470131009075e-10,6.128455341887591e-10
m4-v3,d08,37,1,np.float64(3.6109179126442243),np.float64(-0.1889586950119591),True,True,True,1.1177652128997,-1.6662204949113857e-10,np.float64(5.686389923375712e-05),1e-06,8.799499074388997e-11,-2.5461704023502853e-10,1.0285200096728864e-10,-2.694740504584272e-10,1.256025408911655e-10,-2.922245903823041e-10,1.7107276367131552e-10,-3.376948131624541e-10,1.9594995945191895e-10,-3.6257200894305754e-10
m4-v3,d08,41,1,np.float64(3.713572066704308),np.float64(-0.184607803637099),True,True,True,1.0657575797460268,4.2166181657421475e-10,np.float64(5.94988264529126e-05),1e-06,-2.7084573318622016e-10,6.925075497604349e-10,-2.521941410608651e-10,6.738559576350799e-10,-3.3619156942611876e-10,7.578533860003335e-10,-3.314455956907181e-10,7.531074122649328e-10,-3.1496305602841006e-10,7.366248726026248e-10
m4-v3,d08,43,1,np.float64(3.7612001156935624),np.float64(-0.18257543342631882),True,True,True,1.0592796565947298,9.231175823742888e-10,np.float64(6.606970600361487e-05),1e-06,-4.077685133017086e-12,9.271952675073059e-10,5.795752661618765e-11,8.651600557581011e-10,-2.1397689097637978e-11,9.445152714719267e-10,-3.9280989369500876e-11,9.623985717437897e-10,-3.4286179225438786e-11,9.574037615997276e-10
m4-v3,d08,47,1,np.float64(3.8501476017100584),np.float64(-0.17876338822837304),True,True,True,1.0034932783162085,-2.1835263597225207e-09,np.float64(5.913702021584043e-05),1e-06,-3.832118143050459e-10,-1.8003145454174748e-09,-3.616246692840743e-10,-1.8219016904384464e-09,-4.659505544674374e-10,-1.7175758052550835e-09,-4.6129862373456434e-10,-1.7222277359879565e-09,-4.4133267528867646e-10,-1.7421936844338442e-09
m4-v3,d08,7,2,np.float64(3.8918202981106265),np.float64(-0.08848606258138285),True,False,False,0.487298012690939,4.734495018254847e-10,np.float64(3.116373925959916e-05),1e-06,-6.70393882653262e-11,5.40488890090811e-10,-3.3903299634301983e-11,5.073528014597867e-10,2.628047652349016e-11,4.4716902530199456e-10,9.957418210148003e-11,3.738753197240047e-10,1.0648689599047851e-10,3.669626058350062e-10
m4-v3,d08,53,1,np.float64(3.970291913552122),np.float64(-0.1735939685443537),True,False,False,0.9803353282461048,1.7778356564690512e-10,np.float64(5.870478099400623e-05),1e-06,4.126481869806306e-10,-2.348646213337255e-10,5.213318081745691e-10,-3.43548242527664e-10,4.926639097287159e-10,-3.1488034408181074e-10,5.27789379355283e-10,-3.5000581370837793e-10,5.573256409963509e-10,-3.795420753494458e-10
m4-v3,d08,59,1,np.float64(4.07753744390572),np.float64(-0.16897485378921837),True,False,False,0.9124736998181777,1.1235217201033265e-09,np.float64(5.1998395008284693e-05),1e-06,5.458746233872435e-10,5.77647096716083e-10,4.916981521223105e-10,6.31823567981016e-10,5.947140151624513e-10,5.288077049408752e-10,5.765670843798252e-10,5.469546357235013e-10,5.603693179479437e-10,5.631524021553828e-10
m4-v3,d08,61,1,np.float64(4.110873864173311),np.float64(-0.16754032791775322),True,False,False,0.920090856286093,1.5406622644320578e-09,np.float64(5.009390715052381e-05),1e-06,5.079492912650427e-10,1.032712973167015e-09,5.795097444388698e-10,9.61152519993188e-10,6.060435606825249e-10,9.34618703749533e-10,6.799943426122021e-10,8.606679218198557e-10,7.215858835175829e-10,8.190763809144749e-10
m4-v3,d08,2,6,np.float64(4.1588830833596715),np.float64(-0.02757945001908145),True,False,False,0.14944996585276174,1.3431787460049804e-08,np.float64(9.048767452162108e-06),1e-06,3.7474163618886253e-10,1.3057045823860942e-08,1.3064002392749493e-09,1.2125387220774855e-08,3.890672353234892e-10,1.3042720224726314e-08,1.7531558037589003e-10,1.3256471879673914e-08,2.1771459267281258e-10,1.3214072867376991e-08
m4-v3,d08,67,1,np.float64(4.204692619390966),np.float64(-0.16351100147025147),True,False,False,0.8739292055778813,-2.529679798968232e-10,np.float64(5.4895477783821135e-05),1e-06,-8.216558100839072e-10,5.68687830187084e-10,-7.781166412303666e-10,5.251486613335434e-10,-9.458108890195274e-10,6.928429091227042e-10,-1.030524811300008e-09,7.775568314031848e-10,-1.0538865582922527e-09,8.009185783954295e-10
m4-v3,d08,71,1,np.float64(4.2626798770413155),np.float64(-0.16102884271275783),True,False,False,0.846159957609964,2.592158931946642e-09,np.float64(5.8897289386782985e-05),1e-06,2.0311079245165863e-09,5.610510074300557e-10,2.1980401885067374e-09,3.9411874343990466e-10,2.309334878758394e-09,2.8282405318824784e-10,2.3884908773005255e-09,2.0366805464611652e-10,2.4174342093032057e-09,1.747247226434363e-10
m4-v3,d08,73,1,np.float64(4.290459441148391),np.float64(-0.1598425863444375),True,False,False,0.8259109838508162,-2.18179641020555e-09,np.float64(5.117334876733505e-05),1e-06,-2.310397365724031e-09,1.2860095551848132e-10,-2.496832752529559e-09,3.15036342324009e-10,-2.6181454675500192e-09,4.363490573444694e-10,-2.6915857028510005e-09,5.097892926454507e-10,-2.7119414468516167e-09,5.301450366460669e-10
m4-v3,d08,79,1,np.float64(4.3694478524670215),np.float64(-0.15648155106679665),True,False,False,0.8166670461703381,-1.7704273602703324e-09,np.float64(5.132861868709629e-05),1e-06,-2.174358151262575e-09,4.039307909922427e-10,-2.0442444665419535e-09,2.7381710627162105e-10,-2.326139304274964e-09,5.557119440046315e-10,-2.3874579137408353e-09,6.170305534705029e-10,-2.3915573444530335e-09,6.21129984182701e-10
m4-v3,d08,3,4,np.float64(4.394449154672439),np.float64(-0.03885546139622887),True,False,False,0.19911174937386006,-9.520403909668573e-09,np.float64(1.4854298731341918e-05),1e-06,-6.626666782750484e-09,-2.893737126918089e-09,-5.915843435939968e-09,-3.604560473728605e-09,-7.02810008153714e-09,-2.4923038281314334e-09,-7.364711173703905e-09,-2.1556927359646683e-09,-7.412537097710507e-09,-2.1078668119580665e-09
m4-v3,d08,83,1,np.float64(4.418840607796598),np.float64(-0.15439008898017337),True,False,False,0.7901788965328804,3.936785786251562e-09,np.float64(5.153753669910167e-05),1e-06,2.600306958342591e-09,1.3364788279089712e-09,2.522103939432664e-09,1.414681846818898e-09,2.747879651332804e-09,1.188906134918758e-09,2.724238189150161e-09,1.2125475971014011e-09,2.691358209900806e-09,1.2454275763507561e-09
m4-v3,d08,89,1,np.float64(4.48863636973214),np.float64(-0.15145009428891956),True,False,False,0.781976846472335,-2.4044001234457824e-09,np.float64(4.796662895962084e-05),1e-06,-2.2582162520841698e-09,-1.4618387136161258e-10,-2.7435535503043077e-09,3.391534268585254e-10,-2.5270460439077146e-09,1.226459204619322e-10,-2.522715156598226e-09,1.1831503315244368e-10,-2.5559319536724107e-09,1.5153183022662834e-10
m4-v3,d08,97,1,np.float64(4.574710978503383),np.float64(-0.14785224441209735),True,False,False,0.749584138206447,-1.8315099437060667e-09,np.float64(4.3361174543134266e-05),1e-06,-3.7664412550345004e-09,1.9349313113284338e-09,-3.4459187365803698e-09,1.6144087928743031e-09,-3.7680097815173945e-09,1.936499837811328e-09,-3.773418822096191e-09,1.941908878390124e-09,-3.759386713309701e-09,1.927876769603634e-09
m4-v3,d08,101,1,np.float64(4.61512051684126),np.float64(-0.14617479278578105),True,False,False,0.7231813070564135,-2.4037196677539896e-09,np.float64(4.5638072155611624e-05),1e-06,-2.9366691856397927e-09,5.329495178858031e-10,-2.6933926421744776e-09,2.8967297442048803e-10,-2.899396357181434e-09,4.956766894274442e-10,-2.84751272290911e-09,4.437930551551206e-10,-2.8229791177554193e-09,4.1925945000142967e-10
m4-v3,d08,103,1,np.float64(4.634728988229636),np.float64(-0.145363663339395),True,False,False,0.7109470967773275,1.353062017983575e-08,np.float64(4.319353248274039e-05),1e-06,1.3134427369321556e-08,3.9619281051419445e-10,1.379363542965911e-08,-2.6301524982336005e-10,1.3847089588986355e-08,-3.164694091506045e-10,1.3926614959463239e-08,-3.959947796274885e-10,1.3943131314375706e-08,-4.125111345399553e-10
m4-v3,d08,107,1,np.float64(4.672828834461906),np.float64(-0.14379312149769535),True,False,False,0.7061118685908101,-5.5847537705489e-09,np.float64(4.254736710665497e-05),1e-06,-5.592550588058565e-09,7.796817509664626e-12,-6.149113685787303e-09,5.64359915238403e-10,-5.964137224641316e-09,3.7938345409241596e-10,-6.046555578058052e-09,4.6180180750915134e-10,-6.122523853158621e-09,5.377700826097203e-10
m4-v3,d08,109,1,np.float64(4.6913478822291435),np.float64(-0.14303243005044233),True,False,False,0.6929287216900522,-1.4621350019616841e-08,np.float64(4.186809970167404e-05),1e-06,-1.2484193790359217e-08,-2.1371562292576245e-09,-1.3217418778890202e-08,-1.4039312407266396e-09,-1.308141878320843e-08,-1.5399312364084114e-09,-1.317438617615655e-08,-1.4469638434602908e-09,-1.3250708147509569e-08,-1.3706418721072724e-09
m4-v3,d08,113,1,np.float64(4.727387818712341),np.float64(-0.14155725660115417),True,False,False,0.6903204250484947,-6.459075829745586e-09,np.float64(4.709915982081296e-05),1e-06,-6.803737109594478e-09,3.446612798488913e-10,-7.845041607271017e-09,1.3859657775254306e-09,-7.455300449138975e-09,9.962246193933883e-10,-7.444603559308021e-09,9.855277295624347e-10,-7.461745830980621e-09,1.002670001235035e-09
m4-v3,d08,11,2,np.float64(4.795790545596741),np.float64(-0.06938852466955447),True,False,False,0.3376920690303951,-6.149006936961854e-08,np.float64(2.5477395135021654e-05),1e-06,-5.96989884616658e-08,-1.7910809079527397e-09,-5.92438975970462e-08,-2.2461717725723362e-09,-5.987703546982422e-08,-1.613033899794315e-09,-6.015460467234274e-08,-1.3354646972757957e-09,-6.015690743724802e-08,-1.3331619323705153e-09
m4-v3,d08,5,3,np.float64(4.828313737302301),np.float64(-0.04582150488104508),True,False,False,0.22501984805767597,5.079267639818141e-07,np.float64(1.5047919787482154e-05),1e-06,5.114085173357177e-07,-3.481753353903529e-09,5.145023121142744e-07,-6.5755481324602765e-09,5.16287167825075e-07,-8.360403843260828e-09,5.168068384073867e-07,-8.880074425572608e-09,5.169119738793385e-07,-8.985209897524331e-09
m4-v3,d08,127,1,np.float64(4.844187086458591),np.float64(-0.13682617124428062),True,False,False,0.6678568040246131,2.458842658370486e-07,np.float64(5.207066717577775e-05),1e-06,2.4445499145496474e-07,1.4292743820838508e-09,2.464507253782956e-07,-5.664595412469898e-10,2.469323063918041e-07,-1.0480405547555037e-09,2.471602819768429e-07,-1.2760161397942873e-09,2.472356588168646e-07,-1.3513929798160183e-09
m4-v3,d08,2,7,np.float64(4.852030263919617),np.float64(-0.01950161612988795),True,False,False,0.0946271263275982,8.974075440537632e-07,np.float64(6.757179162069241e-06),1e-06,9.055322472525234e-07,-8.124703198760208e-09,8.997662034839375e-07,-2.3586594301742935e-09,9.051069085239388e-07,-7.699364470175567e-09,9.055325234304895e-07,-8.124979376726326e-09,9.049719802530833e-07,-7.564436199320082e-09
m4-v3,d08,131,1,np.float64(4.875197323201151),np.float64(-0.1355834491603077),True,False,False,0.650947128614092,3.358963520661007e-07,np.float64(3.982699251731301e-05),1e-06,3.346690485376606e-07,1.2273035284401147e-09,3.3499237064352045e-07,9.039814225802408e-10,3.358642031554789e-07,3.214891062176607e-11,3.3598606427176146e-07,-8.971220566077451e-11,3.359806053061935e-07,-8.425324009281954e-11
m4-v3,d08,137,1,np.float64(4.919980925828125),np.float64(-0.13379912176069506),True,False,False,0.6275814250266254,-2.564731205190185e-07,np.float64(4.766381224853501e-05),1e-06,-2.563342808136534e-07,-1.3883970536506927e-10,-2.589455241612627e-07,2.4724036422441802e-09,-2.58199245924267e-07,1.7261254052484894e-09,-2.5814971342361265e-07,1.6765929045941545e-09,-2.581673864460715e-07,1.6942659270530202e-09
m4-v3,d08,139,1,np.float64(4.9344739331306915),np.float64(-0.13322434272608064),True,False,False,0.6262661748426795,-7.529380451343215e-07,np.float64(4.004425191048452e-05),1e-06,-7.500626916079489e-07,-2.8753535263725986e-09,-7.505456794623671e-07,-2.3923656719544264e-09,-7.507279529951513e-07,-2.210092139170194e-09,-7.509491758705946e-07,-1.988869263726891e-09,-7.510349812672719e-07,-1.903063867049637e-09
m4-v3,d09,2,1,np.float64(0.6931471805599453),np.float64(-0.1560129290391036),True,True,True,1.1624109872736135,2.6262569896573495e-10,np.float64(5.362208930112401e-05),1e-06,-5.022604416011916e-12,2.6764830338174686e-10,-4.263895113376263e-12,2.668895940791112e-10,-7.567756878425802e-12,2.701934558441608e-10,-7.073525040903269e-12,2.696992240066382e-10,-7.55183235258339e-12,2.7017753131831833e-10
m4-v3,d09,3,1,np.float64(1.0986122886681098),np.float64(-0.20189889986939866),True,True,True,1.5032096632542369,3.3075964189777096e-10,np.float64(7.486517259357671e-05),1e-06,-8.001617624217075e-13,3.3155980366019266e-10,6.112197277045714e-13,3.301484221700664e-10,-3.6739156879304465e-13,3.31127033466564e-10,-9.46518248591866e-13,3.3170616014636283e-10,-4.609215729222841e-12,3.353688576269938e-10
m4-v3,d09,2,2,np.float64(1.3862943611198906),np.float64(-0.1103178000763258),True,False,False,0.818583181350414,4.417044507931678e-10,np.float64(3.400113656947466e-05),1e-06,2.07289771129785e-12,4.396315530818699e-10,1.7208399451855046e-11,4.244960513413127e-10,2.6925526740225e-12,4.390118981191453e-10,2.0872733621751828e-11,4.20831717171416e-10,9.791198373937164e-12,4.319132524192306e-10
m4-v3,d09,5,1,np.float64(1.6094379124341003),np.float64(-0.22910752440522542),True,True,True,1.6247114854553206,1.8959434022747246e-10,np.float64(6.697063952643926e-05),1e-06,1.1844715610970138e-11,1.777496246165023e-10,5.68905909644953e-12,1.8390528113102293e-10,1.7148062200783572e-11,1.7244627802668887e-10,9.64923894290923e-12,1.7994510128456323e-10,1.1974563084859583e-11,1.776197771426129e-10
m4-v3,d09,7,1,np.float64(1.9459101490553132),np.float64(-0.23411211608563706),True,True,True,1.6193880547421882,5.4330984156081286e-11,np.float64(7.883105824076126e-05),1e-06,-9.82390141669319e-12,6.415488557277447e-11,-6.076316316516397e-12,6.040730047259768e-11,-1.2396658883537278e-11,6.672764303961857e-11,-1.0136343750586052e-11,6.446732790666734e-11,-1.3640380378944042e-11,6.797136453502533e-11
m4-v3,d09,2,3,np.float64(2.0794415416798357),np.float64(-0.0780064645195518),True,False,False,0.5418860887485712,1.8566237436346e-10,np.float64(2.2886799404058907e-05),1e-06,5.908787173099166e-11,1.2657450263246833e-10,4.807893612673321e-11,1.375834382367268e-10,7.92921745928404e-11,1.063701997706196e-10,7.068460757429745e-11,1.1497776678916255e-10,7.38242538161523e-11,1.1183812054730771e-10
m4-v3,d09,3,2,np.float64(2.1972245773362196),np.float64(-0.1165663841886866),True,False,False,0.8092703300042041,8.574121412863178e-10,np.float64(3.9744261085645214e-05),1e-06,8.480963297311918e-12,8.489311779890059e-10,3.458420372766699e-11,8.228279375586508e-10,1.260889635923597e-11,8.448032449270819e-10,3.3166045137939694e-11,8.242460961483782e-10,2.4139800397965076e-11,8.332723408883527e-10
m4-v3,d09,11,1,np.float64(2.3978952727983707),np.float64(-0.23013570108523157),True,True,True,1.5412064532975245,1.0156897545243737e-10,np.float64(6.903973130722084e-05),1e-06,1.5003053566745793e-11,8.656592188569158e-11,8.534330533036029e-12,9.303464491940134e-11,2.2928534164327984e-11,7.864044128810939e-11,6.703289825930597e-12,9.486568562650678e-11,2.027509612959791e-12,9.954146583947758e-11
m4-v3,d09,13,1,np.float64(2.5649493574615367),np.float64(-0.22644213759952758),True,True,True,1.4981470304021478,1.2451768505172822e-09,np.float64(8.234280247110567e-05),1e-06,2.0714887680492076e-11,1.2244619628367902e-09,3.3588693243672395e-11,1.2115881572736098e-09,2.764764917059084e-11,1.2175292013466914e-09,3.8865369693445753e-11,1.2063114808238364e-09,3.573318913423638e-11,1.2094436613830459e-09
m4-v3,d09,2,4,np.float64(2.772588722239781),np.float64(-0.0551589000381629),True,False,False,0.36144498511736933,-2.0620937180027e-09,np.float64(1.6259597127983315e-05),1e-06,-1.10005041098165e-11,-2.0510932138928834e-09,-7.5336107281082e-11,-1.986757610721618e-09,-2.2983840817949078e-11,-2.0391098771847506e-09,-1.1422911181568942e-10,-1.9478646061870105e-09,-1.0349337511732757e-10,-1.9586003428853723e-09
m4-v3,d09,17,1,np.float64(2.833213344056216),np.float64(-0.21872828371837585),True,True,True,1.4008726101045907,-5.031267624744373e-10,np.float64(6.503925368763249e-05),1e-06,-7.920036179861026e-12,-4.952067262945763e-10,1.4551247434016238e-11,-5.176780099084536e-10,-9.211839926777627e-12,-4.939149225476597e-10,9.054607714550759e-12,-5.121813701889881e-10,7.880679095264346e-12,-5.110074415697017e-10
m4-v3,d09,19,1,np.float64(2.9444389791664403),np.float64(-0.21501852841127717),True,True,True,1.3862732924723613,3.2524449800064303e-10,np.float64(7.48934146459016e-05),1e-06,-3.3777549531766666e-11,3.590220475324097e-10,-3.1179173767512013e-11,3.56423671768155e-10,-3.958630597402657e-11,3.648308039746696e-10,-5.372944358481152e-11,3.7897394158545456e-10,-5.7073021020066596e-11,3.8231751902070966e-10
m4-v3,d09,23,1,np.float64(3.1354942159291497),np.float64(-0.20810964733659634),True,True,True,1.2912822079153454,5.329359176187154e-10,np.float64(6.637762759965228e-05),1e-06,-7.268653579045907e-11,6.056224534091744e-10,-7.783393966376979e-11,6.107698572824852e-10,-8.534316506442153e-11,6.182790826831369e-10,-9.108577476656917e-11,6.240216923852845e-10,-9.27985474293325e-11,6.257344650480479e-10
m4-v3,d09,5,2,np.float64(3.2188758248682006),np.float64(-0.10245999974535523),True,False,False,0.6228851111179172,1.4865919606421585e-09,np.float64(3.9348121108272794e-05),1e-06,1.4917971217928526e-10,1.3374122484628731e-09,1.1337761690639275e-10,1.3732143437357658e-09,1.6681501810902877e-10,1.3197769425331298e-09,1.7755094865435774e-10,1.3090410119878006e-09,1.8826675999719883e-10,1.2983252006449597e-09
m4-v3,d09,3,3,np.float64(3.295836866004329),np.float64(-0.06729963328979954),True,False,False,0.41728110609785557,-2.086318784400021e-09,np.float64(2.1530877383544373e-05),1e-06,-3.435951371710732e-11,-2.0519592706829136e-09,-1.5231146801963813e-10,-1.9340073163803826e-09,-1.0440883629939613e-10,-1.981909948100625e-09,-1.0847289530702918e-10,-1.9778458890929917e-09,-5.892041502256268e-11,-2.0273983693774583e-09
m4-v3,d09,29,1,np.float64(3.367295829986474),np.float64(-0.1990363509339811),True,True,True,1.204720891202721,-6.731366575252196e-10,np.float64(6.225798060533171e-05),1e-06,4.310721576293619e-11,-7.162438732881557e-10,9.969073174031902e-12,-6.831057306992515e-10,4.2210485607460004e-11,-7.153471431326796e-10,-3.6363017764660343e-13,-6.72773027347573e-10,-8.080072369053247e-13,-6.723286502883142e-10
m4-v3,d09,31,1,np.float64(3.4339872044851463),np.float64(-0.1963215403858554),True,True,True,1.1813446206612694,2.416657984838366e-10,np.float64(5.7404222357982655e-05),1e-06,3.9239800900326164e-11,2.0242599758351045e-10,-2.3186023113983176e-11,2.648518215978198e-10,2.666998088010979e-11,2.1499581760372683e-10,7.28274635939273e-12,2.343830521244439e-10,1.7165673292309883e-11,2.2450012519152673e-10
m4-v3,d09,2,5,np.float64(3.4657359027997265),np.float64(-0.0390032322597759),True,False,False,0.2294141452068271,2.4480861782194552e-11,np.float64(1.21960771108432e-05),1e-06,-9.333464267540555e-10,9.5782728853625e-10,-7.791441435041981e-10,8.036250052863927e-10,-1.0321806532524562e-09,1.0566615150346508e-09,-9.37956381358737e-10,9.624372431409315e-10,-9.505346923865375e-10,9.75015554168732e-10
m4-v3,d09,37,1,np.float64(3.6109179126442243),np.float64(-0.1889586950119591),True,True,True,1.118901785469598,-1.4415861837591137e-09,np.float64(5.803240057829284e-05),1e-06,-8.97183044566706e-11,-1.3518678793024432e-09,-1.6313123693852424e-10,-1.2784549468205894e-09,-1.345232331276541e-10,-1.3070629506314597e-09,-1.7427370602873506e-10,-1.2673124777303787e-09,-1.6417674373445903e-10,-1.2774094400246548e-09
m4-v3,d09,41,1,np.float64(3.713572066704308),np.float64(-0.184607803637099),True,True,True,1.068944652830664,-1.0370345693289096e-09,np.float64(6.074229519881142e-05),1e-06,-2.0325776439190496e-11,-1.0167087928897192e-09,1.474700016441224e-11,-1.051781569493322e-09,1.6848088677908194e-12,-1.0387193781967004e-09,-3.084153192037469e-11,-1.0061930374085349e-09,-4.794047222328625e-11,-9.890940971056233e-10
m4-v3,d09,43,1,np.float64(3.7612001156935624),np.float64(-0.18257543342631882),True,True,True,1.0188066008618286,-5.066229658012844e-10,np.float64(5.5439518447181875e-05),1e-06,1.6135613461503562e-10,-6.6797910041632e-10,6.203238524476642e-11,-5.686553510460508e-10,1.431768018680594e-10,-6.497997676693438e-10,1.173772189429521e-10,-6.240001847442365e-10,1.2778837624980425e-10,-6.344113420510887e-10
m4-v3,d09,47,1,np.float64(3.8501476017100584),np.float64(-0.17876338822837304),True,True,True,1.0104902673571978,4.958788935027769e-11,np.float64(5.903631178119911e-05),1e-06,1.5403601474919793e-10,-1.0444812539892024e-10,8.890403765623283e-11,-3.9316148305955134e-11,1.4433499131399057e-10,-9.474710196371288e-11,7.342886665815506e-11,-2.3840977307877368e-11,6.853124715328269e-11,-1.8943357803005e-11
m4-v3,d09,7,2,np.float64(3.8918202981106265),np.float64(-0.08848606258138285),True,False,False,0.49696346339696695,-1.1390925980236943e-09,np.float64(2.6713424912311262e-05),1e-06,7.874815568918975e-10,-1.926574154915592e-09,9.6883337289342e-10,-2.1079259709171144e-09,9.438651259975747e-10,-2.082957724021269e-09,1.0241168907728894e-09,-2.1632094887965838e-09,1.0135100758874852e-09,-2.1526026739111795e-09
m4-v3,d09,53,1,np.float64(3.970291913552122),np.float64(-0.1735939685443537),True,False,False,0.9692794159549663,-1.4370040712918808e-09,np.float64(5.3318229727684846e-05),1e-06,-5.997236188452001e-10,-8.372804524466807e-10,-6.413360450199127e-10,-7.956680262719681e-10,-6.563015635673204e-10,-7.807025077245604e-10,-6.720859999754886e-10,-7.649180713163921e-10,-6.745261678758909e-10,-7.624779034159899e-10
m4-v3,d09,59,1,np.float64(4.07753744390572),np.float64(-0.16897485378921837),True,False,False,0.9440693381269705,-4.781398610376186e-10,np.float64(5.0543874164009185e-05),1e-06,-2.3531852328077423e-10,-2.428213377568444e-10,-2.7011370544845935e-10,-2.0802615558915928e-10,-3.036846875805589e-10,-1.7445517345705974e-10,-2.373633025199157e-10,-2.4077655851770294e-10,-2.1045666582262964e-10,-2.67683195214989e-10
m4-v3,d09,61,1,np.float64(4.110873864173311),np.float64(-0.16754032791775322),True,False,False,0.9115271740581279,1.5054402169312198e-11,np.float64(5.134578532450957e-05),1e-06,-6.095394816689632e-10,6.245938838382754e-10,-4.651160483548175e-10,4.801704505241297e-10,-6.044495825579396e-10,6.195039847272518e-10,-5.228327265830393e-10,5.378871287523515e-10,-5.159315135417446e-10,5.309859157110568e-10
m4-v3,d09,2,6,np.float64(4.1588830833596715),np.float64(-0.02757945001908145),True,False,False,0.15420702347605167,-5.407055914119496e-10,np.float64(9.732191639437806e-06),1e-06,-1.0932391917376593e-10,-4.313816722381837e-10,2.8700377474946747e-10,-8.277093661614171e-10,6.627311425717248e-11,-6.069787056691221e-10,6.052137247972157e-10,-1.1459193162091652e-09,6.839734002706734e-10,-1.2246789916826229e-09
m4-v3,d09,67,1,np.float64(4.204692619390966),np.float64(-0.16351100147025147),True,False,False,0.8821028750197092,7.37048644339211e-10,np.float64(5.228181725260355e-05),1e-06,-1.2002189885917778e-10,8.570705431983888e-10,-1.2256311823886783e-10,8.596117625780789e-10,-6.973942320034822e-11,8.067880675395593e-10,-1.1942795567720453e-10,8.564766000164156e-10,-1.4265040390744632e-10,8.796990482466574e-10
m4-v3,d09,71,1,np.float64(4.2626798770413155),np.float64(-0.16102884271275783),True,False,False,0.8604799087136744,2.325402093106277e-10,np.float64(5.964448097606183e-05),1e-06,-1.1486687223992173e-09,1.381208931709845e-09,-1.4506362486656984e-09,1.6831764579763261e-09,-1.3688499872690329e-09,1.6013901965796605e-09,-1.4325629265328901e-09,1.6651031358435178e-09,-1.4211383744171557e-09,1.6536785837277834e-09
m4-v3,d09,73,1,np.float64(4.290459441148391),np.float64(-0.1598425863444375),True,False,False,0.8380561196255992,9.888778684796762e-10,np.float64(4.819941762184957e-05),1e-06,1.3366992425483943e-10,8.552079442248368e-10,5.268792996373713e-10,4.619985688423049e-10,3.7793943850806657e-10,6.109384299716096e-10,4.2271943932364414e-10,5.66158429156032e-10,3.955047462391955e-10,5.933731222404807e-10
m4-v3,d09,79,1,np.float64(4.3694478524670215),np.float64(-0.15648155106679665),True,False,False,0.8066001215002303,2.93453816802014e-09,np.float64(4.8561687150226115e-05),1e-06,1.941526338291678e-09,9.93011829728462e-10,1.678504656310147e-09,1.2560335117099928e-09,1.894580014550667e-09,1.039958153469473e-09,1.7822963347340338e-09,1.1522418332861061e-09,1.7736809305450264e-09,1.1608572374751135e-09
m4-v3,d09,3,4,np.float64(4.394449154672439),np.float64(-0.03885546139622887),True,False,False,0.2028137296720633,5.814207781895675e-09,np.float64(1.1862303386359305e-05),1e-06,3.7969451217398405e-11,5.776238330678277e-09,-6.674458527204119e-10,6.481653634616087e-09,-9.339655391643705e-11,5.907604335812112e-09,-4.4265134794888e-10,6.256859129844555e-09,-5.141705571710611e-10,6.3283783390667364e-09
m4-v3,d09,83,1,np.float64(4.418840607796598),np.float64(-0.15439008898017337),True,False,False,0.7925470206404335,-3.7160636789934642e-09,np.float64(5.118504762572097e-05),1e-06,-3.1478802563266787e-09,-5.681834226667856e-10,-3.40744981403094e-09,-3.0861386496252415e-10,-3.3666633029805127e-09,-3.494003760129515e-10,-3.414562010752667e-09,-3.015016682407974e-10,-3.4164476581427637e-09,-2.9961602085070056e-10
m4-v3,d09,89,1,np.float64(4.48863636973214),np.float64(-0.15145009428891956),True,False,False,0.7812848749713079,2.8786431016669667e-09,np.float64(6.072570470361843e-05),1e-06,2.6345777565242555e-09,2.440653451427112e-10,2.4605701297263966e-09,4.1807297194057004e-10,2.6096882269423605e-09,2.6895487472460623e-10,2.455021902161999e-09,4.2362119950496777e-10,2.4311373369179028e-09,4.475057647490639e-10
m4-v3,d09,97,1,np.float64(4.574710978503383),np.float64(-0.14785224441209735),True,False,False,0.7520606709701627,1.1273092237473747e-08,np.float64(6.0866987952761446e-05),1e-06,1.0031700384507113e-08,1.2413918529666346e-09,9.625533773394184e-09,1.6475584640795636e-09,9.928456157132114e-09,1.3446360803416338e-09,9.837289316943616e-09,1.435802920530132e-09,9.844201686045473e-09,1.4288905514282743e-09
m4-v3,d09,101,1,np.float64(4.61512051684126),np.float64(-0.14617479278578105),True,False,False,0.733787597022623,1.744990529850554e-08,np.float64(4.5060709384593485e-05),1e-06,1.4939858937419477e-08,2.5100463610860645e-09,1.4846298379819536e-08,2.603606918686005e-09,1.5052365876204304e-08,2.3975394223012374e-09,1.5021410177833668e-08,2.428495120671873e-09,1.503058958191653e-08,2.419315716589011e-09
m4-v3,d09,103,1,np.float64(4.634728988229636),np.float64(-0.145363663339395),True,False,False,0.7231261815315975,-1.0263457861370284e-08,np.float64(4.5353493934387346e-05),1e-06,-9.369352179697956e-09,-8.941056816723281e-10,-8.904160027992683e-09,-1.359297833377601e-09,-9.011313576625278e-09,-1.252144284745006e-09,-8.945831298410689e-09,-1.3176265629595957e-09,-8.97104680047705e-09,-1.2924110608932346e-09
m4-v3,d09,107,1,np.float64(4.672828834461906),np.float64(-0.14379312149769535),True,False,False,0.7200090983359592,5.526932245203398e-10,np.float64(4.531012873668603e-05),1e-06,-1.537447489651872e-09,2.0901407141722118e-09,-4.450243000715038e-10,9.977175245918436e-10,-6.153670480993296e-10,1.1680602726196694e-09,-4.927633622411607e-10,1.0454565867615004e-09,-5.227455518483208e-10,1.0754387763686607e-09
m4-v3,d09,109,1,np.float64(4.6913478822291435),np.float64(-0.14303243005044233),True,False,False,0.7200224494800209,-1.83629089711701e-09,np.float64(5.444092179190689e-05),1e-06,-2.68315925940174e-09,8.468683622847301e-10,-1.6236454610628565e-09,-2.126454360541535e-10,-1.73727261120321e-09,-9.901828591379991e-11,-1.7080262196903785e-09,-1.282646774266315e-10,-1.7585504158321933e-09,-7.774048128481668e-11
m4-v3,d09,113,1,np.float64(4.727387818712341),np.float64(-0.14155725660115417),True,False,False,0.6987638348624656,-5.290593851903225e-09,np.float64(4.232198961993055e-05),1e-06,-6.799759176761652e-09,1.509165324858427e-09,-5.729537374569282e-09,4.389435226660574e-10,-6.1339960202802874e-09,8.434021683770627e-10,-5.988550861729357e-09,6.979570098261325e-10,-5.986939794707062e-09,6.963459428038376e-10
m4-v3,d09,11,2,np.float64(4.795790545596741),np.float64(-0.06938852466955447),True,False,False,0.3401794870874161,-1.8558617365105334e-07,np.float64(2.1378057450851738e-05),1e-06,-1.836896756202105e-07,-1.896498030842838e-09,-1.835866945708702e-07,-1.9994790801831372e-09,-1.8413944926702115e-07,-1.446724384032196e-09,-1.84064158750473e-07,-1.5220149005803351e-09,-1.840872381853969e-07,-1.4989354656564503e-09
m4-v3,d09,5,3,np.float64(4.828313737302301),np.float64(-0.04582150488104508),True,False,False,0.22478073235735838,-2.596263637411056e-08,np.float64(1.3434830258990433e-05),1e-06,-2.7584479437638198e-08,1.621843063527639e-09,-2.9386543795395754e-08,3.423907421285195e-09,-2.9761787923494208e-08,3.799151549383649e-09,-2.924387089224584e-08,3.2812345181352815e-09,-2.9057603470355957e-08,3.0949670962453974e-09
m4-v3,d09,127,1,np.float64(4.844187086458591),np.float64(-0.13682617124428062),True,False,False,0.6711147174616912,7.079154396016918e-08,np.float64(5.2816780298504186e-05),1e-06,7.279080061381799e-08,-1.9992566536488063e-09,7.131520512524481e-08,-5.236611650756303e-10,7.135033402047949e-08,-5.58790060310312e-10,7.133952965628351e-08,-5.479856961143321e-10,7.140368662911663e-08,-6.121426689474512e-10
m4-v3,d09,2,7,np.float64(4.852030263919617),np.float64(-0.01950161612988795),True,False,False,0.0952991329767182,1.688620337114699e-06,np.float64(7.382163762066986e-06),1e-06,1.698457134679979e-06,-9.83679756528e-09,1.6898676509404296e-06,-1.2473138257305799e-09,1.694356527082136e-06,-5.736189967436871e-09,1.6921439851482408e-06,-3.5236480335417298e-09,1.6919691196933949e-06,-3.348782578695837e-09
m4-v3,d09,131,1,np.float64(4.875197323201151),np.float64(-0.1355834491603077),True,False,False,0.656297073392142,4.562182187584085e-08,np.float64(3.958250492988376e-05),1e-06,4.7637622785705e-08,-2.0158009098641494e-09,4.6246513594596844e-08,-6.246917187559928e-10,4.626162830151127e-08,-6.39806425670421e-10,4.64005160574227e-08,-7.78694181581846e-10,4.647185693111042e-08,-8.500350552695671e-10
m4-v3,d09,137,1,np.float64(4.919980925828125),np.float64(-0.13379912176069506),True,False,False,0.6315052147478281,-7.564311758079256e-07,np.float64(3.941480509304875e-05),1e-06,-7.579093251352745e-07,1.4781493273488456e-09,-7.550255275955075e-07,-1.4056482124181282e-09,-7.556885415249514e-07,-7.426342829742437e-10,-7.556030530616749e-07,-8.281227462507487e-10,-7.556473671443466e-07,-7.838086635790383e-10
m4-v3,d09,139,1,np.float64(4.9344739331306915),np.float64(-0.13322434272608064),True,False,False,0.6285615080220518,3.421990069085723e-07,np.float64(4.3738238061486946e-05),1e-06,3.412637253526913e-07,9.352815558809772e-10,3.427685628187952e-07,-5.695559102229136e-10,3.4258709309535885e-07,-3.8808618678655163e-10,3.4285931985847626e-07,-6.603129499039613e-10,3.428876218897649e-07,-6.886149811925798e-10
m4-v3,d10,2,1,np.float64(0.6931471805599453),np.float64(-0.1560129290391036),True,True,True,1.1630371888535553,-1.0267908745476007e-10,np.float64(5.5410490843093756e-05),1e-06,-9.114690367470578e-12,-9.356439708728948e-11,-6.659974211143345e-14,-1.0261248771264863e-10,-1.3101103483148984e-11,-8.957798397161109e-11,-2.3504695460165004e-11,-7.917439199459506e-11,-2.442621712353285e-11,-7.825287033122721e-11
m4-v3,d10,3,1,np.float64(1.0986122886681098),np.float64(-0.20189889986939866),True,True,True,1.4930302504239201,2.005784427439039e-10,np.float64(5.89217681751262e-05),1e-06,-1.7885806850875694e-11,2.184642495947796e-10,-4.532210316124279e-12,2.051106530600282e-10,-1.1021068409805312e-11,2.1159951115370922e-10,-1.8505471357307253e-11,2.1908391410121116e-10,-2.0541683958488953e-11,2.2112012670239286e-10
m4-v3,d10,2,2,np.float64(1.3862943611198906),np.float64(-0.1103178000763258),True,False,False,0.7934901359277224,6.306590805138512e-10,np.float64(3.5406081350545284e-05),1e-06,1.87736192411324e-11,6.118854612727188e-10,2.1161442268291333e-11,6.094976382455599e-10,-1.0127081322538631e-11,6.407861618363898e-10,-3.935919586857319e-12,6.345950001007085e-10,-5.294238038060236e-12,6.359533185519114e-10
m4-v3,d10,5,1,np.float64(1.6094379124341003),np.float64(-0.22910752440522542),True,True,True,1.623606608158912,1.1261835908271678e-10,np.float64(8.552631573788654e-05),1e-06,-1.3400029104524136e-11,1.260183881872409e-10,-1.4255158715346607e-11,1.268735177980634e-10,-7.096678157008292e-12,1.1971503723972508e-10,-1.51877248217159e-11,1.2780608390443268e-10,-1.3563079629111707e-11,1.2618143871182848e-10
m4-v3,d10,7,1,np.float64(1.9459101490553132),np.float64(-0.23411211608563706),True,True,True,1.6209086308960048,-5.314063633576893e-10,np.float64(7.763860016602599e-05),1e-06,-9.327095283452501e-12,-5.220792680742369e-10,6.08292426409055e-12,-5.374892876217799e-10,-1.7555688121359533e-11,-5.138506752363298e-10,-2.3926240709237297e-11,-5.07480122648452e-10,-2.5969305683223095e-11,-5.054370576744662e-10
m4-v3,d10,2,3,np.float64(2.0794415416798357),np.float64(-0.0780064645195518),True,False,False,0.5433620139961308,-1.7478318792285563e-10,np.float64(2.3493138243841383e-05),1e-06,9.332414590932747e-11,-2.681073338321831e-10,2.328383854280381e-11,-1.9806702646565944e-10,3.661386512880115e-11,-2.113970530516568e-10,3.468408929591453e-11,-2.0946727721877017e-10,4.714791651994986e-11,-2.219311044428055e-10
m4-v3,d10,3,2,np.float64(2.1972245773362196),np.float64(-0.1165663841886866),True,False,False,0.8232464282993628,1.0341318912310271e-09,np.float64(4.244400178403291e-05),1e-06,-3.3566285004100665e-11,1.0676981762351279e-09,-2.0041969360951865e-11,1.054173860591979e-09,2.8838856728601735e-12,1.031248005558167e-09,3.11239010357088e-11,1.0030079901953184e-09,2.6481334032020184e-11,1.007650557199007e-09
m4-v3,d10,11,1,np.float64(2.3978952727983707),np.float64(-0.23013570108523157),True,True,True,1.5450953038420505,1.7561299081592097e-09,np.float64(8.232500933954125e-05),1e-06,-1.6480242965853732e-13,1.7562947105888683e-09,4.655214505350943e-12,1.7514746936538588e-09,1.0028141383661296e-11,1.7461017667755485e-09,8.740866691230436e-12,1.7473890414679792e-09,7.1562266939745836e-12,1.7489736814652351e-09
m4-v3,d10,13,1,np.float64(2.5649493574615367),np.float64(-0.22644213759952758),True,True,True,1.5022391302904445,-1.5189183244501692e-11,np.float64(7.582638819695679e-05),1e-06,4.176328098082136e-11,-5.695246422532305e-11,1.3706215549384109e-11,-2.8895398793885802e-11,3.3655251670861095e-11,-4.8844434915362787e-11,5.296850998844558e-11,-6.815769323294728e-11,5.4800136084422326e-11,-6.998931932892401e-11
m4-v3,d10,2,4,np.float64(2.772588722239781),np.float64(-0.0551589000381629),True,False,False,0.353803186603551,-2.1235758707049968e-09,np.float64(1.611329434021821e-05),1e-06,1.6811450780309298e-10,-2.2916903785080896e-09,1.294041726596972e-10,-2.252980043364694e-09,8.067472479482737e-11,-2.2042505954998243e-09,4.5651954487125036e-11,-2.169227825192122e-09,4.887122136989825e-11,-2.172447092074895e-09
m4-v3,d10,17,1,np.float64(2.833213344056216),np.float64(-0.21872828371837585),True,True,True,1.4273276536356587,-6.63364252417864e-10,np.float64(6.63328412433758e-05),1e-06,9.530810295845696e-11,-7.586723553763209e-10,5.516776338222859e-11,-7.185320158000926e-10,3.8362187611678885e-11,-7.017264400295429e-10,5.4762896295315187e-11,-7.181271487131792e-10,5.85629921086445e-11,-7.219272445265085e-10
m4-v3,d10,19,1,np.float64(2.9444389791664403),np.float64(-0.21501852841127717),True,True,True,1.3544474500869494,-4.0922987221136964e-10,np.float64(7.159348451342591e-05),1e-06,1.4452983500416871e-11,-4.236828557117865e-10,3.084721207854145e-11,-4.400770842899111e-10,2.3770758100262634e-11,-4.3300063031163225e-10,3.950155259279104e-11,-4.487314248041607e-10,3.4432160889298985e-11,-4.4366203310066863e-10
m4-v3,d10,23,1,np.float64(3.1354942159291497),np.float64(-0.20810964733659634),True,True,True,1.2928470678193638,-9.01051233626049e-10,np.float64(6.0599429267588686e-05),1e-06,-8.183055231540518e-11,-8.192206813106438e-10,-2.5237158430210412e-11,-8.758140751958386e-10,-1.9412070490506675e-11,-8.816391631355423e-10,-2.8551456914605977e-12,-8.981960879345884e-10,-1.1556912745863745e-11,-8.894943208801852e-10
m4-v3,d10,5,2,np.float64(3.2188758248682006),np.float64(-0.10245999974535523),True,False,False,0.6228751017574083,-1.7081580594435763e-10,np.float64(3.536859192777077e-05),1e-06,-2.542645022404721e-10,8.344869629611446e-11,-2.3693949090614975e-10,6.612368496179212e-11,-1.6090559627120733e-10,-9.910209673150308e-12,-2.2388449445796956e-10,5.306868851361192e-11,-2.1669502726952113e-10,4.5879221325163494e-11
m4-v3,d10,3,3,np.float64(3.295836866004329),np.float64(-0.06729963328979954),True,False,False,0.40454223154329566,-2.2322529380502942e-09,np.float64(2.0037673252785557e-05),1e-06,-2.2824075120534405e-10,-2.0040121868449504e-09,-2.7486943995502856e-10,-1.9573834980952657e-09,-4.938642924094587e-11,-2.1828665088093483e-09,-9.583323239575573e-11,-2.1364197056545387e-09,-9.096452346656876e-11,-2.1412884145837253e-09
m4-v3,d10,29,1,np.float64(3.367295829986474),np.float64(-0.1990363509339811),True,True,True,1.214019792576465,1.2729639564668105e-10,np.float64(6.386149944282163e-05),1e-06,-1.8419168968150806e-10,3.114880853281891e-10,-1.1131799258444074e-10,2.386143882311218e-10,-7.810972615259679e-11,2.0540612179927784e-10,-9.010880426576673e-11,2.174051999124478e-10,-9.75649304856753e-11,2.2486132613235633e-10
m4-v3,d10,31,1,np.float64(3.4339872044851463),np.float64(-0.1963215403858554),True,True,True,1.1795447578235383,-5.267404290520972e-10,np.float64(5.7207834948240467e-05),1e-06,-2.4896561899418125e-10,-2.777748100579159e-10,-1.7994187035788011e-10,-3.4679855869421706e-10,-1.6239711092937594e-10,-3.6434331812272126e-10,-2.1158157679561764e-10,-3.1515885225647956e-10,-2.1271803040425914e-10,-3.14022398647838e-10
m4-v3,d10,2,5,np.float64(3.4657359027997265),np.float64(-0.0390032322597759),True,False,False,0.24046871833525477,6.702589594453912e-10,np.float64(1.1399036325017955e-05),1e-06,8.457948600669741e-10,-1.7553590062158294e-10,7.444743937568731e-10,-7.421543431148196e-11,6.698722458458084e-10,3.867135995827917e-13,9.401751507418324e-10,-2.6991619129644123e-10,9.178807933350766e-10,-2.476218338896854e-10
m4-v3,d10,37,1,np.float64(3.6109179126442243),np.float64(-0.1889586950119591),True,True,True,1.0891993293730646,-3.1537272793258353e-10,np.float64(6.398400218828764e-05),1e-06,-2.40511592392235e-10,-7.486113554034853e-11,-1.4931411193878147e-10,-1.6605861599380206e-10,-1.0965949534223746e-10,-2.0571323259034607e-10,-1.1846652917571116e-10,-1.9690619875687236e-10,-1.277356007250208e-10,-1.8763712720756274e-10
m4-v3,d10,41,1,np.float64(3.713572066704308),np.float64(-0.184607803637099),True,True,True,1.0423907015239295,4.857714230865895e-11,np.float64(5.5844931862508364e-05),1e-06,-2.413848983429182e-10,2.8996204065157714e-10,-1.072925214692809e-10,1.5586966377793986e-10,-8.875372682278709e-11,1.3733086913144604e-10,-4.358571152659708e-11,9.216285383525602e-11,-5.8049626565112805e-11,1.0662676887377176e-10
m4-v3,d10,43,1,np.float64(3.7612001156935624),np.float64(-0.18257543342631882),True,True,True,1.0390577720812515,-7.605789331677215e-10,np.float64(6.368871899565036e-05),1e-06,-2.9867219102555046e-10,-4.6190674214217105e-10,-2.5698619837432513e-10,-5.035927347933963e-10,-1.6636099613620138e-10,-5.942179370315202e-10,-1.962880376963955e-10,-5.64290895471326e-10,-2.0026875849125154e-10,-5.6031017467647e-10
m4-v3,d10,47,1,np.float64(3.8501476017100584),np.float64(-0.17876338822837304),True,True,True,1.0049933329472642,3.303157747325258e-10,np.float64(5.262616679332831e-05),1e-06,3.3305871934341554e-10,-2.742944610889712e-12,3.4231786383972716e-10,-1.2002089107201336e-11,1.8472814362782198e-10,1.4558763110470384e-10,1.5790455547344584e-10,1.7241121925908e-10,1.5794714465317693e-10,1.723686300793489e-10
m4-v3,d10,7,2,np.float64(3.8918202981106265),np.float64(-0.08848606258138285),True,False,False,0.49162027518065404,-1.8269841195461822e-09,np.float64(2.6354677867833817e-05),1e-06,6.506997591890842e-10,-2.4776838787352665e-09,3.156630347953451e-10,-2.1426471543415275e-09,2.806857093604839e-10,-2.107669828906666e-09,2.1912618460019136e-10,-2.0461103041463737e-09,2.5143060579909776e-10,-2.07841472534528e-09
m4-v3,d10,53,1,np.float64(3.970291913552122),np.float64(-0.1735939685443537),True,False,False,0.950263373092179,1.2582435093833055e-09,np.float64(6.574267238079433e-05),1e-06,-6.993113280772575e-10,1.957554837460563e-09,-4.126353135893378e-10,1.6708788229726434e-09,-4.178572616674594e-10,1.676100771050765e-09,-3.8158422533031813e-10,1.6398277347136237e-09,-3.990814527201863e-10,1.6573249621034917e-09
m4-v3,d10,59,1,np.float64(4.07753744390572),np.float64(-0.16897485378921837),True,False,False,0.9282302091948132,-3.8863801066213455e-10,np.float64(4.918603421828841e-05),1e-06,-5.387876684184381e-10,1.5014965775630359e-10,-6.389934277771914e-10,2.503554171150569e-10,-4.0163776081320387e-10,1.2999750151069318e-11,-4.2076476362375363e-10,3.212675296161908e-11,-4.165743102336144e-10,2.7936299571479878e-11
m4-v3,d10,61,1,np.float64(4.110873864173311),np.float64(-0.16754032791775322),True,False,False,0.9049140221762432,-5.245215373150813e-11,np.float64(5.4832881262343644e-05),1e-06,9.10933203513672e-10,-9.633853572451802e-10,6.578793848681525e-10,-7.103315385996607e-10,5.978395657897468e-10,-6.502917195212549e-10,5.995239474867393e-10,-6.519761012182475e-10,6.169968717326247e-10,-6.694490254641328e-10
m4-v3,d10,2,6,np.float64(4.1588830833596715),np.float64(-0.02757945001908145),True,False,False,0.14951632029354028,-4.11270206779335e-09,np.float64(8.322119206584146e-06),1e-06,-1.2622262189930793e-09,-2.8504758488002707e-09,-2.4708985433896446e-09,-1.6418035244037055e-09,-9.871442181706127e-10,-3.1255578496227377e-09,-9.33334324234646e-10,-3.179367743558704e-09,-8.943712729680121e-10,-3.2183307948253382e-09
m4-v3,d10,67,1,np.float64(4.204692619390966),np.float64(-0.16351100147025147),True,False,False,0.8649751976045182,-6.308810140964738e-10,np.float64(6.29053755679207e-05),1e-06,-1.5032283175582182e-09,8.723473034617444e-10,-1.022058203029268e-09,3.911771889327943e-10,-1.016924963084884e-09,3.860439489884103e-10,-9.66148685591872e-10,3.352676714953982e-10,-9.880726769650357e-10,3.571916628685619e-10
m4-v3,d10,71,1,np.float64(4.2626798770413155),np.float64(-0.16102884271275783),True,False,False,0.8445772663205359,4.1155605590148525e-09,np.float64(4.763305008842696e-05),1e-06,1.7534003973311223e-09,2.36216016168373e-09,1.7361666686367826e-09,2.3793938903780697e-09,1.4102695561489821e-09,2.7052910028658704e-09,1.4146732672195737e-09,2.7008872917952788e-09,1.4119856821089904e-09,2.703574876905862e-09
m4-v3,d10,73,1,np.float64(4.290459441148391),np.float64(-0.1598425863444375),True,False,False,0.8400176232481862,2.33150854178632e-09,np.float64(5.291628365690091e-05),1e-06,1.700512162359473e-09,6.309963794268472e-10,1.370446976599021e-09,9.610615651872992e-10,1.4682970630916691e-09,8.63211478694651e-10,1.5803339038698444e-09,7.511746379164758e-10,1.5839620141421663e-09,7.475465276441539e-10
m4-v3,d10,79,1,np.float64(4.3694478524670215),np.float64(-0.15648155106679665),True,False,False,0.8128198955353104,8.137870377566969e-10,np.float64(4.819260286895846e-05),1e-06,2.0512176832174086e-09,-1.2374306454607117e-09,1.989122316321977e-09,-1.17533527856528e-09,1.7201674202066822e-09,-9.063803824499853e-10,1.7155852271368187e-09,-9.017981893801217e-10,1.7103332606556927e-09,-8.965462228989958e-10
m4-v3,d10,3,4,np.float64(4.394449154672439),np.float64(-0.03885546139622887),True,False,False,0.2019970786128727,9.503563269674942e-09,np.float64(1.2898504276604609e-05),1e-06,5.881495920688155e-09,3.6220673489867865e-09,6.432515783928184e-09,3.0710474857467575e-09,5.802447755475006e-09,3.7011155141999357e-09,6.176249675182449e-09,3.327313594492493e-09,6.106186645576962e-09,3.3973766240979797e-09
m4-v3,d10,83,1,np.float64(4.418840607796598),np.float64(-0.15439008898017337),True,False,False,0.7933024843283238,5.0754991320900444e-09,np.float64(5.9008279267442445e-05),1e-06,4.692373343416858e-09,3.8312578867318633e-10,4.548630079523244e-09,5.268690525668001e-10,4.15178555552088e-09,9.237135765691647e-10,4.242962387919275e-09,8.325367441707692e-10,4.2381931553020036e-09,8.373059767880409e-10
m4-v3,d10,89,1,np.float64(4.48863636973214),np.float64(-0.15145009428891956),True,False,False,0.7904199625719344,-2.2832031820740895e-09,np.float64(4.7012536430106406e-05),1e-06,-2.22110484055332e-09,-6.209834152076956e-11,-1.6608960935191542e-09,-6.223070885549353e-10,-1.6804194028007294e-09,-6.0278377927336e-10,-1.6091670647069047e-09,-6.740361173671848e-10,-1.6370510509073704e-09,-6.461521311667191e-10
m4-v3,d10,97,1,np.float64(4.574710978503383),np.float64(-0.14785224441209735),True,False,False,0.7522256371945822,-1.1856880810512394e-08,np.float64(4.381190975929336e-05),1e-06,-1.2571618276641226e-08,7.147374661288324e-10,-1.1629046976500693e-08,-2.2783383401170017e-10,-1.1548307263244705e-08,-3.0857354726768864e-10,-1.171003588473768e-08,-1.4684492577471275e-10,-1.1721545198759212e-08,-1.3533561175318135e-10
m4-v3,d10,101,1,np.float64(4.61512051684126),np.float64(-0.14617479278578105),True,False,False,0.7253950336765698,-1.821526451895039e-08,np.float64(5.030451747055001e-05),1e-06,-2.0292876375094696e-08,2.077611856144304e-09,-1.9422255547689507e-08,1.2069910287391158e-09,-1.8915769466730455e-08,7.005049477800633e-10,-1.906502414776401e-08,8.497596288136195e-10,-1.907840498458608e-08,8.631404656356874e-10
m4-v3,d10,103,1,np.float64(4.634728988229636),np.float64(-0.145363663339395),True,False,False,0.7235934395531254,6.2355387520085515e-09,np.float64(4.9137274573339814e-05),1e-06,3.754142101704149e-09,2.4813966503044024e-09,3.754702897446916e-09,2.4808358545616354e-09,3.962454188886183e-09,2.273084563122369e-09,4.16249258725038e-09,2.0730461647581714e-09,4.151010773656146e-09,2.0845279783524057e-09
m4-v3,d10,107,1,np.float64(4.672828834461906),np.float64(-0.14379312149769535),True,False,False,0.7139955500073238,-5.774440592354324e-09,np.float64(4.34411155792108e-05),1e-06,-6.579992966269729e-09,8.055523739154048e-10,-6.356389908818085e-09,5.819493164637606e-10,-5.9458429331105505e-09,1.7140234075622643e-10,-5.907370318338165e-09,1.3292972598384096e-10,-5.900813890209253e-09,1.2637329785492925e-10
m4-v3,d10,109,1,np.float64(4.6913478822291435),np.float64(-0.14303243005044233),True,False,False,0.7028343174642688,-9.831138680915785e-09,np.float64(5.0681925825980934e-05),1e-06,-8.801708179279827e-09,-1.0294305016359585e-09,-8.062908619821596e-09,-1.7682300610941888e-09,-7.634677241167532e-09,-2.1964614397482537e-09,-7.45757546336296e-09,-2.3735632175528255e-09,-7.474813536883827e-09,-2.356325144031958e-09
m4-v3,d10,113,1,np.float64(4.727387818712341),np.float64(-0.14155725660115417),True,False,False,0.6973686922805291,2.917116370682038e-08,np.float64(5.6881683071695e-05),1e-06,3.207653782506992e-08,-2.905374118249537e-09,3.0023068597053876e-08,-8.519048902334961e-10,3.024928016966921e-08,-1.0781164628488278e-09,3.02842224618725e-08,-1.1130587550521209e-09,3.031167340723678e-08,-1.140509700416397e-09
m4-v3,d10,11,2,np.float64(4.795790545596741),np.float64(-0.06938852466955447),True,False,False,0.33620254339076683,1.2057152232181068e-07,np.float64(2.2476905639852976e-05),1e-06,1.2063626792312e-07,-6.474560130932026e-11,1.199522722714065e-07,6.192500504041719e-10,1.1890266839618353e-07,1.6688539256271453e-09,1.1915680859058335e-07,1.414713731227325e-09,1.1918183679127574e-07,1.3896855305349407e-09
m4-v3,d10,5,3,np.float64(4.828313737302301),np.float64(-0.04582150488104508),True,False,False,0.2224126575500564,-3.439622181522495e-07,np.float64(1.4827453978086162e-05),1e-06,-3.537431225735809e-07,9.780904421331416e-09,-3.5141422030083106e-07,7.452002148581583e-09,-3.4913614624528016e-07,5.1739280930306815e-09,-3.498451573435099e-07,5.8829391912604275e-09,-3.4982763478970845e-07,5.865416637458977e-09
m4-v3,d10,127,1,np.float64(4.844187086458591),np.float64(-0.13682617124428062),True,False,False,0.6566735248192112,-9.249864929561369e-08,np.float64(4.4494304074579885e-05),1e-06,-9.464917631032981e-08,2.1505270147161208e-09,-9.274656709793196e-08,2.4791780231826986e-10,-9.363208677099854e-08,1.1334374753848518e-09,-9.378442973039816e-08,1.285780434784472e-09,-9.37979988087783e-08,1.2993495131646137e-09
m4-v3,d10,2,7,np.float64(4.852030263919617),np.float64(-0.01950161612988795),True,False,False,0.09353492253900342,-2.7706509100333676e-06,np.float64(5.978047161082284e-06),1e-06,-2.7985007184136717e-06,2.784980838030405e-08,-2.7749625362036366e-06,4.311626170269014e-09,-2.767350761316592e-06,-3.300148716775523e-09,-2.7692936080183086e-06,-1.357302015058989e-09,-2.7695129761802727e-06,-1.137933853094886e-09
m4-v3,d10,131,1,np.float64(4.875197323201151),np.float64(-0.1355834491603077),True,False,False,0.6530362110826439,-2.3347566668885378e-07,np.float64(4.022368591066045e-05),1e-06,-2.3441087164899254e-07,9.352049601387658e-10,-2.336011309206174e-07,1.2546423176361826e-10,-2.330016987476828e-07,-4.739679411709657e-10,-2.3328508365542853e-07,-1.9058303342524452e-10,-2.3327709380277577e-07,-1.985728860780128e-10
m4-v3,d10,137,1,np.float64(4.919980925828125),np.float64(-0.13379912176069506),True,False,False,0.6419872017213563,5.5506474083699686e-08,np.float64(4.1254619024325995e-05),1e-06,5.33124646896661e-08,2.1940093940335853e-09,5.36484636158516e-08,1.858010467848086e-09,5.4184727487474384e-08,1.3217465962253024e-09,5.425401613705341e-08,1.2524579466462787e-09,5.4267660204798826e-08,1.2388138789008599e-09
m4-v3,d10,139,1,np.float64(4.9344739331306915),np.float64(-0.13322434272608064),True,False,False,0.6349241970599597,-6.730102161123241e-07,np.float64(4.077223438906934e-05),1e-06,-6.719300035360558e-07,-1.0802125762683656e-09,-6.715300358823366e-07,-1.4801802299875523e-09,-6.700615360484269e-07,-2.948680063897293e-09,-6.701491400701049e-07,-2.861076042219245e-09,-6.701436586414071e-07,-2.866557470916996e-09
