s,cdf_zeros,cdf_gue_mean,cdf_gue_q025,cdf_gue_q975,cdf_poisson_ensemble_mean,cdf_wigner_surmise,cdf_poisson
0.0,0.0,0.0,0.0,0.0,0.0,0.0,0.0
0.005,0.0,0.0,0.0,0.0,0.005584531900321374,1.3509233142902644e-07,0.00498752080731768
0.01,0.0,0.0,0.0,0.0,0.010378799852484064,1.0806767320094973e-06,0.009950166250831893
0.015,0.0,0.0,0.0,0.0,0.014540856646119803,3.6469357054397245e-06,0.014888060396937353
0.02,0.0,0.0,0.0,0.0,0.01865022917654497,8.6434327722755e-06,0.019801326693244747
0.025,0.0,0.0,0.0,0.0,0.022917654496601866,1.6878803347823712e-05,0.024690087971667385
0.03,0.0,0.0,0.0,0.0,0.027922659501606873,2.9160446062929946e-05,0.029554466451491845
0.035,0.0,0.0,0.0,0.0,0.03266424319055899,4.629421467517575e-05,0.03439458374243354
0.04,0.0,0.0,0.0,0.0,0.037405826879511085,6.908411071729348e-05,0.03921056084767682
0.045,0.0,0.0,0.0,0.0,0.04209472630525262,9.833197702915214e-05,0.04400251816690004
0.05,0.0,0.0,0.0,0.0,0.047257784099889365,0.00013483719231952018,0.048770575499285984
0.055,0.0,0.0,0.0,0.0,0.05178863073599915,0.0001793963669027704,0.05351485204651618
0.06,0.0,0.0,0.0,0.0,0.056056056056056056,0.00023280303975516115,0.05823546641575128
0.065,0.0,0.0,0.0,0.0,0.061693272219588,0.0002958473770347525,0.06293253662259657
0.07,0.0,0.000105368526421158,0.0,0.001001001001001001,0.06638217164532956,0.000369315872207579,0.06760618009405173
0.075,0.0,0.000105368526421158,0.0,0.001001001001001001,0.07117643959749223,0.0004539910479227499,0.07225651367144714
0.08,0.0,0.000105368526421158,0.0,0.001001001001001001,0.07612876033928666,0.0005506511597765662,0.07688365361336424
0.085,0.0,0.000105368526421158,0.0,0.001001001001001001,0.08034350139613299,0.0006600699021066386,0.08148771559854262
0.09,0.0,0.000210737052842316,0.0,0.001001001001001001,0.08461092671618989,0.0007830161159535914,0.08606881472877181
0.095,0.0,0.000210737052842316,0.0,0.001001001001001001,0.08856224645698328,0.0009202534993286854,0.09062706553176858
0.1,0.0,0.000263421316052895,0.0,0.001001001001001001,0.0936199357251989,0.001072540319922849,0.09516258196404048
0.105,0.0,0.000316105579263474,0.0,0.001001001001001001,0.09730783414993942,0.0012406291303918016,0.09967547741373439
0.11,0.0,0.000474158368895211,0.0,0.0015515515515515522,0.10220747062852326,0.0014252664863506348,0.10416586470347178
0.115,0.0,0.000632211158526948,0.0,0.002002002002002002,0.10710710710710711,0.0016271926672090098,0.10863385609316867
0.12,0.0,0.000632211158526948,0.0,0.002002002002002002,0.11174332226963807,0.0018471413999766872,0.11307956328284252
0.125,0.0,0.000790263948158685,0.0,0.002002002002002002,0.1159053790632738,0.0020858395861682033,0.11750309741540454
0.13,0.0,0.0008956324745798429,0.0,0.0025525525525525532,0.11980401454085667,0.0023440070319317996,0.1219045690794387
0.135,0.0,0.0010536852642115796,0.0,0.003003003003003003,0.12428217691375586,0.002622356181527702,0.12628408831196558
0.14,0.001001001001001001,0.0012117380538433171,0.0,0.003003003003003003,0.1287603392866551,0.002921591854278316,0.13064176460119414
0.145,0.001001001001001001,0.0013697908434750538,0.0,0.0041041041041041055,0.1327643432906591,0.0032424109851098004,0.1349777068892587
0.15,0.001001001001001001,0.001738580685949107,0.0,0.004554554554554556,0.13729518992676887,0.003585502368804283,0.1392920235749422
0.155,0.001001001001001001,0.001949317738791423,0.00045045045045045046,0.004554554554554556,0.1417206680364575,0.003951546408077572,0.1435848225163865
0.16,0.001001001001001001,0.0020546862652125806,0.00045045045045045046,0.0051051051051051064,0.14609346188293557,0.004341214865597742,0.14785621103378865
0.165,0.001001001001001001,0.002265423318054897,0.00045045045045045046,0.005655655655655657,0.15020283441336074,0.004755170620054733,0.15210629591208413
0.17,0.002002002002002002,0.002686897423739529,0.00045045045045045046,0.006656656656656658,0.15420683841736474,0.005194067426390614,0.1563351834036163
0.17500000000000002,0.002002002002002002,0.0031610557926347402,0.00045045045045045046,0.006656656656656658,0.159053790632738,0.0056585496802978585,0.16054297923079264
0.18,0.002002002002002002,0.0033191085822664767,0.0009009009009009009,0.006656656656656658,0.1631104788999526,0.006149252187088672,0.164729788588728
0.185,0.003003003003003003,0.003477161371898214,0.0009009009009009009,0.00720720720720721,0.16711448290395658,0.006666799935038242,0.16889571614787435
0.19,0.003003003003003003,0.0038459512143722667,0.0009009009009009009,0.007657657657657659,0.17190875085611929,0.007211807873300585,0.1730408660566377
0.195,0.003003003003003003,0.00421474105684632,0.0009009009009009009,0.008108108108108109,0.1762288604393868,0.00778488069449304,0.1771653419439816
0.2,0.003003003003003003,0.0047942679521626895,0.0009009009009009009,0.011111111111111113,0.1809177598651283,0.008386612622044182,0.18126924692201818
0.20500000000000002,0.003003003003003003,0.005321110584268479,0.0009009009009009009,0.012662662662662664,0.18529055371160638,0.009017587202395205,0.18535268358858548
0.21,0.003003003003003003,0.005689900426742531,0.0024524524524524526,0.012662662662662664,0.18966334755808437,0.00967837710214392,0.18941575402981292
0.215,0.003003003003003003,0.006058690269216586,0.0024524524524524526,0.012662662662662664,0.19345661450924612,0.010369543910215162,0.19345855982267313
0.22,0.004004004004004004,0.006427480111690638,0.0024524524524524526,0.012662662662662664,0.19719719719719722,0.011091637945143562,0.1974812020375215
0.225,0.004004004004004004,0.0068489542173752705,0.002902902902902903,0.013213213213213216,0.20099046414835894,0.011845198067543028,0.20148378124062294
0.23,0.004004004004004004,0.007112375533428164,0.002902902902902903,0.013213213213213216,0.20467836257309943,0.012630751497845205,0.20546639749666595
0.23500000000000001,0.004004004004004004,0.007481165375902219,0.002902902902902903,0.013663663663663665,0.20836626099783997,0.013448813639375612,0.20942915037126442
0.24,0.005005005005005005,0.008060692271218587,0.002902902902902903,0.014664664664664666,0.21258100205468625,0.014299887906842057,0.21337213893344653
0.245,0.006006006006006006,0.008745587692956113,0.0034534534534534536,0.014664664664664666,0.21616353195300564,0.015184465560299898,0.21729546175813186
0.25,0.007007007007007007,0.009588535904325379,0.004004004004004004,0.015565565565565567,0.22090511564195775,0.01610302554466042,0.22119921692859512
0.255,0.008008008008008008,0.010115378536431166,0.004454454454454454,0.01656656656656657,0.2259101206469627,0.017056034334801684,0.22508350203891903
0.26,0.008008008008008008,0.010800273958168693,0.004904904904904905,0.01766766766766767,0.22928191349243984,0.018043945786342885,0.22894841419643375
0.265,0.008008008008008008,0.01159053790632738,0.005455455455455455,0.01856856856856857,0.23349665454928614,0.019067200992133715,0.23279405002414433
0.27,0.01001001001001001,0.012380801854486066,0.006456456456456456,0.01901901901901902,0.23618355197302565,0.020126228144513036,0.23662050566314685
0.275,0.01001001001001001,0.013171065802644752,0.006456456456456456,0.01956956956956957,0.24150466255729416,0.02122144240338414,0.24042787677503152
0.28,0.01001001001001001,0.013961329750803437,0.006906906906906907,0.020570570570570573,0.2466150360887203,0.022353245770151797,0.24421625854427453
0.28500000000000003,0.012012012012012012,0.01485696222538328,0.007357357357357357,0.020570570570570573,0.24988146040777615,0.023522026967563836,0.24798574568061738
0.29,0.012012012012012012,0.015647226173541962,0.007357357357357357,0.021571571571571573,0.25356935883251674,0.02472816132549499,0.25173643242143473
0.295,0.013013013013013013,0.016384805858490066,0.007357357357357357,0.024024024024024024,0.2572572572572572,0.025972010672708823,0.2554684125340906
0.3,0.014014014014014014,0.017227754069859335,0.007807807807807808,0.024574574574574577,0.26115589273484013,0.02725392323462994,0.2591817793182821
0.305,0.014014014014014014,0.01849217638691323,0.007807807807807808,0.026026026026026026,0.2651072124756335,0.028574233537155103,0.2628766256083722
0.31,0.015015015015015015,0.01954586165112481,0.008708708708708709,0.02757757757757758,0.26937463779569043,0.029933262316528597,0.26655304377571076
0.315,0.016016016016016016,0.020546862652125807,0.00980980980980981,0.028128128128128132,0.27332595753648387,0.031331316435304124,0.2702111257309432
0.32,0.016016016016016016,0.02223275907486434,0.01036036036036036,0.031231231231231234,0.2769084874348032,0.032768688804411805,0.27385096292630906
0.325,0.01701701701701702,0.023391812865497078,0.013263263263263263,0.032582582582582585,0.28049101733312254,0.03424565831134668,0.2774726463579278
0.33,0.01701701701701702,0.02439281386649808,0.015365365365365365,0.033583583583583584,0.28454770560033715,0.035762489754489146,0.28107626656807383
0.335,0.01701701701701702,0.025551867657130814,0.015815815815815815,0.035035035035035036,0.28807755123544593,0.03731943378356767,0.2846619136474401
0.34,0.018018018018018018,0.026552868658131813,0.016366366366366368,0.03558558558558559,0.29187081818660765,0.038916726846269345,0.28822967723739035
0.34500000000000003,0.01901901901901902,0.02744850113271166,0.017367367367367367,0.037037037037037035,0.295084558242453,0.04055459114099963,0.2917796465322
0.35000000000000003,0.02002002002002002,0.028291449344080923,0.017367367367367367,0.037037037037037035,0.29850903535114065,0.042233234575790535,0.29531191028128656
0.355,0.024024024024024024,0.029871977240398286,0.01881881881881882,0.03803803803803804,0.30145935409093305,0.04395285073335348,0.29882655679142756
0.36,0.026026026026026026,0.03108371529424161,0.01981981981981982,0.04004004004004004,0.3050418839892524,0.04571361884226921,0.302323673928969
0.365,0.026026026026026026,0.032980348769822455,0.02127127127127127,0.042042042042042045,0.3085190453611506,0.04751570375430314,0.3058033491220211
0.37,0.02702702702702703,0.034297455350086936,0.02127127127127127,0.0445945945945946,0.31183815394341713,0.04935925592783347,0.3092656693626453
0.375,0.02902902902902903,0.035403824877509094,0.02182182182182182,0.0467967967967968,0.3150518939992624,0.05124441141737329,0.31271072120902776
0.38,0.03003003003003003,0.03656287866814183,0.023373373373373373,0.0486986986986987,0.3180022127390548,0.05317129186916847,0.31613859078764417
0.385,0.03003003003003003,0.03772193245877456,0.024924924924924926,0.0496996996996997,0.32195353247984826,0.055140004522844954,0.3195493637954123
0.39,0.03303303303303303,0.03940782888151309,0.025375375375375375,0.0496996996996997,0.32553606237816757,0.05715064221908256,0.32294312550183535
0.395,0.03903903903903904,0.04093567251461988,0.026826826826826827,0.05205205205205205,0.32880248669722356,0.05920328341328168,0.32631996075113234
0.4,0.04004004004004004,0.042674253200568994,0.027827827827827827,0.05415415415415416,0.3329118592276487,0.06129799219519261,0.3296799539643607
0.405,0.043043043043043044,0.0444128338865181,0.02882882882882883,0.056256256256256264,0.3360202307570729,0.06343481831447201,0.3330231891415256
0.41000000000000003,0.044044044044044044,0.04609873030925662,0.02927927927927928,0.05770770770770771,0.3392339708129182,0.06561379721212535,0.3363497498636806
0.41500000000000004,0.044044044044044044,0.04810073231125862,0.03138138138138138,0.05815815815815816,0.34292186923765877,0.06783495005779694,0.33965971929501715
0.42,0.044044044044044044,0.04989199726041832,0.03328328328328328,0.060710710710710714,0.34687318897845215,0.07009828379285882,0.34295318018494325
0.425,0.04604604604604605,0.05120910384068279,0.033733733733733735,0.06216216216216216,0.3498235077182445,0.0724037911792561,0.3462302148701527
0.43,0.04904904904904905,0.05289500026342132,0.035735735735735734,0.06416416416416416,0.35256308940519476,0.07475145085405382,0.3494909052766835
0.435,0.05105105105105105,0.054949686528633905,0.03763763763763764,0.06561561561561562,0.3557241451978294,0.07714122738963491,0.35273533292196535
0.44,0.05205205205205205,0.057162425583478206,0.03873873873873874,0.06761761761761763,0.3585690954112007,0.07957307135949249,0.3559635789168586
0.445,0.05405405405405406,0.059743954480796585,0.04019019019019019,0.07017017017017017,0.3616774669406249,0.08204691940955855,0.35917572396768127
0.45,0.057057057057057055,0.06153521942995629,0.043293293293293296,0.07172172172172173,0.36420631157473266,0.0845626943350068,0.36237184837822667
0.455,0.05905905905905906,0.06374795848480058,0.04599599599599599,0.07262262262262263,0.36784152573626266,0.08712030516246827,0.3655520320517718
0.46,0.06006006006006006,0.06580264475001317,0.0468968968968969,0.07572572572572572,0.37079184447605507,0.08971964723758974,0.36871635449307405
0.465,0.06006006006006006,0.06843685791054213,0.050150150150150154,0.07717717717717719,0.37442705863758496,0.09236060231786952,0.3718648948103592
0.47000000000000003,0.062062062062062065,0.07049154417575469,0.05215215215215215,0.07917917917917919,0.3776934829566409,0.09504303867069835,0.3749977317172992
0.47500000000000003,0.06606606606606606,0.07317844159949423,0.054704704704704704,0.08263263263263264,0.38085453874927566,0.09776681117653124,0.37811494353498
0.48,0.06606606606606606,0.07575997049681259,0.057157157157157155,0.08608608608608609,0.38422633159475267,0.1005317614371139,0.38121660819385916
0.485,0.06906906906906907,0.07770928823560404,0.058708708708708715,0.08808808808808809,0.38738738738738754,0.10333771788868895,0.38430280323571486
0.49,0.07207207207207207,0.08087034402823878,0.06391391391391392,0.09329329329329329,0.3907064959696539,0.10618449592009627,0.3873736058155839
0.495,0.07207207207207207,0.08397871555766294,0.06616616616616618,0.09564564564564565,0.39344607765660394,0.10907189799568984,0.39042909270369075
0.5,0.07307307307307308,0.08613877034929666,0.06826826826826826,0.09819819819819821,0.39623834360676474,0.11199971378298262,0.3934693402873666
0.505,0.07607607607607608,0.08919445761551026,0.07047047047047048,0.1023023023023023,0.39929403087297827,0.11496772028493685,0.39649442457295947
0.51,0.08008008008008008,0.09151256519677574,0.07192192192192191,0.10320320320320321,0.4019809282967179,0.11797568197680774,0.3995044211877341
0.515,0.08308308308308308,0.09456825246298928,0.07512512512512512,0.10520520520520521,0.4048785627732996,0.12102335094745031,0.40249940538176254
0.52,0.08508508508508508,0.0968336757810442,0.07812812812812812,0.10710710710710711,0.408197671355566,0.12411046704500084,0.4054794520298056
0.525,0.0890890890890891,0.09973131025762606,0.08303303303303304,0.11121121121121122,0.4110426215689375,0.12723675802683404,0.4084446356331849
0.53,0.09309309309309309,0.10283968178705022,0.08668668668668669,0.11311311311311312,0.4143090458879932,0.13040193971370256,0.4113950303216448
0.535,0.0960960960960961,0.10573731626363204,0.09069069069069069,0.11421421421421422,0.4172593646277858,0.1336057161479628,0.41433070985520626
0.54,0.1001001001001001,0.1086349507402139,0.0926926926926927,0.11721721721721723,0.41984089352510406,0.13684777975578388,0.41725174762601036
0.545,0.1031031031031031,0.11158526948000631,0.09514514514514515,0.11966966966966967,0.4227912122648964,0.14012781151324505,0.4201582166601536
0.55,0.1061061061061061,0.11569464201043149,0.10105105105105106,0.12422422422422423,0.42521468837258314,0.14344548111621414,0.42305018961951335
0.555,0.1091091091091091,0.11843422369738159,0.10370370370370371,0.1286786786786787,0.42842842842842843,0.14680044715390655,0.42592773880356405
0.56,0.11311311311311312,0.12154259522680574,0.1086086086086086,0.1317817817817818,0.4309045887993257,0.1501923572860217,0.42879093615118513
0.5650000000000001,0.11511511511511512,0.12475633528265109,0.11106106106106106,0.13533533533533534,0.4342236973815921,0.15362084842334806,0.43163985324245957
0.5700000000000001,0.11511511511511512,0.12760128549602234,0.11526526526526526,0.13733733733733736,0.43738475317422687,0.15708554691173132,0.4344745613004629
0.5750000000000001,0.11811811811811812,0.13055160423581474,0.12037037037037038,0.1397897897897898,0.44007165059796644,0.16058606871929781,0.4372951311930443
0.58,0.12312312312312312,0.13350192297560717,0.12402402402402403,0.1438938938938939,0.4426531794952848,0.16412201962682554,0.44010163343459796
0.585,0.12712712712712712,0.13761129550603232,0.12602602602602603,0.14954954954954955,0.4456561824982878,0.16769299542115013,0.4428941381878261
0.59,0.12912912912912913,0.14124650966756228,0.12802802802802804,0.1539039039039039,0.4485538169748697,0.17129858209149557,0.4456727152654929
0.595,0.13513513513513514,0.14419682840735473,0.13358358358358358,0.15735735735735737,0.45192560982034674,0.1749383560286225,0.4484374341321702
0.6,0.14014014014014015,0.1478320425688847,0.13648648648648648,0.1627127127127127,0.4546651915072968,0.17861188422667468,0.4511883639059736
0.605,0.14314314314314314,0.15141457246720405,0.1384884884884885,0.1658158158158158,0.45803698435277385,0.18231872448761538,0.4539255733602906
0.61,0.14514514514514515,0.15562931352405038,0.14259259259259258,0.16981981981981983,0.46051314472367094,0.18605842562814112,0.4566491309255002
0.615,0.15115115115115116,0.1598440545808967,0.14704704704704705,0.17272272272272274,0.4632527264106213,0.1898305276889547,0.4593591046906834
0.62,0.15515515515515516,0.16284705758389972,0.1504004004004004,0.1753753753753754,0.4665191507296771,0.19363456214628522,0.4620555624053255
0.625,0.15815815815815815,0.16674569306148254,0.15385385385385386,0.18083083083083082,0.4694694694694695,0.19747005212554242,0.4647385714810097
0.63,0.15915915915915915,0.17085506559190772,0.1573073073073073,0.1855855855855856,0.4712080501554186,0.20133651261698587,0.4674081989931028
0.635,0.16416416416416416,0.17433222696380593,0.1625125125125125,0.1894894894894895,0.47400031610557936,0.20523345069329646,0.47006451168243146
0.64,0.17317317317317318,0.17875770507349453,0.16496496496496496,0.1933933933933934,0.4767398977925294,0.20916036572893637,0.47270757595695145
0.645,0.17617617617617617,0.1833939202360255,0.17197197197197198,0.19974974974974977,0.4794794794794795,0.2131167496211765,0.4753374578934071
0.65,0.18118118118118118,0.1873452399768189,0.174974974974975,0.20475475475475477,0.48169221853432387,0.21710208701268124,0.47795422323898396
0.655,0.18618618618618618,0.19155998103366526,0.17952952952952952,0.21041041041041042,0.484431800221274,0.22111585551553326,0.48055793741295183
0.66,0.1881881881881882,0.19561666930087981,0.182982982982983,0.21396396396396397,0.4865391707496971,0.22515752593658017,0.4831486655083008
0.665,0.19019019019019018,0.2005163057794637,0.18863863863863864,0.21641641641641643,0.48927875243664715,0.2292265625039938,0.4857264722933681
0.67,0.19519519519519518,0.20473104683631,0.192992992992993,0.22132132132132132,0.49196564986038666,0.23332242309492035,0.48829142221345756
0.675,0.2022022022022022,0.20936726199884095,0.1970970970970971,0.22722722722722724,0.49428375744165215,0.23744455946411175,0.4908435793924508
0.68,0.2082082082082082,0.21395079289816135,0.20065065065065066,0.23433433433433434,0.49755018176070803,0.24159241747342136,0.49338300763441045
0.685,0.2122122122122122,0.21837627100784993,0.20555555555555555,0.23923923923923923,0.4998682893419735,0.24576543732205314,0.4959097704251745
0.6900000000000001,0.2132132132132132,0.2229071176439598,0.21166166166166167,0.24234234234234237,0.5027132395553447,0.249963053777444,0.49842393093394455
0.6950000000000001,0.21621621621621623,0.22754333280649072,0.21566566566566567,0.2447947947947948,0.5052420841894526,0.2541846964066776,0.5009255520148641
0.7000000000000001,0.2222222222222222,0.2323376007586534,0.22067067067067067,0.2497997997997998,0.5082450871924556,0.25842978980830666,0.5034146962085906
0.705,0.23023023023023023,0.2364469732890786,0.22267267267267266,0.25325325325325326,0.5105105105105107,0.2626977538444792,0.5058914257438583
0.71,0.23323323323323322,0.24113587271482007,0.22867867867867867,0.2584584584584585,0.5128286180917759,0.26698800387325566,0.5083558025390349
0.715,0.24124124124124124,0.2455613508245087,0.23158158158158157,0.2646646646646647,0.5153047784626733,0.27129995098100557,0.5108078882036684
0.72,0.24524524524524524,0.2506190400927243,0.23823823823823823,0.2707707707707708,0.5178863073599915,0.27563300221477993,0.5132477440400283
0.725,0.2502502502502503,0.255413308044887,0.24424424424424424,0.2755755755755756,0.5198883093619934,0.2799865608145443,0.5156754310446375
0.73,0.25825825825825827,0.26015489173383916,0.2496996996996997,0.2795795795795796,0.5221537326800485,0.2843600264451708,0.5180910099097975
0.735,0.2652652652652653,0.2652125810020547,0.25515515515515513,0.28323323323323324,0.5245772087877352,0.28875279542808013,0.5204945410251058
0.74,0.2702702702702703,0.2696380591117433,0.2597097097097097,0.2865865865865866,0.5273167904746852,0.29316426097243226,0.5228860844789656
0.745,0.27427427427427425,0.27401085295822136,0.26216216216216215,0.29324324324324325,0.5301617406880565,0.29759381340575564,0.5252657000600875
0.75,0.2772772772772773,0.27917391075285813,0.2682682682682683,0.3000500500500501,0.5331120594278489,0.3020408404039196,0.5276334472589853
0.755,0.28128128128128127,0.28386281017859966,0.2716216216216216,0.3038538538538539,0.535219429956272,0.3065047272203422,0.529989385269462
0.76,0.28928928928928926,0.28913123649965755,0.27562562562562565,0.3088588588588589,0.5370106949054317,0.3109848569143393,0.5323335729900908
0.765,0.29429429429429427,0.29371476739897795,0.2822822822822823,0.313963963963964,0.5387492755913809,0.3154806105785102,0.5346660690256866
0.77,0.2982982982982983,0.2985617196143512,0.28718718718718717,0.318968968968969,0.5413308044886993,0.31999136756506746,0.5369869316887719
0.775,0.3053053053053053,0.30256572361835515,0.29064064064064066,0.32142142142142144,0.5432801222274907,0.32451650571101254,0.5392962190010342
0.78,0.3103103103103103,0.30778146567620257,0.2941941941941942,0.32442442442442443,0.5454928612823351,0.3290554015620624,0.5415939886947765
0.785,0.3173173173173173,0.312733786417997,0.29974974974974977,0.3296296296296296,0.5477056003371793,0.33360743059523645,0.5438802982143608
0.79,0.32232232232232233,0.31700121173805385,0.3012012012012012,0.33363363363363363,0.5499710236552342,0.33817196744000827,0.5461552047176441
0.795,0.3283283283283283,0.32153205837416354,0.30310310310310307,0.3380880880880881,0.5522891312364997,0.34274838609793845,0.5484187650774077
0.8,0.3353353353353353,0.32722195880090615,0.30755755755755754,0.344994994994995,0.5549233443970285,0.3473360601606937,0.5506710358827784
0.805,0.33933933933933935,0.33180548970022655,0.31291291291291295,0.3507507507507508,0.5569780306622413,0.3519343630263715,0.5529120734406436
0.81,0.34234234234234234,0.3369685474948634,0.31881881881881885,0.35585585585585583,0.5587166113481904,0.35654266811404073,0.5551419337770589
0.8150000000000001,0.34734734734734735,0.34149939413097313,0.3235735735735735,0.3627127127127127,0.5610347189294558,0.36116034907641853,0.5573606726386489
0.8200000000000001,0.35235235235235235,0.3456087666613982,0.3285785785785786,0.36571571571571576,0.5633001422475106,0.365786780010601,0.5595683454940008
0.8250000000000001,0.3613613613613614,0.35029766608713986,0.3315815815815816,0.36961961961961964,0.5656709340919867,0.37042133566676727,0.5617650075350509
0.8300000000000001,0.36536536536536535,0.3549865655128814,0.33613613613613613,0.37662662662662666,0.5678836731468311,0.3750633916547816,0.5639507136784645
0.835,0.3683683683683684,0.3596227806754122,0.342042042042042,0.38163163163163166,0.5696749380959908,0.37971232464861493,0.5661255185670091
0.84,0.3713713713713714,0.3633633633633634,0.3465965965965966,0.385985985985986,0.5721510984668879,0.3843675125885132,0.5682894765709203
0.845,0.3713713713713714,0.36815763131552603,0.35325325325325324,0.3910910910910911,0.5742584689953111,0.38902833488084193,0.5704426417892609
0.85,0.3793793793793794,0.37337337337337334,0.3592592592592592,0.394994994994995,0.5758916811548391,0.3936941725955342,0.5725850680512733
0.855,0.3863863863863864,0.3782730098519572,0.36326326326326325,0.4003503503503504,0.5781044202096833,0.39836440866107453,0.5747168089177259
0.86,0.3923923923923924,0.3834887519098045,0.3698198198198198,0.40370370370370373,0.5802644750013171,0.40303842805695544,0.5768379176822511
0.865,0.4024024024024024,0.38849375691480964,0.3742742742742743,0.40905905905905904,0.582161108476898,0.407715618003538,0.5789484473726788
0.87,0.4094094094094094,0.3942890258679733,0.38038038038038036,0.4141641641641642,0.5853221642695327,0.4123953681492555,0.581048450752361
0.875,0.4124124124124124,0.39976818924187346,0.3848348348348348,0.4200700700700701,0.5871134292186923,0.4170770707551044,0.5831379803214916
0.88,0.4174174174174174,0.40493124703651023,0.3908408408408408,0.4235235235235235,0.5893788525367473,0.42176012087635817,0.5852170883184187
0.885,0.42042042042042044,0.40967283072546223,0.39484484484484483,0.42842842842842843,0.5909593804330646,0.4264439165414495,0.5872858267209504
0.89,0.4264264264264264,0.41351878193983466,0.3978478478478478,0.43053053053053053,0.5930140666982773,0.4311278589279716,0.5893442472476544
0.895,0.43343343343343343,0.41768083873347034,0.4043043043043043,0.43463463463463464,0.5954375428059638,0.43581135253573927,0.5913924013591516
0.9,0.43543543543543545,0.422843896528107,0.4093093093093093,0.44164164164164166,0.5969653864390706,0.44049380535686644,0.5934303402594009
0.905,0.44044044044044045,0.4269532690585322,0.4134134134134134,0.447997997997998,0.5994942310731785,0.44517462904280747,0.5954581148969812
0.91,0.44744744744744747,0.43201095832674785,0.41776776776776775,0.45165165165165166,0.6014962330751804,0.4498532390683193,0.597475775966364
0.915,0.45545545545545546,0.4371740161213846,0.4244244244244244,0.45465465465465466,0.6035509193403931,0.4545290548923,0.5994833739091812
0.92,0.45645645645645644,0.442126336863179,0.4308808808808809,0.45845845845845845,0.6057109741320269,0.45920150011546196,0.6014809589154859
0.925,0.4644644644644645,0.44813234286918496,0.43778778778778776,0.46346346346346345,0.6073441862915547,0.46387000263480105,0.6034685809250071
0.93,0.47047047047047047,0.45345345345345356,0.44334334334334335,0.4693193193193193,0.6093461882935568,0.46853399479482355,0.605446289628399
0.935,0.4754754754754755,0.45845845845845845,0.4478978978978979,0.4735735735735736,0.6116116116116116,0.4731929135354957,0.6074141344684816
0.9400000000000001,0.4804804804804805,0.46309467362098944,0.4529029029029029,0.47757757757757757,0.6134555608239819,0.4778462005368833,0.6093721646414789
0.9450000000000001,0.4854854854854855,0.4680469943627838,0.45990990990990993,0.481031031031031,0.6151941415099311,0.4824933023604507,0.611320429098247
0.9500000000000001,0.4904904904904905,0.47236710394605125,0.4629129129129129,0.4875875875875876,0.6175649333544071,0.48713367058698803,0.6132589765454988
0.9550000000000001,0.4964964964964965,0.4774247932142669,0.4668168168168168,0.49204204204204205,0.6194615668299881,0.4917667619511426,0.6151878554470215
0.96,0.5025025025025025,0.4816395342711131,0.46781781781781784,0.49614614614614616,0.6216216216216217,0.49639203847252794,0.6171071140248879
0.965,0.5075075075075075,0.4873294346978558,0.4754754754754755,0.5023523523523523,0.6237816764132553,0.5010089675833875,0.6190168002606627
0.97,0.5085085085085085,0.49133343870185975,0.4794794794794795,0.5070570570570571,0.6257836784152575,0.5056170222527948,0.6209169618966012
0.975,0.5185185185185185,0.4967072335493389,0.4833833833833834,0.5131631631631631,0.6273642063115746,0.5102156811073664,0.622807646436843
0.98,0.5235235235235235,0.5011853959222381,0.4894894894894895,0.518068068068068,0.629208155523945,0.5148044285484774,0.6246889011486004
0.985,0.5305305305305306,0.5058216110847691,0.49194194194194196,0.5236236236236236,0.6313155260523682,0.5193827548659598,0.6265607730633391
0.99,0.5375375375375375,0.5116168800379327,0.4983983983983984,0.5297297297297298,0.6331067910015279,0.523950156348273,0.6284233089779543
0.995,0.5435435435435435,0.5167799378325694,0.5028528528528529,0.5333833833833833,0.6344238975817924,0.5285061353891363,0.6302765554559411
1.0,0.5515515515515516,0.5214161529951005,0.5058558558558558,0.5397397397397398,0.6363205310573732,0.5330502005906137,0.6321205588285577
1.0050000000000001,0.5555555555555556,0.5266318950529476,0.5095095095095095,0.5472972972972974,0.6377956904272694,0.5375818668626449,0.6339553651959846
1.01,0.5595595595595596,0.5316895843211633,0.5144144144144144,0.5531031031031031,0.6393762183235866,0.5421006555190166,0.6357810204284766
1.0150000000000001,0.5645645645645646,0.5371160634318529,0.5203203203203203,0.5574074074074074,0.6412728517991678,0.5466060943697749,0.6375975701675097
1.02,0.5685685685685685,0.5422791212264896,0.5258758758758758,0.5631631631631632,0.6423792213265898,0.5510977178100697,0.6394050598269216
1.025,0.5715715715715716,0.54686265212581,0.5292292292292292,0.5690690690690691,0.643590959380433,0.5555750669054434,0.6412035345940483
1.03,0.5755755755755756,0.552236446973289,0.534984984984985,0.5734234234234235,0.6450134344871187,0.5600376894735559,0.6429930394308526
1.035,0.5815815815815816,0.5562404509772931,0.5404404404404405,0.5771271271271271,0.6464359095938044,0.5644851401623564,0.6447736190750485
1.04,0.5845845845845846,0.5619303514040357,0.5483483483483483,0.5816816816816817,0.6481218060165429,0.5689169805247076,0.6465453180412198
1.045,0.5915915915915916,0.5669353564090406,0.5537037037037037,0.5856856856856857,0.6498077024392813,0.5733327790894678,0.6483081806219331
1.05,0.5945945945945946,0.5730467309414676,0.5576076076076075,0.5926926926926926,0.6516516516516515,0.5777321114290446,0.6500622508888447
1.055,0.6046046046046046,0.5789473684210527,0.5611611611611611,0.5977977977977978,0.6537590221800748,0.5821145602234263,0.6518075726938024
1.06,0.6106106106106106,0.5831094252146884,0.5683683683683683,0.6021521521521521,0.6561824982877615,0.586479715320713,0.6535441896699425
1.065,0.6156156156156156,0.5879563774300616,0.5739239239239239,0.6057057057057057,0.6579210789737107,0.5908271737941492,0.6552721452327799
1.07,0.6216216216216216,0.5928033296454349,0.5799299299299299,0.6092592592592593,0.6599757652389231,0.5951565399956895,0.6569914825812934
1.075,0.6256256256256256,0.5974922290711764,0.5829329329329329,0.6178178178178179,0.66150360887203,0.5994674256061017,0.6587022446990063
1.08,0.6266266266266266,0.6022338127601287,0.5894894894894894,0.6197197197197197,0.6629260839787156,0.6037594496816368,0.6604044743550609
1.085,0.6316316316316316,0.6076076076076076,0.5932932932932933,0.6247247247247247,0.6647700331910859,0.6080322386972823,0.6620982141052869
1.09,0.6336336336336337,0.6125072440861915,0.5961961961961961,0.6301801801801802,0.665981771244929,0.6122854265866224,0.6637835062932667
1.095,0.6366366366366366,0.6184078815657762,0.6022022022022022,0.636936936936937,0.6677203519308783,0.6165186547783279,0.6654603930513924
1.1,0.6436436436436437,0.6226753068858333,0.6083083083083083,0.6403903903903904,0.6694062483536168,0.6207315722293061,0.6671289163019205
1.105,0.6486486486486487,0.6271534692587324,0.6113113113113113,0.6454954954954955,0.6712501975659871,0.624923835454531,0.668789117758019
1.11,0.6536536536536537,0.6316843158948422,0.6168668668668669,0.6504004004004004,0.6725673041462517,0.6290951085535881,0.670441038924811
1.115,0.6626626626626627,0.6371634792687423,0.6214214214214214,0.6571571571571572,0.6740424635161477,0.6332450632339577,0.6720847211004115
1.12,0.6626626626626627,0.6417470101680628,0.625975975975976,0.6621621621621622,0.6756229914124653,0.637373378831075,0.6737202053769605
1.125,0.6666666666666666,0.6467520151730677,0.6325325325325325,0.666966966966967,0.6773615720984142,0.6414797423251908,0.6753475326416503
1.1300000000000001,0.6686686686686687,0.6513882303355988,0.636986986986987,0.6693193193193193,0.6787840472050998,0.6455638483550736,0.6769667435777471
1.135,0.6716716716716716,0.6562878668141826,0.6408908908908909,0.6752252252252252,0.6804699436278385,0.6496253992285819,0.6785778786656087
1.1400000000000001,0.6746746746746747,0.660871397713503,0.6454454454454455,0.6777777777777778,0.68241926136663,0.6536641049301488,0.6801809781836962
1.145,0.6786786786786787,0.6662978768241927,0.6505505505505506,0.6816816816816816,0.6836836836836838,0.6576796831252074,0.6817760822095809
1.1500000000000001,0.6806806806806807,0.6703545650914071,0.6539039039039038,0.6862362362362362,0.6858437384753175,0.6616718591616046,0.6833632306209468
1.155,0.6836836836836837,0.6745693061482536,0.6577077077077077,0.6903403403403403,0.6874769506348455,0.6656403660680341,0.6849424630965867
1.16,0.6876876876876877,0.6788894157315211,0.6628128128128128,0.6946946946946947,0.6892155313207945,0.6695849445495332,0.6865138191173947
1.165,0.6886886886886887,0.6838417364733156,0.6690190190190191,0.7017017017017017,0.6903219008482167,0.6735053429800839,0.6880773379673533
1.17,0.6916916916916916,0.6884779516358464,0.6755755755755756,0.7067067067067067,0.6917443759549025,0.6774013173923583,0.689633058734515
1.175,0.6956956956956957,0.6929561140087457,0.6801301301301301,0.7104604604604605,0.6932195353247985,0.6812726314646542,0.6911810203119801
1.18,0.6996996996996997,0.6970128022759603,0.6846846846846847,0.7151151151151152,0.6949054317475372,0.6851190565050599,0.6927212613988687
1.185,0.7057057057057057,0.7012802275960169,0.6884884884884884,0.7186686686686687,0.6961171698013803,0.6889403714329003,0.6942538205012883
1.19,0.7067067067067067,0.7056003371792845,0.6933933933933933,0.7241241241241242,0.6975923291712766,0.6927363627574993,0.6957787359332959
1.195,0.7127127127127127,0.7100784995521837,0.6963963963963964,0.7285785785785786,0.6993309098572257,0.6965068245543156,0.6972960458178572
1.2,0.7157157157157157,0.714820083241136,0.70005005005005,0.7329329329329329,0.7004899636478584,0.7002515584384887,0.6988057880877978
1.205,0.7197197197197197,0.7191401928244033,0.7050550550550551,0.7354854854854855,0.7018070702281228,0.7039703735358518,0.7003080004867537
1.21,0.7217217217217218,0.7235656709340921,0.7088588588588589,0.7379379379379379,0.7035456509140721,0.7076630864514494,0.7018027205701126
1.215,0.7247247247247247,0.7278857805173594,0.7129629629629629,0.7423923923923924,0.7049681260207576,0.7113295212356194,0.7032899857059547
1.22,0.7257257257257257,0.7319951530477846,0.7167667667667668,0.7457457457457457,0.7066540224434961,0.7149695093476796,0.7047698330759857
1.225,0.7307307307307307,0.7358411042621569,0.7203203203203203,0.7492992992992993,0.7084979716558665,0.7185828896172739,0.7062422996764672
1.23,0.7377377377377378,0.7398451082661609,0.7238738738738739,0.7518518518518519,0.7093936041304463,0.7221695082034251,0.7077074223191406
1.235,0.7397397397397397,0.7432695853748486,0.7274274274274274,0.7558558558558559,0.710552657921079,0.7257292185513495,0.7091652376321484
1.24,0.7407407407407407,0.7475370106949053,0.7294294294294295,0.7603103103103103,0.7118170802381328,0.7292618813470773,0.7106157820609493
1.245,0.7447447447447447,0.7510141720668038,0.7319819819819819,0.7648648648648648,0.7130288182919763,0.7327673644699385,0.7120590918692298
1.25,0.7477477477477478,0.7560718613350194,0.7361861861861861,0.7694194194194194,0.7142932406090302,0.7362455429429594,0.7134952031398099
1.2550000000000001,0.7507507507507507,0.7594963384437069,0.7386386386386387,0.7733233233233233,0.7156103471892946,0.7396962988812252,0.7149241517755465
1.26,0.7517517517517518,0.7641325536062379,0.7445445445445446,0.7788788788788789,0.7170328222959801,0.7431195214382614,0.7163459735002295
1.2650000000000001,0.7547547547547547,0.767609714978136,0.748998998998999,0.7827827827827828,0.7180865075601918,0.7465151067504843,0.7177607038594767
1.27,0.7577577577577578,0.7717717717717719,0.7546546546546546,0.7877877877877878,0.7195089826668774,0.7498829578797755,0.7191683782216203
1.2750000000000001,0.7597597597597597,0.7749328275644065,0.7597597597597597,0.790990990990991,0.7212475633528265,0.7532229847542339,0.7205690317785927
1.28,0.7657657657657657,0.7778304620409886,0.7626626626626627,0.795995995995996,0.722828091249144,0.7565351041071537,0.7219626995468058
1.285,0.7727727727727728,0.7812022548864653,0.7667667667667668,0.796996996996997,0.7244613034086719,0.7598192394142913,0.7233494163680265
1.29,0.7777777777777778,0.7843106264158896,0.7712212212212212,0.8009009009009009,0.7259891470417787,0.7630753208294616,0.7247292169102477
1.295,0.7787787787787788,0.78799852484063,0.7752252252252252,0.805005005005005,0.7271482008324115,0.766303285118529,0.7261021356685544
1.3,0.7827827827827828,0.7915810547389495,0.7792292292292292,0.806006006006006,0.7288867815183605,0.7695030755918394,0.7274682069659875
1.305,0.7857857857857858,0.7946894262683738,0.7814814814814814,0.80990990990991,0.7304146251514672,0.7726746420351488,0.7288274649544001
1.31,0.7867867867867868,0.7987461145355883,0.786036036036036,0.8133633633633633,0.7321005215742055,0.775817940639102,0.7301799436153131
1.315,0.7887887887887888,0.8020652231178549,0.7871371371371372,0.8164664664664665,0.7337337337337339,0.7789329339273139,0.7315256767607634
1.32,0.7937937937937938,0.8061745956482799,0.7912412412412413,0.8183683683683683,0.735472314419683,0.7820195906831078,0.7328646980341497
1.325,0.7977977977977978,0.8090195458616513,0.7932432432432432,0.8198198198198198,0.7367367367367367,0.7850778858749621,0.7341970409110734
1.33,0.8018018018018018,0.8117591275486014,0.796046046046046,0.8223723723723724,0.7382118961066331,0.7881078005807196,0.735522738700176
1.335,0.8038038038038038,0.8148674990780254,0.8016016016016015,0.8258258258258259,0.739476318423687,0.7911093219106118,0.7368418245439713
1.34,0.8058058058058059,0.8179231863442391,0.8048048048048048,0.8290290290290291,0.7404246351614773,0.7940824429291493,0.738154331419674
1.345,0.8078078078078078,0.821189610663295,0.8097097097097097,0.8331331331331331,0.7411622148464253,0.7970271625759325,0.7394602921400244
1.35,0.8088088088088088,0.8240345608766663,0.8117117117117117,0.8365865865865866,0.742215900110637,0.7999434855854348,0.7407597393541085
1.355,0.8108108108108109,0.8270902481428797,0.8148148148148148,0.8405905905905906,0.7433749539012697,0.8028314224058049,0.7420527055481743
1.36,0.8158158158158159,0.829566408513777,0.8178178178178178,0.8429429429429429,0.744744744744745,0.8056909891167475,0.7433392230464442
1.365,0.8188188188188188,0.8322533059375165,0.8198198198198198,0.8464964964964965,0.746219904114641,0.808522207346527,0.7446193240119223
1.37,0.8198198198198198,0.8353089932037301,0.8227227227227227,0.8522522522522523,0.7475370106949054,0.8113251041881476,0.7458930404471997
1.375,0.8238238238238238,0.8381539434171014,0.8252752752752752,0.8531531531531532,0.7488014330119594,0.8140997121147581,0.7471604041952535
1.3800000000000001,0.8288288288288288,0.841051577893683,0.8286286286286286,0.8557057057057057,0.7499078025393815,0.8168460688943343,0.7484214469402435
1.385,0.8298298298298298,0.8430535798956852,0.8311811811811811,0.8566066066066066,0.7512775933828566,0.8195642175036846,0.7496762002083039
1.3900000000000001,0.8338338338338338,0.8456351087930036,0.8341841841841842,0.8580580580580581,0.7522785943838575,0.822254206041831,0.7509246953683318
1.395,0.8388388388388388,0.8477951635846374,0.8357357357357357,0.8594094094094095,0.7534903324377008,0.8249160876428107,0.7521669636327712
1.4000000000000001,0.8398398398398398,0.8503766924819557,0.8391891891891892,0.8608608608608609,0.7545440177019125,0.8275499203879494,0.7534030360583935
1.405,0.8398398398398398,0.8527474843264317,0.8406406406406406,0.8638638638638638,0.7557030714925452,0.8301557672176505,0.7546329435470737
1.41,0.8428428428428428,0.8547494863284337,0.8426426426426427,0.8658658658658659,0.7568621252831779,0.83273369584275,0.7558567168465629
1.415,0.8458458458458459,0.8580159106474897,0.8436436436436436,0.8684184184184184,0.7579158105473894,0.8352837786554812,0.7570743865512576
1.42,0.8498498498498499,0.8605447552815976,0.8455455455455455,0.8725225225225225,0.7592329171276541,0.837806092640095,0.7582859831029636
1.425,0.8508508508508509,0.862862862862863,0.8480980980980981,0.8754254254254255,0.7604973394447081,0.8403007192831831,0.7594915367916579
1.43,0.8558558558558559,0.8647594963384437,0.8517517517517518,0.876976976976977,0.7617090774985513,0.8427677444837458,0.7606910777562454
1.435,0.8588588588588588,0.8671829724461304,0.8548548548548549,0.8796296296296297,0.7629208155523945,0.8452072584630503,0.761884635985313
1.44,0.8618618618618619,0.8694483957641852,0.8567567567567568,0.881981981981982,0.7641325536062379,0.847619355674321,0.7630722413178782
1.445,0.8668668668668669,0.8717138190822403,0.8593093093093093,0.8834334334334334,0.7653969759232918,0.850004134712306,0.7642539234441365
1.45,0.8718718718718719,0.8739792424002951,0.8613113113113113,0.884984984984985,0.766608713977135,0.8523616982227611,0.7654297119062023
1.455,0.8758758758758759,0.875875875875876,0.8627627627627628,0.8884384384384384,0.7675570307149254,0.8546921528118927,0.7665996360988487
1.46,0.8768768768768769,0.8778778778778779,0.8652152152152152,0.8900900900900901,0.76887413729519,0.8569956089557991,0.7677637252702412
1.465,0.8818818818818819,0.8802486697223538,0.8682182182182182,0.8935435435435436,0.7700331910858228,0.859272180909952,0.7689220085226698
1.47,0.8838838838838838,0.88261946156683,0.8697697697697697,0.8960960960960961,0.7710341920868237,0.8615219866187558,0.7700745148132762
1.475,0.8838838838838838,0.8850429376745167,0.8715715715715716,0.8975475475475475,0.7722459301406669,0.8637451476252235,0.7712212729547776
1.48,0.8898898898898899,0.8875717823086243,0.8720220220220221,0.9012012012012012,0.7731942468784575,0.8659417889808082,0.7723623116161873
1.485,0.8918918918918919,0.8904694167852064,0.8755755755755755,0.9026526526526527,0.7741952478794587,0.8681120391554245,0.7734976593235312
1.49,0.8948948948948949,0.8924187345239976,0.8764764764764765,0.905005005005005,0.775512354459723,0.8702560299476982,0.7746273444605613
1.495,0.8968968968968969,0.8943153679995784,0.8783783783783783,0.9081081081081082,0.7767767767767768,0.8723738963954811,0.7757513952694647
1.5,0.8978978978978979,0.8960539486855277,0.8803803803803804,0.9105605605605606,0.7778304620409883,0.8744657766866598,0.7768698398515702
1.5050000000000001,0.9019019019019019,0.8978978978978979,0.883033033033033,0.9111111111111111,0.7793056214108847,0.8765318120703005,0.7779827061680507
1.51,0.9019019019019019,0.8995837943206364,0.8844844844844845,0.9126626626626627,0.7801485696222538,0.8785721467681554,0.7790900220406218
1.5150000000000001,0.9049049049049049,0.9014804277962173,0.8861361361361361,0.9155655655655656,0.7809388335704125,0.8805869278865701,0.7801918151522383
1.52,0.9049049049049049,0.9031136399557452,0.8879379379379378,0.9184684684684685,0.7818871503082029,0.8825763053288167,0.7812881130477852
1.5250000000000001,0.9049049049049049,0.9046941678520626,0.8894894894894895,0.9194694694694695,0.7826247299931509,0.8845404317078894,0.7823789431347672
1.53,0.9069069069069069,0.9063800642748011,0.8899399399399399,0.9204704704704705,0.7838364680469944,0.8864794622597888,0.783464332683993
1.5350000000000001,0.908908908908909,0.9079079079079079,0.8909409409409409,0.9204704704704705,0.7853116274168905,0.8883935547573263,0.7845443088302579
1.54,0.908908908908909,0.9094884358042254,0.8934934934934935,0.922022022022022,0.7861018913650493,0.8902828694244757,0.785618898573022
1.545,0.9099099099099099,0.9120699647015434,0.8963963963963963,0.925025025025025,0.7873136294188925,0.8921475688513005,0.7866881287770848
1.55,0.9099099099099099,0.9137558611242822,0.8974974974974974,0.9265765765765765,0.7885253674727359,0.8939878179094843,0.7877520261732569
1.555,0.9119119119119119,0.9153363890205997,0.8985985985985986,0.9275775775775776,0.7894736842105265,0.8958037836684882,0.7888106173590288
1.56,0.9129129129129129,0.9173383910226017,0.9021521521521522,0.9295795795795796,0.7906327380011592,0.8975956353123637,0.7898639287992353
1.565,0.914914914914915,0.9185501290764448,0.9041541541541541,0.9314814814814815,0.791791791791792,0.899363544057242,0.790911986826717
1.57,0.9159159159159159,0.9209209209209209,0.9060560560560561,0.9325825825825826,0.7926347400031611,0.9011076830695275,0.7919548176429796
1.575,0.9219219219219219,0.9227121858700804,0.9081581581581581,0.9340340340340341,0.7935303724777408,0.9028282273848142,0.7929924473188473
1.58,0.9229229229229229,0.9241873452399768,0.9097097097097097,0.9361361361361361,0.7944260049523207,0.9045253538275505,0.7940249017951165
1.585,0.923923923923924,0.92539908329382,0.9113613613613614,0.9361361361361361,0.7955323744797429,0.9061992409314716,0.7950522068832027
1.59,0.9259259259259259,0.9271903482429799,0.9122622622622623,0.937037037037037,0.7962699541646912,0.9078500688608213,0.7960743882657866
1.595,0.9279279279279279,0.9291396659817712,0.9143643643643644,0.9385885885885886,0.7971129023760604,0.9094780193323824,0.797091471497456
1.6,0.928928928928929,0.9306148253516674,0.9159159159159159,0.9413413413413414,0.7983773246931142,0.9110832755383343,0.7981034820053446
1.605,0.928928928928929,0.9323534060376166,0.918918918918919,0.9422422422422423,0.7994310099573257,0.9126660220699576,0.7991104450897679
1.61,0.92992992992993,0.9340393024603549,0.9213713713713714,0.9442442442442442,0.800273958168695,0.9142264448422011,0.8001123859248556
1.615,0.9309309309309309,0.9360939887255677,0.9237237237237237,0.9462462462462462,0.8010642221168536,0.9157647310191285,0.8011093295591803
1.62,0.9319319319319319,0.9372530425162005,0.9252752752752753,0.9476976976976977,0.8017491175385912,0.9172810689402631,0.8021013009163853
1.625,0.9359359359359359,0.9387282018860967,0.9272772772772773,0.9485985985985986,0.8030135398556452,0.9187756480478407,0.8030883247958059
1.6300000000000001,0.9369369369369369,0.9396765186238871,0.9272772772772773,0.9501501501501501,0.8038564880670145,0.9202486588149904,0.8040704258730906
1.635,0.93993993993994,0.9409936252041515,0.9282782782782782,0.9517017017017018,0.804804804804805,0.9217002926748533,0.8050476287008175
1.6400000000000001,0.9409409409409409,0.9423107317844159,0.9307307307307308,0.9522522522522523,0.8057531215425953,0.923130741950654,0.8060199577091081
1.645,0.9419419419419419,0.9431009957325746,0.9318318318318318,0.9532532532532533,0.8067014382803858,0.9245401997867359,0.8069874372062382
1.6500000000000001,0.9429429429429429,0.9442073652599968,0.9333833833833833,0.9537037037037037,0.8073336494389127,0.9259288600805727,0.8079500913792459
1.655,0.943943943943944,0.9457352088931037,0.9348348348348349,0.9562562562562562,0.8081765976502818,0.9272969174157665,0.8089079442945354
1.6600000000000001,0.9479479479479479,0.9470523154733682,0.9357357357357358,0.9562562562562562,0.8095463884937569,0.9286445669960426,0.8098610198984795
1.665,0.9479479479479479,0.9481586850007901,0.9357357357357358,0.9581581581581582,0.8104420209683367,0.9299720045802496,0.810809342018018
1.67,0.948948948948949,0.9491596860017912,0.9366366366366367,0.9596096096096096,0.8116537590221802,0.9312794264183756,0.8117529343612532
1.675,0.94994994994995,0.9505294768452663,0.9370870870870871,0.9601601601601601,0.8121806016542861,0.932567029188586,0.812691820518043
1.68,0.94994994994995,0.951319740793425,0.9370870870870871,0.9607107107107107,0.8132869711817081,0.9338350099352913,0.81362602396059
1.685,0.94994994994995,0.9523207417944259,0.9385385385385385,0.9612612612612612,0.8143933407091302,0.9350835660082533,0.8145555680440291
1.69,0.94994994994995,0.9532163742690059,0.9390890890890891,0.9621621621621622,0.8153416574469209,0.9363128950027311,0.8154804760070107
1.695,0.94994994994995,0.9543227437964281,0.9401901901901901,0.9621621621621622,0.8159738686054477,0.9375231947006787,0.8164007709722821
1.7,0.9519519519519519,0.9551656920077974,0.9417417417417417,0.9626126126126127,0.8171856066592911,0.938714663012992,0.8173164759472653
1.705,0.953953953953954,0.95632474579843,0.9428428428428428,0.9635135135135136,0.8179758706074495,0.9398874979228163,0.8182276138246325
1.71,0.954954954954955,0.9573784310626418,0.9443943943943944,0.9645145145145145,0.8189768716084507,0.941041897429911,0.8191342073828779
1.715,0.955955955955956,0.958221379274011,0.9463963963963964,0.9655155155155155,0.8197671355566094,0.9421780594960799,0.8200362792868878
1.72,0.955955955955956,0.9591696960118012,0.9472972972972973,0.9655155155155155,0.8203466624519256,0.943296181991667,0.8209338520885068
1.725,0.9569569569569569,0.9602760655392233,0.9488488488488488,0.967067067067067,0.8208735050840315,0.9443964626431184,0.8218269482271016
1.73,0.9569569569569569,0.961224382277014,0.9498498498498499,0.9679679679679679,0.8219271903482429,0.9454790989816151,0.8227155900301222
1.735,0.9579579579579579,0.961961961961962,0.9508508508508509,0.9695195195195195,0.8228755070860333,0.9465442882927726,0.82359979971366
1.74,0.9579579579579579,0.9626995416469102,0.9508508508508509,0.9705205205205205,0.8237184552974026,0.947592227567412,0.8244795993830032
1.745,0.9579579579579579,0.9637532269111219,0.9524024024024024,0.9719719719719719,0.8249828776144564,0.9486231134533987,0.8253550110331891
1.75,0.9579579579579579,0.9643854380696487,0.9529529529529529,0.9725225225225226,0.8258258258258259,0.9496371422085492,0.8262260565495548
1.7550000000000001,0.958958958958959,0.9654391233338603,0.9558558558558559,0.9730730730730731,0.8263526684579316,0.9506345096546052,0.8270927577082836
1.76,0.960960960960961,0.9660713344923872,0.9568568568568568,0.9730730730730731,0.8271429324060904,0.9516154111322704,0.8279551361769495
1.7650000000000001,0.960960960960961,0.9672303882830199,0.9568568568568568,0.9745245245245245,0.8278805120910385,0.952580041457311,0.8288132135150591
1.77,0.9629629629629629,0.9680206522311785,0.9584084084084084,0.974974974974975,0.8287234603024077,0.9535285948777139,0.8296670111745905
1.7750000000000001,0.9629629629629629,0.9690743374953901,0.9604104104104104,0.974974974974975,0.8290922501448817,0.9544612650319013,0.83051655050053
1.78,0.9629629629629629,0.9696011801274956,0.9614114114114114,0.975975975975976,0.8298825140930405,0.9553782449079958,0.8313618527314045
1.7850000000000001,0.9629629629629629,0.9703387598124441,0.9624124124124124,0.9765265265265265,0.8310415678836732,0.9562797268041342,0.8322029389998141
1.79,0.964964964964965,0.9709182867077605,0.9629629629629629,0.9775275275275276,0.8318845160950424,0.9571659022898227,0.8330398303329594
1.795,0.965965965965966,0.9718139191823402,0.9644144144144144,0.9796296296296296,0.8332543069385175,0.9580369621683305,0.833872547653167
1.8,0.965965965965966,0.9723934460776567,0.9654154154154154,0.9796296296296296,0.8338865180970444,0.9588930964401139,0.8347011117784134
1.805,0.9669669669669669,0.9733944470786577,0.9674174174174174,0.9801801801801802,0.8344133607291502,0.9597344942672679,0.8355255434228451
1.81,0.968968968968969,0.9738686054475527,0.9674174174174174,0.9801801801801802,0.8353616774669407,0.9605613439389953,0.836345863197296
1.815,0.968968968968969,0.974606185132501,0.9679679679679679,0.9811811811811813,0.836468046994363,0.961373832838091,0.837162091609803
1.82,0.96996996996997,0.9754491333438703,0.9693193193193193,0.9816316316316317,0.8374690479953638,0.9621721474084295,0.8379742490661193
1.825,0.970970970970971,0.9761867130288185,0.9703203203203203,0.9826326326326327,0.8379958906274696,0.9629564731234524,0.8387823558702232
1.83,0.972972972972973,0.9767662399241347,0.9708708708708709,0.9826326326326327,0.8386281017859966,0.9637269944556455,0.8395864322248272
1.835,0.972972972972973,0.9773457668194511,0.9714214214214214,0.9830830830830831,0.8394183657341552,0.9644838948469986,0.8403864982318819
1.84,0.975975975975976,0.9779779779779779,0.9718718718718719,0.9835335335335336,0.8403139982087352,0.9652273566804396,0.8411825738930794
1.845,0.9769769769769769,0.9783994520836626,0.9718718718718719,0.9835335335335336,0.8407354723144197,0.9659575612522333,0.8419746791103522
1.85,0.977977977977978,0.978978978978979,0.9727727727727727,0.9845345345345345,0.841578420525789,0.966674688745337,0.8427628336863724
1.855,0.977977977977978,0.9792424002950317,0.9727727727727727,0.9845345345345345,0.8421579474211053,0.9673789182037031,0.8435470573250452
1.86,0.977977977977978,0.9796638744007165,0.9727727727727727,0.9845345345345345,0.8427901585796324,0.9680704275075186,0.8443273696320027
1.865,0.977977977977978,0.9802960855592433,0.9737737737737737,0.985985985985986,0.8435277382645804,0.9687493933493739,0.845103790115093
1.87,0.977977977977978,0.9811390337706127,0.9742242242242242,0.9865365365365365,0.8442126336863179,0.9694159912113475,0.8458763381848686
1.875,0.977977977977978,0.9814551393498763,0.9742242242242242,0.9865365365365365,0.8448448448448448,0.9700703953429989,0.8466450331550716
1.8800000000000001,0.97997997997998,0.981718560665929,0.9742242242242242,0.9865365365365365,0.8454770560033718,0.97071277874026,0.8474098942431161
1.885,0.97997997997998,0.9821927190348241,0.9742242242242242,0.987987987987988,0.846478057004373,0.9713433131252095,0.8481709405705694
1.8900000000000001,0.9819819819819819,0.9825615088772982,0.9747747747747748,0.987987987987988,0.8471102681628998,0.9719621689267264,0.8489281911636292
1.895,0.9819819819819819,0.9828249301933512,0.9752252252252253,0.9885385385385386,0.8474790580053739,0.9725695152620052,0.8496816649535996
1.9000000000000001,0.9819819819819819,0.9833517728254568,0.9752252252252253,0.9885385385385386,0.8482693219535326,0.9731655199189251,0.8504313807773649
1.905,0.9819819819819819,0.9837732469311414,0.9752252252252253,0.988988988988989,0.8491649544281122,0.9737503493392613,0.8511773573778596
1.9100000000000001,0.982982982982983,0.9838786154575629,0.9752252252252253,0.988988988988989,0.8498498498498497,0.9743241686027261,0.8519196134045376
1.915,0.982982982982983,0.9843000895632474,0.9763263263263263,0.9895395395395395,0.8509035351140615,0.9748871414118279,0.852658167413838
1.92,0.982982982982983,0.9844054580896685,0.9763263263263263,0.9895395395395395,0.8518518518518517,0.975439430077537,0.8533930378696498
1.925,0.982982982982983,0.9849323007217743,0.9767767767767768,0.9906406406406406,0.8525894315368,0.975981195505747,0.8541242431437727
1.93,0.983983983983984,0.9855118276170909,0.9777777777777777,0.9921921921921922,0.8531162741689058,0.9765125971845163,0.8548518015163763
1.935,0.983983983983984,0.9858279331963542,0.9777777777777777,0.9921921921921922,0.8540645909066962,0.9770337931720826,0.855575731176458
1.94,0.983983983983984,0.9861440387756176,0.9777777777777777,0.9926426426426427,0.8549602233812763,0.977544940085632,0.856296050222297
1.945,0.983983983983984,0.9864601443548814,0.9782282282282282,0.9926426426426427,0.855592434539803,0.9780461930908174,0.8570127766619071
1.95,0.983983983983984,0.9865655128813025,0.9782282282282282,0.9930930930930931,0.8563826984879617,0.9785377058920063,0.8577259284134864
1.955,0.983983983983984,0.9872504083030399,0.9792292292292292,0.9935435435435436,0.8575417522785945,0.9790196307232517,0.858435523305866
1.96,0.986986986986987,0.9874084610926716,0.9792292292292292,0.9935435435435436,0.858226647700332,0.9794921183399687,0.8591415790789549
1.965,0.986986986986987,0.9878299351983563,0.9802302302302303,0.9935435435435436,0.8589115431220694,0.9799553180113086,0.8598441133841846
1.97,0.987987987987988,0.9880933565144092,0.9802302302302303,0.9935435435435436,0.8594383857541752,0.9804093775132123,0.8605431437849491
1.975,0.987987987987988,0.9882514093040411,0.9802302302302303,0.9935435435435436,0.8601759654391234,0.9808544431221368,0.8612386877570448
1.98,0.987987987987988,0.9885675148833045,0.9812312312312312,0.9935435435435436,0.8607028080712292,0.9812906596094351,0.8619307626891072
1.985,0.987987987987988,0.9887782519361468,0.9812312312312312,0.993993993993994,0.8611769664401244,0.9817181702363835,0.8626193858830458
1.99,0.987987987987988,0.9891470417786207,0.9817817817817818,0.993993993993994,0.8615984405458091,0.9821371167498377,0.8633045745544762
1.995,0.991991991991992,0.9895158316210948,0.9817817817817818,0.9945445445445446,0.8621252831779147,0.9825476393785078,0.8639863458331508
2.0,0.991991991991992,0.9895685158843053,0.9817817817817818,0.9945445445445446,0.8630209156524946,0.982949876829839,0.8646647167633873
2.005,0.992992992992993,0.9898319372003581,0.9827827827827827,0.9945445445445446,0.8634950740213899,0.9833439662874862,0.8653397043044941
2.0100000000000002,0.992992992992993,0.9901480427796217,0.9827827827827827,0.994994994994995,0.864127285179917,0.9837300434093658,0.8660113253311951
2.015,0.992992992992993,0.9906748854117274,0.9843343343343344,0.9966466466466467,0.8643907064959698,0.9841082423262771,0.8666795966340506
2.02,0.993993993993994,0.9910436752542016,0.9843343343343344,0.9966466466466467,0.8649175491280754,0.9844786956410768,0.8673445349198783
2.025,0.993993993993994,0.991359780833465,0.9843343343343344,0.9970970970970972,0.8655497602866025,0.9848415344283958,0.8680061568121697
2.0300000000000002,0.993993993993994,0.9916232021495179,0.9843343343343344,0.9970970970970972,0.8663927084979718,0.9851968882348836,0.868664478851507
2.035,0.993993993993994,0.9919919919919918,0.9858858858858859,0.9970970970970972,0.8671302881829198,0.9855448850799705,0.8693195174959749
2.04,0.993993993993994,0.9921500447816235,0.9858858858858859,0.9970970970970972,0.8678678678678681,0.9858856514571334,0.8699712891215741
2.045,0.994994994994995,0.9925188346240978,0.9863363363363363,0.9970970970970972,0.8687108160792371,0.9862193123356504,0.8706198100226289
2.05,0.994994994994995,0.9928349402033612,0.9873373373373373,0.9976476476476477,0.8691322901849217,0.9865459911628383,0.8712650964121957
2.055,0.994994994994995,0.9928876244665717,0.9873373373373373,0.9976476476476477,0.8701332911859228,0.9868658098667518,0.8719071644224681
2.06,0.994994994994995,0.9930456772562034,0.9877877877877878,0.9980980980980981,0.8706601338180285,0.98717888885934,0.8725460301051793
2.065,0.994994994994995,0.9933090985722562,0.9883383383383383,0.9980980980980981,0.8714503977661873,0.9874853470400434,0.8731817094320049
2.07,0.994994994994995,0.9934144670986775,0.9883383383383383,0.9980980980980981,0.8720299246615036,0.9877853017998203,0.8738142182949612
2.075,0.994994994994995,0.9936252041515198,0.9883383383383383,0.9985485485485486,0.8727148200832411,0.9880788690255904,0.8744435725068028
2.08,0.994994994994995,0.9939939939939939,0.9893393393393394,0.9985485485485486,0.873347031241768,0.9883661631050852,0.8750697878014175
2.085,0.995995995995996,0.9941520467836256,0.9893393393393394,0.9985485485485486,0.873610452557821,0.9886472969320906,0.8756928798342206
2.09,0.995995995995996,0.9943100995732572,0.9898898898898899,0.9985485485485486,0.8741372951899268,0.9889223819120728,0.8763128641825452
2.095,0.995995995995996,0.9944154680996784,0.9898898898898899,0.9985485485485486,0.8749275591380856,0.9891915279681723,0.8769297563460323
2.1,0.995995995995996,0.9945208366260997,0.9898898898898899,0.9985485485485486,0.8755070860334019,0.9894548435475585,0.8775435717470181
2.105,0.995995995995996,0.9947315736789419,0.9898898898898899,0.9985485485485486,0.8762446657183501,0.9897124356281312,0.8781543257309197
2.11,0.995995995995996,0.9949949949949949,0.9904404404404404,0.998998998998999,0.8769295611400876,0.9899644097255562,0.8787620335666183
2.115,0.995995995995996,0.9951530477846268,0.9908908908908909,0.998998998998999,0.8774564037721932,0.990210869900628,0.8793667104468418
2.12,0.995995995995996,0.9953111005742584,0.9908908908908909,0.998998998998999,0.8781412991939307,0.9904519187669439,0.8799683714885432
2.125,0.995995995995996,0.9954691533638901,0.9913413413413413,0.998998998998999,0.8787735103524578,0.9906876574988824,0.8805670317332803
2.13,0.995995995995996,0.9956272061535218,0.9913413413413413,0.998998998998999,0.8795110900374058,0.990918185839872,0.8811627061475904
2.1350000000000002,0.995995995995996,0.995995995995996,0.9923423423423423,0.998998998998999,0.8801433011959329,0.9911436021109418,0.8817554096233646
2.14,0.995995995995996,0.9961540487856277,0.9928928928928928,0.9995495495495496,0.8806701438280387,0.9913640032195423,0.8823451569782208
2.145,0.995995995995996,0.9962594173120489,0.9928928928928928,0.9995495495495496,0.8810389336705128,0.9915794846686268,0.8829319629558736
2.15,0.996996996996997,0.99636478583847,0.9928928928928928,0.9995495495495496,0.8815130920394079,0.991790140565981,0.883515842226503
2.1550000000000002,0.997997997997998,0.9965755228913125,0.9933433433433433,0.9995495495495496,0.8821979874611453,0.9919960636337949,0.8840968093871213
2.16,0.997997997997998,0.9967335756809441,0.9938938938938939,0.9995495495495496,0.8828301986196723,0.9921973452184614,0.8846748789619375
2.165,0.998998998998999,0.9968389442073653,0.9938938938938939,0.9995495495495496,0.883620462567831,0.9923940753005966,0.8852500654027212
2.17,0.998998998998999,0.996996996996997,0.9938938938938939,0.9995495495495496,0.8843053579895684,0.9925863425052701,0.8858223830891635
2.1750000000000003,0.998998998998999,0.9970496812602075,0.9938938938938939,0.9995495495495496,0.8848322006216742,0.9927742341124338,0.8863918463292363
2.18,0.998998998998999,0.9971550497866286,0.9938938938938939,0.9995495495495496,0.8856224645698331,0.992957836067545,0.8869584693595501
2.185,0.998998998998999,0.9973131025762605,0.9938938938938939,0.9995495495495496,0.8860439386755177,0.9931372329923678,0.8875222663457104
2.19,0.998998998998999,0.9973131025762605,0.9938938938938939,0.9995495495495496,0.8864654127812022,0.9933125081959508,0.8880832513826711
2.195,0.998998998998999,0.9973657868394711,0.9938938938938939,0.9995495495495496,0.887255676729361,0.9934837436857653,0.8886414384950874
2.2,0.998998998998999,0.9974184711026816,0.9944444444444445,0.9995495495495496,0.8878352036246774,0.9936510201790003,0.8891968416376661
2.205,1.0,0.9975765238923133,0.994994994994995,0.9995495495495496,0.8886254675728359,0.9938144171140035,0.8897494746955148
2.21,1.0,0.9975765238923133,0.994994994994995,0.9995495495495496,0.8890469416785206,0.9939740126618601,0.8902993514844886
2.215,1.0,0.997629208155524,0.9954454454454454,0.9995495495495496,0.8893630472577841,0.9941298837381006,0.8908464857515359
2.22,1.0,0.9978399452083665,0.9954454454454454,0.9995495495495496,0.8898372056266793,0.9942821060145306,0.891390891175042
2.225,1.0,0.997892629471577,0.9954454454454454,0.9995495495495496,0.8905221010484169,0.9944307539311732,0.8919325813651707
2.23,1.0,0.9979453137347876,0.9954454454454454,0.9995495495495496,0.8912069964701543,0.9945759007083178,0.8924715698642051
2.235,1.0,0.9979979979979982,0.9954454454454454,0.9995495495495496,0.8917865233654707,0.994717618358665,0.8930078701468855
2.24,1.0,0.9979979979979982,0.9954454454454454,0.9995495495495496,0.8924187345239978,0.994855977699564,0.8935414956207473
2.245,1.0,0.9981560507876298,0.995995995995996,1.0,0.8928402086296826,0.9949910483653304,0.8940724596264547
2.25,1.0,0.9981560507876298,0.995995995995996,1.0,0.8932616827353671,0.9951228988196408,0.8946007754381357
2.255,1.0,0.9982087350508404,0.995995995995996,1.0,0.8937885253674731,0.9952515963679961,0.8951264562637131
2.2600000000000002,1.0,0.9982087350508404,0.995995995995996,1.0,0.8943680522627893,0.9953772071702457,0.8956495152452351
2.265,1.0,0.9983667878404723,0.995995995995996,1.0,0.894631473578842,0.9954997962531662,0.896169965459203
2.27,1.0,0.9985248406301039,0.9964464464464464,1.0,0.8950529476845267,0.99561942752309,0.8966878199168998
2.275,1.0,0.9985775248933145,0.9964464464464464,1.0,0.8958958958958959,0.995736163778573,0.8972030915647136
2.2800000000000002,1.0,0.9986828934197358,0.9964464464464464,1.0,0.896633475580844,0.9958500667231005,0.8977157932844626
2.285,1.0,0.9987355776829464,0.996996996996997,1.0,0.8970022654233182,0.9959611969778205,0.8982259378937163
2.29,1.0,0.9987355776829464,0.996996996996997,1.0,0.8977925293714768,0.9960696140943003,0.8987335381461166
2.295,1.0,0.9987355776829464,0.996996996996997,1.0,0.8979505821611085,0.9961753765673022,0.8992386067316963
2.3000000000000003,1.0,0.9987882619461569,0.996996996996997,1.0,0.8984774247932142,0.9962785418475695,0.8997411562771963
2.305,1.0,0.9988409462093675,0.996996996996997,1.0,0.8988462146356884,0.9963791663546189,0.9002411993463814
2.31,1.0,0.9988936304725781,0.9974474474474474,1.0,0.8991096359517412,0.9964773054895343,0.9007387484403544
2.315,1.0,0.9989989989989991,0.997997997997998,1.0,0.8995311100574256,0.9965730136477557,0.9012338159978684
2.32,1.0,0.9990516832622097,0.997997997997998,1.0,0.900005268426321,0.9966663442318595,0.9017264143956385
2.325,1.0,0.9991043675254204,0.997997997997998,1.0,0.9004794267952163,0.996757349664323,0.9022165559486499
2.33,1.0,0.9991043675254204,0.997997997997998,1.0,0.9009009009009009,0.9968460814002702,0.9027042529104672
2.335,1.0,0.9991043675254204,0.997997997997998,1.0,0.9014804277962173,0.996932589940195,0.9031895174735398
2.34,1.0,0.9991043675254204,0.997997997997998,1.0,0.9019545861651124,0.9970169248426538,0.9036723617695069
2.345,1.0,0.999157051788631,0.997997997997998,1.0,0.9027448501132711,0.9970991347369268,0.9041527978695013
2.35,1.0,0.999157051788631,0.997997997997998,1.0,0.9033770612717981,0.9971792673356418,0.9046308377844504
2.355,1.0,0.999157051788631,0.997997997997998,1.0,0.9036404825878512,0.9972573694473564,0.9051064934653769
2.36,1.0,0.9992097360518416,0.997997997997998,1.0,0.9043253780095885,0.9973334869890969,0.9055797768036976
2.365,1.0,0.9993151045782627,0.997997997997998,1.0,0.904746852115273,0.9974076649988448,0.9060506996315209
2.37,1.0,0.9994204731046838,0.997997997997998,1.0,0.9052210104841686,0.9974799476479747,0.9065192737219415
2.375,1.0,0.9994731573678944,0.997997997997998,1.0,0.9054844318002214,0.9975503782536324,0.9069855107893365
2.38,1.0,0.9994731573678944,0.997997997997998,1.0,0.9058532216426953,0.9976189992910559,0.9074494224896568
2.3850000000000002,1.0,0.9995258416311049,0.997997997997998,1.0,0.9061693272219589,0.9976858524058317,0.9079110204207188
2.39,1.0,0.9995258416311049,0.997997997997998,1.0,0.9068542226436965,0.997750978426086,0.9083703161224952
2.395,1.0,0.9995785258943155,0.997997997997998,1.0,0.907275696749381,0.9978144173746053,0.9088273210774022
2.4,1.0,0.9995785258943155,0.997997997997998,1.0,0.907749855118276,0.9978762084808865,0.9092820467105875
2.4050000000000002,1.0,0.9995785258943155,0.997997997997998,1.0,0.9081713292239607,0.9979363901931103,0.9097345043902157
2.41,1.0,0.9995785258943155,0.997997997997998,1.0,0.9087508561192772,0.9979950001900375,0.9101847054277523
2.415,1.0,0.9995785258943155,0.997997997997998,1.0,0.9093303830145936,0.9980520753928251,0.9106326610782468
2.42,1.0,0.9995785258943155,0.997997997997998,1.0,0.9098045413834889,0.9981076519767592,0.9110783825406137
2.4250000000000003,1.0,0.9996312101575261,0.997997997997998,1.0,0.9104894368052263,0.9981617653829022,0.9115218809579128
2.43,1.0,0.9996838944207367,0.997997997997998,1.0,0.9110689637005427,0.9982144503296534,0.9119631674176274
2.435,1.0,0.9997365786839472,0.997997997997998,1.0,0.9111743322269638,0.9982657408242188,0.9124022529519423
2.44,1.0,0.9997365786839472,0.997997997997998,1.0,0.9115958063326486,0.9983156701739905,0.9128391485380187
2.445,1.0,0.9997365786839472,0.997997997997998,1.0,0.912386070280807,0.9983642709978306,0.9132738650982688
2.45,1.0,0.9997365786839472,0.997997997997998,1.0,0.9126494915968598,0.9984115752372614,0.9137064135006295
2.455,1.0,0.9997365786839472,0.997997997997998,1.0,0.9131236499657552,0.9984576141675565,0.9141368045588332
2.46,1.0,0.9997365786839472,0.997997997997998,1.0,0.91354512407144,0.9985024184087347,0.9145650490326788
2.465,1.0,0.9997365786839472,0.997997997997998,1.0,0.913913913913914,0.9985460179364513,0.9149911576283004
2.47,1.0,0.9997365786839472,0.997997997997998,1.0,0.914177335229967,0.9985884420927894,0.9154151409984354
2.475,1.0,0.9997365786839472,0.997997997997998,1.0,0.9144934408092303,0.998629719596947,0.9158370097426897
2.48,1.0,0.9997365786839472,0.997997997997998,1.0,0.9149149149149148,0.9986698785558183,0.9162567744078041
2.485,1.0,0.9997365786839472,0.997997997997998,1.0,0.9154417575470208,0.9987089464744717,0.916674445487917
2.49,1.0,0.9997365786839472,0.997997997997998,1.0,0.9157051788630737,0.9987469502665179,0.9170900334248273
2.495,1.0,0.9997365786839472,0.997997997997998,1.0,0.9162847057583902,0.9987839162643725,0.917503548608255
2.5,1.0,0.9997365786839472,0.997997997997998,1.0,0.9168115483904957,0.9988198702294078,0.9179150013761012
2.505,1.0,0.9997365786839472,0.997997997997998,1.0,0.9170749697065486,0.9988548373619962,0.9183244020147066
2.5100000000000002,1.0,0.9997365786839472,0.997997997997998,1.0,0.9171803382329697,0.9988888423114423,0.9187317607591083
2.515,1.0,0.9997365786839472,0.997997997997998,1.0,0.9175491280754438,0.998921909185803,0.9191370877932963
2.52,1.0,0.9997365786839472,0.997997997997998,1.0,0.9179706021811285,0.9989540615615979,0.9195403932504675
2.525,1.0,0.9997892629471578,0.9984484484484485,1.0,0.9186028133396554,0.9989853224934041,0.9199416872132795
2.5300000000000002,1.0,0.9997892629471578,0.9984484484484485,1.0,0.9187608661292872,0.9990157145233405,0.920340979714102
2.535,1.0,0.9997892629471578,0.9984484484484485,1.0,0.9190769717085506,0.999045259690438,0.9207382807352684
2.54,1.0,0.9998419472103683,0.998998998998999,1.0,0.9193403930246036,0.9990739795398951,0.9211336002093251
2.545,1.0,0.9998419472103683,0.998998998998999,1.0,0.9197091828670777,0.9991018951322205,0.9215269480192793
2.5500000000000003,1.0,0.9998419472103683,0.998998998998999,1.0,0.91991991991992,0.9991290270522605,0.9219183339988468
2.555,1.0,0.9998419472103683,0.998998998998999,1.0,0.9204994468152363,0.9991553954181126,0.9223077679326976
2.56,1.0,0.9998419472103683,0.998998998998999,1.0,0.9209209209209209,0.9991810198899245,0.9226952595567003
2.565,1.0,0.9998419472103683,0.998998998998999,1.0,0.9212370265001844,0.9992059196785773,0.9230808185581655
2.57,1.0,0.9998419472103683,0.998998998998999,1.0,0.9218165533955007,0.999230113554256,0.9234644545760885
2.575,1.0,0.9998419472103683,0.998998998998999,1.0,0.922396080290817,0.9992536198549038,0.9238461772013897
2.58,1.0,0.9998946314735789,0.998998998998999,1.0,0.9228175543965017,0.9992764564945624,0.9242259959771545
2.585,1.0,0.9998946314735789,0.998998998998999,1.0,0.9235024498182391,0.9992986409715986,0.9246039203988723
2.59,1.0,0.9998946314735789,0.998998998998999,1.0,0.9239766081871345,0.9993201903768155,0.9249799599146731
2.595,1.0,0.9998946314735789,0.998998998998999,1.0,0.9242400295031874,0.9993411214014513,0.9253541239255645
2.6,1.0,0.9998946314735789,0.998998998998999,1.0,0.9247668721352932,0.9993614503450633,0.9257264217856661
2.605,1.0,0.9998946314735789,0.998998998998999,1.0,0.9250829777145565,0.9993811931232999,0.9260968628024441
2.61,1.0,0.9998946314735789,0.998998998998999,1.0,0.925293714767399,0.9994003652755584,0.9264654562369429
2.615,1.0,0.9998946314735789,0.998998998998999,1.0,0.9256098203466623,0.9994189819725319,0.9268322113040178
2.62,1.0,0.9998946314735789,0.998998998998999,1.0,0.9259259259259259,0.9994370580236428,0.9271971371725645
2.625,1.0,0.9998946314735789,0.998998998998999,1.0,0.9265054528212424,0.9994546078843661,0.9275602429657486
2.63,1.0,0.9998946314735789,0.998998998998999,1.0,0.9269269269269269,0.9994716456634417,0.9279215377612339
2.6350000000000002,1.0,0.9998946314735789,0.998998998998999,1.0,0.9274537695590327,0.9994881851299751,0.9282810305914092
2.64,1.0,0.9998946314735789,0.998998998998999,1.0,0.9278225594015068,0.9995042397204301,0.9286387304436139
2.645,1.0,0.9998946314735789,0.998998998998999,1.0,0.9282440335071914,0.9995198225455121,0.928994646260363
2.65,1.0,0.9999473157367894,0.9994494494494495,1.0,0.9285074548232443,0.999534946396942,0.9293487869395705
2.6550000000000002,1.0,0.9999473157367894,0.9994494494494495,1.0,0.9287181918760867,0.9995496237541236,0.9297011613347715
2.66,1.0,0.9999473157367894,0.9994494494494495,1.0,0.9292450345081925,0.999563866790704,0.9300517782553447
2.665,1.0,1.0,1.0,1.0,0.9297718771402983,0.9995776873810266,0.9304006464667309
2.67,1.0,1.0,1.0,1.0,0.9302987197724039,0.999591097106481,0.9307477746906541
2.6750000000000003,1.0,1.0,1.0,1.0,0.930772878141299,0.9996041072617461,0.9310931716053374
2.68,1.0,1.0,1.0,1.0,0.9312470365101941,0.9996167288609308,0.9314368458457221
2.685,1.0,1.0,1.0,1.0,0.9315631420894577,0.9996289726436114,0.9317788060036819
2.69,1.0,1.0,1.0,1.0,0.9321426689847743,0.9996408490807672,0.9321190606282386
2.695,1.0,1.0,1.0,1.0,0.9324587745640376,0.9996523683806149,0.9324576182257754
2.7,1.0,1.0,1.0,1.0,0.93266951161688,0.9996635404943427,0.9327944872602503
2.705,1.0,1.0,1.0,1.0,0.9329856171961434,0.9996743751217457,0.9331296761534063
2.71,1.0,1.0,1.0,1.0,0.9333544070386177,0.9996848817167625,0.9334631932849832
2.715,1.0,1.0,1.0,1.0,0.9334597755650388,0.9996950694929142,0.9337950469929268
2.72,1.0,1.0,1.0,1.0,0.9340919867235659,0.999704947428648,0.9341252455735971
2.725,1.0,1.0,1.0,1.0,0.9344080923028293,0.9997145242725852,0.9344537972819756
2.73,1.0,1.0,1.0,1.0,0.9347768821453034,0.9997238085486735,0.9347807103318725
2.735,1.0,1.0,1.0,1.0,0.9350403034613564,0.9997328085612485,0.9351059928961307
2.74,1.0,1.0,1.0,1.0,0.9353037247774092,0.9997415324000001,0.9354296531068316
2.745,1.0,1.0,1.0,1.0,0.9356198303566725,0.9997499879448503,0.9357516990554969
2.75,1.0,1.0,1.0,1.0,0.9361466729887783,0.9997581828707384,0.9360721387932924
2.755,1.0,1.0,1.0,1.0,0.9363574100416208,0.999766124652319,0.9363909803312283
2.7600000000000002,1.0,1.0,1.0,1.0,0.9367261998840947,0.9997738205685704,0.9367082316403593
2.765,1.0,1.0,1.0,1.0,0.9370949897265688,0.9997812777073171,0.9370239006519849
2.77,1.0,1.0,1.0,1.0,0.9373584110426215,0.9997885029696651,0.9373379952578469
2.775,1.0,1.0,1.0,1.0,0.9376218323586744,0.9997955030743542,0.9376505233103266
2.7800000000000002,1.0,1.0,1.0,1.0,0.9380959907275696,0.9998022845620239,0.9379614926226417
2.785,1.0,1.0,1.0,1.0,0.9383594120436224,0.9998088537993991,0.9382709109690412
2.79,1.0,1.0,1.0,1.0,0.9384647805700437,0.9998152169833927,0.9385787860849999
2.795,1.0,1.0,1.0,1.0,0.9387282018860967,0.9998213801451278,0.9388851256674117
2.8000000000000003,1.0,1.0,1.0,1.0,0.9390969917285706,0.9998273491538807,0.9391899373747821
2.805,1.0,1.0,1.0,1.0,0.9394657815710448,0.999833129720946,0.9394932288274196
2.81,1.0,1.0,1.0,1.0,0.9397818871503083,0.9998387274034227,0.9397950076076265
2.815,1.0,1.0,1.0,1.0,0.9402033612559928,0.999844147607927,0.9400952812598878
2.82,1.0,1.0,1.0,1.0,0.9405721510984669,0.999849395594226,0.9403940572910606
2.825,1.0,1.0,1.0,1.0,0.9407302038880986,0.999854476478802,0.9406913431705612
2.83,1.0,1.0,1.0,1.0,0.9410463094673621,0.9998593952383398,0.9409871463305521
2.835,1.0,1.0,1.0,1.0,0.9415204678362571,0.9998641567131445,0.9412814741661277
2.84,1.0,1.0,1.0,1.0,0.9416785206258892,0.9998687656104881,0.9415743340354992
2.845,1.0,1.0,1.0,1.0,0.9418365734155209,0.9998732265078856,0.9418657332601785
2.85,1.0,1.0,1.0,1.0,0.941941941941942,0.9998775438563031,0.9421556791251615
2.855,1.0,1.0,1.0,1.0,0.9422053632579948,0.9998817219832989,0.9424441788791099
2.86,1.0,1.0,1.0,1.0,0.9423634160476266,0.9998857650960968,0.9427312397345327
2.865,1.0,1.0,1.0,1.0,0.9426795216268901,0.9998896772845945,0.943016868867966
2.87,1.0,1.0,1.0,1.0,0.9427848901533111,0.9998934625243083,0.9433010734201531
2.875,1.0,1.0,1.0,1.0,0.9433644170486275,0.9998971246792534,0.9435838604962227
2.88,1.0,1.0,1.0,1.0,0.9435224698382592,0.9999006675047621,0.9438652371658662
2.8850000000000002,1.0,1.0,1.0,1.0,0.9440493124703652,0.9999040946502417,0.9441452104635154
2.89,1.0,1.0,1.0,1.0,0.9441546809967862,0.9999074096618702,0.944423787388517
2.895,1.0,1.0,1.0,1.0,0.944312733786418,0.9999106159852349,0.9447009749053086
2.9,1.0,1.0,1.0,1.0,0.9445234708392602,0.9999137169679112,0.9449767799435927
2.9050000000000002,1.0,1.0,1.0,1.0,0.9448395764185236,0.9999167158619847,0.9452512093985097
2.91,1.0,1.0,1.0,1.0,0.9449976292081554,0.9999196158265174,0.9455242701308102
2.915,1.0,1.0,1.0,1.0,0.9451556819977871,0.9999224199299577,0.9457959689670266
2.92,1.0,1.0,1.0,1.0,0.9454191033138403,0.9999251311524968,0.946066312699644
2.9250000000000003,1.0,1.0,1.0,1.0,0.9456825246298931,0.9999277523883722,0.9463353080872698
2.93,1.0,1.0,1.0,1.0,0.9460513144723673,0.9999302864481172,0.9466029618548029
2.935,1.0,1.0,1.0,1.0,0.9463147357884202,0.999932736060761,0.9468692806936012
2.94,1.0,1.0,1.0,1.0,0.9464727885780518,0.999935103875977,0.9471342712616496
2.945,1.0,1.0,1.0,1.0,0.9469469469469471,0.9999373924661813,0.9473979401837261
2.95,1.0,1.0,1.0,1.0,0.9471576839997895,0.9999396043285839,0.9476602940515676
2.955,1.0,1.0,1.0,1.0,0.9472630525262107,0.999941741887191,0.9479213394240343
2.96,1.0,1.0,1.0,1.0,0.9473684210526317,0.9999438074947606,0.9481810828272742
2.965,1.0,1.0,1.0,1.0,0.9474737895790529,0.9999458034347132,0.9484395307548859
2.97,1.0,1.0,1.0,1.0,0.9477898951583162,0.9999477319229956,0.9486966896680809
2.975,1.0,1.0,1.0,1.0,0.9480006322111587,0.9999495951099019,0.9489525659958457
2.98,1.0,1.0,1.0,1.0,0.9481060007375798,0.9999513950818513,0.9492071661351015
2.985,1.0,1.0,1.0,1.0,0.9484221063168432,0.999953133863122,0.9494604964508653
2.99,1.0,1.0,1.0,1.0,0.9485801591064749,0.9999548134175448,0.9497125632764082
2.995,1.0,1.0,1.0,1.0,0.9491070017385806,0.9999564356501548,0.9499633729134137
3.0,1.0,1.0,1.0,1.0,0.9493704230546336,0.9999580024088045,0.950212931632136
3.005,1.0,1.0,1.0,1.0,0.949686528633897,0.9999595154857361,0.9504612456715561
3.0100000000000002,1.0,1.0,1.0,1.0,0.949686528633897,0.9999609766191161,0.9507083212395379
3.015,1.0,1.0,1.0,1.0,0.950055318476371,0.9999623874945325,0.9509541645129833
3.02,1.0,1.0,1.0,1.0,0.9502660555292133,0.9999637497464544,0.951198781637987
3.025,1.0,1.0,1.0,1.0,0.9504767925820558,0.9999650649596564,0.95144217872999
3.0300000000000002,1.0,1.0,1.0,1.0,0.9507402138981086,0.999966334670607,0.9516843618739322
3.035,1.0,1.0,1.0,1.0,0.9510036352141613,0.9999675603688222,0.9519253371244049
3.04,1.0,1.0,1.0,1.0,0.951319740793425,0.9999687434981852,0.9521651105058017
3.045,1.0,1.0,1.0,1.0,0.9516358463726883,0.9999698854582347,0.9524036880124697
3.0500000000000003,1.0,1.0,1.0,1.0,0.9520573204783728,0.9999709876054175,0.9526410756088591
3.055,1.0,1.0,1.0,1.0,0.9523207417944259,0.9999720512543118,0.9528772792296721
3.06,1.0,1.0,1.0,1.0,0.9526895316369001,0.9999730776788186,0.9531123047800115
3.065,1.0,1.0,1.0,1.0,0.9530056372161636,0.9999740681133229,0.9533461581355284
3.0700000000000003,1.0,1.0,1.0,1.0,0.9532690585322166,0.9999750237538243,0.9535788451425687
3.075,1.0,1.0,1.0,1.0,0.9535324798482696,0.9999759457590397,0.9538103716183199
3.08,1.0,1.0,1.0,1.0,0.9536905326379013,0.9999768352514764,0.9540407433509558
3.085,1.0,1.0,1.0,1.0,0.9537959011643223,0.9999776933184787,0.9542699660997818
3.09,1.0,1.0,1.0,1.0,0.954217375270007,0.9999785210132454,0.9544980455953784
3.095,1.0,1.0,1.0,1.0,0.9545334808492704,0.9999793193558224,0.9547249875397451
3.1,1.0,1.0,1.0,1.0,0.9547969021653234,0.9999800893340687,0.9549507976064422
3.105,1.0,1.0,1.0,1.0,0.9551656920077973,0.9999808319045962,0.9551754814407332
3.11,1.0,1.0,1.0,1.0,0.9554817975870609,0.9999815479936861,0.9553990446597255
3.115,1.0,1.0,1.0,1.0,0.9557452189031137,0.9999822384981798,0.9556214928525113
3.12,1.0,1.0,1.0,1.0,0.9559559559559561,0.9999829042863467,0.9558428315803071
3.125,1.0,1.0,1.0,1.0,0.9562193772720089,0.9999835461987286,0.9560630663765926
3.13,1.0,1.0,1.0,1.0,0.9563774300616406,0.9999841650489613,0.9562822027472491
3.1350000000000002,1.0,1.0,1.0,1.0,0.9565881671144828,0.9999847616245742,0.9565002461706973
3.14,1.0,1.0,1.0,1.0,0.9567462199041145,0.9999853366877692,0.9567172020980341
3.145,1.0,1.0,1.0,1.0,0.9568515884305356,0.9999858909761772,0.9569330759531691
3.15,1.0,1.0,1.0,1.0,0.9569569569569569,0.9999864252035937,0.9571478731329598
3.1550000000000002,1.0,1.0,1.0,1.0,0.9570096412201675,0.9999869400606968,0.957361599007347
3.16,1.0,1.0,1.0,1.0,0.957062325483378,0.9999874362157424,0.9575742589194887
3.165,1.0,1.0,1.0,1.0,0.957062325483378,0.9999879143152428,0.9577858581858936
3.17,1.0,1.0,1.0,1.0,0.9572730625362205,0.999988374984625,0.9579964020965545
3.1750000000000003,1.0,1.0,1.0,1.0,0.9575364838522734,0.9999888188288718,0.9582058959150801
3.18,1.0,1.0,1.0,1.0,0.9577999051683262,0.999989246433144,0.9584143448788268
3.185,1.0,1.0,1.0,1.0,0.9579052736947478,0.999989658363387,0.9586217541990296
3.19,1.0,1.0,1.0,1.0,0.95811601074759,0.9999900551669184,0.9588281290609323
3.1950000000000003,1.0,1.0,1.0,1.0,0.9582740635372217,0.9999904373730005,0.9590334746239171
3.2,1.0,1.0,1.0,1.0,0.9584848005900639,0.9999908054933966,0.9592377960216338
3.205,1.0,1.0,1.0,1.0,0.9588535904325378,0.9999911600229109,0.959441098362128
3.21,1.0,1.0,1.0,1.0,0.9590116432221695,0.9999915014399137,0.9596433867279689
3.215,1.0,1.0,1.0,1.0,0.9593804330646436,0.9999918302068518,0.959844666176376
3.22,1.0,1.0,1.0,1.0,0.9594858015910648,0.9999921467707434,0.9600449417393461
3.225,1.0,1.0,1.0,1.0,0.9596438543806964,0.9999924515636602,0.9602442184237787
3.23,1.0,1.0,1.0,1.0,0.959696538643907,0.9999927450031947,0.9604425012116012
3.235,1.0,1.0,1.0,1.0,0.95995995995996,0.999993027492914,0.9606397950598938
3.24,1.0,1.0,1.0,1.0,0.9601180127495916,0.9999932994228019,0.9608361049010129
3.245,1.0,1.0,1.0,1.0,0.9602760655392233,0.9999935611696859,0.9610314356427148
3.25,1.0,1.0,1.0,1.0,0.960486802592066,0.9999938130976539,0.961225792168278
3.255,1.0,1.0,1.0,1.0,0.9606975396449082,0.9999940555584574,0.961419179336626
3.2600000000000002,1.0,1.0,1.0,1.0,0.9610663294873821,0.9999942888919041,0.961611601982448
3.265,1.0,1.0,1.0,1.0,0.9612770665402244,0.9999945134262374,0.9618030649163201
3.27,1.0,1.0,1.0,1.0,0.9615404878562775,0.9999947294785063,0.9619935729248257
3.275,1.0,1.0,1.0,1.0,0.9615931721194881,0.9999949373549236,0.962183130770675
3.2800000000000002,1.0,1.0,1.0,1.0,0.9616985406459092,0.9999951373512138,0.9623717431928238
3.285,1.0,1.0,1.0,1.0,0.9618565934355409,0.99999532975295,0.9625594149065927
3.29,1.0,1.0,1.0,1.0,0.9620673304883831,0.9999955148358819,0.9627461506037842
3.295,1.0,1.0,1.0,1.0,0.9621200147515937,0.999995692866253,0.9629319549528005
3.3000000000000003,1.0,1.0,1.0,1.0,0.962330751804436,0.999995864101109,0.96311683259876
3.305,1.0,1.0,1.0,1.0,0.9624888045940678,0.9999960287885963,0.9633007881636134
3.31,1.0,1.0,1.0,1.0,0.9627522259101208,0.9999961871682522,0.9634838262462596
3.315,1.0,1.0,1.0,1.0,0.9629629629629632,0.999996339471286,0.96366595142266
3.3200000000000003,1.0,1.0,1.0,1.0,0.9633844370686477,0.9999964859208511,0.9638471682459536
3.325,1.0,1.0,1.0,1.0,0.9633844370686477,0.9999966267323097,0.9640274812465703
3.33,1.0,1.0,1.0,1.0,0.96359517412149,0.9999967621134892,0.9642068949323447
3.335,1.0,1.0,1.0,1.0,0.963700542647911,0.9999968922649302,0.9643854137886282
3.34,1.0,1.0,1.0,1.0,0.964069332490385,0.9999970173801274,0.9645630422784014
3.345,1.0,1.0,1.0,1.0,0.9641220167535955,0.999997137645763,0.9647397848423859
3.35,1.0,1.0,1.0,1.0,0.9643854380696487,0.9999972532419332,0.964915645899155
3.355,1.0,1.0,1.0,1.0,0.964596175122491,0.9999973643423672,0.9650906298452442
3.36,1.0,1.0,1.0,1.0,0.9647542279121226,0.9999974711146393,0.9652647410552614
3.365,1.0,1.0,1.0,1.0,0.9648595964385438,0.9999975737203753,0.9654379838819959
3.37,1.0,1.0,1.0,1.0,0.9650703334913862,0.9999976723154513,0.9656103626565273
3.375,1.0,1.0,1.0,1.0,0.9653864390706496,0.9999977670501877,0.965781881688334
3.38,1.0,1.0,1.0,1.0,0.9657552289131237,0.999997858069535,0.9659525452654006
3.3850000000000002,1.0,1.0,1.0,1.0,0.9658079131763342,0.9999979455132565,0.9661223576543256
3.39,1.0,1.0,1.0,1.0,0.9659132817027554,0.999998029516103,0.9662913231004276
3.395,1.0,1.0,1.0,1.0,0.9661240187555976,0.9999981102079825,0.9664594458278514
3.4,1.0,1.0,1.0,1.0,0.9662293872820187,0.9999981877141255,0.9666267300396739
3.4050000000000002,1.0,1.0,1.0,1.0,0.9662293872820187,0.9999982621552443,0.9667931799180093
3.41,1.0,1.0,1.0,1.0,0.9663347558084399,0.9999983336476866,0.966958799624113
3.415,1.0,1.0,1.0,1.0,0.9664928085980715,0.9999984023035855,0.9671235932984865
3.42,1.0,1.0,1.0,1.0,0.9665981771244928,0.9999984682310038,0.9672875650609802
3.4250000000000003,1.0,1.0,1.0,1.0,0.966703545650914,0.9999985315340739,0.9674507190108966
3.43,1.0,1.0,1.0,1.0,0.966808914177335,0.9999985923131334,0.967613059227093
3.435,1.0,1.0,1.0,1.0,0.9670196512301775,0.999998650664856,0.9677745897680832
3.44,1.0,1.0,1.0,1.0,0.9672830725462302,0.9999987066823784,0.9679353146721392
3.4450000000000003,1.0,1.0,1.0,1.0,0.9676518623887044,0.999998760455423,0.968095237957392
3.45,1.0,1.0,1.0,1.0,0.9678099151783363,0.9999988120704164,0.9682543636219321
3.455,1.0,1.0,1.0,1.0,0.9679679679679679,0.9999988616106044,0.9684126956439092
3.46,1.0,1.0,1.0,1.0,0.9681260207575998,0.9999989091561631,0.9685702379816323
3.465,1.0,1.0,1.0,1.0,0.968336757810442,0.9999989547843062,0.968726994573668
3.47,1.0,1.0,1.0,1.0,0.968336757810442,0.9999989985693891,0.9688829693389391
3.475,1.0,1.0,1.0,1.0,0.9684421263368632,0.9999990405830091,0.9690381661768231
3.48,1.0,1.0,1.0,1.0,0.9686001791264949,0.9999990808941032,0.9691925889672489
3.485,1.0,1.0,1.0,1.0,0.9686528633897055,0.9999991195690404,0.9693462415707943
3.49,1.0,1.0,1.0,1.0,0.9686528633897055,0.9999991566717147,0.9694991278287826
3.495,1.0,1.0,1.0,1.0,0.9686528633897055,0.9999991922636315,0.9696512515633778
3.5,1.0,1.0,1.0,1.0,0.9688109161793372,0.999999226403993,0.9698026165776815
3.505,1.0,1.0,1.0,1.0,0.9689162847057584,0.9999992591497794,0.9699532266558268
3.5100000000000002,1.0,1.0,1.0,1.0,0.9692850745482323,0.9999992905558295,0.9701030855630737
3.515,1.0,1.0,1.0,1.0,0.9694431273378642,0.9999993206749164,0.9702521970459025
3.52,1.0,1.0,1.0,1.0,0.9696011801274959,0.9999993495578217,0.970400564832108
3.525,1.0,1.0,1.0,1.0,0.9698646014435487,0.9999993772534068,0.9705481926308928
3.5300000000000002,1.0,1.0,1.0,1.0,0.9700753384963909,0.9999994038086827,0.9706950841329592
3.535,1.0,1.0,1.0,1.0,0.9702860755492333,0.999999429268876,0.9708412430106028
3.54,1.0,1.0,1.0,1.0,0.9703914440756545,0.9999994536774938,0.9709866729178029
3.545,1.0,1.0,1.0,1.0,0.9704441283388651,0.999999477076386,0.9711313774903149
3.5500000000000003,1.0,1.0,1.0,1.0,0.9707602339181286,0.9999994995058051,0.9712753603457606
3.555,1.0,1.0,1.0,1.0,0.9708129181813391,0.9999995210044648,0.9714186250837188
3.56,1.0,1.0,1.0,1.0,0.970970970970971,0.9999995416095954,0.9715611752858155
3.565,1.0,1.0,1.0,1.0,0.9711290237606027,0.9999995613569986,0.9717030145158132
3.5700000000000003,1.0,1.0,1.0,1.0,0.9712870765502344,0.9999995802810998,0.9718441463197
3.575,1.0,1.0,1.0,1.0,0.9714978136030767,0.999999598414998,0.9719845742257782
3.58,1.0,1.0,1.0,1.0,0.9716031821294979,0.9999996157905149,0.972124301744753
3.585,1.0,1.0,1.0,1.0,0.971708550655919,0.9999996324382422,0.9722633323698195
3.59,1.0,1.0,1.0,1.0,0.9718666034455508,0.9999996483875864,0.9724016695767507
3.595,1.0,1.0,1.0,1.0,0.971971971971972,0.9999996636668129,0.9725393168239839
3.6,1.0,1.0,1.0,1.0,0.9720773404983931,0.9999996783030889,0.9726762775527075
3.605,1.0,1.0,1.0,1.0,0.9722353932880248,0.9999996923225226,0.9728125551869466
3.61,1.0,1.0,1.0,1.0,0.9723407618144462,0.9999997057502042,0.9729481531336496
3.615,1.0,1.0,1.0,1.0,0.9726041831304989,0.9999997186102433,0.9730830747827719
3.62,1.0,1.0,1.0,1.0,0.9728676044465517,0.9999997309258049,0.9732173235073618
3.625,1.0,1.0,1.0,1.0,0.9729202887097623,0.9999997427191458,0.9733509026636445
3.63,1.0,1.0,1.0,1.0,0.9730256572361834,0.9999997540116479,0.9734838155911059
3.6350000000000002,1.0,1.0,1.0,1.0,0.9731310257626046,0.9999997648238513,0.9736160656125759
3.64,1.0,1.0,1.0,1.0,0.9733417628154469,0.9999997751754862,0.973747656034312
3.645,1.0,1.0,1.0,1.0,0.9733944470786575,0.9999997850855029,0.9738785901460818
3.65,1.0,1.0,1.0,1.0,0.9734998156050786,0.9999997945721022,0.9740088712212447
3.6550000000000002,1.0,1.0,1.0,1.0,0.9734998156050786,0.9999998036527625,0.9741385025168344
3.66,1.0,1.0,1.0,1.0,0.9736578683947104,0.9999998123442687,0.9742674872736401
3.665,1.0,1.0,1.0,1.0,0.9738159211843422,0.9999998206627372,0.9743958287162874
3.67,1.0,1.0,1.0,1.0,0.9738686054475527,0.9999998286236422,0.9745235300533189
3.6750000000000003,1.0,1.0,1.0,1.0,0.9740266582371845,0.9999998362418402,0.9746505944772751
3.68,1.0,1.0,1.0,1.0,0.974079342500395,0.999999843531593,0.9747770251647728
3.685,1.0,1.0,1.0,1.0,0.9741320267636056,0.999999850506591,0.9749028252765859
3.69,1.0,1.0,1.0,1.0,0.9743427638164481,0.9999998571799753,0.9750279979577239
3.6950000000000003,1.0,1.0,1.0,1.0,0.9743954480796587,0.9999998635643584,0.9751525463375101
3.7,1.0,1.0,1.0,1.0,0.9745535008692904,0.9999998696718446,0.9752764735296606
3.705,1.0,1.0,1.0,1.0,0.9746588693957116,0.99999987551405,0.9753997826323617
3.71,1.0,1.0,1.0,1.0,0.9747642379221326,0.9999998811021211,0.9755224767283474
3.715,1.0,1.0,1.0,1.0,0.9749222907117643,0.9999998864467528,0.9756445588849763
3.72,1.0,1.0,1.0,1.0,0.975080343501396,0.9999998915582062,0.9757660321543089
3.725,1.0,1.0,1.0,1.0,0.9751857120278173,0.999999896446326,0.9758868995731831
3.73,1.0,1.0,1.0,1.0,0.9753964490806597,0.9999999011205558,0.9760071641632908
3.735,1.0,1.0,1.0,1.0,0.9755545018702915,0.9999999055899539,0.976126828931253
3.74,1.0,1.0,1.0,1.0,0.9757125546599231,0.9999999098632091,0.976245896868695
3.745,1.0,1.0,1.0,1.0,0.9758706074495548,0.9999999139486545,0.9763643709523215
3.75,1.0,1.0,1.0,1.0,0.9759232917127654,0.999999917854282,0.9764822541439909
3.755,1.0,1.0,1.0,1.0,0.976081344502397,0.9999999215877549,0.976599549390789
3.7600000000000002,1.0,1.0,1.0,1.0,0.9762393972920289,0.9999999251564218,0.976716259625103
3.765,1.0,1.0,1.0,1.0,0.9763974500816606,0.9999999285673283,0.9768323877646949
3.77,1.0,1.0,1.0,1.0,0.9763974500816606,0.9999999318272297,0.9769479367127745
3.775,1.0,1.0,1.0,1.0,0.976608187134503,0.9999999349426019,0.977062909358071
3.7800000000000002,1.0,1.0,1.0,1.0,0.9767135556609241,0.9999999379196522,0.977177308574907
3.785,1.0,1.0,1.0,1.0,0.9768189241873453,0.9999999407643317,0.9772911372232687
3.79,1.0,1.0,1.0,1.0,0.976871608450556,0.9999999434823431,0.9774043981488781
3.795,1.0,1.0,1.0,1.0,0.9769769769769772,0.9999999460791524,0.9775170941832645
3.8000000000000003,1.0,1.0,1.0,1.0,0.9770296612401876,0.9999999485599977,0.9776292281438345
3.805,1.0,1.0,1.0,1.0,0.9770296612401876,0.9999999509298986,0.9777408028339428
3.81,1.0,1.0,1.0,1.0,0.9771350297666088,0.9999999531936644,0.9778518210429626
3.815,1.0,1.0,1.0,1.0,0.9772403982930299,0.9999999553559034,0.9779622855463551
3.8200000000000003,1.0,1.0,1.0,1.0,0.977503819609083,0.9999999574210301,0.9780721991057384
3.825,1.0,1.0,1.0,1.0,0.9776618723987146,0.9999999593932739,0.9781815644689572
3.83,1.0,1.0,1.0,1.0,0.9779252937147674,0.9999999612766862,0.9782903843701515
3.835,1.0,1.0,1.0,1.0,0.9779252937147674,0.9999999630751472,0.9783986615298241
3.84,1.0,1.0,1.0,1.0,0.9782940835572415,0.9999999647923735,0.9785063986549101
3.845,1.0,1.0,1.0,1.0,0.9783994520836626,0.9999999664319246,0.9786135984388429
3.85,1.0,1.0,1.0,1.0,0.9785048206100837,0.9999999679972087,0.9787202635616228
3.855,1.0,1.0,1.0,1.0,0.9786101891365049,0.99999996949149,0.9788263966898835
3.86,1.0,1.0,1.0,1.0,0.9788736104525578,0.9999999709178936,0.9789320004769586
3.865,1.0,1.0,1.0,1.0,0.9790316632421895,0.9999999722794114,0.9790370775629483
3.87,1.0,1.0,1.0,1.0,0.9791370317686107,0.999999973578908,0.9791416305747853
3.875,1.0,1.0,1.0,1.0,0.9792950845582423,0.9999999748191256,0.9792456621263003
3.88,1.0,1.0,1.0,1.0,0.9792950845582423,0.9999999760026891,0.9793491748182874
3.8850000000000002,1.0,1.0,1.0,1.0,0.9793477688214529,0.9999999771321106,0.9794521712385695
3.89,1.0,1.0,1.0,1.0,0.9794004530846635,0.9999999782097949,0.9795546539620623
3.895,1.0,1.0,1.0,1.0,0.9796111901375059,0.999999979238043,0.9796566255508393
3.9,1.0,1.0,1.0,1.0,0.979716558663927,0.9999999802190571,0.9797580885541957
3.9050000000000002,1.0,1.0,1.0,1.0,0.979716558663927,0.9999999811549442,0.9798590455087115
3.91,1.0,1.0,1.0,1.0,0.9798219271903483,0.9999999820477202,0.979959498938316
3.915,1.0,1.0,1.0,1.0,0.9798219271903483,0.9999999828993142,0.9800594513543502
3.92,1.0,1.0,1.0,1.0,0.9798746114535589,0.9999999837115716,0.9801589052556298
3.9250000000000003,1.0,1.0,1.0,1.0,0.9799272957167694,0.9999999844862575,0.9802578631285073
3.93,1.0,1.0,1.0,1.0,0.9800326642431906,0.9999999852250601,0.9803563274469347
3.935,1.0,1.0,1.0,1.0,0.9802434012960328,0.9999999859295947,0.9804543006725253
3.94,1.0,1.0,1.0,1.0,0.9804541383488751,0.9999999866014055,0.9805517852546146
3.9450000000000003,1.0,1.0,1.0,1.0,0.9805068226120855,0.99999998724197,0.9806487836303224
3.95,1.0,1.0,1.0,1.0,0.9805595068752961,0.9999999878527003,0.9807452982246131
3.955,1.0,1.0,1.0,1.0,0.9806121911385067,0.9999999884349471,0.9808413314503566
3.96,1.0,1.0,1.0,1.0,0.9806121911385067,0.9999999889900016,0.9809368857083883
3.9650000000000003,1.0,1.0,1.0,1.0,0.9807175596649282,0.9999999895190986,0.98103196338757
3.97,1.0,1.0,1.0,1.0,0.9808229281913493,0.9999999900234182,0.9811265668648486
3.975,1.0,1.0,1.0,1.0,0.9808756124545599,0.9999999905040886,0.9812206985053156
3.98,1.0,1.0,1.0,1.0,0.9811390337706128,0.9999999909621881,0.9813143606622672
3.985,1.0,1.0,1.0,1.0,0.981244402297034,0.9999999913987474,0.9814075556772622
3.99,1.0,1.0,1.0,1.0,0.9812970865602445,0.9999999918147515,0.9815002858801808
3.995,1.0,1.0,1.0,1.0,0.9812970865602445,0.9999999922111421,0.9815925535892828
4.0,1.0,1.0,1.0,1.0,0.9813497708234551,0.9999999925888182,0.9816843611112658
4.005,1.0,1.0,1.0,1.0,0.9815605078762976,0.9999999929486396,0.9817757107413227
4.01,1.0,1.0,1.0,1.0,0.9816131921395082,0.9999999932914275,0.981866604763199
4.015,1.0,1.0,1.0,1.0,0.9817712449291399,0.9999999936179662,0.9819570454492498
4.0200000000000005,1.0,1.0,1.0,1.0,0.9817712449291399,0.9999999939290056,0.9820470350604972
4.025,1.0,1.0,1.0,1.0,0.9817712449291399,0.9999999942252612,0.982136575846686
4.03,1.0,1.0,1.0,1.0,0.9818766134555611,0.9999999945074172,0.9822256700463405
4.035,1.0,1.0,1.0,1.0,0.9819819819819822,0.9999999947761263,0.9823143198868206
4.04,1.0,1.0,1.0,1.0,0.9820346662451928,0.9999999950320126,0.9824025275843766
4.045,1.0,1.0,1.0,1.0,0.9820873505084033,0.9999999952756716,0.9824902953442057
4.05,1.0,1.0,1.0,1.0,0.9821927190348244,0.9999999955076723,0.9825776253605065
4.055,1.0,1.0,1.0,1.0,0.9823507718244562,0.9999999957285574,0.9826645198165338
4.0600000000000005,1.0,1.0,1.0,1.0,0.9824561403508772,0.9999999959388457,0.9827509808846537
4.065,1.0,1.0,1.0,1.0,0.9825615088772985,0.9999999961390321,0.9828370107263974
4.07,1.0,1.0,1.0,1.0,0.9825615088772985,0.9999999963295892,0.9829226114925153
4.075,1.0,1.0,1.0,1.0,0.9826668774037197,0.9999999965109683,0.9830077853230309
4.08,1.0,1.0,1.0,1.0,0.9828249301933514,0.9999999966835996,0.9830925343472947
4.085,1.0,1.0,1.0,1.0,0.9828249301933514,0.9999999968478943,0.9831768606840366
4.09,1.0,1.0,1.0,1.0,0.9829302987197724,0.9999999970042445,0.9832607664414194
4.095,1.0,1.0,1.0,1.0,0.9830356672461936,0.9999999971530243,0.9833442537170913
4.1,1.0,1.0,1.0,1.0,0.9831410357726147,0.9999999972945911,0.9834273245982388
4.105,1.0,1.0,1.0,1.0,0.9831937200358253,0.9999999974292854,0.983509981161638
4.11,1.0,1.0,1.0,1.0,0.9832464042990359,0.9999999975574322,0.9835922254737074
4.115,1.0,1.0,1.0,1.0,0.9833517728254569,0.9999999976793419,0.983674059590559
4.12,1.0,1.0,1.0,1.0,0.9833517728254569,0.9999999977953101,0.9837554855580501
4.125,1.0,1.0,1.0,1.0,0.9834571413518781,0.9999999979056193,0.9838365054118341
4.13,1.0,1.0,1.0,1.0,0.9834571413518781,0.9999999980105386,0.9839171211774116
4.135,1.0,1.0,1.0,1.0,0.9835098256150886,0.9999999981103246,0.9839973348701808
4.14,1.0,1.0,1.0,1.0,0.9835098256150886,0.999999998205222,0.9840771484954883
4.1450000000000005,1.0,1.0,1.0,1.0,0.9836678784047205,0.9999999982954646,0.9841565640486789
4.15,1.0,1.0,1.0,1.0,0.9837205626679311,0.9999999983812748,0.9842355835151455
4.155,1.0,1.0,1.0,1.0,0.9837732469311417,0.999999998462865,0.9843142088703789
4.16,1.0,1.0,1.0,1.0,0.9838786154575627,0.9999999985404374,0.9843924420800172
4.165,1.0,1.0,1.0,1.0,0.9839312997207733,0.9999999986141852,0.9844702850998945
4.17,1.0,1.0,1.0,1.0,0.983983983983984,0.9999999986842919,0.9845477398760905
4.175,1.0,1.0,1.0,1.0,0.9841947210368263,0.9999999987509333,0.9846248083449786
4.18,1.0,1.0,1.0,1.0,0.9842474053000368,0.9999999988142763,0.9847014924332744
4.1850000000000005,1.0,1.0,1.0,1.0,0.9842474053000368,0.9999999988744799,0.9847777940580844
4.19,1.0,1.0,1.0,1.0,0.984352773826458,0.9999999989316961,0.984853715126953
4.195,1.0,1.0,1.0,1.0,0.9844054580896685,0.9999999989860696,0.9849292575379109
4.2,1.0,1.0,1.0,1.0,0.9845108266160897,0.9999999990377382,0.9850044231795223
4.205,1.0,1.0,1.0,1.0,0.9846161951425108,0.999999999086833,0.9850792139309321
4.21,1.0,1.0,1.0,1.0,0.9846688794057213,0.9999999991334793,0.9851536316619132
4.215,1.0,1.0,1.0,1.0,0.9847215636689323,0.9999999991777961,0.9852276782329125
4.22,1.0,1.0,1.0,1.0,0.9848796164585639,0.999999999219897,0.9853013554950982
4.225,1.0,1.0,1.0,1.0,0.9850903535114062,0.9999999992598902,0.9853746652904057
4.23,1.0,1.0,1.0,1.0,0.9851430377746168,0.9999999992978787,0.9854476094515838
4.235,1.0,1.0,1.0,1.0,0.9852484063010379,0.9999999993339604,0.9855201898022403
4.24,1.0,1.0,1.0,1.0,0.9852484063010379,0.9999999993682291,0.9855924081568876
4.245,1.0,1.0,1.0,1.0,0.9852484063010379,0.9999999994007733,0.9856642663209885
4.25,1.0,1.0,1.0,1.0,0.9853010905642484,0.999999999431678,0.9857357660910008
4.255,1.0,1.0,1.0,1.0,0.985353774827459,0.9999999994610238,0.9858069092544223
4.26,1.0,1.0,1.0,1.0,0.9855118276170909,0.9999999994888875,0.985877697589836
4.265,1.0,1.0,1.0,1.0,0.985617196143512,0.9999999995153421,0.9859481328669539
4.2700000000000005,1.0,1.0,1.0,1.0,0.985617196143512,0.9999999995404574,0.9860182168466617
4.275,1.0,1.0,1.0,1.0,0.9857225646699331,0.9999999995642993,0.9860879512810624
4.28,1.0,1.0,1.0,1.0,0.9858279331963542,0.9999999995869311,0.9861573379135204
4.285,1.0,1.0,1.0,1.0,0.9858806174595648,0.9999999996084127,0.9862263784787055
4.29,1.0,1.0,1.0,1.0,0.9860386702491967,0.9999999996288013,0.9862950747026351
4.295,1.0,1.0,1.0,1.0,0.9860386702491967,0.9999999996481511,0.9863634283027184
4.3,1.0,1.0,1.0,1.0,0.9861967230388283,0.9999999996665139,0.9864314409877991
4.305,1.0,1.0,1.0,1.0,0.9863020915652495,0.9999999996839388,0.9864991144581977
4.3100000000000005,1.0,1.0,1.0,1.0,0.98635477582846,0.9999999997004727,0.9865664504057547
4.315,1.0,1.0,1.0,1.0,0.9864074600916706,0.9999999997161602,0.9866334505138721
4.32,1.0,1.0,1.0,1.0,0.9864074600916706,0.9999999997310433,0.9867001164575563
4.325,1.0,1.0,1.0,1.0,0.9865655128813022,0.9999999997451626,0.9867664499034591
4.33,1.0,1.0,1.0,1.0,0.9865655128813022,0.9999999997585565,0.9868324525099202
4.335,1.0,1.0,1.0,1.0,0.9866708814077234,0.9999999997712611,0.9868981259270083
4.34,1.0,1.0,1.0,1.0,0.986723565670934,0.9999999997833112,0.9869634717965623
4.345,1.0,1.0,1.0,1.0,0.9868816184605657,0.99999999979474,0.9870284917522321
4.3500000000000005,1.0,1.0,1.0,1.0,0.9868816184605657,0.9999999998055784,0.9870931874195201
4.355,1.0,1.0,1.0,1.0,0.9869869869869867,0.9999999998158566,0.9871575604158215
4.36,1.0,1.0,1.0,1.0,0.9869869869869867,0.9999999998256027,0.9872216123504642
4.365,1.0,1.0,1.0,1.0,0.9869869869869867,0.9999999998348437,0.9872853448247503
4.37,1.0,1.0,1.0,1.0,0.9870923555134079,0.9999999998436051,0.9873487594319947
4.375,1.0,1.0,1.0,1.0,0.9871977240398292,0.9999999998519113,0.987411857757566
4.38,1.0,1.0,1.0,1.0,0.9871977240398292,0.9999999998597856,0.9874746413789256
4.385,1.0,1.0,1.0,1.0,0.9871977240398292,0.9999999998672496,0.9875371118656673
4.39,1.0,1.0,1.0,1.0,0.9873557768294609,0.9999999998743245,0.9875992707795566
4.3950000000000005,1.0,1.0,1.0,1.0,0.9874084610926714,0.9999999998810302,0.9876611196745695
4.4,1.0,1.0,1.0,1.0,0.9874611453558821,0.9999999998873853,0.9877226600969315
4.405,1.0,1.0,1.0,1.0,0.9874611453558821,0.9999999998934078,0.9877838935851566
4.41,1.0,1.0,1.0,1.0,0.9875138296190927,0.9999999998991147,0.987844821670085
4.415,1.0,1.0,1.0,1.0,0.9875665138823033,0.9999999999045224,0.9879054458749221
4.42,1.0,1.0,1.0,1.0,0.9876191981455138,0.9999999999096459,0.9879657677152762
4.425,1.0,1.0,1.0,1.0,0.987724566671935,0.9999999999145002,0.9880257886991963
4.43,1.0,1.0,1.0,1.0,0.9877772509351456,0.9999999999190988,0.9880855103272104
4.4350000000000005,1.0,1.0,1.0,1.0,0.9879353037247774,0.9999999999234551,0.9881449340923619
4.44,1.0,1.0,1.0,1.0,0.9879353037247774,0.9999999999275815,0.9882040614802484
4.445,1.0,1.0,1.0,1.0,0.9879879879879879,0.9999999999314899,0.9882628939690575
4.45,1.0,1.0,1.0,1.0,0.9880406722511985,0.9999999999351916,0.9883214330296045
4.455,1.0,1.0,1.0,1.0,0.9880406722511985,0.9999999999386971,0.988379680125369
4.46,1.0,1.0,1.0,1.0,0.9880933565144092,0.9999999999420169,0.9884376367125315
4.465,1.0,1.0,1.0,1.0,0.9881460407776198,0.9999999999451605,0.9884953042400095
4.47,1.0,1.0,1.0,1.0,0.9881987250408304,0.9999999999481369,0.9885526841494943
4.4750000000000005,1.0,1.0,1.0,1.0,0.988251409304041,0.999999999950955,0.9886097778754867
4.48,1.0,1.0,1.0,1.0,0.988251409304041,0.999999999953623,0.9886665868453326
4.485,1.0,1.0,1.0,1.0,0.9883040935672515,0.9999999999561487,0.9887231124792595
4.49,1.0,1.0,1.0,1.0,0.988356777830462,0.9999999999585395,0.9887793561904109
4.495,1.0,1.0,1.0,1.0,0.988356777830462,0.9999999999608025,0.9888353193848828
4.5,1.0,1.0,1.0,1.0,0.9884094620936726,0.9999999999629444,0.9888910034617577
4.505,1.0,1.0,1.0,1.0,0.9884621463568832,0.9999999999649716,0.9889464098131406
4.51,1.0,1.0,1.0,1.0,0.9885148306200937,0.9999999999668899,0.9890015398241931
4.515,1.0,1.0,1.0,1.0,0.9885148306200937,0.9999999999687053,0.9890563948731684
4.5200000000000005,1.0,1.0,1.0,1.0,0.9885675148833043,0.999999999970423,0.9891109763314455
4.525,1.0,1.0,1.0,1.0,0.9886728834097256,0.9999999999720481,0.9891652855635639
4.53,1.0,1.0,1.0,1.0,0.9887255676729362,0.9999999999735858,0.9892193239272569
4.535,1.0,1.0,1.0,1.0,0.9887782519361468,0.9999999999750405,0.9892730927734866
4.54,1.0,1.0,1.0,1.0,0.9888309361993572,0.9999999999764165,0.9893265934464771
4.545,1.0,1.0,1.0,1.0,0.9889889889889891,0.9999999999777183,0.9893798272837477
4.55,1.0,1.0,1.0,1.0,0.9890943575154103,0.9999999999789495,0.9894327956161474
4.555,1.0,1.0,1.0,1.0,0.9891997260418314,0.9999999999801138,0.989485499767887
4.5600000000000005,1.0,1.0,1.0,1.0,0.9891997260418314,0.9999999999812151,0.9895379410565732
4.565,1.0,1.0,1.0,1.0,0.9894104630946736,0.9999999999822565,0.9895901207932409
4.57,1.0,1.0,1.0,1.0,0.9894104630946736,0.9999999999832413,0.9896420402823863
4.575,1.0,1.0,1.0,1.0,0.9895158316210948,0.9999999999841724,0.9896937008219993
4.58,1.0,1.0,1.0,1.0,0.9895685158843053,0.9999999999850528,0.989745103703596
4.585,1.0,1.0,1.0,1.0,0.9896212001475159,0.9999999999858851,0.9897962502122511
4.59,1.0,1.0,1.0,1.0,0.9896212001475159,0.9999999999866719,0.9898471416266302
4.595,1.0,1.0,1.0,1.0,0.9897265686739372,0.9999999999874157,0.9898977792190211
4.6000000000000005,1.0,1.0,1.0,1.0,0.9897792529371477,0.9999999999881187,0.9899481642553665
4.605,1.0,1.0,1.0,1.0,0.9898319372003583,0.9999999999887833,0.9899982979952945
4.61,1.0,1.0,1.0,1.0,0.9898846214635689,0.9999999999894112,0.9900481816921516
4.615,1.0,1.0,1.0,1.0,0.9899373057267794,0.9999999999900048,0.9900978165930326
4.62,1.0,1.0,1.0,1.0,0.98998998998999,0.9999999999905655,0.9901472039388127
4.625,1.0,1.0,1.0,1.0,0.9900426742532006,0.9999999999910956,0.9901963449641782
4.63,1.0,1.0,1.0,1.0,0.9900953585164111,0.9999999999915963,0.9902452408976571
4.635,1.0,1.0,1.0,1.0,0.9900953585164111,0.9999999999920695,0.9902938929616504
4.64,1.0,1.0,1.0,1.0,0.9901480427796217,0.9999999999925163,0.9903423023724622
4.6450000000000005,1.0,1.0,1.0,1.0,0.9902007270428322,0.9999999999929384,0.9903904703403303
4.65,1.0,1.0,1.0,1.0,0.9902534113060428,0.9999999999933373,0.9904383980694565
4.655,1.0,1.0,1.0,1.0,0.9902534113060428,0.999999999993714,0.9904860867580364
4.66,1.0,1.0,1.0,1.0,0.9902534113060428,0.9999999999940697,0.9905335375982897
4.665,1.0,1.0,1.0,1.0,0.9902534113060428,0.9999999999944058,0.9905807517764899
4.67,1.0,1.0,1.0,1.0,0.9903060955692533,0.9999999999947231,0.9906277304729939
4.675,1.0,1.0,1.0,1.0,0.9904114640956745,0.9999999999950228,0.9906744748622717
4.68,1.0,1.0,1.0,1.0,0.9904641483588851,0.9999999999953058,0.9907209861129352
4.6850000000000005,1.0,1.0,1.0,1.0,0.9905168326220956,0.9999999999955729,0.9907672653877684
4.69,1.0,1.0,1.0,1.0,0.9906222011485167,0.999999999995825,0.9908133138437554
4.695,1.0,1.0,1.0,1.0,0.9906222011485167,0.9999999999960631,0.9908591326321099
4.7,1.0,1.0,1.0,1.0,0.9906222011485167,0.9999999999962879,0.9909047228983042
4.705,1.0,1.0,1.0,1.0,0.9907275696749378,0.9999999999965,0.9909500857820972
4.71,1.0,1.0,1.0,1.0,0.9907275696749378,0.9999999999967003,0.9909952224175634
4.715,1.0,1.0,1.0,1.0,0.9907275696749378,0.9999999999968893,0.9910401339331211
4.72,1.0,1.0,1.0,1.0,0.9907802539381484,0.9999999999970676,0.9910848214515604
4.7250000000000005,1.0,1.0,1.0,1.0,0.9907802539381484,0.9999999999972359,0.9911292860900718
4.73,1.0,1.0,1.0,1.0,0.9907802539381484,0.9999999999973946,0.9911735289602733
4.735,1.0,1.0,1.0,1.0,0.9907802539381484,0.9999999999975445,0.9912175511682391
4.74,1.0,1.0,1.0,1.0,0.9908856224645696,0.999999999997686,0.9912613538145267
4.745,1.0,1.0,1.0,1.0,0.9908856224645696,0.9999999999978193,0.9913049379942045
4.75,1.0,1.0,1.0,1.0,0.9909909909909909,0.9999999999979451,0.9913483047968794
4.755,1.0,1.0,1.0,1.0,0.9910436752542013,0.9999999999980638,0.9913914553067235
4.76,1.0,1.0,1.0,1.0,0.9911490437806225,0.9999999999981758,0.9914343906025019
4.765,1.0,1.0,1.0,1.0,0.9912544123070438,0.9999999999982813,0.9914771117575993
4.7700000000000005,1.0,1.0,1.0,1.0,0.9913070965702544,0.999999999998381,0.9915196198400468
4.775,1.0,1.0,1.0,1.0,0.9913070965702544,0.9999999999984748,0.9915619159125485
4.78,1.0,1.0,1.0,1.0,0.991359780833465,0.9999999999985634,0.9916040010325086
4.785,1.0,1.0,1.0,1.0,0.991359780833465,0.9999999999986469,0.9916458762520571
4.79,1.0,1.0,1.0,1.0,0.9914651493598863,0.9999999999987256,0.9916875426180769
4.795,1.0,1.0,1.0,1.0,0.9914651493598863,0.9999999999987997,0.9917290011722292
4.8,1.0,1.0,1.0,1.0,0.9915705178863073,0.9999999999988698,0.99177025295098
4.805,1.0,1.0,1.0,1.0,0.9915705178863073,0.9999999999989357,0.9918112989856259
4.8100000000000005,1.0,1.0,1.0,1.0,0.9915705178863073,0.999999999998998,0.99185214030232
4.815,1.0,1.0,1.0,1.0,0.9916232021495179,0.9999999999990566,0.9918927779220973
4.82,1.0,1.0,1.0,1.0,0.9916758864127285,0.9999999999991118,0.9919332128609004
4.825,1.0,1.0,1.0,1.0,0.9916758864127285,0.9999999999991639,0.9919734461296048
4.83,1.0,1.0,1.0,1.0,0.991728570675939,0.9999999999992129,0.9920134787340446
4.835,1.0,1.0,1.0,1.0,0.9917812549391496,0.999999999999259,0.9920533116750365
4.84,1.0,1.0,1.0,1.0,0.9918866234655709,0.9999999999993027,0.9920929459484066
4.845,1.0,1.0,1.0,1.0,0.9918866234655709,0.9999999999993437,0.9921323825450135
4.8500000000000005,1.0,1.0,1.0,1.0,0.9919919919919922,0.9999999999993824,0.9921716224507743
4.855,1.0,1.0,1.0,1.0,0.9919919919919922,0.9999999999994189,0.9922106666466886
4.86,1.0,1.0,1.0,1.0,0.9920973605184134,0.9999999999994532,0.9922495161088634
4.865,1.0,1.0,1.0,1.0,0.9920973605184134,0.9999999999994855,0.9922881718085371
4.87,1.0,1.0,1.0,1.0,0.9921500447816239,0.9999999999995158,0.9923266347121045
4.875,1.0,1.0,1.0,1.0,0.9922027290448344,0.9999999999995445,0.99236490578114
4.88,1.0,1.0,1.0,1.0,0.9922027290448344,0.9999999999995716,0.9924029859724224
4.885,1.0,1.0,1.0,1.0,0.9923080975712556,0.999999999999597,0.9924408762379585
4.89,1.0,1.0,1.0,1.0,0.9923080975712556,0.999999999999621,0.9924785775250067
4.8950000000000005,1.0,1.0,1.0,1.0,0.9923607818344662,0.9999999999996435,0.9925160907761014
4.9,1.0,1.0,1.0,1.0,0.9924134660976767,0.9999999999996647,0.9925534169290756
4.905,1.0,1.0,1.0,1.0,0.9924661503608873,0.9999999999996847,0.9925905569170853
4.91,1.0,1.0,1.0,1.0,0.9925715188873084,0.9999999999997035,0.992627511668632
4.915,1.0,1.0,1.0,1.0,0.9925715188873084,0.9999999999997211,0.9926642821075864
4.92,1.0,1.0,1.0,1.0,0.9926242031505189,0.9999999999997379,0.9927008691532114
4.925,1.0,1.0,1.0,1.0,0.9926242031505189,0.9999999999997535,0.992737273720185
4.93,1.0,1.0,1.0,1.0,0.9926242031505189,0.9999999999997683,0.9927734967186236
4.9350000000000005,1.0,1.0,1.0,1.0,0.9927295716769401,0.9999999999997822,0.9928095390541035
4.94,1.0,1.0,1.0,1.0,0.9927822559401508,0.9999999999997953,0.9928454016276854
4.945,1.0,1.0,1.0,1.0,0.9928349402033614,0.9999999999998076,0.9928810853359353
4.95,1.0,1.0,1.0,1.0,0.9928349402033614,0.9999999999998191,0.9929165910709479
4.955,1.0,1.0,1.0,1.0,0.9928349402033614,0.99999999999983,0.9929519197203682
4.96,1.0,1.0,1.0,1.0,0.9928349402033614,0.9999999999998402,0.9929870721674146
4.965,1.0,1.0,1.0,1.0,0.992887624466572,0.9999999999998499,0.9930220492908998
4.97,1.0,1.0,1.0,1.0,0.992887624466572,0.9999999999998589,0.9930568519652538
4.9750000000000005,1.0,1.0,1.0,1.0,0.992992992992993,0.9999999999998676,0.9930914810605455
4.98,1.0,1.0,1.0,1.0,0.9930983615194143,0.9999999999998755,0.9931259374425038
4.985,1.0,1.0,1.0,1.0,0.9931510457826249,0.9999999999998831,0.9931602219725401
4.99,1.0,1.0,1.0,1.0,0.9933617828354674,0.9999999999998901,0.9931943355077695
4.995,1.0,1.0,1.0,1.0,0.9933617828354674,0.9999999999998969,0.993228278901032
5.0,1.0,1.0,1.0,1.0,0.993519835625099,0.9999999999999031,0.9932620530009145
