s,cdf_zeros,cdf_gue_mean,cdf_gue_q025,cdf_gue_q975,cdf_poisson_ensemble_mean,cdf_wigner_surmise,cdf_poisson
0.0,0.0,0.0,0.0,0.0,0.0,0.0,0.0
0.005,0.0,0.0,0.0,0.0,0.004932908900898217,1.3509233142902644e-07,0.00498752080731768
0.01,0.0,6.675565195071697e-07,0.0,0.0,0.009886178275641418,1.0806767320094973e-06,0.009950166250831893
0.015,0.0,3.671560857289434e-06,0.0,0.0,0.01480740493744825,3.6469357054397245e-06,0.014888060396937353
0.02,0.0,1.0013347792607546e-05,0.0,0.00033344448149383126,0.019707937347150428,8.6434327722755e-06,0.019801326693244747
0.025,0.0,2.0026695585215072e-05,0.0,0.00033344448149383126,0.024612808874229383,1.6878803347823712e-05,0.024690087971667385
0.03,0.0,3.137515641683691e-05,0.0,0.00033344448149383126,0.029512339949152235,2.9160446062929946e-05,0.029554466451491845
0.035,0.0,4.639517810574828e-05,0.0,0.00033344448149383126,0.03428002861147243,4.629421467517575e-05,0.03439458374243354
0.04,0.00033344448149383126,7.309743888603516e-05,0.0,0.00033344448149383126,0.039136502290887054,6.908411071729348e-05,0.03921056084767682
0.045,0.00033344448149383126,0.00010413881704311873,0.0,0.0006668889629876625,0.043973283052976306,9.833197702915214e-05,0.04400251816690004
0.05,0.0006668889629876625,0.00014152198213552043,0.0,0.0006668889629876625,0.048782360219505945,0.00013483719231952018,0.048770575499285984
0.055,0.0006668889629876625,0.00018724960372176177,0.0,0.0006668889629876625,0.053526016847123936,0.0001793963669027704,0.05351485204651618
0.06,0.0006668889629876625,0.00024098790354208925,0.0,0.0010003334444814939,0.05826833836170275,0.00023280303975516115,0.05823546641575128
0.065,0.0006668889629876625,0.00029706265118068995,0.0,0.0010003334444814939,0.06296059313731871,0.0002958473770347525,0.06293253662259657
0.07,0.0010003334444814939,0.0003628169683521441,0.0,0.0010170056685561704,0.06758509092620463,0.000369315872207579,0.06760618009405173
0.075,0.0010003334444814939,0.00044926553762832095,0.0,0.001333777925975325,0.07220825360205152,0.0004539910479227499,0.07225651367144714
0.08,0.0010003334444814939,0.00054973279381415,0.0,0.0013504501500500015,0.07679436689106568,0.0005506511597765662,0.07688365361336424
0.085,0.0010003334444814939,0.000657543171714558,0.0,0.0016672224074691564,0.08142353757558829,0.0006600699021066386,0.08148771559854262
0.09,0.001333777925975325,0.0007887180277977165,0.0,0.0020006668889629878,0.08597994459948442,0.0007830161159535914,0.08606881472877181
0.095,0.001333777925975325,0.0009352466838295389,0.0,0.002334111370456819,0.09066418869686625,0.0009202534993286854,0.09062706553176858
0.1,0.001333777925975325,0.0010974629180697812,0.0,0.002334111370456819,0.09521592282512589,0.001072540319922849,0.09516258196404048
0.105,0.001333777925975325,0.0012610142653490361,0.00033344448149383126,0.00266755585195065,0.09973294401437129,0.0012406291303918016,0.09967547741373439
0.11,0.0016672224074691564,0.0014556069907853775,0.00033344448149383126,0.0030010003334444814,0.10418621355600347,0.0014252664863506348,0.10416586470347178
0.115,0.002334111370456819,0.0016725628596252092,0.00033344448149383126,0.003334444814938313,0.10865250044976622,0.0016271926672090098,0.10863385609316867
0.12,0.002334111370456819,0.0018861809458675077,0.00033344448149383126,0.003667889296432144,0.11301464852648571,0.0018471413999766872,0.11307956328284252
0.125,0.00266755585195065,0.002130506632007129,0.0006668889629876625,0.0040013337779259755,0.11749862566801535,0.0020858395861682033,0.11750309741540454
0.13,0.00266755585195065,0.0023818416616015804,0.0006668889629876625,0.004334778259419807,0.12186644797515062,0.0023440070319317996,0.1219045690794387
0.135,0.003334444814938313,0.002671894969327442,0.0010003334444814939,0.004668222740913638,0.12625262808657267,0.002622356181527702,0.12628408831196558
0.14,0.003334444814938313,0.002987982981314093,0.0010003334444814939,0.0053351117039013,0.130633133967579,0.002921591854278316,0.13064176460119414
0.145,0.003667889296432144,0.0032987305411446783,0.001333777925975325,0.0056685561853951315,0.13505836613539157,0.0032424109851098004,0.1349777068892587
0.15,0.003667889296432144,0.0036612137312370696,0.0016672224074691564,0.006002000666888963,0.13931470650376945,0.003585502368804283,0.1392920235749422
0.155,0.003667889296432144,0.004034044047381824,0.0016672224074691564,0.006668889629876626,0.14359307623729087,0.003951546408077572,0.1435848225163865
0.16,0.003667889296432144,0.004446927754697008,0.002334111370456819,0.007335778592864288,0.14785075171870782,0.004341214865597742,0.14785621103378865
0.165,0.0040013337779259755,0.004881840827155922,0.00266755585195065,0.00766922307435812,0.15214380769565852,0.004755170620054733,0.15210629591208413
0.17,0.0040013337779259755,0.005318422790913608,0.00266755585195065,0.008002667555851951,0.156414834307465,0.005194067426390614,0.1563351834036163
0.17500000000000002,0.004668222740913638,0.005773362558957748,0.003334444814938313,0.008669556518839614,0.16063612795856863,0.0056585496802978585,0.16054297923079264
0.18,0.005001667222407469,0.006273696170328375,0.003667889296432144,0.009336445481827277,0.1648000117489949,0.006149252187088672,0.164729788588728
0.185,0.005001667222407469,0.006770691999101461,0.0040013337779259755,0.009669889963321108,0.16896122531334232,0.006666799935038242,0.16889571614787435
0.19,0.005001667222407469,0.007323428797253389,0.004334778259419807,0.010353451150383445,0.17309440150387143,0.007211807873300585,0.1730408660566377
0.195,0.005001667222407469,0.007866486025872471,0.005001667222407469,0.011003667889296432,0.17726696352905097,0.00778488069449304,0.1771653419439816
0.2,0.005001667222407469,0.008457607323896074,0.0053351117039013,0.012004001333777926,0.18131135470248486,0.008386612622044182,0.18126924692201818
0.20500000000000002,0.0053351117039013,0.00909245357394741,0.006002000666888963,0.012670890296765588,0.18539613304534908,0.009017587202395205,0.18535268358858548
0.21,0.006002000666888963,0.009773361223844706,0.006652217405801935,0.013671223741247083,0.18949993674901958,0.00967837710214392,0.18941575402981292
0.215,0.007335778592864288,0.010460276882417584,0.007002334111370457,0.014338112704234745,0.19353064301380413,0.010369543910215162,0.19345855982267313
0.22,0.008002667555851951,0.01121027663208389,0.00766922307435812,0.015005001667222408,0.1976611489782551,0.011091637945143562,0.1974812020375215
0.225,0.008669556518839614,0.011972292399101317,0.008336112037345782,0.01567189063021007,0.20163444538236155,0.011845198067543028,0.20148378124062294
0.23,0.009003001000333445,0.012789047800718323,0.009003001000333445,0.016688896298766243,0.20554432391711497,0.012630751497845205,0.20546639749666595
0.23500000000000001,0.009336445481827277,0.013643853923947267,0.009669889963321108,0.01800600200066689,0.20948257360394731,0.013448813639375612,0.20942915037126442
0.24,0.010003334444814937,0.014526363642735756,0.010336778926308769,0.019006335445148383,0.21340713838212985,0.014299887906842057,0.21337213893344653
0.245,0.010336778926308769,0.01542189071365462,0.011003667889296432,0.020006668889629875,0.21732335870381866,0.015184465560299898,0.21729546175813186
0.25,0.0106702234078026,0.016364480519198754,0.012004001333777926,0.02100700233411137,0.2212706204036646,0.01610302554466042,0.22119921692859512
0.255,0.011670556852284094,0.017312410776898903,0.012670890296765588,0.022007335778592863,0.2251170810690649,0.017056034334801684,0.22508350203891903
0.26,0.012004001333777926,0.018273692164989253,0.013337779259753251,0.02300766922307436,0.22901460980820745,0.018043945786342885,0.22894841419643375
0.265,0.012337445815271757,0.01929638875287425,0.014338112704234745,0.024341447149049684,0.23281033617812533,0.019067200992133715,0.23279405002414433
0.27,0.01300433477825942,0.020359138731929672,0.015005001667222408,0.02567522507502501,0.23661173677845876,0.020126228144513036,0.23662050566314685
0.275,0.015005001667222408,0.021458938097817713,0.01632210736912304,0.02634211403801267,0.24040379158751918,0.02122144240338414,0.24042787677503152
0.28,0.017005668556185394,0.02260613397659082,0.017339113037679228,0.027675891963987995,0.24416914413579968,0.022353245770151797,0.24421625854427453
0.28500000000000003,0.017672557519173057,0.023808069489963408,0.01833944648216072,0.029026342114037998,0.24798422964478317,0.023522026967563836,0.24798574568061738
0.29,0.019006335445148383,0.025026360138064033,0.019339779926642216,0.03067689229743248,0.2517095288018929,0.02472816132549499,0.25173643242143473
0.295,0.019339779926642216,0.026290044629491104,0.020656885628542846,0.032010670223407804,0.2554625315545625,0.025972010672708823,0.2554684125340906
0.3,0.021673891297099034,0.027597120294686136,0.021673891297099034,0.03334444814938313,0.25922988677240116,0.02725392323462994,0.2591817793182821
0.305,0.022340780260086696,0.02890352840336163,0.022674224741580526,0.034678226075358455,0.26290311652098924,0.028574233537155103,0.2628766256083722
0.31,0.023674558186062022,0.030293381076975618,0.02400800266755585,0.03634544848282761,0.26654664000445955,0.029933262316528597,0.26655304377571076
0.315,0.024341447149049684,0.03172061691568195,0.025008336112037347,0.038012670890296765,0.2702402302268926,0.031331316435304124,0.2702111257309432
0.32,0.025341780593531177,0.03317221856735029,0.02699233077692564,0.03934644881627209,0.27387173769301143,0.032768688804411805,0.27385096292630906
0.325,0.02634211403801267,0.034656864266734186,0.028009336445481828,0.04101367122374125,0.2774888926939609,0.03424565831134668,0.2774726463579278
0.33,0.028009336445481828,0.03616554200082043,0.029343114371457153,0.043014338112704234,0.28104997294727185,0.035762489754489146,0.28107626656807383
0.335,0.029343114371457153,0.03775632918680609,0.03067689229743248,0.04434811603867956,0.2846360865700645,0.03731943378356767,0.2846619136474401
0.34,0.03101033677892631,0.03939284399437787,0.03234411470490164,0.046032010670223396,0.28815778098872485,0.038916726846269345,0.28822967723739035
0.34500000000000003,0.03234411470490164,0.04104805038449594,0.0339946648882961,0.04769923307769255,0.2917205301333344,0.04055459114099963,0.2917796465322
0.35000000000000003,0.03434478159386462,0.04273529948755022,0.035345115038346114,0.04968322774258086,0.2953086464256856,0.042233234575790535,0.29531191028128656
0.355,0.03601200400133378,0.04448095978606149,0.037329109703234414,0.051683894631543846,0.29880030080096737,0.04395285073335348,0.29882655679142756
0.36,0.03767922640880293,0.046226620084572706,0.03867955985328443,0.053351117039013005,0.30230797653271807,0.04571361884226921,0.302323673928969
0.365,0.0383461153717906,0.048049049382827315,0.040663554518172725,0.05535178392797599,0.3057976282384418,0.04751570375430314,0.3058033491220211
0.37,0.04034678226075358,0.04997127838074818,0.04201400466822274,0.05701900633544515,0.3092926203963221,0.04935925592783347,0.3092656693626453
0.375,0.04334778259419807,0.051899181609084855,0.043997999333111035,0.05903634544848281,0.3127552360630056,0.05124441141737329,0.31271072120902776
0.38,0.045681893964654885,0.05386179777643608,0.045998666222074026,0.0610370123374458,0.3161494271864396,0.05317129186916847,0.31613859078764417
0.385,0.04701567189063021,0.055865134891477035,0.0480160053351117,0.06335445148382794,0.31957666235758975,0.055140004522844954,0.3195493637954123
0.39,0.04768256085361787,0.05789417293251904,0.05,0.06535511837279093,0.32300923798089554,0.05715064221908256,0.32294312550183535
0.395,0.04968322774258086,0.059961595473432695,0.05135045015005002,0.06768922974324774,0.3263884090826407,0.05920328341328168,0.32631996075113234
0.4,0.051683894631543846,0.06207875097504971,0.05333444481493831,0.06968989663221074,0.32977191930176253,0.06129799219519261,0.3296799539643607
0.405,0.05468489496498833,0.06419991181578377,0.05535178392797599,0.07202400800266756,0.3331384068296375,0.06343481831447201,0.3330231891415256
0.41000000000000003,0.056685561853951315,0.06644790839522413,0.057685895298432814,0.07435811937312438,0.33655496109647454,0.06561379721212535,0.3363497498636806
0.41500000000000004,0.05835278426142047,0.06865451647045508,0.05966988996332111,0.07637545848616203,0.3398356676115929,0.06783495005779694,0.33965971929501715
0.42,0.06068689563187729,0.07089617126296018,0.06202067355785262,0.07902634211403801,0.3430776558485792,0.07009828379285882,0.34295318018494325
0.425,0.06335445148382794,0.07319490213788298,0.06402134044681561,0.08136045348449483,0.346361032589775,0.0724037911792561,0.3462302148701527
0.43,0.06602200733577859,0.07553602285179481,0.06635545181727243,0.08402800933644548,0.3495783212355396,0.07475145085405382,0.3494909052766835
0.435,0.06768922974324774,0.0779438992176571,0.06868956318772924,0.08602867622540847,0.35287805311146403,0.07714122738963491,0.35273533292196535
0.44,0.06935645215071691,0.0803941654225084,0.0713571190396799,0.08902967655885295,0.35613873293099624,0.07957307135949249,0.3559635789168586
0.445,0.07102367455818606,0.08285811653600922,0.07369123041013671,0.09104701567189061,0.35937704960712596,0.08204691940955855,0.35917572396768127
0.45,0.07369123041013671,0.0853958326449157,0.07635878626208736,0.09403134378126042,0.3625789844529419,0.0845626943350068,0.36237184837822667
0.455,0.0766922307435812,0.08804669958387869,0.07902634211403801,0.0970323441147049,0.3657228418815617,0.08712030516246827,0.3655520320517718
0.46,0.07802600866955652,0.090687553175049,0.08167722574191398,0.09969989996665556,0.3689047500317922,0.08971964723758974,0.36871635449307405
0.465,0.07969323107702568,0.09331939475320604,0.08402800933644548,0.10238412804268088,0.37203759277783893,0.09236060231786952,0.3718648948103592
0.47000000000000003,0.08136045348449483,0.09603367956152215,0.08701233744581528,0.10536845615205068,0.37521115647157666,0.09504303867069835,0.3749977317172992
0.47500000000000003,0.08302767589196398,0.09879602843924296,0.08969656552184062,0.10836945648549516,0.3783837188305345,0.09776681117653124,0.37811494353498
0.48,0.08569523174391463,0.10158708224730259,0.09236412137379127,0.11138712904301432,0.38147517307237155,0.1005317614371139,0.38121660819385916
0.485,0.08836278759586529,0.1043801387249204,0.09469823274424809,0.1140380126708903,0.38458565267501515,0.10333771788868895,0.38430280323571486
0.49,0.09036345448482827,0.10724595886316485,0.09769923307769257,0.11670556852284095,0.3876617531169048,0.10618449592009627,0.3873736058155839
0.495,0.09403134378126042,0.11013347458829287,0.10003334444814939,0.1197232410803601,0.3908002700933679,0.10907189799568984,0.39042909270369075
0.5,0.09636545515171724,0.11312779935654219,0.10301767255751917,0.12270756918972991,0.39385667761793125,0.11199971378298262,0.3934693402873666
0.505,0.09936645548516172,0.1161221241247916,0.10570190063354451,0.12570856952317438,0.39686268462527285,0.11496772028493685,0.39649442457295947
0.51,0.10336778926308769,0.1191605076233284,0.10901967322440814,0.12937645881960655,0.39985133516310617,0.11797568197680774,0.3995044211877341
0.515,0.10603534511503834,0.12224261607389307,0.11203734578192731,0.13271090363454485,0.40281194832712014,0.12102335094745031,0.40249940538176254
0.52,0.11070356785595198,0.12536811569822595,0.1150383461153718,0.13571190396798932,0.4057558725781468,0.12411046704500084,0.4054794520298056
0.525,0.11437145715238413,0.12849061131822048,0.11770590196732245,0.1393797932644215,0.4086630812206006,0.12723675802683404,0.4084446356331849
0.53,0.1183727909303101,0.13167819369886746,0.12104034678226075,0.14238079359786596,0.4116023325759908,0.13040193971370256,0.4113950303216448
0.535,0.12204068022674225,0.13484741827522775,0.12437479159719907,0.14571523841280426,0.41453891370530305,0.1336057161479628,0.41433070985520626
0.54,0.12437479159719907,0.1381998871161927,0.12804268089363122,0.1490496832277426,0.41746748415638113,0.13684777975578388,0.41725174762601036
0.545,0.12604201400466822,0.1415974160222243,0.1310436812270757,0.15271757252417473,0.4203843723683678,0.14012781151324505,0.4201582166601536
0.55,0.12904301433811272,0.14495555909360494,0.13471157052350782,0.1560686895631877,0.4233129428194454,0.14344548111621414,0.42305018961951335
0.555,0.13137712570856952,0.1482886687955043,0.13837945981994,0.1597199066355452,0.42620179365761285,0.14680044715390655,0.42592773880356405
0.56,0.1353784594864955,0.15172925509704444,0.14138046015338446,0.1630543514504835,0.4290489222133107,0.1501923572860217,0.42879093615118513
0.5650000000000001,0.1407135711903968,0.15517918718985757,0.1450316772257419,0.1663887962654218,0.43186767961692996,0.15362084842334806,0.43163985324245957
0.5700000000000001,0.1450483494498166,0.15865048109129462,0.14838279426475492,0.17005668556185394,0.43467608989449613,0.15708554691173132,0.4344745613004629
0.5750000000000001,0.14838279426475492,0.162173510622994,0.15203401133711236,0.17339113037679227,0.4375035255328691,0.16058606871929781,0.4372951311930443
0.58,0.15071690563521173,0.16577130648487762,0.15538512837612536,0.17739246415471824,0.44030492646698055,0.16412201962682554,0.44010163343459796
0.585,0.1557185728576192,0.1693841223684504,0.15905301767255753,0.18106035345115037,0.4431320283270928,0.16769299542115013,0.4428941381878261
0.59,0.15838612870956986,0.17303932809101183,0.16237079026342113,0.1843947982660887,0.44592074568733464,0.17129858209149557,0.4456727152654929
0.595,0.16172057352450817,0.1766424644050518,0.16603867955985327,0.1880793597865955,0.44869511058240663,0.1749383560286225,0.4484374341321702
0.6,0.16438812937645883,0.18033939241008237,0.16972324108036013,0.19174724908302765,0.4514040549385653,0.17861188422667468,0.4511883639059736
0.605,0.1663887962654218,0.18404332975856816,0.17337445815271757,0.19539846615538514,0.4541790873901576,0.18231872448761538,0.4539255733602906
0.61,0.17105701900633544,0.1878170267633422,0.1770590196732244,0.19874958319439812,0.456876683285486,0.18605842562814112,0.4566491309255002
0.615,0.17439146382127377,0.1915359841335166,0.1803934644881627,0.20240080026675558,0.459581622302529,0.1898305276889547,0.4593591046906834
0.62,0.1770590196732244,0.19537510167720232,0.18472824274758254,0.20673557852617538,0.4622895653239094,0.19363456214628522,0.4620555624053255
0.625,0.1800600200066689,0.1992492659381622,0.1887129043014338,0.21073691230410135,0.46499383678443323,0.19747005212554242,0.4647385714810097
0.63,0.18539513171057018,0.20313110709909657,0.19239746582194064,0.21475491830610202,0.4676517130668509,0.20133651261698587,0.4674081989931028
0.635,0.1887295765255085,0.20706301499899385,0.19606535511837278,0.21873957985995332,0.47032193914487935,0.20523345069329646,0.47006451168243146
0.64,0.19239746582194064,0.21102462916400913,0.19973324441480494,0.22307435811937312,0.4729350891404912,0.20916036572893637,0.47270757595695145
0.645,0.19706568856285428,0.21491915389881383,0.20406802267422475,0.2274258086028676,0.4755459026882822,0.2131167496211765,0.4753374578934071
0.65,0.20206735578526175,0.2189284983549738,0.20806935645215072,0.23107702567522506,0.47814303132742647,0.21710208701268124,0.47795422323898396
0.655,0.20640213404468155,0.22288076672871607,0.212054018006002,0.23474491497165723,0.48076419200127046,0.22111585551553326,0.48055793741295183
0.66,0.20906968989663222,0.22698523798890605,0.21605535178392796,0.23876292097365787,0.4832959001015007,0.22515752593658017,0.4831486655083008
0.665,0.21240413471157052,0.23105666520137996,0.22007335778592865,0.24276425475158384,0.4858990367493191,0.2292265625039938,0.4857264722933681
0.67,0.21807269089696565,0.23510339282263212,0.22407469156385462,0.24674891630543513,0.488460784892928,0.23332242309492035,0.48829142221345756
0.675,0.22207402467489162,0.2392606010478631,0.22840946982327442,0.2507502500833611,0.4910091819061468,0.23744455946411175,0.4908435793924508
0.68,0.2260753584528176,0.24343082662522472,0.2324108036012004,0.2550850283427809,0.4935428926759363,0.24159241747342136,0.49338300763441045
0.685,0.22940980326775592,0.24756967704616933,0.23641213737912636,0.2590863621207069,0.496100301702169,0.24576543732205314,0.4959097704251745
0.6900000000000001,0.23407802600866956,0.25174123773656987,0.2407302434144715,0.2630876958986329,0.4986186586720097,0.249963053777444,0.49842393093394455
0.6950000000000001,0.23807935978659553,0.2560002483310257,0.245081693897966,0.2677559186395465,0.5011420223157467,0.2541846964066776,0.5009255520148641
0.7000000000000001,0.24108036012004003,0.2602525833602862,0.24874958319439813,0.2717739246415472,0.5035959600814555,0.25842978980830666,0.5034146962085906
0.705,0.2464154718239413,0.26443849651585594,0.25341780593531177,0.2760920306768923,0.5060398844993713,0.2626977538444792,0.5058914257438583
0.71,0.2524174724908303,0.2687332213841055,0.25775258419473157,0.2804268089363121,0.5084784684651317,0.26698800387325566,0.5083558025390349
0.715,0.2550850283427809,0.2730469716131603,0.26242080693564523,0.28411137045681895,0.5109247293308653,0.27129995098100557,0.5108078882036684
0.72,0.26042014004668224,0.2773383586988122,0.26673891297099034,0.2887629209736579,0.51332993547065,0.27563300221477993,0.5132477440400283
0.725,0.2664221407135712,0.28169282987555744,0.2707402467489163,0.29278092697565855,0.5157555020842791,0.2799865608145443,0.5156754310446375
0.73,0.26875625208402804,0.2861080486955783,0.2750916972324108,0.2974324774924975,0.5181977576108963,0.2843600264451708,0.5180910099097975
0.735,0.27309103034344784,0.29049322747222034,0.2794264754918306,0.3021007002334111,0.5206059677550183,0.28875279542808013,0.5204945410251058
0.74,0.27775925308436145,0.29487440090974576,0.28407802600866955,0.3064354784928309,0.5229908134209573,0.29316426097243226,0.5228860844789656
0.745,0.2814271423807936,0.29933801757743084,0.28842947649216405,0.31077025675225073,0.525364644404325,0.29759381340575564,0.5252657000600875
0.75,0.2867622540846949,0.3037198585714757,0.29274758252750915,0.31510503501167053,0.5277675140962907,0.3020408404039196,0.5276334472589853
0.755,0.29076358786262085,0.30814242051321106,0.29676558852950985,0.3194398132710904,0.5301236548318919,0.3065047272203422,0.529989385269462
0.76,0.2960986995665222,0.3126564376981186,0.30143381127042346,0.324108036012004,0.5324858035761673,0.3109848569143393,0.5323335729900908
0.765,0.300433477825942,0.3171160490266861,0.3061020340113371,0.32877625875291766,0.5347751886598172,0.3154806105785102,0.5346660690256866
0.77,0.30576858952984326,0.3215239247249919,0.31077025675225073,0.33311103701233746,0.5370789262086364,0.31999136756506746,0.5369869316887719
0.775,0.31010336778926306,0.32600122630132633,0.314754918306102,0.33746248749583196,0.5393589655010135,0.32451650571101254,0.5392962190010342
0.78,0.31377125708569525,0.3305779937990681,0.3197565855285095,0.34178059353117707,0.5416480168064027,0.3290554015620624,0.5415939886947765
0.785,0.320106702234078,0.33512805903602816,0.32444148049349786,0.34613204401467157,0.5439374018900532,0.33360743059523645,0.5438802982143608
0.79,0.32510836945648547,0.3396701135947553,0.32877625875291766,0.35111703901300434,0.5461937429259869,0.33817196744000827,0.5461552047176441
0.795,0.32910970323441147,0.3442321948490673,0.33344448149383127,0.35578526175391795,0.5484654377618706,0.34274838609793845,0.5484187650774077
0.8,0.33344448149383127,0.34884000372496454,0.33744581527175727,0.3601200400133378,0.5507174396804265,0.3473360601606937,0.5506710358827784
0.805,0.3411137045681894,0.353444474818266,0.34178059353117707,0.3647882627542514,0.5529460771208019,0.3519343630263715,0.5529120734406436
0.81,0.34811603867955987,0.35806029437239784,0.3464488162720907,0.3694564854951651,0.5551894008046057,0.35654266811404073,0.5551419337770589
0.8150000000000001,0.3507835945315105,0.3626781165960891,0.35143381127042345,0.3737912637545849,0.557385661753784,0.36116034907641853,0.5573606726386489
0.8200000000000001,0.35445148382794267,0.3672598907677263,0.35578526175391795,0.3781260420140047,0.5596026169550681,0.365786780010601,0.5595683454940008
0.8250000000000001,0.35945315105035014,0.3718820521087941,0.3607869289763254,0.3827942647549183,0.561805887247701,0.37042133566676727,0.5617650075350509
0.8300000000000001,0.3627875958652884,0.37647650985430275,0.3651217072357453,0.38779593197732576,0.5640088237620743,0.3750633916547816,0.5639507136784645
0.835,0.36845615205068355,0.3811210343387735,0.37044014671557185,0.39181393797932645,0.5662160993938249,0.37971232464861493,0.5661255185670091
0.84,0.37245748582860955,0.3857428619015817,0.37479159719906635,0.39648216072024006,0.568383655412665,0.3843675125885132,0.5682894765709203
0.845,0.37712570856952315,0.39040507663381957,0.37945981993998,0.401133711237079,0.5705395291924134,0.38902833488084193,0.5704426417892609
0.85,0.38312770923641215,0.3950359162096409,0.3841113704568189,0.4061353784594865,0.5727140945547075,0.3936941725955342,0.5725850680512733
0.855,0.38979659886628876,0.39975420568951747,0.3891297099033011,0.41080360120040016,0.5748686332214178,0.39836440866107453,0.5747168089177259
0.86,0.39213071023674556,0.4042738971048411,0.3934644881627209,0.414488162720907,0.5769841198317347,0.40303842805695544,0.5768379176822511
0.865,0.3997999333111037,0.40887402908076453,0.39844948316105366,0.4191397132377459,0.5790668961725975,0.407715618003538,0.5789484473726788
0.87,0.40546848949649883,0.4134578059219613,0.40280093364454816,0.42414138046015337,0.5812107539349943,0.4123953681492555,0.581048450752361
0.875,0.40980326775591863,0.41808864549778224,0.40713571190396797,0.4284761587195732,0.5833192312018589,0.4170770707551044,0.5831379803214916
0.88,0.4128042680893631,0.4227665478082288,0.41147049016338777,0.43314438146048684,0.5853886564123303,0.42176012087635817,0.5852170883184187
0.885,0.4168056018672891,0.4273957184927508,0.41647215738579524,0.43781260420140045,0.5874247037968273,0.4264439165414495,0.5872858267209504
0.89,0.4221407135711904,0.43210432840309465,0.421457152384128,0.4424808269423141,0.5895321797289115,0.4311278589279716,0.5893442472476544
0.895,0.42714238079359784,0.4367802280439825,0.4254751583861287,0.4474824941647216,0.5915655568873305,0.43581135253573927,0.5913924013591516
0.9,0.4304768256085362,0.4414684774804814,0.43014338112704237,0.4521507169056352,0.5936026056066065,0.44049380535686644,0.5934303402594009
0.905,0.4371457152384128,0.4461453784561485,0.43546182060686894,0.45648549516505504,0.5956356489867656,0.44517462904280747,0.5954581148969812
0.91,0.4431477159053018,0.4508212780970368,0.43981327109036344,0.46115371790596865,0.5977024039711601,0.4498532390683193,0.597475775966364
0.915,0.4488162720906969,0.4554277518598955,0.4447982660886962,0.46548849616538845,0.5996833779427974,0.4545290548923,0.5994833739091812
0.92,0.45481827275758585,0.4601083243964204,0.4491497165721907,0.4701567189063021,0.6016803732709026,0.45920150011546196,0.6014809589154859
0.925,0.46115371790596865,0.4646981092462912,0.4534844948316105,0.4748249416472157,0.6036252991904872,0.46387000263480105,0.6034685809250071
0.93,0.46515505168389465,0.4693179341395412,0.4581360453484495,0.4794931643881294,0.6055912531404347,0.46853399479482355,0.605446289628399
0.935,0.4681560520173391,0.4739961702282475,0.462487495831944,0.4838446148716239,0.6075582084251646,0.4731929135354957,0.6074141344684816
0.9400000000000001,0.47415805268422806,0.47866672941697896,0.46782260753584526,0.48882960986995666,0.6095054707925652,0.4778462005368833,0.6093721646414789
0.9450000000000001,0.4794931643881294,0.48330791611885326,0.47280760253417803,0.49383127709236413,0.6114266984557077,0.4824933023604507,0.611320429098247
0.9500000000000001,0.486162054018006,0.48793575169033604,0.47715905301767253,0.49816605535178393,0.613380302610046,0.48713367058698803,0.6132589765454988
0.9550000000000001,0.4914971657219073,0.4925996353138732,0.4818106035345115,0.503184394798266,0.6153335729861231,0.4917667619511426,0.6151878554470215
0.96,0.49816605535178393,0.49728988741993085,0.48649549849949986,0.5081693897965989,0.6172778313491888,0.49639203847252794,0.6171071140248879
0.965,0.5035011670556853,0.5018262677482417,0.49114704901633877,0.5121873957985995,0.6191349735864585,0.5010089675833875,0.6190168002606627
0.97,0.5091697232410803,0.5064440899719331,0.49549849949983327,0.5171723907969323,0.6210298327670783,0.5056170222527948,0.6209169618966012
0.975,0.5151717239079693,0.5110305370392074,0.5005001667222407,0.5215071690563521,0.6229086705912329,0.5102156811073664,0.622807646436843
0.98,0.5185061687229077,0.5155659160327387,0.5048349449816606,0.5261753917972658,0.6248232226891774,0.5148044285484774,0.6246889011486004
0.985,0.5225075025008337,0.5200909479002181,0.5095031677225742,0.5308436145381794,0.6267641432696442,0.5193827548659598,0.6265607730633391
0.99,0.5278426142047349,0.5246443509197765,0.5141547182394132,0.5358452817605869,0.6286152774982389,0.523950156348273,0.6284233089779543
0.995,0.5308436145381794,0.529175724574191,0.5188229409803268,0.5401967322440813,0.6304580672703384,0.5285061353891363,0.6302765554559411
1.0,0.5368456152050683,0.5337448151719584,0.5238246082027342,0.5445148382794265,0.6322845019077109,0.5330502005906137,0.6321205588285577
1.0050000000000001,0.541513837945982,0.5382421434438779,0.5278426142047349,0.5485328442814271,0.6340922449625349,0.5375818668626449,0.6339553651959846
1.01,0.5468489496498833,0.5427718482069928,0.5325108369456486,0.55351783927976,0.6359073311390752,0.5421006555190166,0.6357810204284766
1.0150000000000001,0.5528509503167722,0.5472751844875896,0.5375125041680561,0.5582027342447482,0.6377801609545525,0.5466060943697749,0.6375975701675097
1.02,0.5561853951317106,0.5516964113162854,0.5418306102034012,0.5621873957985996,0.6395949133528335,0.5510977178100697,0.6394050598269216
1.025,0.5611870623541181,0.5561520173057346,0.5461820606868957,0.567189063021007,0.6413399060948257,0.5555750669054434,0.6412035345940483
1.03,0.5661887295765256,0.560630653995108,0.5508336112037346,0.571190396798933,0.6431693447365342,0.5600376894735559,0.6429930394308526
1.035,0.571190396798933,0.5651082893497035,0.5555018339446482,0.5755251750583528,0.6449367006219288,0.5644851401623564,0.6447736190750485
1.04,0.5751917305768589,0.5695622264478546,0.559186395465155,0.5801933977992664,0.6467230818681309,0.5689169805247076,0.6465453180412198
1.045,0.5791930643547849,0.5740221715546822,0.5635045015005002,0.5845281760586862,0.6484994497665393,0.5733327790894678,0.6483081806219331
1.05,0.5831943981327109,0.5783666293836351,0.5678559519839946,0.588862954318106,0.6502597963084783,0.5777321114290446,0.6500622508888447
1.055,0.5881960653551184,0.582664692034482,0.5725075025008337,0.5928809603201066,0.6519467116332742,0.5821145602234263,0.6518075726938024
1.06,0.5935311770590197,0.5870438628024481,0.5768422807602535,0.5975325108369457,0.653665002114485,0.586479715320713,0.6535441896699425
1.065,0.5965321773924641,0.5913959975313758,0.5805268422807602,0.6015338446148716,0.6553739468044232,0.5908271737941492,0.6552721452327799
1.07,0.6015338446148716,0.5957381189125095,0.5851950650216738,0.6052184061353784,0.6570735457030886,0.5951565399956895,0.6569914825812934
1.075,0.606535511837279,0.6000872496370994,0.5898632877625876,0.6095365121707236,0.6588098602103268,0.5994674256061017,0.6587022446990063
1.08,0.6095365121707236,0.6043142175186175,0.5938479493164389,0.6142047349116372,0.6605371627045531,0.6037594496816368,0.6604044743550609
1.085,0.614538179393131,0.6085852441304254,0.5985161720573525,0.6182060686895632,0.6622267482554255,0.6080322386972823,0.6620982141052869
1.09,0.6178726242080693,0.6127711572859954,0.6025175058352785,0.6222074024674892,0.6639136635802187,0.6122854265866224,0.6637835062932667
1.095,0.6215405135045015,0.6169740931328128,0.606535511837279,0.6265588529509836,0.6656232758266757,0.6165186547783279,0.6654603930513924
1.1,0.6265421807269089,0.621111608440718,0.6105201733911304,0.6308769589863288,0.6672260790300142,0.6207315722293061,0.6671289163019205
1.105,0.6318772924308103,0.6252628086572731,0.6152050683561187,0.6348949649883294,0.6688512453767543,0.624923835454531,0.668789117758019
1.11,0.6365455151717239,0.6293829674956716,0.6188729576525509,0.6388962987662554,0.6704934344147415,0.6290951085535881,0.670441038924811
1.115,0.6398799599866623,0.633491777873239,0.6235245081693899,0.6428976325441813,0.6721172656484437,0.6332450632339577,0.6720847211004115
1.12,0.6432144048016005,0.637629960737663,0.6275258419473159,0.6468822940980327,0.6737467711125583,0.637373378831075,0.6737202053769605
1.125,0.6498832944314772,0.6417494520195435,0.6318772924308103,0.6512170723574525,0.6754009761678985,0.6414797423251908,0.6753475326416503
1.1300000000000001,0.6528842947649216,0.6458215467885363,0.6355451817272424,0.6555518506168723,0.6770358220841723,0.6455638483550736,0.6769667435777471
1.135,0.6578859619873291,0.6498152036664868,0.6395298432810937,0.6598866288762921,0.6786713355569653,0.6496253992285819,0.6785778786656087
1.1400000000000001,0.6615538512837612,0.6538649352920777,0.6432144048016005,0.6632210736912304,0.6803028436906398,0.6536641049301488,0.6801809781836962
1.145,0.6635545181727243,0.6578635988439249,0.6475491830610204,0.667889296432144,0.681915326463508,0.6576796831252074,0.6817760822095809
1.1500000000000001,0.6698899633211071,0.6618415681436692,0.6515505168389463,0.6715738579526508,0.6835134567712084,0.6616718591616046,0.6833632306209468
1.155,0.675891963987996,0.6657157324046288,0.6555518506168723,0.6752417472490829,0.6850972346137416,0.6656403660680341,0.6849424630965867
1.16,0.6805601867289096,0.6696613252131761,0.6595531843947983,0.6792264088029343,0.6866776746736746,0.6695849445495332,0.6865138191173947
1.165,0.683894631543848,0.6735154627785505,0.6635378459486496,0.6832277425808603,0.6882477676075532,0.6735053429800839,0.6880773379673533
1.17,0.6862287429143048,0.6773983052742635,0.6668889629876625,0.6872290763587863,0.6898078471936424,0.6774013173923583,0.689633058734515
1.175,0.6905635211737245,0.6812667953048085,0.6708736245415139,0.6908969656552184,0.6913579134319376,0.6812726314646542,0.6911810203119801
1.18,0.6938979659886629,0.6850898914920258,0.6748916305435145,0.6945648549516505,0.6928829463007532,0.6851190565050599,0.6927212613988687
1.185,0.6972324108036012,0.6888979676575537,0.6788929643214405,0.6982494164721573,0.69441699118258,0.6889403714329003,0.6942538205012883
1.19,0.7002334111370457,0.6927217314012929,0.6825608536178727,0.7022340780260087,0.6959189933514706,0.6927363627574993,0.6957787359332959
1.195,0.7042347449149716,0.6964764030452588,0.6862120706902302,0.7059019673224408,0.6974557084593759,0.6965068245543156,0.6972960458178572
1.2,0.7079026342114038,0.7002163884457979,0.6895631877292431,0.7095865288429476,0.6989627173021635,0.7002515584384887,0.6988057880877978
1.205,0.7109036345448483,0.7038799386248545,0.6935478492830944,0.7132377459153051,0.7004854137231592,0.7039703735358518,0.7003080004867537
1.21,0.713571190396799,0.7075438225821695,0.6972324108036012,0.717572524174725,0.7019857470007524,0.7076630864514494,0.7018027205701126
1.215,0.7162387462487496,0.7111683207048328,0.7009003001000333,0.720590196732244,0.7034820749392268,0.7113295212356194,0.7032899857059547
1.22,0.7205735245081694,0.7148008295057304,0.704218072690897,0.7252417472490831,0.7049817406603002,0.7149695093476796,0.7047698330759857
1.225,0.72324108036012,0.7184186520631993,0.7078859619873291,0.7279093031010336,0.7064373476510859,0.7185828896172739,0.7062422996764672
1.23,0.727242414138046,0.7220014279033942,0.7112370790263421,0.7322440813604535,0.7079440227156131,0.7221695082034251,0.7077074223191406
1.235,0.731243747915972,0.7255291303307312,0.7149049683227743,0.7355785261753918,0.7093976270368394,0.7257292185513495,0.7091652376321484
1.24,0.7335778592864288,0.7290301304972864,0.7185561853951318,0.7392464154718239,0.7108168521973118,0.7292618813470773,0.7106157820609493
1.245,0.7369123041013671,0.7325194484247493,0.7215738579526508,0.7425975325108369,0.7122968250010584,0.7327673644699385,0.7120590918692298
1.25,0.7399133044348116,0.7359847343175133,0.7252417472490831,0.7459153051017006,0.7137611102265984,0.7362455429429594,0.7134952031398099
1.2550000000000001,0.7422474158052684,0.7394493526537542,0.7285761920640214,0.7495831943981327,0.7151726584870958,0.7396962988812252,0.7149241517755465
1.26,0.7445815271757252,0.7428452126684888,0.7322274091363788,0.7525841947315772,0.7165905485345292,0.7431195214382614,0.7163459735002295
1.2650000000000001,0.7482494164721574,0.7462043570746466,0.7359119706568856,0.7559186395465155,0.7180194532645343,0.7465151067504843,0.7177607038594767
1.27,0.752917639213071,0.7496129006632514,0.7395798599533178,0.7592530843614538,0.7194496931075792,0.7498829578797755,0.7191683782216203
1.2750000000000001,0.7579193064354784,0.7529213107739285,0.7432310770256753,0.7625875291763922,0.7208739249419479,0.7532229847542339,0.7205690317785927
1.28,0.760920306768923,0.756220375093332,0.7462487495831944,0.7659386462154051,0.7222741247416135,0.7565351041071537,0.7219626995468058
1.285,0.7652550850283428,0.759492737151957,0.7495831943981327,0.7695898632877626,0.723644952054422,0.7598192394142913,0.7233494163680265
1.29,0.7699233077692564,0.7626886639890973,0.7525841947315772,0.7726075358452817,0.7250318007236984,0.7630753208294616,0.7247292169102477
1.295,0.7755918639546515,0.7659223077695888,0.7559186395465155,0.7762754251417139,0.7263765933322451,0.766303285118529,0.7261021356685544
1.3,0.7799266422140714,0.7691078874806788,0.7592530843614538,0.7792764254751583,0.7277207183842734,0.7695030755918394,0.7274682069659875
1.305,0.782594198066022,0.7722590880310113,0.7622374124708237,0.7822607535845282,0.7290661785493403,0.7726746420351488,0.7288274649544001
1.31,0.786595531843948,0.7753505422728498,0.7655885295098366,0.7855951983994665,0.7304009578100936,0.775817940639102,0.7301799436153131
1.315,0.7895965321773925,0.7784159618104268,0.7682560853617872,0.788596198732911,0.7317804633576557,0.7789329339273139,0.7315256767607634
1.32,0.7932644214738246,0.7815050796044457,0.7715905301767255,0.7912637545848616,0.7331529595617636,0.7820195906831078,0.7328646980341497
1.325,0.7979326442147382,0.7845751720376603,0.7749083027675893,0.7945981993997999,0.7344396747531144,0.7850778858749621,0.7341970409110734
1.33,0.8002667555851951,0.7875634887972345,0.7775925308436146,0.7969323107702567,0.7357644406660738,0.7881078005807196,0.735522738700176
1.335,0.8019339779926642,0.7905494691089878,0.7812270756918973,0.7999333111037013,0.7370838661268803,0.7911093219106118,0.7368418245439713
1.34,0.8056018672890963,0.7935124187208212,0.7839279759919974,0.8036012004001334,0.7383665759791125,0.7940824429291493,0.738154331419674
1.345,0.806268756252084,0.796419627363277,0.7869123041013671,0.806268756252084,0.7396482844965659,0.7970271625759325,0.7394602921400244
1.35,0.8086028676225409,0.7992767692667653,0.7899299766588863,0.8092697565855285,0.7409443454791914,0.7999434855854348,0.7407597393541085
1.355,0.81027009003001,0.8021679565527501,0.7922640880293431,0.8119373124374791,0.7421983504010866,0.8028314224058049,0.7420527055481743
1.36,0.8132710903634545,0.8049843775085527,0.7955818606202067,0.8152717572524175,0.7434486837621224,0.8056909891167475,0.7433392230464442
1.365,0.8166055351783928,0.8077704246427145,0.7982660886962321,0.8179393131043681,0.7447524216447191,0.808522207346527,0.7446193240119223
1.37,0.8192730910303434,0.8105481273203841,0.8006002000666889,0.8206068689563187,0.7460314599360935,0.8113251041881476,0.7458930404471997
1.375,0.8216072024008003,0.8133031330763913,0.8032677559186395,0.8232744248082694,0.7472807919623523,0.8140997121147581,0.7471604041952535
1.3800000000000001,0.8239413137712571,0.815988379176108,0.806268756252084,0.8256085361787262,0.7485120999625836,0.8168460688943343,0.7484214469402435
1.385,0.8252750916972325,0.8186702874932272,0.8089363121040347,0.8282927642547515,0.7497707777801165,0.8195642175036846,0.7496762002083039
1.3900000000000001,0.8269423141047015,0.8213658807189992,0.8119373124374791,0.8309436478826275,0.7510334609367626,0.822254206041831,0.7509246953683318
1.395,0.8299433144381461,0.8239386435451771,0.8139379793264422,0.8336112037345782,0.7522460773544462,0.8249160876428107,0.7521669636327712
1.4000000000000001,0.8322774258086029,0.8265648108929204,0.8166055351783928,0.8362787595865289,0.7534897351502883,0.8275499203879494,0.7534030360583935
1.405,0.8356118706235411,0.8291182145800354,0.8195898632877626,0.8389463154384795,0.7547257160461555,0.8301557672176505,0.7546329435470737
1.41,0.837945981993998,0.8317180134452553,0.8222740913637879,0.8409469823274425,0.7559239799986713,0.83273369584275,0.7558567168465629
1.415,0.8416138712904302,0.8342964505018529,0.824924974991664,0.843947982660887,0.7571372639728758,0.8352837786554812,0.7570743865512576
1.42,0.8432810936978993,0.8368124710238751,0.8276092030676893,0.8466155385128377,0.7583425372688458,0.837806092640095,0.7582859831029636
1.425,0.8469489829943314,0.8392874368199482,0.8299433144381461,0.8489496498832945,0.7595541523517522,0.8403007192831831,0.7594915367916579
1.43,0.8499499833277759,0.8417453799247728,0.8322774258086029,0.8513004334778259,0.7607420691782154,0.8427677444837458,0.7606910777562454
1.435,0.8526175391797266,0.8442033230295982,0.8349283094364789,0.8539513171057019,0.7619613611610941,0.8452072584630503,0.761884635985313
1.44,0.8552850950316773,0.8465891700303162,0.8369456485495165,0.8562854284761587,0.763151948213634,0.847619355674321,0.7630722413178782
1.445,0.8569523174391463,0.8490013855135565,0.8396132044014671,0.8582860953651217,0.7643408663748771,0.850004134712306,0.7642539234441365
1.45,0.8592864288096032,0.8513611978100151,0.8422640880293432,0.860970323441147,0.7655274480883013,0.8523616982227611,0.7654297119062023
1.455,0.8622874291430477,0.8536545882327802,0.8442814271423807,0.8632877625875292,0.766690665323542,0.8546921528118927,0.7665996360988487
1.46,0.8639546515505169,0.8559967102814713,0.8466155385128377,0.8652884294764922,0.7678535487805246,0.8569956089557991,0.7677637252702412
1.465,0.8662887629209737,0.8582423704130936,0.8486162054018006,0.8679559853284429,0.7690241091374808,0.859272180909952,0.7689220085226698
1.47,0.867622540846949,0.8604746794143262,0.8506168722907635,0.8699733244414805,0.7701345894076789,0.8615219866187558,0.7700745148132762
1.475,0.8712904301433811,0.8626876292764913,0.8526175391797266,0.871623874624875,0.7712627599256469,0.8637451476252235,0.7712212729547776
1.48,0.8749583194398133,0.8648668675344238,0.8552684228076026,0.8739746582194065,0.7724032802392252,0.8659417889808082,0.7723623116161873
1.485,0.8772924308102701,0.8670370937793409,0.8576025341780594,0.8762920973657886,0.773545135665842,0.8681120391554245,0.7734976593235312
1.49,0.8809603201067022,0.8691635950722303,0.8596032010670224,0.8786262087362454,0.7746686332881733,0.8702560299476982,0.7746273444605613
1.495,0.883294431477159,0.8712567185391448,0.8619373124374792,0.880643547849283,0.7757971375843994,0.8723738963954811,0.7757513952694647
1.5,0.8842947649216405,0.8733218046322412,0.8639546515505169,0.8829609869956653,0.776899940954626,0.8744657766866598,0.7768698398515702
1.5050000000000001,0.8852950983661221,0.875371203147128,0.8662887629209737,0.8846282094031344,0.7779907283075002,0.8765318120703005,0.7779827061680507
1.51,0.8876292097365789,0.8773868900577791,0.8686062020673558,0.8866288762920974,0.7790895263386093,0.8785721467681554,0.7790900220406218
1.5150000000000001,0.8902967655885295,0.8793928973988996,0.8702900966988997,0.8886295431810604,0.7802173630783164,0.8805869278865701,0.7801918151522383
1.52,0.8916305435145049,0.8813681971401208,0.8722907635878626,0.8902967655885295,0.7813401931441284,0.8825763053288167,0.7812881130477852
1.5250000000000001,0.8942980993664554,0.8833358199813662,0.8746248749583194,0.8922974324774925,0.7823912608840918,0.8845404317078894,0.7823789431347672
1.53,0.8966322107369123,0.8852707325531607,0.8766088696232078,0.8939813271090363,0.783474705115252,0.8864794622597888,0.783464332683993
1.5350000000000001,0.8992997665888629,0.8871852846511076,0.8782927642547516,0.8959819939979993,0.7845795111550362,0.8883935547573263,0.7845443088302579
1.54,0.901300433477826,0.8890941625186373,0.8806102034011337,0.8979659886628877,0.7856395909080135,0.8902828694244757,0.785618898573022
1.545,0.9016338779593198,0.8909559776515429,0.8822774258086029,0.8996332110703568,0.7866879884219012,0.8921475688513005,0.7866881287770848
1.55,0.9033011003667889,0.8928288074670206,0.8842947649216405,0.9016338779593198,0.7877290428140719,0.8939878179094843,0.7877520261732569
1.555,0.9039679893297766,0.894616857604521,0.8862787595865289,0.9033011003667889,0.7888208315017238,0.8958037836684882,0.7888106173590288
1.56,0.9056352117372457,0.8964493002505691,0.8879626542180727,0.9049683227742581,0.7898755708025468,0.8975956353123637,0.7898639287992353
1.565,0.9073024341447149,0.8982069765664304,0.8896298766255418,0.9066355451817273,0.790939322116381,0.899363544057242,0.790911986826717
1.57,0.9103034344781594,0.8999235981563418,0.891297099033011,0.9086362120706902,0.7919863845172282,0.9011076830695275,0.7919548176429796
1.575,0.9123041013671224,0.9016161877115518,0.8932810936978993,0.9099866622207402,0.7930488007180252,0.9028282273848142,0.7929924473188473
1.58,0.9153051017005669,0.9032907532407359,0.8946315438479493,0.9116372124041348,0.794103206240586,0.9045253538275505,0.7940249017951165
1.585,0.9176392130710237,0.9049502987482329,0.8966322107369123,0.9133044348116038,0.7951379188458207,0.9061992409314716,0.7950522068832027
1.59,0.9193064354784928,0.9066241967208969,0.8982827609203068,0.9149883294431477,0.7961399211816016,0.9078500688608213,0.7960743882657866
1.595,0.9206402134044681,0.9083127809369901,0.9003001000333445,0.916972324108036,0.7971519368651754,0.9094780193323824,0.797091471497456
1.6,0.9219739913304434,0.9098601769492058,0.9019673224408136,0.9183061020340113,0.7981409218488255,0.9110832755383343,0.7981034820053446
1.605,0.9243081027009002,0.9115180535654016,0.9036345448482828,0.9196398799599866,0.7991729642279832,0.9126660220699576,0.7991104450897679
1.61,0.9246415471823941,0.9130784669297506,0.9049683227742581,0.9213071023674558,0.8001776367898413,0.9142264448422011,0.8001123859248556
1.615,0.9263087695898633,0.914620522489812,0.9066355451817273,0.9226408802934312,0.80116929199957,0.9157647310191285,0.8011093295591803
1.62,0.9269756585528509,0.9161415500195086,0.9083027675891964,0.9243081027009002,0.8021592783179984,0.9172810689402631,0.8021013009163853
1.625,0.928976325441814,0.9176595735448694,0.9099533177725909,0.9256418806268756,0.803143256627752,0.9187756480478407,0.8030883247958059
1.6300000000000001,0.9309769923307769,0.9191365423442773,0.9112870956985663,0.9269756585528509,0.804132909167921,0.9202486588149904,0.8040704258730906
1.635,0.93297765921974,0.9205717888612187,0.9126375458486162,0.9283094364788262,0.805098529673387,0.9217002926748533,0.8050476287008175
1.6400000000000001,0.9336445481827276,0.9220090380477183,0.9143047682560853,0.9293097699233077,0.8060654852918938,0.923130741950654,0.8060199577091081
1.645,0.9363121040346782,0.9233738573518511,0.9156385461820606,0.930643547849283,0.8070130817713348,0.9245401997867359,0.8069874372062382
1.6500000000000001,0.9369789929976658,0.92476871669936,0.916972324108036,0.9323107702567522,0.8079656849246716,0.9259288600805727,0.8079500913792459
1.655,0.938646215405135,0.9261291968861158,0.9183061020340113,0.9336445481827276,0.8089212920823465,0.9272969174157665,0.8089079442945354
1.6600000000000001,0.9396465488496165,0.9274796637250792,0.9199733244414805,0.934644881627209,0.8098495294227213,0.9286445669960426,0.8098610198984795
1.665,0.9416472157385796,0.9288321332335997,0.920973657885962,0.9359786595531844,0.8108124797021096,0.9299720045802496,0.810809342018018
1.67,0.9433144381460487,0.9301348697814179,0.9226408802934312,0.9373124374791597,0.811739715707706,0.9312794264183756,0.8117529343612532
1.675,0.9443147715905301,0.9314062311728204,0.9236412137379126,0.938646215405135,0.8126642814872239,0.932567029188586,0.812691820518043
1.68,0.9463154384794932,0.9326455498512862,0.924974991663888,0.9399799933311104,0.8135681530146348,0.9338350099352913,0.81362602396059
1.685,0.9476492164054685,0.9339129059035703,0.9262920973657887,0.9413137712570857,0.8145070712593204,0.9350835660082533,0.8145555680440291
1.69,0.9483161053684561,0.935119514312578,0.9279593197732579,0.9423141047015672,0.8154393139388122,0.9363128950027311,0.8154804760070107
1.695,0.9496498832944315,0.9363368036258994,0.928976325441814,0.9433144381460487,0.8163652148313687,0.9375231947006787,0.8164007709722821
1.7,0.9499833277759253,0.9375147071045689,0.9303101033677893,0.9443314438146048,0.8172644134631464,0.938714663012992,0.8173164759472653
1.705,0.9503167722574192,0.9386849336832657,0.9316438812937646,0.9456485495165055,0.8181502609645329,0.9398874979228163,0.8182276138246325
1.71,0.9513171057019006,0.9398471495837292,0.93297765921974,0.946648882960987,0.81907582807883,0.941041897429911,0.8191342073828779
1.715,0.9523174391463821,0.9409860010060073,0.9339779926642214,0.9479826608869624,0.8199706875932302,0.9421780594960799,0.8200362792868878
1.72,0.952650883627876,0.9421291915456623,0.9349783261087029,0.9489996665555185,0.8208782306814993,0.943296181991667,0.8209338520885068
1.725,0.9533177725908636,0.9432052926551071,0.9363121040346782,0.9503167722574192,0.8217734239741581,0.9443964626431184,0.8218269482271016
1.73,0.9539846615538513,0.944292408447126,0.9372957652550851,0.9509836612204068,0.8226986573101925,0.9454790989816151,0.8227155900301222
1.735,0.9543181060353451,0.9453498179740258,0.9386295431810604,0.9519839946648883,0.8236188839723324,0.9465442882927726,0.82359979971366
1.74,0.9549849949983328,0.9464115666183026,0.9396465488496165,0.9533177725908636,0.8245077354780567,0.947592227567412,0.8244795993830032
1.745,0.9559853284428143,0.9474432752192011,0.940646882294098,0.9543181060353451,0.8254226216880433,0.9486231134533987,0.8253550110331891
1.75,0.9569856618872957,0.9484532882332161,0.9416472157385796,0.9549849949983328,0.8262944505025199,0.9496371422085492,0.8262260565495548
1.7550000000000001,0.9579859953317773,0.9494479474472807,0.942647549183061,0.955668556185395,0.8271422472822951,0.9506345096546052,0.8270927577082836
1.76,0.9583194398132711,0.9504302568657349,0.9436312104034679,0.9569856618872957,0.8280334352358368,0.9516154111322704,0.8279551361769495
1.7650000000000001,0.9593197732577526,0.9513952098146831,0.9443147715905301,0.9579859953317773,0.8288745564504157,0.952580041457311,0.8288132135150591
1.77,0.9599866622207403,0.9523408036245647,0.9453151050350117,0.9589863287762588,0.8297337016910197,0.9535285948777139,0.8296670111745905
1.7750000000000001,0.9616538846282094,0.9532670382953811,0.9463154384794932,0.9596532177392464,0.8306115385141722,0.9544612650319013,0.83051655050053
1.78,0.9619873291097032,0.9541946080792367,0.9473157719239746,0.9606535511837279,0.8314456503852963,0.9553782449079958,0.8313618527314045
1.7850000000000001,0.9629876625541848,0.9551098280674805,0.94864954984995,0.9613371123707902,0.8322921120520325,0.9562797268041342,0.8322029389998141
1.79,0.9629876625541848,0.9559966769036466,0.9493164388129376,0.9623374458152717,0.8331215510275197,0.9571659022898227,0.8330398303329594
1.795,0.9633211070356785,0.9568444736834217,0.9503001000333445,0.9629876625541848,0.8339456495508514,0.9580369621683305,0.833872547653167
1.8,0.9646548849616539,0.9577079580414042,0.951300433477826,0.9636545515171724,0.8347750885263396,0.9588930964401139,0.8347011117784134
1.805,0.9649883294431477,0.9585467428081634,0.9519673224408136,0.9643381127042348,0.8356258893104513,0.9597344942672679,0.8355255434228451
1.81,0.9659886628876292,0.9594115622791844,0.9529843281093698,0.9653217739246416,0.8364516567250829,0.9605613439389953,0.836345863197296
1.815,0.9666555518506169,0.9602613617285173,0.9539846615538513,0.9660053351117038,0.8372614027832457,0.961373832838091,0.837162091609803
1.82,0.9673224408136045,0.9610931371518218,0.9549849949983328,0.9669889963321107,0.8380628043849125,0.9621721474084295,0.8379742490661193
1.825,0.9676558852950984,0.9619065547708427,0.9559853284428143,0.9679893297765922,0.8388622033170214,0.9629564731234524,0.8387823558702232
1.83,0.9676558852950984,0.9627119617116271,0.956652217405802,0.9686562187395799,0.8396629373621697,0.9637269944556455,0.8395864322248272
1.835,0.968322774258086,0.9634776490395025,0.9573191063687896,0.9693231077025676,0.8404439784899936,0.9644838948469986,0.8403864982318819
1.84,0.9693231077025676,0.9642316541282869,0.9583194398132711,0.9699899966655552,0.8412583974437928,0.9652273566804396,0.8411825738930794
1.845,0.970323441147049,0.9649823214344728,0.9589863287762588,0.9706568856285428,0.8420497856976684,0.9659575612522333,0.8419746791103522
1.85,0.9709903301100367,0.965683255779955,0.9599699899966656,0.9713237745915305,0.8428211472559582,0.966674688745337,0.8427628336863724
1.855,0.9719906635545181,0.9663785158950224,0.9606368789596532,0.972324108036012,0.8436192110750297,0.9673789182037031,0.8435470573250452
1.86,0.9729909969989997,0.9670864595839602,0.9613204401467156,0.9729909969989997,0.844397248198515,0.9680704275075186,0.8443273696320027
1.865,0.9729909969989997,0.9677927343815994,0.9619873291097032,0.9736578859619873,0.8451986498001841,0.9687493933493739,0.845103790115093
1.87,0.9729909969989997,0.9684819864879902,0.9626542180726909,0.974324774924975,0.8459589966759025,0.9694159912113475,0.8458763381848686
1.875,0.9729909969989997,0.9691709048161197,0.9636378792930977,0.9746748916305434,0.8467266866733363,0.9700703953429989,0.8466450331550716
1.8800000000000001,0.9733244414804935,0.9698160981922208,0.9639879959986662,0.9756585528509503,0.8474887024403533,0.97071277874026,0.8474098942431161
1.885,0.9746582194064688,0.9704439350988168,0.9649716572190731,0.9759919973324441,0.848223682168332,0.9713433131252095,0.8481709405705694
1.8900000000000001,0.9753251083694565,0.9710831204662458,0.9656552184061353,0.9766588862954318,0.8489883681614262,0.9719621689267264,0.8489281911636292
1.895,0.9756585528509503,0.9716882604511794,0.9659886628876292,0.9773257752584195,0.849716672324208,0.9725695152620052,0.8496816649535996
1.9000000000000001,0.9779926642214072,0.9722733737405282,0.9666555518506169,0.9776592197399133,0.8504877001042389,0.9731655199189251,0.8504313807773649
1.905,0.9789929976658887,0.9728841879558774,0.9673224408136045,0.9783261087029009,0.8512383674104246,0.9737503493392613,0.8511773573778596
1.9100000000000001,0.9789929976658887,0.97346496212785,0.9679893297765922,0.9786595531843948,0.851988033381831,0.9743241686027261,0.8519196134045376
1.915,0.9796598866288763,0.9740413971824463,0.9686562187395799,0.9793264421473825,0.8527086606446391,0.9748871414118279,0.852658167413838
1.92,0.9806602200733577,0.9746301820326521,0.9693231077025676,0.9799933311103701,0.8534640008464623,0.975439430077537,0.8533930378696498
1.925,0.9809936645548516,0.9751762432656093,0.9699899966655552,0.980326775591864,0.8542039872483349,0.975981195505747,0.8541242431437727
1.93,0.9809936645548516,0.9756949346812669,0.9706568856285428,0.9809936645548516,0.8549603287849366,0.9765125971845163,0.8548518015163763
1.935,0.9813271090363455,0.976221302996899,0.9713237745915305,0.9813271090363455,0.8556629320217181,0.9770337931720826,0.855575731176458
1.94,0.9816605535178393,0.9767256419473851,0.9716572190730244,0.9816605535178393,0.856374547271512,0.977544940085632,0.856296050222297
1.945,0.9819939979993331,0.9772213026631172,0.972324108036012,0.9819939979993331,0.8570798207343723,0.9780461930908174,0.8570127766619071
1.95,0.9819939979993331,0.9777516763178651,0.9726575525175059,0.9826608869623208,0.857808792453673,0.9785377058920063,0.8577259284134864
1.955,0.9826608869623208,0.978222637442376,0.9733244414804935,0.9829943314438147,0.8584997134513627,0.9790196307232517,0.858435523305866
1.96,0.9829943314438147,0.9787122901494335,0.9739913304434812,0.9833277759253084,0.8592079909185597,0.9794921183399687,0.8591415790789549
1.965,0.9836612204068023,0.9791745730391908,0.974324774924975,0.9839946648882961,0.8598845594510813,0.9799553180113086,0.8598441133841846
1.97,0.9839946648882961,0.9796391923767663,0.9749916638879627,0.98432810936979,0.860602182709552,0.9804093775132123,0.8605431437849491
1.975,0.98432810936979,0.980097136149149,0.9756585528509503,0.9846615538512837,0.8612760810159947,0.9808544431221368,0.8612386877570448
1.98,0.98432810936979,0.9805407274563616,0.9759919973324441,0.9849949983327776,0.861964665565867,0.9812906596094351,0.8619307626891072
1.985,0.9846615538512837,0.980978644533159,0.9766588862954318,0.9853284428142715,0.862644905659244,0.9817181702363835,0.8626193858830458
1.99,0.9853284428142715,0.9813878566796175,0.9769923307769256,0.9859953317772591,0.8633218079700241,0.9821371167498377,0.8633045745544762
1.995,0.9853284428142715,0.9818104199564661,0.9773257752584195,0.9859953317772591,0.8640427690110918,0.9825476393785078,0.8639863458331508
2.0,0.9856618872957652,0.9822356534593937,0.9779926642214072,0.9866622207402468,0.8647300184479243,0.982949876829839,0.8646647167633873
2.005,0.9856618872957652,0.982657549179724,0.9783261087029009,0.9869956652217405,0.8653892305109376,0.9833439662874862,0.8653397043044941
2.0100000000000002,0.9856618872957652,0.9830694315522612,0.9789929976658887,0.9873291097032344,0.866067467934757,0.9837300434093658,0.8660113253311951
2.015,0.9863287762587529,0.9834669614596292,0.9793264421473825,0.9876625541847283,0.8667633956063443,0.9841082423262771,0.8666795966340506
2.02,0.9863287762587529,0.9838421282235935,0.9796598866288763,0.9879959986662221,0.8674202712215384,0.9844786956410768,0.8673445349198783
2.025,0.9866622207402468,0.9842206327701545,0.9799933311103701,0.9883294431477159,0.8680678010454588,0.9848415344283958,0.8680061568121697
2.0300000000000002,0.9869956652217405,0.9845867875211048,0.9806602200733577,0.9886628876292097,0.8687296833345506,0.9851968882348836,0.868664478851507
2.035,0.9873291097032344,0.9849536098285735,0.9809936645548516,0.9886628876292097,0.8693868927280047,0.9855448850799705,0.8693195174959749
2.04,0.9873291097032344,0.9853000716621972,0.9813271090363455,0.9893297765921975,0.87004476967798,0.9858856514571334,0.8699712891215741
2.045,0.9873291097032344,0.9856592170696913,0.9816605535178393,0.9893297765921975,0.8706999764018771,0.9862193123356504,0.8706198100226289
2.05,0.9879959986662221,0.9860040100120143,0.9819939979993331,0.9896632210736912,0.871341164438864,0.9865459911628383,0.8712650964121957
2.055,0.9879959986662221,0.9863210993587795,0.9823274424808269,0.9899966655551851,0.8720137276322685,0.9868658098667518,0.8719071644224681
2.06,0.9883294431477159,0.9866245037968929,0.9826608869623208,0.9903301100366789,0.8726302160780326,0.98717888885934,0.8725460301051793
2.065,0.9886628876292097,0.9869502713784104,0.9829943314438147,0.9906635545181727,0.8732670649976421,0.9874853470400434,0.8731817094320049
2.07,0.9889963321107036,0.9872530082600066,0.9833277759253084,0.9909969989996665,0.8739175988259013,0.9877853017998203,0.8738142182949612
2.075,0.9893297765921975,0.9875637558198351,0.9836612204068023,0.9913304434811604,0.8745577855281081,0.9880788690255904,0.8744435725068028
2.08,0.9896632210736912,0.9878508051232219,0.9839946648882961,0.9913304434811604,0.8751912966651199,0.9883661631050852,0.8750697878014175
2.085,0.9899966655551851,0.9881492028874418,0.98432810936979,0.9916638879626543,0.8758051148848067,0.9886472969320906,0.8756928798342206
2.09,0.9899966655551851,0.9884335819647522,0.9846615538512837,0.991997332444148,0.8764015766349867,0.9889223819120728,0.8763128641825452
2.095,0.9899966655551851,0.9886999370160348,0.9849949983327776,0.991997332444148,0.877019066415531,0.9891915279681723,0.8769297563460323
2.1,0.9903301100366789,0.9889736351890329,0.9853284428142715,0.9923307769256419,0.8776185321700485,0.9894548435475585,0.8775435717470181
2.105,0.9903301100366789,0.9892373200142386,0.9856618872957652,0.9926642214071357,0.8782270099375797,0.9897124356281312,0.8781543257309197
2.11,0.9903301100366789,0.9894893226003528,0.9859953317772591,0.9929976658886296,0.878836822818149,0.9899644097255562,0.8787620335666183
2.115,0.9906635545181727,0.9897233011604409,0.9859953317772591,0.9929976658886296,0.8794476370334982,0.990210869900628,0.8793667104468418
2.12,0.9909969989996665,0.9899913251030232,0.9866455485161721,0.9929976658886296,0.8800708010444586,0.9904519187669439,0.8799683714885432
2.125,0.9913304434811604,0.9902523397021521,0.9866622207402468,0.9933311103701233,0.8806856205989247,0.9906876574988824,0.8805670317332803
2.13,0.9916638879626543,0.990491324936136,0.9873291097032344,0.9936645548516172,0.8812884241360402,0.990918185839872,0.8811627061475904
2.1350000000000002,0.991997332444148,0.9907186279310293,0.9873291097032344,0.9936645548516172,0.8818585174036989,0.9911436021109418,0.8817554096233646
2.14,0.9926642214071357,0.9909379202476888,0.9876625541847283,0.9939979993331111,0.8824463009191247,0.9913640032195423,0.8823451569782208
2.145,0.9929976658886296,0.9911608841252056,0.9879959986662221,0.9939979993331111,0.8830203995259004,0.9915794846686268,0.8829319629558736
2.15,0.9936645548516172,0.9913858506722809,0.9883294431477159,0.9943314438146049,0.8836035101456905,0.991790140565981,0.883515842226503
2.1550000000000002,0.9936645548516172,0.9916011376498229,0.9886628876292097,0.9943314438146049,0.8841966341132715,0.9919960636337949,0.8840968093871213
2.16,0.9939979993331111,0.9918014046056759,0.9886628876292097,0.9946648882960987,0.8847814136243606,0.9921973452184614,0.8846748789619375
2.165,0.9946648882960987,0.9920247022614525,0.9889963321107036,0.9946815605201733,0.885362855352851,0.9923940753005966,0.8852500654027212
2.17,0.9949983327775925,0.9922139545347337,0.9893297765921975,0.9949983327775925,0.8859429619683045,0.9925863425052701,0.8858223830891635
2.1750000000000003,0.9949983327775925,0.9924078797036516,0.9893297765921975,0.9949983327775925,0.8865270739228726,0.9927742341124338,0.8863918463292363
2.18,0.9953317772590864,0.992590122633478,0.9896632210736912,0.9953317772590864,0.8870671271471543,0.992957836067545,0.8869584693595501
2.185,0.9953317772590864,0.9927700291154864,0.9896632210736912,0.9953317772590864,0.8876412257539296,0.9931372329923678,0.8875222663457104
2.19,0.9956652217405801,0.9929425924757795,0.9899966655551851,0.9956652217405801,0.8881902909912252,0.9933125081959508,0.8880832513826711
2.195,0.9956652217405801,0.9931194949534498,0.9899966655551851,0.9956652217405801,0.8887276739894291,0.9934837436857653,0.8886414384950874
2.2,0.9956652217405801,0.9932910569789632,0.9903301100366789,0.9956818939646548,0.889301438817946,0.9936510201790003,0.8891968416376661
2.205,0.995998666222074,0.9934502692088659,0.990646882294098,0.995998666222074,0.8898485013856825,0.9938144171140035,0.8897494746955148
2.21,0.995998666222074,0.9936224987908989,0.9909969989996665,0.995998666222074,0.8903925599490805,0.9939740126618601,0.8902993514844886
2.215,0.995998666222074,0.993763353216515,0.9909969989996665,0.9963321107035679,0.8909276064994658,0.9941298837381006,0.8908464857515359
2.22,0.9963321107035679,0.9939175587725202,0.9913137712570858,0.9963321107035679,0.8914723326193829,0.9942821060145306,0.891390891175042
2.225,0.9966655551850617,0.9940670914328896,0.9913304434811604,0.9963321107035679,0.8920300760914305,0.9944307539311732,0.8919325813651707
2.23,0.9969989996665555,0.9942189605410763,0.9913304434811604,0.9966655551850617,0.892587819563478,0.9945759007083178,0.8924715698642051
2.235,0.9969989996665555,0.9943648216405884,0.9916638879626543,0.9966655551850617,0.8931228661138639,0.994717618358665,0.8930078701468855
2.24,0.9969989996665555,0.9945153556357363,0.9916638879626543,0.9966655551850617,0.8936806095859113,0.994855977699564,0.8935414956207473
2.245,0.9969989996665555,0.9946608829569873,0.991997332444148,0.9969989996665555,0.8942136534667388,0.9949910483653304,0.8940724596264547
2.25,0.9969989996665555,0.9947967307087058,0.991997332444148,0.9969989996665555,0.8947253355389413,0.9951228988196408,0.8946007754381357
2.255,0.9973324441480493,0.9949362500212817,0.9923307769256419,0.9969989996665555,0.8952400216154808,0.9952515963679961,0.8951264562637131
2.2600000000000002,0.9973324441480493,0.9950607493121694,0.9923307769256419,0.9973324441480493,0.8957486996833447,0.9953772071702457,0.8956495152452351
2.265,0.9973324441480493,0.9951785730378611,0.9923307769256419,0.9973324441480493,0.8962593804207679,0.9954997962531662,0.896169965459203
2.27,0.9973324441480493,0.9953024047722282,0.9926642214071357,0.9973324441480493,0.8967610491451773,0.99561942752309,0.8966878199168998
2.275,0.9973324441480493,0.9954255689500757,0.9929976658886296,0.9976658886295432,0.8972567098609118,0.995736163778573,0.8972030915647136
2.2800000000000002,0.9976658886295432,0.9955460629018459,0.9929976658886296,0.9976658886295432,0.8977707283809326,0.9958500667231005,0.8977157932844626
2.285,0.9979993331110371,0.9956615501797201,0.9933311103701233,0.9976658886295432,0.8982764024444598,0.9959611969778205,0.8982259378937163
2.29,0.9979993331110371,0.995772698340217,0.9933311103701233,0.9979993331110371,0.8987864156253627,0.9960696140943003,0.8987335381461166
2.295,0.9979993331110371,0.9958781722702971,0.9936645548516172,0.9979993331110371,0.8993111150496954,0.9961753765673022,0.8992386067316963
2.3000000000000003,0.9979993331110371,0.995979974639522,0.9936645548516172,0.9979993331110371,0.899822463343639,0.9962785418475695,0.8997411562771963
2.305,0.9979993331110371,0.9960774378913687,0.9936645548516172,0.9979993331110371,0.9003084444898394,0.9963791663546189,0.9002411993463814
2.31,0.9983327775925308,0.9961742335866962,0.9939813271090364,0.9979993331110371,0.9008067754316518,0.9964773054895343,0.9007387484403544
2.315,0.9983327775925308,0.9962736995081026,0.9939979993331111,0.9983327775925308,0.9013214615081913,0.9965730136477557,0.9012338159978684
2.32,0.9983327775925308,0.9963644871947553,0.9939979993331111,0.9983327775925308,0.901811114215249,0.9966663442318595,0.9017264143956385
2.325,0.9986662220740247,0.9964619504466022,0.9943314438146049,0.9983327775925308,0.9023044384831647,0.996757349664323,0.9022165559486499
2.33,0.9986662220740247,0.9965597474767091,0.9943314438146049,0.9983327775925308,0.9027850791772098,0.9968460814002702,0.9027042529104672
2.335,0.9986662220740247,0.99665220405466,0.9943314438146049,0.9983327775925308,0.903291420797255,0.996932589940195,0.9031895174735398
2.34,0.9986662220740247,0.9967449944108704,0.9946648882960987,0.9986662220740247,0.9037697250434825,0.9970169248426538,0.9036723617695069
2.345,0.9986662220740247,0.9968377847670815,0.9946648882960987,0.9986662220740247,0.9042209932506701,0.9970991347369268,0.9041527978695013
2.35,0.9986662220740247,0.9969185591059417,0.9949983327775925,0.9986662220740247,0.9046912868186623,0.9971792673356418,0.9046308377844504
2.355,0.9986662220740247,0.996994994327425,0.9949983327775925,0.9986662220740247,0.9051719275127079,0.9972573694473564,0.9051064934653769
2.36,0.9986662220740247,0.9970771037793243,0.9949983327775925,0.9986828942980993,0.9056675882284426,0.9973334869890969,0.9055797768036976
2.365,0.9986662220740247,0.997149533661691,0.9949983327775925,0.9989996665555185,0.9061248644443047,0.9974076649988448,0.9060506996315209
2.37,0.9986662220740247,0.997229974222291,0.9953317772590864,0.9989996665555185,0.9065904851166616,0.9974799476479747,0.9065192737219415
2.375,0.9986662220740247,0.9972977312090208,0.9953317772590864,0.9989996665555185,0.9070407519890692,0.9975503782536324,0.9069855107893365
2.38,0.9986662220740247,0.9973648206392313,0.9953317772590864,0.9989996665555185,0.9075140495614002,0.9976189992910559,0.9074494224896568
2.3850000000000002,0.9986662220740247,0.9974309087346627,0.9956485495165055,0.9989996665555185,0.9080053711597571,0.9976858524058317,0.9079110204207188
2.39,0.9986662220740247,0.9975050075083279,0.9956652217405801,0.9989996665555185,0.9084596433712822,0.997750978426086,0.9083703161224952
2.395,0.9986662220740247,0.9975734320515776,0.9956652217405801,0.9990163387795932,0.9089319396088321,0.9978144173746053,0.9088273210774022
2.4,0.9986662220740247,0.9976411890383078,0.9956652217405801,0.9993331110370124,0.9093878807116554,0.9978762084808865,0.9092820467105875
2.4050000000000002,0.9986662220740247,0.9977132851424143,0.995998666222074,0.9993331110370124,0.9098565053883491,0.9979363901931103,0.9097345043902157
2.41,0.9986662220740247,0.9977793732378456,0.995998666222074,0.9993331110370124,0.910300096695561,0.9979950001900375,0.9101847054277523
2.415,0.9986662220740247,0.9978404546593808,0.995998666222074,0.9993331110370124,0.9107286679810846,0.9980520753928251,0.9106326610782468
2.42,0.9986662220740247,0.9979018698591754,0.995998666222074,0.9993331110370124,0.9111882806447654,0.9981076519767592,0.9110783825406137
2.4250000000000003,0.9989996665555185,0.9979639526154898,0.995998666222074,0.9993331110370124,0.911632873286757,0.9981617653829022,0.9115218809579128
2.43,0.9989996665555185,0.9980206949196477,0.9963321107035679,0.9993331110370124,0.9120838077156843,0.9982144503296534,0.9119631674176274
2.435,0.9989996665555185,0.9980774372238058,0.9963321107035679,0.9993331110370124,0.9125037007664552,0.9982657408242188,0.9124022529519423
2.44,0.9989996665555185,0.9981244999584311,0.9963321107035679,0.9993331110370124,0.9129416178432516,0.9983156701739905,0.9128391485380187
2.445,0.9989996665555185,0.9981829111538881,0.9963321107035679,0.9996665555185061,0.9133885469330612,0.9983642709978306,0.9132738650982688
2.45,0.9989996665555185,0.9982276374406951,0.9966655551850617,0.9996665555185061,0.9138167844403253,0.9984115752372614,0.9137064135006295
2.455,0.9989996665555185,0.9982716961709825,0.9966655551850617,0.9996665555185061,0.9142513637345258,0.9984576141675565,0.9141368045588332
2.46,0.9989996665555185,0.9983254344708031,0.9966655551850617,0.9996665555185061,0.9146665838896595,0.9985024184087347,0.9145650490326788
2.465,0.9989996665555185,0.9983674905315324,0.9966655551850617,0.9996665555185061,0.9150894809447673,0.9985460179364513,0.9149911576283004
2.47,0.9989996665555185,0.998408879035742,0.9969989996665555,0.9996665555185061,0.915503365986862,0.9985884420927894,0.9154151409984354
2.475,0.9989996665555185,0.9984612822225234,0.9969989996665555,0.9996665555185061,0.9159312697158661,0.998629719596947,0.9158370097426897
2.48,0.9989996665555185,0.9985050071745513,0.9969989996665555,0.9996665555185061,0.9163488263188171,0.9986698785558183,0.9162567744078041
2.485,0.9989996665555185,0.9985443930092024,0.9969989996665555,0.9996665555185061,0.9167720571521847,0.9987089464744717,0.916674445487917
2.49,0.9989996665555185,0.9985891192960097,0.9969989996665555,0.9996665555185061,0.9171929515377341,0.9987469502665179,0.9170900334248273
2.495,0.9989996665555185,0.998630841578479,0.9969989996665555,0.9996665555185061,0.9176011623494135,0.9987839162643725,0.917503548608255
2.5,0.9989996665555185,0.9986738989739876,0.9973324441480493,0.9996665555185061,0.9180090393828322,0.9988198702294078,0.9179150013761012
2.505,0.9993331110370124,0.9987096132477811,0.9973324441480493,0.9996665555185061,0.9184145799684316,0.9988548373619962,0.9183244020147066
2.5100000000000002,0.9993331110370124,0.9987436586302763,0.9973324441480493,0.9996665555185061,0.9188241258931489,0.9988888423114423,0.9187317607591083
2.515,0.9993331110370124,0.9987853809127457,0.9973324441480493,1.0,0.9192350069309058,0.998921909185803,0.9191370877932963
2.52,0.9993331110370124,0.9988170898474223,0.9973324441480493,1.0,0.9196375435121679,0.9989540615615979,0.9195403932504675
2.525,0.9993331110370124,0.9988518027864371,0.9973324441480493,1.0,0.9200300667456381,0.9989853224934041,0.9199416872132795
2.5300000000000002,0.9993331110370124,0.9988815090515554,0.9973324441480493,1.0,0.9204456206790316,0.9990157145233405,0.920340979714102
2.535,0.9993331110370124,0.9989145530992711,0.9973324441480493,1.0,0.9208428168081384,0.999045259690438,0.9207382807352684
2.54,0.9993331110370124,0.9989546064904419,0.9976658886295432,1.0,0.9212406804937652,0.9990739795398951,0.9211336002093251
2.545,0.9993331110370124,0.9989813087512223,0.9976658886295432,1.0,0.9216422157402486,0.9991018951322205,0.9215269480192793
2.5500000000000003,0.9993331110370124,0.9990146865771978,0.9976658886295432,1.0,0.9220324025259007,0.9991290270522605,0.9219183339988468
2.555,0.9993331110370124,0.9990450603988356,0.9976658886295432,1.0,0.9224152461898374,0.9991553954181126,0.9223077679326976
2.56,0.9993331110370124,0.9990720964378759,0.9976658886295432,1.0,0.9228081032015679,0.9991810198899245,0.9226952595567003
2.565,0.9993331110370124,0.9991008013682149,0.9979993331110371,1.0,0.9232029628828556,0.9992059196785773,0.9230808185581655
2.57,0.9993331110370124,0.9991255009594368,0.9979993331110371,1.0,0.9235784634250789,0.999230113554256,0.9234644545760885
2.575,0.9993331110370124,0.9991512018854382,0.9979993331110371,1.0,0.923951627519484,0.9992536198549038,0.9238461772013897
2.58,0.9993331110370124,0.9991728974723223,0.9979993331110371,1.0,0.9243388103007989,0.9992764564945624,0.9242259959771545
2.585,0.9993331110370124,0.9992009348461418,0.9979993331110371,1.0,0.9247163135125803,0.9992986409715986,0.9246039203988723
2.59,0.9993331110370124,0.9992256344373638,0.9979993331110371,1.0,0.9251068340764923,0.9993201903768155,0.9249799599146731
2.595,0.9993331110370124,0.9992523366981444,0.9979993331110371,1.0,0.925486339957832,0.9993411214014513,0.9253541239255645
2.6,0.9993331110370124,0.9992726971719895,0.9979993331110371,1.0,0.9258691836217683,0.9993614503450633,0.9257264217856661
2.605,0.9993331110370124,0.9992937252023543,0.9979993331110371,1.0,0.926225992581444,0.9993811931232999,0.9260968628024441
2.61,0.9993331110370124,0.99931308434142,0.9983327775925308,1.0,0.9265998242323672,0.9994003652755584,0.9264654562369429
2.615,0.9996665555185061,0.9993361150413432,0.9983327775925308,1.0,0.9269830016745642,0.9994189819725319,0.9268322113040178
2.62,0.9996665555185061,0.9993544728456298,0.9983327775925308,1.0,0.9273408119690204,0.9994370580236428,0.9271971371725645
2.625,0.9996665555185061,0.9993721630933969,0.9983327775925308,1.0,0.9277062991634507,0.9994546078843661,0.9275602429657486
2.63,0.9996665555185061,0.999389853341164,0.9983327775925308,1.0,0.9280844699317523,0.9994716456634417,0.9279215377612339
2.6350000000000002,0.9996665555185061,0.9994052071411128,0.9983327775925308,1.0,0.9284462855653247,0.9994881851299751,0.9282810305914092
2.64,0.9996665555185061,0.9994262351714776,0.9983327775925308,1.0,0.9288311318988203,0.9995042397204301,0.9286387304436139
2.645,0.9996665555185061,0.9994439254192448,0.9986662220740247,1.0,0.9291832679628609,0.9995198225455121,0.928994646260363
2.65,0.9996665555185061,0.9994629507800509,0.9986662220740247,1.0,0.9295437484833949,0.999534946396942,0.9293487869395705
2.6550000000000002,0.9996665555185061,0.9994776370234801,0.9986662220740247,1.0,0.9298832009735646,0.9995496237541236,0.9297011613347715
2.66,1.0,0.9994933246016887,0.9986662220740247,1.0,0.930223654798513,0.999563866790704,0.9300517782553447
2.665,1.0,0.9995070095103388,0.9986662220740247,1.0,0.9305797962016714,0.9995776873810266,0.9304006464667309
2.67,1.0,0.9995206944189888,0.9986662220740247,1.0,0.9309325998222309,0.999591097106481,0.9307477746906541
2.6750000000000003,1.0,0.9995350468841583,0.9986662220740247,1.0,0.9312657105254658,0.9996041072617461,0.9310931716053374
2.68,1.0,0.9995480642362887,0.9986662220740247,1.0,0.9316258572677396,0.9996167288609308,0.9314368458457221
2.685,1.0,0.9995600802536401,0.9986662220740247,1.0,0.9319783271100389,0.9996289726436114,0.9317788060036819
2.69,1.0,0.9995744327188096,0.9986662220740247,1.0,0.9323257902784418,0.9996408490807672,0.9321190606282386
2.695,1.0,0.9995881176274596,0.9986662220740247,1.0,0.9326715845555462,0.9996523683806149,0.9324576182257754
2.7,1.0,0.9996008012013304,0.9986662220740247,1.0,0.933000022363143,0.9996635404943427,0.9327944872602503
2.705,1.0,0.9996118158839025,0.9986662220740247,1.0,0.9333348019576758,0.9996743751217457,0.9331296761534063
2.71,1.0,0.9996244994577731,0.9986662220740247,1.0,0.9336498886348834,0.9996848817167625,0.9334631932849832
2.715,1.0,0.9996348465838256,0.9986662220740247,1.0,0.9339693144294677,0.9996950694929142,0.9337950469929268
2.72,1.0,0.9996451937098781,0.9986662220740247,1.0,0.9343020913544411,0.999704947428648,0.9341252455735971
2.725,1.0,0.9996558746141903,0.9989996665555185,1.0,0.9346348682794161,0.9997145242725852,0.9344537972819756
2.73,1.0,0.9996648866272037,0.9989996665555185,1.0,0.934952291404441,0.9997238085486735,0.9347807103318725
2.735,1.0,0.9996772364228146,0.9989996665555185,1.0,0.9352780589859608,0.9997328085612485,0.9351059928961307
2.74,1.0,0.9996869159923476,0.9989996665555185,1.0,0.9355951483327268,0.9997415324000001,0.9354296531068316
2.745,1.0,0.9996959280053611,0.9989996665555185,1.0,0.9359075647838563,0.9997499879448503,0.9357516990554969
2.75,1.0,0.9997056075748939,0.9989996665555185,1.0,0.9362256554654007,0.9997581828707384,0.9360721387932924
2.755,1.0,0.999717957370505,0.9989996665555185,1.0,0.936540742142608,0.999766124652319,0.9363909803312283
2.7600000000000002,1.0,0.9997266356052587,0.9989996665555185,1.0,0.9368681786154257,0.9997738205685704,0.9367082316403593
2.765,1.0,0.9997363151747917,0.9989996665555185,1.0,0.937175922170918,0.9997812777073171,0.9370239006519849
2.77,1.0,0.9997446596312857,0.9989996665555185,1.0,0.9374883386220474,0.9997885029696651,0.9373379952578469
2.775,1.0,0.9997516689747405,0.9989996665555185,1.0,0.937815775094866,0.9997955030743542,0.9376505233103266
2.7800000000000002,1.0,0.9997590120964551,0.9989996665555185,1.0,0.9381014892852151,0.9998022845620239,0.9379614926226417
2.785,1.0,0.999767356552949,0.9989996665555185,1.0,0.938401555940734,0.9998088537993991,0.9382709109690412
2.79,1.0,0.9997767023442222,0.9989996665555185,1.0,0.9386982848136557,0.9998152169833927,0.9385787860849999
2.795,1.0,0.9997837116876772,0.9989996665555185,1.0,0.9389953474648368,0.9998213801451278,0.9388851256674117
2.8000000000000003,1.0,0.9997900534746126,0.9993331110370124,1.0,0.9393084314724857,0.9998273491538807,0.9391899373747821
2.805,1.0,0.9997983979311066,0.9993331110370124,1.0,0.9396011550062903,0.999833129720946,0.9394932288274196
2.81,1.0,0.9998064086093408,0.9993331110370124,1.0,0.9399018892183284,0.9998387274034227,0.9397950076076265
2.815,1.0,0.9998120828397566,0.9993331110370124,1.0,0.9401946127521329,0.999844147607927,0.9400952812598878
2.82,1.0,0.9998190921832114,0.9993331110370124,1.0,0.9404996860815471,0.999849395594226,0.9403940572910606
2.825,1.0,0.9998277704179651,0.9993331110370124,1.0,0.9408047594109622,0.999854476478802,0.9406913431705612
2.83,1.0,0.9998314419788225,0.9993331110370124,1.0,0.9411205136446898,0.9998593952383398,0.9409871463305521
2.835,1.0,0.9998367824309786,0.9993331110370124,1.0,0.9414182438523896,0.9998641567131445,0.9412814741661277
2.84,1.0,0.999840453991836,0.9993331110370124,1.0,0.9416982838123228,0.9998687656104881,0.9415743340354992
2.845,1.0,0.999847129557031,0.9993331110370124,1.0,0.9420033571417372,0.9998732265078856,0.9418657332601785
2.85,1.0,0.9998524700091872,0.9993331110370124,1.0,0.9422930766712034,0.9998775438563031,0.9421556791251615
2.855,1.0,0.9998571429048239,0.9993331110370124,1.0,0.9425767881919945,0.9998817219832989,0.9424441788791099
2.86,1.0,0.9998624833569799,0.9993331110370124,1.0,0.9428635037171236,0.9998857650960968,0.9427312397345327
2.865,1.0,0.9998684913656556,0.9993331110370124,1.0,0.9431602325900434,0.9998896772845945,0.943016868867966
2.87,1.0,0.9998744993743313,0.9993331110370124,1.0,0.9434479494499504,0.9998934625243083,0.9433010734201531
2.875,1.0,0.9998785047134482,0.9993331110370124,1.0,0.9437410067620137,0.9998971246792534,0.9435838604962227
2.88,1.0,0.9998825100525653,0.9993331110370124,1.0,0.9440193778306474,0.9999006675047621,0.9438652371658662
2.8850000000000002,1.0,0.9998845127221239,0.9993331110370124,1.0,0.9442957462297232,0.9999040946502417,0.9441452104635154
2.89,1.0,0.9998895193960202,0.9993331110370124,1.0,0.9445717808505397,0.9999074096618702,0.944423787388517
2.895,1.0,0.9998925234003581,0.9993331110370124,1.0,0.9448371345670429,0.9999106159852349,0.9447009749053086
2.9,1.0,0.9998948598481764,0.9993331110370124,1.0,0.9451361998877823,0.9999137169679112,0.9449767799435927
2.9050000000000002,1.0,0.9998988651872934,0.9993331110370124,1.0,0.9454032224955853,0.9999167158619847,0.9452512093985097
2.91,1.0,0.9999022029698911,0.9993331110370124,1.0,0.9456702451033874,0.9999196158265174,0.9455242701308102
2.915,1.0,0.9999058745307484,0.9993331110370124,1.0,0.9459489499502818,0.9999224199299577,0.9457959689670266
2.92,1.0,0.9999085447568264,0.9993331110370124,1.0,0.9462226481232794,0.9999251311524968,0.946066312699644
2.9250000000000003,1.0,0.9999115487611643,0.9996665555185061,1.0,0.9464853316137052,0.9999277523883722,0.9463353080872698
2.93,1.0,0.9999148865437618,0.9996665555185061,1.0,0.9467496839954307,0.9999302864481172,0.9466029618548029
2.935,1.0,0.9999172229915801,0.9996665555185061,1.0,0.9470210457206107,0.999932736060761,0.9468692806936012
2.94,1.0,0.9999192256611387,0.9996665555185061,1.0,0.9472924074457912,0.999935103875977,0.9471342712616496
2.945,1.0,0.9999225634437363,0.9996665555185061,1.0,0.9475524207101401,0.9999373924661813,0.9473979401837261
2.95,1.0,0.9999269025611132,0.9996665555185061,1.0,0.947816773091865,0.9999396043285839,0.9476602940515676
2.955,1.0,0.9999315754567497,0.9996665555185061,1.0,0.9480921401561619,0.999941741887191,0.9479213394240343
2.96,1.0,0.9999349132393474,0.9996665555185061,1.0,0.9483658383291608,0.9999438074947606,0.9481810828272742
2.965,1.0,0.9999372496871656,0.9996665555185061,1.0,0.9486228475891718,0.9999458034347132,0.9484395307548859
2.97,1.0,0.9999389185784644,0.9996665555185061,1.0,0.9488801906274417,0.9999477319229956,0.9486966896680809
2.975,1.0,0.9999402536915033,0.9996665555185061,1.0,0.949130190543997,0.9999495951099019,0.9489525659958457
2.98,1.0,0.9999432576958412,0.9996665555185061,1.0,0.949383194464891,0.9999513950818513,0.9492071661351015
2.985,1.0,0.9999439252523608,0.9996665555185061,1.0,0.9496485481813947,0.999953133863122,0.9494604964508653
2.99,1.0,0.9999459279219192,0.9996665555185061,1.0,0.9498908711979762,0.9999548134175448,0.9497125632764082
2.995,1.0,0.9999482643697376,0.9996665555185061,1.0,0.9501288550971804,0.9999564356501548,0.9499633729134137
3.0,1.0,0.999950267039296,0.9996665555185061,1.0,0.9503798563485145,0.9999580024088045,0.950212931632136
3.005,1.0,0.9999506008175559,0.9996665555185061,1.0,0.9506145024651218,0.9999595154857361,0.9504612456715561
3.0100000000000002,1.0,0.999951935930595,0.9996665555185061,1.0,0.9508721792816512,0.9999609766191161,0.9507083212395379
3.015,1.0,0.9999539386001534,0.9996665555185061,1.0,0.9511351965503365,0.9999623874945325,0.9509541645129833
3.02,1.0,0.9999562750479717,0.9996665555185061,1.0,0.9513755168973583,0.9999637497464544,0.951198781637987
3.025,1.0,0.9999582777175302,0.9996665555185061,1.0,0.9516014847792111,0.9999650649596564,0.95144217872999
3.0300000000000002,1.0,0.9999596128305693,0.9996665555185061,1.0,0.9518438077957929,0.999966334670607,0.9516843618739322
3.035,1.0,0.9999612817218682,0.9996665555185061,1.0,0.9520791214689178,0.9999675603688222,0.9519253371244049
3.04,1.0,0.9999626168349071,0.9996665555185061,1.0,0.9523097622464073,0.9999687434981852,0.9521651105058017
3.045,1.0,0.9999649532827254,0.9996665555185061,1.0,0.9525527528195081,0.9999698854582347,0.9524036880124697
3.0500000000000003,1.0,0.9999669559522839,0.9996665555185061,1.0,0.9528134336403751,0.9999709876054175,0.9526410756088591
3.055,1.0,0.9999679572870632,0.9996665555185061,1.0,0.9530474122004614,0.9999720512543118,0.9528772792296721
3.06,1.0,0.999969626178362,0.9996665555185061,1.0,0.9532730463040553,0.9999730776788186,0.9531123047800115
3.065,1.0,0.9999712950696609,0.9996665555185061,1.0,0.9535157030988957,0.9999740681133229,0.9533461581355284
3.0700000000000003,1.0,0.9999716288479206,0.9996665555185061,1.0,0.9537443412068264,0.9999750237538243,0.9535788451425687
3.075,1.0,0.9999719626261804,0.9996665555185061,1.0,0.953973980649536,0.9999759457590397,0.9538103716183199
3.08,1.0,0.9999732977392194,0.9996665555185061,1.0,0.9541959431922722,0.9999768352514764,0.9540407433509558
3.085,1.0,0.9999739652957389,0.9996665555185061,1.0,0.9544149017306707,0.9999776933184787,0.9542699660997818
3.09,1.0,0.9999746328522584,0.9996665555185061,1.0,0.9546575585255112,0.9999785210132454,0.9544980455953784
3.095,1.0,0.9999749666305181,0.9996665555185061,1.0,0.9548731792813127,0.9999793193558224,0.9547249875397451
3.1,1.0,0.9999759679652974,0.9996665555185061,1.0,0.9550911364849319,0.9999800893340687,0.9549507976064422
3.105,1.0,0.9999773030783364,0.9996665555185061,1.0,0.9553060896842138,0.9999808319045962,0.9551754814407332
3.11,1.0,0.9999773030783364,0.9996665555185061,1.0,0.9555307224530284,0.9999815479936861,0.9553990446597255
3.115,1.0,0.9999783044131157,0.9996665555185061,1.0,0.9557790534782861,0.9999822384981798,0.9556214928525113
3.12,1.0,0.999979305747895,0.9996665555185061,1.0,0.9560110293688154,0.9999829042863467,0.9558428315803071
3.125,1.0,0.9999796395261548,0.9996665555185061,1.0,0.9562373310289286,0.9999835461987286,0.9560630663765926
3.13,1.0,0.9999803070826743,0.9996665555185061,1.0,0.9564509491151713,0.9999841650489613,0.9562822027472491
3.1350000000000002,1.0,0.9999806408609341,0.9996665555185061,1.0,0.9566689063187908,0.9999847616245742,0.9565002461706973
3.14,1.0,0.9999809746391938,0.9996665555185061,1.0,0.9568805217354748,0.9999853366877692,0.9567172020980341
3.145,1.0,0.9999816421957133,0.9996665555185061,1.0,0.95709113581738,0.9999858909761772,0.9569330759531691
3.15,1.0,0.9999819759739731,0.9996665555185061,1.0,0.9573094267992592,0.9999864252035937,0.9571478731329598
3.1550000000000002,1.0,0.9999843124217914,0.9996665555185061,1.0,0.9575147004290081,0.9999869400606968,0.957361599007347
3.16,1.0,0.9999853137565706,0.9996665555185061,1.0,0.9577279847369913,0.9999874362157424,0.9575742589194887
3.165,1.0,0.9999856475348304,0.9996665555185061,1.0,0.9579442730493107,0.9999879143152428,0.9577858581858936
3.17,1.0,0.9999859813130901,0.9996665555185061,1.0,0.9581679044833452,0.999988374984625,0.9579964020965545
3.1750000000000003,1.0,0.9999859813130901,0.9996665555185061,1.0,0.9583932048086787,0.9999888188288718,0.9582058959150801
3.18,1.0,0.9999863150913499,0.9996665555185061,1.0,0.958598144660167,0.999989246433144,0.9584143448788268
3.185,1.0,0.9999863150913499,0.9996665555185061,1.0,0.9588014156203575,0.999989658363387,0.9586217541990296
3.19,1.0,0.9999863150913499,0.9996665555185061,1.0,0.9590026839109884,0.9999900551669184,0.9588281290609323
3.1950000000000003,1.0,0.9999866488696096,0.9996665555185061,1.0,0.9591929375190476,0.9999904373730005,0.9590334746239171
3.2,1.0,0.9999873164261291,0.9996665555185061,1.0,0.9593965422574973,0.9999908054933966,0.9592377960216338
3.205,1.0,0.999987650204389,0.9996665555185061,1.0,0.9595921363177128,0.9999911600229109,0.959441098362128
3.21,1.0,0.9999883177609085,0.9996665555185061,1.0,0.9597977437257212,0.9999915014399137,0.9596433867279689
3.215,1.0,0.9999883177609085,0.9996665555185061,1.0,0.9600020160206907,0.9999918302068518,0.959844666176376
3.22,1.0,0.9999893190956878,0.9996665555185061,1.0,0.9602072896504386,0.9999921467707434,0.9600449417393461
3.225,1.0,0.9999893190956878,0.9996665555185061,1.0,0.9604032174889139,0.9999924515636602,0.9602442184237787
3.23,1.0,0.9999896528739475,0.9996665555185061,1.0,0.9605941386534916,0.9999927450031947,0.9604425012116012
3.235,1.0,0.9999899866522073,0.9996665555185061,1.0,0.9607863949311087,0.999993027492914,0.9606397950598938
3.24,1.0,0.9999909879869865,0.9996665555185061,1.0,0.9609729769783107,0.9999932994228019,0.9608361049010129
3.245,1.0,0.9999913217652463,0.9996665555185061,1.0,0.9611692385950461,0.9999935611696859,0.9610314356427148
3.25,1.0,0.9999913217652463,0.9996665555185061,1.0,0.9613518153031306,0.9999938130976539,0.961225792168278
3.255,1.0,0.9999923231000256,1.0,1.0,0.9615467418068266,0.9999940555584574,0.961419179336626
3.2600000000000002,1.0,0.9999923231000256,1.0,1.0,0.9617460074279,0.9999942888919041,0.961611601982448
3.265,1.0,0.9999929906565451,1.0,1.0,0.9619365948142188,0.9999945134262374,0.9618030649163201
3.27,1.0,0.9999929906565451,1.0,1.0,0.9621278497570567,0.9999947294785063,0.9619935729248257
3.275,1.0,0.9999933244348048,1.0,1.0,0.9623060873477645,0.9999949373549236,0.962183130770675
3.2800000000000002,1.0,0.9999933244348048,1.0,1.0,0.9624899991688887,0.9999951373512138,0.9623717431928238
3.285,1.0,0.9999933244348048,1.0,1.0,0.9626805865552083,0.99999532975295,0.9625594149065927
3.29,1.0,0.9999933244348048,1.0,1.0,0.9628915344153727,0.9999955148358819,0.9627461506037842
3.295,1.0,0.9999933244348048,1.0,1.0,0.9630694382278213,0.999995692866253,0.9629319549528005
3.3000000000000003,1.0,0.9999933244348048,1.0,1.0,0.963264030953258,0.999995864101109,0.96311683259876
3.305,1.0,0.9999936582130646,1.0,1.0,0.9634559534526166,0.9999960287885963,0.9633007881636134
3.31,1.0,0.9999943257695841,1.0,1.0,0.9636365274911431,0.9999961871682522,0.9634838262462596
3.315,1.0,0.9999949933261036,1.0,1.0,0.963833790442658,0.999996339471286,0.96366595142266
3.3200000000000003,1.0,0.9999949933261036,1.0,1.0,0.9640040173551323,0.9999964859208511,0.9638471682459536
3.325,1.0,0.9999953271043633,1.0,1.0,0.9641905994023348,0.9999966267323097,0.9640274812465703
3.33,1.0,0.9999953271043633,1.0,1.0,0.9643795178973558,0.9999967621134892,0.9642068949323447
3.335,1.0,0.9999953271043633,1.0,1.0,0.9645577554880648,0.9999968922649302,0.9643854137886282
3.34,1.0,0.999995994660883,1.0,1.0,0.964739664639631,0.9999970173801274,0.9645630422784014
3.345,1.0,0.9999963284391427,1.0,1.0,0.9649142306694832,0.999997137645763,0.9647397848423859
3.35,1.0,0.9999966622174025,1.0,1.0,0.9650767806819841,0.9999972532419332,0.964915645899155
3.355,1.0,0.9999966622174025,1.0,1.0,0.9652640302857066,0.9999973643423672,0.9650906298452442
3.36,1.0,0.9999966622174025,1.0,1.0,0.9654602919024419,0.9999974711146393,0.9652647410552614
3.365,1.0,0.9999966622174025,1.0,1.0,0.9656448712800859,0.9999975737203753,0.9654379838819959
3.37,1.0,0.9999966622174025,1.0,1.0,0.9658204386447163,0.9999976723154513,0.9656103626565273
3.375,1.0,0.9999969959956622,1.0,1.0,0.9660016802397627,0.9999977670501877,0.965781881688334
3.38,1.0,0.9999969959956622,1.0,1.0,0.9661699044826786,0.999997858069535,0.9659525452654006
3.3850000000000002,1.0,0.9999969959956622,1.0,1.0,0.9663347909429963,0.9999979455132565,0.9661223576543256
3.39,1.0,0.9999969959956622,1.0,1.0,0.9665086894163284,0.999998029516103,0.9662913231004276
3.395,1.0,0.9999969959956622,1.0,1.0,0.9666789163288031,0.9999981102079825,0.9664594458278514
3.4,1.0,0.9999969959956622,1.0,1.0,0.9668421338978221,0.9999981877141255,0.9666267300396739
3.4050000000000002,1.0,0.999997329773922,1.0,1.0,0.9670080216929199,0.9999982621552443,0.9667931799180093
3.41,1.0,0.9999976635521817,1.0,1.0,0.9671919335140443,0.9999983336476866,0.966958799624113
3.415,1.0,0.9999976635521817,1.0,1.0,0.9673551510830639,0.9999984023035855,0.9671235932984865
3.42,1.0,0.9999976635521817,1.0,1.0,0.9675086890825505,0.9999984682310038,0.9672875650609802
3.4250000000000003,1.0,0.9999979973304415,1.0,1.0,0.967671906651569,0.9999985315340739,0.9674507190108966
3.43,1.0,0.9999979973304415,1.0,1.0,0.9678377944466665,0.9999985923131334,0.967613059227093
3.435,1.0,0.9999979973304415,1.0,1.0,0.9679993431243866,0.999998650664856,0.9677745897680832
3.44,1.0,0.9999979973304415,1.0,1.0,0.9681528811238733,0.9999987066823784,0.9679353146721392
3.4450000000000003,1.0,0.9999979973304415,1.0,1.0,0.9683090893494376,0.999998760455423,0.968095237957392
3.45,1.0,0.9999979973304415,1.0,1.0,0.9684609584576254,0.9999988120704164,0.9682543636219321
3.455,1.0,0.9999979973304415,1.0,1.0,0.9686128275658124,0.9999988616106044,0.9684126956439092
3.46,1.0,0.9999979973304415,1.0,1.0,0.968756685995766,0.9999989091561631,0.9685702379816323
3.465,1.0,0.9999979973304415,1.0,1.0,0.9689272466864984,0.9999989547843062,0.968726994573668
3.47,1.0,0.9999979973304415,1.0,1.0,0.9690744428990496,0.9999989985693891,0.9688829693389391
3.475,1.0,0.9999983311087012,1.0,1.0,0.9692206377768218,0.9999990405830091,0.9690381661768231
3.48,1.0,0.9999983311087012,1.0,1.0,0.9693855242371403,0.9999990808941032,0.9691925889672489
3.485,1.0,0.9999983311087012,1.0,1.0,0.9695380609018477,0.9999991195690404,0.9693462415707943
3.49,1.0,0.9999983311087012,1.0,1.0,0.9696835882231004,0.9999991566717147,0.9694991278287826
3.495,1.0,0.9999983311087012,1.0,1.0,0.9698334546617297,0.9999991922636315,0.9696512515633778
3.5,1.0,0.9999983311087012,1.0,1.0,0.969985657548177,0.999999226403993,0.9698026165776815
3.505,1.0,0.9999983311087012,1.0,1.0,0.9701298497563897,0.9999992591497794,0.9699532266558268
3.5100000000000002,1.0,0.9999983311087012,1.0,1.0,0.9702790486384998,0.9999992905558295,0.9701030855630737
3.515,1.0,0.9999983311087012,1.0,1.0,0.9704255772945313,0.9999993206749164,0.9702521970459025
3.52,1.0,0.9999983311087012,1.0,1.0,0.9705747761766406,0.9999993495578217,0.970400564832108
3.525,1.0,0.999998664886961,1.0,1.0,0.9707266452848285,0.9999993772534068,0.9705481926308928
3.5300000000000002,1.0,0.999998664886961,1.0,1.0,0.9708805170625748,0.9999994038086827,0.9706950841329592
3.535,1.0,0.999998664886961,1.0,1.0,0.9710260443838272,0.999999429268876,0.9708412430106028
3.54,1.0,0.9999989986652207,1.0,1.0,0.971173574374638,0.9999994536774938,0.9709866729178029
3.545,1.0,0.9999989986652207,1.0,1.0,0.9713181003611108,0.999999477076386,0.9711313774903149
3.5500000000000003,1.0,0.9999989986652207,1.0,1.0,0.9714566183389082,0.9999994995058051,0.9712753603457606
3.555,1.0,0.9999993324434805,1.0,1.0,0.9716124927862129,0.9999995210044648,0.9714186250837188
3.56,1.0,0.9999993324434805,1.0,1.0,0.9717490080944522,0.9999995416095954,0.9715611752858155
3.565,1.0,0.9999993324434805,1.0,1.0,0.9718851896244315,0.9999995613569986,0.9717030145158132
3.5700000000000003,1.0,0.9999996662217402,1.0,1.0,0.9720277129413464,0.9999995802810998,0.9718441463197
3.575,1.0,1.0,1.0,1.0,0.9721678998104429,0.999999598414998,0.9719845742257782
3.58,1.0,1.0,1.0,1.0,0.9722997422230457,0.9999996157905149,0.972124301744753
3.585,1.0,1.0,1.0,1.0,0.9724355899747656,0.9999996324382422,0.9722633323698195
3.59,1.0,1.0,1.0,1.0,0.9725680999438887,0.9999996483875864,0.9724016695767507
3.595,1.0,1.0,1.0,1.0,0.9727026125825691,0.9999996636668129,0.9725393168239839
3.6,1.0,1.0,1.0,1.0,0.9728374589995098,0.9999996783030889,0.9726762775527075
3.605,1.0,1.0,1.0,1.0,0.9729699689686322,0.9999996923225226,0.9728125551869466
3.61,1.0,1.0,1.0,1.0,0.9730968047073388,0.9999997057502042,0.9729481531336496
3.615,1.0,1.0,1.0,1.0,0.97324466847641,0.9999997186102433,0.9730830747827719
3.62,1.0,1.0,1.0,1.0,0.9733681664325189,0.9999997309258049,0.9732173235073618
3.625,1.0,1.0,1.0,1.0,0.9734970048407846,0.9999997427191458,0.9733509026636445
3.63,1.0,1.0,1.0,1.0,0.973631851257726,0.9999997540116479,0.9734838155911059
3.6350000000000002,1.0,1.0,1.0,1.0,0.9737670314529272,0.9999997648238513,0.9736160656125759
3.64,1.0,1.0,1.0,1.0,0.973896537417712,0.9999997751754862,0.973747656034312
3.645,1.0,1.0,1.0,1.0,0.9740327189476917,0.9999997850855029,0.9738785901460818
3.65,1.0,1.0,1.0,1.0,0.9741682329211522,0.9999997945721022,0.9740088712212447
3.6550000000000002,1.0,1.0,1.0,1.0,0.9743034131163529,0.9999998036527625,0.9741385025168344
3.66,1.0,1.0,1.0,1.0,0.9744199017290069,0.9999998123442687,0.9742674872736401
3.665,1.0,1.0,1.0,1.0,0.9745437334633759,0.9999998206627372,0.9743958287162874
3.67,1.0,1.0,1.0,1.0,0.9746709029803423,0.9999998286236422,0.9745235300533189
3.6750000000000003,1.0,1.0,1.0,1.0,0.9747977387190488,0.9999998362418402,0.9746505944772751
3.68,1.0,1.0,1.0,1.0,0.9749305824664308,0.999999843531593,0.9747770251647728
3.685,1.0,1.0,1.0,1.0,0.9750494075269035,0.999999850506591,0.9749028252765859
3.69,1.0,1.0,1.0,1.0,0.9751799148264674,0.9999998571799753,0.9750279979577239
3.6950000000000003,1.0,1.0,1.0,1.0,0.9753120910173301,0.9999998635643584,0.9751525463375101
3.7,1.0,1.0,1.0,1.0,0.9754512765516475,0.9999998696718446,0.9752764735296606
3.705,1.0,1.0,1.0,1.0,0.9755724380599383,0.99999987551405,0.9753997826323617
3.71,1.0,1.0,1.0,1.0,0.975700608911684,0.9999998811021211,0.9755224767283474
3.715,1.0,1.0,1.0,1.0,0.9758311162112482,0.9999998864467528,0.9756445588849763
3.72,1.0,1.0,1.0,1.0,0.9759469372673826,0.9999998915582062,0.9757660321543089
3.725,1.0,1.0,1.0,1.0,0.9760687663321924,0.999999896446326,0.9758868995731831
3.73,1.0,1.0,1.0,1.0,0.9761809158274695,0.9999999011205558,0.9760071641632908
3.735,1.0,1.0,1.0,1.0,0.9763037462270588,0.9999999055899539,0.976126828931253
3.74,1.0,1.0,1.0,1.0,0.9764275779614273,0.9999999098632091,0.976245896868695
3.745,1.0,1.0,1.0,1.0,0.9765440665740814,0.9999999139486545,0.9763643709523215
3.75,1.0,1.0,1.0,1.0,0.9766585525171767,0.999999917854282,0.9764822541439909
3.755,1.0,1.0,1.0,1.0,0.9767710357907134,0.9999999215877549,0.976599549390789
3.7600000000000002,1.0,1.0,1.0,1.0,0.9768935324120426,0.9999999251564218,0.976716259625103
3.765,1.0,1.0,1.0,1.0,0.9770076845768783,0.9999999285673283,0.9768323877646949
3.77,1.0,1.0,1.0,1.0,0.9771205016286746,0.9999999318272297,0.9769479367127745
3.775,1.0,1.0,1.0,1.0,0.9772339862369912,0.9999999349426019,0.977062909358071
3.7800000000000002,1.0,1.0,1.0,1.0,0.9773471370670468,0.9999999379196522,0.977177308574907
3.785,1.0,1.0,1.0,1.0,0.9774539461101673,0.9999999407643317,0.9772911372232687
3.79,1.0,1.0,1.0,1.0,0.9775584187054693,0.9999999434823431,0.9774043981488781
3.795,1.0,1.0,1.0,1.0,0.9776638926355503,0.9999999460791524,0.9775170941832645
3.8000000000000003,1.0,1.0,1.0,1.0,0.9777820501395029,0.9999999485599977,0.9776292281438345
3.805,1.0,1.0,1.0,1.0,0.9778982049738965,0.9999999509298986,0.9777408028339428
3.81,1.0,1.0,1.0,1.0,0.9780136922517704,0.9999999531936644,0.9778518210429626
3.815,1.0,1.0,1.0,1.0,0.9781235052992291,0.9999999553559034,0.9779622855463551
3.8200000000000003,1.0,1.0,1.0,1.0,0.9782396601336226,0.9999999574210301,0.9780721991057384
3.825,1.0,1.0,1.0,1.0,0.9783511420723802,0.9999999593932739,0.9781815644689572
3.83,1.0,1.0,1.0,1.0,0.9784566160024619,0.9999999612766862,0.9782903843701515
3.835,1.0,1.0,1.0,1.0,0.978573772171635,0.9999999630751472,0.9783986615298241
3.84,1.0,1.0,1.0,1.0,0.9786795798799764,0.9999999647923735,0.9785063986549101
3.845,1.0,1.0,1.0,1.0,0.9787863889230977,0.9999999664319246,0.9786135984388429
3.85,1.0,1.0,1.0,1.0,0.9788962019705564,0.9999999679972087,0.9787202635616228
3.855,1.0,1.0,1.0,1.0,0.9790043461267165,0.99999996949149,0.9788263966898835
3.86,1.0,1.0,1.0,1.0,0.9791128240611365,0.9999999709178936,0.9789320004769586
3.865,1.0,1.0,1.0,1.0,0.9792309815650887,0.9999999722794114,0.9790370775629483
3.87,1.0,1.0,1.0,1.0,0.9793301137082345,0.999999973578908,0.9791416305747853
3.875,1.0,1.0,1.0,1.0,0.9794329174122381,0.9999999748191256,0.9792456621263003
3.88,1.0,1.0,1.0,1.0,0.9795250402119304,0.9999999760026891,0.9793491748182874
3.8850000000000002,1.0,1.0,1.0,1.0,0.9796271763594149,0.9999999771321106,0.9794521712385695
3.89,1.0,1.0,1.0,1.0,0.9797319827329775,0.9999999782097949,0.9795546539620623
3.895,1.0,1.0,1.0,1.0,0.9798324499891625,0.999999979238043,0.9796566255508393
3.9,1.0,1.0,1.0,1.0,0.9799192323366985,0.9999999802190571,0.9797580885541957
3.9050000000000002,1.0,1.0,1.0,1.0,0.9800133578059486,0.9999999811549442,0.9798590455087115
3.91,1.0,1.0,1.0,1.0,0.9801151601751731,0.9999999820477202,0.979959498938316
3.915,1.0,1.0,1.0,1.0,0.980209285644424,0.9999999828993142,0.9800594513543502
3.92,1.0,1.0,1.0,1.0,0.9803067488962722,0.9999999837115716,0.9801589052556298
3.9250000000000003,1.0,1.0,1.0,1.0,0.9804015419220425,0.9999999844862575,0.9802578631285073
3.93,1.0,1.0,1.0,1.0,0.9804936647217347,0.9999999852250601,0.9803563274469347
3.935,1.0,1.0,1.0,1.0,0.9805901266388036,0.9999999859295947,0.9804543006725253
3.94,1.0,1.0,1.0,1.0,0.980678244099379,0.9999999866014055,0.9805517852546146
3.9450000000000003,1.0,1.0,1.0,1.0,0.9807613548860573,0.99999998724197,0.9806487836303224
3.95,1.0,1.0,1.0,1.0,0.980855814133568,0.9999999878527003,0.9807452982246131
3.955,1.0,1.0,1.0,1.0,0.9809502733810784,0.9999999884349471,0.9808413314503566
3.96,1.0,1.0,1.0,1.0,0.9810494055242255,0.9999999889900016,0.9809368857083883
3.9650000000000003,1.0,1.0,1.0,1.0,0.981139859432619,0.9999999895190986,0.98103196338757
3.97,1.0,1.0,1.0,1.0,0.9812316484540518,0.9999999900234182,0.9811265668648486
3.975,1.0,1.0,1.0,1.0,0.9813221023624452,0.9999999905040886,0.9812206985053156
3.98,1.0,1.0,1.0,1.0,0.9814178967229945,0.9999999909621881,0.9813143606622672
3.985,1.0,1.0,1.0,1.0,0.981508350631388,0.9999999913987474,0.9814075556772622
3.99,1.0,1.0,1.0,1.0,0.9815917951963268,0.9999999918147515,0.9815002858801808
3.995,1.0,1.0,1.0,1.0,0.9816779099873433,0.9999999922111421,0.9815925535892828
4.0,1.0,1.0,1.0,1.0,0.981780379913088,0.9999999925888182,0.9816843611112658
4.005,1.0,1.0,1.0,1.0,0.9818768418301571,0.9999999929486396,0.9817757107413227
4.01,1.0,1.0,1.0,1.0,0.9819626228429142,0.9999999932914275,0.981866604763199
4.015,1.0,1.0,1.0,1.0,0.9820470687426324,0.9999999936179662,0.9819570454492498
4.0200000000000005,1.0,1.0,1.0,1.0,0.9821355199814671,0.9999999939290056,0.9820470350604972
4.025,1.0,1.0,1.0,1.0,0.9822139578725098,0.9999999942252612,0.982136575846686
4.03,1.0,1.0,1.0,1.0,0.9823004064417864,0.9999999945074172,0.9822256700463405
4.035,1.0,1.0,1.0,1.0,0.9823885239023618,0.9999999947761263,0.9823143198868206
4.04,1.0,1.0,1.0,1.0,0.9824736373585989,0.9999999950320126,0.9824025275843766
4.045,1.0,1.0,1.0,1.0,0.982568764162629,0.9999999952756716,0.9824902953442057
4.05,1.0,1.0,1.0,1.0,0.9826568816232046,0.9999999955076723,0.9825776253605065
4.055,1.0,1.0,1.0,1.0,0.9827439977490007,0.9999999957285574,0.9826645198165338
4.0600000000000005,1.0,1.0,1.0,1.0,0.9828347854356538,0.9999999959388457,0.9827509808846537
4.065,1.0,1.0,1.0,1.0,0.9829138908832158,0.9999999961390321,0.9828370107263974
4.07,1.0,1.0,1.0,1.0,0.9829993381177129,0.9999999963295892,0.9829226114925153
4.075,1.0,1.0,1.0,1.0,0.983086454243509,0.9999999965109683,0.9830077853230309
4.08,1.0,1.0,1.0,1.0,0.9831782432649417,0.9999999966835996,0.9830925343472947
4.085,1.0,1.0,1.0,1.0,0.9832610202733608,0.9999999968478943,0.9831768606840366
4.09,1.0,1.0,1.0,1.0,0.9833454661730786,0.9999999970042445,0.9832607664414194
4.095,1.0,1.0,1.0,1.0,0.983433583633654,0.9999999971530243,0.9833442537170913
4.1,1.0,1.0,1.0,1.0,0.9835153593072938,0.9999999972945911,0.9834273245982388
4.105,1.0,1.0,1.0,1.0,0.9836031429896093,0.9999999974292854,0.983509981161638
4.11,1.0,1.0,1.0,1.0,0.9836865875545477,0.9999999975574322,0.9835922254737074
4.115,1.0,1.0,1.0,1.0,0.983769030784707,0.9999999976793419,0.983674059590559
4.12,1.0,1.0,1.0,1.0,0.9838511402366067,0.9999999977953101,0.9837554855580501
4.125,1.0,1.0,1.0,1.0,0.9839289105711295,0.9999999979056193,0.9838365054118341
4.13,1.0,1.0,1.0,1.0,0.9840023417882757,0.9999999980105386,0.9839171211774116
4.135,1.0,1.0,1.0,1.0,0.9840811134575776,0.9999999981103246,0.9839973348701808
4.14,1.0,1.0,1.0,1.0,0.9841565473442819,0.999999998205222,0.9840771484954883
4.1450000000000005,1.0,1.0,1.0,1.0,0.9842303123396878,0.9999999982954646,0.9841565640486789
4.15,1.0,1.0,1.0,1.0,0.984306413782912,0.9999999983812748,0.9842355835151455
4.155,1.0,1.0,1.0,1.0,0.9843988703608635,0.999999998462865,0.9843142088703789
4.16,1.0,1.0,1.0,1.0,0.9844729691345289,0.9999999985404374,0.9843924420800172
4.165,1.0,1.0,1.0,1.0,0.9845443976821161,0.9999999986141852,0.9844702850998945
4.17,1.0,1.0,1.0,1.0,0.9846295111383532,0.9999999986842919,0.9845477398760905
4.175,1.0,1.0,1.0,1.0,0.9847152921511096,0.9999999987509333,0.9846248083449786
4.18,1.0,1.0,1.0,1.0,0.9847940638204117,0.9999999988142763,0.9847014924332744
4.1850000000000005,1.0,1.0,1.0,1.0,0.9848781759418697,0.9999999988744799,0.9847777940580844
4.19,1.0,1.0,1.0,1.0,0.9849516071590153,0.9999999989316961,0.984853715126953
4.195,1.0,1.0,1.0,1.0,0.9850333828326547,0.9999999989860696,0.9849292575379109
4.2,1.0,1.0,1.0,1.0,0.9851121545019565,0.9999999990377382,0.9850044231795223
4.205,1.0,1.0,1.0,1.0,0.9851889235016993,0.999999999086833,0.9850792139309321
4.21,1.0,1.0,1.0,1.0,0.9852583493797282,0.9999999991334793,0.9851536316619132
4.215,1.0,1.0,1.0,1.0,0.9853331157099132,0.9999999991777961,0.9852276782329125
4.22,1.0,1.0,1.0,1.0,0.9854138900487731,0.999999999219897,0.9853013554950982
4.225,1.0,1.0,1.0,1.0,0.9854859861528802,0.9999999992598902,0.9853746652904057
4.23,1.0,1.0,1.0,1.0,0.9855567471439478,0.9999999992978787,0.9854476094515838
4.235,1.0,1.0,1.0,1.0,0.9856258392437168,0.9999999993339604,0.9855201898022403
4.24,1.0,1.0,1.0,1.0,0.9856942637869658,0.9999999993682291,0.9855924081568876
4.245,1.0,1.0,1.0,1.0,0.985772367899748,0.9999999994007733,0.9856642663209885
4.25,1.0,1.0,1.0,1.0,0.985848135564712,0.999999999431678,0.9857357660910008
4.255,1.0,1.0,1.0,1.0,0.9859132223253639,0.9999999994610238,0.9858069092544223
4.26,1.0,1.0,1.0,1.0,0.9859936628859647,0.9999999994888875,0.985877697589836
4.265,1.0,1.0,1.0,1.0,0.986061086094435,0.9999999995153421,0.9859481328669539
4.2700000000000005,1.0,1.0,1.0,1.0,0.9861308457507235,0.9999999995404574,0.9860182168466617
4.275,1.0,1.0,1.0,1.0,0.9862002716287519,0.9999999995642993,0.9860879512810624
4.28,1.0,1.0,1.0,1.0,0.986280712189352,0.9999999995869311,0.9861573379135204
4.285,1.0,1.0,1.0,1.0,0.9863514731804196,0.9999999996084127,0.9862263784787055
4.29,1.0,1.0,1.0,1.0,0.9864242368410456,0.9999999996288013,0.9862950747026351
4.295,1.0,1.0,1.0,1.0,0.9864889898234366,0.9999999996481511,0.9863634283027184
4.3,1.0,1.0,1.0,1.0,0.986563422375361,0.9999999996665139,0.9864314409877991
4.305,1.0,1.0,1.0,1.0,0.9866255051316747,0.9999999996839388,0.9864991144581977
4.3100000000000005,1.0,1.0,1.0,1.0,0.9866899243358066,0.9999999997004727,0.9865664504057547
4.315,1.0,1.0,1.0,1.0,0.9867606853268738,0.9999999997161602,0.9866334505138721
4.32,1.0,1.0,1.0,1.0,0.9868277747570839,0.9999999997310433,0.9867001164575563
4.325,1.0,1.0,1.0,1.0,0.9869012059742291,0.9999999997451626,0.9867664499034591
4.33,1.0,1.0,1.0,1.0,0.986961619839244,0.9999999997585565,0.9868324525099202
4.335,1.0,1.0,1.0,1.0,0.9870313794955322,0.9999999997712611,0.9868981259270083
4.34,1.0,1.0,1.0,1.0,0.9870968000344433,0.9999999997833112,0.9869634717965623
4.345,1.0,1.0,1.0,1.0,0.9871638894646533,0.99999999979474,0.9870284917522321
4.3500000000000005,1.0,1.0,1.0,1.0,0.9872209655470706,0.9999999998055784,0.9870931874195201
4.355,1.0,1.0,1.0,1.0,0.9872797105207873,0.9999999998158566,0.9871575604158215
4.36,1.0,1.0,1.0,1.0,0.9873444635031792,0.9999999998256027,0.9872216123504642
4.365,1.0,1.0,1.0,1.0,0.9874125542681688,0.9999999998348437,0.9872853448247503
4.37,1.0,1.0,1.0,1.0,0.9874763059157812,0.9999999998436051,0.9873487594319947
4.375,1.0,1.0,1.0,1.0,0.9875320468851598,0.9999999998519113,0.987411857757566
4.38,1.0,1.0,1.0,1.0,0.987586786519759,0.9999999998597856,0.9874746413789256
4.385,1.0,1.0,1.0,1.0,0.9876485354978128,0.9999999998672496,0.9875371118656673
4.39,1.0,1.0,1.0,1.0,0.9877019400193732,0.9999999998743245,0.9875992707795566
4.3950000000000005,1.0,1.0,1.0,1.0,0.9877620201061288,0.9999999998810302,0.9876611196745695
4.4,1.0,1.0,1.0,1.0,0.9878204313015856,0.9999999998873853,0.9877226600969315
4.405,1.0,1.0,1.0,1.0,0.9878885220665753,0.9999999998934078,0.9877838935851566
4.41,1.0,1.0,1.0,1.0,0.9879435954794344,0.9999999998991147,0.987844821670085
4.415,1.0,1.0,1.0,1.0,0.9880110186879045,0.9999999999045224,0.9879054458749221
4.42,1.0,1.0,1.0,1.0,0.988069763661621,0.9999999999096459,0.9879657677152762
4.425,1.0,1.0,1.0,1.0,0.9881305113048963,0.9999999999145002,0.9880257886991963
4.43,1.0,1.0,1.0,1.0,0.98819192650469,0.9999999999190988,0.9880855103272104
4.4350000000000005,1.0,1.0,1.0,1.0,0.9882546768175232,0.9999999999234551,0.9881449340923619
4.44,1.0,1.0,1.0,1.0,0.9883114191216804,0.9999999999275815,0.9882040614802484
4.445,1.0,1.0,1.0,1.0,0.9883745032127731,0.9999999999314899,0.9882628939690575
4.45,1.0,1.0,1.0,1.0,0.9884329144082303,0.9999999999351916,0.9883214330296045
4.455,1.0,1.0,1.0,1.0,0.9884993362819212,0.9999999999386971,0.988379680125369
4.46,1.0,1.0,1.0,1.0,0.9885514056904426,0.9999999999420169,0.9884376367125315
4.465,1.0,1.0,1.0,1.0,0.988601138651146,0.9999999999451605,0.9884953042400095
4.47,1.0,1.0,1.0,1.0,0.9886612187379014,0.9999999999481369,0.9885526841494943
4.4750000000000005,1.0,1.0,1.0,1.0,0.9887169597072804,0.999999999950955,0.9886097778754867
4.48,1.0,1.0,1.0,1.0,0.9887780411288155,0.999999999953623,0.9886665868453326
4.485,1.0,1.0,1.0,1.0,0.9888307780938568,0.9999999999561487,0.9887231124792595
4.49,1.0,1.0,1.0,1.0,0.9888875203980151,0.9999999999585395,0.9887793561904109
4.495,1.0,1.0,1.0,1.0,0.9889445964804326,0.9999999999608025,0.9888353193848828
4.5,1.0,1.0,1.0,1.0,0.9889956645541749,0.9999999999629444,0.9888910034617577
4.505,1.0,1.0,1.0,1.0,0.9890550770844109,0.9999999999649716,0.9889464098131406
4.51,1.0,1.0,1.0,1.0,0.9891094829407506,0.9999999999668899,0.9890015398241931
4.515,1.0,1.0,1.0,1.0,0.9891615523492722,0.9999999999687053,0.9890563948731684
4.5200000000000005,1.0,1.0,1.0,1.0,0.9892162919838718,0.999999999970423,0.9891109763314455
4.525,1.0,1.0,1.0,1.0,0.9892666925010948,0.9999999999720481,0.9891652855635639
4.53,1.0,1.0,1.0,1.0,0.9893197632443955,0.9999999999735858,0.9892193239272569
4.535,1.0,1.0,1.0,1.0,0.9893808446659308,0.9999999999750405,0.9892730927734866
4.54,1.0,1.0,1.0,1.0,0.9894282411788162,0.9999999999764165,0.9893265934464771
4.545,1.0,1.0,1.0,1.0,0.9894829808134158,0.9999999999777183,0.9893798272837477
4.55,1.0,1.0,1.0,1.0,0.9895390555610544,0.9999999999789495,0.9894327956161474
4.555,1.0,1.0,1.0,1.0,0.9895881209652385,0.9999999999801138,0.989485499767887
4.5600000000000005,1.0,1.0,1.0,1.0,0.9896428605998382,0.9999999999812151,0.9895379410565732
4.565,1.0,1.0,1.0,1.0,0.9896902571127235,0.9999999999822565,0.9895901207932409
4.57,1.0,1.0,1.0,1.0,0.9897396562951674,0.9999999999832413,0.9896420402823863
4.575,1.0,1.0,1.0,1.0,0.9897920594819489,0.9999999999841724,0.9896937008219993
4.58,1.0,1.0,1.0,1.0,0.9898434613339513,0.9999999999850528,0.989745103703596
4.585,1.0,1.0,1.0,1.0,0.9898978671902915,0.9999999999858851,0.9897962502122511
4.59,1.0,1.0,1.0,1.0,0.9899566121640083,0.9999999999866719,0.9898471416266302
4.595,1.0,1.0,1.0,1.0,0.9900000033377766,0.9999999999874157,0.9898977792190211
4.6000000000000005,1.0,1.0,1.0,1.0,0.9900460647376229,0.9999999999881187,0.9899481642553665
4.605,1.0,1.0,1.0,1.0,0.9900961314765861,0.9999999999887833,0.9899982979952945
4.61,1.0,1.0,1.0,1.0,0.9901435279894715,0.9999999999894112,0.9900481816921516
4.615,1.0,1.0,1.0,1.0,0.9901942622849543,0.9999999999900048,0.9900978165930326
4.62,1.0,1.0,1.0,1.0,0.9902459979152164,0.9999999999905655,0.9901472039388127
4.625,1.0,1.0,1.0,1.0,0.9902947295411407,0.9999999999910956,0.9901963449641782
4.63,1.0,1.0,1.0,1.0,0.9903404571627269,0.9999999999915963,0.9902452408976571
4.635,1.0,1.0,1.0,1.0,0.9903898563451705,0.9999999999920695,0.9902938929616504
4.64,1.0,1.0,1.0,1.0,0.990448267540628,0.9999999999925163,0.9903423023724622
4.6450000000000005,1.0,1.0,1.0,1.0,0.9904996693926301,0.9999999999929384,0.9903904703403303
4.65,1.0,1.0,1.0,1.0,0.990549736131593,0.9999999999933373,0.9904383980694565
4.655,1.0,1.0,1.0,1.0,0.9905897895227638,0.999999999993714,0.9904860867580364
4.66,1.0,1.0,1.0,1.0,0.9906378535921685,0.9999999999940697,0.9905335375982897
4.665,1.0,1.0,1.0,1.0,0.990683247435495,0.9999999999944058,0.9905807517764899
4.67,1.0,1.0,1.0,1.0,0.9907216319353669,0.9999999999947231,0.9906277304729939
4.675,1.0,1.0,1.0,1.0,0.9907640217743559,0.9999999999950228,0.9906744748622717
4.68,1.0,1.0,1.0,1.0,0.9908097493959425,0.9999999999953058,0.9907209861129352
4.6850000000000005,1.0,1.0,1.0,1.0,0.9908544756827498,0.9999999999955729,0.9907672653877684
4.69,1.0,1.0,1.0,1.0,0.9908982006347776,0.999999999995825,0.9908133138437554
4.695,1.0,1.0,1.0,1.0,0.9909509375998191,0.9999999999960631,0.9908591326321099
4.7,1.0,1.0,1.0,1.0,0.9909969989996654,0.9999999999962879,0.9909047228983042
4.705,1.0,1.0,1.0,1.0,0.9910473995168884,0.9999999999965,0.9909500857820972
4.71,1.0,1.0,1.0,1.0,0.9910954635862933,0.9999999999967003,0.9909952224175634
4.715,1.0,1.0,1.0,1.0,0.9911418587643993,0.9999999999968893,0.9910401339331211
4.72,1.0,1.0,1.0,1.0,0.991183581046869,0.9999999999970676,0.9910848214515604
4.7250000000000005,1.0,1.0,1.0,1.0,0.9912303100032348,0.9999999999972359,0.9911292860900718
4.73,1.0,1.0,1.0,1.0,0.9912747025117822,0.9999999999973946,0.9911735289602733
4.735,1.0,1.0,1.0,1.0,0.9913160910159918,0.9999999999975445,0.9912175511682391
4.74,1.0,1.0,1.0,1.0,0.991356811963682,0.999999999997686,0.9912613538145267
4.745,1.0,1.0,1.0,1.0,0.9913971991331124,0.9999999999978193,0.9913049379942045
4.75,1.0,1.0,1.0,1.0,0.9914369187460234,0.9999999999979451,0.9913483047968794
4.755,1.0,1.0,1.0,1.0,0.9914799761415319,0.9999999999980638,0.9913914553067235
4.76,1.0,1.0,1.0,1.0,0.991521030867482,0.9999999999981758,0.9914343906025019
4.765,1.0,1.0,1.0,1.0,0.9915604167021332,0.9999999999982813,0.9914771117575993
4.7700000000000005,1.0,1.0,1.0,1.0,0.9916014714280833,0.999999999998381,0.9915196198400468
4.775,1.0,1.0,1.0,1.0,0.9916401897062147,0.9999999999984748,0.9915619159125485
4.78,1.0,1.0,1.0,1.0,0.9916875862191,0.9999999999985634,0.9916040010325086
4.785,1.0,1.0,1.0,1.0,0.9917316449493877,0.9999999999986469,0.9916458762520571
4.79,1.0,1.0,1.0,1.0,0.9917760374579352,0.9999999999987256,0.9916875426180769
4.795,1.0,1.0,1.0,1.0,0.991818761075184,0.9999999999987997,0.9917290011722292
4.8,1.0,1.0,1.0,1.0,0.9918508037881205,0.9999999999988698,0.99177025295098
4.805,1.0,1.0,1.0,1.0,0.9918925260705901,0.9999999999989357,0.9918112989856259
4.8100000000000005,1.0,1.0,1.0,1.0,0.9919312443487217,0.999999999998998,0.99185214030232
4.815,1.0,1.0,1.0,1.0,0.991972966631191,0.9999999999990566,0.9918927779220973
4.82,1.0,1.0,1.0,1.0,0.9920073457919457,0.9999999999991118,0.9919332128609004
4.825,1.0,1.0,1.0,1.0,0.992045062735298,0.9999999999991639,0.9919734461296048
4.83,1.0,1.0,1.0,1.0,0.9920881201308065,0.9999999999992129,0.9920134787340446
4.835,1.0,1.0,1.0,1.0,0.9921331801958735,0.999999999999259,0.9920533116750365
4.84,1.0,1.0,1.0,1.0,0.9921735673653037,0.9999999999993027,0.9920929459484066
4.845,1.0,1.0,1.0,1.0,0.9922109505303964,0.9999999999993437,0.9921323825450135
4.8500000000000005,1.0,1.0,1.0,1.0,0.9922556768172036,0.9999999999993824,0.9921716224507743
4.855,1.0,1.0,1.0,1.0,0.9922980666561925,0.9999999999994189,0.9922106666466886
4.86,1.0,1.0,1.0,1.0,0.9923404564951813,0.9999999999994532,0.9922495161088634
4.865,1.0,1.0,1.0,1.0,0.9923771721037544,0.9999999999994855,0.9922881718085371
4.87,1.0,1.0,1.0,1.0,0.9924128863775481,0.9999999999995158,0.9923266347121045
4.875,1.0,1.0,1.0,1.0,0.9924479330948222,0.9999999999995445,0.99236490578114
4.88,1.0,1.0,1.0,1.0,0.9924836473686158,0.9999999999995716,0.9924029859724224
4.885,1.0,1.0,1.0,1.0,0.9925223656467472,0.999999999999597,0.9924408762379585
4.89,1.0,1.0,1.0,1.0,0.9925587474770606,0.999999999999621,0.9924785775250067
4.8950000000000005,1.0,1.0,1.0,1.0,0.9925877861856595,0.9999999999996435,0.9925160907761014
4.9,1.0,1.0,1.0,1.0,0.9926208302333753,0.9999999999996647,0.9925534169290756
4.905,1.0,1.0,1.0,1.0,0.9926532067245717,0.9999999999996847,0.9925905569170853
4.91,1.0,1.0,1.0,1.0,0.9926935938940021,0.9999999999997035,0.992627511668632
4.915,1.0,1.0,1.0,1.0,0.992727973054757,0.9999999999997211,0.9926642821075864
4.92,1.0,1.0,1.0,1.0,0.9927693615589668,0.9999999999997379,0.9927008691532114
4.925,1.0,1.0,1.0,1.0,0.9928040744979815,0.9999999999997535,0.992737273720185
4.93,1.0,1.0,1.0,1.0,0.9928424589978528,0.9999999999997683,0.9927734967186236
4.9350000000000005,1.0,1.0,1.0,1.0,0.9928768381586075,0.9999999999997822,0.9928095390541035
4.94,1.0,1.0,1.0,1.0,0.9929162239932585,0.9999999999997953,0.9928454016276854
4.945,1.0,1.0,1.0,1.0,0.9929519382670523,0.9999999999998076,0.9928810853359353
4.95,1.0,1.0,1.0,1.0,0.9929863174278072,0.9999999999998191,0.9929165910709479
4.955,1.0,1.0,1.0,1.0,0.9930160236929253,0.99999999999983,0.9929519197203682
4.96,1.0,1.0,1.0,1.0,0.9930544081927972,0.9999999999998402,0.9929870721674146
4.965,1.0,1.0,1.0,1.0,0.9930874522405128,0.9999999999998499,0.9930220492908998
4.97,1.0,1.0,1.0,1.0,0.9931214976230078,0.9999999999998589,0.9930568519652538
4.9750000000000005,1.0,1.0,1.0,1.0,0.9931545416707237,0.9999999999998676,0.9930914810605455
4.98,1.0,1.0,1.0,1.0,0.9931902559445173,0.9999999999998755,0.9931259374425038
4.985,1.0,1.0,1.0,1.0,0.9932246351052717,0.9999999999998831,0.9931602219725401
4.99,1.0,1.0,1.0,1.0,0.9932610169355851,0.9999999999998901,0.9931943355077695
4.995,1.0,1.0,1.0,1.0,0.9932933934267811,0.9999999999998969,0.993228278901032
5.0,1.0,1.0,1.0,1.0,0.9933307765918736,0.9999999999999031,0.9932620530009145
