s,cdf_zeros,cdf_gue_mean,cdf_gue_q025,cdf_gue_q975,cdf_poisson_ensemble_mean,cdf_wigner_surmise,cdf_poisson
0.0,0.0,0.0,0.0,0.0,0.0,0.0,0.0
0.005,0.0,3.3377825975358483e-07,0.0,0.0,0.005081440226488566,1.3509233142902644e-07,0.00498752080731768
0.01,0.0,2.670226078028679e-06,0.0,0.0,0.010047059396842643,1.0806767320094973e-06,0.009950166250831893
0.015,0.0,4.339117376796603e-06,0.0,0.0,0.014967952280389751,3.6469357054397245e-06,0.014888060396937353
0.02,0.0,1.0013347792607546e-05,0.0,0.00033344448149383126,0.019829766411960475,8.6434327722755e-06,0.019801326693244747
0.025,0.0,1.8024026026693572e-05,0.0,0.00033344448149383126,0.02469625343916774,1.6878803347823712e-05,0.024690087971667385
0.03,0.0,2.970626511806899e-05,0.0,0.00033344448149383126,0.029521685740425328,2.9160446062929946e-05,0.029554466451491845
0.035,0.0,4.839784766426983e-05,0.0,0.00033344448149383126,0.03439851989368497,4.629421467517575e-05,0.03439458374243354
0.04,0.0,6.909209976899214e-05,0.0,0.00033344448149383126,0.03921861174278656,6.908411071729348e-05,0.03921056084767682
0.045,0.0,9.913214314681492e-05,0.0,0.0006668889629876625,0.04396627370952144,9.833197702915214e-05,0.04400251816690004
0.05,0.0,0.0001371828647587238,0.0,0.0006668889629876625,0.048706926332801645,0.00013483719231952018,0.048770575499285984
0.055,0.0,0.00017757003418890772,0.0,0.0006668889629876625,0.0534812905603169,0.0001793963669027704,0.05351485204651618
0.06,0.0,0.00022630166011293134,0.0,0.0010003334444814939,0.05812481371000868,0.00023280303975516115,0.05823546641575128
0.065,0.00033344448149383126,0.00028838441642709716,0.0,0.0010003334444814939,0.06281907115518318,0.0002958473770347525,0.06293253662259657
0.07,0.00033344448149383126,0.0003581440727155943,0.0,0.001333777925975325,0.06754036463939771,0.000369315872207579,0.06760618009405173
0.075,0.00033344448149383126,0.00044492642025152477,0.0,0.001333777925975325,0.07229737239740577,0.0004539910479227499,0.07225651367144714
0.08,0.00033344448149383126,0.0005487314590348895,0.0,0.0016672224074691564,0.07685344564304203,0.0005506511597765662,0.07688365361336424
0.085,0.0006668889629876625,0.0006612147325718471,0.0,0.0016672224074691564,0.0814208673495103,0.0006600699021066386,0.08148771559854262
0.09,0.0010003334444814939,0.0007887180277977165,0.0,0.0020006668889629878,0.08596826236039315,0.0007830161159535914,0.08606881472877181
0.095,0.0010003334444814939,0.00092323066647841,0.0,0.0020173391130376642,0.09054536363639396,0.0009202534993286854,0.09062706553176858
0.1,0.0010003334444814939,0.0010901197963552013,0.0,0.002334111370456819,0.09504669724743087,0.001072540319922849,0.09516258196404048
0.105,0.0010003334444814939,0.0012660209392453409,0.0,0.00266755585195065,0.099638484766861,0.0012406291303918016,0.09967547741373439
0.11,0.0010003334444814939,0.0014439247516940005,0.00033344448149383126,0.0030010003334444814,0.10407973829114225,0.0014252664863506348,0.10416586470347178
0.115,0.0010003334444814939,0.001643190372766891,0.00033344448149383126,0.003334444814938313,0.10850029756331864,0.0016271926672090098,0.10863385609316867
0.12,0.0016672224074691564,0.0018731635937371137,0.00033344448149383126,0.003667889296432144,0.11297826669617246,0.0018471413999766872,0.11307956328284252
0.125,0.0016672224074691564,0.0021104799364219124,0.0006668889629876625,0.0040013337779259755,0.11736544814237351,0.0020858395861682033,0.11750309741540454
0.13,0.0020006668889629878,0.0023721620920687217,0.0006668889629876625,0.004334778259419807,0.12172659488431398,0.0023440070319317996,0.1219045690794387
0.135,0.0020006668889629878,0.0026582100606775474,0.0010003334444814939,0.004668222740913638,0.126160171508621,0.002622356181527702,0.12628408831196558
0.14,0.002334111370456819,0.0029866478682750736,0.001333777925975325,0.005001667222407469,0.13060242636768146,0.002921591854278316,0.13064176460119414
0.145,0.002334111370456819,0.00332576658018472,0.001333777925975325,0.0053351117039013,0.13499294559648004,0.0032424109851098004,0.1349777068892587
0.15,0.002334111370456819,0.0036735635268479523,0.0016672224074691564,0.006002000666888963,0.13931904562114641,0.003585502368804283,0.1392920235749422
0.155,0.002334111370456819,0.004041387169096402,0.0020006668889629878,0.006335445148382794,0.14355135395482174,0.003951546408077572,0.1435848225163865
0.16,0.00266755585195065,0.004417555267838686,0.0023174391463821283,0.006685561853951302,0.14784374237525283,0.004341214865597742,0.14785621103378865
0.165,0.00266755585195065,0.00484712788814155,0.0026508836278759593,0.007335778592864288,0.15214180502610003,0.004755170620054733,0.15210629591208413
0.17,0.003334444814938313,0.005298396095328404,0.0030010003334444814,0.007685895298432796,0.15636176356416454,0.005194067426390614,0.1563351834036163
0.17500000000000002,0.003667889296432144,0.005779036789373564,0.003334444814938313,0.008336112037345782,0.16056870475009857,0.0056585496802978585,0.16054297923079264
0.18,0.0040013337779259755,0.006258676148639462,0.003667889296432144,0.009336445481827277,0.16471256184493924,0.006149252187088672,0.164729788588728
0.185,0.004334778259419807,0.006798395594661011,0.0040013337779259755,0.010003334444814937,0.16892050436565292,0.006666799935038242,0.16889571614787435
0.19,0.0053351117039013,0.007362147075384823,0.004334778259419807,0.0106702234078026,0.1731004095125469,0.007211807873300585,0.1730408660566377
0.195,0.0056685561853951315,0.007954269708187679,0.005001667222407469,0.011337112370790263,0.17719920654232074,0.00778488069449304,0.1771653419439816
0.2,0.0056685561853951315,0.008572093266991557,0.0053351117039013,0.012004001333777926,0.1813660943370844,0.008386612622044182,0.18126924692201818
0.20500000000000002,0.0056685561853951315,0.009199262617068545,0.006002000666888963,0.01300433477825942,0.18549593274501575,0.009017587202395205,0.18535268358858548
0.21,0.0056685561853951315,0.00986715291483546,0.006335445148382794,0.013671223741247083,0.18957436930094498,0.00967837710214392,0.18941575402981292
0.215,0.006002000666888963,0.010545390338654752,0.007002334111370457,0.014338112704234745,0.1936311102699899,0.010369543910215162,0.19345855982267313
0.22,0.006002000666888963,0.011244989571098275,0.00766922307435812,0.01533844614871624,0.19767550144342408,0.011091637945143562,0.1974812020375215
0.225,0.006335445148382794,0.01200166488595964,0.008336112037345782,0.016005335111703902,0.2016808405604672,0.011845198067543028,0.20148378124062294
0.23,0.00766922307435812,0.012819755400615678,0.009003001000333445,0.016672224074691565,0.20566481786888632,0.012630751497845205,0.20546639749666595
0.23500000000000001,0.008002667555851951,0.01364685792828505,0.009669889963321108,0.017689229743247735,0.20967049076418887,0.013448813639375612,0.20942915037126442
0.24,0.008336112037345782,0.014496323599357909,0.010336778926308769,0.019006335445148383,0.2136334400422432,0.014299887906842057,0.21337213893344653
0.245,0.008669556518839614,0.015384173770302441,0.011003667889296432,0.020006668889629875,0.21750760430320273,0.015184465560299898,0.21729546175813186
0.25,0.009669889963321108,0.016306403102001606,0.012004001333777926,0.02100700233411137,0.2214108072727611,0.01610302554466042,0.22119921692859512
0.255,0.011337112370790263,0.017275695168326062,0.01300433477825942,0.022007335778592863,0.2252782959685261,0.017056034334801684,0.22508350203891903
0.26,0.011670556852284094,0.01825266413462479,0.013671223741247083,0.02300766922307436,0.22909071125143116,0.018043945786342885,0.22894841419643375
0.265,0.01300433477825942,0.019294052305055983,0.014671557185728577,0.024341447149049684,0.2329965844470682,0.019067200992133715,0.23279405002414433
0.27,0.01300433477825942,0.020348791605877273,0.01567189063021007,0.025358452817605855,0.2367812961344136,0.020126228144513036,0.23662050566314685
0.275,0.013337779259753251,0.02144859097176534,0.016655551850616873,0.026675558519506502,0.2405666753782787,0.02122144240338414,0.24042787677503152
0.28,0.015005001667222408,0.022596788185317705,0.017672557519173057,0.027675891963987995,0.24436206796993687,0.022353245770151797,0.24421625854427453
0.28500000000000003,0.016005335111703902,0.023767014764013755,0.01865621873957986,0.02900966988996332,0.2481224138443209,0.023522026967563836,0.24798574568061738
0.29,0.017005668556185394,0.024994984981647234,0.019673224408136045,0.030343447815938646,0.2518630668013799,0.02472816132549499,0.25173643242143473
0.295,0.018672890963654553,0.026214944521046578,0.020673557852617538,0.03134378126042014,0.25561406688449045,0.025972010672708823,0.2554684125340906
0.3,0.019006335445148383,0.027527360638397676,0.022007335778592863,0.033011003667889297,0.25926860505053234,0.02725392323462994,0.2591817793182821
0.305,0.02100700233411137,0.028905197294660432,0.02300766922307436,0.034678226075358455,0.2629448388034586,0.028574233537155103,0.2628766256083722
0.31,0.022674224741580526,0.030310403768223037,0.02400800266755585,0.03602867622540846,0.2666437694780477,0.029933262316528597,0.26655304377571076
0.315,0.02334111370456819,0.031741644946046414,0.02565855285095032,0.03767922640880293,0.27027794717024456,0.031331316435304124,0.2702111257309432
0.32,0.02400800266755585,0.03320826661940366,0.02699233077692564,0.03934644881627209,0.2739181328711173,0.032768688804411805,0.27385096292630906
0.325,0.025341780593531177,0.034683900305774264,0.028342780926975657,0.04101367122374125,0.27751559495474115,0.03424565831134668,0.2774726463579278
0.33,0.027342447482494165,0.036229293648433344,0.030010003334444816,0.04269756585528508,0.28117814379901757,0.035762489754489146,0.28107626656807383
0.335,0.02900966988996332,0.037813739047483606,0.03134378126042014,0.04436478826275424,0.28482767529116365,0.03731943378356767,0.2846619136474401
0.34,0.030010003334444816,0.03944190939856162,0.03267755918639546,0.04601533844614872,0.2884081146835398,0.038916726846269345,0.28822967723739035
0.34500000000000003,0.03134378126042014,0.041074752645276144,0.03466155385128376,0.04736578859619872,0.2920099158845411,0.04055459114099963,0.2917796465322
0.35000000000000003,0.033011003667889297,0.04278770267433151,0.03601200400133378,0.04934978326108703,0.2955820108204232,0.042233234575790535,0.29531191028128656
0.355,0.03434478159386462,0.0445120011642186,0.03767922640880293,0.05135045015005002,0.2990900203304334,0.04395285073335348,0.29882655679142756
0.36,0.03501167055685228,0.046337100688551194,0.03934644881627209,0.05301767255751917,0.30258501248831343,0.04571361884226921,0.302323673928969
0.365,0.037345781927309106,0.04818957003018354,0.04101367122374125,0.05503501167055684,0.3061053717939347,0.04751570375430314,0.3058033491220211
0.37,0.03934644881627209,0.05002802068490637,0.042347449149716575,0.05735245081693898,0.3095392825302795,0.04935925592783347,0.3092656693626453
0.375,0.04034678226075358,0.051956925248022263,0.04434811603867956,0.05901967322440813,0.3129635136970913,0.05124441141737329,0.31271072120902776
0.38,0.042347449149716575,0.053915202297996595,0.046348782927642544,0.06135378459486496,0.3164267969202948,0.05317129186916847,0.31613859078764417
0.385,0.044014671557185726,0.055900181608751105,0.0480160053351117,0.06337112370790261,0.3198063018002999,0.055140004522844954,0.3195493637954123
0.39,0.04534844948316105,0.05790919295420796,0.04968322774258086,0.06535511837279093,0.32314375061957673,0.05715064221908256,0.32294312550183535
0.395,0.048349449816605536,0.05999263685158982,0.051667222407469154,0.06768922974324774,0.3265613062211929,0.05920328341328168,0.32631996075113234
0.4,0.050016672224074694,0.0621374959487663,0.05368456152050684,0.07002334111370456,0.3299204506273531,0.06129799219519261,0.3296799539643607
0.405,0.050683561187062354,0.06432875022404862,0.056002000666888964,0.07235745248416138,0.3332762572509159,0.06343481831447201,0.3330231891415256
0.41000000000000003,0.05301767255751917,0.06654069875143558,0.05801933977992664,0.07469156385461821,0.33659167670504736,0.06561379721212535,0.3363497498636806
0.41500000000000004,0.05568522840946982,0.06876232684835555,0.060336778926308766,0.07702567522507503,0.3398573631984767,0.06783495005779694,0.33965971929501715
0.42,0.05635211737245749,0.07101966921906903,0.06235411803934645,0.07935978659553185,0.34309033942244954,0.07009828379285882,0.34295318018494325
0.425,0.05901967322440813,0.07333141744612237,0.06467155718572859,0.0820273424474825,0.34637672016798365,0.0724037911792561,0.3462302148701527
0.43,0.06135378459486496,0.07566252481224142,0.06668889629876626,0.08469489829943315,0.34961737329193127,0.07475145085405382,0.3494909052766835
0.435,0.06368789596532178,0.07807440651722088,0.06933977992664223,0.08702900966988997,0.35285168462894323,0.07714122738963491,0.35273533292196535
0.44,0.06468822940980327,0.08047727620918677,0.07200733577859288,0.08937979326442146,0.3560950079789691,0.07957307135949249,0.3559635789168586
0.445,0.06602200733577859,0.08295858379219487,0.07435811937312438,0.09203067689229744,0.3592956077117467,0.08204691940955855,0.35917572396768127
0.45,0.06868956318772924,0.08550731458367346,0.0766922307435812,0.09469823274424809,0.36249387099670494,0.0845626943350068,0.36237184837822667
0.455,0.07102367455818606,0.08807006406206115,0.07902634211403801,0.09704901633877958,0.36566543202088225,0.08712030516246827,0.3655520320517718
0.46,0.07369123041013671,0.09070190564021839,0.08169389796598867,0.10003334444814939,0.368806953001684,0.08971964723758974,0.36871635449307405
0.465,0.07702567522507503,0.09339616375294926,0.08436145381793932,0.10270090030010004,0.37198085047368074,0.09236060231786952,0.3718648948103592
0.47000000000000003,0.07835945315105035,0.09607640317877059,0.08669556518839613,0.10536845615205068,0.37509433408066256,0.09504303867069835,0.3749977317172992
0.47500000000000003,0.0800266755585195,0.09876965995672234,0.0893464488162721,0.10836945648549516,0.3782355212832036,0.09776681117653124,0.37811494353498
0.48,0.08236078692897633,0.10157039333431465,0.09201400466822275,0.11103701233744581,0.381335987538055,0.1005317614371139,0.38121660819385916
0.485,0.08469489829943315,0.10440083297702506,0.09469823274424809,0.11437145715238413,0.3844277755581524,0.10333771788868895,0.38430280323571486
0.49,0.08769589863287762,0.1072806718021789,0.09769923307769257,0.11770590196732245,0.38748151285663796,0.10618449592009627,0.3873736058155839
0.495,0.0906968989663221,0.11020590447065948,0.10070023341113704,0.12072357452484159,0.39052189902473294,0.10907189799568984,0.39042909270369075
0.5,0.09303101033677892,0.1131558367303615,0.10370123374458153,0.12337445815271757,0.39355861363197125,0.11199971378298262,0.3934693402873666
0.505,0.09569856618872957,0.11620022823757395,0.10636878959653218,0.12672557519173056,0.3965716299827672,0.11496772028493685,0.39649442457295947
0.51,0.09803267755918639,0.11922926594483776,0.10903634544848283,0.12972657552517503,0.3995899867857193,0.11797568197680774,0.3995044211877341
0.515,0.10170056685561854,0.12225229564342578,0.11170390130043348,0.13272757585861952,0.4026150191538665,0.12102335094745031,0.40249940538176254
0.52,0.10536845615205068,0.12535910368521216,0.11470490163387796,0.13604534844948316,0.4055859794439322,0.12411046704500084,0.4054794520298056
0.525,0.10903634544848283,0.12853934294414468,0.11770590196732245,0.1393797932644215,0.40853791437319337,0.12723675802683404,0.4084446356331849
0.53,0.11203734578192731,0.131771985389858,0.12070690230076692,0.14239746582194063,0.4114598092590759,0.13040193971370256,0.4113950303216448
0.535,0.11570523507835945,0.13496123666180362,0.12404134711570523,0.1460486828942981,0.4143650152319712,0.1336057161479628,0.41433070985520626
0.54,0.11970656885628543,0.13819421288577668,0.12670890296765588,0.1493997999333111,0.4172662158657492,0.13684777975578388,0.41725174762601036
0.545,0.12204068022674225,0.14147358428785548,0.1300433477825942,0.1527342447482494,0.42022883169932224,0.14012781151324505,0.4201582166601536
0.55,0.1247082360786929,0.1447693108246625,0.13369456485495165,0.15605201733911303,0.4230979896201641,0.14344548111621414,0.42305018961951335
0.555,0.12637545848616205,0.14812945656560209,0.13671223741247082,0.1597199066355452,0.4260142102756319,0.14680044715390655,0.42592773880356405
0.56,0.13037679226408802,0.15150962900212664,0.1397132377459153,0.1630543514504835,0.4288733548486801,0.1501923572860217,0.42879093615118513
0.5650000000000001,0.13337779259753252,0.15493319261241925,0.1436978992997666,0.1657385795265088,0.43172315363045577,0.15362084842334806,0.43163985324245957
0.5700000000000001,0.13671223741247082,0.15844687635284524,0.1470490163387796,0.1693897965988663,0.4345769577513495,0.15708554691173132,0.4344745613004629
0.5750000000000001,0.14104701567189062,0.16196523298890764,0.15103367789263086,0.1727242414138046,0.4373907084810723,0.16058606871929781,0.4372951311930443
0.58,0.1450483494498166,0.16552164034658198,0.15471823941313773,0.17639213071023674,0.4401737516108975,0.16412201962682554,0.44010163343459796
0.585,0.14871623874624876,0.16916683272135097,0.15805268422807603,0.1803934644881627,0.44296614053199607,0.16769299542115013,0.4428941381878261
0.59,0.15305101700566856,0.17271222539645362,0.16172057352450817,0.1837445815271757,0.4457161396141055,0.17129858209149557,0.4456727152654929
0.595,0.15738579526508836,0.17633672351911733,0.1653884628209403,0.18774591530510168,0.44844344177455225,0.1749383560286225,0.4484374341321702
0.6,0.16072024008002667,0.18005568088929183,0.16905635211737247,0.19108036012003998,0.451190103074064,0.17861188422667468,0.4511883639059736
0.605,0.16338779593197733,0.1838026756332858,0.1727075691897299,0.19539846615538514,0.4539411034909534,0.18231872448761538,0.4539255733602906
0.61,0.16772257419139713,0.18759873578146335,0.17639213071023674,0.19908302767589195,0.45665672341230873,0.18605842562814112,0.4566491309255002
0.615,0.1737245748582861,0.19139212570356254,0.17972657552517507,0.20306768922974325,0.45930725657301186,0.1898305276889547,0.4593591046906834
0.62,0.1790596865621874,0.19518584940392222,0.18371123707902634,0.2060853617872624,0.4620158671509116,0.19363456214628522,0.4620555624053255
0.625,0.18272757585861954,0.19906635545181683,0.18706235411803934,0.21040346782260755,0.4647228088375139,0.19747005212554242,0.4647385714810097
0.63,0.18739579859953318,0.20291715523459475,0.1910636878959653,0.21473824608202735,0.4673279481548901,0.20133651261698587,0.4674081989931028
0.635,0.19073024341447148,0.2068030017346462,0.19538179393131044,0.21808936312104032,0.46999483645032136,0.20523345069329646,0.47006451168243146
0.64,0.19539846615538514,0.2107312380736855,0.19906635545181728,0.22242414138046013,0.4726126593415683,0.20916036572893637,0.47270757595695145
0.645,0.20006668889629878,0.21470687092561072,0.20306768922974325,0.22609203067689226,0.4752087866459318,0.2131167496211765,0.4753374578934071
0.65,0.20440146715571858,0.2186845064470939,0.20740246748916305,0.23041013671223742,0.47785197668492074,0.21710208701268124,0.47795422323898396
0.655,0.20940313437812605,0.22272856384226855,0.21173724574858285,0.2344114704901634,0.48048748982393463,0.22111585551553326,0.48055793741295183
0.66,0.21273757919306435,0.22675726743749416,0.21573857952650882,0.2387462487495832,0.4830949655891297,0.22515752593658017,0.4831486655083008
0.665,0.21507169056352118,0.23088910851498368,0.21973991330443482,0.24276425475158384,0.485728809836845,0.2292265625039938,0.4857264722933681
0.67,0.21807269089696565,0.23495986817093825,0.2237412470823608,0.24709903301100364,0.48833394915422235,0.23332242309492035,0.48829142221345756
0.675,0.22074024674891632,0.23907235010936223,0.22774258086028676,0.25108369456485496,0.4908546425718808,0.23744455946411175,0.4908435793924508
0.68,0.22840946982327442,0.24327995885181586,0.23172724241413803,0.25541847282427477,0.4933953626851256,0.24159241747342136,0.49338300763441045
0.685,0.23207735911970656,0.2474865662594905,0.23574524841613873,0.25975325108369457,0.49594142325052565,0.24576543732205314,0.4959097704251745
0.6900000000000001,0.23707902634211403,0.25166480251508583,0.24039679893297766,0.2634378126042014,0.4984851473681084,0.249963053777444,0.49842393093394455
0.6950000000000001,0.24108036012004003,0.25583068897507105,0.24439813271090363,0.2677559186395465,0.5009320757903616,0.2541846964066776,0.5009255520148641
0.7000000000000001,0.24574858286095366,0.26009070090430575,0.24808269423141047,0.2720906968989663,0.50335931129529,0.25842978980830666,0.5034146962085906
0.705,0.2494164721573858,0.2644061200246594,0.2524174724908303,0.27575858619539845,0.5058272677479081,0.2626977538444792,0.5058914257438583
0.71,0.25341780593531177,0.26872187292327343,0.2567522507502501,0.2804434811603868,0.5082848770744743,0.26698800387325566,0.5083558025390349
0.715,0.25808602867622543,0.27307834676957704,0.2614204734911637,0.2850950316772257,0.5107788682313533,0.27129995098100557,0.5108078882036684
0.72,0.26242080693564523,0.2774835522418052,0.2654218072690897,0.2894298099366455,0.5132464909057118,0.27563300221477993,0.5132477440400283
0.725,0.26675558519506504,0.281861387896733,0.2697565855285095,0.2940980326775592,0.5156907491018868,0.2799865608145443,0.5156754310446375
0.73,0.2717572524174725,0.2862469004516354,0.2747415805268423,0.29876625541847285,0.5180962890199308,0.2843600264451708,0.5180910099097975
0.735,0.27575858619539845,0.29065444237168125,0.278759586528843,0.3027675891963988,0.5204981573771179,0.28875279542808013,0.5204945410251058
0.74,0.2804268089363121,0.29505330605697366,0.2830776925641881,0.3067855951983995,0.5228940177256288,0.29316426097243226,0.5228860844789656
0.745,0.28409469823274425,0.29943848483361635,0.287079026342114,0.3114371457152384,0.525259504252503,0.29759381340575564,0.5252657000600875
0.75,0.2890963654551517,0.30393247532293927,0.2920973657885962,0.3154551517172391,0.5276550308227544,0.3020408404039196,0.5276334472589853
0.755,0.2940980326775592,0.3083630479429083,0.296432144048016,0.32044014671557186,0.5299567657020146,0.3065047272203422,0.529989385269462
0.76,0.2977659219739913,0.3128002961280724,0.300433477825942,0.32477492497499166,0.532241144111769,0.3109848569143393,0.5323335729900908
0.765,0.30143381127042346,0.3172822706000435,0.3051017005668556,0.3294431477159053,0.534585936386538,0.3154806105785102,0.5346660690256866
0.77,0.3091030343447816,0.3217906135545353,0.31007002334111367,0.33411137045681893,0.5369163761961362,0.31999136756506746,0.5369869316887719
0.775,0.3124374791597199,0.32631264141767674,0.31377125708569525,0.33844614871623874,0.5392444795579181,0.32451650571101254,0.5392962190010342
0.78,0.3174391463821274,0.3308056305722204,0.31843947982660886,0.34278092697565854,0.5415475495502169,0.3290554015620624,0.5415939886947765
0.785,0.3231077025675225,0.3353076317397762,0.32342447482494163,0.34713237745915304,0.5437945447948789,0.33360743059523645,0.5438802982143608
0.79,0.32710903634544847,0.3398897396896734,0.3284261420473491,0.35246748916305437,0.5461186428175415,0.33817196744000827,0.5461552047176441
0.795,0.33111037012337446,0.34446483829611524,0.33311103701233746,0.3564521507169056,0.5483759851882559,0.34274838609793845,0.5484187650774077
0.8,0.33611203734578193,0.3490015524026856,0.33744581527175727,0.36082027342447476,0.5506153035329429,0.3473360601606937,0.5506710358827784
0.805,0.34378126042014007,0.35359434125689526,0.34243081027009004,0.3658052684228076,0.5528886672601246,0.3519343630263715,0.5529120734406436
0.81,0.3507835945315105,0.3581777843198313,0.34611537179059687,0.37045681893964655,0.5551286531613302,0.35654266811404073,0.5551419337770589
0.8150000000000001,0.35511837279093034,0.3627358602350265,0.3507835945315105,0.37479159719906635,0.5573813226364072,0.36116034907641853,0.5573606726386489
0.8200000000000001,0.3607869289763254,0.36730561838931286,0.35543514504834944,0.37879293097699235,0.5595825902594824,0.365786780010601,0.5595683454940008
0.8250000000000001,0.36812270756918974,0.37195314687812175,0.35978659553184394,0.38346115371790596,0.5617648325217519,0.37042133566676727,0.5617650075350509
0.8300000000000001,0.3717905968656219,0.37662403984511356,0.3651217072357453,0.3881460486828943,0.5640031495316586,0.3750633916547816,0.5639507136784645
0.835,0.3781260420140047,0.38131128794683256,0.3697899299766589,0.3927975991997332,0.566191066024344,0.37971232464861493,0.5661255185670091
0.84,0.3824608202734245,0.3859701648964735,0.37444148049349785,0.3974824941647216,0.5684046834430292,0.3843675125885132,0.5682894765709203
0.845,0.38579526508836276,0.39063004318089234,0.37910970323441145,0.4021340446815605,0.5705642287836359,0.38902833488084193,0.5704426417892609
0.85,0.3881293764588196,0.39526789210016944,0.3841280426808936,0.40680226742247416,0.5727431332633054,0.3936941725955342,0.5725850680512733
0.855,0.3934644881627209,0.39986001339785987,0.3887962654218073,0.41082027342447486,0.5749030123821719,0.39836440866107453,0.5747168089177259
0.86,0.40046682227409136,0.4045112134475258,0.39378126042014006,0.41548849616538847,0.5769837860534766,0.40303842805695544,0.5768379176822511
0.865,0.4064688229409803,0.4091594094928541,0.39813271090363456,0.42047349116372124,0.5790825837508068,0.407715618003538,0.5789484473726788
0.87,0.41147049016338777,0.4138182864424952,0.40280093364454816,0.42480826942314104,0.5812237712871255,0.4123953681492555,0.581048450752361
0.875,0.4148049349783261,0.4184527975791735,0.40713571190396797,0.4294764921640547,0.5833262405453137,0.4170770707551044,0.5831379803214916
0.88,0.4188062687562521,0.4231677492764523,0.41147049016338777,0.434161387129043,0.5854170275644093,0.42176012087635817,0.5852170883184187
0.885,0.42380793597865957,0.42784298136082105,0.4168056018672891,0.43947982660886964,0.5874961323444137,0.4264439165414495,0.5872858267209504
0.89,0.4284761587195732,0.43255125749290546,0.42179059686562187,0.44416472157385795,0.5895732344548619,0.4311278589279716,0.5893442472476544
0.895,0.43447815938646217,0.43722515446423466,0.42612537512504167,0.4488162720906969,0.5915902564785518,0.43581135253573927,0.5913924013591516
0.9,0.43981327109036344,0.4419190781311489,0.43081027009003003,0.4538346115371791,0.593659347910765,0.44049380535686644,0.5934303402594009
0.905,0.44581527175725244,0.44662768804149294,0.4358119373124375,0.4581527175725242,0.5957307757907946,0.44517462904280747,0.5954581148969812
0.91,0.4518172724241414,0.4512695422998856,0.4404801600533511,0.4628209403134378,0.597703405305939,0.4498532390683193,0.597475775966364
0.915,0.4561520506835612,0.4559224112408508,0.4448149383127709,0.4671723907969323,0.5996947264036295,0.4545290548923,0.5994833739091812
0.92,0.46082027342447485,0.4605649330557637,0.45013337779259754,0.47182394131377126,0.6017337777924631,0.45920150011546196,0.6014809589154859
0.925,0.4641547182394131,0.465284223870419,0.45448482827609205,0.4768256085361787,0.6037110802032439,0.46387000263480105,0.6034685809250071
0.93,0.46748916305435145,0.4699194025636172,0.45915305101700565,0.4818439479826609,0.6056880488357644,0.46853399479482355,0.605446289628399
0.935,0.47215738579526506,0.4745579190394119,0.46348782927642546,0.486162054018006,0.6076343098683881,0.4731929135354957,0.6074141344684816
0.9400000000000001,0.47915971990663553,0.479209452867338,0.4688062687562521,0.49116372124041346,0.6096323065312721,0.4778462005368833,0.6093721646414789
0.9450000000000001,0.48349449816605533,0.48381792929975537,0.4728242747582527,0.49549849949983327,0.6115715582204413,0.4824933023604507,0.611320429098247
0.9500000000000001,0.48682894298099366,0.4883910252366396,0.4778259419806602,0.5001667222407469,0.6135198219226231,0.48713367058698803,0.6132589765454988
0.9550000000000001,0.49083027675891966,0.4929077126476245,0.48214404801600536,0.5041680560186729,0.6155071376811958,0.4917667619511426,0.6151878554470215
0.96,0.4944981660553518,0.4975262024278359,0.48649549849949986,0.5085028342780927,0.6174140128791687,0.49639203847252794,0.6171071140248879
0.965,0.5011670556852285,0.5020492316257569,0.49083027675891966,0.5128376125375125,0.6193185516293224,0.5010089675833875,0.6190168002606627
0.97,0.5065021673891297,0.5066149844409271,0.49549849949983327,0.5175058352784262,0.6211963881186963,0.5056170222527948,0.6209169618966012
0.975,0.511837279093031,0.5111530336605368,0.5004834944981661,0.5221740580193398,0.6230889108514991,0.5102156811073664,0.622807646436843
0.98,0.5141713904634878,0.5157161162496279,0.504818272757586,0.526858952984328,0.624929030397521,0.5148044285484774,0.6246889011486004
0.985,0.51783927975992,0.5202685179344074,0.5091697232410803,0.531510503501167,0.6268098708912311,0.5193827548659598,0.6265607730633391
0.99,0.5218406135378459,0.5247581693063528,0.5138212737579193,0.535511837279093,0.6286833682632281,0.523950156348273,0.6284233089779543
0.995,0.5281760586862287,0.5292688487086618,0.5181727242414138,0.5405135045015005,0.6305865719003433,0.5285061353891363,0.6302765554559411
1.0,0.5338446148716238,0.5338412770890266,0.5225075025008337,0.5451817272424141,0.6323996554073256,0.5330502005906137,0.6321205588285577
1.0050000000000001,0.5368456152050683,0.538269847039437,0.5268422807602534,0.5495331777259086,0.6342194144795015,0.5375818668626449,0.6339553651959846
1.01,0.5405135045015005,0.5428259202850731,0.531510503501167,0.5538679559853283,0.6360431788907948,0.5421006555190166,0.6357810204284766
1.0150000000000001,0.5441813937979326,0.5472671738093546,0.5361787262420807,0.5581860620206736,0.6378252210196181,0.5466060943697749,0.6375975701675097
1.02,0.5481827275758586,0.5516894019728308,0.5405135045015005,0.5625208402800934,0.639658665000446,0.5510977178100697,0.6394050598269216
1.025,0.5528509503167722,0.556124647488435,0.5451817272424141,0.5668556185395132,0.6414664080552719,0.5555750669054434,0.6412035345940483
1.03,0.5568522840946982,0.5605792521431072,0.5491830610203401,0.5708569523174392,0.6432858333491883,0.5600376894735559,0.6429930394308526
1.035,0.5615205068356118,0.5650351919108171,0.5538512837612537,0.5755251750583528,0.6450405056607121,0.5644851401623564,0.6447736190750485
1.04,0.567189063021007,0.56943238670481,0.5585195065021674,0.5798599533177726,0.6467925077461593,0.5689169805247076,0.6465453180412198
1.045,0.5718572857619206,0.573773840529426,0.5625208402800934,0.5841947315771924,0.648564536527191,0.5733327790894678,0.6483081806219331
1.05,0.5768589529843281,0.5781456681756769,0.5668556185395132,0.5881960653551184,0.6503132008300399,0.5777321114290446,0.6500622508888447
1.055,0.5805268422807602,0.582441060600447,0.5715238412804268,0.5925475158386129,0.6520144686200041,0.5821145602234263,0.6518075726938024
1.06,0.5838612870956985,0.5867588161686196,0.5758586195398466,0.596865621873958,0.6537567911359176,0.586479715320713,0.6535441896699425
1.065,0.5875291763921308,0.5910638881629205,0.5808602867622541,0.6012170723574525,0.6554787531779868,0.5908271737941492,0.6552721452327799
1.07,0.5918639546515505,0.5953993339788602,0.5848616205401801,0.6058686228742914,0.6571920369853012,0.5951565399956895,0.6569914825812934
1.075,0.596865621873958,0.5996770361558619,0.5895298432810937,0.6102200733577858,0.6589026505665389,0.5994674256061017,0.6587022446990063
1.08,0.600866955651884,0.6039654192371756,0.5938646215405136,0.614538179393131,0.6605605271827333,0.6037594496816368,0.6604044743550609
1.085,0.6058686228742914,0.6082334418446448,0.5978659553184394,0.6185728576192064,0.6622694718726733,0.6080322386972823,0.6620982141052869
1.09,0.6108702900966989,0.6124393816958,0.6022007335778593,0.6228909636545514,0.6639757463365333,0.6122854265866224,0.6637835062932667
1.095,0.6135378459486496,0.616627965077449,0.6062020673557853,0.6265588529509836,0.6656953719307834,0.6165186547783279,0.6654603930513924
1.1,0.6188729576525509,0.6208449196111753,0.6102034011337112,0.6305768589529843,0.6673876277077357,0.6207315722293061,0.6671289163019205
1.105,0.6228742914304768,0.6250555323579668,0.6148716238746249,0.6352117372457485,0.6690324869718,0.624923835454531,0.668789117758019
1.11,0.6258752917639213,0.6291753574181054,0.6188562854284763,0.6392130710236745,0.6706372928446951,0.6290951085535881,0.670441038924811
1.115,0.6305435145048349,0.6333268914129206,0.623191063687896,0.6428976325441813,0.6722534471784223,0.6332450632339577,0.6720847211004115
1.12,0.6368789596532177,0.6374590662686692,0.627192397465822,0.6468822940980327,0.6738802824164599,0.637373378831075,0.6737202053769605
1.125,0.6408802934311437,0.6415284908115851,0.6315438479493164,0.6512170723574525,0.675499106976267,0.6414797423251908,0.6753475326416503
1.1300000000000001,0.6468822940980327,0.6455692104241628,0.6352117372457485,0.6555518506168723,0.6770908954970309,0.6455638483550736,0.6769667435777471
1.135,0.6518839613204401,0.6496172731584524,0.6395465155051684,0.6598866288762921,0.6786803475699774,0.6496253992285819,0.6785778786656087
1.1400000000000001,0.6555518506168723,0.6537210768621238,0.6435478492830944,0.6635545181727243,0.6802894925602494,0.6536641049301488,0.6801809781836962
1.145,0.6615538512837612,0.6577300875400239,0.6478826275425141,0.6675558519506503,0.6818882904244692,0.6576796831252074,0.6817760822095809
1.1500000000000001,0.6655551850616872,0.6616683372268561,0.6518839613204401,0.6709069689896632,0.6834737371582973,0.6616718591616046,0.6833632306209468
1.155,0.6712237412470824,0.6655925682267791,0.65621873957986,0.6749083027675892,0.6850782092529343,0.6656403660680341,0.6849424630965867
1.16,0.675891963987996,0.6695481743831189,0.6598866288762921,0.6788929643214405,0.6866302781607888,0.6695849445495332,0.6865138191173947
1.165,0.6795598532844281,0.6734927658568879,0.6635545181727243,0.6832277425808603,0.6881943630859935,0.6735053429800839,0.6880773379673533
1.17,0.6842280760253417,0.6774186657481093,0.6682060686895632,0.6872290763587863,0.6897711315850694,0.6774013173923583,0.689633058734515
1.175,0.6868956318772924,0.6812524428396389,0.67189063021007,0.6912304101367123,0.6913338813972357,0.6812726314646542,0.6911810203119801
1.18,0.6925641880626876,0.6850942306094029,0.6758752917639214,0.695565188396132,0.6928462306921788,0.6851190565050599,0.6927212613988687
1.185,0.699566522174058,0.6888756045141493,0.6795598532844281,0.6985661887295765,0.6943782729044485,0.6889403714329003,0.6942538205012883
1.19,0.7039013004334779,0.6926976993665892,0.6828942980993664,0.7025675225075025,0.6959243338036271,0.6927363627574993,0.6957787359332959
1.195,0.70756918972991,0.696504774197338,0.6868956318772924,0.7062354118039347,0.6974453613333229,0.6965068245543156,0.6972960458178572
1.2,0.7109036345448483,0.7001913550763167,0.6902300766922308,0.7099033011003668,0.6989503675065527,0.7002515584384887,0.6988057880877978
1.205,0.7132377459153051,0.7039056395508545,0.6942314104701567,0.7142380793597866,0.7004176567364284,0.7039703735358518,0.7003080004867537
1.21,0.7165721907302434,0.7075725275125082,0.6975658552850951,0.7175891963987996,0.70193434514875,0.7076630864514494,0.7018027205701126
1.215,0.7199066355451818,0.7111960243003914,0.7015505168389463,0.7212404134711571,0.7033999654873276,0.7113295212356194,0.7032899857059547
1.22,0.7252417472490831,0.7147934863840167,0.7049016338779593,0.7249083027675892,0.7048802720693365,0.7149695093476796,0.7047698330759857
1.225,0.7299099699899967,0.7184183182849403,0.7085528509503168,0.7282594198066021,0.7063649177687191,0.7185828896172739,0.7062422996764672
1.23,0.7339113037679227,0.7219840714338888,0.7119039679893298,0.7315938646215404,0.7078508985811413,0.7221695082034251,0.7077074223191406
1.235,0.7382460820273424,0.7255371410089656,0.7155718572857619,0.735245081693898,0.709290817993717,0.7257292185513495,0.7091652376321484
1.24,0.7405801933977992,0.7290030944582456,0.7189063021007003,0.7385795265088363,0.7107414183106073,0.7292618813470773,0.7106157820609493
1.245,0.742914304768256,0.7324810639248797,0.7225741913971324,0.7422807602534178,0.712221391114355,0.7327673644699385,0.7120590918692298
1.25,0.7472490830276759,0.7359143071047038,0.7259086362120707,0.7459319773257752,0.7136739941008037,0.7362455429429594,0.7134952031398099
1.2550000000000001,0.7512504168056019,0.7392747866239031,0.7295765255085028,0.7495831943981327,0.7151255957524724,0.7396962988812252,0.7149241517755465
1.26,0.7532510836945648,0.7426589643995454,0.7325775258419474,0.7525841947315772,0.7165655151650481,0.7431195214382614,0.7163459735002295
1.2650000000000001,0.7572524174724908,0.7460294572665369,0.7362287429143048,0.7559186395465155,0.7179970901211307,0.7465151067504843,0.7177607038594767
1.27,0.7605868622874291,0.7493922732335538,0.7392464154718239,0.7595865288429476,0.7194413486510848,0.7498829578797755,0.7191683782216203
1.2750000000000001,0.7652550850283428,0.7527013509007511,0.7425808602867623,0.7629209736578859,0.7208378768898944,0.7532229847542339,0.7205690317785927
1.28,0.7685895298432811,0.7560614966416879,0.7455818606202067,0.7659386462154051,0.7222450860330154,0.7565351041071537,0.7219626995468058
1.285,0.7715905301767255,0.7593168360090666,0.7489163054351451,0.7695898632877626,0.7236452858326821,0.7598192394142913,0.7233494163680265
1.29,0.7755918639546515,0.7625254464200777,0.7525675225075026,0.7725908636212071,0.725025125158503,0.7630753208294616,0.7247292169102477
1.295,0.7792597532510837,0.765784457348312,0.7555851950650216,0.7762587529176392,0.7264396774233386,0.766303285118529,0.7261021356685544
1.3,0.7822607535845282,0.7690104242288298,0.7589029676558854,0.7792764254751583,0.7277844700318863,0.7695030755918394,0.7274682069659875
1.305,0.7862620873624542,0.7722153630789844,0.7625708569523175,0.782594198066022,0.7291272599708742,0.7726746420351488,0.7288274649544001
1.31,0.7902634211403802,0.7753104888816785,0.7652550850283428,0.7855951983994665,0.7304670459055261,0.775817940639102,0.7301799436153131
1.315,0.7929309769923307,0.7783715693018791,0.7685728576192065,0.7882794264754918,0.7318121722923331,0.7789329339273139,0.7315256767607634
1.32,0.7975991997332444,0.781482716461044,0.77189063021007,0.7919473157719239,0.7331392746531129,0.7820195906831078,0.7328646980341497
1.325,0.8016005335111704,0.7845070812726704,0.7749249749916639,0.7949316438812938,0.7344854023746981,0.7850778858749621,0.7341970409110734
1.33,0.8059353117705902,0.7875741697015455,0.7779259753251083,0.7979326442147382,0.7358158425180764,0.7881078005807196,0.735522738700176
1.335,0.8096032010670223,0.7905391219829373,0.780593531177059,0.8006168722907635,0.7371058954920245,0.7911093219106118,0.7368418245439713
1.34,0.8132710903634545,0.7934820448991838,0.7835945315105035,0.8039513171057019,0.7384316627397659,0.7940824429291493,0.738154331419674
1.345,0.8146048682894298,0.796402604672027,0.7862620873624542,0.8069356452150717,0.7397674433353004,0.7970271625759325,0.7394602921400244
1.35,0.8169389796598866,0.799296462184092,0.789246415471824,0.8092697565855285,0.7410534909701297,0.7999434855854348,0.7407597393541085
1.355,0.8196065355118373,0.8021459271876075,0.7919306435478493,0.8119373124374791,0.7423595653005451,0.8028314224058049,0.7420527055481743
1.36,0.8212737579193065,0.8049486632347586,0.7945981993997999,0.8149383127709237,0.7436322618049857,0.8056909891167475,0.7433392230464442
1.365,0.8232744248082694,0.807796125568717,0.7979326442147382,0.8179393131043681,0.7449056258659457,0.808522207346527,0.7446193240119223
1.37,0.827942647549183,0.8106669523808578,0.8009336445481827,0.820273424474825,0.7461793237051646,0.8113251041881476,0.7458930404471997
1.375,0.8306102034011337,0.8134056030021359,0.8036012004001334,0.8229576525508502,0.7474319935140206,0.8140997121147581,0.7471604041952535
1.3800000000000001,0.8346115371790597,0.8160971908887875,0.8065855285095033,0.8262920973657886,0.7487180411488528,0.8168460688943343,0.7484214469402435
1.385,0.8372790930310103,0.818806135244947,0.8089363121040347,0.8289429809936646,0.749999415888046,0.8195642175036846,0.7496762002083039
1.3900000000000001,0.8409469823274425,0.8215010609142002,0.8119373124374791,0.8316105368456153,0.7512434074621471,0.822254206041831,0.7509246953683318
1.395,0.8432810936978993,0.8241305660445362,0.8146048682894298,0.8336112037345782,0.7524710439015193,0.8249160876428107,0.7521669636327712
1.4000000000000001,0.8452817605868623,0.8267523942749004,0.8169389796598866,0.8362787595865289,0.7537193745929984,0.8275499203879494,0.7534030360583935
1.405,0.8489496498832945,0.8292934481664064,0.8196065355118373,0.8389463154384795,0.754942004358476,0.8301557672176505,0.7546329435470737
1.41,0.8496165388462821,0.8317967851145592,0.8219239746582194,0.8412804268089363,0.7561936728325536,0.83273369584275,0.7558567168465629
1.415,0.8509503167722574,0.8343498550234102,0.8245915305101701,0.8436312104034678,0.7573989461285239,0.8352837786554812,0.7570743865512576
1.42,0.8526175391797266,0.8368488528541885,0.8269423141047015,0.8462820940313438,0.7585721767115572,0.837806092640095,0.7582859831029636
1.425,0.8542847615871957,0.8392954474981832,0.8296098699566522,0.8482827609203067,0.7597764486727472,0.8403007192831831,0.7594915367916579
1.43,0.855618539513171,0.8417814279768261,0.831943981327109,0.8516172057352451,0.7609616952731318,0.8427677444837458,0.7606910777562454
1.435,0.8572857619206402,0.8442170079382484,0.8346115371790597,0.8536345448482827,0.7621632970082443,0.8452072584630503,0.761884635985313
1.44,0.8602867622540847,0.8466005184911498,0.8369456485495165,0.8559519839946649,0.763325179130447,0.847619355674321,0.7630722413178782
1.445,0.8626208736245415,0.8489830277092695,0.8396132044014671,0.8579526508836278,0.7645044177221566,0.850004134712306,0.7642539234441365
1.45,0.8652884294764922,0.8513001163884796,0.8419473157719239,0.8606368789596531,0.7656776483051903,0.8523616982227611,0.7654297119062023
1.455,0.8679559853284429,0.8536328926458968,0.8442814271423807,0.8626375458486162,0.7668578882316813,0.8546921528118927,0.7665996360988487
1.46,0.8692897632544181,0.8559556555555228,0.8462820940313438,0.864971657219073,0.7680150974582456,0.8569956089557991,0.7677637252702412
1.465,0.871623874624875,0.8582170032653521,0.8486162054018006,0.8673057685895298,0.7691566191066025,0.859272180909952,0.7689220085226698
1.47,0.8729576525508503,0.8604433042579077,0.8506168722907635,0.8699566522174058,0.7702887949636863,0.8615219866187558,0.7700745148132762
1.475,0.8746248749583194,0.8626575892331149,0.8529509836612204,0.8722907635878626,0.7714646957727982,0.8637451476252235,0.7712212729547776
1.48,0.8769589863287762,0.8648645310866052,0.8549516505501834,0.8743081027009002,0.772608553868973,0.8659417889808082,0.7723623116161873
1.485,0.8779593197732578,0.8670123941881198,0.8576192064021341,0.8759753251083694,0.7737484066260315,0.8681120391554245,0.7734976593235312
1.49,0.8796265421807269,0.8691542492809576,0.859619873291097,0.8782927642547516,0.7748842540439744,0.8702560299476982,0.7746273444605613
1.495,0.8826275425141714,0.8712129935871176,0.8622874291430477,0.8803101033677893,0.7760311161444882,0.8723738963954811,0.7757513952694647
1.5,0.8846282094031344,0.8732757432323955,0.8642880960320106,0.8823107702567522,0.7771302479538567,0.8744657766866598,0.7768698398515702
1.5050000000000001,0.887295765255085,0.8753505088950225,0.8659553184394798,0.8846282094031344,0.7782454011196932,0.8765318120703005,0.7779827061680507
1.51,0.8879626542180727,0.8773915629534165,0.8682894298099366,0.8862954318106036,0.7793505409377374,0.8785721467681554,0.7790900220406218
1.5150000000000001,0.8896298766255418,0.8793972365162754,0.870273424474825,0.8886295431810604,0.7804369891732341,0.8805869278865701,0.7801918151522383
1.52,0.8922974324774925,0.8813808807139912,0.8719573191063688,0.8899799933311103,0.7815504734477716,0.8825763053288167,0.7812881130477852
1.5250000000000001,0.8956318772924308,0.8833598520160691,0.8742914304768256,0.8919639879959986,0.7826289110050365,0.8845404317078894,0.7823789431347672
1.53,0.8972990996999,0.8852500383010554,0.8762920973657886,0.8939646548849617,0.7837267077013673,0.8864794622597888,0.783464332683993
1.5350000000000001,0.8996332110703568,0.8871872873206642,0.8782927642547516,0.8959653217739246,0.7847891239021627,0.8883935547573263,0.7845443088302579
1.54,0.9009669889963321,0.8890130544015193,0.8799599866622208,0.8973157719239746,0.7858785761419979,0.8902828694244757,0.785618898573022
1.545,0.9023007669223074,0.8908985677908673,0.8819606535511837,0.8992997665888629,0.7869399910080135,0.8921475688513005,0.7866881287770848
1.55,0.9039679893297766,0.8927296753238735,0.8836112037345782,0.901300433477826,0.7879807116219254,0.8939878179094843,0.7877520261732569
1.555,0.9049683227742581,0.8945233996917901,0.8856118706235412,0.9029676558852952,0.789012754001085,0.8958037836684882,0.7888106173590288
1.56,0.9066355451817273,0.8963097809379896,0.8875958652884295,0.9046348782927642,0.7900501368323983,0.8975956353123637,0.7898639287992353
1.565,0.9079693231077026,0.8980958284059339,0.889296432144048,0.9066522174058019,0.791079508985478,0.899363544057242,0.790911986826717
1.57,0.910970323441147,0.899833478026209,0.8909469823274425,0.9083027675891964,0.7921045420211807,0.9011076830695275,0.7919548176429796
1.575,0.9126375458486162,0.9015641183030315,0.8926308769589864,0.9099866622207402,0.7931135537004168,0.9028282273848142,0.7929924473188473
1.58,0.9139713237745916,0.9032450256191501,0.8942980993664554,0.9116372124041348,0.7941435934100152,0.9045253538275505,0.7940249017951165
1.585,0.914971657219073,0.9049089102440221,0.8956318772924308,0.9133211070356785,0.7951442606327576,0.9061992409314716,0.7950522068832027
1.59,0.9173057685895298,0.9065978282383755,0.8972990996999,0.9153051017005669,0.796153606090252,0.9078500688608213,0.7960743882657866
1.595,0.9193064354784928,0.9082046367808307,0.8992997665888629,0.916972324108036,0.7971302412782914,0.9094780193323824,0.797091471497456
1.6,0.9216405468489497,0.9098241288971529,0.9006335445148382,0.9183061020340113,0.7981429245183833,0.9110832755383343,0.7981034820053446
1.605,0.9233077692564188,0.911406571626645,0.9026342114038013,0.9199733244414805,0.7991279041629162,0.9126660220699576,0.7991104450897679
1.61,0.924974991663888,0.9129683201040315,0.9043014338112704,0.9216405468489497,0.8001135513639672,0.9142264448422011,0.8001123859248556
1.615,0.9263087695898633,0.9145757962030063,0.9059686562187396,0.9233077692564188,0.8011182239258264,0.9157647310191285,0.8011093295591803
1.62,0.9269756585528509,0.9160981588457427,0.9076358786262088,0.9243247749249749,0.8021355800615554,0.9172810689402631,0.8021013009163853
1.625,0.9279759919973325,0.9176101743624255,0.9089529843281094,0.9259753251083694,0.8031449255190494,0.9187756480478407,0.8030883247958059
1.6300000000000001,0.9286428809603201,0.9190737920314439,0.9103034344781594,0.9273091030343448,0.8041475954113497,0.9202486588149904,0.8040704258730906
1.635,0.9299766588862954,0.9204976900875536,0.9116372124041348,0.9286428809603201,0.8051255657124283,0.9217002926748533,0.8050476287008175
1.6400000000000001,0.9303101033677893,0.9219386108349101,0.9133044348116038,0.9299766588862954,0.806099864452649,0.923130741950654,0.8060199577091081
1.645,0.9313104368122708,0.923329464843303,0.9146382127375792,0.9313104368122708,0.8070758320841684,0.9245401997867359,0.8069874372062382
1.6500000000000001,0.9326442147382461,0.924690278808318,0.9166388796265422,0.9326442147382461,0.8080654846243375,0.9259288600805727,0.8079500913792459
1.655,0.9333111037012337,0.9260534292211515,0.9179726575525176,0.9339779926642214,0.8090441224819344,0.9272969174157665,0.8089079442945354
1.6600000000000001,0.9349783261087029,0.9273965529383988,0.9193064354784928,0.9353117705901968,0.8100080740961029,0.9286445669960426,0.8098610198984795
1.665,0.9366455485161721,0.9287276606382973,0.9206402134044681,0.9366455485161721,0.810973694601571,0.9299720045802496,0.810809342018018
1.67,0.938646215405135,0.9300263918469972,0.9219739913304434,0.9379793264421474,0.8119146155158161,0.9312794264183756,0.8117529343612532
1.675,0.9396465488496165,0.931315109707907,0.922974324774925,0.9393131043681227,0.8128295017258012,0.932567029188586,0.812691820518043
1.68,0.940646882294098,0.9326148422513872,0.9243081027009002,0.9403134378126042,0.8137931195617095,0.9338350099352913,0.81362602396059
1.685,0.9416472157385796,0.9338591676037498,0.9256418806268756,0.9416472157385796,0.8147220244586028,0.9350835660082533,0.8145555680440291
1.69,0.9433144381460487,0.9350574315562635,0.9269756585528509,0.942647549183061,0.815649260464198,0.9363128950027311,0.8154804760070107
1.695,0.9436478826275425,0.9362854017738967,0.9286428809603201,0.9439813271090364,0.8165654817872217,0.9375231947006787,0.8164007709722821
1.7,0.9439813271090364,0.9375003546393997,0.9296265421807269,0.9449816605535178,0.8174907151232587,0.938714663012992,0.8173164759472653
1.705,0.9449816605535178,0.9386755878919931,0.9309769923307769,0.9463154384794932,0.8184152809027768,0.9398874979228163,0.8182276138246325
1.71,0.9463154384794932,0.9398040921882203,0.9322940980326776,0.9473157719239746,0.8193264955519046,0.941041897429911,0.8191342073828779
1.715,0.9473157719239746,0.9409325964844476,0.9332944314771591,0.9483161053684561,0.8202276968532384,0.9421780594960799,0.8200362792868878
1.72,0.9476492164054685,0.9420340647416336,0.9343114371457152,0.9493164388129376,0.8211162145807026,0.943296181991667,0.8209338520885068
1.725,0.9493164388129376,0.9431375356683798,0.9356452150716905,0.9499833277759253,0.8220084038690229,0.9443964626431184,0.8218269482271016
1.73,0.9506502167389129,0.944259698177671,0.9369623207735912,0.9513171057019006,0.8228478561923038,0.9454790989816151,0.8227155900301222
1.735,0.9516505501833945,0.9453077619132969,0.9376458819606536,0.9519839946648883,0.8237423819284443,0.9465442882927726,0.82359979971366
1.74,0.952650883627876,0.9463888696966383,0.9389796598866289,0.9533177725908636,0.8246005258342703,0.947592227567412,0.8244795993830032
1.745,0.9533177725908636,0.9474222471888362,0.9403134378126042,0.9539846615538513,0.8254840368878373,0.9486231134533987,0.8253550110331891
1.75,0.9533177725908636,0.9484519531201763,0.9409803267755918,0.9549849949983328,0.8263488563588595,0.9496371422085492,0.8262260565495548
1.7550000000000001,0.9546515505168389,0.9494506176733593,0.9422974324774925,0.9563187729243081,0.827223355399413,0.9506345096546052,0.8270927577082836
1.76,0.9559853284428143,0.9504322595352943,0.9429809936645549,0.9573191063687896,0.8280701508444079,0.9516154111322704,0.8279551361769495
1.7650000000000001,0.9579859953317773,0.9514118987276712,0.9443147715905301,0.9583194398132711,0.8289169462894037,0.952580041457311,0.8288132135150591
1.77,0.9589863287762588,0.9523695085549035,0.9456485495165055,0.9593197732577526,0.829768748408296,0.9535285948777139,0.8296670111745905
1.7750000000000001,0.9603201067022341,0.9533294548299553,0.946648882960987,0.9599866622207403,0.8306198829706676,0.9544612650319013,0.83051655050053
1.78,0.9613204401467156,0.9542563570572902,0.9473157719239746,0.9606702234078025,0.8314533272852715,0.9553782449079958,0.8313618527314045
1.7850000000000001,0.9616538846282094,0.9551628988107806,0.9483161053684561,0.9616538846282094,0.8322660773477714,0.9562797268041342,0.8322029389998141
1.79,0.9619873291097032,0.9560604285512584,0.9489829943314438,0.9623374458152717,0.8330858367537266,0.9571659022898227,0.8330398303329594
1.795,0.9633211070356785,0.9569406018222286,0.9503167722574192,0.9633211070356785,0.8339042610466412,0.9580369621683305,0.833872547653167
1.8,0.9633211070356785,0.9578171035323412,0.9513171057019006,0.9643214404801601,0.8346873048440236,0.9588930964401139,0.8347011117784134
1.805,0.9646548849616539,0.958668905651234,0.9523174391463821,0.9650050016672224,0.8355073980282379,0.9597344942672679,0.8355255434228451
1.81,0.9649883294431477,0.9594936717310852,0.9529843281093698,0.9659886628876292,0.8363218169820374,0.9605613439389953,0.836345863197296
1.815,0.9656552184061353,0.9603244458196099,0.9536512170723574,0.9666555518506169,0.8371402412749525,0.961373832838091,0.837162091609803
1.82,0.9659886628876292,0.9611335243212528,0.9546515505168389,0.9669889963321107,0.8379680113591429,0.9621721474084295,0.8379742490661193
1.825,0.966322107369123,0.9619239112403499,0.9553184394798266,0.9679893297765922,0.8387787587520839,0.9629564731234524,0.8387823558702232
1.83,0.9673224408136045,0.9626926025725617,0.9559853284428143,0.9686562187395799,0.8396222164144808,0.9637269944556455,0.8395864322248272
1.835,0.9676558852950984,0.9634509467787219,0.9569856618872957,0.9693231077025676,0.840396581977109,0.9644838948469986,0.8403864982318819
1.84,0.9676558852950984,0.9642132963239994,0.9579859953317773,0.970323441147049,0.8412079969265696,0.9652273566804396,0.8411825738930794
1.845,0.9686562187395799,0.964949944943276,0.9589863287762588,0.9706735578526174,0.8419987176239259,0.9659575612522333,0.8419746791103522
1.85,0.9693231077025676,0.9656799179973571,0.9596532177392464,0.9716572190730244,0.8427750858561133,0.966674688745337,0.8427628336863724
1.855,0.9699899966655552,0.9664045505992831,0.9603201067022341,0.972324108036012,0.8435851656925357,0.9673789182037031,0.8435470573250452
1.86,0.9709903301100367,0.9670847906926616,0.9613204401467156,0.9726575525175059,0.8443698783812165,0.9680704275075186,0.8443273696320027
1.865,0.9713237745915305,0.9677520134339088,0.9616538846282094,0.9733244414804935,0.8451525884003386,0.9687493933493739,0.845103790115093
1.87,0.972324108036012,0.9684299170794683,0.9626542180726909,0.973674558186062,0.845932294415123,0.9694159912113475,0.8458763381848686
1.875,0.9733244414804935,0.9690978073772345,0.9633211070356785,0.974324774924975,0.8467210124429195,0.9700703953429989,0.8466450331550716
1.8800000000000001,0.974324774924975,0.9697406643055181,0.9639879959986662,0.9749916638879627,0.8474917064446916,0.97071277874026,0.8474098942431161
1.885,0.974324774924975,0.9703888616859576,0.9646548849616539,0.9756585528509503,0.8482430413073975,0.9713433131252095,0.8481709405705694
1.8900000000000001,0.9749916638879627,0.9710373928446596,0.9653217739246416,0.976325441813938,0.8490160717569845,0.9719621689267264,0.8489281911636292
1.895,0.9759919973324441,0.971664895972996,0.9659886628876292,0.9769923307769256,0.8497987817761058,0.9725695152620052,0.8496816649535996
1.9000000000000001,0.976325441813938,0.9722817181970219,0.9669889963321107,0.9773257752584195,0.8505714784474356,0.9731655199189251,0.8504313807773649
1.905,0.9776592197399133,0.9728821852863198,0.9676558852950984,0.9779926642214072,0.8513388346666105,0.9737503493392613,0.8511773573778596
1.9100000000000001,0.9786595531843948,0.9734676323539281,0.9679893297765922,0.9783261087029009,0.8520908370858367,0.9743241686027261,0.8519196134045376
1.915,0.9796598866288763,0.9740370580650677,0.9686562187395799,0.9790096698899633,0.8528438408398404,0.9748871414118279,0.852658167413838
1.92,0.9806602200733577,0.9746121580066236,0.9693231077025676,0.9796598866288763,0.8536025188242595,0.975439430077537,0.8533930378696498
1.925,0.9813271090363455,0.9751592205743607,0.9699733244414805,0.980326775591864,0.8543208096392485,0.975981195505747,0.8541242431437727
1.93,0.9816605535178393,0.9756755755422004,0.9703067689229744,0.9809936645548516,0.8550611298193829,0.9765125971845163,0.8548518015163763
1.935,0.9816605535178393,0.9761996074100145,0.970973657885962,0.9813271090363455,0.855774413960476,0.9770337931720826,0.855575731176458
1.94,0.9816605535178393,0.9767453348647106,0.9716572190730244,0.9816605535178393,0.8565063896841153,0.977544940085632,0.856296050222297
1.945,0.9829943314438147,0.9772646938368863,0.9719906635545181,0.9823274424808269,0.8572186724904302,0.9780461930908174,0.8570127766619071
1.95,0.9836612204068023,0.9777686990091122,0.9726575525175059,0.9826608869623208,0.8579329579663029,0.9785377058920063,0.8577259284134864
1.955,0.98432810936979,0.9782483383683765,0.9733244414804935,0.9830110036678893,0.8586679376942795,0.9790196307232517,0.858435523305866
1.96,0.9846615538512837,0.9787423301928102,0.9739746582194065,0.9833277759253084,0.8593768827179966,0.9794921183399687,0.8591415790789549
1.965,0.9849949983327776,0.979200607743451,0.974324774924975,0.9836778926308769,0.8600874966330121,0.9799553180113086,0.8598441133841846
1.97,0.9849949983327776,0.9796749066505608,0.9749916638879627,0.98432810936979,0.8607707407307277,0.9804093775132123,0.8605431437849491
1.975,0.9849949983327776,0.9801208344055911,0.9753251083694565,0.9846615538512837,0.8614760141935868,0.9808544431221368,0.8612386877570448
1.98,0.9856618872957652,0.9805600865954278,0.9756585528509503,0.9849949983327776,0.8621729431999521,0.9812906596094351,0.8619307626891072
1.985,0.9856618872957652,0.9809929969983283,0.9759919973324441,0.9853284428142715,0.8628902326801632,0.9817181702363835,0.8626193858830458
1.99,0.9863287762587529,0.9814325829664251,0.9766588862954318,0.9859953317772591,0.8635854927952294,0.9821371167498377,0.8633045745544762
1.995,0.9866622207402468,0.9818451328954818,0.9769923307769256,0.9863287762587529,0.8642734097885815,0.9825476393785078,0.8639863458331508
2.0,0.9869956652217405,0.9822626894984341,0.9776592197399133,0.9866622207402468,0.8649503120993608,0.982949876829839,0.8646647167633873
2.005,0.9869956652217405,0.9826465344971517,0.9779926642214072,0.9869956652217405,0.8656378953144542,0.9833439662874862,0.8653397043044941
2.0100000000000002,0.9873291097032344,0.9830440644045191,0.9783261087029009,0.9873291097032344,0.8663151314034929,0.9837300434093658,0.8660113253311951
2.015,0.9876625541847283,0.9834455996510029,0.9786595531843948,0.9876625541847283,0.8669826879230002,0.9841082423262771,0.8666795966340506
2.02,0.9876625541847283,0.9838184299671491,0.9789929976658887,0.9879959986662221,0.8676328879730009,0.9844786956410768,0.8673445349198783
2.025,0.9876625541847283,0.9841905927267752,0.9796598866288763,0.9883294431477159,0.8682870933621176,0.9848415344283958,0.8680061568121697
2.0300000000000002,0.9879959986662221,0.9845527421386084,0.9799933311103701,0.9886628876292097,0.8689539823251067,0.9851968882348836,0.868664478851507
2.035,0.9886628876292097,0.9849272413460526,0.9806602200733577,0.9890130043347782,0.8696232077359108,0.9855448850799705,0.8693195174959749
2.04,0.9889963321107036,0.9852937298752616,0.9809936645548516,0.9893464488162721,0.8702276801643251,0.9858856514571334,0.8699712891215741
2.045,0.9896632210736912,0.9856271743567546,0.9813271090363455,0.9899966655551851,0.8708638615274157,0.9862193123356504,0.8706198100226289
2.05,0.9899966655551851,0.9859733024121189,0.9816605535178393,0.9900133377792597,0.8715100562382991,0.9865459911628383,0.8712650964121957
2.055,0.9903301100366789,0.9863010726631948,0.9823107702567523,0.9903301100366789,0.8721582536187409,0.9868658098667518,0.8719071644224681
2.06,0.9903301100366789,0.9866305118055706,0.9826608869623208,0.9906635545181727,0.8728221385773913,0.98717888885934,0.8725460301051793
2.065,0.9903301100366789,0.986940258030621,0.9829943314438147,0.9909969989996665,0.8734493079274678,0.9874853470400434,0.8731817094320049
2.07,0.9909969989996665,0.9872363193470215,0.9833111037012338,0.9909969989996665,0.8740748083862453,0.9877853017998203,0.8738142182949612
2.075,0.9913304434811604,0.9875607518155002,0.9836612204068023,0.9913304434811604,0.8747193342058285,0.9880788690255904,0.8744435725068028
2.08,0.9916638879626543,0.9878538091275627,0.9839946648882961,0.9916638879626543,0.875351844008061,0.9883661631050852,0.8750697878014175
2.085,0.9916638879626543,0.9881365193135718,0.98432810936979,0.9916638879626543,0.8759710026799046,0.9886472969320906,0.8756928798342206
2.09,0.9916638879626543,0.98842290106044,0.9846615538512837,0.9923307769256419,0.8765744737735386,0.9889223819120728,0.8763128641825452
2.095,0.9916638879626543,0.9886912587812814,0.9849949983327776,0.9923307769256419,0.877222003597461,0.9891915279681723,0.8769297563460323
2.1,0.991997332444148,0.9889579476108235,0.9853284428142715,0.9926642214071357,0.8778354880388888,0.9894548435475585,0.8775435717470181
2.105,0.9923307769256419,0.9892119528664959,0.9856618872957652,0.9929976658886296,0.8784279444499519,0.9897124356281312,0.8781543257309197
2.11,0.9923307769256419,0.9894709647960651,0.9859953317772591,0.9930143381127042,0.8790427640044182,0.9899644097255562,0.8787620335666183
2.115,0.9926642214071357,0.989725971386518,0.9863287762587529,0.9933311103701233,0.8796816155935857,0.990210869900628,0.8793667104468418
2.12,0.9926642214071357,0.9899599499466056,0.9863287762587529,0.9936645548516172,0.8802934311437138,0.9904519187669439,0.8799683714885432
2.125,0.9926642214071357,0.9902046094110063,0.9866622207402468,0.9936645548516172,0.8808895591156347,0.9906876574988824,0.8805670317332803
2.13,0.9926642214071357,0.9904335812971984,0.9869956652217405,0.9939979993331111,0.8814746724049812,0.990918185839872,0.8811627061475904
2.1350000000000002,0.9929976658886296,0.9906615518486109,0.9873291097032344,0.9939979993331111,0.8820734706029796,0.9911436021109418,0.8817554096233646
2.14,0.9933311103701233,0.9908951966304395,0.9873291097032344,0.9943314438146049,0.8826722688009775,0.9913640032195423,0.8823451569782208
2.145,0.9933311103701233,0.9911281738557487,0.9876625541847283,0.9943314438146049,0.8832426958468966,0.9915794846686268,0.8829319629558736
2.15,0.9936645548516172,0.9913561444071621,0.9879793264421475,0.9946648882960987,0.8838014406537242,0.991790140565981,0.883515842226503
2.1550000000000002,0.9936645548516172,0.9915684273803667,0.9879959986662221,0.9946815605201733,0.8843835499387338,0.9919960636337949,0.8840968093871213
2.16,0.9936645548516172,0.9917820454666101,0.9886628876292097,0.9949983327775925,0.8849169275978207,0.9921973452184614,0.8846748789619375
2.165,0.9939979993331111,0.9919799759746452,0.9886628876292097,0.9950150050016672,0.8854906924263383,0.9923940753005966,0.8852500654027212
2.17,0.9943314438146049,0.9921675593566279,0.9889963321107036,0.9953317772590864,0.8860677950374524,0.9925863425052701,0.8858223830891635
2.1750000000000003,0.9943314438146049,0.9923634871951039,0.9893297765921975,0.9953317772590864,0.8866292100703581,0.9927742341124338,0.8863918463292363
2.18,0.9946648882960987,0.9925487341292678,0.9893297765921975,0.995348449483161,0.8871973006684588,0.992957836067545,0.8869584693595501
2.185,0.9946648882960987,0.9927239677156392,0.9896632210736912,0.9956652217405801,0.8877530414709482,0.9931372329923678,0.8875222663457104
2.19,0.9953317772590864,0.9929172253280373,0.9899799933311104,0.9956652217405801,0.8883271400777246,0.9933125081959508,0.8880832513826711
2.195,0.9956652217405801,0.9930954629187464,0.9903134378126043,0.995998666222074,0.8888561786194334,0.9934837436857653,0.8886414384950874
2.2,0.9956652217405801,0.9932626858268834,0.9903301100366789,0.995998666222074,0.8893935616176355,0.9936510201790003,0.8891968416376661
2.205,0.9956652217405801,0.9934359167436958,0.9906635545181727,0.9963321107035679,0.8899549766505418,0.9938144171140035,0.8897494746955148
2.21,0.995998666222074,0.9935951289735978,0.9906635545181727,0.9963321107035679,0.8905127201225906,0.9939740126618601,0.8902993514844886
2.215,0.995998666222074,0.9937556763165393,0.9909969989996665,0.9963321107035679,0.891053440903391,0.9941298837381006,0.8908464857515359
2.22,0.995998666222074,0.9939259032290139,0.9909969989996665,0.9966655551850617,0.8915901563450744,0.9942821060145306,0.891390891175042
2.225,0.9963321107035679,0.994088787019773,0.9913304434811604,0.9966655551850617,0.8921298757910964,0.9944307539311732,0.8919325813651707
2.23,0.9963321107035679,0.9942453290235973,0.9916638879626543,0.9966655551850617,0.8926742681327543,0.9945759007083178,0.8924715698642051
2.235,0.9963321107035679,0.9943965305752644,0.9916638879626543,0.9969989996665555,0.8932240009265697,0.994717618358665,0.8930078701468855
2.24,0.9963321107035679,0.994540055226958,0.9916638879626543,0.9969989996665555,0.8937670581551883,0.994855977699564,0.8935414956207473
2.245,0.9966655551850617,0.9946815772090921,0.991997332444148,0.9973324441480493,0.8942830793447677,0.9949910483653304,0.8940724596264547
2.25,0.9966655551850617,0.9948177587390703,0.9923307769256419,0.9973324441480493,0.8948127854429969,0.9951228988196408,0.8946007754381357
2.255,0.9966655551850617,0.9949566104951265,0.9923307769256419,0.9973324441480493,0.895346163102083,0.9952515963679961,0.8951264562637131
2.2600000000000002,0.9966655551850617,0.9950831124555728,0.9923307769256419,0.9973324441480493,0.895870528748155,0.9953772071702457,0.8956495152452351
2.265,0.9966655551850617,0.9952009361812645,0.9926642214071357,0.9976658886295432,0.8963695272464862,0.9954997962531662,0.896169965459203
2.27,0.9966655551850617,0.995332111037347,0.9926642214071357,0.9976658886295432,0.8968872173273645,0.99561942752309,0.8966878199168998
2.275,0.9973324441480493,0.995456276549973,0.9929976658886296,0.9976658886295432,0.8973968967300094,0.995736163778573,0.8972030915647136
2.2800000000000002,0.9973324441480493,0.995582110953899,0.9929976658886296,0.9976825608536178,0.897909913915251,0.9958500667231005,0.8977157932844626
2.285,0.9973324441480493,0.9956912564448378,0.9929976658886296,0.9979993331110371,0.8984165893135574,0.9959611969778205,0.8982259378937163
2.29,0.9976658886295432,0.9957987330444769,0.9933311103701233,0.9979993331110371,0.8989049069075765,0.9960696140943003,0.8987335381461166
2.295,0.9976658886295432,0.9959048745310773,0.9936645548516172,0.9979993331110371,0.8994312752232072,0.9961753765673022,0.8992386067316963
2.3000000000000003,0.9976658886295432,0.9960176915828722,0.9936645548516172,0.9979993331110371,0.8999296061650177,0.9962785418475695,0.8997411562771963
2.305,0.9979993331110371,0.9961234992912134,0.9939979993331111,0.9983327775925308,0.900429272219868,0.9963791663546189,0.9002411993463814
2.31,0.9979993331110371,0.9962276381082555,0.9939979993331111,0.9983327775925308,0.9009269356051617,0.9964773054895343,0.9007387484403544
2.315,0.9979993331110371,0.9963377849339726,0.9939979993331111,0.9983327775925308,0.901414919420922,0.9965730136477557,0.9012338159978684
2.32,0.9979993331110371,0.9964305752901834,0.9943314438146049,0.9983327775925308,0.9018915547758491,0.9966663442318595,0.9017264143956385
2.325,0.9983327775925308,0.9965143536333814,0.9943314438146049,0.9986662220740247,0.9023792048133497,0.996757349664323,0.9022165559486499
2.33,0.9983327775925308,0.9965981319765793,0.9946648882960987,0.9986662220740247,0.9028531699422003,0.9968460814002702,0.9027042529104672
2.335,0.9983327775925308,0.9966952614501671,0.9946648882960987,0.9986662220740247,0.9033364808623232,0.996932589940195,0.9031895174735398
2.34,0.9983327775925308,0.9967810424629239,0.9946648882960987,0.9986662220740247,0.9038374820302133,0.9970169248426538,0.9036723617695069
2.345,0.9983327775925308,0.9968701612582778,0.9946648882960987,0.9986662220740247,0.9043181227242599,0.9970991347369268,0.9041527978695013
2.35,0.9983327775925308,0.9969506018188783,0.9949983327775925,0.9986662220740247,0.9047820745053169,0.9971792673356418,0.9046308377844504
2.355,0.9983327775925308,0.9970437259533492,0.9949983327775925,0.9986662220740247,0.9052590436385044,0.9972573694473564,0.9051064934653769
2.36,0.9983327775925308,0.997128505631326,0.9953151050350117,0.9989996665555185,0.9057249980891204,0.9973334869890969,0.9055797768036976
2.365,0.9983327775925308,0.9971992666223941,0.9953317772590864,0.9989996665555185,0.9062233290309339,0.9974076649988448,0.9060506996315209
2.37,0.9983327775925308,0.9972663560526042,0.9953317772590864,0.9989996665555185,0.9066729283468221,0.9974799476479747,0.9065192737219415
2.375,0.9983327775925308,0.9973441263871259,0.9956485495165055,0.9989996665555185,0.9071221938844499,0.9975503782536324,0.9069855107893365
2.38,0.9983327775925308,0.9974165562694927,0.9956652217405801,0.9989996665555185,0.9075878145568058,0.9976189992910559,0.9074494224896568
2.3850000000000002,0.9983327775925308,0.9974889861518595,0.9956652217405801,0.9990163387795932,0.9080654512465122,0.9976858524058317,0.9079110204207188
2.39,0.9986662220740247,0.9975540729125115,0.9956652217405801,0.9993331110370124,0.9085143830058812,0.997750978426086,0.9083703161224952
2.395,0.9986662220740247,0.9976091463253707,0.995998666222074,0.9993331110370124,0.9089609783174315,0.9978144173746053,0.9088273210774022
2.4,0.9986662220740247,0.9976752344208023,0.995998666222074,0.9993331110370124,0.9094002305072667,0.9978762084808865,0.9092820467105875
2.4050000000000002,0.9986662220740247,0.9977329780597393,0.995998666222074,0.9993331110370124,0.9098361449145044,0.9979363901931103,0.9097345043902157
2.41,0.9986662220740247,0.9978020701595084,0.995998666222074,0.9993331110370124,0.9102773997738984,0.9979950001900375,0.9101847054277523
2.415,0.9986662220740247,0.9978591462419264,0.995998666222074,0.9993331110370124,0.9107012981637855,0.9980520753928251,0.9106326610782468
2.42,0.9986662220740247,0.9979128845417469,0.995998666222074,0.9993331110370124,0.9111518988144531,0.9981076519767592,0.9110783825406137
2.4250000000000003,0.9986662220740247,0.9979746335198014,0.9963321107035679,0.9993331110370124,0.9115918185608072,0.9981617653829022,0.9115218809579128
2.43,0.9986662220740247,0.9980363824978562,0.9963321107035679,0.9996665555185061,0.9120417516549553,0.9982144503296534,0.9119631674176274
2.435,0.9986662220740247,0.9980947936933136,0.9963321107035679,0.9996665555185061,0.912461644705726,0.9982657408242188,0.9124022529519423
2.44,0.9986662220740247,0.9981468631018351,0.9963321107035679,0.9996665555185061,0.9128948888868861,0.9983156701739905,0.9128391485380187
2.445,0.9986662220740247,0.998198598732097,0.9966655551850617,0.9996665555185061,0.9133288006245665,0.9983642709978306,0.9132738650982688
2.45,0.9986662220740247,0.998250334362359,0.9966655551850617,0.9996665555185061,0.9137496950101158,0.9984115752372614,0.9137064135006295
2.455,0.9986662220740247,0.9982997335448025,0.9966655551850617,0.9996665555185061,0.9141632462739504,0.9984576141675565,0.9141368045588332
2.46,0.9986662220740247,0.9983441260533499,0.9966655551850617,0.9996665555185061,0.914601163350748,0.9985024184087347,0.9145650490326788
2.465,0.9986662220740247,0.9983895198966766,0.9969989996665555,0.9996665555185061,0.9150427519884023,0.9985460179364513,0.9149911576283004
2.47,0.9986662220740247,0.9984365826313016,0.9969989996665555,0.9996665555185061,0.9154956890868877,0.9985884420927894,0.9154151409984354
2.475,0.9986662220740247,0.9984826440311478,0.9969989996665555,0.9996665555185061,0.9159255954854486,0.998629719596947,0.9158370097426897
2.48,0.9986662220740247,0.9985210285310195,0.9969989996665555,0.9996665555185061,0.9163304685145289,0.9986698785558183,0.9162567744078041
2.485,0.9986662220740247,0.998559746809151,0.9969989996665555,0.9996665555185061,0.9167663829217672,0.9987089464744717,0.916674445487917
2.49,0.9986662220740247,0.998600801535101,0.9973324441480493,0.9996665555185061,0.9171926177594728,0.9987469502665179,0.9170900334248273
2.495,0.9986662220740247,0.9986321766915178,0.9973324441480493,0.9996665555185061,0.9176251943841142,0.9987839162643725,0.917503548608255
2.5,0.9986662220740247,0.9986725638609482,0.9973324441480493,0.9996665555185061,0.9180460887696636,0.9988198702294078,0.9179150013761012
2.505,0.9986662220740247,0.9987139523651577,0.9973324441480493,0.9996832277425808,0.9184466226813682,0.9988548373619962,0.9183244020147066
2.5100000000000002,0.9986662220740247,0.9987543395345883,0.9973324441480493,1.0,0.9188394796930971,0.9988888423114423,0.9187317607591083
2.515,0.9986662220740247,0.9987890524736027,0.9973324441480493,1.0,0.919245354056957,0.998921909185803,0.9191370877932963
2.52,0.9989996665555185,0.9988247667473967,0.9976658886295432,1.0,0.919666582220766,0.9989540615615979,0.9195403932504675
2.525,0.9989996665555185,0.9988601472429308,0.9976658886295432,1.0,0.9200564352281586,0.9989853224934041,0.9199416872132795
2.5300000000000002,0.9989996665555185,0.9988945264036857,0.9976658886295432,1.0,0.9204653135963561,0.9990157145233405,0.920340979714102
2.535,0.9989996665555185,0.9989289055644405,0.9976658886295432,1.0,0.9208848728688671,0.999045259690438,0.9207382807352684
2.54,0.9989996665555185,0.9989572767165197,0.9976658886295432,1.0,0.9212730569849614,0.9990739795398951,0.9211336002093251
2.545,0.9989996665555185,0.9989903207642358,0.9976658886295432,1.0,0.9217022958270045,0.9991018951322205,0.9215269480192793
2.5500000000000003,0.9989996665555185,0.9990210283641332,0.9976658886295432,1.0,0.9221228564342947,0.9991290270522605,0.9219183339988468
2.555,0.9989996665555185,0.9990517359640307,0.9979993331110371,1.0,0.922501694759115,0.9991553954181126,0.9223077679326976
2.56,0.9989996665555185,0.9990851137900063,0.9979993331110371,1.0,0.9228998922230014,0.9991810198899245,0.9226952595567003
2.565,0.9989996665555185,0.999108812046449,0.9979993331110371,1.0,0.9232814007739001,0.9992059196785773,0.9230808185581655
2.57,0.9993331110370124,0.9991351805289699,0.9979993331110371,1.0,0.9236899453638382,0.999230113554256,0.9234644545760885
2.575,0.9993331110370124,0.9991602138984517,0.9979993331110371,1.0,0.9240871414929455,0.9992536198549038,0.9238461772013897
2.58,0.9993331110370124,0.9991835783766344,0.9979993331110371,1.0,0.9244706527134019,0.9992764564945624,0.9242259959771545
2.585,0.9996665555185061,0.9992072766330772,0.9979993331110371,1.0,0.9248224549991811,0.9992986409715986,0.9246039203988723
2.59,0.9996665555185061,0.9992269695504028,0.9979993331110371,1.0,0.9251869408588326,0.9993201903768155,0.9249799599146731
2.595,0.9996665555185061,0.999250000250326,0.9979993331110371,1.0,0.9255467538228466,0.9993411214014513,0.9253541239255645
2.6,0.9996665555185061,0.9992710282806906,0.9979993331110371,1.0,0.9259109059042365,0.9993614503450633,0.9257264217856661
2.605,0.9996665555185061,0.9992893860849773,0.9983161053684562,1.0,0.9262847375551607,0.9993811931232999,0.9260968628024441
2.61,0.9996665555185061,0.9993087452240431,0.9983327775925308,1.0,0.9266362060626814,0.9994003652755584,0.9264654562369429
2.615,0.9996665555185061,0.9993301070326676,0.9983327775925308,1.0,0.9270053648179682,0.9994189819725319,0.9268322113040178
2.62,0.9996665555185061,0.999348798615214,0.9983327775925308,1.0,0.9273708520123985,0.9994370580236428,0.9271971371725645
2.625,0.9996665555185061,0.9993708279803578,0.9983327775925308,1.0,0.9277453512198423,0.9994546078843661,0.9275602429657486
2.63,0.9996665555185061,0.9993881844498652,0.9983327775925308,1.0,0.9281024939577774,0.9994716456634417,0.9279215377612339
2.6350000000000002,0.9996665555185061,0.9994075435889311,0.9983327775925308,1.0,0.9284763256087015,0.9994881851299751,0.9282810305914092
2.64,0.9996665555185061,0.9994272365062568,0.9983327775925308,1.0,0.9288338021248972,0.9995042397204301,0.9286387304436139
2.645,0.9996665555185061,0.9994475969801019,0.9986662220740247,1.0,0.9291785950672229,0.9995198225455121,0.928994646260363
2.65,0.9996665555185061,0.999462617001791,0.9986662220740247,1.0,0.9295364053616791,0.999534946396942,0.9293487869395705
2.6550000000000002,0.9996665555185061,0.9994813085843373,0.9986662220740247,1.0,0.9298962183256938,0.9995496237541236,0.9297011613347715
2.66,0.9996665555185061,0.9994956610495068,0.9986662220740247,1.0,0.9302466854984358,0.999563866790704,0.9300517782553447
2.665,0.9996665555185061,0.9995126837407545,0.9986662220740247,1.0,0.9305924797755406,0.9995776873810266,0.9304006464667309
2.67,0.9996665555185061,0.9995263686494046,0.9986662220740247,1.0,0.9309429469482827,0.999591097106481,0.9307477746906541
2.6750000000000003,0.9996665555185061,0.9995373833319766,0.9986662220740247,1.0,0.931291411451466,0.9996041072617461,0.9310931716053374
2.68,0.9996665555185061,0.9995493993493277,0.9986662220740247,1.0,0.931615843919947,0.9996167288609308,0.9314368458457221
2.685,0.9996665555185061,0.9995620829231986,0.9986662220740247,1.0,0.9319449492840637,0.9996289726436114,0.9317788060036819
2.69,0.9996665555185061,0.9995744327188095,0.9986662220740247,1.0,0.9322777262090377,0.9996408490807672,0.9321190606282386
2.695,0.9996665555185061,0.9995874500709401,0.9986662220740247,1.0,0.9326024924557778,0.9996523683806149,0.9324576182257754
2.7,0.9996665555185061,0.9995991323100315,0.9986662220740247,1.0,0.9329058968938926,0.9996635404943427,0.9327944872602503
2.705,0.9996665555185061,0.9996091456578242,0.9986662220740247,1.0,0.933233667144971,0.9996743751217457,0.9331296761534063
2.71,0.9996665555185061,0.9996221630099548,0.9986662220740247,1.0,0.9335727858568803,0.9996848817167625,0.9334631932849832
2.715,0.9996665555185061,0.999631508801228,0.9986662220740247,1.0,0.9338952156558024,0.9996950694929142,0.9337950469929268
2.72,1.0,0.9996425234838,0.9986662220740247,1.0,0.9342286601372961,0.999704947428648,0.9341252455735971
2.725,1.0,0.9996515354968134,0.9989996665555185,1.0,0.9345667775144265,0.9997145242725852,0.9344537972819756
2.73,1.0,0.9996635515141646,0.9989996665555185,1.0,0.9349015571089591,0.9997238085486735,0.9347807103318725
2.735,1.0,0.9996728973054378,0.9989996665555185,1.0,0.9352410095991285,0.9997328085612485,0.9351059928961307
2.74,1.0,0.999680907983672,0.9989996665555185,1.0,0.9355744540806217,0.9997415324000001,0.9354296531068316
2.745,1.0,0.9996922564445038,0.9989996665555185,1.0,0.9359088998968939,0.9997499879448503,0.9357516990554969
2.75,1.0,0.9997036049053355,0.9989996665555185,1.0,0.9362353350349331,0.9997581828707384,0.9360721387932924
2.755,1.0,0.9997116155835697,0.9989996665555185,1.0,0.9365507554904008,0.999766124652319,0.9363909803312283
2.7600000000000002,1.0,0.9997199600400636,0.9989996665555185,1.0,0.936861503050231,0.9997738205685704,0.9367082316403593
2.765,1.0,0.9997309747226355,0.9989996665555185,1.0,0.9371825977361138,0.9997812777073171,0.9370239006519849
2.77,1.0,0.9997396529573892,0.9989996665555185,1.0,0.9375073639828547,0.9997885029696651,0.9373379952578469
2.775,1.0,0.9997473298573637,0.9989996665555185,1.0,0.9378197804339832,0.9997955030743542,0.9376505233103266
2.7800000000000002,1.0,0.9997570094268967,0.9989996665555185,1.0,0.9381158417503848,0.9998022845620239,0.9379614926226417
2.785,1.0,0.9997656876616504,0.9989996665555185,1.0,0.9384342662101897,0.9998088537993991,0.9382709109690412
2.79,1.0,0.9997740321181442,0.9989996665555185,1.0,0.938742009765684,0.9998152169833927,0.9385787860849999
2.795,1.0,0.9997797063485601,0.9989996665555185,1.0,0.9390457479820604,0.9998213801451278,0.9388851256674117
2.8000000000000003,1.0,0.999786715692015,0.9989996665555185,1.0,0.9393705142288004,0.9998273491538807,0.9391899373747821
2.805,1.0,0.9997953939267686,0.9989996665555185,1.0,0.9396839320147098,0.999833129720946,0.9394932288274196
2.81,1.0,0.9997997330441456,0.9989996665555185,1.0,0.9399870026745668,0.9998387274034227,0.9397950076076265
2.815,1.0,0.9998070761658603,0.9993331110370124,1.0,0.940269379082318,0.999844147607927,0.9400952812598878
2.82,1.0,0.9998124166180162,0.9993331110370124,1.0,0.9405600999465626,0.999849395594226,0.9403940572910606
2.825,1.0,0.9998204272962504,0.9993331110370124,1.0,0.9408471492499513,0.999854476478802,0.9406913431705612
2.83,1.0,0.9998264353049261,0.9993331110370124,1.0,0.9411438781228716,0.9998593952383398,0.9409871463305521
2.835,1.0,0.9998354473179396,0.9993331110370124,1.0,0.9414265883088834,0.9998641567131445,0.9412814741661277
2.84,1.0,0.999840453991836,0.9993331110370124,1.0,0.9416992851471012,0.9998687656104881,0.9415743340354992
2.845,1.0,0.9998444593309529,0.9993331110370124,1.0,0.9419896722330875,0.9998732265078856,0.9418657332601785
2.85,1.0,0.9998464620005115,0.9993331110370124,1.0,0.9422723824190992,0.9998775438563031,0.9421556791251615
2.855,1.0,0.9998521362309275,0.9993331110370124,1.0,0.94256877751376,0.9998817219832989,0.9424441788791099
2.86,1.0,0.9998561415700445,0.9993331110370124,1.0,0.9428508201432517,0.9998857650960968,0.9427312397345327
2.865,1.0,0.9998618158004603,0.9993331110370124,1.0,0.9431351992205618,0.9998896772845945,0.943016868867966
2.87,1.0,0.9998654873613178,0.9993331110370124,1.0,0.9434068947240005,0.9998934625243083,0.9433010734201531
2.875,1.0,0.9998688251439154,0.9993331110370124,1.0,0.9436876022404519,0.9998971246792534,0.9435838604962227
2.88,1.0,0.9998728304830324,0.9993331110370124,1.0,0.9439546248482548,0.9999006675047621,0.9438652371658662
2.8850000000000002,1.0,0.9998771696004092,0.9993331110370124,1.0,0.9442326621386291,0.9999040946502417,0.9441452104635154
2.89,1.0,0.9998811749395263,0.9993331110370124,1.0,0.9445260532289523,0.9999074096618702,0.944423787388517
2.895,1.0,0.999884512722124,0.9993331110370124,1.0,0.9448040905193269,0.9999106159852349,0.9447009749053086
2.9,1.0,0.9998898531742801,0.9993331110370124,1.0,0.9450744509097271,0.9999137169679112,0.9449767799435927
2.9050000000000002,1.0,0.9998935247351374,0.9993331110370124,1.0,0.9453564935392192,0.9999167158619847,0.9452512093985097
2.91,1.0,0.9998958611829556,0.9993331110370124,1.0,0.9456295241556973,0.9999196158265174,0.9455242701308102
2.915,1.0,0.9998985314090337,0.9993331110370124,1.0,0.9459162396808254,0.9999224199299577,0.9457959689670266
2.92,1.0,0.9999025367481508,0.9993331110370124,1.0,0.9461916067451221,0.9999251311524968,0.946066312699644
2.9250000000000003,1.0,0.9999048731959691,0.9993331110370124,1.0,0.9464609658007437,0.9999277523883722,0.9463353080872698
2.93,1.0,0.9999082109785666,0.9993331110370124,1.0,0.9467586960084436,0.9999302864481172,0.9466029618548029
2.935,1.0,0.9999102136481253,0.9996498832944315,1.0,0.9470507519857287,0.999932736060761,0.9468692806936012
2.94,1.0,0.9999138852089826,0.9996665555185061,1.0,0.9473064261327001,0.999935103875977,0.9471342712616496
2.945,1.0,0.9999178905480997,0.9996665555185061,1.0,0.9475687758448674,0.9999373924661813,0.9473979401837261
2.95,1.0,0.9999205607741777,0.9996665555185061,1.0,0.9478327944483337,0.9999396043285839,0.9476602940515676
2.955,1.0,0.9999225634437363,0.9996665555185061,1.0,0.9480864659257472,0.999941741887191,0.9479213394240343
2.96,1.0,0.9999248998915545,0.9996665555185061,1.0,0.9483347969510043,0.9999438074947606,0.9481810828272742
2.965,1.0,0.9999285714524119,0.9996665555185061,1.0,0.9485974804414301,0.9999458034347132,0.9484395307548859
2.97,1.0,0.9999309079002302,0.9996665555185061,1.0,0.9488544897014408,0.9999477319229956,0.9486966896680809
2.975,1.0,0.999932576791529,0.9996665555185061,1.0,0.9490991491658406,0.9999495951099019,0.9489525659958457
2.98,1.0,0.999935247017607,0.9996665555185061,1.0,0.9493468126345788,0.9999513950818513,0.9492071661351015
2.985,1.0,0.9999375834654254,0.9996665555185061,1.0,0.9496011516685108,0.999953133863122,0.9494604964508653
2.99,1.0,0.9999389185784644,0.9996665555185061,1.0,0.9498421395720531,0.9999548134175448,0.9497125632764082
2.995,1.0,0.9999399199132437,0.9996665555185061,1.0,0.9501161715233108,0.9999564356501548,0.9499633729134137
3.0,1.0,0.9999415888045424,0.9996665555185061,1.0,0.9503344625051898,0.9999580024088045,0.950212931632136
3.005,1.0,0.9999445928088803,0.9996665555185061,1.0,0.9505891353173813,0.9999595154857361,0.9504612456715561
3.0100000000000002,1.0,0.9999465954784389,0.9996665555185061,1.0,0.950853153920846,0.9999609766191161,0.9507083212395379
3.015,1.0,0.9999485981479974,0.9996665555185061,1.0,0.9510857973678937,0.9999623874945325,0.9509541645129833
3.02,1.0,0.9999522697088546,0.9996665555185061,1.0,0.9513267852714352,0.9999637497464544,0.951198781637987
3.025,1.0,0.9999539386001535,0.9996665555185061,1.0,0.951564769170639,0.9999650649596564,0.95144217872999
3.0300000000000002,1.0,0.9999562750479718,0.9996665555185061,1.0,0.9517957437263874,0.999966334670607,0.9516843618739322
3.035,1.0,0.999957276382751,0.9996665555185061,1.0,0.9520437409733838,0.9999675603688222,0.9519253371244049
3.04,1.0,0.9999592790523096,0.9996665555185061,1.0,0.9522974124507962,0.9999687434981852,0.9521651105058017
3.045,1.0,0.9999606141653485,0.9996665555185061,1.0,0.9525360639065201,0.9999698854582347,0.9524036880124697
3.0500000000000003,1.0,0.9999612817218682,0.9996665555185061,1.0,0.9527743815839834,0.9999709876054175,0.9526410756088591
3.055,1.0,0.999961615500128,0.9996665555185061,1.0,0.9530190410483828,0.9999720512543118,0.9528772792296721
3.06,1.0,0.9999629506131669,0.9996665555185061,1.0,0.9532506831606516,0.9999730776788186,0.9531123047800115
3.065,1.0,0.9999639519479463,0.9996665555185061,1.0,0.9534693079207903,0.9999740681133229,0.9533461581355284
3.0700000000000003,1.0,0.9999652870609852,0.9996665555185061,1.0,0.9536962771374224,0.9999750237538243,0.9535788451425687
3.075,1.0,0.9999666221740243,0.9996665555185061,1.0,0.9539215774627561,0.9999759457590397,0.9538103716183199
3.08,1.0,0.9999689586218425,0.9996665555185061,1.0,0.9541245146446857,0.9999768352514764,0.9540407433509558
3.085,1.0,0.9999702937348817,0.9996665555185061,1.0,0.9543675052177859,0.9999776933184787,0.9542699660997818
3.09,1.0,0.9999716288479206,0.9996665555185061,1.0,0.9545911366518213,0.9999785210132454,0.9544980455953784
3.095,1.0,0.9999729639609596,0.9996665555185061,1.0,0.9548224449858311,0.9999793193558224,0.9547249875397451
3.1,1.0,0.9999749666305181,0.9996665555185061,1.0,0.9550494142024637,0.9999800893340687,0.9549507976064422
3.105,1.0,0.9999759679652974,0.9996665555185061,1.0,0.9552720443017195,0.9999808319045962,0.9551754814407332
3.11,1.0,0.9999763017435572,0.9996665555185061,1.0,0.9554876650575209,0.9999815479936861,0.9553990446597255
3.115,1.0,0.9999776368565962,0.9996665555185061,1.0,0.9557176382784915,0.9999822384981798,0.9556214928525113
3.12,1.0,0.9999779706348559,0.9996665555185061,1.0,0.9559219105734612,0.9999829042863467,0.9558428315803071
3.125,1.0,0.9999789719696353,0.9996665555185061,1.0,0.9561422042248987,0.9999835461987286,0.9560630663765926
3.13,1.0,0.999979305747895,0.9996665555185061,1.0,0.9563601614285177,0.9999841650489613,0.9562822027472491
3.1350000000000002,1.0,0.9999799733044146,0.9996665555185061,1.0,0.9565781186321365,0.9999847616245742,0.9565002461706973
3.14,1.0,0.9999813084174536,0.9996665555185061,1.0,0.9568000811748733,0.9999853366877692,0.9567172020980341
3.145,1.0,0.9999823097522328,0.9996665555185061,1.0,0.9570213761610904,0.9999858909761772,0.9569330759531691
3.15,1.0,0.9999833110870121,0.9996665555185061,1.0,0.9572159688865272,0.9999864252035937,0.9571478731329598
3.1550000000000002,1.0,0.9999836448652719,0.9996665555185061,1.0,0.9574255816336529,0.9999869400606968,0.957361599007347
3.16,1.0,0.9999843124217914,0.9996665555185061,1.0,0.9576395334981557,0.9999874362157424,0.9575742589194887
3.165,1.0,0.9999846462000511,0.9996665555185061,1.0,0.9578731782799839,0.9999879143152428,0.9577858581858936
3.17,1.0,0.9999846462000511,0.9996665555185061,1.0,0.9580964759357591,0.999988374984625,0.9579964020965545
3.1750000000000003,1.0,0.9999846462000511,0.9996665555185061,1.0,0.9582970766698707,0.9999888188288718,0.9582058959150801
3.18,1.0,0.9999853137565706,0.9996665555185061,1.0,0.9585093596430749,0.999989246433144,0.9584143448788268
3.185,1.0,0.9999866488696096,0.9996665555185061,1.0,0.9587183048336804,0.999989658363387,0.9586217541990296
3.19,1.0,0.9999873164261291,0.9996665555185061,1.0,0.9589392660416363,0.9999900551669184,0.9588281290609323
3.1950000000000003,1.0,0.999987650204389,0.9996665555185061,1.0,0.9591595596930739,0.9999904373730005,0.9590334746239171
3.2,1.0,0.999988985317428,0.9996665555185061,1.0,0.9593651671010819,0.9999908054933966,0.9592377960216338
3.205,1.0,0.9999899866522073,0.9996665555185061,1.0,0.9595764487395049,0.9999911600229109,0.959441098362128
3.21,1.0,0.999990320430467,0.9996665555185061,1.0,0.9597857277083705,0.9999915014399137,0.9596433867279689
3.215,1.0,0.9999909879869865,0.9996665555185061,1.0,0.9599796528772859,0.9999918302068518,0.959844666176376
3.22,1.0,0.9999913217652463,0.9996665555185061,1.0,0.9601689051505659,0.9999921467707434,0.9600449417393461
3.225,1.0,0.9999919893217658,1.0,1.0,0.9603748463368331,0.9999924515636602,0.9602442184237787
3.23,1.0,0.9999926568782853,1.0,1.0,0.9605711079535674,0.9999927450031947,0.9604425012116012
3.235,1.0,0.9999933244348048,1.0,1.0,0.9607707073528995,0.999993027492914,0.9606397950598938
3.24,1.0,0.9999936582130646,1.0,1.0,0.9609743120913489,0.9999932994228019,0.9608361049010129
3.245,1.0,0.9999936582130646,1.0,1.0,0.9611602265820313,0.9999935611696859,0.9610314356427148
3.25,1.0,0.9999939919913243,1.0,1.0,0.9613591584248447,0.9999938130976539,0.961225792168278
3.255,1.0,0.9999949933261036,1.0,1.0,0.9615377297938128,0.9999940555584574,0.961419179336626
3.2600000000000002,1.0,0.9999949933261036,1.0,1.0,0.9617183038323395,0.9999942888919041,0.961611601982448
3.265,1.0,0.9999956608826231,1.0,1.0,0.9618998792056456,0.9999945134262374,0.9618030649163201
3.27,1.0,0.9999956608826231,1.0,1.0,0.9620914679267443,0.9999947294785063,0.9619935729248257
3.275,1.0,0.9999956608826231,1.0,1.0,0.9622793850869852,0.9999949373549236,0.962183130770675
3.2800000000000002,1.0,0.9999956608826231,1.0,1.0,0.9624609604602913,0.9999951373512138,0.9623717431928238
3.285,1.0,0.9999969959956622,1.0,1.0,0.9626669016465591,0.99999532975295,0.9625594149065927
3.29,1.0,0.9999969959956622,1.0,1.0,0.9628618281502547,0.9999955148358819,0.9627461506037842
3.295,1.0,0.9999969959956622,1.0,1.0,0.9630474088626781,0.999995692866253,0.9629319549528005
3.3000000000000003,1.0,0.9999969959956622,1.0,1.0,0.9632410002533348,0.999995864101109,0.96311683259876
3.305,1.0,0.9999976635521817,1.0,1.0,0.9634225756266409,0.9999960287885963,0.9633007881636134
3.31,1.0,0.9999976635521817,1.0,1.0,0.9635911336478169,0.9999961871682522,0.9634838262462596
3.315,1.0,0.9999979973304415,1.0,1.0,0.96376269567333,0.999996339471286,0.96366595142266
3.3200000000000003,1.0,0.9999979973304415,1.0,1.0,0.9639409332640384,0.9999964859208511,0.9638471682459536
3.325,1.0,0.9999983311087012,1.0,1.0,0.9641251788634224,0.9999966267323097,0.9640274812465703
3.33,1.0,0.9999983311087012,1.0,1.0,0.9642990773367546,0.9999967621134892,0.9642068949323447
3.335,1.0,0.9999983311087012,1.0,1.0,0.9644716406970475,0.9999968922649302,0.9643854137886282
3.34,1.0,0.999998664886961,1.0,1.0,0.9646398649399635,0.9999970173801274,0.9645630422784014
3.345,1.0,0.999998664886961,1.0,1.0,0.9648324549958416,0.999997137645763,0.9647397848423859
3.35,1.0,0.999998664886961,1.0,1.0,0.9650063534691729,0.9999972532419332,0.964915645899155
3.355,1.0,0.999998664886961,1.0,1.0,0.9651922679598564,0.9999973643423672,0.9650906298452442
3.36,1.0,0.999998664886961,1.0,1.0,0.965360158424513,0.9999974711146393,0.9652647410552614
3.365,1.0,0.999998664886961,1.0,1.0,0.9655300515587275,0.9999975737203753,0.9654379838819959
3.37,1.0,0.999998664886961,1.0,1.0,0.9656865935625525,0.9999976723154513,0.9656103626565273
3.375,1.0,0.999998664886961,1.0,1.0,0.965864163596742,0.9999977670501877,0.965781881688334
3.38,1.0,0.999998664886961,1.0,1.0,0.9660350580657362,0.999997858069535,0.9659525452654006
3.3850000000000002,1.0,0.999998664886961,1.0,1.0,0.9662062863129902,0.9999979455132565,0.9661223576543256
3.39,1.0,0.999998664886961,1.0,1.0,0.9663788496732832,0.999998029516103,0.9662913231004276
3.395,1.0,0.999998664886961,1.0,1.0,0.9665370605684068,0.9999981102079825,0.9664594458278514
3.4,1.0,0.999998664886961,1.0,1.0,0.9666805852201013,0.9999981877141255,0.9666267300396739
3.4050000000000002,1.0,0.999998664886961,1.0,1.0,0.966853816136914,0.9999982621552443,0.9667931799180093
3.41,1.0,0.999998664886961,1.0,1.0,0.9670156985928947,0.9999983336476866,0.966958799624113
3.415,1.0,0.9999989986652207,1.0,1.0,0.967181252609733,0.9999984023035855,0.9671235932984865
3.42,1.0,0.9999989986652207,1.0,1.0,0.9673488092961294,0.9999984682310038,0.9672875650609802
3.4250000000000003,1.0,0.9999989986652207,1.0,1.0,0.9675146970912274,0.9999985315340739,0.9674507190108966
3.43,1.0,0.9999989986652207,1.0,1.0,0.967675244434169,0.9999985923131334,0.967613059227093
3.435,1.0,0.9999989986652207,1.0,1.0,0.9678261122075776,0.999998650664856,0.9677745897680832
3.44,1.0,0.9999989986652207,1.0,1.0,0.9679986755678696,0.9999987066823784,0.9679353146721392
3.4450000000000003,1.0,0.9999989986652207,1.0,1.0,0.9681652309194854,0.999998760455423,0.968095237957392
3.45,1.0,0.9999989986652207,1.0,1.0,0.968324776927647,0.9999988120704164,0.9682543636219321
3.455,1.0,0.9999989986652207,1.0,1.0,0.9684836553792896,0.9999988616106044,0.9684126956439092
3.46,1.0,0.9999993324434805,1.0,1.0,0.9686348569309571,0.9999989091561631,0.9685702379816323
3.465,1.0,0.9999993324434805,1.0,1.0,0.9687840558130667,0.9999989547843062,0.968726994573668
3.47,1.0,0.9999996662217402,1.0,1.0,0.9689389289255915,0.9999989985693891,0.9688829693389391
3.475,1.0,0.9999996662217402,1.0,1.0,0.9690897966989996,0.9999990405830091,0.9690381661768231
3.48,1.0,0.9999996662217402,1.0,1.0,0.9692476738158623,0.9999990808941032,0.9691925889672489
3.485,1.0,0.9999996662217402,1.0,1.0,0.9693962051414523,0.9999991195690404,0.9693462415707943
3.49,1.0,0.9999996662217402,1.0,1.0,0.9695434013540042,0.9999991566717147,0.9694991278287826
3.495,1.0,0.9999996662217402,1.0,1.0,0.9697099567056209,0.9999991922636315,0.9696512515633778
3.5,1.0,0.9999996662217402,1.0,1.0,0.9698574866964313,0.999999226403993,0.9698026165776815
3.505,1.0,0.9999996662217402,1.0,1.0,0.9700103571393979,0.9999992591497794,0.9699532266558268
3.5100000000000002,1.0,0.9999996662217402,1.0,1.0,0.9701562182389104,0.9999992905558295,0.9701030855630737
3.515,1.0,0.9999996662217402,1.0,1.0,0.9703080873470978,0.9999993206749164,0.9702521970459025
3.52,1.0,0.9999996662217402,1.0,1.0,0.9704556173379082,0.9999993495578217,0.970400564832108
3.525,1.0,0.9999996662217402,1.0,1.0,0.9706048162200185,0.9999993772534068,0.9705481926308928
3.5300000000000002,1.0,0.9999996662217402,1.0,1.0,0.9707436679760758,0.9999994038086827,0.9706950841329592
3.535,1.0,0.9999996662217402,1.0,1.0,0.9708942019712237,0.999999429268876,0.9708412430106028
3.54,1.0,0.9999996662217402,1.0,1.0,0.9710454035228927,0.9999994536774938,0.9709866729178029
3.545,1.0,0.9999996662217402,1.0,1.0,0.9711932672919634,0.999999477076386,0.9711313774903149
3.5500000000000003,1.0,0.9999996662217402,1.0,1.0,0.9713468052914502,0.9999994995058051,0.9712753603457606
3.555,1.0,0.9999996662217402,1.0,1.0,0.9714876597170657,0.9999995210044648,0.9714186250837188
3.56,1.0,0.9999996662217402,1.0,1.0,0.9716231736905256,0.9999995416095954,0.9715611752858155
3.565,1.0,0.9999996662217402,1.0,1.0,0.9717660307857006,0.9999995613569986,0.9717030145158132
3.5700000000000003,1.0,0.9999996662217402,1.0,1.0,0.9719052163200179,0.9999995802810998,0.9718441463197
3.575,1.0,0.9999996662217402,1.0,1.0,0.9720470720804137,0.999999598414998,0.9719845742257782
3.58,1.0,0.9999996662217402,1.0,1.0,0.9721772456017173,0.9999996157905149,0.972124301744753
3.585,1.0,0.9999996662217402,1.0,1.0,0.9723204364751515,0.9999996324382422,0.9722633323698195
3.59,1.0,0.9999996662217402,1.0,1.0,0.9724662975746639,0.9999996483875864,0.9724016695767507
3.595,1.0,0.9999996662217402,1.0,1.0,0.972615162678514,0.9999996636668129,0.9725393168239839
3.6,1.0,0.9999996662217402,1.0,1.0,0.9727460037563377,0.9999996783030889,0.9726762775527075
3.605,1.0,0.9999996662217402,1.0,1.0,0.9728881932949928,0.9999996923225226,0.9728125551869466
3.61,1.0,0.9999996662217402,1.0,1.0,0.9730317179466871,0.9999997057502042,0.9729481531336496
3.615,1.0,0.9999996662217402,1.0,1.0,0.9731595550201726,0.9999997186102433,0.9730830747827719
3.62,1.0,0.9999996662217402,1.0,1.0,0.973302412115347,0.9999997309258049,0.9732173235073618
3.625,1.0,0.9999996662217402,1.0,1.0,0.9734259100714563,0.9999997427191458,0.9733509026636445
3.63,1.0,0.9999996662217402,1.0,1.0,0.9735714373927096,0.9999997540116479,0.9734838155911059
3.6350000000000002,1.0,0.9999996662217402,1.0,1.0,0.9736992744661958,0.9999997648238513,0.9736160656125759
3.64,1.0,0.9999996662217402,1.0,1.0,0.9738214373092663,0.9999997751754862,0.973747656034312
3.645,1.0,0.9999996662217402,1.0,1.0,0.9739429325958169,0.9999997850855029,0.9738785901460818
3.65,1.0,0.9999996662217402,1.0,1.0,0.9740777790127578,0.9999997945721022,0.9740088712212447
3.6550000000000002,1.0,0.9999996662217402,1.0,1.0,0.9742066174210233,0.9999998036527625,0.9741385025168344
3.66,1.0,0.9999996662217402,1.0,1.0,0.9743438002857822,0.9999998123442687,0.9742674872736401
3.665,1.0,0.9999996662217402,1.0,1.0,0.9744789804809827,0.9999998206627372,0.9743958287162874
3.67,1.0,0.9999996662217402,1.0,1.0,0.9746024784370919,0.9999998286236422,0.9745235300533189
3.6750000000000003,1.0,0.9999996662217402,1.0,1.0,0.9747326519583963,0.9999998362418402,0.9746505944772751
3.68,1.0,0.9999996662217402,1.0,1.0,0.9748514770188688,0.999999843531593,0.9747770251647728
3.685,1.0,0.9999996662217402,1.0,1.0,0.9749809829836532,0.999999850506591,0.9749028252765859
3.69,1.0,0.9999996662217402,1.0,1.0,0.9751181658484122,0.9999998571799753,0.9750279979577239
3.6950000000000003,1.0,0.9999996662217402,1.0,1.0,0.9752383260219236,0.9999998635643584,0.9751525463375101
3.7,1.0,0.9999996662217402,1.0,1.0,0.9753654955388901,0.9999998696718446,0.9752764735296606
3.705,1.0,0.9999996662217402,1.0,1.0,0.9754883259384798,0.99999987551405,0.9753997826323617
3.71,1.0,0.9999996662217402,1.0,1.0,0.9756088198902514,0.9999998811021211,0.9755224767283474
3.715,1.0,0.9999996662217402,1.0,1.0,0.975734654294178,0.9999998864467528,0.9756445588849763
3.72,1.0,0.9999996662217402,1.0,1.0,0.9758454686764164,0.9999998915582062,0.9757660321543089
3.725,1.0,1.0,1.0,1.0,0.9759676315194863,0.999999896446326,0.9758868995731831
3.73,1.0,1.0,1.0,1.0,0.9760897943625562,0.9999999011205558,0.9760071641632908
3.735,1.0,1.0,1.0,1.0,0.9761999411882751,0.9999999055899539,0.976126828931253
3.74,1.0,1.0,1.0,1.0,0.9763261093704613,0.9999999098632091,0.976245896868695
3.745,1.0,1.0,1.0,1.0,0.9764522775526483,0.9999999139486545,0.9763643709523215
3.75,1.0,1.0,1.0,1.0,0.9765747741739783,0.999999917854282,0.9764822541439909
3.755,1.0,1.0,1.0,1.0,0.9766895938953328,0.9999999215877549,0.976599549390789
3.7600000000000002,1.0,1.0,1.0,1.0,0.976799740721051,0.9999999251564218,0.976716259625103
3.765,1.0,1.0,1.0,1.0,0.9769082186554706,0.9999999285673283,0.9768323877646949
3.77,1.0,1.0,1.0,1.0,0.977029046385501,0.9999999318272297,0.9769479367127745
3.775,1.0,1.0,1.0,1.0,0.9771411958807786,0.9999999349426019,0.977062909358071
3.7800000000000002,1.0,1.0,1.0,1.0,0.9772453346978213,0.9999999379196522,0.977177308574907
3.785,1.0,1.0,1.0,1.0,0.9773594868626561,0.9999999407643317,0.9772911372232687
3.79,1.0,1.0,1.0,1.0,0.9774749741405305,0.9999999434823431,0.9774043981488781
3.795,1.0,1.0,1.0,1.0,0.9775864560792882,0.9999999460791524,0.9775170941832645
3.8000000000000003,1.0,1.0,1.0,1.0,0.9776919300093703,0.9999999485599977,0.9776292281438345
3.805,1.0,1.0,1.0,1.0,0.9778024106133484,0.9999999509298986,0.9777408028339428
3.81,1.0,1.0,1.0,1.0,0.9779142263303653,0.9999999531936644,0.9778518210429626
3.815,1.0,1.0,1.0,1.0,0.9780176975908881,0.9999999553559034,0.9779622855463551
3.8200000000000003,1.0,1.0,1.0,1.0,0.9781278444166066,0.9999999574210301,0.9780721991057384
3.825,1.0,1.0,1.0,1.0,0.9782253076684537,0.9999999593932739,0.9781815644689572
3.83,1.0,1.0,1.0,1.0,0.9783341193811333,0.9999999612766862,0.9782903843701515
3.835,1.0,1.0,1.0,1.0,0.9784372568633972,0.9999999630751472,0.9783986615298241
3.84,1.0,1.0,1.0,1.0,0.9785467361325962,0.9999999647923735,0.9785063986549101
3.845,1.0,1.0,1.0,1.0,0.9786465358322624,0.9999999664319246,0.9786135984388429
3.85,1.0,1.0,1.0,1.0,0.978759686662318,0.9999999679972087,0.9787202635616228
3.855,1.0,1.0,1.0,1.0,0.9788788455010496,0.99999996949149,0.9788263966898835
3.86,1.0,1.0,1.0,1.0,0.9789793127572357,0.9999999709178936,0.9789320004769586
3.865,1.0,1.0,1.0,1.0,0.9790871231351359,0.9999999722794114,0.9790370775629483
3.87,1.0,1.0,1.0,1.0,0.9791966024043349,0.999999973578908,0.9791416305747853
3.875,1.0,1.0,1.0,1.0,0.979291061651845,0.9999999748191256,0.9792456621263003
3.88,1.0,1.0,1.0,1.0,0.9793855208993547,0.9999999760026891,0.9793491748182874
3.8850000000000002,1.0,1.0,1.0,1.0,0.9794869894903194,0.9999999771321106,0.9794521712385695
3.89,1.0,1.0,1.0,1.0,0.9795984714290766,0.9999999782097949,0.9795546539620623
3.895,1.0,1.0,1.0,1.0,0.979694265789625,0.999999979238043,0.9796566255508393
3.9,1.0,1.0,1.0,1.0,0.9797974032718884,0.9999999802190571,0.9797580885541957
3.9050000000000002,1.0,1.0,1.0,1.0,0.9798955340802558,0.9999999811549442,0.9798590455087115
3.91,1.0,1.0,1.0,1.0,0.9799993391190389,0.9999999820477202,0.979959498938316
3.915,1.0,1.0,1.0,1.0,0.980102476601303,0.9999999828993142,0.9800594513543502
3.92,1.0,1.0,1.0,1.0,0.9802152936530997,0.9999999837115716,0.9801589052556298
3.9250000000000003,1.0,1.0,1.0,1.0,0.9803017422223759,0.9999999844862575,0.9802578631285073
3.93,1.0,1.0,1.0,1.0,0.9804052134828993,0.9999999852250601,0.9803563274469347
3.935,1.0,1.0,1.0,1.0,0.980505013182566,0.9999999859295947,0.9804543006725253
3.94,1.0,1.0,1.0,1.0,0.9806021426561546,0.9999999866014055,0.9805517852546146
3.9450000000000003,1.0,1.0,1.0,1.0,0.9807056139166785,0.99999998724197,0.9806487836303224
3.95,1.0,1.0,1.0,1.0,0.9808040785033059,0.9999999878527003,0.9807452982246131
3.955,1.0,1.0,1.0,1.0,0.9809008741986347,0.9999999884349471,0.9808413314503566
3.96,1.0,1.0,1.0,1.0,0.9810010076765611,0.9999999889900016,0.9809368857083883
3.9650000000000003,1.0,1.0,1.0,1.0,0.9810981371501495,0.9999999895190986,0.98103196338757
3.97,1.0,1.0,1.0,1.0,0.9811929301759195,0.9999999900234182,0.9811265668648486
3.975,1.0,1.0,1.0,1.0,0.9812823827495335,0.9999999905040886,0.9812206985053156
3.98,1.0,1.0,1.0,1.0,0.9813798460013817,0.9999999909621881,0.9813143606622672
3.985,1.0,1.0,1.0,1.0,0.9814696323532557,0.9999999913987474,0.9814075556772622
3.99,1.0,1.0,1.0,1.0,0.98155908492687,0.9999999918147515,0.9815002858801808
3.995,1.0,1.0,1.0,1.0,0.981648871278744,0.9999999922111421,0.9815925535892828
4.0,1.0,1.0,1.0,1.0,0.9817396589653972,0.9999999925888182,0.9816843611112658
4.005,1.0,1.0,1.0,1.0,0.9818317817650898,0.9999999929486396,0.9817757107413227
4.01,1.0,1.0,1.0,1.0,0.9819168952213273,0.9999999932914275,0.981866604763199
4.015,1.0,1.0,1.0,1.0,0.9820026762340843,0.9999999936179662,0.9819570454492498
4.0200000000000005,1.0,1.0,1.0,1.0,0.9820958003685558,0.9999999939290056,0.9820470350604972
4.025,1.0,1.0,1.0,1.0,0.9821849191639107,0.9999999942252612,0.982136575846686
4.03,1.0,1.0,1.0,1.0,0.9822696988418885,0.9999999945074172,0.9822256700463405
4.035,1.0,1.0,1.0,1.0,0.9823561474111653,0.9999999947761263,0.9823143198868206
4.04,1.0,1.0,1.0,1.0,0.9824492715456371,0.9999999950320126,0.9824025275843766
4.045,1.0,1.0,1.0,1.0,0.9825464010192261,0.9999999952756716,0.9824902953442057
4.05,1.0,1.0,1.0,1.0,0.9826388575971784,0.9999999955076723,0.9825776253605065
4.055,1.0,1.0,1.0,1.0,0.9827236372751562,0.9999999957285574,0.9826645198165338
4.0600000000000005,1.0,1.0,1.0,1.0,0.9828010738314193,0.9999999959388457,0.9827509808846537
4.065,1.0,1.0,1.0,1.0,0.9828825157267996,0.9999999961390321,0.9828370107263974
4.07,1.0,1.0,1.0,1.0,0.9829739709699724,0.9999999963295892,0.9829226114925153
4.075,1.0,1.0,1.0,1.0,0.9830494048566772,0.9999999965109683,0.9830077853230309
4.08,1.0,1.0,1.0,1.0,0.9831405263215897,0.9999999966835996,0.9830925343472947
4.085,1.0,1.0,1.0,1.0,0.9832269748908662,0.9999999968478943,0.9831768606840366
4.09,1.0,1.0,1.0,1.0,0.9833110870123242,0.9999999970042445,0.9832607664414194
4.095,1.0,1.0,1.0,1.0,0.9834005395859379,0.9999999971530243,0.9833442537170913
4.1,1.0,1.0,1.0,1.0,0.9834803125900192,0.9999999972945911,0.9834273245982388
4.105,1.0,1.0,1.0,1.0,0.9835587504810612,0.9999999974292854,0.983509981161638
4.11,1.0,1.0,1.0,1.0,0.9836445314938184,0.9999999975574322,0.9835922254737074
4.115,1.0,1.0,1.0,1.0,0.9837286436152767,0.9999999976793419,0.983674059590559
4.12,1.0,1.0,1.0,1.0,0.9838100855106569,0.9999999977953101,0.9837554855580501
4.125,1.0,1.0,1.0,1.0,0.9838941976321149,0.9999999979056193,0.9838365054118341
4.13,1.0,1.0,1.0,1.0,0.9839739706361966,0.9999999980105386,0.9839171211774116
4.135,1.0,1.0,1.0,1.0,0.9840517409707196,0.9999999981103246,0.9839973348701808
4.14,1.0,1.0,1.0,1.0,0.9841328490878402,0.999999998205222,0.9840771484954883
4.1450000000000005,1.0,1.0,1.0,1.0,0.9842126220919211,0.9999999982954646,0.9841565640486789
4.15,1.0,1.0,1.0,1.0,0.9842863870873269,0.9999999983812748,0.9842355835151455
4.155,1.0,1.0,1.0,1.0,0.9843601520827328,0.999999998462865,0.9843142088703789
4.16,1.0,1.0,1.0,1.0,0.9844405926433335,0.9999999985404374,0.9843924420800172
4.165,1.0,1.0,1.0,1.0,0.9845260398778308,0.9999999986141852,0.9844702850998945
4.17,1.0,1.0,1.0,1.0,0.9846081493297301,0.9999999986842919,0.9845477398760905
4.175,1.0,1.0,1.0,1.0,0.9846939303424864,0.9999999987509333,0.9846248083449786
4.18,1.0,1.0,1.0,1.0,0.9847683628944119,0.9999999988142763,0.9847014924332744
4.1850000000000005,1.0,1.0,1.0,1.0,0.9848461332289343,0.9999999988744799,0.9847777940580844
4.19,1.0,1.0,1.0,1.0,0.9849222346721582,0.9999999989316961,0.984853715126953
4.195,1.0,1.0,1.0,1.0,0.9849936632197457,0.9999999989860696,0.9849292575379109
4.2,1.0,1.0,1.0,1.0,0.9850684295499306,0.9999999990377382,0.9850044231795223
4.205,1.0,1.0,1.0,1.0,0.985143529658375,0.999999999086833,0.9850792139309321
4.21,1.0,1.0,1.0,1.0,0.9852166270972611,0.9999999991334793,0.9851536316619132
4.215,1.0,1.0,1.0,1.0,0.9852927285404843,0.9999999991777961,0.9852276782329125
4.22,1.0,1.0,1.0,1.0,0.9853698313184872,0.999999999219897,0.9853013554950982
4.225,1.0,1.0,1.0,1.0,0.9854389234182556,0.9999999992598902,0.9853746652904057
4.23,1.0,1.0,1.0,1.0,0.9855100181875823,0.9999999992978787,0.9854476094515838
4.235,1.0,1.0,1.0,1.0,0.9855941303090402,0.9999999993339604,0.9855201898022403
4.24,1.0,1.0,1.0,1.0,0.9856765735391987,0.9999999993682291,0.9855924081568876
4.245,1.0,1.0,1.0,1.0,0.9857526749824225,0.9999999994007733,0.9856642663209885
4.25,1.0,1.0,1.0,1.0,0.9858291102039054,0.999999999431678,0.9857357660910008
4.255,1.0,1.0,1.0,1.0,0.9859012063080125,0.9999999994610238,0.9858069092544223
4.26,1.0,1.0,1.0,1.0,0.9859616201730277,0.9999999994888875,0.985877697589836
4.265,1.0,1.0,1.0,1.0,0.986034050055394,0.9999999995153421,0.9859481328669539
4.2700000000000005,1.0,1.0,1.0,1.0,0.9861014732638633,0.9999999995404574,0.9860182168466617
4.275,1.0,1.0,1.0,1.0,0.9861749044810091,0.9999999995642993,0.9860879512810624
4.28,1.0,1.0,1.0,1.0,0.9862453316938166,0.9999999995869311,0.9861573379135204
4.285,1.0,1.0,1.0,1.0,0.9863120873457673,0.9999999996084127,0.9862263784787055
4.29,1.0,1.0,1.0,1.0,0.9863798443324968,0.9999999996288013,0.9862950747026351
4.295,1.0,1.0,1.0,1.0,0.9864482688757459,0.9999999996481511,0.9863634283027184
4.3,1.0,1.0,1.0,1.0,0.9865096840755401,0.9999999996665139,0.9864314409877991
4.305,1.0,1.0,1.0,1.0,0.9865724343883727,0.9999999996839388,0.9864991144581977
4.3100000000000005,1.0,1.0,1.0,1.0,0.9866411927098817,0.9999999997004727,0.9865664504057547
4.315,1.0,1.0,1.0,1.0,0.9867076145835728,0.9999999997161602,0.9866334505138721
4.32,1.0,1.0,1.0,1.0,0.986769029783367,0.9999999997310433,0.9867001164575563
4.325,1.0,1.0,1.0,1.0,0.9868414596657327,0.9999999997451626,0.9867664499034591
4.33,1.0,1.0,1.0,1.0,0.9869012059742278,0.9999999997585565,0.9868324525099202
4.335,1.0,1.0,1.0,1.0,0.986971633187036,0.9999999997712611,0.9868981259270083
4.34,1.0,1.0,1.0,1.0,0.9870273741564146,0.9999999997833112,0.9869634717965623
4.345,1.0,1.0,1.0,1.0,0.9870897906909885,0.99999999979474,0.9870284917522321
4.3500000000000005,1.0,1.0,1.0,1.0,0.9871465329951462,0.9999999998055784,0.9870931874195201
4.355,1.0,1.0,1.0,1.0,0.9872072806384207,0.9999999998158566,0.9871575604158215
4.36,1.0,1.0,1.0,1.0,0.9872630216077993,0.9999999998256027,0.9872216123504642
4.365,1.0,1.0,1.0,1.0,0.9873301110380097,0.9999999998348437,0.9872853448247503
4.37,1.0,1.0,1.0,1.0,0.9873938626856217,0.9999999998436051,0.9873487594319947
4.375,1.0,1.0,1.0,1.0,0.9874552778854163,0.9999999998519113,0.987411857757566
4.38,1.0,1.0,1.0,1.0,0.9875116864113148,0.9999999998597856,0.9874746413789256
4.385,1.0,1.0,1.0,1.0,0.9875794433980442,0.9999999998672496,0.9875371118656673
4.39,1.0,1.0,1.0,1.0,0.9876391897065394,0.9999999998743245,0.9875992707795566
4.3950000000000005,1.0,1.0,1.0,1.0,0.9876965995672169,0.9999999998810302,0.9876611196745695
4.4,1.0,1.0,1.0,1.0,0.9877590161017905,0.9999999998873853,0.9877226600969315
4.405,1.0,1.0,1.0,1.0,0.9878200975233248,0.9999999998934078,0.9877838935851566
4.41,1.0,1.0,1.0,1.0,0.9878791762753008,0.9999999998991147,0.987844821670085
4.415,1.0,1.0,1.0,1.0,0.9879372536924976,0.9999999999045224,0.9879054458749221
4.42,1.0,1.0,1.0,1.0,0.9880020066748895,0.9999999999096459,0.9879657677152762
4.425,1.0,1.0,1.0,1.0,0.9880704312181386,0.9999999999145002,0.9880257886991963
4.43,1.0,1.0,1.0,1.0,0.9881375206483487,0.9999999999190988,0.9880855103272104
4.4350000000000005,1.0,1.0,1.0,1.0,0.9881922602829479,0.9999999999234551,0.9881449340923619
4.44,1.0,1.0,1.0,1.0,0.988254676817522,0.9999999999275815,0.9882040614802484
4.445,1.0,1.0,1.0,1.0,0.9883184284651345,0.9999999999314899,0.9882628939690575
4.45,1.0,1.0,1.0,1.0,0.9883815125562281,0.9999999999351916,0.9883214330296045
4.455,1.0,1.0,1.0,1.0,0.9884379210821267,0.9999999999386971,0.988379680125369
4.46,1.0,1.0,1.0,1.0,0.9884953309428044,0.9999999999420169,0.9884376367125315
4.465,1.0,1.0,1.0,1.0,0.9885510719121832,0.9999999999451605,0.9884953042400095
4.47,1.0,1.0,1.0,1.0,0.9886058115467828,0.9999999999481369,0.9885526841494943
4.4750000000000005,1.0,1.0,1.0,1.0,0.9886655578552788,0.999999999950955,0.9886097778754867
4.48,1.0,1.0,1.0,1.0,0.9887256379420342,0.999999999953623,0.9886665868453326
4.485,1.0,1.0,1.0,1.0,0.9887883882548683,0.9999999999561487,0.9887231124792595
4.49,1.0,1.0,1.0,1.0,0.9888447967807668,0.9999999999585395,0.9887793561904109
4.495,1.0,1.0,1.0,1.0,0.9889045430892626,0.9999999999608025,0.9888353193848828
4.5,1.0,1.0,1.0,1.0,0.9889636218412394,0.9999999999629444,0.9888910034617577
4.505,1.0,1.0,1.0,1.0,0.9890176939193194,0.9999999999649716,0.9889464098131406
4.51,1.0,1.0,1.0,1.0,0.9890724335539189,0.9999999999668899,0.9890015398241931
4.515,1.0,1.0,1.0,1.0,0.9891255042972202,0.9999999999687053,0.9890563948731684
4.5200000000000005,1.0,1.0,1.0,1.0,0.9891802439318198,0.999999999970423,0.9891109763314455
4.525,1.0,1.0,1.0,1.0,0.9892349835664194,0.9999999999720481,0.9891652855635639
4.53,1.0,1.0,1.0,1.0,0.9892970663227336,0.9999999999735858,0.9892193239272569
4.535,1.0,1.0,1.0,1.0,0.9893488019529956,0.9999999999750405,0.9892730927734866
4.54,1.0,1.0,1.0,1.0,0.9893985349136987,0.9999999999764165,0.9893265934464771
4.545,1.0,1.0,1.0,1.0,0.9894489354309215,0.9999999999777183,0.9893798272837477
4.55,1.0,1.0,1.0,1.0,0.9895060115133394,0.9999999999789495,0.9894327956161474
4.555,1.0,1.0,1.0,1.0,0.989560751147939,0.9999999999801138,0.989485499767887
4.5600000000000005,1.0,1.0,1.0,1.0,0.9896191623433959,0.9999999999812151,0.9895379410565732
4.565,1.0,1.0,1.0,1.0,0.9896789086518916,0.9999999999822565,0.9895901207932409
4.57,1.0,1.0,1.0,1.0,0.9897329807299718,0.9999999999832413,0.9896420402823863
4.575,1.0,1.0,1.0,1.0,0.9897803772428567,0.9999999999841724,0.9896937008219993
4.58,1.0,1.0,1.0,1.0,0.989837119547015,0.9999999999850528,0.989745103703596
4.585,1.0,1.0,1.0,1.0,0.9898825133903416,0.9999999999858851,0.9897962502122511
4.59,1.0,1.0,1.0,1.0,0.9899379205814607,0.9999999999866719,0.9898471416266302
4.595,1.0,1.0,1.0,1.0,0.9899913251030215,0.9999999999874157,0.9898977792190211
4.6000000000000005,1.0,1.0,1.0,1.0,0.9900377202811277,0.9999999999881187,0.9899481642553665
4.605,1.0,1.0,1.0,1.0,0.9900884545766105,0.9999999999887833,0.9899982979952945
4.61,1.0,1.0,1.0,1.0,0.9901391888720933,0.9999999999894112,0.9900481816921516
4.615,1.0,1.0,1.0,1.0,0.9901912582806149,0.9999999999900048,0.9900978165930326
4.62,1.0,1.0,1.0,1.0,0.990242993910877,0.9999999999905655,0.9901472039388127
4.625,1.0,1.0,1.0,1.0,0.9903000699932952,0.9999999999910956,0.9901963449641782
4.63,1.0,1.0,1.0,1.0,0.9903441287235829,0.9999999999915963,0.9902452408976571
4.635,1.0,1.0,1.0,1.0,0.9903921927929875,0.9999999999920695,0.9902938929616504
4.64,1.0,1.0,1.0,1.0,0.9904435946449899,0.9999999999925163,0.9903423023724622
4.6450000000000005,1.0,1.0,1.0,1.0,0.9904946627187327,0.9999999999929384,0.9903904703403303
4.65,1.0,1.0,1.0,1.0,0.9905407241185789,0.9999999999933373,0.9904383980694565
4.655,1.0,1.0,1.0,1.0,0.9905887881879837,0.999999999993714,0.9904860867580364
4.66,1.0,1.0,1.0,1.0,0.9906368522573883,0.9999999999940697,0.9905335375982897
4.665,1.0,1.0,1.0,1.0,0.9906732340877017,0.9999999999944058,0.9905807517764899
4.67,1.0,1.0,1.0,1.0,0.9907186279310284,0.9999999999947231,0.9906277304729939
4.675,1.0,1.0,1.0,1.0,0.9907626866613163,0.9999999999950228,0.9906744748622717
4.68,1.0,1.0,1.0,1.0,0.990811084508981,0.9999999999953058,0.9907209861129352
4.6850000000000005,1.0,1.0,1.0,1.0,0.9908588148001262,0.9999999999955729,0.9907672653877684
4.69,1.0,1.0,1.0,1.0,0.9909095490956089,0.999999999995825,0.9908133138437554
4.695,1.0,1.0,1.0,1.0,0.9909532740476367,0.9999999999960631,0.9908591326321099
4.7,1.0,1.0,1.0,1.0,0.9909869856518719,0.9999999999962879,0.9909047228983042
4.705,1.0,1.0,1.0,1.0,0.9910337146082379,0.9999999999965,0.9909500857820972
4.71,1.0,1.0,1.0,1.0,0.9910781071167855,0.9999999999967003,0.9909952224175634
4.715,1.0,1.0,1.0,1.0,0.9911221658470731,0.9999999999968893,0.9910401339331211
4.72,1.0,1.0,1.0,1.0,0.9911708974729975,0.9999999999970676,0.9910848214515604
4.7250000000000005,1.0,1.0,1.0,1.0,0.9912169588728439,0.9999999999972359,0.9911292860900718
4.73,1.0,1.0,1.0,1.0,0.9912606838248719,0.9999999999973946,0.9911735289602733
4.735,1.0,1.0,1.0,1.0,0.9913024061073413,0.9999999999975445,0.9912175511682391
4.74,1.0,1.0,1.0,1.0,0.9913498026202266,0.999999999997686,0.9912613538145267
4.745,1.0,1.0,1.0,1.0,0.9913975329113718,0.9999999999978193,0.9913049379942045
4.75,1.0,1.0,1.0,1.0,0.9914405903068801,0.9999999999979451,0.9913483047968794
4.755,1.0,1.0,1.0,1.0,0.9914769721371935,0.9999999999980638,0.9913914553067235
4.76,1.0,1.0,1.0,1.0,0.991518694419663,0.9999999999981758,0.9914343906025019
4.765,1.0,1.0,1.0,1.0,0.9915600829238728,0.9999999999982813,0.9914771117575993
4.7700000000000005,1.0,1.0,1.0,1.0,0.9916004700933032,0.999999999998381,0.9915196198400468
4.775,1.0,1.0,1.0,1.0,0.9916461977148897,0.9999999999984748,0.9915619159125485
4.78,1.0,1.0,1.0,1.0,0.991690924001697,0.9999999999985634,0.9916040010325086
4.785,1.0,1.0,1.0,1.0,0.9917279733885296,0.9999999999986469,0.9916458762520571
4.79,1.0,1.0,1.0,1.0,0.9917640214405832,0.9999999999987256,0.9916875426180769
4.795,1.0,1.0,1.0,1.0,0.9918107503969492,0.9999999999987997,0.9917290011722292
4.8,1.0,1.0,1.0,1.0,0.9918528064576785,0.9999999999988698,0.99177025295098
4.805,1.0,1.0,1.0,1.0,0.9918925260705894,0.9999999999989357,0.9918112989856259
4.8100000000000005,1.0,1.0,1.0,1.0,0.991927239009604,0.999999999998998,0.99185214030232
4.815,1.0,1.0,1.0,1.0,0.991961284392099,0.9999999999990566,0.9918927779220973
4.82,1.0,1.0,1.0,1.0,0.9919980000006722,0.9999999999991118,0.9919332128609004
4.825,1.0,1.0,1.0,1.0,0.9920367182788039,0.9999999999991639,0.9919734461296048
4.83,1.0,1.0,1.0,1.0,0.9920737676656369,0.9999999999992129,0.9920134787340446
4.835,1.0,1.0,1.0,1.0,0.9921134872785479,0.999999999999259,0.9920533116750365
4.84,1.0,1.0,1.0,1.0,0.9921558771175369,0.9999999999993027,0.9920929459484066
4.845,1.0,1.0,1.0,1.0,0.9921952629521881,0.9999999999993437,0.9921323825450135
4.8500000000000005,1.0,1.0,1.0,1.0,0.9922289745564234,0.9999999999993824,0.9921716224507743
4.855,1.0,1.0,1.0,1.0,0.9922673590562954,0.9999999999994189,0.9922106666466886
4.86,1.0,1.0,1.0,1.0,0.9923024057735697,0.9999999999994532,0.9922495161088634
4.865,1.0,1.0,1.0,1.0,0.9923397889386621,0.9999999999994855,0.9922881718085371
4.87,1.0,1.0,1.0,1.0,0.9923818449993914,0.9999999999995158,0.9923266347121045
4.875,1.0,1.0,1.0,1.0,0.9924185606079646,0.9999999999995445,0.99236490578114
4.88,1.0,1.0,1.0,1.0,0.9924672922338887,0.9999999999995716,0.9924029859724224
4.885,1.0,1.0,1.0,1.0,0.99250667806854,0.999999999999597,0.9924408762379585
4.89,1.0,1.0,1.0,1.0,0.9925467314597107,0.999999999999621,0.9924785775250067
4.8950000000000005,1.0,1.0,1.0,1.0,0.9925827795117642,0.9999999999996435,0.9925160907761014
4.9,1.0,1.0,1.0,1.0,0.9926191613420776,0.9999999999996647,0.9925534169290756
4.905,1.0,1.0,1.0,1.0,0.9926535405028324,0.9999999999996847,0.9925905569170853
4.91,1.0,1.0,1.0,1.0,0.9926915912244445,0.9999999999997035,0.992627511668632
4.915,1.0,1.0,1.0,1.0,0.9927256366069396,0.9999999999997211,0.9926642821075864
4.92,1.0,1.0,1.0,1.0,0.9927610171024738,0.9999999999997379,0.9927008691532114
4.925,1.0,1.0,1.0,1.0,0.9927927260371505,0.9999999999997535,0.992737273720185
4.93,1.0,1.0,1.0,1.0,0.9928284403109444,0.9999999999997683,0.9927734967186236
4.9350000000000005,1.0,1.0,1.0,1.0,0.9928634870282187,0.9999999999997822,0.9928095390541035
4.94,1.0,1.0,1.0,1.0,0.9928968648541941,0.9999999999997953,0.9928454016276854
4.945,1.0,1.0,1.0,1.0,0.9929352493540663,0.9999999999998076,0.9928810853359353
4.95,1.0,1.0,1.0,1.0,0.9929699622930808,0.9999999999998191,0.9929165910709479
4.955,1.0,1.0,1.0,1.0,0.992999668558199,0.99999999999983,0.9929519197203682
4.96,1.0,1.0,1.0,1.0,0.9930290410450573,0.9999999999998402,0.9929870721674146
4.965,1.0,1.0,1.0,1.0,0.9930627526492926,0.9999999999998499,0.9930220492908998
4.97,1.0,1.0,1.0,1.0,0.993097465588307,0.9999999999998589,0.9930568519652538
4.9750000000000005,1.0,1.0,1.0,1.0,0.9931325123055811,0.9999999999998676,0.9930914810605455
4.98,1.0,1.0,1.0,1.0,0.9931678928011151,0.9999999999998755,0.9931259374425038
4.985,1.0,1.0,1.0,1.0,0.993209948861844,0.9999999999998831,0.9931602219725401
4.99,1.0,1.0,1.0,1.0,0.9932396551269622,0.9999999999998901,0.9931943355077695
4.995,1.0,1.0,1.0,1.0,0.9932700289485997,0.9999999999998969,0.993228278901032
5.0,1.0,1.0,1.0,1.0,0.9933020716615362,0.9999999999999031,0.9932620530009145
