s,cdf_zeros,cdf_gue_mean,cdf_gue_q025,cdf_gue_q975,cdf_poisson_ensemble_mean,cdf_wigner_surmise,cdf_poisson
0.0,0.0,0.0,0.0,0.0,0.0,0.0,0.0
0.005,0.0,0.0,0.0,0.0,0.004897862183624103,1.3509233142902644e-07,0.00498752080731768
0.01,0.0,1.3351130390143393e-06,0.0,0.0,0.009848127554029508,1.0806767320094973e-06,0.009950166250831893
0.015,0.0,5.340452156057358e-06,0.0,0.0,0.014810408941786049,3.6469357054397245e-06,0.014888060396937353
0.02,0.0,1.2349795610882641e-05,0.0,0.00033344448149383126,0.01972696270795635,8.6434327722755e-06,0.019801326693244747
0.025,0.0,2.1028030364475822e-05,0.0,0.00033344448149383126,0.024650192039321703,1.6878803347823712e-05,0.024690087971667385
0.03,0.0,3.3711604235112014e-05,0.0,0.00033344448149383126,0.029498321262242572,2.9160446062929946e-05,0.029554466451491845
0.035,0.0,4.839784766426981e-05,0.0,0.00033344448149383126,0.03432442112001966,4.629421467517575e-05,0.03439458374243354
0.04,0.0,6.842454324948498e-05,0.0,0.00033344448149383126,0.03919324459504518,6.908411071729348e-05,0.03921056084767682
0.045,0.0,9.879836488706133e-05,0.0,0.0006668889629876625,0.04402368357019909,9.833197702915214e-05,0.04400251816690004
0.05,0.0,0.0001345126386806951,0.0,0.0006668889629876625,0.048745978389192826,0.00013483719231952018,0.048770575499285984
0.055,0.0,0.00017757003418890775,0.0,0.0006668889629876625,0.05341086334750895,0.0001793963669027704,0.05351485204651618
0.06,0.0,0.00022630166011293143,0.0,0.0010003334444814939,0.058086429210137076,0.00023280303975516115,0.05823546641575128
0.065,0.0,0.0002907208642453721,0.0,0.0010003334444814939,0.06282975205949523,0.0002958473770347525,0.06293253662259657
0.07,0.0,0.00036481963791066586,0.0,0.001333777925975325,0.06744290138754952,0.000369315872207579,0.06760618009405173
0.075,0.00033344448149383126,0.0004512682071868426,0.0,0.001333777925975325,0.07213849394576298,0.0004539910479227499,0.07225651367144714
0.08,0.00033344448149383126,0.0005574096937884818,0.0,0.0016672224074691564,0.07680304512581936,0.0005506511597765662,0.07688365361336424
0.085,0.00033344448149383126,0.0006652200716888901,0.0,0.0016672224074691564,0.08143188203208208,0.0006600699021066386,0.08148771559854262
0.09,0.0006668889629876625,0.0007873829147587013,0.0,0.0020006668889629878,0.08599196061683562,0.0007830161159535914,0.08606881472877181
0.095,0.0006668889629876625,0.0009355804620892926,0.0,0.002334111370456819,0.0906107841753056,0.0009202534993286854,0.09062706553176858
0.1,0.0006668889629876625,0.001085113122458897,0.0,0.002334111370456819,0.09519055567738449,0.001072540319922849,0.09516258196404048
0.105,0.0006668889629876625,0.0012600129305697745,0.00033344448149383126,0.00266755585195065,0.09973461290567003,0.0012406291303918016,0.09967547741373439
0.11,0.0006668889629876625,0.0014429234169147395,0.00033344448149383126,0.0030010003334444814,0.10428267547307231,0.0014252664863506348,0.10416586470347178
0.115,0.0006668889629876625,0.0016368485858315736,0.00033344448149383126,0.003334444814938313,0.10870056451917082,0.0016271926672090098,0.10863385609316867
0.12,0.001333777925975325,0.001858477350307958,0.0006668889629876625,0.003667889296432144,0.11314615716082865,0.0018471413999766872,0.11307956328284252
0.125,0.001333777925975325,0.0021098123799024077,0.0006668889629876625,0.003667889296432144,0.11754134928526365,0.0020858395861682033,0.11750309741540454
0.13,0.001333777925975325,0.0023724958703284756,0.0006668889629876625,0.0040180060020006516,0.12201598063552042,0.0023440070319317996,0.1219045690794387
0.135,0.001333777925975325,0.002654538499820256,0.0010003334444814939,0.004668222740913638,0.12639381629044846,0.002622356181527702,0.12628408831196558
0.14,0.0016672224074691564,0.002939585133649813,0.001333777925975325,0.005001667222407469,0.1307966853148581,0.002921591854278316,0.13064176460119414
0.145,0.0016672224074691564,0.0032696918325461127,0.001333777925975325,0.0053351117039013,0.1351257893438618,0.0032424109851098004,0.1349777068892587
0.15,0.0020006668889629878,0.003609478100975264,0.0016672224074691564,0.0056852284094698075,0.13942218310341023,0.003585502368804283,0.1392920235749422
0.155,0.0030010003334444814,0.003979304412782237,0.0020006668889629878,0.006335445148382794,0.1436354660762795,0.003951546408077572,0.1435848225163865
0.16,0.003334444814938313,0.004390185450538898,0.002334111370456819,0.006668889629876626,0.14789080510987795,0.004341214865597742,0.14785621103378865
0.165,0.003334444814938313,0.0048180891795429875,0.00266755585195065,0.007335778592864288,0.1520980800740722,0.004755170620054733,0.15210629591208413
0.17,0.003334444814938313,0.005261680486755503,0.00266755585195065,0.008002667555851951,0.1562963430252526,0.005194067426390614,0.1563351834036163
0.17500000000000002,0.003667889296432144,0.005714617585241133,0.003334444814938313,0.008336112037345782,0.16052397846329172,0.0056585496802978585,0.16054297923079264
0.18,0.003667889296432144,0.006223295653105587,0.003667889296432144,0.009003001000333445,0.1646855258058995,0.006149252187088672,0.164729788588728
0.185,0.003667889296432144,0.006727300825333499,0.0040013337779259755,0.009669889963321108,0.16885775405281894,0.006666799935038242,0.16889571614787435
0.19,0.005001667222407469,0.007274029614809859,0.004334778259419807,0.010336778926308769,0.17301496227805,0.007211807873300585,0.1730408660566377
0.195,0.006335445148382794,0.007862480686755442,0.005001667222407469,0.011003667889296432,0.17710040817743375,0.00778488069449304,0.1771653419439816
0.2,0.006668889629876626,0.008478635354260558,0.0053351117039013,0.011670556852284094,0.1811855202985581,0.008386612622044182,0.18126924692201818
0.20500000000000002,0.00766922307435812,0.009117153165169166,0.006002000666888963,0.012670890296765588,0.18528531866311132,0.009017587202395205,0.18535268358858548
0.21,0.008669556518839614,0.009819088845430942,0.006335445148382794,0.013354451483827927,0.18939746682327546,0.00967837710214392,0.18941575402981292
0.215,0.008669556518839614,0.010512680069198902,0.007002334111370457,0.014338112704234745,0.19338912103166866,0.010369543910215162,0.19345855982267313
0.22,0.009003001000333445,0.011245323349358006,0.00766922307435812,0.015005001667222408,0.1974485322267915,0.011091637945143562,0.1974812020375215
0.225,0.009669889963321108,0.012020356468505813,0.008336112037345782,0.016005335111703902,0.2014765682654982,0.011845198067543028,0.20148378124062294
0.23,0.010003334444814937,0.01277536289206843,0.009003001000333445,0.016672224074691565,0.20547823582168387,0.012630751497845205,0.20546639749666595
0.23500000000000001,0.012004001333777926,0.013617819219686498,0.010003334444814937,0.017672557519173057,0.20944151887799792,0.013448813639375612,0.20942915037126442
0.24,0.012004001333777926,0.014461944438603313,0.0106702234078026,0.018672890963654553,0.2134038005995325,0.014299887906842057,0.21337213893344653
0.245,0.013671223741247083,0.015346456826950306,0.011337112370790263,0.019673224408136045,0.2172879782082852,0.015184465560299898,0.21729546175813186
0.25,0.014004668222740914,0.016266683489090952,0.012004001333777926,0.02100700233411137,0.22117949893875216,0.01610302554466042,0.22119921692859512
0.255,0.014004668222740914,0.017236643111934864,0.012670890296765588,0.021673891297099034,0.22504331607365932,0.017056034334801684,0.22508350203891903
0.26,0.015005001667222408,0.01823196988252005,0.013671223741247083,0.02300766922307436,0.228974222638777,0.018043945786342885,0.22894841419643375
0.265,0.01567189063021007,0.019281034952925578,0.014671557185728577,0.02400800266755585,0.2328186806346192,0.019067200992133715,0.23279405002414433
0.27,0.017339113037679228,0.020353464501513853,0.01533844614871624,0.025341780593531177,0.23671654315202154,0.020126228144513036,0.23662050566314685
0.275,0.019006335445148383,0.021462609658674976,0.016655551850616873,0.02634211403801267,0.24052261664799165,0.02122144240338414,0.24042787677503152
0.28,0.02100700233411137,0.022616481102643162,0.017672557519173057,0.027675891963987995,0.244240572683387,0.022353245770151797,0.24421625854427453
0.28500000000000003,0.022674224741580526,0.023788710350897743,0.018672890963654553,0.02900966988996332,0.24800459011862797,0.023522026967563836,0.24798574568061738
0.29,0.02334111370456819,0.025018349459829923,0.020006668889629875,0.030010003334444816,0.2517569253147783,0.02472816132549499,0.25173643242143473
0.295,0.024341447149049684,0.026314076664193376,0.02100700233411137,0.032010670223407804,0.25549190404142114,0.025972010672708823,0.2554684125340906
0.3,0.025008336112037347,0.027617146990271388,0.022340780260086696,0.03334444814938313,0.25924257034627196,0.02725392323462994,0.2591817793182821
0.305,0.02600866955651884,0.02894525068583089,0.02334111370456819,0.03501167055685228,0.26292381077309396,0.028574233537155103,0.2628766256083722
0.31,0.027009003001000332,0.030335437137704542,0.024991663887962656,0.03634544848282761,0.26658302183477284,0.029933262316528597,0.26655304377571076
0.315,0.02900966988996332,0.031727960037396474,0.02600866955651884,0.03767922640880293,0.2702285479878009,0.031331316435304124,0.2702111257309432
0.32,0.030343447815938646,0.033177892797766055,0.027342447482494165,0.03934644881627209,0.27382767896272375,0.032768688804411805,0.27385096292630906
0.325,0.03167722574191397,0.03470960123177525,0.02867622540846949,0.04103034344781593,0.2774565162027651,0.03424565831134668,0.2774726463579278
0.33,0.033677892630876956,0.03625666346573312,0.030343447815938646,0.04269756585528508,0.28105798362550577,0.035762489754489146,0.28107626656807383
0.335,0.03434478159386462,0.03780339192143129,0.03167722574191397,0.04468156052017339,0.2846921613177029,0.03731943378356767,0.2846619136474401
0.34,0.03634544848282761,0.0394055275682485,0.033011003667889297,0.04601533844614872,0.2882766060491966,0.038916726846269345,0.28822967723739035
0.34500000000000003,0.03767922640880293,0.04103236280628742,0.034678226075358455,0.04768256085361787,0.2917715982070768,0.04055459114099963,0.2917796465322
0.35000000000000003,0.038012670890296765,0.0427186105745626,0.03601200400133378,0.04968322774258086,0.29528561572576284,0.042233234575790535,0.29531191028128656
0.355,0.04034678226075358,0.04439918411242183,0.038012670890296765,0.05135045015005002,0.2987725972054087,0.04395285073335348,0.29882655679142756
0.36,0.040680226742247416,0.04617354934127191,0.03934644881627209,0.053351117039013005,0.3022549057894172,0.04571361884226921,0.302323673928969
0.365,0.0426808936312104,0.04798195995261684,0.041330443481160384,0.05535178392797599,0.30575156683859617,0.04751570375430314,0.3058033491220211
0.37,0.04434811603867956,0.0498501168724576,0.0426808936312104,0.05735245081693898,0.30918981669231743,0.04935925592783347,0.3092656693626453
0.375,0.04601533844614872,0.051778353879054106,0.04434811603867956,0.059369789929976644,0.3127014977631853,0.05124441141737329,0.31271072120902776
0.38,0.0480160053351117,0.05371059622476758,0.046348782927642544,0.061370456818939635,0.31618280501241486,0.05317129186916847,0.31613859078764417
0.385,0.04934978326108703,0.05573963426580967,0.048332777592530844,0.06368789596532178,0.31953827785771755,0.055140004522844954,0.3195493637954123
0.39,0.05101700566855619,0.05776800475033215,0.05035011670556852,0.06602200733577859,0.322947155224582,0.05715064221908256,0.32294312550183535
0.395,0.05301767255751917,0.059826415278232466,0.05235078359453151,0.06768922974324774,0.3263710526131339,0.05920328341328168,0.32631996075113234
0.4,0.05501833944648216,0.0619195387451472,0.0543514504834945,0.0703567855951984,0.3297318659105922,0.06129799219519261,0.3296799539643607
0.405,0.05635211737245749,0.06407007207273967,0.05635211737245749,0.07235745248416138,0.3331387406078975,0.06343481831447201,0.3330231891415256
0.41000000000000003,0.05835278426142047,0.06620959071776006,0.05835278426142047,0.07469156385461821,0.33644881960987294,0.06561379721212535,0.3363497498636806
0.41500000000000004,0.06068689563187729,0.06844824150592733,0.06002000666888963,0.07735911970656886,0.33973419902062807,0.06783495005779694,0.33965971929501715
0.42,0.06235411803934645,0.07077667864596822,0.06235411803934645,0.07970990330110035,0.3430319282269927,0.07009828379285882,0.34295318018494325
0.425,0.06435478492830944,0.07308542286868393,0.06435478492830944,0.0820273424474825,0.34633967078115097,0.0724037911792561,0.3462302148701527
0.43,0.06535511837279093,0.07548028188241597,0.06667222407469157,0.08469489829943315,0.34959133858767044,0.07475145085405382,0.3494909052766835
0.435,0.06802267422474158,0.0779025107134477,0.06902300766922308,0.08702900966988997,0.35284100372463156,0.07714122738963491,0.35273533292196535
0.44,0.07002334111370456,0.08036879827476694,0.07167389129709904,0.08936312104034679,0.3560205754270439,0.07957307135949249,0.3559635789168586
0.445,0.07335778592864288,0.08285277608385302,0.07402467489163055,0.0916972324108036,0.3592248467206785,0.08204691940955855,0.35917572396768127
0.45,0.07469156385461821,0.08539917042751323,0.07635878626208736,0.09404801600533509,0.3624207735578188,0.0845626943350068,0.36237184837822667
0.455,0.07802600866955652,0.08799129239275955,0.07900966988996333,0.0970323441147049,0.36559633992111434,0.08712030516246827,0.3655520320517718
0.46,0.08136045348449483,0.09060744639270817,0.08169389796598867,0.09969989996665556,0.36876389560617584,0.08971964723758974,0.36871635449307405
0.465,0.08369456485495165,0.0932750022446589,0.08434478159386463,0.1023674558186062,0.3718893952305092,0.09236060231786952,0.3718648948103592
0.47000000000000003,0.08802934311437145,0.09598294526603965,0.08669556518839613,0.10503501167055686,0.37508966118502624,0.09504303867069835,0.3749977317172992
0.47500000000000003,0.0906968989663221,0.09876064794370905,0.08902967655885295,0.10803601200400133,0.3781994732311502,0.09776681117653124,0.37811494353498
0.48,0.09203067689229744,0.10151899148231266,0.09168056018672892,0.11137045681893964,0.3813603533510163,0.1005317614371139,0.38121660819385916
0.485,0.09303101033677892,0.10425697454707121,0.09436478826275425,0.1140380126708903,0.3844534764841527,0.10333771788868895,0.38430280323571486
0.49,0.09569856618872957,0.10713948359830323,0.09736578859619874,0.11670556852284095,0.3875669600911351,0.10618449592009627,0.3873736058155839
0.495,0.09669889963321107,0.11007573094935551,0.10003334444814939,0.12004001333777926,0.39060467603315163,0.10907189799568984,0.39042909270369075
0.5,0.09903301100366789,0.11305069657853906,0.10335111703901301,0.12304101367122375,0.39365307287948226,0.11199971378298262,0.3934693402873666
0.505,0.1023674558186062,0.11604635645982746,0.10570190063354451,0.12604201400466822,0.3966717634606935,0.11496772028493685,0.39649442457295947
0.51,0.10503501167055686,0.1191194528973787,0.10903634544848283,0.12904301433811272,0.3996510682072534,0.11797568197680774,0.3995044211877341
0.515,0.108702900966989,0.12215683506113645,0.11202067355785263,0.13237745915305102,0.4026801059145183,0.12102335094745031,0.40249940538176254
0.52,0.11170390130043348,0.12524561907689616,0.11470490163387796,0.13571190396798932,0.4056430555263505,0.12411046704500084,0.4054794520298056
0.525,0.11270423474491498,0.12838346849683974,0.11770590196732245,0.13871290430143382,0.4085789690991429,0.12723675802683404,0.4084446356331849
0.53,0.11470490163387796,0.13155936863839504,0.12070690230076692,0.14204734911637212,0.41153657825881895,0.13040193971370256,0.4113950303216448
0.535,0.11703901300433478,0.13478566929717323,0.12404134711570523,0.14473157719239743,0.4144841740707039,0.1336057161479628,0.41433070985520626
0.54,0.11870623541180393,0.13804134244280966,0.12737579193064355,0.1480493497832611,0.4173933853827146,0.13684777975578388,0.41725174762601036
0.545,0.12104034678226075,0.1413190449535899,0.13037679226408802,0.1513837945981994,0.42021614812545166,0.14012781151324505,0.4201582166601536
0.55,0.1237079026342114,0.14468987159884134,0.13402800933644549,0.1550683561187062,0.4231327025591784,0.14344548111621414,0.42305018961951335
0.555,0.12804268089363122,0.1481498170394471,0.13704568189396465,0.1580693564521507,0.42603156674513865,0.14680044715390655,0.42592773880356405
0.56,0.13137712570856952,0.15157471576277845,0.1406968989663221,0.16172057352450817,0.4289020597790199,0.1501923572860217,0.42879093615118513
0.5650000000000001,0.13437812604201402,0.15501430072953928,0.14404801600533512,0.1653884628209403,0.4317168118435211,0.15362084842334806,0.43163985324245957
0.5700000000000001,0.13704568189396465,0.1584982782048471,0.1480326775591864,0.16872290763587863,0.4345495879340499,0.15708554691173132,0.4344745613004629
0.5750000000000001,0.14238079359786596,0.16202331040610463,0.1513671223741247,0.17239079693231077,0.4373806951332794,0.16058606871929781,0.4372951311930443
0.58,0.14571523841280426,0.16560642002455916,0.15505168389463153,0.1760586862287429,0.4401881040760673,0.16412201962682554,0.44010163343459796
0.585,0.1490496832277426,0.16921389545597618,0.15836945648549516,0.17972657552517507,0.4429748187667496,0.16769299542115013,0.4428941381878261
0.59,0.1533844614871624,0.17287477540895352,0.16138712904301433,0.1833944648216072,0.4457488498835615,0.17129858209149557,0.4456727152654929
0.595,0.1587195731910637,0.17655401316621713,0.16505501833944647,0.18739579859953318,0.4485429076959585,0.1749383560286225,0.4484374341321702
0.6,0.1630543514504835,0.18023792381911746,0.16872290763587863,0.1910636878959653,0.4512969121171851,0.17861188422667468,0.4511883639059736
0.605,0.1663887962654218,0.18397924433269552,0.1727075691897299,0.19473157719239748,0.4540035200255278,0.18231872448761538,0.4539255733602906
0.61,0.17039013004334777,0.18772924308102673,0.17639213071023674,0.19873291097032345,0.4567288195164147,0.18605842562814112,0.4566491309255002
0.615,0.17405801933977993,0.19155000282042625,0.1800600200066689,0.20208402800933642,0.459451448781225,0.1898305276889547,0.4593591046906834
0.62,0.17539179726575524,0.19531335269914818,0.18372790930310104,0.20640213404468155,0.46218375761556757,0.19363456214628522,0.4620555624053255
0.625,0.17972657552517507,0.19915881202976926,0.187729243081027,0.21008669556518839,0.4648349583327906,0.19747005212554242,0.4647385714810097
0.63,0.1823941313771257,0.20301762249078018,0.19139713237745914,0.21408802934311436,0.467512527532534,0.20133651261698587,0.4674081989931028
0.635,0.1867289096365455,0.2069552046210934,0.19539846615538514,0.2184061353784595,0.47018542383664075,0.20523345069329646,0.47006451168243146
0.64,0.19006335445148384,0.21091648500784899,0.19971657219073025,0.2220906968989663,0.47277587691058814,0.20916036572893637,0.47270757595695145
0.645,0.19373124374791598,0.21486007514683747,0.20306768922974325,0.22640880293431143,0.47540805226700455,0.2131167496211765,0.4753374578934071
0.65,0.19806602200733578,0.21884038089439878,0.20738579526508835,0.2304268089363121,0.4780869565797871,0.21710208701268124,0.47795422323898396
0.655,0.20240080026675558,0.22284839023751976,0.21138712904301432,0.2344114704901634,0.48073815729700975,0.22111585551553326,0.48055793741295183
0.66,0.20806935645215072,0.22688677340227836,0.21572190730243412,0.23842947649216403,0.4832922285406439,0.22515752593658017,0.4831486655083008
0.665,0.2110703567855952,0.2309511912712977,0.22005668556185395,0.2420806935645215,0.4858619873624871,0.2292265625039938,0.4857264722933681
0.67,0.21507169056352118,0.23506901366187777,0.22407469156385462,0.2464154718239413,0.4884414257538625,0.23332242309492035,0.48829142221345756
0.675,0.217405801933978,0.23915178933518297,0.2280760253417806,0.25108369456485496,0.4909851498714444,0.23744455946411175,0.4908435793924508
0.68,0.22307435811937312,0.24324524591280158,0.23206068689563186,0.2547515838612871,0.49350450817606517,0.24159241747342136,0.49338300763441045
0.685,0.22674224741580526,0.2474415061944237,0.2367289096365455,0.2590863621207069,0.4960472309588682,0.24576543732205314,0.4959097704251745
0.6900000000000001,0.23207735911970656,0.25164277314994243,0.24006335445148383,0.26375458486162057,0.4985675905982673,0.249963053777444,0.49842393093394455
0.6950000000000001,0.23574524841613873,0.2558597276836692,0.24441480493497833,0.2674224741580527,0.5010966284724203,0.2541846964066776,0.5009255520148641
0.7000000000000001,0.24174724908302767,0.2601751468040233,0.24874958319439813,0.2717572524174725,0.5035171884121532,0.25842978980830666,0.5034146962085906
0.705,0.245081693897966,0.2644455058593104,0.25208402800933644,0.2760920306768923,0.5059798044126157,0.2626977538444792,0.5058914257438583
0.71,0.24908302767589197,0.26870852179288374,0.2567355785261754,0.28011003667889295,0.5084454244174155,0.26698800387325566,0.5083558025390349
0.715,0.25208402800933644,0.27303362048277025,0.26075358452817604,0.2847615871957319,0.510906705304839,0.27129995098100557,0.5108078882036684
0.72,0.25608536178726243,0.27738341876387973,0.26508836278759584,0.2891130376792264,0.5133322719184681,0.27563300221477993,0.5132477440400283
0.725,0.2620873624541514,0.28174923840145594,0.26942314104701565,0.2934311437145715,0.515725462040901,0.2799865608145443,0.5156754310446375
0.73,0.26808936312104037,0.2861193971564095,0.2737412470823608,0.2980993664554852,0.5181383450806596,0.2843600264451708,0.5180910099097975
0.735,0.2697565855285095,0.29056599113284665,0.2784261420473491,0.3021007002334111,0.5205405472161064,0.28875279542808013,0.5204945410251058
0.74,0.27542514171390464,0.29501191755276424,0.2830943647882628,0.30646882294098027,0.5229527626993449,0.29316426097243226,0.5228860844789656
0.745,0.2807602534178059,0.29945517374660413,0.2870956985661887,0.3111037012337446,0.5253042305393104,0.29759381340575564,0.5252657000600875
0.75,0.28642880960320105,0.30385971166231235,0.2910970323441147,0.3151383794598199,0.527683068196572,0.3020408404039196,0.5276334472589853
0.755,0.2920973657885962,0.30835937638205085,0.2964154718239413,0.3197899299766589,0.5300408778234725,0.3065047272203422,0.529989385269462
0.76,0.2954318106035345,0.3128747286799974,0.3001000333444481,0.3241247082360787,0.5324013576764499,0.3109848569143393,0.5323335729900908
0.765,0.3007669223074358,0.317334006230305,0.3051017005668556,0.3284428142714238,0.5347441472816605,0.3154806105785102,0.5346660690256866
0.77,0.30543514504834945,0.32175256283292275,0.30976992330776926,0.3327775925308436,0.5370315296957516,0.31999136756506746,0.5369869316887719
0.775,0.30943647882627545,0.32632298854372926,0.31377125708569525,0.33744581527175727,0.5393205810011419,0.32451650571101254,0.5392962190010342
0.78,0.31377125708569525,0.330811972359155,0.31808936312104036,0.34178059353117707,0.5416366683455718,0.3290554015620624,0.5415939886947765
0.785,0.31843947982660886,0.33532865977014004,0.32277425808602866,0.3457985995331777,0.5439614339247553,0.33360743059523645,0.5438802982143608
0.79,0.3231077025675225,0.33993413219822005,0.3280926975658553,0.3507835945315105,0.5462528216779631,0.33817196744000827,0.5461552047176441
0.795,0.3284428142714238,0.3445102321394415,0.33209403134378124,0.3561187062354118,0.5485358649746782,0.34274838609793845,0.5484187650774077
0.8,0.33377792597532513,0.34913272725876865,0.3357785928642881,0.3607869289763254,0.5507508175064029,0.3473360601606937,0.5506710358827784
0.805,0.3401133711237079,0.3537195081043028,0.34078026008669554,0.3654551517172391,0.5529994816423627,0.3519343630263715,0.5529120734406436
0.81,0.34378126042014007,0.3582912689281486,0.345781927309103,0.3694731577192398,0.5552034194915157,0.35654266811404073,0.5551419337770589
0.8150000000000001,0.349783261087029,0.36289640757796837,0.349783261087029,0.3741247082360787,0.5574517498492156,0.36116034907641853,0.5573606726386489
0.8200000000000001,0.35545181727242414,0.3675108920190612,0.35445148382794267,0.37879293097699235,0.5596159680854584,0.365786780010601,0.5595683454940008
0.8250000000000001,0.3611203734578193,0.37219847389904054,0.35943647882627544,0.38314438146048685,0.5618092250302981,0.37042133566676727,0.5617650075350509
0.8300000000000001,0.36845615205068355,0.37683031480964163,0.3644548182727576,0.3881293764588196,0.5640378624706734,0.3750633916547816,0.5639507136784645
0.835,0.3731243747915972,0.3815002064418536,0.3687895965321774,0.3928142714238079,0.5661984091460578,0.37971232464861493,0.5661255185670091
0.84,0.37679226408802935,0.38610601264819283,0.37279093031010335,0.3977992664221407,0.5683783149605084,0.3843675125885132,0.5682894765709203
0.845,0.3804601533844615,0.39079793364554954,0.37810936978993,0.40246748916305436,0.570485790892592,0.38902833488084193,0.5704426417892609
0.85,0.3824608202734245,0.3954501350299958,0.3827942647549183,0.40681893964654886,0.5725739076856116,0.3936941725955342,0.5725850680512733
0.855,0.38779593197732576,0.4000756341536605,0.3881127042347449,0.41147049016338777,0.5746737067177217,0.39836440866107453,0.5747168089177259
0.86,0.3931310436812271,0.40476788892927645,0.39278092697565853,0.41613871290430143,0.5767921973323773,0.40303842805695544,0.5768379176822511
0.865,0.39813271090363456,0.4093927204964222,0.39713237745915303,0.4208069356452151,0.5788866559123313,0.407715618003538,0.5789484473726788
0.87,0.4038012670890297,0.4139805026767351,0.40146715571857283,0.4254751583861287,0.5809577500141022,0.4123953681492555,0.581048450752361
0.875,0.40880293431143716,0.41855126216580124,0.4064688229409803,0.4298099366455485,0.5830638908331465,0.4170770707551044,0.5831379803214916
0.88,0.41413804601533843,0.4231844381894402,0.41113704568189396,0.43447815938646217,0.58514666717401,0.42176012087635817,0.5852170883184187
0.885,0.41847282427475824,0.42779959018705366,0.41580526842280763,0.438812937645882,0.5872311124061702,0.4264439165414495,0.5872858267209504
0.89,0.4234744914971657,0.43248917473659154,0.42045681893964654,0.44381460486828944,0.5892641557863302,0.4311278589279716,0.5893442472476544
0.895,0.4274758252750917,0.43719511442085635,0.42480826942314104,0.4488162720906969,0.5912908573795532,0.43581135253573927,0.5913924013591516
0.9,0.43147715905301764,0.4418553264835353,0.4297932644214738,0.4531677225741914,0.5933272385423097,0.44049380535686644,0.5934303402594009
0.905,0.4371457152384128,0.44657361596341205,0.43447815938646217,0.4574858286095365,0.5953676250441831,0.44517462904280747,0.5954581148969812
0.91,0.43947982660886964,0.45114838079159486,0.43944648216072024,0.4621540513504501,0.5973606150331728,0.4498532390683193,0.597475775966364
0.915,0.4464821607202401,0.4557952417238847,0.44379793264421474,0.46648882960987,0.5993646197047319,0.4545290548923,0.5994833739091812
0.92,0.45281760586862285,0.4605065218603057,0.4487995998666222,0.4711570523507836,0.6013465950111494,0.45920150011546196,0.6014809589154859
0.925,0.46115371790596865,0.4651457058926218,0.4538012670890297,0.47582527509169725,0.6033335769914625,0.46387000263480105,0.6034685809250071
0.93,0.4638212737579193,0.4698089219596379,0.4581360453484495,0.4808269423141047,0.6053148847413602,0.46853399479482355,0.605446289628399
0.935,0.4684894964988329,0.47447714470055213,0.4628209403134378,0.48549516505501833,0.6072771671304508,0.4731929135354957,0.6074141344684816
0.9400000000000001,0.47182394131377126,0.4791026438242169,0.46747249083027675,0.489513171057019,0.609238781963022,0.4778462005368833,0.6093721646414789
0.9450000000000001,0.4794931643881294,0.4837324820652586,0.47215738579526506,0.49418139379793263,0.6112084074738297,0.4824933023604507,0.611320429098247
0.9500000000000001,0.48549516505501833,0.488402707475731,0.4768256085361787,0.4991663887962654,0.6131556698412316,0.48713367058698803,0.6132589765454988
0.9550000000000001,0.4904968322774258,0.4929814776430306,0.4818272757585862,0.503834611537179,0.6150665503783214,0.4917667619511426,0.6151878554470215
0.96,0.49583194398132713,0.49757126249290257,0.48647882627542516,0.5081693897965989,0.6169540664372277,0.49639203847252794,0.6171071140248879
0.965,0.5011670556852285,0.5021249992907217,0.49083027675891966,0.513187729243081,0.6188646131960563,0.5010089675833875,0.6190168002606627
0.97,0.5055018339446482,0.5067451579622305,0.49516505501833946,0.5185061687229077,0.6207825030766013,0.5056170222527948,0.6209169618966012
0.975,0.5098366122040681,0.5112798693992433,0.49949983327775926,0.5228409469823274,0.6227094049701586,0.5102156811073664,0.622807646436843
0.98,0.5131710570190063,0.5158880120534011,0.5038179393131044,0.526858952984328,0.6245945845812476,0.5148044285484774,0.6246889011486004
0.985,0.51783927975992,0.5203996927904906,0.5091697232410803,0.531510503501167,0.6265024611139981,0.5193827548659598,0.6265607730633391
0.99,0.5228409469823274,0.5248806659276822,0.5131710570190063,0.5361787262420807,0.6283479211121762,0.523950156348273,0.6284233089779543
0.995,0.5291763921307102,0.5294230542646684,0.5185061687229077,0.5408469489829943,0.6302164118102765,0.5285061353891363,0.6302765554559411
1.0,0.5341780593531177,0.5339193812018094,0.5231743914638213,0.5451983994664887,0.6320501895693621,0.5330502005906137,0.6321205588285577
1.0050000000000001,0.5398466155385129,0.5384470832953665,0.5275091697232411,0.5498499499833278,0.6339059966935923,0.5375818668626449,0.6339553651959846
1.01,0.5445148382794265,0.5428866679283485,0.5321773924641547,0.5542014004668222,0.6357394406744197,0.5421006555190166,0.6357810204284766
1.0150000000000001,0.5498499499833278,0.5473576277177481,0.5358452817605869,0.5588529509836612,0.6375375041597124,0.5466060943697749,0.6375975701675097
1.02,0.5588529509836612,0.5518379332984201,0.5405135045015005,0.563187729243081,0.6393402405406408,0.5510977178100697,0.6394050598269216
1.025,0.565188396132044,0.5562731788140259,0.5448482827609203,0.5675391797265755,0.6411186111086074,0.5555750669054434,0.6412035345940483
1.03,0.5698566188729577,0.560718771455684,0.5491830610203401,0.5718572857619206,0.6428913074461592,0.5600376894735559,0.6429930394308526
1.035,0.5741913971323774,0.5651463400713154,0.55351783927976,0.5758752917639213,0.6447077287357391,0.5644851401623564,0.6447736190750485
1.04,0.5765255085028342,0.5695034814741381,0.5578526175391797,0.5805268422807602,0.6464420405734175,0.5689169805247076,0.6465453180412198
1.045,0.5791930643547849,0.5738929993681576,0.5618539513171057,0.5848616205401801,0.6482134017979296,0.5733327790894678,0.6483081806219331
1.05,0.5821940646882294,0.5782234385102005,0.5665221740580193,0.5888796265421806,0.6499550567573229,0.5777321114290446,0.6500622508888447
1.055,0.5875291763921308,0.5825482034218278,0.571190396798933,0.5931977325775258,0.6517194086383807,0.5821145602234263,0.6518075726938024
1.06,0.592864288096032,0.5869383888723668,0.5761920640213405,0.5975325108369457,0.6534667378281912,0.586479715320713,0.6535441896699425
1.065,0.5961987329109704,0.5912574795535777,0.5805268422807602,0.6022007335778593,0.6552030523354291,0.5908271737941492,0.6552721452327799
1.07,0.5998666222074025,0.5955869173608418,0.5848616205401801,0.6065521840613537,0.6569146672514456,0.5951565399956895,0.6569914825812934
1.075,0.6042014004668222,0.5998732977725975,0.588862954318106,0.6108702900966989,0.6586292861718007,0.5994674256061017,0.6587022446990063
1.08,0.6095365121707236,0.6041369812626899,0.5935145048349451,0.6148716238746249,0.660337229526959,0.6037594496816368,0.6604044743550609
1.085,0.6152050683561187,0.6083849771745746,0.5978659553184394,0.6192230743581193,0.6620461742168977,0.6080322386972823,0.6620982141052869
1.09,0.6168722907635878,0.6126202895125871,0.6021840613537847,0.6235411803934645,0.663770472706785,0.6122854265866224,0.6637835062932667
1.095,0.62054018006002,0.6168409156071719,0.6062020673557853,0.6278759586528843,0.6654820876228011,0.6165186547783279,0.6654603930513924
1.1,0.622540846948983,0.6210572025843778,0.6108536178726243,0.631560520173391,0.66717768118235,0.6207315722293061,0.6671289163019205
1.105,0.6268756252084028,0.6251923814444665,0.614538179393131,0.6358786262087363,0.6688512453767538,0.624923835454531,0.668789117758019
1.11,0.6312104034678226,0.629354596343593,0.6188729576525509,0.6395465155051684,0.6704977735321184,0.6290951085535881,0.670441038924811
1.115,0.6352117372457485,0.633469414729835,0.6228742914304768,0.6438812937645882,0.6721319518918725,0.6332450632339577,0.6720847211004115
1.12,0.6388796265421808,0.6375461823944646,0.6272090696898966,0.6475825275091698,0.6737614573559885,0.637373378831075,0.6737202053769605
1.125,0.6452150716905635,0.6416032571417692,0.6315271757252418,0.6519006335445148,0.6753829521418718,0.6414797423251908,0.6753475326416503
1.1300000000000001,0.6512170723574525,0.645679023471621,0.6352117372457485,0.65621873957986,0.6770101211581708,0.6455638483550736,0.6769667435777471
1.135,0.6548849616538847,0.6496673398974155,0.6395298432810937,0.6602200733577859,0.678630614609274,0.6496253992285819,0.6785778786656087
1.1400000000000001,0.6582194064688229,0.6537007163882791,0.6438812937645882,0.6635545181727243,0.6802828169950536,0.6536641049301488,0.6801809781836962
1.145,0.6628876292097365,0.657717070187893,0.6478826275425141,0.667889296432144,0.6818455668072211,0.6576796831252074,0.6817760822095809
1.1500000000000001,0.6675558519506503,0.6617741449351989,0.6518839613204401,0.6715571857285761,0.683438356662765,0.6616718591616046,0.6833632306209468
1.155,0.6728909636545515,0.6657070541698741,0.6558852950983661,0.6755585195065021,0.6850211331705163,0.6656403660680341,0.6849424630965867
1.16,0.675891963987996,0.6696339553958774,0.6598699566522175,0.6795765255085028,0.6865384891393564,0.6695849445495332,0.6865138191173947
1.165,0.6785595198399467,0.6735054494307572,0.6638712904301435,0.6832277425808603,0.6880701975733652,0.6735053429800839,0.6880773379673533
1.17,0.6822274091363788,0.6773365562962094,0.6675558519506503,0.6872290763587863,0.6896462985159209,0.6774013173923583,0.689633058734515
1.175,0.6865621873957986,0.6811933640876616,0.6715405135045015,0.6912304101367123,0.6912000363150752,0.6812726314646542,0.6911810203119801
1.18,0.6905635211737245,0.6849981024705925,0.6755418472824275,0.6955818606202067,0.6927694616924368,0.6851190565050599,0.6927212613988687
1.185,0.6965655218406135,0.688789489723135,0.6792264088029343,0.6988996332110704,0.6943088470264187,0.6889403714329003,0.6942538205012883
1.19,0.7005668556185395,0.6926045752321173,0.6825608536178727,0.7025675225075025,0.6958458959125847,0.6927363627574993,0.6957787359332959
1.195,0.7042347449149716,0.6963285392761893,0.6865455151717239,0.7065688562854284,0.6973622505466445,0.6965068245543156,0.6972960458178572
1.2,0.7079026342114038,0.7001222629765474,0.6898966322107369,0.7099033011003668,0.6988241993243649,0.7002515584384887,0.6988057880877978
1.205,0.7109036345448483,0.7037914873860189,0.6935645215071691,0.7142547515838612,0.7003368823975696,0.7039703735358518,0.7003080004867537
1.21,0.7142380793597866,0.7074096437217483,0.6972324108036012,0.7179059686562187,0.7018412210142795,0.7076630864514494,0.7018027205701126
1.215,0.717572524174725,0.7111075730615577,0.7009003001000333,0.7215738579526508,0.703334544948416,0.7113295212356194,0.7032899857059547
1.22,0.7202400800266756,0.7148158495274195,0.7045681893964655,0.7252417472490831,0.7048038368478502,0.7149695093476796,0.7047698330759857
1.225,0.7242414138046015,0.7183959551415359,0.7088862954318107,0.728592864288096,0.7062858123211561,0.7185828896172739,0.7062422996764672
1.23,0.7275758586195399,0.7220054332425138,0.7122374124708236,0.7319106368789596,0.7077337424119687,0.7221695082034251,0.7077074223191406
1.235,0.7302434144714905,0.7254703853570141,0.7155718572857619,0.7355785261753918,0.7091769996071441,0.7257292185513495,0.7091652376321484
1.24,0.7349116372124042,0.7290171131451563,0.719239746582194,0.7389129709903302,0.7106229270283957,0.7292618813470773,0.7106157820609493
1.245,0.7389129709903302,0.7324233202859424,0.7228909636545515,0.7422640880293431,0.7120528330931799,0.7327673644699385,0.7120590918692298
1.25,0.7432477492497499,0.7358672443700786,0.7259086362120707,0.7462487495831944,0.713494087618796,0.7362455429429594,0.7134952031398099
1.2550000000000001,0.7479159719906635,0.7392604341587339,0.7295598532844282,0.7499166388796266,0.7148909496358637,0.7396962988812252,0.7149241517755465
1.26,0.7499166388796266,0.7426763208690518,0.7322440813604535,0.7529343114371456,0.7163342068310385,0.7431195214382614,0.7163459735002295
1.2650000000000001,0.754918306102034,0.7460785226707196,0.7359119706568856,0.7562520840280094,0.7177871435957455,0.7465151067504843,0.7177607038594767
1.27,0.7585861953984662,0.7493805909944627,0.7392464154718239,0.7592530843614538,0.7192414154734917,0.7498829578797755,0.7191683782216203
1.2750000000000001,0.7629209736578859,0.752665302848698,0.7422474158052684,0.7626042014004668,0.7206456206122756,0.7532229847542339,0.7205690317785927
1.28,0.7642547515838612,0.7559433391377373,0.7458986328776259,0.766588862954318,0.7220107736946693,0.7565351041071537,0.7219626995468058
1.285,0.7682560853617872,0.7592323901093486,0.7492330776925642,0.7699399799933311,0.723383603677035,0.7598192394142913,0.7233494163680265
1.29,0.7739246415471824,0.7624373289595027,0.7519173057685895,0.7729409803267755,0.7247828021419226,0.7630753208294616,0.7247292169102477
1.295,0.7769256418806268,0.7656559527183069,0.755568522840947,0.7762754251417139,0.7261603050199246,0.766303285118529,0.7261021356685544
1.3,0.7789263087695899,0.7688124937207949,0.7585861953984662,0.7792597532510837,0.7275237892110189,0.7695030755918394,0.7274682069659875
1.305,0.7815938646215406,0.7719690347232855,0.7619206402134044,0.7822607535845282,0.7289089689889957,0.7726746420351488,0.7288274649544001
1.31,0.7849283094364788,0.7751035463606323,0.764921640546849,0.7859286428809603,0.7302901434278558,0.775817940639102,0.7301799436153131
1.315,0.7889296432144048,0.7782156948545739,0.7682560853617872,0.7886128709569856,0.7316379400407412,0.7789329339273139,0.7315256767607634
1.32,0.7899299766588863,0.7813164948876854,0.7709236412137379,0.7915971990663555,0.7329213174494944,0.7820195906831078,0.7328646980341497
1.325,0.7932644214738246,0.7843084832081177,0.7742580860286762,0.7942647549183061,0.7342414104668199,0.7850778858749621,0.7341970409110734
1.33,0.7955985328442814,0.7872957986329113,0.7772590863621207,0.7975991997332444,0.7356179120100433,0.7881078005807196,0.735522738700176
1.335,0.7982660886962321,0.7902617522490812,0.780593531177059,0.8002834278092698,0.7369246538969786,0.7911093219106118,0.7368418245439713
1.34,0.802267422474158,0.7932931264041642,0.7835945315105035,0.803617872624208,0.7382240526621977,0.7940824429291493,0.738154331419674
1.345,0.8072690896965655,0.7962166901813442,0.7869289763254418,0.8066022007335779,0.7395324634404322,0.7970271625759325,0.7394602921400244
1.35,0.8099366455485162,0.7991332446150732,0.7892630876958986,0.8092697565855285,0.7408255204187181,0.7999434855854348,0.7407597393541085
1.355,0.8152717572524175,0.8020344452488509,0.7922474158052685,0.8122874291430476,0.742101220927497,0.8028314224058049,0.7420527055481743
1.36,0.8186062020673558,0.8048745644610917,0.7949316438812938,0.8152717572524175,0.7434049588100944,0.8056909891167475,0.7433392230464442
1.365,0.820273424474825,0.8076362457822948,0.7979326442147382,0.8176058686228743,0.7447056926883542,0.808522207346527,0.7446193240119223
1.37,0.8226075358452818,0.8104196226903789,0.8006002000666889,0.8206068689563187,0.7460007523361979,0.8113251041881476,0.7458930404471997
1.375,0.8256085361787262,0.8131979929245683,0.8032677559186395,0.8229409803267755,0.7472507519189739,0.8140997121147581,0.7471604041952535
1.3800000000000001,0.8276092030676893,0.8159149479589627,0.806268756252084,0.8259419806602201,0.7485207781973374,0.8168460688943343,0.7484214469402435
1.385,0.8306102034011337,0.818599526502161,0.8086028676225409,0.8286095365121707,0.749787132914842,0.8195642175036846,0.7496762002083039
1.3900000000000001,0.8326108702900967,0.8212811010410208,0.8112704234744915,0.8312770923641214,0.7510314582672027,0.822254206041831,0.7509246953683318
1.395,0.835945315105035,0.8239102723931002,0.8142714238079359,0.8339446482160721,0.7522684404978514,0.8249160876428107,0.7521669636327712
1.4000000000000001,0.8382794264754918,0.8265177481582952,0.8169389796598866,0.8366122040680227,0.7535351289936151,0.8275499203879494,0.7534030360583935
1.405,0.8419473157719239,0.8290758247410461,0.8195898632877626,0.8389463154384795,0.7547480791895592,0.8301557672176505,0.7546329435470737
1.41,0.843947982660887,0.831621551528187,0.8219406468822941,0.8416138712904302,0.7559596942724652,0.83273369584275,0.7558567168465629
1.415,0.8472824274758253,0.8341612703066522,0.824924974991664,0.843947982660887,0.7572013493987486,0.8352837786554812,0.7570743865512576
1.42,0.8516172057352451,0.836651256124414,0.8272757585861954,0.8466155385128377,0.7584223102729268,0.837806092640095,0.7582859831029636
1.425,0.8539513171057019,0.8391405743856564,0.8299433144381461,0.8492830943647882,0.7595955408559609,0.8403007192831831,0.7594915367916579
1.43,0.8559519839946649,0.8415584640993107,0.8322774258086029,0.8516172057352451,0.7608124963910219,0.8427677444837458,0.7606910777562454
1.435,0.8609536512170723,0.8439927089476946,0.8346115371790597,0.8536345448482827,0.7620578230781628,0.8452072584630503,0.761884635985313
1.44,0.8629543181060353,0.8464129351091676,0.8372790930310103,0.8559519839946649,0.7632554194741594,0.847619355674321,0.7630722413178782
1.445,0.8642880960320106,0.8488471799575511,0.8395965321773925,0.8582860953651217,0.7644199718224395,0.850004134712306,0.7642539234441365
1.45,0.8679559853284429,0.8512350296278262,0.8419306435478493,0.8606202067355785,0.765595538853292,0.8523616982227611,0.7654297119062023
1.455,0.8689563187729243,0.8535260836027755,0.843947982660887,0.8626208736245415,0.7667383956146879,0.8546921528118927,0.7665996360988487
1.46,0.8702900966988997,0.8558148011299079,0.8466155385128377,0.8649549849949983,0.7679306515585268,0.8569956089557991,0.7677637252702412
1.465,0.8729576525508503,0.85813889915257,0.8492664221407136,0.867622540846949,0.769111892819795,0.859272180909952,0.7689220085226698
1.47,0.8746248749583194,0.8603762148276974,0.8516172057352451,0.8696398799599866,0.7702767789463354,0.8615219866187558,0.7700745148132762
1.475,0.877625875291764,0.8625904998029031,0.8536178726242081,0.8719573191063688,0.7714169654816534,0.8637451476252235,0.7712212729547776
1.48,0.8812937645881961,0.8647664002782379,0.8559519839946649,0.8742914304768256,0.772570169369102,0.8659417889808082,0.7723623116161873
1.485,0.8829609869956653,0.86691693360583,0.8579526508836278,0.8762920973657886,0.7736883265392772,0.8681120391554245,0.7734976593235312
1.49,0.8842947649216405,0.8690958380855011,0.8602867622540847,0.879293097699233,0.7747901285747236,0.8702560299476982,0.7746273444605613
1.495,0.887295765255085,0.8711872926611164,0.8622874291430477,0.880643547849283,0.7759009426231827,0.8723738963954811,0.7757513952694647
1.5,0.8879626542180727,0.8732587205411481,0.8646215405135045,0.8826442147382461,0.7769944002021366,0.8744657766866598,0.7768698398515702
1.5050000000000001,0.8906302100700233,0.8753558493471777,0.8662887629209737,0.8846282094031344,0.7781165627114278,0.8765318120703005,0.7779827061680507
1.51,0.8919639879959986,0.8773658620274148,0.868272757585862,0.8866288762920974,0.779240394112018,0.8785721467681554,0.7790900220406218
1.5150000000000001,0.8936312104034678,0.879386555611965,0.8702900966988997,0.8882960986995665,0.7803211681171005,0.8805869278865701,0.7801918151522383
1.52,0.8966322107369123,0.8813848860531085,0.8722907635878626,0.8899799933311103,0.7814243052655852,0.8825763053288167,0.7812881130477852
1.5250000000000001,0.8982994331443814,0.883333817311809,0.8746082027342448,0.8922974324774925,0.7824827161272639,0.8845404317078894,0.7823789431347672
1.53,0.9006335445148382,0.8852630556531853,0.8762920973657886,0.8939646548849617,0.7835538105628148,0.8864794622597888,0.783464332683993
1.5350000000000001,0.9019673224408136,0.8871959655554176,0.8782927642547516,0.8956318772924308,0.784650272146105,0.8883935547573263,0.7845443088302579
1.54,0.9029676558852952,0.88903842154926,0.8806102034011337,0.8972990996999,0.7857514066250315,0.8902828694244757,0.785618898573022
1.545,0.9046348782927642,0.890887219330033,0.8826275425141714,0.8992997665888629,0.7868131552693068,0.8921475688513005,0.7866881287770848
1.55,0.906968989663221,0.892743360232524,0.8839613204401467,0.9016338779593198,0.7878628878962312,0.8939878179094843,0.7877520261732569
1.555,0.9073024341447149,0.8945497681743096,0.8856285428476158,0.9029676558852952,0.7889126205231576,0.8958037836684882,0.7888106173590288
1.56,0.9089696565521841,0.89635250455524,0.8876292097365789,0.9046348782927642,0.789996398532577,0.8975956353123637,0.7898639287992353
1.565,0.9106368789596532,0.8981318764579854,0.889296432144048,0.9066355451817273,0.7910334475856323,0.899363544057242,0.790911986826717
1.57,0.9126375458486162,0.8998872163260301,0.8909636545515172,0.9083027675891964,0.7920644886300107,0.9011076830695275,0.7919548176429796
1.575,0.9136378792930977,0.9015721289812664,0.8929476492164056,0.9103034344781594,0.7930981999004676,0.9028282273848142,0.7929924473188473
1.58,0.9153051017005669,0.9032740643277501,0.8946315438479493,0.9119706568856285,0.7941235667144304,0.9045253538275505,0.7940249017951165
1.585,0.9159719906635545,0.9049456258525951,0.8966322107369123,0.9136378792930977,0.7951482659718745,0.9061992409314716,0.7950522068832027
1.59,0.9173057685895298,0.9065931553427399,0.8982994331443814,0.9153051017005669,0.7961756354553962,0.9078500688608213,0.7960743882657866
1.595,0.9179726575525176,0.9081846100852443,0.8996332110703568,0.9166555518506169,0.7971776377911759,0.9094780193323824,0.797091471497456
1.6,0.918972990996999,0.9097613785843203,0.901300433477826,0.9179726575525176,0.7981883183617094,0.9110832755383343,0.7981034820053446
1.605,0.9203067689229744,0.9113081070400185,0.9029509836612205,0.9199733244414805,0.7991926571453073,0.9126660220699576,0.7991104450897679
1.61,0.9206402134044681,0.9128668515130673,0.9043014338112704,0.9213071023674558,0.8001686247768284,0.9142264448422011,0.8001123859248556
1.615,0.920973657885962,0.9144382795599871,0.9059686562187396,0.9226408802934312,0.801174632451724,0.9157647310191285,0.8011093295591803
1.62,0.9223074358119373,0.9159703217722566,0.9076358786262088,0.9246415471823941,0.8021415880702297,0.9172810689402631,0.8021013009163853
1.625,0.924974991663888,0.9174456216803671,0.9089696565521841,0.9259753251083694,0.8031265677147633,0.9187756480478407,0.8030883247958059
1.6300000000000001,0.9256418806268756,0.9189139122450221,0.9103034344781594,0.9273091030343448,0.8041282362722846,0.9202486588149904,0.8040704258730906
1.635,0.9263087695898633,0.9203541654358578,0.9119706568856285,0.9286428809603201,0.8051015336777259,0.9217002926748533,0.8050476287008175
1.6400000000000001,0.9283094364788262,0.9217814012745648,0.9136378792930977,0.9299766588862954,0.8060487963789064,0.923130741950654,0.8060199577091081
1.645,0.9296432144048016,0.9231916144220247,0.9149549849949984,0.9313104368122708,0.8070130817713346,0.9245401997867359,0.8069874372062382
1.6500000000000001,0.9309769923307769,0.9245611066217934,0.9163054351450484,0.9326442147382461,0.8079663524811912,0.9259288600805727,0.8079500913792459
1.655,0.9323107702567522,0.9259289299302649,0.9176392130710237,0.9339779926642214,0.8089119462910731,0.9272969174157665,0.8089079442945354
1.6600000000000001,0.934644881627209,0.9272753914301096,0.9193064354784928,0.9353117705901968,0.8098702236748258,0.9286445669960426,0.8098610198984795
1.665,0.9359786595531844,0.9286155111430205,0.920973657885962,0.9363121040346782,0.8108011312412781,0.9299720045802496,0.810809342018018
1.67,0.9369789929976658,0.9299202503603966,0.9219739913304434,0.9376458819606536,0.811750730390277,0.9312794264183756,0.8117529343612532
1.675,0.9393131043681227,0.9312323326994876,0.9233077692564188,0.9389796598866289,0.8126666179350407,0.932567029188586,0.812691820518043
1.68,0.9403134378126042,0.9325140412169417,0.9246415471823941,0.9399799933311104,0.8135868445971803,0.9338350099352913,0.81362602396059
1.685,0.9419806602200733,0.9337603692388627,0.9259753251083694,0.9413137712570857,0.8145538002156869,0.9350835660082533,0.8145555680440291
1.69,0.9436478826275425,0.9349840003391187,0.9276425475158386,0.9423141047015672,0.8154626784169963,0.9363128950027311,0.8154804760070107
1.695,0.9456485495165055,0.9362380052610131,0.9286262087362455,0.9436645548516172,0.8163905819791117,0.9375231947006787,0.8164007709722821
1.7,0.9463154384794932,0.9374472838961002,0.9296432144048016,0.9449983327775925,0.8173295002237986,0.938714663012992,0.8173164759472653
1.705,0.9469823274424808,0.9386105011313409,0.9309769923307769,0.9463154384794932,0.8182590726772129,0.9398874979228163,0.8182276138246325
1.71,0.9476492164054685,0.9397800601535168,0.9319773257752584,0.9473157719239746,0.8191813020089118,0.941041897429911,0.8191342073828779
1.715,0.9479826608869624,0.9409155737931997,0.9333111037012337,0.9483327775925308,0.8200771628580904,0.9421780594960799,0.8200362792868878
1.72,0.94864954984995,0.9420287242894773,0.934644881627209,0.9496665555185061,0.820978697937684,0.943296181991667,0.8209338520885068
1.725,0.9509836612204068,0.9431181765293137,0.9356452150716905,0.9506502167389129,0.8218872423607327,0.9443964626431184,0.8218269482271016
1.73,0.952650883627876,0.9441916074126809,0.9369789929976658,0.9513171057019006,0.8227864409925089,0.9454790989816151,0.8227155900301222
1.735,0.9546515505168389,0.9452520209439192,0.9379793264421474,0.952650883627876,0.8236609400330633,0.9465442882927726,0.82359979971366
1.74,0.9553184394798266,0.9463254518272862,0.939296432144048,0.9536512170723574,0.8245317675127607,0.947592227567412,0.8244795993830032
1.745,0.9559853284428143,0.9473958787063159,0.940646882294098,0.9546515505168389,0.8254052652185362,0.9486231134533987,0.8253550110331891
1.75,0.9569856618872957,0.9484285886419929,0.9416472157385796,0.9556518839613204,0.8263074678546496,0.9496371422085492,0.8262260565495548
1.7550000000000001,0.9573191063687896,0.9494352638734095,0.942647549183061,0.9563354451483828,0.8271649442039568,0.9506345096546052,0.8270927577082836
1.76,0.9583194398132711,0.9504152368440468,0.9439813271090364,0.9573191063687896,0.828016078766329,0.9516154111322704,0.8279551361769495
1.7650000000000001,0.9596532177392464,0.951395877371202,0.944648216072024,0.9583361120373457,0.8288839022416881,0.952580041457311,0.8288132135150591
1.77,0.9606535511837279,0.9523521520853967,0.9456485495165055,0.9593197732577526,0.8297610715083206,0.9535285948777139,0.8296670111745905
1.7750000000000001,0.962320773591197,0.9532583600606267,0.9466322107369124,0.9603201067022341,0.83061387496199,0.9544612650319013,0.83051655050053
1.78,0.9626542180726909,0.954195609414015,0.9473157719239746,0.9609869956652217,0.8314756904286738,0.9553782449079958,0.8313618527314045
1.7850000000000001,0.9629876625541848,0.955104153837065,0.9483161053684561,0.9619873291097032,0.8323168116432527,0.9562797268041342,0.8322029389998141
1.79,0.9643214404801601,0.9559856622210747,0.949299766588863,0.9629876625541848,0.8331482532882994,0.9571659022898227,0.8330398303329594
1.795,0.9649883294431477,0.9568871973006683,0.9499833277759253,0.963671223741247,0.833987371833321,0.9580369621683305,0.833872547653167
1.8,0.9649883294431477,0.9577717096890166,0.9513171057019006,0.9646715571857285,0.8348074650175353,0.9588930964401139,0.8347011117784134
1.805,0.9656552184061353,0.9586061553384008,0.9519839946648883,0.9656552184061353,0.835626890645231,0.9597344942672679,0.8355255434228451
1.81,0.966322107369123,0.95944560766168,0.9529843281093698,0.966322107369123,0.8364132722252112,0.9605613439389953,0.836345863197296
1.815,0.9669889963321107,0.9602850599849604,0.9539679893297767,0.9669889963321107,0.8372477178745951,0.961373832838091,0.837162091609803
1.82,0.9673224408136045,0.9611001464952776,0.9546515505168389,0.9676558852950984,0.8380631381631712,0.9621721474084295,0.8379742490661193
1.825,0.968322774258086,0.9619002129839064,0.9556518839613204,0.968322774258086,0.8388378375040612,0.9629564731234524,0.8387823558702232
1.83,0.9689896632210737,0.9627016145855745,0.9563021007002335,0.9689896632210737,0.8396499200100392,0.9637269944556455,0.8395864322248272
1.835,0.9699899966655552,0.9634526156700195,0.9573191063687896,0.9696565521840613,0.8404623362942795,0.9644838948469986,0.8403864982318819
1.84,0.9713237745915305,0.9642026154196852,0.9579859953317773,0.970323441147049,0.8412543921046751,0.9652273566804396,0.8411825738930794
1.845,0.9719906635545181,0.9649486098302364,0.9586528842947649,0.9709903301100367,0.8420661408323956,0.9659575612522333,0.8419746791103522
1.85,0.9729909969989997,0.9656622277495909,0.9593197732577526,0.9716572190730244,0.842867208655805,0.966674688745337,0.8427628336863724
1.855,0.9733244414804935,0.9663705052167882,0.9603201067022341,0.972324108036012,0.843630559535862,0.9673789182037031,0.8435470573250452
1.86,0.9746582194064688,0.9670620937709992,0.9609869956652217,0.9729909969989997,0.8444095979941276,0.9680704275075186,0.8443273696320027
1.865,0.9766588862954318,0.9677570201078073,0.9616538846282094,0.9736578859619873,0.8451956457958476,0.9687493933493739,0.845103790115093
1.87,0.9766588862954318,0.968435925088144,0.9626375458486163,0.974324774924975,0.8459593304541632,0.9694159912113475,0.8458763381848686
1.875,0.9773257752584195,0.9690847900251033,0.9633211070356785,0.9746582194064688,0.8467073275342715,0.9700703953429989,0.8466450331550716
1.8800000000000001,0.9773257752584195,0.9697399967489998,0.9639879959986662,0.9750083361120373,0.8474830282099376,0.97071277874026,0.8474098942431161
1.885,0.9776592197399133,0.9704088883815442,0.9646548849616539,0.9756752250750249,0.8482430413073961,0.9713433131252095,0.8481709405705694
1.8900000000000001,0.9779926642214072,0.9710390617359574,0.9653217739246416,0.976325441813938,0.8490077273004911,0.9719621689267264,0.8489281911636292
1.895,0.9779926642214072,0.9716588879643199,0.9659886628876292,0.9769923307769256,0.8497537217110392,0.9725695152620052,0.8496816649535996
1.9000000000000001,0.9786595531843948,0.9722813844187609,0.9666555518506169,0.9773257752584195,0.8505177401476154,0.9731655199189251,0.8504313807773649
1.905,0.9796598866288763,0.9728898621862924,0.9673224408136045,0.9779926642214072,0.8512607305538267,0.9737503493392613,0.8511773573778596
1.9100000000000001,0.9796598866288763,0.9734976723973054,0.9679893297765922,0.9786595531843948,0.85197601736448,0.9743241686027261,0.8519196134045376
1.915,0.9796598866288763,0.974077779012758,0.9686562187395799,0.9789929976658887,0.8527106633141976,0.9748871414118279,0.852658167413838
1.92,0.9796598866288763,0.9746388602674049,0.9693064354784929,0.9793431143714572,0.8534523186073704,0.975439430077537,0.8533930378696498
1.925,0.9799933311103701,0.9751855890568822,0.9699899966655552,0.980326775591864,0.8541909698962057,0.975981195505747,0.8541242431437727
1.93,0.980326775591864,0.9757276449507226,0.9703067689229744,0.9806602200733577,0.8549393007545738,0.9765125971845163,0.8548518015163763
1.935,0.9806602200733577,0.9762616901663286,0.9709903301100367,0.9813271090363455,0.8556465768869913,0.9770337931720826,0.855575731176458
1.94,0.9809936645548516,0.9767877247036987,0.9716572190730244,0.9816605535178393,0.8563695405976178,0.977544940085632,0.856296050222297
1.945,0.9809936645548516,0.9773124241280298,0.972324108036012,0.9819939979993331,0.857083492295231,0.9780461930908174,0.8570127766619071
1.95,0.9813271090363455,0.9778167630785175,0.9729743247749251,0.9826608869623208,0.8577493799234381,0.9785377058920063,0.8577259284134864
1.955,0.9816605535178393,0.9783054144507941,0.9733244414804935,0.9829943314438147,0.8584696734079843,0.9790196307232517,0.858435523305866
1.96,0.9819939979993331,0.9787857213665785,0.9739913304434812,0.9833277759253084,0.8591819562142986,0.9794921183399687,0.8591415790789549
1.965,0.9826608869623208,0.9792603540519474,0.9746415471823942,0.9836612204068023,0.8599159346074974,0.9799553180113086,0.8598441133841846
1.97,0.9829943314438147,0.9797289787286424,0.9749916638879627,0.98432810936979,0.8606118622790841,0.9804093775132123,0.8605431437849491
1.975,0.9829943314438147,0.9801772429314909,0.9753251083694565,0.9846615538512837,0.8612981103811375,0.9808544431221368,0.8612386877570448
1.98,0.9836612204068023,0.9806011413213779,0.9759919973324441,0.9850116705568522,0.8619960407222836,0.9812906596094351,0.8619307626891072
1.985,0.9849949983327776,0.9810477366329285,0.976325441813938,0.9853284428142715,0.8626816212678168,0.9817181702363835,0.8626193858830458
1.99,0.9856618872957652,0.9814629567880616,0.9769923307769256,0.9856785595198398,0.8633228093048048,0.9821371167498377,0.8633045745544762
1.995,0.9856618872957652,0.9818998725300807,0.9773257752584195,0.9863287762587529,0.8640100587416378,0.9825476393785078,0.8639863458331508
2.0,0.9856618872957652,0.9823264411460463,0.9779759919973325,0.9866788929643214,0.8646866272741571,0.982949876829839,0.8646647167633873
2.005,0.9856618872957652,0.98271596037518,0.9783094364788263,0.9869956652217405,0.8653785496066257,0.9833439662874862,0.8653397043044941
2.0100000000000002,0.9856618872957652,0.9831281765259775,0.9786595531843948,0.9873291097032344,0.866058122143483,0.9837300434093658,0.8660113253311951
2.015,0.9856618872957652,0.9835143579725136,0.9789929976658887,0.9876792264088029,0.8667146639804177,0.9841082423262771,0.8666795966340506
2.02,0.9856618872957652,0.9838988705277515,0.9796598866288763,0.9879959986662221,0.8673895636216395,0.9844786956410768,0.8673445349198783
2.025,0.9859953317772591,0.9842663603917411,0.9799933311103701,0.9886628876292097,0.8680621268150432,0.9848415344283958,0.8680061568121697
2.0300000000000002,0.9863287762587529,0.984617495121001,0.980326775591864,0.9886628876292097,0.8687126606433039,0.9851968882348836,0.868664478851507
2.035,0.9866622207402468,0.9849799783110929,0.9806602200733577,0.9890130043347782,0.8693591891324466,0.9855448850799705,0.8693195174959749
2.04,0.9866622207402468,0.9853177619099631,0.9809936645548516,0.9893297765921975,0.8699960380520568,0.9858856514571334,0.8699712891215741
2.045,0.9873291097032344,0.9856688966392242,0.9813271090363455,0.9896632210736912,0.8706412314281603,0.9862193123356504,0.8706198100226289
2.05,0.9873291097032344,0.9860086829076521,0.9816605535178393,0.9899966655551851,0.8712630603260809,0.9865459911628383,0.8712650964121957
2.055,0.9876625541847283,0.9863508056238971,0.9823274424808269,0.9903301100366789,0.871927279062991,0.9868658098667518,0.8719071644224681
2.06,0.9883294431477159,0.9866769069836747,0.9826608869623208,0.9906635545181727,0.8725848222347063,0.98717888885934,0.8725460301051793
2.065,0.9883294431477159,0.9869986692260765,0.9829943314438147,0.9906635545181727,0.8731976391196139,0.9874853470400434,0.8731817094320049
2.07,0.9886628876292097,0.9873084154511268,0.9833277759253084,0.9909969989996665,0.8738388271565994,0.9877853017998203,0.8738142182949612
2.075,0.9886628876292097,0.987607814550124,0.9836612204068023,0.9913304434811604,0.8744803489718455,0.9880788690255904,0.8744435725068028
2.08,0.9886628876292097,0.9878891896230954,0.9839946648882961,0.991347115705235,0.8750948347480508,0.9883661631050852,0.8750697878014175
2.085,0.9886628876292097,0.9881775740395233,0.9846615538512837,0.9916638879626543,0.8757119907503361,0.9886472969320906,0.8756928798342206
2.09,0.9886628876292097,0.9884592828907538,0.9846615538512837,0.991997332444148,0.8763024444918402,0.9889223819120728,0.8763128641825452
2.095,0.9889963321107036,0.988728641946375,0.9849949983327776,0.9923307769256419,0.8769232720549811,0.9891915279681723,0.8769297563460323
2.1,0.9899966655551851,0.988986986319424,0.9853284428142715,0.9923307769256419,0.8775397605007467,0.9894548435475585,0.8775435717470181
2.105,0.9903301100366789,0.9892456644707321,0.9853284428142715,0.9923474491497165,0.8781292129074715,0.9897124356281312,0.8781543257309197
2.11,0.9906635545181727,0.9895016723959635,0.9856618872957652,0.9926642214071357,0.8787230044315735,0.9899644097255562,0.8787620335666183
2.115,0.9909969989996665,0.9897676936689873,0.9859953317772591,0.9929976658886296,0.8793244728556494,0.990210869900628,0.8793667104468418
2.12,0.9909969989996665,0.9900100166855691,0.9863287762587529,0.9933311103701233,0.8799216021623489,0.9904519187669439,0.8799683714885432
2.125,0.9916638879626543,0.990236985902202,0.9866622207402468,0.9936645548516172,0.8805220692516453,0.9906876574988824,0.8805670317332803
2.13,0.991997332444148,0.9904592822231989,0.9869956652217405,0.9936645548516172,0.8811338848017735,0.990918185839872,0.8811627061475904
2.1350000000000002,0.991997332444148,0.990677239426819,0.9869956652217405,0.9936812270756918,0.8817353532258494,0.9911436021109418,0.8817554096233646
2.14,0.991997332444148,0.9909032073086733,0.9876458819606536,0.9939979993331111,0.8823278096369107,0.9913640032195423,0.8823451569782208
2.145,0.9929976658886296,0.991125169851411,0.9876625541847283,0.9943314438146049,0.8829099189219214,0.9915794846686268,0.8829319629558736
2.15,0.9929976658886296,0.9913294421463814,0.9879959986662221,0.9943481160386796,0.8835130562372961,0.991790140565981,0.883515842226503
2.1550000000000002,0.9936645548516172,0.9915343819978714,0.9883294431477159,0.9946648882960987,0.8840991708614244,0.9919960636337949,0.8840968093871213
2.16,0.9939979993331111,0.9917309773928668,0.9886462154051351,0.9946815605201733,0.8846946312768251,0.9921973452184614,0.8846748789619375
2.165,0.9943314438146049,0.9919249025617847,0.9886628876292097,0.9949983327775925,0.8852693974401215,0.9923940753005966,0.8852500654027212
2.17,0.9946648882960987,0.9921468651045222,0.9889963321107036,0.9949983327775925,0.8858281422469485,0.9925863425052701,0.8858223830891635
2.1750000000000003,0.9946648882960987,0.9923461307255963,0.9893297765921975,0.9953317772590864,0.886393228840711,0.9927742341124338,0.8863918463292363
2.18,0.9949983327775925,0.992550403020566,0.9893297765921975,0.9953317772590864,0.8869549776518764,0.992957836067545,0.8869584693595501
2.185,0.9949983327775925,0.9927359837329903,0.9896632210736912,0.9956652217405801,0.8875471002846799,0.9931372329923678,0.8875222663457104
2.19,0.9949983327775925,0.9929132199889198,0.9899966655551851,0.9956652217405801,0.8881268731218722,0.9933125081959508,0.8880832513826711
2.195,0.9949983327775925,0.9930934602491878,0.9903301100366789,0.995998666222074,0.8886952974982327,0.9934837436857653,0.8886414384950874
2.2,0.9953317772590864,0.9932646884964419,0.9903301100366789,0.995998666222074,0.8892623867615532,0.9936510201790003,0.8891968416376661
2.205,0.9953317772590864,0.9934429260871506,0.9906635545181727,0.995998666222074,0.889830143581394,0.9938144171140035,0.8897494746955148
2.21,0.9956652217405801,0.9936091476605083,0.9906635545181727,0.9963321107035679,0.8903788750404287,0.9939740126618601,0.8902993514844886
2.215,0.9956652217405801,0.9937633532165148,0.9909969989996665,0.9963321107035679,0.8909356171776974,0.9941298837381006,0.8908464857515359
2.22,0.9956652217405801,0.9939289072333521,0.9909969989996665,0.9966655551850617,0.8914890215323695,0.9942821060145306,0.891390891175042
2.225,0.9956652217405801,0.9940814438980589,0.9913304434811604,0.9966655551850617,0.8920561107956911,0.9944307539311732,0.8919325813651707
2.23,0.9956652217405801,0.9942289738888701,0.9913304434811604,0.9966655551850617,0.8926051760329868,0.9945759007083178,0.8924715698642051
2.235,0.995998666222074,0.9943865172274734,0.9916638879626543,0.9969989996665555,0.8931672586224122,0.994717618358665,0.8930078701468855
2.24,0.995998666222074,0.9945380525574006,0.9919806602200734,0.9969989996665555,0.8936742677989779,0.994855977699564,0.8935414956207473
2.245,0.995998666222074,0.9946845812134312,0.991997332444148,0.9969989996665555,0.894209648127623,0.9949910483653304,0.8940724596264547
2.25,0.995998666222074,0.9948230991912278,0.9923307769256419,0.9973324441480493,0.8947587133649162,0.9951228988196408,0.8946007754381357
2.255,0.995998666222074,0.9949606158342448,0.9923307769256419,0.9973324441480493,0.895272731884937,0.9952515963679961,0.8951264562637131
2.2600000000000002,0.995998666222074,0.995090455577287,0.9926475491830611,0.9973324441480493,0.8957870841832174,0.9953772071702457,0.8956495152452351
2.265,0.9963321107035679,0.9952012699595243,0.9926642214071357,0.9976658886295432,0.8963144538336275,0.9954997962531662,0.896169965459203
2.27,0.9963321107035679,0.9953357825982038,0.9926642214071357,0.9976658886295432,0.8968558421709473,0.99561942752309,0.8966878199168998
2.275,0.9963321107035679,0.9954572778847537,0.9929976658886296,0.9976658886295432,0.897372864695306,0.995736163778573,0.8972030915647136
2.2800000000000002,0.9963321107035679,0.9955660895974318,0.9933144381460487,0.9976658886295432,0.8979316095021338,0.9958500667231005,0.8977157932844626
2.285,0.9963321107035679,0.9956845808796425,0.9933311103701233,0.9979993331110371,0.8984526373656083,0.9959611969778205,0.8982259378937163
2.29,0.9966655551850617,0.9958017370488155,0.9933311103701233,0.9979993331110371,0.8989653207725901,0.9960696140943003,0.8987335381461166
2.295,0.9969989996665555,0.9959175581049482,0.9936645548516172,0.9979993331110371,0.8994820095186885,0.9961753765673022,0.8992386067316963
2.3000000000000003,0.9973324441480493,0.9960290400437052,0.9939813271090364,0.9979993331110371,0.8999890186952535,0.9962785418475695,0.8997411562771963
2.305,0.9973324441480493,0.9961248344042531,0.9939979993331111,0.9979993331110371,0.9004940252022615,0.9963791663546189,0.9002411993463814
2.31,0.9973324441480493,0.9962176247604633,0.9939979993331111,0.9983327775925308,0.9009953601484123,0.9964773054895343,0.9007387484403544
2.315,0.9973324441480493,0.9963200946862062,0.9943314438146049,0.9983327775925308,0.9014886844163279,0.9965730136477557,0.9012338159978684
2.32,0.9973324441480493,0.9964322441814826,0.9943314438146049,0.9983327775925308,0.9020033704928679,0.9966663442318595,0.9017264143956385
2.325,0.9973324441480493,0.9965213629768361,0.9943314438146049,0.9983327775925308,0.9025043716607584,0.996757349664323,0.9022165559486499
2.33,0.9976658886295432,0.9966251680156188,0.9943314438146049,0.9983494498166054,0.9029706598896339,0.9968460814002702,0.9027042529104672
2.335,0.9976658886295432,0.9967176245935699,0.9943314438146049,0.9986662220740247,0.903462315266251,0.996932589940195,0.9031895174735398
2.34,0.9976658886295432,0.9968127513975996,0.9946648882960987,0.9986662220740247,0.9039479626341921,0.9970169248426538,0.9036723617695069
2.345,0.9976658886295432,0.9968991999668757,0.9946648882960987,0.9986662220740247,0.9044182562021861,0.9970991347369268,0.9041527978695013
2.35,0.9976658886295432,0.9969843134231128,0.9949983327775925,0.9986662220740247,0.9049052386831647,0.9971792673356418,0.9046308377844504
2.355,0.9976658886295432,0.9970677579880514,0.9949983327775925,0.9986662220740247,0.9053838767076511,0.9972573694473564,0.9051064934653769
2.36,0.9976658886295432,0.9971485323269115,0.9949983327775925,0.9986662220740247,0.905858509393021,0.9973334869890969,0.9055797768036976
2.365,0.9976658886295432,0.9972263026614339,0.9953317772590864,0.9989996665555185,0.9063374811957674,0.9974076649988448,0.9060506996315209
2.37,0.9976658886295432,0.9972997338785794,0.9953317772590864,0.9989996665555185,0.906812113881137,0.9974799476479747,0.9065192737219415
2.375,0.9976658886295432,0.9973741664305042,0.9953317772590864,0.9989996665555185,0.90726905631874,0.9975503782536324,0.9069855107893365
2.38,0.9976658886295432,0.9974352478520393,0.9953317772590864,0.9989996665555185,0.9077206583041858,0.9976189992910559,0.9074494224896568
2.3850000000000002,0.9976658886295432,0.9975060088431071,0.9956652217405801,0.9989996665555185,0.9081625807200997,0.9976858524058317,0.9079110204207188
2.39,0.9979993331110371,0.9975747671646166,0.9956652217405801,0.9989996665555185,0.9086165191533643,0.997750978426086,0.9083703161224952
2.395,0.9983327775925308,0.9976448605991651,0.9956652217405801,0.9989996665555185,0.9090744629257461,0.9978144173746053,0.9088273210774022
2.4,0.9983327775925308,0.997706943355479,0.9956652217405801,0.9993331110370124,0.9095067057721269,0.9978762084808865,0.9092820467105875
2.4050000000000002,0.9983327775925308,0.9977696936683127,0.995998666222074,0.9993331110370124,0.9099743291140426,0.9979363901931103,0.9097345043902157
2.41,0.9983327775925308,0.9978357817637441,0.995998666222074,0.9993331110370124,0.910422259538632,0.9979950001900375,0.9101847054277523
2.415,0.9986662220740247,0.997899867189617,0.995998666222074,0.9993331110370124,0.9108648495110647,0.9980520753928251,0.9106326610782468
2.42,0.9986662220740247,0.9979672903980871,0.9963321107035679,0.9993331110370124,0.9112854101183548,0.9981076519767592,0.9110783825406137
2.4250000000000003,0.9993331110370124,0.9980247002587649,0.9963321107035679,0.9993331110370124,0.9117256636429699,0.9981617653829022,0.9115218809579128
2.43,0.9993331110370124,0.9980831114542221,0.9963321107035679,0.9993331110370124,0.9121789345197159,0.9982144503296534,0.9119631674176274
2.435,0.9993331110370124,0.9981388524236011,0.9963321107035679,0.9993331110370124,0.9126241947182268,0.9982657408242188,0.9124022529519423
2.44,0.9993331110370124,0.9981925907234216,0.9966488829609871,0.9993331110370124,0.9130731264775945,0.9983156701739905,0.9128391485380187
2.445,0.9993331110370124,0.9982459952449824,0.9966655551850617,0.9993331110370124,0.9135037004326763,0.9983642709978306,0.9132738650982688
2.45,0.9993331110370124,0.9982990659882834,0.9966655551850617,0.9996665555185061,0.9139235934834467,0.9984115752372614,0.9137064135006295
2.455,0.9996665555185061,0.9983487989489865,0.9966655551850617,0.9996665555185061,0.9143528323254896,0.9984576141675565,0.9141368045588332
2.46,0.9996665555185061,0.9983878510053779,0.9966655551850617,0.9996665555185061,0.9147987600805204,0.9985024184087347,0.9145650490326788
2.465,0.9996665555185061,0.998432577292185,0.9969989996665555,0.9996665555185061,0.9152290002573442,0.9985460179364513,0.9149911576283004
2.47,0.9996665555185061,0.9984766360224727,0.9969989996665555,0.9996665555185061,0.9156572377646072,0.9985884420927894,0.9154151409984354
2.475,0.9996665555185061,0.9985230312005786,0.9969989996665555,0.9996665555185061,0.9160651147980265,0.998629719596947,0.9158370097426897
2.48,0.9996665555185061,0.9985687588221651,0.9969989996665555,0.9996665555185061,0.9165006954270043,0.9986698785558183,0.9162567744078041
2.485,0.9996665555185061,0.9986064757655173,0.9969989996665555,0.9996665555185061,0.916924260038632,0.9987089464744717,0.916674445487917
2.49,0.9996665555185061,0.9986465291566877,0.9969989996665555,0.9996665555185061,0.9173468233154797,0.9987469502665179,0.9170900334248273
2.495,0.9996665555185061,0.9986835785435205,0.9973324441480493,0.9996665555185061,0.9177720568184068,0.9987839162643725,0.917503548608255
2.5,0.9996665555185061,0.9987212954868728,0.9973324441480493,0.9996665555185061,0.9181806014083453,0.9988198702294078,0.9179150013761012
2.505,0.9996665555185061,0.9987556746476276,0.9973324441480493,0.9996665555185061,0.9185961553417384,0.9988548373619962,0.9183244020147066
2.5100000000000002,0.9996665555185061,0.9987883849170837,0.9973324441480493,0.9996665555185061,0.9189943528056234,0.9988888423114423,0.9187317607591083
2.515,0.9996665555185061,0.9988240991908776,0.9973324441480493,0.9996665555185061,0.919410908073795,0.998921909185803,0.9191370877932963
2.52,0.9996665555185061,0.9988594796864116,0.9976492164054686,0.9996665555185061,0.9198040988637843,0.9989540615615979,0.9195403932504675
2.525,0.9996665555185061,0.9988908548428286,0.9976658886295432,0.9996665555185061,0.9202103070059049,0.9989853224934041,0.9199416872132795
2.5300000000000002,0.9996665555185061,0.9989175571036091,0.9976658886295432,0.9996665555185061,0.9206034977958947,0.9990157145233405,0.920340979714102
2.535,0.9996665555185061,0.9989445931426494,0.9976658886295432,1.0,0.920987009016352,0.999045259690438,0.9207382807352684
2.54,0.9996665555185061,0.9989793060816637,0.9976658886295432,1.0,0.9213858740367576,0.9990739795398951,0.9211336002093251
2.545,0.9996665555185061,0.9990066758989636,0.9976658886295432,1.0,0.9217850728354223,0.9991018951322205,0.9215269480192793
2.5500000000000003,0.9996665555185061,0.9990330443814844,0.9976658886295432,1.0,0.9221659138298012,0.9991290270522605,0.9219183339988468
2.555,0.9996665555185061,0.9990597466422649,0.9979826608869624,1.0,0.9225614410676101,0.9991553954181126,0.9223077679326976
2.56,0.9996665555185061,0.9990934582465003,0.9979993331110371,1.0,0.9229616412010544,0.9991810198899245,0.9226952595567003
2.565,0.9996665555185061,0.9991181578377221,0.9979993331110371,1.0,0.9233398119693549,0.9992059196785773,0.9230808185581655
2.57,0.9996665555185061,0.9991465289898014,0.9979993331110371,1.0,0.9236999587116296,0.999230113554256,0.9234644545760885
2.575,0.9996665555185061,0.9991698934679843,0.9979993331110371,1.0,0.9240547650017472,0.9992536198549038,0.9238461772013897
2.58,1.0,0.9991975970635442,0.9979993331110371,1.0,0.9244439504526203,0.9992764564945624,0.9242259959771545
2.585,1.0,0.9992269695504027,0.9979993331110371,1.0,0.9248164469905054,0.9992986409715986,0.9246039203988723
2.59,1.0,0.999245661132949,0.9979993331110371,1.0,0.9251802652936373,0.9993201903768155,0.9249799599146731
2.595,1.0,0.999269025611132,0.9979993331110371,1.0,0.9255657791836529,0.9993411214014513,0.9253541239255645
2.6,1.0,0.9992953940936528,0.9983161053684562,1.0,0.9259519606301878,0.9993614503450633,0.9257264217856661
2.605,1.0,0.9993154207892382,0.9983327775925308,1.0,0.9263101047029029,0.9993811931232999,0.9260968628024441
2.61,1.0,0.9993361150413431,0.9983327775925308,1.0,0.9266685825538772,0.9994003652755584,0.9264654562369429
2.615,1.0,0.9993531377325908,0.9983327775925308,1.0,0.9270267266265922,0.9994189819725319,0.9268322113040178
2.62,1.0,0.9993728306499166,0.9983327775925308,1.0,0.9273962191601383,0.9994370580236428,0.9271971371725645
2.625,1.0,0.9993935249020214,0.9983327775925308,1.0,0.9277647103589075,0.9994546078843661,0.9275602429657486
2.63,1.0,0.9994128840410873,0.9983327775925308,1.0,0.9281181815359861,0.9994716456634417,0.9279215377612339
2.6350000000000002,1.0,0.9994332445149324,0.9983327775925308,1.0,0.9284893429608324,0.9994881851299751,0.9282810305914092
2.64,1.0,0.9994482645366215,0.9983327775925308,1.0,0.9288661786160949,0.9995042397204301,0.9286387304436139
2.645,1.0,0.9994679574539472,0.99864954984995,1.0,0.9292249902453299,0.9995198225455121,0.928994646260363
2.65,1.0,0.999483311253896,0.9986662220740247,1.0,0.9295707845224348,0.999534946396942,0.9293487869395705
2.6550000000000002,1.0,0.9994949934929873,0.9986662220740247,1.0,0.929914242351721,0.9995496237541236,0.9297011613347715
2.66,1.0,0.999513351297274,0.9986662220740247,1.0,0.9302703837548784,0.999563866790704,0.9300517782553447
2.665,1.0,0.9995290388754827,0.9986662220740247,1.0,0.9306101700233079,0.9995776873810266,0.9304006464667309
2.67,1.0,0.9995453940102107,0.9986662220740247,1.0,0.9309603034177897,0.999591097106481,0.9307477746906541
2.6750000000000003,1.0,0.9995597464753803,0.9986662220740247,1.0,0.9312857372210499,0.9996041072617461,0.9310931716053374
2.68,1.0,0.9995717624927316,0.9986662220740247,1.0,0.9316542284198177,0.9996167288609308,0.9314368458457221
2.685,1.0,0.9995914554100572,0.9986662220740247,1.0,0.9319856702317536,0.9996289726436114,0.9317788060036819
2.69,1.0,0.9996064754317463,0.9986662220740247,1.0,0.9323234538306245,0.9996408490807672,0.9321190606282386
2.695,1.0,0.9996188252273573,0.9989829943314439,1.0,0.9326649089903518,0.9996523683806149,0.9324576182257754
2.7,1.0,0.9996318425794878,0.9989996665555185,1.0,0.9329890076805717,0.9996635404943427,0.9327944872602503
2.705,1.0,0.9996435248185793,0.9989996665555185,1.0,0.9333234534968451,0.9996743751217457,0.9331296761534063
2.71,1.0,0.9996568759489696,0.9989996665555185,1.0,0.9336462170740272,0.9996848817167625,0.9334631932849832
2.715,1.0,0.9996675568532819,0.9989996665555185,1.0,0.9339886735685335,0.9996950694929142,0.9337950469929268
2.72,1.0,0.9996792390923733,0.9989996665555185,1.0,0.9343284598369628,0.999704947428648,0.9341252455735971
2.725,1.0,0.999689252440166,0.9989996665555185,1.0,0.9346568976445598,0.9997145242725852,0.9344537972819756
2.73,1.0,0.9996985982314393,0.9989996665555185,1.0,0.934986670565196,0.9997238085486735,0.9347807103318725
2.735,1.0,0.999707276466193,0.9989996665555185,1.0,0.9353014234641438,0.9997328085612485,0.9351059928961307
2.74,1.0,0.9997179573705051,0.9989996665555185,1.0,0.9356348679456371,0.9997415324000001,0.9354296531068316
2.745,1.0,0.9997266356052588,0.9989996665555185,1.0,0.9359489532880654,0.9997499879448503,0.9357516990554969
2.75,1.0,0.9997353138400125,0.9989996665555185,1.0,0.9362677115261294,0.9997581828707384,0.9360721387932924
2.755,1.0,0.9997433245182465,0.9989996665555185,1.0,0.9365911426598301,0.999766124652319,0.9363909803312283
2.7600000000000002,1.0,0.9997543392008186,0.9989996665555185,1.0,0.9369008888848821,0.9997738205685704,0.9367082316403593
2.765,1.0,0.9997626836573126,0.9989996665555185,1.0,0.9372113026664524,0.9997812777073171,0.9370239006519849
2.77,1.0,0.9997686916659883,0.9989996665555185,1.0,0.9375100342089324,0.9997885029696651,0.9373379952578469
2.775,1.0,0.9997746996746638,0.9989996665555185,1.0,0.9378104346427111,0.9997955030743542,0.9376505233103266
2.7800000000000002,1.0,0.9997823765746383,0.9989996665555185,1.0,0.9381091661851902,0.9998022845620239,0.9379614926226417
2.785,1.0,0.9997893859180932,0.9993331110370124,1.0,0.9384065626146313,0.9998088537993991,0.9382709109690412
2.79,1.0,0.9997960614832884,0.9993331110370124,1.0,0.9387103008310074,0.9998152169833927,0.9385787860849999
2.795,1.0,0.9998027370484834,0.9993331110370124,1.0,0.9390193794995398,0.9998213801451278,0.9388851256674117
2.8000000000000003,1.0,0.999808745057159,0.9993331110370124,1.0,0.939326789276773,0.9998273491538807,0.9391899373747821
2.805,1.0,0.9998154206223542,0.9993331110370124,1.0,0.9396165088062394,0.999833129720946,0.9394932288274196
2.81,1.0,0.9998247664136274,0.9993331110370124,1.0,0.9399105674530822,0.9998387274034227,0.9397950076076265
2.815,1.0,0.9998307744223031,0.9993331110370124,1.0,0.940210300330341,0.999844147607927,0.9400952812598878
2.82,1.0,0.9998347797614202,0.9993331110370124,1.0,0.9405223830032104,0.999849395594226,0.9403940572910606
2.825,1.0,0.9998407877700957,0.9993331110370124,1.0,0.940820446989171,0.999854476478802,0.9406913431705612
2.83,1.0,0.9998447931092129,0.9993331110370124,1.0,0.9410944789404299,0.9998593952383398,0.9409871463305521
2.835,1.0,0.9998491322265897,0.9993331110370124,1.0,0.9413791917959989,0.9998641567131445,0.9412814741661277
2.84,1.0,0.9998551402352653,0.9993331110370124,1.0,0.9416819286775951,0.9998687656104881,0.9415743340354992
2.845,1.0,0.9998601469091617,0.9993331110370124,1.0,0.9419663077549055,0.9998732265078856,0.9418657332601785
2.85,1.0,0.999865153583058,0.9993331110370124,1.0,0.9422570286191494,0.9998775438563031,0.9421556791251615
2.855,1.0,0.9998701602569544,0.9993331110370124,1.0,0.942553757492071,0.9998817219832989,0.9424441788791099
2.86,1.0,0.9998744993743313,0.9993331110370124,1.0,0.9428408067954591,0.9998857650960968,0.9427312397345327
2.865,1.0,0.9998768358221496,0.9993331110370124,1.0,0.943114504968457,0.9998896772845945,0.943016868867966
2.87,1.0,0.9998815087177861,0.9993331110370124,1.0,0.9434032231631433,0.9998934625243083,0.9433010734201531
2.875,1.0,0.999885847835163,0.9993331110370124,1.0,0.9436979493665058,0.9998971246792534,0.9435838604962227
2.88,1.0,0.9998918558438386,0.9993331110370124,1.0,0.943979658217737,0.9999006675047621,0.9438652371658662
2.8850000000000002,1.0,0.9998948598481764,0.9993331110370124,1.0,0.9442590306211501,0.9999040946502417,0.9441452104635154
2.89,1.0,0.9998981976307739,0.9993331110370124,1.0,0.9445504190419152,0.9999074096618702,0.944423787388517
2.895,1.0,0.9999022029698911,0.9993331110370124,1.0,0.9448254523279519,0.9999106159852349,0.9447009749053086
2.9,1.0,0.9999052069742289,0.9993331110370124,1.0,0.9451011531705081,0.9999137169679112,0.9449767799435927
2.9050000000000002,1.0,0.9999098798698656,0.9993331110370124,1.0,0.9453912064782334,0.9999167158619847,0.9452512093985097
2.91,1.0,0.9999112149829045,0.9996498832944315,1.0,0.9456712464381662,0.9999196158265174,0.9455242701308102
2.915,1.0,0.9999155541002813,0.9996665555185061,1.0,0.9459512863980998,0.9999224199299577,0.9457959689670266
2.92,1.0,0.9999185581046192,0.9996665555185061,1.0,0.9462376681449687,0.9999251311524968,0.946066312699644
2.9250000000000003,1.0,0.999921562108957,0.9996665555185061,1.0,0.9465096974266681,0.9999277523883722,0.9463353080872698
2.93,1.0,0.999922897221996,0.9996665555185061,1.0,0.9467907387213811,0.9999302864481172,0.9466029618548029
2.935,1.0,0.9999269025611132,0.9996665555185061,1.0,0.9470634355596005,0.999932736060761,0.9468692806936012
2.94,1.0,0.9999289052306717,0.9996665555185061,1.0,0.947345478189092,0.999935103875977,0.9471342712616496
2.945,1.0,0.9999302403437107,0.9996665555185061,1.0,0.9476058252316997,0.9999373924661813,0.9473979401837261
2.95,1.0,0.9999319092350095,0.9996665555185061,1.0,0.9478798571829576,0.9999396043285839,0.9476602940515676
2.955,1.0,0.9999342456828278,0.9996665555185061,1.0,0.9481475473472807,0.999941741887191,0.9479213394240343
2.96,1.0,0.9999375834654254,0.9996665555185061,1.0,0.9483992161551354,0.9999438074947606,0.9481810828272742
2.965,1.0,0.9999392523567242,0.9996665555185061,1.0,0.9486478809586525,0.9999458034347132,0.9484395307548859
2.97,1.0,0.9999435914741011,0.9996665555185061,1.0,0.9488998835447667,0.9999477319229956,0.9486966896680809
2.975,1.0,0.9999465954784388,0.9996665555185061,1.0,0.9491672399308296,0.9999495951099019,0.9489525659958457
2.98,1.0,0.9999485981479973,0.9996665555185061,1.0,0.9494329274255932,0.9999513950818513,0.9492071661351015
2.985,1.0,0.9999502670392961,0.9996665555185061,1.0,0.9496849300117075,0.999953133863122,0.9494604964508653
2.99,1.0,0.9999516021523353,0.9996665555185061,1.0,0.9499409379369385,0.9999548134175448,0.9497125632764082
2.995,1.0,0.9999529372653742,0.9996665555185061,1.0,0.9501749164970261,0.9999564356501548,0.9499633729134137
3.0,1.0,0.9999549399349327,0.9996665555185061,1.0,0.9504252501918414,0.9999580024088045,0.950212931632136
3.005,1.0,0.9999556074914523,0.9996665555185061,1.0,0.950677920334475,0.9999595154857361,0.9504612456715561
3.0100000000000002,1.0,0.9999562750479717,0.9996665555185061,1.0,0.9509419389379392,0.9999609766191161,0.9507083212395379
3.015,1.0,0.9999566088262316,0.9996665555185061,1.0,0.9511845957327808,0.9999623874945325,0.9509541645129833
3.02,1.0,0.999957276382751,0.9996665555185061,1.0,0.9514309240884785,0.9999637497464544,0.951198781637987
3.025,1.0,0.999957276382751,0.9996665555185061,1.0,0.9516855969006697,0.9999650649596564,0.95144217872999
3.0300000000000002,1.0,0.9999589452740499,0.9996665555185061,1.0,0.9519229132433539,0.999966334670607,0.9516843618739322
3.035,1.0,0.9999602803870888,0.9996665555185061,1.0,0.9521695753773107,0.9999675603688222,0.9519253371244049
3.04,1.0,0.999961281721868,0.9996665555185061,1.0,0.9524159037330088,0.9999687434981852,0.9521651105058017
3.045,1.0,0.9999632843914267,0.9996665555185061,1.0,0.9526478796235376,0.9999698854582347,0.9524036880124697
3.0500000000000003,1.0,0.999964285726206,0.9996665555185061,1.0,0.9528881999705604,0.9999709876054175,0.9526410756088591
3.055,1.0,0.9999666221740242,0.9996665555185061,1.0,0.953125182534985,0.9999720512543118,0.9528772792296721
3.06,1.0,0.999968291065323,0.9996665555185061,1.0,0.9533675055515649,0.9999730776788186,0.9531123047800115
3.065,1.0,0.999969626178362,0.9996665555185061,1.0,0.9536131663507431,0.9999740681133229,0.9533461581355284
3.0700000000000003,1.0,0.9999716288479206,0.9996665555185061,1.0,0.9538421382369342,0.9999750237538243,0.9535788451425687
3.075,1.0,0.9999726301826999,0.9996665555185061,1.0,0.9540797883578792,0.9999759457590397,0.9538103716183199
3.08,1.0,0.9999726301826999,0.9996665555185061,1.0,0.9543184398136025,0.9999768352514764,0.9540407433509558
3.085,1.0,0.9999739652957389,0.9996665555185061,1.0,0.9545394010215602,0.9999776933184787,0.9542699660997818
3.09,1.0,0.9999746328522584,0.9996665555185061,1.0,0.9547580257816984,0.9999785210132454,0.9544980455953784
3.095,1.0,0.9999763017435572,0.9996665555185061,1.0,0.9549709763114216,0.9999793193558224,0.9547249875397451
3.1,1.0,0.9999776368565962,0.9996665555185061,1.0,0.9552132993280031,0.9999800893340687,0.9549507976064422
3.105,1.0,0.9999776368565962,0.9996665555185061,1.0,0.955458960127182,0.9999808319045962,0.9551754814407332
3.11,1.0,0.999979305747895,0.9996665555185061,1.0,0.9556655688699701,0.9999815479936861,0.9553990446597255
3.115,1.0,0.9999796395261548,0.9996665555185061,1.0,0.9558851949648884,0.9999822384981798,0.9556214928525113
3.12,1.0,0.9999799733044146,0.9996665555185061,1.0,0.956094140155494,0.9999829042863467,0.9558428315803071
3.125,1.0,0.9999813084174536,0.9996665555185061,1.0,0.9563204418156067,0.9999835461987286,0.9560630663765926
3.13,1.0,0.9999816421957133,0.9996665555185061,1.0,0.9565357287931482,0.9999841650489613,0.9562822027472491
3.1350000000000002,1.0,0.9999816421957133,0.9996665555185061,1.0,0.9567400010881181,0.9999847616245742,0.9565002461706973
3.14,1.0,0.9999829773087523,0.9996665555185061,1.0,0.9569599609612958,0.9999853366877692,0.9567172020980341
3.145,1.0,0.9999829773087523,0.9996665555185061,1.0,0.9571845937301099,0.9999858909761772,0.9569330759531691
3.15,1.0,0.9999833110870121,0.9996665555185061,1.0,0.957414566951081,0.9999864252035937,0.9571478731329598
3.1550000000000002,1.0,0.9999833110870121,0.9996665555185061,1.0,0.9576318565981814,0.9999869400606968,0.957361599007347
3.16,1.0,0.9999836448652719,0.9996665555185061,1.0,0.9578458084626834,0.9999874362157424,0.9575742589194887
3.165,1.0,0.9999836448652719,0.9996665555185061,1.0,0.9580691061184584,0.9999879143152428,0.9577858581858936
3.17,1.0,0.9999839786435316,0.9996665555185061,1.0,0.9582807215351424,0.999988374984625,0.9579964020965545
3.1750000000000003,1.0,0.9999849799783109,0.9996665555185061,1.0,0.9584829911605529,0.9999888188288718,0.9582058959150801
3.18,1.0,0.9999853137565706,0.9996665555185061,1.0,0.9586885985685615,0.999989246433144,0.9584143448788268
3.185,1.0,0.9999859813130901,0.9996665555185061,1.0,0.9588902006374526,0.999989658363387,0.9586217541990296
3.19,1.0,0.9999866488696096,0.9996665555185061,1.0,0.9591074902845518,0.9999900551669184,0.9588281290609323
3.1950000000000003,1.0,0.9999879839826488,0.9996665555185061,1.0,0.959318104366456,0.9999904373730005,0.9590334746239171
3.2,1.0,0.9999879839826488,0.9996665555185061,1.0,0.9595046864136577,0.9999908054933966,0.9592377960216338
3.205,1.0,0.9999879839826488,0.9996665555185061,1.0,0.9597253138433546,0.9999911600229109,0.959441098362128
3.21,1.0,0.9999879839826488,0.9996665555185061,1.0,0.9599215754600897,0.9999915014399137,0.9596433867279689
3.215,1.0,0.9999886515391683,0.9996665555185061,1.0,0.9601155006290065,0.9999918302068518,0.959844666176376
3.22,1.0,0.9999893190956878,0.9996665555185061,1.0,0.9603024164544687,0.9999921467707434,0.9600449417393461
3.225,1.0,0.9999893190956878,0.9996665555185061,1.0,0.9604886647234101,0.9999924515636602,0.9602442184237787
3.23,1.0,0.9999896528739475,0.9996665555185061,1.0,0.9606939383531582,0.9999927450031947,0.9604425012116012
3.235,1.0,0.9999899866522073,0.9996665555185061,1.0,0.9609148995611148,0.999993027492914,0.9606397950598938
3.24,1.0,0.9999899866522073,0.9996665555185061,1.0,0.9611008140517968,0.9999932994228019,0.9608361049010129
3.245,1.0,0.9999899866522073,0.9996665555185061,1.0,0.9613060876815449,0.9999935611696859,0.9610314356427148
3.25,1.0,0.999990320430467,0.9996665555185061,1.0,0.961501681741759,0.9999938130976539,0.961225792168278
3.255,1.0,0.999990320430467,0.9996665555185061,1.0,0.9616906002367797,0.9999940555584574,0.961419179336626
3.2600000000000002,1.0,0.9999906542087268,0.9996665555185061,1.0,0.961877849840501,0.9999942888919041,0.961611601982448
3.265,1.0,0.9999906542087268,0.9996665555185061,1.0,0.9620644318877025,0.9999945134262374,0.9618030649163201
3.27,1.0,0.9999906542087268,0.9996665555185061,1.0,0.9622436708131901,0.9999947294785063,0.9619935729248257
3.275,1.0,0.9999906542087268,0.9996665555185061,1.0,0.9624392648734058,0.9999949373549236,0.962183130770675
3.2800000000000002,1.0,0.9999906542087268,0.9996665555185061,1.0,0.962625179364089,0.9999951373512138,0.9623717431928238
3.285,1.0,0.9999909879869865,0.9996665555185061,1.0,0.9628054196243556,0.99999532975295,0.9625594149065927
3.29,1.0,0.9999913217652463,0.9996665555185061,1.0,0.9629889976672206,0.9999955148358819,0.9627461506037842
3.295,1.0,0.9999919893217658,1.0,1.0,0.9631682365927082,0.999995692866253,0.9629319549528005
3.3000000000000003,1.0,0.9999926568782853,1.0,1.0,0.963351480857313,0.999995864101109,0.96311683259876
3.305,1.0,0.9999926568782853,1.0,1.0,0.9635470749175289,0.9999960287885963,0.9633007881636134
3.31,1.0,0.9999926568782853,1.0,1.0,0.963728650290835,0.9999961871682522,0.9634838262462596
3.315,1.0,0.9999929906565451,1.0,1.0,0.9638988772033095,0.999996339471286,0.96366595142266
3.3200000000000003,1.0,0.9999933244348048,1.0,1.0,0.9640804525766155,0.9999964859208511,0.9638471682459536
3.325,1.0,0.9999933244348048,1.0,1.0,0.9642586901673242,0.9999966267323097,0.9640274812465703
3.33,1.0,0.9999933244348048,1.0,1.0,0.9644379290928119,0.9999967621134892,0.9642068949323447
3.335,1.0,0.9999943257695841,1.0,1.0,0.9646124951226634,0.9999968922649302,0.9643854137886282
3.34,1.0,0.9999949933261036,1.0,1.0,0.9647727086873455,0.9999970173801274,0.9645630422784014
3.345,1.0,0.9999949933261036,1.0,1.0,0.9649612934041064,0.999997137645763,0.9647397848423859
3.35,1.0,0.9999949933261036,1.0,1.0,0.9651405323295948,0.9999972532419332,0.964915645899155
3.355,1.0,0.9999949933261036,1.0,1.0,0.9653127619116284,0.9999973643423672,0.9650906298452442
3.36,1.0,0.9999949933261036,1.0,1.0,0.9654986764023111,0.9999974711146393,0.9652647410552614
3.365,1.0,0.9999953271043633,1.0,1.0,0.9656732424321631,0.9999975737203753,0.9654379838819959
3.37,1.0,0.9999953271043633,1.0,1.0,0.9658397977837802,0.9999976723154513,0.9656103626565273
3.375,1.0,0.9999956608826231,1.0,1.0,0.9660133624788532,0.9999977670501877,0.965781881688334
3.38,1.0,0.9999956608826231,1.0,1.0,0.9661936027391204,0.999997858069535,0.9659525452654006
3.3850000000000002,1.0,0.9999956608826231,1.0,1.0,0.96634346917775,0.9999979455132565,0.9661223576543256
3.39,1.0,0.9999956608826231,1.0,1.0,0.9665106920858872,0.999998029516103,0.9662913231004276
3.395,1.0,0.999995994660883,1.0,1.0,0.966676246102725,0.9999981102079825,0.9664594458278514
3.4,1.0,0.9999963284391427,1.0,1.0,0.9668424676760823,0.9999981877141255,0.9666267300396739
3.4050000000000002,1.0,0.9999963284391427,1.0,1.0,0.9670203714885314,0.9999982621552443,0.9667931799180093
3.41,1.0,0.9999966622174025,1.0,1.0,0.9671922672923055,0.9999983336476866,0.966958799624113
3.415,1.0,0.999997329773922,1.0,1.0,0.9673464728483112,0.9999984023035855,0.9671235932984865
3.42,1.0,0.999997329773922,1.0,1.0,0.9675040161869145,0.9999984682310038,0.9672875650609802
3.4250000000000003,1.0,0.999997329773922,1.0,1.0,0.96767257420809,0.9999985315340739,0.9674507190108966
3.43,1.0,0.999997329773922,1.0,1.0,0.967842133564044,0.9999985923131334,0.967613059227093
3.435,1.0,0.999997329773922,1.0,1.0,0.9680036822417645,0.999998650664856,0.9677745897680832
3.44,1.0,0.9999976635521817,1.0,1.0,0.968163895806446,0.9999987066823784,0.9679353146721392
3.4450000000000003,1.0,0.9999979973304415,1.0,1.0,0.9683284484885042,0.999998760455423,0.968095237957392
3.45,1.0,0.9999979973304415,1.0,1.0,0.9684813189314713,0.9999988120704164,0.9682543636219321
3.455,1.0,0.9999979973304415,1.0,1.0,0.9686442027222306,0.9999988616106044,0.9684126956439092
3.46,1.0,0.9999979973304415,1.0,1.0,0.9688057513999512,0.9999989091561631,0.9685702379816323
3.465,1.0,0.9999983311087012,1.0,1.0,0.9689696365254898,0.9999989547843062,0.968726994573668
3.47,1.0,0.9999983311087012,1.0,1.0,0.9691178340728193,0.9999989985693891,0.9688829693389391
3.475,1.0,0.9999983311087012,1.0,1.0,0.9692727071853442,0.9999990405830091,0.9690381661768231
3.48,1.0,0.9999983311087012,1.0,1.0,0.9694185682848564,0.9999990808941032,0.9691925889672489
3.485,1.0,0.9999983311087012,1.0,1.0,0.9695677671669657,0.9999991195690404,0.9693462415707943
3.49,1.0,0.9999983311087012,1.0,1.0,0.9697146296012561,0.9999991566717147,0.9694991278287826
3.495,1.0,0.9999983311087012,1.0,1.0,0.9698658311529242,0.9999991922636315,0.9696512515633778
3.5,1.0,0.9999983311087012,1.0,1.0,0.9700247096045665,0.999999226403993,0.9698026165776815
3.505,1.0,0.9999983311087012,1.0,1.0,0.970171572038858,0.9999992591497794,0.9699532266558268
3.5100000000000002,1.0,0.9999983311087012,1.0,1.0,0.9703067522340584,0.9999992905558295,0.9701030855630737
3.515,1.0,0.9999983311087012,1.0,1.0,0.9704519457770507,0.9999993206749164,0.9702521970459025
3.52,1.0,0.9999983311087012,1.0,1.0,0.9706038148852388,0.9999993495578217,0.970400564832108
3.525,1.0,0.9999983311087012,1.0,1.0,0.9707503435412702,0.9999993772534068,0.9705481926308928
3.5300000000000002,1.0,0.9999983311087012,1.0,1.0,0.9709052166537959,0.9999994038086827,0.9706950841329592
3.535,1.0,0.9999983311087012,1.0,1.0,0.9710400630707361,0.999999429268876,0.9708412430106028
3.54,1.0,0.9999983311087012,1.0,1.0,0.9711936010702231,0.9999994536774938,0.9709866729178029
3.545,1.0,0.9999983311087012,1.0,1.0,0.9713434675088523,0.999999477076386,0.9711313774903149
3.5500000000000003,1.0,0.9999983311087012,1.0,1.0,0.9714786477040523,0.9999994995058051,0.9712753603457606
3.555,1.0,0.9999983311087012,1.0,1.0,0.9716245088035648,0.9999995210044648,0.9714186250837188
3.56,1.0,0.999998664886961,1.0,1.0,0.9717673658987387,0.9999995416095954,0.9715611752858155
3.565,1.0,0.999998664886961,1.0,1.0,0.9719168985591079,0.9999995613569986,0.9717030145158132
3.5700000000000003,1.0,0.9999989986652207,1.0,1.0,0.9720607569890615,0.9999995802810998,0.9718441463197
3.575,1.0,0.9999989986652207,1.0,1.0,0.9722036140842365,0.999999598414998,0.9719845742257782
3.58,1.0,0.9999989986652207,1.0,1.0,0.9723381267229175,0.9999996157905149,0.972124301744753
3.585,1.0,0.9999989986652207,1.0,1.0,0.9724739744746379,0.9999996324382422,0.9722633323698195
3.59,1.0,0.9999989986652207,1.0,1.0,0.9726185004611113,0.9999996483875864,0.9724016695767507
3.595,1.0,0.9999989986652207,1.0,1.0,0.9727580197736885,0.9999996636668129,0.9725393168239839
3.6,1.0,0.9999989986652207,1.0,1.0,0.9729045484297207,0.9999996783030889,0.9726762775527075
3.605,1.0,0.9999993324434805,1.0,1.0,0.973040729959701,0.9999996923225226,0.9728125551869466
3.61,1.0,0.9999993324434805,1.0,1.0,0.9731648954723299,0.9999997057502042,0.9729481531336496
3.615,1.0,0.9999993324434805,1.0,1.0,0.9732907298762575,0.9999997186102433,0.9730830747827719
3.62,1.0,0.9999993324434805,1.0,1.0,0.9734108900497692,0.9999997309258049,0.9732173235073618
3.625,1.0,0.9999993324434805,1.0,1.0,0.9735387271232548,0.9999997427191458,0.9733509026636445
3.63,1.0,0.9999993324434805,1.0,1.0,0.9736745748749746,0.9999997540116479,0.9734838155911059
3.6350000000000002,1.0,0.9999996662217402,1.0,1.0,0.9738020781702007,0.9999997648238513,0.9736160656125759
3.64,1.0,0.9999996662217402,1.0,1.0,0.973937258365401,0.9999997751754862,0.973747656034312
3.645,1.0,1.0,1.0,1.0,0.9740664305519262,0.9999997850855029,0.9738785901460818
3.65,1.0,1.0,1.0,1.0,0.9741915973993345,0.9999997945721022,0.9740088712212447
3.6550000000000002,1.0,1.0,1.0,1.0,0.9743234398119368,0.9999998036527625,0.9741385025168344
3.66,1.0,1.0,1.0,1.0,0.9744522782202025,0.9999998123442687,0.9742674872736401
3.665,1.0,1.0,1.0,1.0,0.9745767775110912,0.9999998206627372,0.9743958287162874
3.67,1.0,1.0,1.0,1.0,0.9747046145845768,0.9999998286236422,0.9745235300533189
3.6750000000000003,1.0,1.0,1.0,1.0,0.9748337867711018,0.9999998362418402,0.9746505944772751
3.68,1.0,1.0,1.0,1.0,0.9749569509489509,0.999999843531593,0.9747770251647728
3.685,1.0,1.0,1.0,1.0,0.975085121800696,0.999999850506591,0.9749028252765859
3.69,1.0,1.0,1.0,1.0,0.9752096210915843,0.9999998571799753,0.9750279979577239
3.6950000000000003,1.0,1.0,1.0,1.0,0.9753381257215902,0.9999998635643584,0.9751525463375101
3.7,1.0,1.0,1.0,1.0,0.9754556156690235,0.9999998696718446,0.9752764735296606
3.705,1.0,1.0,1.0,1.0,0.9755757758425352,0.99999987551405,0.9753997826323617
3.71,1.0,1.0,1.0,1.0,0.9757106222594755,0.9999998811021211,0.9755224767283474
3.715,1.0,1.0,1.0,1.0,0.9758357891068833,0.9999998864467528,0.9756445588849763
3.72,1.0,1.0,1.0,1.0,0.9759529452760574,0.9999998915582062,0.9757660321543089
3.725,1.0,1.0,1.0,1.0,0.9760614232104777,0.999999896446326,0.9758868995731831
3.73,1.0,1.0,1.0,1.0,0.9761879251709249,0.9999999011205558,0.9760071641632908
3.735,1.0,1.0,1.0,1.0,0.9763107555705136,0.9999999055899539,0.976126828931253
3.74,1.0,1.0,1.0,1.0,0.9764252415136087,0.9999999098632091,0.976245896868695
3.745,1.0,1.0,1.0,1.0,0.9765454016871193,0.9999999139486545,0.9763643709523215
3.75,1.0,1.0,1.0,1.0,0.9766575511823966,0.999999917854282,0.9764822541439909
3.755,1.0,1.0,1.0,1.0,0.9767797140254663,0.9999999215877549,0.976599549390789
3.7600000000000002,1.0,1.0,1.0,1.0,0.9768871906251069,0.9999999251564218,0.976716259625103
3.765,1.0,1.0,1.0,1.0,0.977001342789942,0.9999999285673283,0.9768323877646949
3.77,1.0,1.0,1.0,1.0,0.9771154949547775,0.9999999318272297,0.9769479367127745
3.775,1.0,1.0,1.0,1.0,0.9772343200152497,0.9999999349426019,0.977062909358071
3.7800000000000002,1.0,1.0,1.0,1.0,0.9773437992844486,0.9999999379196522,0.977177308574907
3.785,1.0,1.0,1.0,1.0,0.9774539461101673,0.9999999407643317,0.9772911372232687
3.79,1.0,1.0,1.0,1.0,0.9775701009445615,0.9999999434823431,0.9774043981488781
3.795,1.0,1.0,1.0,1.0,0.9776702344224879,0.9999999460791524,0.9775170941832645
3.8000000000000003,1.0,1.0,1.0,1.0,0.9777853879221027,0.9999999485599977,0.9776292281438345
3.805,1.0,1.0,1.0,1.0,0.9778928645217433,0.9999999509298986,0.9777408028339428
3.81,1.0,1.0,1.0,1.0,0.9780090193561363,0.9999999531936644,0.9778518210429626
3.815,1.0,1.0,1.0,1.0,0.9781201675166332,0.9999999553559034,0.9779622855463551
3.8200000000000003,1.0,1.0,1.0,1.0,0.9782333183466898,0.9999999574210301,0.9780721991057384
3.825,1.0,1.0,1.0,1.0,0.9783391260550308,0.9999999593932739,0.9781815644689572
3.83,1.0,1.0,1.0,1.0,0.9784599537850616,0.9999999612766862,0.9782903843701515
3.835,1.0,1.0,1.0,1.0,0.9785640926021043,0.9999999630751472,0.9783986615298241
3.84,1.0,1.0,1.0,1.0,0.9786742394278223,0.9999999647923735,0.9785063986549101
3.845,1.0,1.0,1.0,1.0,0.9787686986753322,0.9999999664319246,0.9786135984388429
3.85,1.0,1.0,1.0,1.0,0.9788791792793105,0.9999999679972087,0.9787202635616228
3.855,1.0,1.0,1.0,1.0,0.978984986987652,0.99999996949149,0.9788263966898835
3.86,1.0,1.0,1.0,1.0,0.9790961351481493,0.9999999709178936,0.9789320004769586
3.865,1.0,1.0,1.0,1.0,0.9792109548695047,0.9999999722794114,0.9790370775629483
3.87,1.0,1.0,1.0,1.0,0.9793130910169895,0.999999973578908,0.9791416305747853
3.875,1.0,1.0,1.0,1.0,0.9794035449253823,0.9999999748191256,0.9792456621263003
3.88,1.0,1.0,1.0,1.0,0.9795076837424251,0.9999999760026891,0.9793491748182874
3.8850000000000002,1.0,1.0,1.0,1.0,0.9796351870376508,0.9999999771321106,0.9794521712385695
3.89,1.0,1.0,1.0,1.0,0.9797276436156023,0.9999999782097949,0.9795546539620623
3.895,1.0,1.0,1.0,1.0,0.9798381242195806,0.999999979238043,0.9796566255508393
3.9,1.0,1.0,1.0,1.0,0.9799435981496629,0.9999999802190571,0.9797580885541957
3.9050000000000002,1.0,1.0,1.0,1.0,0.9800410614015108,0.9999999811549442,0.9798590455087115
3.91,1.0,1.0,1.0,1.0,0.9801418624359562,0.9999999820477202,0.979959498938316
3.915,1.0,1.0,1.0,1.0,0.9802399932443232,0.9999999828993142,0.9800594513543502
3.92,1.0,1.0,1.0,1.0,0.9803397929439899,0.9999999837115716,0.9801589052556298
3.9250000000000003,1.0,1.0,1.0,1.0,0.9804412615349546,0.9999999844862575,0.9802578631285073
3.93,1.0,1.0,1.0,1.0,0.980539392343322,0.9999999852250601,0.9803563274469347
3.935,1.0,1.0,1.0,1.0,0.9806328502560531,0.9999999859295947,0.9804543006725253
3.94,1.0,1.0,1.0,1.0,0.9807279770600833,0.9999999866014055,0.9805517852546146
3.9450000000000003,1.0,1.0,1.0,1.0,0.9808267754249704,0.99999998724197,0.9806487836303224
3.95,1.0,1.0,1.0,1.0,0.9809285777941946,0.9999999878527003,0.9807452982246131
3.955,1.0,1.0,1.0,1.0,0.9810233708199649,0.9999999884349471,0.9808413314503566
3.96,1.0,1.0,1.0,1.0,0.9811191651805141,0.9999999889900016,0.9809368857083883
3.9650000000000003,1.0,1.0,1.0,1.0,0.9812169622106215,0.9999999895190986,0.98103196338757
3.97,1.0,1.0,1.0,1.0,0.9813124227929115,0.9999999900234182,0.9811265668648486
3.975,1.0,1.0,1.0,1.0,0.9814022091447853,0.9999999905040886,0.9812206985053156
3.98,1.0,1.0,1.0,1.0,0.9814903266053603,0.9999999909621881,0.9813143606622672
3.985,1.0,1.0,1.0,1.0,0.9815837845180911,0.9999999913987474,0.9814075556772622
3.99,1.0,1.0,1.0,1.0,0.9816762410960435,0.9999999918147515,0.9815002858801808
3.995,1.0,1.0,1.0,1.0,0.9817753732391902,0.9999999922111421,0.9815925535892828
4.0,1.0,1.0,1.0,1.0,0.9818591515823888,0.9999999925888182,0.9816843611112658
4.005,1.0,1.0,1.0,1.0,0.98195294327338,0.9999999929486396,0.9817757107413227
4.01,1.0,1.0,1.0,1.0,0.9820370553948381,0.9999999932914275,0.981866604763199
4.015,1.0,1.0,1.0,1.0,0.9821245052988941,0.9999999936179662,0.9819570454492498
4.0200000000000005,1.0,1.0,1.0,1.0,0.9822106200899108,0.9999999939290056,0.9820470350604972
4.025,1.0,1.0,1.0,1.0,0.9822967348809277,0.9999999942252612,0.982136575846686
4.03,1.0,1.0,1.0,1.0,0.9823801794458663,0.9999999945074172,0.9822256700463405
4.035,1.0,1.0,1.0,1.0,0.9824733035803379,0.9999999947761263,0.9823143198868206
4.04,1.0,1.0,1.0,1.0,0.9825544116974585,0.9999999950320126,0.9824025275843766
4.045,1.0,1.0,1.0,1.0,0.9826485371667093,0.9999999952756716,0.9824902953442057
4.05,1.0,1.0,1.0,1.0,0.9827396586316224,0.9999999955076723,0.9825776253605065
4.055,1.0,1.0,1.0,1.0,0.9828200991922235,0.9999999957285574,0.9826645198165338
4.0600000000000005,1.0,1.0,1.0,1.0,0.982904211313682,0.9999999959388457,0.9827509808846537
4.065,1.0,1.0,1.0,1.0,0.9829863207655818,0.9999999961390321,0.9828370107263974
4.07,1.0,1.0,1.0,1.0,0.9830834502391704,0.9999999963295892,0.9829226114925153
4.075,1.0,1.0,1.0,1.0,0.9831692312519277,0.9999999965109683,0.9830077853230309
4.08,1.0,1.0,1.0,1.0,0.9832520082603471,0.9999999966835996,0.9830925343472947
4.085,1.0,1.0,1.0,1.0,0.9833417946122207,0.9999999968478943,0.9831768606840366
4.09,1.0,1.0,1.0,1.0,0.9834322485206147,0.9999999970042445,0.9832607664414194
4.095,1.0,1.0,1.0,1.0,0.9835156930855531,0.9999999971530243,0.9833442537170913
4.1,1.0,1.0,1.0,1.0,0.9835917945287773,0.9999999972945911,0.9834273245982388
4.105,1.0,1.0,1.0,1.0,0.9836775755415343,0.9999999974292854,0.983509981161638
4.11,1.0,1.0,1.0,1.0,0.9837530094282388,0.9999999975574322,0.9835922254737074
4.115,1.0,1.0,1.0,1.0,0.983834117545359,0.9999999976793419,0.983674059590559
4.12,1.0,1.0,1.0,1.0,0.983910552766843,0.9999999977953101,0.9837554855580501
4.125,1.0,1.0,1.0,1.0,0.983994998666561,0.9999999979056193,0.9838365054118341
4.13,1.0,1.0,1.0,1.0,0.9840721014445644,0.9999999980105386,0.9839171211774116
4.135,1.0,1.0,1.0,1.0,0.9841585500138407,0.9999999981103246,0.9839973348701808
4.14,1.0,1.0,1.0,1.0,0.9842359865701036,0.999999998205222,0.9840771484954883
4.1450000000000005,1.0,1.0,1.0,1.0,0.9843094177872496,0.9999999982954646,0.9841565640486789
4.15,1.0,1.0,1.0,1.0,0.9843795112217978,0.9999999983812748,0.9842355835151455
4.155,1.0,1.0,1.0,1.0,0.9844536099954633,0.999999998462865,0.9843142088703789
4.16,1.0,1.0,1.0,1.0,0.9845333829995445,0.9999999985404374,0.9843924420800172
4.165,1.0,1.0,1.0,1.0,0.9846034764340927,0.9999999986141852,0.9844702850998945
4.17,1.0,1.0,1.0,1.0,0.9846855858859922,0.9999999986842919,0.9845477398760905
4.175,1.0,1.0,1.0,1.0,0.9847586833248786,0.9999999987509333,0.9846248083449786
4.18,1.0,1.0,1.0,1.0,0.9848364536594014,0.9999999988142763,0.9847014924332744
4.1850000000000005,1.0,1.0,1.0,1.0,0.984908549763508,0.9999999988744799,0.9847777940580844
4.19,1.0,1.0,1.0,1.0,0.9849859863197707,0.9999999989316961,0.984853715126953
4.195,1.0,1.0,1.0,1.0,0.9850590837586567,0.9999999989860696,0.9849292575379109
4.2,1.0,1.0,1.0,1.0,0.9851411932105555,0.9999999990377382,0.9850044231795223
4.205,1.0,1.0,1.0,1.0,0.9852169608755195,0.999999999086833,0.9850792139309321
4.21,1.0,1.0,1.0,1.0,0.9852937298752625,0.9999999991334793,0.9851536316619132
4.215,1.0,1.0,1.0,1.0,0.9853721677663048,0.9999999991777961,0.9852276782329125
4.22,1.0,1.0,1.0,1.0,0.9854412598660736,0.999999999219897,0.9853013554950982
4.225,1.0,1.0,1.0,1.0,0.9855166937527782,0.9999999992598902,0.9853746652904057
4.23,1.0,1.0,1.0,1.0,0.9855968005351191,0.9999999992978787,0.9854476094515838
4.235,1.0,1.0,1.0,1.0,0.9856678953044467,0.9999999993339604,0.9855201898022403
4.24,1.0,1.0,1.0,1.0,0.9857416602998521,0.9999999993682291,0.9855924081568876
4.245,1.0,1.0,1.0,1.0,0.9858070808387636,0.9999999994007733,0.9856642663209885
4.25,1.0,1.0,1.0,1.0,0.9858881889558835,0.999999999431678,0.9857357660910008
4.255,1.0,1.0,1.0,1.0,0.9859589499469511,0.9999999994610238,0.9858069092544223
4.26,1.0,1.0,1.0,1.0,0.9860373878379927,0.9999999994888875,0.985877697589836
4.265,1.0,1.0,1.0,1.0,0.9861028083769043,0.9999999995153421,0.9859481328669539
4.2700000000000005,1.0,1.0,1.0,1.0,0.9861769071505688,0.9999999995404574,0.9860182168466617
4.275,1.0,1.0,1.0,1.0,0.9862506721459741,0.9999999995642993,0.9860879512810624
4.28,1.0,1.0,1.0,1.0,0.9863180953544437,0.9999999995869311,0.9861573379135204
4.285,1.0,1.0,1.0,1.0,0.9863881887889914,0.9999999996084127,0.9862263784787055
4.29,1.0,1.0,1.0,1.0,0.9864592835583182,0.9999999996288013,0.9862950747026351
4.295,1.0,1.0,1.0,1.0,0.9865307121059053,0.9999999996481511,0.9863634283027184
4.3,1.0,1.0,1.0,1.0,0.9865897908578815,0.9999999996665139,0.9864314409877991
4.305,1.0,1.0,1.0,1.0,0.9866572140663507,0.9999999996839388,0.9864991144581977
4.3100000000000005,1.0,1.0,1.0,1.0,0.9867263061661194,0.9999999997004727,0.9865664504057547
4.315,1.0,1.0,1.0,1.0,0.9867940631528487,0.9999999997161602,0.9866334505138721
4.32,1.0,1.0,1.0,1.0,0.9868594836917598,0.9999999997310433,0.9867001164575563
4.325,1.0,1.0,1.0,1.0,0.986918228665476,0.9999999997451626,0.9867664499034591
4.33,1.0,1.0,1.0,1.0,0.986982647869608,0.9999999997585565,0.9868324525099202
4.335,1.0,1.0,1.0,1.0,0.9870500710780779,0.9999999997712611,0.9868981259270083
4.34,1.0,1.0,1.0,1.0,0.9871164929517684,0.9999999997833112,0.9869634717965623
4.345,1.0,1.0,1.0,1.0,0.9871809121559009,0.99999999979474,0.9870284917522321
4.3500000000000005,1.0,1.0,1.0,1.0,0.9872416597991753,0.9999999998055784,0.9870931874195201
4.355,1.0,1.0,1.0,1.0,0.9873054114467882,0.9999999998158566,0.9871575604158215
4.36,1.0,1.0,1.0,1.0,0.9873694968726601,0.9999999998256027,0.9872216123504642
4.365,1.0,1.0,1.0,1.0,0.987434917411572,0.9999999998348437,0.9872853448247503
4.37,1.0,1.0,1.0,1.0,0.9874933286070287,0.9999999998436051,0.9873487594319947
4.375,1.0,1.0,1.0,1.0,0.9875564126981216,0.9999999998519113,0.987411857757566
4.38,1.0,1.0,1.0,1.0,0.987613822558799,0.9999999998597856,0.9874746413789256
4.385,1.0,1.0,1.0,1.0,0.9876658919673201,0.9999999998672496,0.9875371118656673
4.39,1.0,1.0,1.0,1.0,0.9877326476192708,0.9999999998743245,0.9875992707795566
4.3950000000000005,1.0,1.0,1.0,1.0,0.9877963992668836,0.9999999998810302,0.9876611196745695
4.4,1.0,1.0,1.0,1.0,0.987862487362314,0.9999999998873853,0.9877226600969315
4.405,1.0,1.0,1.0,1.0,0.987927240344706,0.9999999998934078,0.9877838935851566
4.41,1.0,1.0,1.0,1.0,0.9879926608836174,0.9999999998991147,0.987844821670085
4.415,1.0,1.0,1.0,1.0,0.9880510720790738,0.9999999999045224,0.9879054458749221
4.42,1.0,1.0,1.0,1.0,0.9881061454919331,0.9999999999096459,0.9879657677152762
4.425,1.0,1.0,1.0,1.0,0.9881645566873897,0.9999999999145002,0.9880257886991963
4.43,1.0,1.0,1.0,1.0,0.988227307000223,0.9999999999190988,0.9880855103272104
4.4350000000000005,1.0,1.0,1.0,1.0,0.9882913924260955,0.9999999999234551,0.9881449340923619
4.44,1.0,1.0,1.0,1.0,0.9883481347302537,0.9999999999275815,0.9882040614802484
4.445,1.0,1.0,1.0,1.0,0.9884082148170092,0.9999999999314899,0.9882628939690575
4.45,1.0,1.0,1.0,1.0,0.9884689624602844,0.9999999999351916,0.9883214330296045
4.455,1.0,1.0,1.0,1.0,0.9885320465513779,0.9999999999386971,0.988379680125369
4.46,1.0,1.0,1.0,1.0,0.9885917928598738,0.9999999999420169,0.9884376367125315
4.465,1.0,1.0,1.0,1.0,0.9886458649379535,0.9999999999451605,0.9884953042400095
4.47,1.0,1.0,1.0,1.0,0.9887086152507872,0.9999999999481369,0.9885526841494943
4.4750000000000005,1.0,1.0,1.0,1.0,0.9887720331201406,0.999999999950955,0.9886097778754867
4.48,1.0,1.0,1.0,1.0,0.9888277740895194,0.999999999953623,0.9886665868453326
4.485,1.0,1.0,1.0,1.0,0.9888798434980409,0.9999999999561487,0.9887231124792595
4.49,1.0,1.0,1.0,1.0,0.9889402573630568,0.9999999999585395,0.9887793561904109
4.495,1.0,1.0,1.0,1.0,0.9889919929933186,0.9999999999608025,0.9888353193848828
4.5,1.0,1.0,1.0,1.0,0.9890514055235545,0.9999999999629444,0.9888910034617577
4.505,1.0,1.0,1.0,1.0,0.9891008047059981,0.9999999999649716,0.9889464098131406
4.51,1.0,1.0,1.0,1.0,0.9891532078927795,0.9999999999668899,0.9890015398241931
4.515,1.0,1.0,1.0,1.0,0.9892102839751973,0.9999999999687053,0.9890563948731684
4.5200000000000005,1.0,1.0,1.0,1.0,0.989258014266342,0.999999999970423,0.9891109763314455
4.525,1.0,1.0,1.0,1.0,0.9893074134487858,0.9999999999720481,0.9891652855635639
4.53,1.0,1.0,1.0,1.0,0.9893578139660086,0.9999999999735858,0.9892193239272569
4.535,1.0,1.0,1.0,1.0,0.9894092158180109,0.9999999999750405,0.9892730927734866
4.54,1.0,1.0,1.0,1.0,0.9894639554526105,0.9999999999764165,0.9893265934464771
4.545,1.0,1.0,1.0,1.0,0.9895196964219897,0.9999999999777183,0.9893798272837477
4.55,1.0,1.0,1.0,1.0,0.9895737685000703,0.9999999999789495,0.9894327956161474
4.555,1.0,1.0,1.0,1.0,0.9896258379085918,0.9999999999801138,0.989485499767887
4.5600000000000005,1.0,1.0,1.0,1.0,0.9896765722040742,0.9999999999812151,0.9895379410565732
4.565,1.0,1.0,1.0,1.0,0.9897259713865179,0.9999999999822565,0.9895901207932409
4.57,1.0,1.0,1.0,1.0,0.9897753705689611,0.9999999999832413,0.9896420402823863
4.575,1.0,1.0,1.0,1.0,0.9898314453166002,0.9999999999841724,0.9896937008219993
4.58,1.0,1.0,1.0,1.0,0.9898821796120832,0.9999999999850528,0.989745103703596
4.585,1.0,1.0,1.0,1.0,0.9899312450162674,0.9999999999858851,0.9897962502122511
4.59,1.0,1.0,1.0,1.0,0.9899923264378024,0.9999999999866719,0.9898471416266302
4.595,1.0,1.0,1.0,1.0,0.9900417256202463,0.9999999999874157,0.9898977792190211
4.6000000000000005,1.0,1.0,1.0,1.0,0.9900937950287678,0.9999999999881187,0.9899481642553665
4.605,1.0,1.0,1.0,1.0,0.9901461982155493,0.9999999999887833,0.9899982979952945
4.61,1.0,1.0,1.0,1.0,0.9901955973979932,0.9999999999894112,0.9900481816921516
4.615,1.0,1.0,1.0,1.0,0.9902490019195541,0.9999999999900048,0.9900978165930326
4.62,1.0,1.0,1.0,1.0,0.9902973997672188,0.9999999999905655,0.9901472039388127
4.625,1.0,1.0,1.0,1.0,0.990355810962676,0.9999999999910956,0.9901963449641782
4.63,1.0,1.0,1.0,1.0,0.9904055439233798,0.9999999999915963,0.9902452408976571
4.635,1.0,1.0,1.0,1.0,0.9904549431058233,0.9999999999920695,0.9902938929616504
4.64,1.0,1.0,1.0,1.0,0.9905033409534877,0.9999999999925163,0.9903423023724622
4.6450000000000005,1.0,1.0,1.0,1.0,0.9905497361315934,0.9999999999929384,0.9903904703403303
4.65,1.0,1.0,1.0,1.0,0.9905981339792576,0.9999999999933373,0.9904383980694565
4.655,1.0,1.0,1.0,1.0,0.9906398562617271,0.999999999993714,0.9904860867580364
4.66,1.0,1.0,1.0,1.0,0.9906825798789757,0.9999999999940697,0.9905335375982897
4.665,1.0,1.0,1.0,1.0,0.9907319790614196,0.9999999999944058,0.9905807517764899
4.67,1.0,1.0,1.0,1.0,0.9907813782438635,0.9999999999947231,0.9906277304729939
4.675,1.0,1.0,1.0,1.0,0.990828107200229,0.9999999999950228,0.9906744748622717
4.68,1.0,1.0,1.0,1.0,0.9908724997087764,0.9999999999953058,0.9907209861129352
4.6850000000000005,1.0,1.0,1.0,1.0,0.9909122193216873,0.9999999999955729,0.9907672653877684
4.69,1.0,1.0,1.0,1.0,0.9909549429389362,0.999999999995825,0.9908133138437554
4.695,1.0,1.0,1.0,1.0,0.9909966652214056,0.9999999999960631,0.9908591326321099
4.7,1.0,1.0,1.0,1.0,0.9910427266212519,0.9999999999962879,0.9909047228983042
4.705,1.0,1.0,1.0,1.0,0.991079442229825,0.9999999999965,0.9909500857820972
4.71,1.0,1.0,1.0,1.0,0.9911238347383726,0.9999999999967003,0.9909952224175634
4.715,1.0,1.0,1.0,1.0,0.9911702299164786,0.9999999999968893,0.9910401339331211
4.72,1.0,1.0,1.0,1.0,0.9912082806380906,0.9999999999970676,0.9910848214515604
4.7250000000000005,1.0,1.0,1.0,1.0,0.9912506704770794,0.9999999999972359,0.9911292860900718
4.73,1.0,1.0,1.0,1.0,0.991292058981289,0.9999999999973946,0.9911735289602733
4.735,1.0,1.0,1.0,1.0,0.991338454159395,0.9999999999975445,0.9912175511682391
4.74,1.0,1.0,1.0,1.0,0.9913835142244619,0.999999999997686,0.9912613538145267
4.745,1.0,1.0,1.0,1.0,0.9914289080677886,0.9999999999978193,0.9913049379942045
4.75,1.0,1.0,1.0,1.0,0.9914726330198167,0.9999999999979451,0.9913483047968794
4.755,1.0,1.0,1.0,1.0,0.991513020189247,0.9999999999980638,0.9913914553067235
4.76,1.0,1.0,1.0,1.0,0.9915557438064958,0.9999999999981758,0.9914343906025019
4.765,1.0,1.0,1.0,1.0,0.9915998025367836,0.9999999999982813,0.9914771117575993
4.7700000000000005,1.0,1.0,1.0,1.0,0.9916451963801102,0.999999999998381,0.9915196198400468
4.775,1.0,1.0,1.0,1.0,0.9916835808799822,0.9999999999984748,0.9915619159125485
4.78,1.0,1.0,1.0,1.0,0.9917216316015944,0.9999999999985634,0.9916040010325086
4.785,1.0,1.0,1.0,1.0,0.9917670254449208,0.9999999999986469,0.9916458762520571
4.79,1.0,1.0,1.0,1.0,0.9918067450578317,0.9999999999987256,0.9916875426180769
4.795,1.0,1.0,1.0,1.0,0.9918437944446644,0.9999999999987997,0.9917290011722292
4.8,1.0,1.0,1.0,1.0,0.9918858505053937,0.9999999999988698,0.99177025295098
4.805,1.0,1.0,1.0,1.0,0.9919295754574217,0.9999999999989357,0.9918112989856259
4.8100000000000005,1.0,1.0,1.0,1.0,0.991964955952956,0.999999999998998,0.99185214030232
4.815,1.0,1.0,1.0,1.0,0.9920030066745679,0.9999999999990566,0.9918927779220973
4.82,1.0,1.0,1.0,1.0,0.9920410573961801,0.9999999999991118,0.9919332128609004
4.825,1.0,1.0,1.0,1.0,0.9920764378917143,0.9999999999991639,0.9919734461296048
4.83,1.0,1.0,1.0,1.0,0.9921158237263654,0.9999999999992129,0.9920134787340446
4.835,1.0,1.0,1.0,1.0,0.9921532068914577,0.999999999999259,0.9920533116750365
4.84,1.0,1.0,1.0,1.0,0.9921889211652517,0.9999999999993027,0.9920929459484066
4.845,1.0,1.0,1.0,1.0,0.9922296421129418,0.9999999999993437,0.9921323825450135
4.8500000000000005,1.0,1.0,1.0,1.0,0.992263353717177,0.9999999999993824,0.9921716224507743
4.855,1.0,1.0,1.0,1.0,0.9923040746648673,0.9999999999994189,0.9922106666466886
4.86,1.0,1.0,1.0,1.0,0.9923391213821415,0.9999999999994532,0.9922495161088634
4.865,1.0,1.0,1.0,1.0,0.9923778396602732,0.9999999999994855,0.9922881718085371
4.87,1.0,1.0,1.0,1.0,0.9924218983905609,0.9999999999995158,0.9923266347121045
4.875,1.0,1.0,1.0,1.0,0.9924629531165108,0.9999999999995445,0.99236490578114
4.88,1.0,1.0,1.0,1.0,0.992507011846798,0.9999999999995716,0.9924029859724224
4.885,1.0,1.0,1.0,1.0,0.9925423923423322,0.999999999999597,0.9924408762379585
4.89,1.0,1.0,1.0,1.0,0.9925824457335028,0.999999999999621,0.9924785775250067
4.8950000000000005,1.0,1.0,1.0,1.0,0.9926201626768552,0.9999999999996435,0.9925160907761014
4.9,1.0,1.0,1.0,1.0,0.9926518716115321,0.9999999999996647,0.9925534169290756
4.905,1.0,1.0,1.0,1.0,0.9926852494375075,0.9999999999996847,0.9925905569170853
4.91,1.0,1.0,1.0,1.0,0.9927269717199765,0.9999999999997035,0.992627511668632
4.915,1.0,1.0,1.0,1.0,0.9927653562198484,0.9999999999997211,0.9926642821075864
4.92,1.0,1.0,1.0,1.0,0.9928030731632008,0.9999999999997379,0.9927008691532114
4.925,1.0,1.0,1.0,1.0,0.992839454993514,0.9999999999997535,0.992737273720185
4.93,1.0,1.0,1.0,1.0,0.9928751692673078,0.9999999999997683,0.9927734967186236
4.9350000000000005,1.0,1.0,1.0,1.0,0.9929148888802186,0.9999999999997822,0.9928095390541035
4.94,1.0,1.0,1.0,1.0,0.9929486004844538,0.9999999999997953,0.9928454016276854
4.945,1.0,1.0,1.0,1.0,0.992986317427806,0.9999999999998076,0.9928810853359353
4.95,1.0,1.0,1.0,1.0,0.9930186939190021,0.9999999999998191,0.9929165910709479
4.955,1.0,1.0,1.0,1.0,0.9930564108623546,0.99999999999983,0.9929519197203682
4.96,1.0,1.0,1.0,1.0,0.9930884535752912,0.9999999999998402,0.9929870721674146
4.965,1.0,1.0,1.0,1.0,0.9931248354056044,0.9999999999998499,0.9930220492908998
4.97,1.0,1.0,1.0,1.0,0.9931632199054763,0.9999999999998589,0.9930568519652538
4.9750000000000005,1.0,1.0,1.0,1.0,0.9931915910575556,0.9999999999998676,0.9930914810605455
4.98,1.0,1.0,1.0,1.0,0.9932296417791676,0.9999999999998755,0.9931259374425038
4.985,1.0,1.0,1.0,1.0,0.9932636871616627,0.9999999999998831,0.9931602219725401
4.99,1.0,1.0,1.0,1.0,0.9932977325441573,0.9999999999998901,0.9931943355077695
4.995,1.0,1.0,1.0,1.0,0.9933324454831717,0.9999999999998969,0.993228278901032
5.0,1.0,1.0,1.0,1.0,0.9933604828569911,0.9999999999999031,0.9932620530009145
