s,cdf_zeros,cdf_gue_mean,cdf_gue_q025,cdf_gue_q975,cdf_poisson_ensemble_mean,cdf_wigner_surmise,cdf_poisson
0.0,0.0,0.0,0.0,0.0,0.0,0.0,0.0
0.005,0.0,0.0,0.0,0.0,0.004967955618172346,1.3509233142902644e-07,0.00498752080731768
0.01,0.0,1.3351130390143393e-06,0.0,0.0,0.009868154249614722,1.0806767320094973e-06,0.009950166250831893
0.015,0.0,5.340452156057358e-06,0.0,0.0,0.014773693333213158,3.6469357054397245e-06,0.014888060396937353
0.02,0.0,1.0013347792607546e-05,0.0,0.00033344448149383126,0.019684906647227402,8.6434327722755e-06,0.019801326693244747
0.025,0.0,1.5353799948664906e-05,0.0,0.00033344448149383126,0.024552061230954207,1.6878803347823712e-05,0.024690087971667385
0.03,0.00033344448149383126,2.9372486858315415e-05,0.0,0.00033344448149383126,0.02946193943192939,2.9160446062929946e-05,0.029554466451491845
0.035,0.00033344448149383126,5.040051722279133e-05,0.0,0.00033344448149383126,0.03430339308965514,4.629421467517575e-05,0.03439458374243354
0.04,0.00033344448149383126,7.34312171457888e-05,0.0,0.00033344448149383126,0.03907775731717048,6.908411071729348e-05,0.03921056084767682
0.045,0.00033344448149383126,0.00010413881704311875,0.0,0.0006668889629876625,0.04387648735764774,9.833197702915214e-05,0.04400251816690004
0.05,0.00033344448149383126,0.00014786376907083857,0.0,0.0006668889629876625,0.04867254717204698,0.00013483719231952018,0.048770575499285984
0.055,0.00033344448149383126,0.00019592783847535505,0.0,0.0006668889629876625,0.05338149086065052,0.0001793963669027704,0.05351485204651618
0.06,0.00033344448149383126,0.0002486648035164217,0.0,0.0010003334444814939,0.05811947325785266,0.00023280303975516115,0.05823546641575128
0.065,0.00033344448149383126,0.00031542045546713646,0.0,0.0010003334444814939,0.06280805647261133,0.0002958473770347525,0.06293253662259657
0.07,0.00033344448149383126,0.00039619479432750226,0.0,0.001333777925975325,0.06754870909589152,0.000369315872207579,0.06760618009405173
0.075,0.00033344448149383126,0.0004896527070585051,0.0,0.001333777925975325,0.072221270954182,0.0004539910479227499,0.07225651367144714
0.08,0.00033344448149383126,0.0005934577458418682,0.0,0.0016672224074691564,0.07684009451265195,0.0005506511597765662,0.07688365361336424
0.085,0.0010003334444814939,0.000698597897664248,0.0,0.0016672224074691564,0.08141485934083473,0.0006600699021066386,0.08148771559854262
0.09,0.0010003334444814939,0.0008187580711755377,0.0,0.0020006668889629878,0.08591485783883247,0.0007830161159535914,0.08606881472877181
0.095,0.002334111370456819,0.0009672893967658836,0.0,0.002334111370456819,0.09051365470171732,0.0009202534993286854,0.09062706553176858
0.1,0.002334111370456819,0.001129839409265877,0.0,0.002334111370456819,0.0949962967302081,0.001072540319922849,0.09516258196404048
0.105,0.002334111370456819,0.0013160876782083795,0.00033344448149383126,0.00266755585195065,0.09952199615420693,0.0012406291303918016,0.09967547741373439
0.11,0.002334111370456819,0.0014983306080338368,0.00033344448149383126,0.0030010003334444814,0.104032341778257,0.0014252664863506348,0.10416586470347178
0.115,0.002334111370456819,0.0017019353464835247,0.00033344448149383126,0.003334444814938313,0.10846258061996664,0.0016271926672090098,0.10863385609316867
0.12,0.00266755585195065,0.0019445921413243797,0.0006668889629876625,0.003667889296432144,0.11293687819196319,0.0018471413999766872,0.11307956328284252
0.125,0.003334444814938313,0.002185913823126223,0.0006668889629876625,0.0040013337779259755,0.11735576857284072,0.0020858395861682033,0.11750309741540454
0.13,0.003667889296432144,0.0024552728787473653,0.0010003334444814939,0.004334778259419807,0.1217833371884722,0.0023440070319317996,0.1219045690794387
0.135,0.004334778259419807,0.002737315508239146,0.0010003334444814939,0.004668222740913638,0.1261778617563881,0.002622356181527702,0.12628408831196558
0.14,0.004334778259419807,0.003034378159419831,0.001333777925975325,0.005018339446482145,0.13054701917656228,0.002921591854278316,0.13064176460119414
0.145,0.004668222740913638,0.00336715508439416,0.0016672224074691564,0.0056685561853951315,0.13490950103154167,0.0032424109851098004,0.1349777068892587
0.15,0.0053351117039013,0.0037309733875255653,0.0016672224074691564,0.006002000666888963,0.13921257035628493,0.003585502368804283,0.1392920235749422
0.155,0.0053351117039013,0.004090118795020426,0.0020006668889629878,0.00635211737245747,0.14356503886347172,0.003951546408077572,0.1435848225163865
0.16,0.0056685561853951315,0.004465285558983445,0.002334111370456819,0.007002334111370457,0.14781503744491414,0.004341214865597742,0.14785621103378865
0.165,0.006002000666888963,0.004877835488038873,0.00266755585195065,0.00766922307435812,0.1520516848959662,0.004755170620054733,0.15210629591208413
0.17,0.006668889629876626,0.005336446816940293,0.0030010003334444814,0.008002667555851951,0.15630301859044793,0.005194067426390614,0.1563351834036163
0.17500000000000002,0.006668889629876626,0.005806406606673351,0.003334444814938313,0.008669556518839614,0.16044654190702884,0.0056585496802978585,0.16054297923079264
0.18,0.007002334111370457,0.006285712187679508,0.003667889296432144,0.009336445481827277,0.1646060865800777,0.006149252187088672,0.164729788588728
0.185,0.00766922307435812,0.006818756068505971,0.004334778259419807,0.010003334444814937,0.16880234686170018,0.006666799935038242,0.16889571614787435
0.19,0.00766922307435812,0.007367821305800635,0.004668222740913638,0.0106702234078026,0.17290081011321415,0.007211807873300585,0.1730408660566377
0.195,0.008002667555851951,0.007948595477771866,0.005001667222407469,0.011337112370790263,0.17704066186893785,0.00778488069449304,0.1771653419439816
0.2,0.008669556518839614,0.00856742037135501,0.0053351117039013,0.012004001333777926,0.1811598193725567,0.008386612622044182,0.18126924692201818
0.20500000000000002,0.008669556518839614,0.009229636438706125,0.006002000666888963,0.01300433477825942,0.18526629330230532,0.009017587202395205,0.18535268358858548
0.21,0.009669889963321108,0.009922226327694792,0.006668889629876626,0.013354451483827927,0.18934205963215636,0.00967837710214392,0.18941575402981292
0.215,0.0106702234078026,0.01060847442974818,0.007002334111370457,0.014354784928309421,0.19340881394899415,0.010369543910215162,0.19345855982267313
0.22,0.012004001333777926,0.011328434136036677,0.00766922307435812,0.01567189063021007,0.19737977390528214,0.011091637945143562,0.1974812020375215
0.225,0.012670890296765588,0.012083106781339524,0.008336112037345782,0.01635545181727241,0.2013824427962476,0.011845198067543028,0.20148378124062294
0.23,0.012670890296765588,0.012885175939527376,0.009003001000333445,0.017339113037679228,0.2053994641523817,0.012630751497845205,0.20546639749666595
0.23500000000000001,0.01300433477825942,0.013735642945379505,0.010003334444814937,0.01833944648216072,0.20936441609999468,0.013448813639375612,0.20942915037126442
0.24,0.013337779259753251,0.014587111286010904,0.0106702234078026,0.019339779926642216,0.21323891413921434,0.014299887906842057,0.21337213893344653
0.245,0.013337779259753251,0.015464614330903074,0.011337112370790263,0.020340113371123708,0.2170940530393681,0.015184465560299898,0.21729546175813186
0.25,0.013337779259753251,0.01638083565392667,0.012004001333777926,0.0213404468156052,0.22098223598723743,0.01610302554466042,0.22119921692859512
0.255,0.015005001667222408,0.017357137063705882,0.01300433477825942,0.02202400800266754,0.22487842961334142,0.017056034334801684,0.22508350203891903
0.26,0.016005335111703902,0.01835079494299233,0.013987995998666224,0.02334111370456819,0.2287265591700403,0.018043945786342885,0.22894841419643375
0.265,0.017005668556185394,0.019374826643916338,0.014671557185728577,0.024674891630543514,0.23256601049198575,0.019067200992133715,0.23279405002414433
0.27,0.017672557519173057,0.020437242844711993,0.01567189063021007,0.02567522507502501,0.23640012136177516,0.020126228144513036,0.23662050566314685
0.275,0.01800600200066689,0.021522022188911145,0.016672224074691565,0.027009003001000332,0.2401704805839514,0.02122144240338414,0.24042787677503152
0.28,0.018672890963654553,0.022654198045995284,0.017672557519173057,0.028009336445481828,0.24393950469308906,0.022353245770151797,0.24421625854427453
0.28500000000000003,0.019673224408136045,0.023841781094198523,0.01898966322107369,0.029026342114037998,0.2476751509762512,0.023522026967563836,0.24798574568061738
0.29,0.02100700233411137,0.02508877667263799,0.019673224408136045,0.030343447815938646,0.25143850085497305,0.02472816132549499,0.25173643242143473
0.295,0.022674224741580526,0.026322087342427428,0.020673557852617538,0.032010670223407804,0.2551905022728634,0.025972010672708823,0.2554684125340906
0.3,0.022674224741580526,0.02763483723803832,0.022007335778592863,0.033677892630876956,0.25896720328197526,0.02725392323462994,0.2591817793182821
0.305,0.02300766922307436,0.028960270707519796,0.02300766922307436,0.034678226075358455,0.26262741567843295,0.028574233537155103,0.2628766256083722
0.31,0.02334111370456819,0.030332099355107008,0.024324774924974993,0.03667889296432144,0.2663123276661121,0.029933262316528597,0.26655304377571076
0.315,0.023674558186062022,0.031732632933033036,0.02567522507502501,0.038012670890296765,0.2699828871886222,0.031331316435304124,0.2702111257309432
0.32,0.025008336112037347,0.03319625060205256,0.027009003001000332,0.03934644881627209,0.27359002884177896,0.032768688804411805,0.27385096292630906
0.325,0.02634211403801267,0.034690909649229044,0.028342780926975657,0.04101367122374125,0.2772525776860555,0.03424565831134668,0.2774726463579278
0.33,0.027009003001000332,0.03622528830931631,0.029676558852950983,0.0426808936312104,0.2808613882305111,0.035762489754489146,0.28107626656807383
0.335,0.027342447482494165,0.03782909284743228,0.03134378126042014,0.04434811603867956,0.28445350986197904,0.03731943378356767,0.2846619136474401
0.34,0.030010003334444816,0.03943356494206778,0.03267755918639546,0.046348782927642544,0.28802927635871983,0.038916726846269345,0.28822967723739035
0.34500000000000003,0.03267755918639546,0.041102122462575906,0.03434478159386462,0.0480160053351117,0.2915763379251209,0.04055459114099963,0.2917796465322
0.35000000000000003,0.033677892630876956,0.042809398261215506,0.03567855951983995,0.04968322774258086,0.2951327452827953,0.042233234575790535,0.29531191028128656
0.355,0.034678226075358455,0.044559397677103596,0.037345781927309106,0.051700566855618524,0.2986203943189609,0.04395285073335348,0.29882655679142756
0.36,0.03567855951983995,0.04633710068855114,0.03901300433477826,0.05368456152050684,0.3021768016766352,0.04571361884226921,0.302323673928969
0.365,0.03567855951983995,0.04818089179543002,0.040680226742247416,0.05535178392797599,0.30566979116495613,0.04751570375430314,0.3058033491220211
0.37,0.038012670890296765,0.05001099799365886,0.042347449149716575,0.05735245081693898,0.30915810775764097,0.04935925592783347,0.3092656693626453
0.375,0.039679893297765924,0.05194257278285291,0.04434811603867956,0.0596865621873958,0.3126117114113119,0.05124441141737329,0.31271072120902776
0.38,0.041347115705235075,0.05387882046768343,0.045998666222074026,0.06202067355785262,0.31603861280420165,0.05317129186916847,0.31613859078764417
0.385,0.042347449149716575,0.05582207749596886,0.0480160053351117,0.06368789596532178,0.3194301337015579,0.055140004522844954,0.3195493637954123
0.39,0.0436812270756919,0.057859126215244895,0.04966655551850617,0.06602200733577859,0.3227926158903149,0.05715064221908256,0.32294312550183535
0.395,0.045015005001667226,0.05993923233002921,0.05135045015005002,0.06837279093031008,0.32615543185733237,0.05920328341328168,0.32631996075113234
0.4,0.046348782927642544,0.06204003269691824,0.05368456152050684,0.0703567855951984,0.3295536283198841,0.06129799219519261,0.3296799539643607
0.405,0.048349449816605536,0.06418021889845825,0.05568522840946982,0.07235745248416138,0.3328740544479124,0.06343481831447201,0.3330231891415256
0.41000000000000003,0.05035011670556852,0.0663394304608043,0.057685895298432814,0.07435811937312438,0.33618580234118645,0.06561379721212535,0.3363497498636806
0.41500000000000004,0.05535178392797599,0.06860578484453103,0.06002000666888963,0.0766922307435812,0.3395192458213459,0.06783495005779694,0.33965971929501715
0.42,0.05701900633544515,0.07090952239335019,0.06202067355785262,0.07935978659553185,0.34278993898867155,0.07009828379285882,0.34295318018494325
0.425,0.05835278426142047,0.07322994885515721,0.06468822940980327,0.0820273424474825,0.3460492836951656,0.0724037911792561,0.3462302148701527
0.43,0.06035345115038346,0.07559042870813476,0.06702234078026009,0.08437812604201399,0.3493316591015819,0.07475145085405382,0.3494909052766835
0.435,0.061687229076358784,0.07802467355651757,0.06867289096365456,0.08669556518839613,0.35259067002981603,0.07714122738963491,0.35273533292196535
0.44,0.06402134044681561,0.08049863801781124,0.07102367455818606,0.08936312104034679,0.35576924039744884,0.07957307135949249,0.3559635789168586
0.445,0.06635545181727243,0.08301799632243119,0.07302434144714905,0.09236412137379127,0.3589695063519666,0.08204691940955855,0.35917572396768127
0.45,0.06868956318772924,0.0855440301922464,0.07602534178059353,0.09536512170723574,0.36219614078900453,0.0845626943350068,0.36237184837822667
0.455,0.0713571190396799,0.08812280102710258,0.07900966988996333,0.09771590530176724,0.36541676721736704,0.08712030516246827,0.3655520320517718
0.46,0.07435811937312438,0.09073027679229752,0.08136045348449483,0.10005001667222406,0.3685839891241688,0.08971964723758974,0.36871635449307405
0.465,0.07602534178059353,0.09341652422679426,0.08402800933644548,0.10303434478159386,0.37169580383985235,0.09236060231786952,0.3718648948103592
0.47000000000000003,0.07802600866955652,0.09612313213513618,0.08669556518839613,0.10571857285761918,0.37484266527280774,0.09504303867069835,0.3749977317172992
0.47500000000000003,0.08036012004001333,0.09886378542597289,0.08967989329776593,0.108702900966989,0.3780202343056634,0.09776681117653124,0.37811494353498
0.48,0.08402800933644548,0.10166885792094181,0.09234744914971658,0.11137045681893964,0.3811293787952674,0.1005317614371139,0.38121660819385916
0.485,0.08769589863287762,0.10449195444193783,0.09503167722574192,0.11437145715238413,0.38422550593274085,0.10333771788868895,0.38430280323571486
0.49,0.09269756585528509,0.10738147283662468,0.09769923307769257,0.11705568522840945,0.38727089877473364,0.10618449592009627,0.3873736058155839
0.495,0.09503167722574192,0.11030804061814405,0.10070023341113704,0.12004001333777926,0.390344662768804,0.10907189799568984,0.39042909270369075
0.5,0.09903301100366789,0.1132719915647558,0.10336778926308769,0.12337445815271757,0.3933870516064588,0.11199971378298262,0.3934693402873666
0.505,0.10370123374458153,0.11627165678516123,0.10603534511503834,0.12604201400466822,0.3964134190876443,0.11496772028493685,0.39649442457295947
0.51,0.10770256752250751,0.11933774387925755,0.10901967322440814,0.12937645881960655,0.39943711634275175,0.11797568197680774,0.3995044211877341
0.515,0.11070356785595198,0.12239481896034053,0.11203734578192731,0.13237745915305102,0.4024594784848203,0.12102335094745031,0.40249940538176254
0.52,0.1150383461153718,0.125505966119504,0.1150383461153718,0.13604534844948316,0.40546848949649966,0.12411046704500084,0.4054794520298056
0.525,0.1193731243747916,0.12863513730469395,0.11803934644881627,0.13839613204401466,0.40838738037804423,0.12723675802683404,0.4084446356331849
0.53,0.12270756918972991,0.13175563025513,0.1213571190396799,0.1417139046348783,0.4113847091506315,0.13040193971370256,0.4113950303216448
0.535,0.12437479159719907,0.13496991489655705,0.12437479159719907,0.14571523841280426,0.41428624356266963,0.1336057161479628,0.41433070985520626
0.54,0.12837612537512505,0.1382215827030765,0.12769256418806268,0.1490496832277426,0.417207137113773,0.13684777975578388,0.41725174762601036
0.545,0.13204401467155719,0.14151997946596165,0.13071023674558185,0.15205068356118706,0.42010299729539574,0.14012781151324505,0.4201582166601536
0.55,0.1353784594864955,0.1448534229461204,0.13369456485495165,0.15538512837612536,0.4229377760554827,0.14344548111621414,0.42305018961951335
0.555,0.13704568189396465,0.14818219353064313,0.13702900966988996,0.1587195731910637,0.425824290445831,0.14680044715390655,0.42592773880356405
0.56,0.14204734911637212,0.15161610426698774,0.14038012670890296,0.16238746248749583,0.42869812126230933,0.1501923572860217,0.42879093615118513
0.5650000000000001,0.1450483494498166,0.15505535545548918,0.14338112704234746,0.1663887962654218,0.43157028318748925,0.15362084842334806,0.43163985324245957
0.5700000000000001,0.1460486828942981,0.15853632892645925,0.1470490163387796,0.1693897965988663,0.4343947148215246,0.15708554691173132,0.4344745613004629
0.5750000000000001,0.14938312770923642,0.1619926028062073,0.15071690563521173,0.17305768589529844,0.43719911975997344,0.16058606871929781,0.4372951311930443
0.58,0.15171723907969323,0.16553399014219308,0.1543681227075692,0.1764088029343114,0.43998883845499426,0.16412201962682554,0.44010163343459796
0.585,0.15405135045015006,0.16910508374329639,0.15836945648549516,0.18041013671223738,0.4428252861063801,0.16769299542115013,0.4428941381878261
0.59,0.15738579526508836,0.1727402627702727,0.16172057352450817,0.18406135378459487,0.4455499180407483,0.17129858209149557,0.4456727152654929
0.595,0.1610536845615205,0.17639346582327556,0.16572190730243413,0.18741247082360785,0.44832695316189797,0.1749383560286225,0.4484374341321702
0.6,0.16572190730243413,0.18002063417201755,0.16905635211737247,0.1910636878959653,0.45111133140476317,0.17861188422667468,0.4511883639059736
0.605,0.1693897965988663,0.18376929780731036,0.17304101367122374,0.1950650216738913,0.45388603007809397,0.18231872448761538,0.4539255733602906
0.61,0.1727242414138046,0.18749593207745904,0.17670890296765587,0.19874958319439812,0.45664704384277494,0.18605842562814112,0.4566491309255002
0.615,0.1790596865621874,0.19128197887784418,0.1803934644881627,0.20273424474824941,0.4593876971336132,0.1898305276889547,0.4593591046906834
0.62,0.18106035345115037,0.19507036212604734,0.18372790930310104,0.20640213404468155,0.4620923023723953,0.19363456214628522,0.4620555624053255
0.625,0.18739579859953318,0.19884639557864012,0.187729243081027,0.21007002334111372,0.46481526541546453,0.19747005212554242,0.4647385714810097
0.63,0.19173057685895298,0.2027666212394458,0.19139713237745914,0.21373791263754585,0.46750985730645517,0.20133651261698587,0.4674081989931028
0.635,0.19539846615538514,0.20667382954812152,0.19539846615538514,0.21773924641547182,0.4701453704454704,0.20523345069329646,0.47006451168243146
0.64,0.19806602200733578,0.2106250965870844,0.19971657219073025,0.22207402467489162,0.4727725391279904,0.20916036572893637,0.47270757595695145
0.645,0.20306768922974325,0.21463477482150378,0.20340113371123708,0.22575858619539846,0.4754053820409269,0.2131167496211765,0.4753374578934071
0.65,0.20673557852617538,0.21860940633864956,0.20673557852617538,0.2300766922307436,0.4779868231018609,0.21710208701268124,0.47795422323898396
0.655,0.21040346782260755,0.22262609391652394,0.21040346782260755,0.2337612537512504,0.48059396508879554,0.22111585551553326,0.48055793741295183
0.66,0.21407135711903968,0.22666848242039953,0.21505501833944649,0.2377459153051017,0.4831904261714194,0.22515752593658017,0.4831486655083008
0.665,0.21673891297099032,0.23078163191534284,0.22007335778592865,0.24174724908302767,0.4857608525497816,0.2292265625039938,0.4857264722933681
0.67,0.22074024674891632,0.23489678407984496,0.22407469156385462,0.24574858286095366,0.4882832148587399,0.23332242309492035,0.48829142221345756
0.675,0.22340780260086696,0.2390299602703735,0.2280593531177059,0.2497665888629543,0.49088034349788207,0.23744455946411175,0.4908435793924508
0.68,0.2270756918972991,0.24313142752622532,0.23174391463821273,0.25441813937979324,0.4933990342459831,0.24159241747342136,0.49338300763441045
0.685,0.2314104701567189,0.2473056584427039,0.23607869289763253,0.25810270090030013,0.49592606945057716,0.24576543732205314,0.4959097704251745
0.6900000000000001,0.23607869289763253,0.2515339614372626,0.24008002667555853,0.2630876958986329,0.49842907262047076,0.249963053777444,0.49842393093394455
0.6950000000000001,0.23941313771257086,0.25576026176226296,0.24474824941647216,0.26708902967655884,0.5009681238424157,0.2541846964066776,0.5009255520148641
0.7000000000000001,0.24374791597199066,0.25998956609160023,0.2484161387129043,0.27144048016005334,0.5034330762906954,0.25842978980830666,0.5034146962085906
0.705,0.24808269423141047,0.26428228829029077,0.2527509169723241,0.27577525841947315,0.50587933715643,0.2626977538444792,0.5058914257438583
0.71,0.2507502500833611,0.2685095899500701,0.2570690230076692,0.28009336445481825,0.5083816727698026,0.26698800387325566,0.5083558025390349
0.715,0.25541847282427477,0.2727933001357477,0.2614204734911637,0.2847615871957319,0.5108826732701366,0.27129995098100557,0.5108078882036684
0.72,0.26175391797265757,0.27715711710376595,0.2657385795265088,0.2887629209736579,0.5133512972792733,0.27563300221477993,0.5132477440400283
0.725,0.26608869623207737,0.2815065816066151,0.2700733577859286,0.29278092697565855,0.5157935528058913,0.2799865608145443,0.5156754310446375
0.73,0.2697565855285095,0.2858880888224003,0.2744248082694231,0.29709903301100365,0.5182211220890787,0.2843600264451708,0.5180910099097975
0.735,0.2750916972324108,0.2902599164686526,0.2790930310103368,0.30145048349449816,0.5206393455809936,0.28875279542808013,0.5204945410251058
0.74,0.28009336445481825,0.2947308762580526,0.2830943647882628,0.30576858952984326,0.5230629095250647,0.29316426097243226,0.5228860844789656
0.745,0.28609536512170725,0.2991748000084115,0.2877459153051017,0.3111037012337446,0.5254046977954947,0.29759381340575564,0.5252657000600875
0.75,0.2914304768256085,0.3036247317674458,0.2914304768256085,0.31510503501167053,0.5277444833963687,0.3020408404039196,0.5276334472589853
0.755,0.294431477159053,0.30802192656144023,0.2960986995665222,0.3194398132710904,0.5301056308058644,0.3065047272203422,0.529989385269462
0.76,0.2977659219739913,0.3124978930247356,0.300433477825942,0.324108036012004,0.5324447488502179,0.3109848569143393,0.5323335729900908
0.765,0.302434144714905,0.3169611759141607,0.3047682560853618,0.3281260420140047,0.534778526442415,0.3154806105785102,0.5346660690256866
0.77,0.30743581193731245,0.3214651797512751,0.30943647882627545,0.33311103701233746,0.5370906084477285,0.31999136756506746,0.5369869316887719
0.775,0.3104368122707569,0.32601324231867773,0.3144381460486829,0.33744581527175727,0.5393890055443903,0.32451650571101254,0.5392962190010342
0.78,0.31610536845615206,0.33058266669470454,0.3187729243081027,0.3421140380126709,0.5417050928888212,0.3290554015620624,0.5415939886947765
0.785,0.32277425808602866,0.33513974127511953,0.3231077025675225,0.34679893297765924,0.5439153725249086,0.33360743059523645,0.5438802982143608
0.79,0.326108702900967,0.33967445271213165,0.32777592530843613,0.351783927975992,0.546159697543493,0.33817196744000827,0.5461552047176441
0.795,0.33111037012337446,0.3442769211358737,0.3324274758252751,0.3561187062354118,0.5483599638317871,0.34274838609793845,0.5484187650774077
0.8,0.3347782594198066,0.3488109650163663,0.3371123707902634,0.361137045681894,0.5506246493242162,0.3473360601606937,0.5506710358827784
0.805,0.33811270423474493,0.35342411434442034,0.34176392130710237,0.3654718239413138,0.5528633001123834,0.3519343630263715,0.5529120734406436
0.81,0.3451150383461154,0.3580038858464996,0.346432144048016,0.3697899299766589,0.5550415370355347,0.35654266811404073,0.5551419337770589
0.8150000000000001,0.3504501500500167,0.36264440499185396,0.35111703901300434,0.37445815271757255,0.5572988794062492,0.36116034907641853,0.5573606726386489
0.8200000000000001,0.35445148382794267,0.3672144969243997,0.35543514504834944,0.37880960320106705,0.5595335248552983,0.365786780010601,0.5595683454940008
0.8250000000000001,0.35778592864288095,0.371797939987336,0.3601200400133378,0.38312770923641215,0.5617211075697237,0.37042133566676727,0.5617650075350509
0.8300000000000001,0.3614538179393131,0.3764010759675978,0.3651217072357453,0.38779593197732576,0.5639440707796823,0.3750633916547816,0.5639507136784645
0.835,0.36645548516172055,0.38108098094760245,0.3691230410136712,0.3931477159053018,0.5661556855288099,0.37971232464861493,0.5661255185670091
0.84,0.3711237079026342,0.385725505432074,0.3737912637545849,0.3974658219406469,0.5683816527431068,0.3843675125885132,0.5682894765709203
0.845,0.3757919306435478,0.3903987348468844,0.37879293097699235,0.4021340446815605,0.5705438683097904,0.38902833488084193,0.5704426417892609
0.85,0.3817939313104368,0.3951120176528649,0.3841113704568189,0.40680226742247416,0.5727020785373568,0.3936941725955342,0.5725850680512733
0.855,0.3847949316438813,0.39967676913325506,0.3887795931977326,0.41115371790596866,0.5748005424564285,0.39836440866107453,0.5747168089177259
0.86,0.3884628209403134,0.40436535234801396,0.3934478159386462,0.41613871290430143,0.5769106886145892,0.40303842805695544,0.5768379176822511
0.865,0.3927975991997332,0.40899352169775677,0.39813271090363456,0.4211403801267089,0.5790462019204927,0.407715618003538,0.5789484473726788
0.87,0.39813271090363456,0.41364772575176023,0.4021340446815605,0.4251417139046349,0.5811199662483417,0.4123953681492555,0.581048450752361
0.875,0.403134378126042,0.4182979244666481,0.40713571190396797,0.4298099366455485,0.5831967345805291,0.4170770707551044,0.5831379803214916
0.88,0.4064688229409803,0.4229064008990665,0.41213737912637544,0.4338112704234745,0.5852654922344811,0.42176012087635817,0.5852170883184187
0.885,0.41213737912637544,0.42754959027049755,0.41645548516172054,0.438162720906969,0.5873712992752671,0.4264439165414495,0.5872858267209504
0.89,0.41613871290430143,0.43222048323748913,0.421457152384128,0.4424808269423141,0.5894333813640239,0.4311278589279716,0.5893442472476544
0.895,0.4234744914971657,0.4368356352351022,0.4264588196065355,0.4474824941647216,0.5915034741310169,0.43581135253573927,0.5913924013591516
0.9,0.4304768256085362,0.4415522558236795,0.43014338112704237,0.45250083361120375,0.5935508699763433,0.44049380535686644,0.5934303402594009
0.905,0.43514504834944984,0.4461433757865898,0.43546182060686894,0.45715238412804265,0.595590922699959,0.44517462904280747,0.5954581148969812
0.91,0.44148049349783264,0.4507448428755525,0.4401467155718573,0.461837279093031,0.5975982651541165,0.4498532390683193,0.597475775966364
0.915,0.4451483827942648,0.4554047211599724,0.4447982660886962,0.46648882960987,0.5996139520647688,0.4545290548923,0.5994833739091812
0.92,0.4488162720906969,0.4600792856878212,0.4494831610536846,0.4708236078692898,0.6016046056059394,0.45920150011546196,0.6014809589154859
0.925,0.45281760586862285,0.4647768809155938,0.4541347115705235,0.4754918306102034,0.6035718946689267,0.46387000263480105,0.6034685809250071
0.93,0.4574858286095365,0.46944443609998737,0.45881960653551185,0.48016005335111706,0.6055702251100712,0.46853399479482355,0.605446289628399
0.935,0.462487495831944,0.4740619245454188,0.46347115705235076,0.48482827609203066,0.607513815916617,0.4731929135354957,0.6074141344684816
0.9400000000000001,0.4668222740913638,0.478740494412385,0.46782260753584526,0.4894964988329443,0.6094827738709027,0.4778462005368833,0.6093721646414789
0.9450000000000001,0.47215738579526506,0.4833349521578926,0.4724908302767589,0.49416472157385793,0.6114727598555543,0.4824933023604507,0.611320429098247
0.9500000000000001,0.47849283094364786,0.48796846195979143,0.47715905301767253,0.4988329443147716,0.6134300355707493,0.48713367058698803,0.6132589765454988
0.9550000000000001,0.4811603867955985,0.4926403562615626,0.4814938312770924,0.5031677225741914,0.6153542672382285,0.4917667619511426,0.6151878554470215
0.96,0.48682894298099366,0.4972201277636417,0.486162054018006,0.5075025008336113,0.6172568033188248,0.49639203847252794,0.6171071140248879
0.965,0.49383127709236413,0.5018122490613326,0.49083027675891966,0.5121873957985995,0.6191416491516533,0.5010089675833875,0.6190168002606627
0.97,0.4988329443147716,0.50647479757183,0.49516505501833946,0.5171723907969323,0.6210712212712873,0.5056170222527948,0.6209169618966012
0.975,0.5045015005001667,0.5110211912479334,0.49949983327775926,0.5218572857619206,0.6229580697736756,0.5102156811073664,0.622807646436843
0.98,0.5081693897965989,0.5156760628584572,0.5045015005001667,0.5261753917972658,0.6248609396325309,0.5148044285484774,0.6246889011486004
0.985,0.5111703901300434,0.5202551668040168,0.5088362787595865,0.5308436145381794,0.6267367734523455,0.5193827548659598,0.6265607730633391
0.99,0.5148382794264755,0.5248165805018095,0.5138212737579193,0.5358452817605869,0.6285885752374585,0.523950156348273,0.6284233089779543
0.995,0.5201733911303767,0.5292805309477533,0.5185061687229077,0.5401800600200066,0.6304043289705181,0.5285061353891363,0.6302765554559411
1.0,0.5255085028342781,0.5337504894023739,0.5228409469823274,0.5445148382794265,0.6322240880426945,0.5330502005906137,0.6321205588285577
1.0050000000000001,0.5305101700566855,0.5382244531961107,0.5275091697232411,0.5488662887629209,0.6340672115930541,0.5375818668626449,0.6339553651959846
1.01,0.5381793931310437,0.5426516880334817,0.532494164721574,0.5531843947982661,0.6359373711824536,0.5421006555190166,0.6357810204284766
1.0150000000000001,0.5421807269089697,0.5470775877578153,0.5365121707235745,0.5578526175391797,0.6377778245067346,0.5466060943697749,0.6375975701675097
1.02,0.5471823941313771,0.5515762511427733,0.5408469489829943,0.5618539513171057,0.6395535248486242,0.5510977178100697,0.6394050598269216
1.025,0.5525175058352785,0.5559834592845599,0.545515171723908,0.5662054018006002,0.6413305603035497,0.5555750669054434,0.6412035345940483
1.03,0.5565188396132044,0.560423377695802,0.5498499499833278,0.5708736245415138,0.6430848988368157,0.5600376894735559,0.6429930394308526
1.035,0.563187729243081,0.564862628550525,0.5545181727242414,0.5755251750583528,0.644861934291745,0.5644851401623564,0.6447736190750485
1.04,0.5688562854284761,0.5692885282748565,0.559186395465155,0.5798766255418473,0.6466346306292954,0.5689169805247076,0.6465453180412198
1.045,0.5745248416138713,0.5736610234776285,0.5635211737245749,0.5848616205401801,0.6483996500668733,0.5733327790894678,0.6483081806219331
1.05,0.5785261753917973,0.5779637590241125,0.5681727242414139,0.588862954318106,0.6501663383957479,0.5777321114290446,0.6500622508888447
1.055,0.5841947315771924,0.5823549458094299,0.5718572857619206,0.5935478492830943,0.651900650233427,0.5821145602234263,0.6518075726938024
1.06,0.5875291763921308,0.5867281085687214,0.5765255085028342,0.5978659553184394,0.6536092611451064,0.586479715320713,0.6535441896699425
1.065,0.5925308436145382,0.5910398561282184,0.5808602867622541,0.6018672890963654,0.6553328920784741,0.5908271737941492,0.6552721452327799
1.07,0.5961987329109704,0.595334580996468,0.5855118372790931,0.6058852950983661,0.6570348274249572,0.5951565399956895,0.6569914825812934
1.075,0.6032010670223408,0.5996423232168484,0.5895298432810937,0.610536845615205,0.6587220765280122,0.5994674256061017,0.6587022446990063
1.08,0.6102034011337112,0.6038939906895887,0.5938646215405136,0.6148716238746249,0.6604343590005465,0.6037594496816368,0.6604044743550609
1.085,0.6152050683561187,0.608217754266437,0.5985161720573525,0.6188729576525509,0.6621149325384075,0.6080322386972823,0.6620982141052869
1.09,0.6192064021340447,0.61246708529136,0.6025341780593532,0.6232077359119707,0.6638162003283703,0.6122854265866224,0.6637835062932667
1.095,0.6262087362454152,0.6166807020424906,0.6071857285761921,0.6272257419139713,0.6655081223270612,0.6165186547783279,0.6654603930513924
1.1,0.6302100700233411,0.6208786312154099,0.6111870623541181,0.6315438479493164,0.6671983754344543,0.6207315722293061,0.6671289163019205
1.105,0.6335445148382794,0.6250638768144622,0.6155218406135379,0.6358786262087363,0.6688489089289356,0.624923835454531,0.668789117758019
1.11,0.6372124041347116,0.6292254241570672,0.6195398466155385,0.6395465155051684,0.6704934344147422,0.6290951085535881,0.670441038924811
1.115,0.640213404468156,0.6333592679041172,0.6238579526508837,0.6435478492830944,0.6721443016874831,0.6332450632339577,0.6720847211004115
1.12,0.6445481827275759,0.6375271570336579,0.6278759586528843,0.6478826275425141,0.6737718044820415,0.637373378831075,0.6737202053769605
1.125,0.6518839613204401,0.6416172758286803,0.6318772924308103,0.6518839613204401,0.6754129921852507,0.6414797423251908,0.6753475326416503
1.1300000000000001,0.65621873957986,0.6456796910281397,0.6358786262087363,0.6555685228409469,0.6770455016537041,0.6455638483550736,0.6769667435777471
1.135,0.6622207402467489,0.6497033879494708,0.6398799599866623,0.6592197399133044,0.6786402941788067,0.6496253992285819,0.6785778786656087
1.1400000000000001,0.6672224074691564,0.6536816910274722,0.6438812937645882,0.6632210736912304,0.68024810405604,0.6536641049301488,0.6801809781836962
1.145,0.6708902967655885,0.6576796870228004,0.6478826275425141,0.6672224074691564,0.6818539112637139,0.6576796831252074,0.6817760822095809
1.1500000000000001,0.677892630876959,0.6615835575488787,0.6515505168389463,0.67189063021007,0.6834647251452857,0.6616718591616046,0.6833632306209468
1.155,0.6808936312104035,0.6655705388616344,0.6555518506168723,0.6755585195065021,0.6850354856356852,0.6656403660680341,0.6849424630965867
1.16,0.6848949649883295,0.6695151303354041,0.6598866288762921,0.6792264088029343,0.6866169270303982,0.6695849445495332,0.6865138191173947
1.165,0.6892297432477492,0.6734210035310398,0.6635545181727243,0.6835611870623541,0.6881746701686678,0.6735053429800839,0.6880773379673533
1.17,0.6952317439146383,0.6772958353485199,0.667889296432144,0.6875625208402801,0.6897487684416658,0.6774013173923583,0.689633058734515
1.175,0.6965655218406135,0.6811569822573483,0.6712237412470824,0.6912470823607869,0.6912858173278315,0.6812726314646542,0.6911810203119801
1.18,0.699566522174058,0.6849981024705936,0.6752250750250083,0.694914971657219,0.6928565778182316,0.6851190565050599,0.6927212613988687
1.185,0.7032344114704902,0.6888051773013426,0.6792097365788596,0.6982494164721573,0.6943862835826831,0.6889403714329003,0.6942538205012883
1.19,0.7062354118039347,0.6925955632191052,0.6828942980993664,0.7025675225075025,0.6958639199386107,0.6927363627574993,0.6957787359332959
1.195,0.7102367455818607,0.6963542402021888,0.6865621873957986,0.7065688562854284,0.6973746003422562,0.6965068245543156,0.6972960458178572
1.2,0.713571190396799,0.700033477959454,0.6902300766922308,0.7099199733244415,0.6988789389589652,0.7002515584384887,0.6988057880877978
1.205,0.7165721907302434,0.7038138505294228,0.6938979659886629,0.7139046348782928,0.7003539050888171,0.7039703735358518,0.7003080004867537
1.21,0.7189063021007003,0.7074690562519835,0.6975491830610204,0.717572524174725,0.701852569475111,0.7076630864514494,0.7018027205701126
1.215,0.7215738579526508,0.7110902165920495,0.7009003001000333,0.7212404134711571,0.703352568974442,0.7113295212356194,0.7032899857059547
1.22,0.7249083027675892,0.7147026986973625,0.7048849616538847,0.7249083027675892,0.7048408862346839,0.7149695093476796,0.7047698330759857
1.225,0.7285761920640214,0.7183455546243137,0.7085528509503168,0.7282427475825275,0.706303168790664,0.7185828896172739,0.7062422996764672
1.23,0.731243747915972,0.7219066348776243,0.7122374124708236,0.7322607535845281,0.7077594433379697,0.7221695082034251,0.7077074223191406
1.235,0.7329109703234411,0.7254516937744695,0.7155718572857619,0.7355785261753918,0.7092334081330416,0.7257292185513495,0.7091652376321484
1.24,0.737245748582861,0.7289954175582722,0.719239746582194,0.7392630876958985,0.7106860111194885,0.7292618813470773,0.7106157820609493
1.245,0.7415805268422807,0.732526123989946,0.7222407469156386,0.7425808602867623,0.7121099091755968,0.7327673644699385,0.7120590918692298
1.25,0.7445815271757252,0.7360241201521633,0.7259086362120707,0.7462654218072691,0.7135868779750064,0.7362455429429594,0.7134952031398099
1.2550000000000001,0.7485828609536512,0.7395297932143547,0.729243081027009,0.7499166388796266,0.7150164502615316,0.7396962988812252,0.7149241517755465
1.26,0.7515838612870956,0.742982395533246,0.7325775258419474,0.7535845281760587,0.7164687194697192,0.7431195214382614,0.7163459735002295
1.2650000000000001,0.754918306102034,0.7463071607786511,0.7359119706568856,0.7562520840280094,0.717870921938944,0.7465151067504843,0.7177607038594767
1.27,0.7585861953984662,0.749682994097799,0.7392464154718239,0.7599199733244415,0.7193375436123021,0.7498829578797755,0.7191683782216203
1.2750000000000001,0.7619206402134044,0.7529964108823729,0.7422474158052684,0.7632544181393798,0.7207217220554993,0.7532229847542339,0.7205690317785927
1.28,0.7659219739913304,0.7562834591844264,0.7462320773591198,0.7669223074358119,0.7221349392072969,0.7565351041071537,0.7219626995468058
1.285,0.7699233077692564,0.7595364621039841,0.7492497499166388,0.7699399799933311,0.7235271283287293,0.7598192394142913,0.7233494163680265
1.29,0.7715905301767255,0.7627570885323464,0.7525841947315772,0.7732577525841947,0.7249316672457716,0.7630753208294616,0.7247292169102477
1.295,0.7749249749916639,0.7659900647563205,0.7559186395465155,0.7762587529176392,0.7263098376802939,0.766303285118529,0.7261021356685544
1.3,0.7789263087695899,0.769170971571771,0.7592364121373791,0.7795931977325775,0.7276759920974663,0.7695030755918394,0.7274682069659875
1.305,0.7812604201400467,0.7722504097962595,0.7622540846948983,0.782594198066022,0.7290625069884834,0.7726746420351488,0.7288274649544001
1.31,0.7842614204734911,0.7753171644468755,0.764921640546849,0.7855951983994665,0.7304193156143816,0.775817940639102,0.7301799436153131
1.315,0.7875958652884295,0.7783762421975162,0.7679226408802934,0.788596198732911,0.7317874727011107,0.7789329339273139,0.7315256767607634
1.32,0.7909303101033678,0.781450339969846,0.7712570856952318,0.7909469823274424,0.7331155763966709,0.7820195906831078,0.7328646980341497
1.325,0.7945981993997999,0.7845304457508523,0.7742414138046015,0.7942814271423807,0.7344530258835033,0.7850778858749621,0.7341970409110734
1.33,0.7972657552517506,0.7875164260626101,0.7769256418806268,0.7975991997332444,0.7357761229051663,0.7881078005807196,0.735522738700176
1.335,0.8002667555851951,0.7905137548351958,0.7802600866955652,0.8002667555851951,0.7371225844050112,0.7911093219106118,0.7368418245439713
1.34,0.8036012004001334,0.7934713639948717,0.7835778592864289,0.8029343114371457,0.7384410085310391,0.7940824429291493,0.738154331419674
1.345,0.8079359786595531,0.7964032722285482,0.7862620873624542,0.8056018672890963,0.7397694460048583,0.7970271625759325,0.7394602921400244
1.35,0.8109369789929977,0.7992971297406121,0.7892630876958986,0.808269423141047,0.7410791918961316,0.7999434855854348,0.7407597393541085
1.355,0.8156052017339113,0.8021876494700767,0.7922640880293431,0.8116038679559854,0.7423582301875075,0.8028314224058049,0.7420527055481743
1.36,0.8182727575858619,0.8050344442475152,0.7952650883627876,0.8146048682894298,0.743610899996361,0.8056909891167475,0.7433392230464442
1.365,0.8209403134378126,0.8078859119205908,0.7979326442147382,0.8172890963654551,0.7448762533790869,0.808522207346527,0.7446193240119223
1.37,0.8236078692897633,0.810659275480882,0.8009336445481827,0.8199566522174058,0.7461219138444893,0.8113251041881476,0.7458930404471997
1.375,0.8256085361787262,0.8134212905803436,0.8035845281760587,0.8226075358452818,0.747381592996799,0.8140997121147581,0.7471604041952535
1.3800000000000001,0.8272757585861954,0.8160951882192297,0.806268756252084,0.8252750916972325,0.7486292561317576,0.8168460688943343,0.7484214469402435
1.385,0.8306102034011337,0.818797123231934,0.8086028676225409,0.827942647549183,0.7499186415491861,0.8195642175036846,0.7496762002083039
1.3900000000000001,0.8332777592530843,0.8214723559838594,0.8116038679559854,0.8306102034011337,0.7511773193667162,0.822254206041831,0.7509246953683318
1.395,0.8369456485495165,0.8240888437620666,0.8142547515838613,0.8332777592530843,0.7524072922539059,0.8249160876428107,0.7521669636327712
1.4000000000000001,0.837945981993998,0.8267306986880173,0.8169389796598866,0.8359619873291096,0.753652952719308,0.8275499203879494,0.7534030360583935
1.405,0.8429476492164054,0.8293345028923552,0.8196065355118373,0.8386128709569857,0.7549153020976966,0.8301557672176505,0.7546329435470737
1.41,0.843947982660887,0.831933300422796,0.8222740913637879,0.8412804268089363,0.7561088931545749,0.83273369584275,0.7558567168465629
1.415,0.8469489829943314,0.8344753556490808,0.8252750916972325,0.8436312104034678,0.7572881317462845,0.8352837786554812,0.7570743865512576
1.42,0.8499499833277759,0.8368942466975149,0.8272757585861954,0.8466155385128377,0.7584893997031383,0.837806092640095,0.7582859831029636
1.425,0.8516172057352451,0.8393849000717962,0.8299433144381461,0.8486162054018006,0.7597020161208223,0.8403007192831831,0.7594915367916579
1.43,0.8549516505501834,0.8418735507765183,0.831943981327109,0.8509503167722574,0.7608912680603235,0.8427677444837458,0.7606910777562454
1.435,0.8566188729576526,0.844320479198772,0.834594864954985,0.8533011003667889,0.7620718417650726,0.8452072584630503,0.761884635985313
1.44,0.8576192064021341,0.8467059924212312,0.8369456485495165,0.8556352117372457,0.7632227092047027,0.847619355674321,0.7630722413178782
1.445,0.8599533177725909,0.8491172065696913,0.8392797599199733,0.8582860953651217,0.7643902655573219,0.850004134712306,0.7642539234441365
1.45,0.8612870956985662,0.851458661061861,0.8416138712904302,0.8606202067355785,0.7656209060010309,0.8523616982227611,0.7654297119062023
1.455,0.8616205401800601,0.8537326923455636,0.843947982660887,0.8629543181060353,0.76681649972747,0.8546921528118927,0.7665996360988487
1.46,0.8632877625875292,0.8560294205509296,0.8466155385128377,0.8653051017005668,0.7679997436582962,0.8569956089557991,0.7677637252702412
1.465,0.8662887629209737,0.8582804211347077,0.8482827609203067,0.8679559853284429,0.7691519462109652,0.859272180909952,0.7689220085226698
1.47,0.8679559853284429,0.8605260812663266,0.8506168722907635,0.8699733244414805,0.7702968056419207,0.8615219866187558,0.7700745148132762
1.475,0.8706235411803934,0.8627730765109891,0.8529509836612204,0.8723074358119373,0.7714493419728496,0.8637451476252235,0.7712212729547776
1.48,0.8729576525508503,0.8649733427992854,0.855618539513171,0.8742914304768256,0.7725891947299076,0.8659417889808082,0.7723623116161873
1.485,0.8746248749583194,0.8671522472789561,0.8579526508836278,0.8763087695898633,0.7737036803392249,0.8681120391554245,0.7734976593235312
1.49,0.8766255418472825,0.8692540489806239,0.8602700900300101,0.8783094364788262,0.7748391939789071,0.8702560299476982,0.7746273444605613
1.495,0.8802934311437146,0.8713478400040591,0.8622874291430477,0.8806268756252084,0.7759984058750318,0.8723738963954811,0.7757513952694647
1.5,0.8816272090696899,0.8734322852362204,0.8646048682894298,0.8822940980326776,0.7771158954886858,0.8744657766866598,0.7768698398515702
1.5050000000000001,0.8836278759586529,0.8755294140422513,0.8662887629209737,0.8846282094031344,0.7782320499893021,0.8765318120703005,0.7779827061680507
1.51,0.8846282094031344,0.8775671303180453,0.8686228742914305,0.8862954318106036,0.779388591659349,0.8785721467681554,0.7790900220406218
1.5150000000000001,0.8886295431810604,0.8795851536765167,0.8702900966988997,0.888646215405135,0.7804576834253389,0.8805869278865701,0.7801918151522383
1.52,0.8902967655885295,0.8815491049569076,0.8722907635878626,0.8906302100700233,0.7815548125651507,0.8825763053288167,0.7812881130477852
1.5250000000000001,0.8929643214404802,0.8835270749242075,0.8746248749583194,0.8926308769589864,0.7826556132658179,0.8845404317078894,0.7823789431347672
1.53,0.8949649883294432,0.8854606523829596,0.8766088696232078,0.8946315438479493,0.7837450655056527,0.8864794622597888,0.783464332683993
1.5350000000000001,0.8969656552184061,0.8873701978070102,0.8786262087362454,0.8966322107369123,0.7848198315020589,0.8883935547573263,0.7845443088302579
1.54,0.9003001000333445,0.8892547098615796,0.8802934311437146,0.8982994331443814,0.7859036095114796,0.8902828694244757,0.785618898573022
1.545,0.9019673224408136,0.8911312112379135,0.8822774258086029,0.8999666555518506,0.7869500043558062,0.8921475688513005,0.7866881287770848
1.55,0.9033011003667889,0.892986684583885,0.8842780926975659,0.9019673224408136,0.7880478010521355,0.8939878179094843,0.7877520261732569
1.555,0.9043014338112704,0.8947630524822936,0.8862787595865289,0.9036345448482828,0.7890995363486194,0.8958037836684882,0.7888106173590288
1.56,0.9073024341447149,0.8965457621676363,0.8876292097365789,0.905301767255752,0.790121231601727,0.8975956353123637,0.7898639287992353
1.565,0.9096365455151717,0.8982914224661478,0.8899633211070357,0.9073024341447149,0.7911829802460022,0.899363544057242,0.790911986826717
1.57,0.9123041013671224,0.9000227302994894,0.8916305435145049,0.9086362120706902,0.7922043417208479,0.9011076830695275,0.7919548176429796
1.575,0.9143047682560853,0.9016792718026474,0.893297765921974,0.9106368789596532,0.7932353827652259,0.9028282273848142,0.7929924473188473
1.58,0.9156385461820606,0.9033648520144022,0.8952817605868624,0.9119706568856285,0.7942784398269566,0.9045253538275505,0.7940249017951165
1.585,0.9176392130710237,0.9050274015262344,0.8966322107369123,0.9139713237745916,0.7953161564365295,0.9061992409314716,0.7950522068832027
1.59,0.9203067689229744,0.9066739296815983,0.8982994331443814,0.9153051017005669,0.7963385192461547,0.9078500688608213,0.7960743882657866
1.595,0.922974324774925,0.9083074404848337,0.8999666555518506,0.9166388796265422,0.7973485322601701,0.9094780193323824,0.797091471497456
1.6,0.9253084361453818,0.9098908845491045,0.9019506502167389,0.9183061020340113,0.7983598803872235,0.9110832755383343,0.7981034820053446
1.605,0.9256418806268756,0.9115427531566241,0.9036345448482828,0.9196565521840613,0.7993892525403027,0.9126660220699576,0.7991104450897679
1.61,0.9273091030343448,0.9130767980384523,0.905301767255752,0.9213071023674558,0.8003725632935365,0.9142264448422011,0.8001123859248556
1.615,0.928976325441814,0.9146165171506946,0.906968989663221,0.9226575525175058,0.8013491984815757,0.9157647310191285,0.8011093295591803
1.62,0.9293097699233077,0.9161018304065995,0.9083027675891964,0.9243081027009002,0.8023468616999793,0.9172810689402631,0.8021013009163853
1.625,0.9296432144048016,0.9175844734364239,0.9096365455151717,0.9253251083694565,0.8033345115705913,0.9187756480478407,0.8030883247958059
1.6300000000000001,0.9303101033677893,0.9190327373054933,0.910970323441147,0.9269756585528509,0.8043241641107599,0.9202486588149904,0.8040704258730906
1.635,0.9316438812937646,0.9204860078484618,0.9129709903301101,0.9283094364788262,0.8052897846162264,0.9217002926748533,0.8050476287008175
1.6400000000000001,0.93297765921974,0.9219436175088075,0.9139713237745916,0.9303101033677893,0.8062544037869144,0.923130741950654,0.8060199577091081
1.645,0.9353117705901968,0.9233358066302383,0.915621873957986,0.9316438812937646,0.8072273674140963,0.9245401997867359,0.8069874372062382
1.6500000000000001,0.9366455485161721,0.9246946179256962,0.9169556518839613,0.9326442147382461,0.8081906514717441,0.9259288600805727,0.8079500913792459
1.655,0.9383127709236412,0.9261024946253363,0.9183061020340113,0.9336445481827276,0.809175297338018,0.9272969174157665,0.8089079442945354
1.6600000000000001,0.9399799933311104,0.9274729881598831,0.9199566522174059,0.9346615538512837,0.8101202235913803,0.9286445669960426,0.8098610198984795
1.665,0.940646882294098,0.9288050971945596,0.9213071023674558,0.9359786595531844,0.8110738280794966,0.9299720045802496,0.810809342018018
1.67,0.9416472157385796,0.9301001568424044,0.9223074358119373,0.9373124374791597,0.8120421188110416,0.9312794264183756,0.8117529343612532
1.675,0.942647549183061,0.9314085676206391,0.9239746582194065,0.938646215405135,0.8129830397252876,0.932567029188586,0.812691820518043
1.68,0.9436478826275425,0.9326625725425333,0.9253084361453818,0.9396632210736912,0.8139396482177408,0.9338350099352913,0.81362602396059
1.685,0.9439813271090364,0.9339055627818559,0.9263087695898633,0.9409803267755918,0.8148705557841934,0.9350835660082533,0.8145555680440291
1.69,0.9449816605535178,0.9351168440865002,0.9276425475158386,0.942647549183061,0.8157897811115542,0.9363128950027311,0.8154804760070107
1.695,0.9453151050350117,0.9363147742607552,0.9289596532177393,0.9436478826275425,0.8167029984302405,0.9375231947006787,0.8164007709722821
1.7,0.9479826608869624,0.9375050275350365,0.9299766588862954,0.944648216072024,0.8176222237576016,0.938714663012992,0.8173164759472653
1.705,0.9489829943314438,0.9386936119180199,0.9309769923307769,0.9456485495165055,0.8185361086328077,0.9398874979228163,0.8182276138246325
1.71,0.9499833277759253,0.9398378037924551,0.9323107702567522,0.946648882960987,0.819441982829778,0.941041897429911,0.8191342073828779
1.715,0.9506502167389129,0.9409766552147352,0.9336445481827276,0.9479826608869624,0.8203201534311908,0.9421780594960799,0.8200362792868878
1.72,0.9516505501833945,0.9421188444196114,0.9349783261087029,0.9489829943314438,0.8212086711586554,0.943296181991667,0.8209338520885068
1.725,0.9519839946648883,0.9432106331072657,0.9359786595531844,0.9499833277759253,0.8220991915556763,0.9443964626431184,0.8218269482271016
1.73,0.9543181060353451,0.9443074284688132,0.9369789929976658,0.9513171057019006,0.8229626759136592,0.9454790989816151,0.8227155900301222
1.735,0.9549849949983328,0.9453821944652201,0.9379793264421474,0.9523174391463821,0.8238261602716406,0.9465442882927726,0.82359979971366
1.74,0.9553184394798266,0.9464352648747435,0.9393131043681227,0.9529843281093698,0.8247063335426118,0.947592227567412,0.8244795993830032
1.745,0.9553184394798266,0.9474779881582153,0.940646882294098,0.9539846615538513,0.8255808325831658,0.9486231134533987,0.8253550110331891
1.75,0.9569856618872957,0.9484816593852954,0.9416305435145049,0.9549849949983328,0.8264476547237458,0.9496371422085492,0.8262260565495548
1.7550000000000001,0.9569856618872957,0.949475984821102,0.9423141047015672,0.9559853284428143,0.8273251577686388,0.9506345096546052,0.8270927577082836
1.76,0.9576525508502834,0.9504766520438435,0.9433144381460487,0.9569856618872957,0.8281779612223095,0.9516154111322704,0.8279551361769495
1.7650000000000001,0.9589863287762588,0.9514412712145308,0.9443147715905301,0.9576525508502834,0.8290534615976437,0.952580041457311,0.8288132135150591
1.77,0.9596532177392464,0.9523892014722286,0.9453151050350117,0.9586528842947649,0.8299199499599638,0.9535285948777139,0.8296670111745905
1.7750000000000001,0.9603201067022341,0.9533468112994608,0.9466322107369124,0.9593364454818273,0.8307577333919446,0.9544612650319013,0.83051655050053
1.78,0.9606535511837279,0.9542787202006933,0.9479826608869624,0.9606535511837279,0.8316148759629921,0.9553782449079958,0.8313618527314045
1.7850000000000001,0.9619873291097032,0.955194607745458,0.94864954984995,0.9610036678892964,0.8324573322906094,0.9562797268041342,0.8322029389998141
1.79,0.962320773591197,0.9560934725989738,0.9496498832944315,0.9620040013337778,0.8332944481660708,0.9571659022898227,0.8330398303329594
1.795,0.9626542180726909,0.9569649676351911,0.9503167722574192,0.9629876625541848,0.8341482529545216,0.9580369621683305,0.833872547653167
1.8,0.9636545515171724,0.9578117630801871,0.9513171057019006,0.9639879959986662,0.8349760230387103,0.9588930964401139,0.8347011117784134
1.805,0.9646548849616539,0.9586595598599607,0.9523174391463821,0.9643381127042348,0.8358174780315504,0.9597344942672679,0.8355255434228451
1.81,0.9646548849616539,0.9595013486310592,0.9529843281093698,0.9653217739246416,0.8366492534548553,0.9605613439389953,0.836345863197296
1.815,0.9659886628876292,0.960314098693559,0.9539846615538513,0.966322107369123,0.8374433119348095,0.961373832838091,0.837162091609803
1.82,0.9659886628876292,0.961113163847408,0.9549849949983328,0.9669889963321107,0.8382664091233628,0.9621721474084295,0.8379742490661193
1.825,0.9666555518506169,0.9618838578491782,0.9553184394798266,0.9676558852950984,0.8390958480988499,0.9629564731234524,0.8387823558702232
1.83,0.9676558852950984,0.9626665678683002,0.9563187729243081,0.968322774258086,0.8398768892266725,0.9637269944556455,0.8395864322248272
1.835,0.9686562187395799,0.9634335903092139,0.9569856618872957,0.9689896632210737,0.8406565952414565,0.9644838948469986,0.8403864982318819
1.84,0.9686562187395799,0.9642156327718169,0.9579859953317773,0.9696565521840613,0.8414579968431265,0.9652273566804396,0.8411825738930794
1.845,0.9696565521840613,0.9649299182476904,0.9589863287762588,0.970323441147049,0.8422523891013386,0.9659575612522333,0.8419746791103522
1.85,0.9699899966655552,0.965670572206085,0.9596532177392464,0.9709903301100367,0.8430267546639666,0.966674688745337,0.8427628336863724
1.855,0.9706568856285428,0.9663952048080106,0.9603201067022341,0.9719906635545181,0.8438274887091172,0.9673789182037031,0.8435470573250452
1.86,0.9713237745915305,0.9671151645142992,0.9613204401467156,0.9726575525175059,0.8445781560153028,0.9680704275075186,0.8443273696320027
1.865,0.972324108036012,0.9678171001945615,0.9623041013671224,0.9733244414804935,0.8453445108996969,0.9687493933493739,0.845103790115093
1.87,0.9729909969989997,0.9684966727314187,0.9629876625541848,0.9739913304434812,0.8461305587014154,0.9694159912113475,0.8458763381848686
1.875,0.9736578859619873,0.969145537668379,0.9636378792930977,0.9746582194064688,0.8468832286771596,0.9700703953429989,0.8466450331550716
1.8800000000000001,0.9739913304434812,0.9697913986010006,0.9643214404801601,0.9753251083694565,0.8476318933137873,0.97071277874026,0.8474098942431161
1.885,0.9739913304434812,0.9704379270901413,0.9649883294431477,0.9756585528509503,0.8483735486069598,0.9713433131252095,0.8481709405705694
1.8900000000000001,0.9739913304434812,0.9710697693358541,0.9653217739246416,0.976325441813938,0.8491489155043672,0.9719621689267264,0.8489281911636292
1.895,0.9749916638879627,0.9717019453598282,0.9663054351450484,0.9769923307769256,0.8499049232627097,0.9725695152620052,0.8496816649535996
1.9000000000000001,0.9753251083694565,0.9723164311360358,0.9666555518506169,0.9776592197399133,0.8506375665428677,0.9731655199189251,0.8504313807773649
1.905,0.9753251083694565,0.9729365911426597,0.9676558852950984,0.9783261087029009,0.8513902365186121,0.9737503493392613,0.8511773573778596
1.9100000000000001,0.9759919973324441,0.973489661719073,0.968322774258086,0.9786762254084694,0.8521345620378645,0.9743241686027261,0.8519196134045376
1.915,0.9773257752584195,0.9740701021127852,0.9686562187395799,0.9793264421473825,0.8528575257484902,0.9748871414118279,0.852658167413838
1.92,0.9783261087029009,0.9746548816238735,0.9693231077025676,0.9796765588529509,0.853582825906934,0.975439430077537,0.8533930378696498
1.925,0.9793264421473825,0.9752156291002599,0.9699899966655552,0.980326775591864,0.8543004491654042,0.975981195505747,0.8541242431437727
1.93,0.9793264421473825,0.9757483392028274,0.9706568856285428,0.9806768922974324,0.855056123145486,0.9765125971845163,0.8548518015163763
1.935,0.9799933311103701,0.9762820506401728,0.9709903301100367,0.9813271090363455,0.8558007824429971,0.9770337931720826,0.855575731176458
1.94,0.980326775591864,0.9767757086863469,0.9716572190730244,0.9816605535178393,0.8565027181232584,0.977544940085632,0.856296050222297
1.945,0.9809936645548516,0.9772843867542105,0.972324108036012,0.9823274424808269,0.8572186724904299,0.9780461930908174,0.8570127766619071
1.95,0.9809936645548516,0.977795735048152,0.9729909969989997,0.9826608869623208,0.8579336255228219,0.9785377058920063,0.8577259284134864
1.955,0.9813271090363455,0.9782713690682996,0.9733244414804935,0.9829943314438147,0.8586068562727447,0.9790196307232517,0.858435523305866
1.96,0.9819939979993331,0.9787463355319271,0.9739913304434812,0.983344448149383,0.8593178039660186,0.9794921183399687,0.8591415790789549
1.965,0.9826608869623208,0.979205948195607,0.9746582194064688,0.9839946648882961,0.8600377636723074,0.9799553180113086,0.8598441133841846
1.97,0.9833277759253084,0.9796698999766643,0.9749916638879627,0.98432810936979,0.8607230104395815,0.9804093775132123,0.8605431437849491
1.975,0.9833277759253084,0.980128845083826,0.9756418806268756,0.9846615538512837,0.8614092585416353,0.9808544431221368,0.8612386877570448
1.98,0.9839946648882961,0.9805774430649355,0.9759919973324441,0.9849949983327776,0.8620928364176126,0.9812906596094351,0.8619307626891072
1.985,0.9839946648882961,0.9810120223591346,0.976325441813938,0.9853284428142715,0.8627941045413554,0.9817181702363835,0.8626193858830458
1.99,0.98432810936979,0.9814412612011788,0.9769923307769256,0.9859953317772591,0.8634776824173297,0.9821371167498377,0.8633045745544762
1.995,0.9846615538512837,0.9818701662649622,0.9776592197399133,0.9860120040013337,0.8641529158368113,0.9825476393785078,0.8639863458331508
2.0,0.9849949983327776,0.9822696988418889,0.9779926642214072,0.9863454484828276,0.8648308194823696,0.982949876829839,0.8646647167633873
2.005,0.9859953317772591,0.9826882567796215,0.9783261087029009,0.9869956652217405,0.8655023813409946,0.9833439662874862,0.8653397043044941
2.0100000000000002,0.9863287762587529,0.9830777760087541,0.9786595531843948,0.9873291097032344,0.8661789498735148,0.9837300434093658,0.8660113253311951
2.015,0.9863287762587529,0.9834692979074459,0.9793264421473825,0.9876625541847283,0.8668541832929954,0.9841082423262771,0.8666795966340506
2.02,0.9863287762587529,0.9838578158018005,0.9796598866288763,0.9879959986662221,0.8674843566474101,0.9844786956410768,0.8673445349198783
2.025,0.9863287762587529,0.9842219678831935,0.9799766588862955,0.9883294431477159,0.8681599238451525,0.9848415344283958,0.8680061568121697
2.0300000000000002,0.9866622207402468,0.9845874550776241,0.980326775591864,0.9886628876292097,0.8688211385777234,0.9851968882348836,0.868664478851507
2.035,0.9873291097032344,0.9849412600329621,0.9806602200733577,0.9889963321107036,0.8694429674756449,0.9855448850799705,0.8693195174959749
2.04,0.9876625541847283,0.9852833827492085,0.9809936645548516,0.9893297765921975,0.8701065186560353,0.9858856514571334,0.8699712891215741
2.045,0.9876625541847283,0.9856131556698442,0.9813271090363455,0.9893464488162721,0.8707520458103987,0.9862193123356504,0.8706198100226289
2.05,0.9879959986662221,0.9859425948122196,0.9819773257752584,0.9896632210736912,0.8714159307690482,0.9865459911628383,0.8712650964121957
2.055,0.9883294431477159,0.986273035289375,0.9823107702567523,0.9899966655551851,0.8720504432408401,0.9868658098667518,0.8719071644224681
2.06,0.9886628876292097,0.9865921273056988,0.9823274424808269,0.9903301100366789,0.8727270117733604,0.98717888885934,0.8725460301051793
2.065,0.9889963321107036,0.9869128882133206,0.98297765921974,0.9906635545181727,0.8733845549450749,0.9874853470400434,0.8731817094320049
2.07,0.9893297765921975,0.9872329815644233,0.9833277759253084,0.9909969989996665,0.874022071421204,0.9877853017998203,0.8738142182949612
2.075,0.9896632210736912,0.9875333819981998,0.9836612204068023,0.991347115705235,0.8746572514495148,0.9880788690255904,0.8744435725068028
2.08,0.9896632210736912,0.9878344499884955,0.9839946648882961,0.9916638879626543,0.8752914301430474,0.9883661631050852,0.8750697878014175
2.085,0.9896632210736912,0.988122834404922,0.98432810936979,0.991997332444148,0.8759302817322141,0.9886472969320906,0.8756928798342206
2.09,0.9903301100366789,0.9884112188213481,0.9846615538512837,0.991997332444148,0.8765654617605257,0.9889223819120728,0.8763128641825452
2.095,0.9906635545181727,0.9886842494378254,0.9849949983327776,0.9923307769256419,0.8772033120149152,0.9891915279681723,0.8769297563460323
2.1,0.9913304434811604,0.9889486018195502,0.9853284428142715,0.9923474491497165,0.8778231382432774,0.9894548435475585,0.8775435717470181
2.105,0.991997332444148,0.9892152906490934,0.9853284428142715,0.9926642214071357,0.8784359551281851,0.9897124356281312,0.8781543257309197
2.11,0.991997332444148,0.9894953306090277,0.9859953317772591,0.9929976658886296,0.8790387586652999,0.9899644097255562,0.8787620335666183
2.115,0.9923307769256419,0.9897613518820525,0.9863121040346783,0.9933311103701233,0.879644232428493,0.990210869900628,0.8793667104468418
2.12,0.9926642214071357,0.9900126869116473,0.9866622207402468,0.9936645548516172,0.8802500399699471,0.9904519187669439,0.8799683714885432
2.125,0.9926642214071357,0.9902630206064635,0.9869789929976659,0.9936645548516172,0.8808174630115272,0.9906876574988824,0.8805670317332803
2.13,0.9926642214071357,0.9904929938274348,0.9869956652217405,0.9936812270756918,0.8813992385182775,0.990918185839872,0.8811627061475904
2.1350000000000002,0.9926642214071357,0.9907212981571073,0.9873291097032344,0.9939979993331111,0.8819736709033142,0.9911436021109418,0.8817554096233646
2.14,0.9929976658886296,0.9909465984824423,0.9876625541847283,0.9940146715571857,0.8825430966144543,0.9913640032195423,0.8823451569782208
2.145,0.9929976658886296,0.9911638881295429,0.9879959986662221,0.9943314438146049,0.8831195316690474,0.9915794846686268,0.8829319629558736
2.15,0.9929976658886296,0.9913868520070596,0.9883294431477159,0.9943314438146049,0.883688289823668,0.991790140565981,0.883515842226503
2.1550000000000002,0.9929976658886296,0.9915827798455358,0.9886462154051351,0.9946648882960987,0.8842754057825747,0.9919960636337949,0.8840968093871213
2.16,0.9933311103701233,0.9917917250361428,0.9886628876292097,0.9946815605201733,0.8848578488458443,0.9921973452184614,0.8846748789619375
2.165,0.9933311103701233,0.9919956635528536,0.9889963321107036,0.9949983327775925,0.8854216003265685,0.9923940753005966,0.8852500654027212
2.17,0.9933311103701233,0.9921935940608884,0.9889963321107036,0.9950150050016672,0.8860047109463575,0.9925863425052701,0.8858223830891635
2.1750000000000003,0.9936645548516172,0.9923885205645854,0.9893297765921975,0.9953317772590864,0.8865564464097303,0.9927742341124338,0.8863918463292363
2.18,0.9936645548516172,0.99257343372049,0.9896632210736912,0.9953317772590864,0.8871181952208957,0.992957836067545,0.8869584693595501
2.185,0.9936645548516172,0.9927673588894076,0.9896632210736912,0.9956652217405801,0.8877069800711004,0.9931372329923678,0.8875222663457104
2.19,0.9939979993331111,0.9929425924757788,0.9899966655551851,0.9956652217405801,0.8882690626605269,0.9933125081959508,0.8880832513826711
2.195,0.9953317772590864,0.9931214976230074,0.9899966655551851,0.995998666222074,0.8888221332369389,0.9934837436857653,0.8886414384950874
2.2,0.9953317772590864,0.9932900556441837,0.9903301100366789,0.995998666222074,0.8893762051481298,0.9936510201790003,0.8891968416376661
2.205,0.9956652217405801,0.9934602825566585,0.9906635545181727,0.995998666222074,0.8899162583724113,0.9938144171140035,0.8897494746955148
2.21,0.9956652217405801,0.9936258365734956,0.9906635545181727,0.9963321107035679,0.8904519724793164,0.9939740126618601,0.8902993514844886
2.215,0.9956652217405801,0.993788386585995,0.9909969989996665,0.9963321107035679,0.8909976999340136,0.9941298837381006,0.8908464857515359
2.22,0.995998666222074,0.9939419245854807,0.9909969989996665,0.9966655551850617,0.8915390882713339,0.9942821060145306,0.891390891175042
2.225,0.9966655551850617,0.9940867843502131,0.9913304434811604,0.9966655551850617,0.8920711308173804,0.9944307539311732,0.8919325813651707
2.23,0.9966655551850617,0.9942376521236215,0.9916638879626543,0.9966655551850617,0.8925988342460514,0.9945759007083178,0.8924715698642051
2.235,0.9966655551850617,0.9943898550100677,0.9916638879626543,0.9966655551850617,0.8931512372659438,0.994717618358665,0.8930078701468855
2.24,0.9966655551850617,0.9945447281225922,0.991997332444148,0.9969989996665555,0.8936756029120155,0.994855977699564,0.8935414956207473
2.245,0.9966655551850617,0.994687585217766,0.991997332444148,0.9969989996665555,0.8942240005927908,0.9949910483653304,0.8940724596264547
2.25,0.9966655551850617,0.99483010853468,0.9923307769256419,0.9973324441480493,0.8947390204475913,0.9951228988196408,0.8946007754381357
2.255,0.9969989996665555,0.9949676251776974,0.9923307769256419,0.9973324441480493,0.8952563767502086,0.9952515963679961,0.8951264562637131
2.2600000000000002,0.9969989996665555,0.9950934595816237,0.9926642214071357,0.9973324441480493,0.8958074446570614,0.9953772071702457,0.8956495152452351
2.265,0.9969989996665555,0.995221296655109,0.9926642214071357,0.9973324441480493,0.8963371507552903,0.9954997962531662,0.896169965459203
2.27,0.9973324441480493,0.9953431257199181,0.992980993664555,0.9976658886295432,0.8968651879622201,0.99561942752309,0.8966878199168998
2.275,0.9976658886295432,0.9954649547847273,0.9929976658886296,0.9976658886295432,0.8973538393344993,0.995736163778573,0.8972030915647136
2.2800000000000002,0.9976658886295432,0.9955817771756397,0.9929976658886296,0.9976658886295432,0.8978628511806239,0.9958500667231005,0.8977157932844626
2.285,0.9976658886295432,0.9957042737969671,0.9933311103701233,0.9976658886295432,0.8983838790440996,0.9959611969778205,0.8982259378937163
2.29,0.9976658886295432,0.9958321108704511,0.9933311103701233,0.9979993331110371,0.8988848802119898,0.9960696140943003,0.8987335381461166
2.295,0.9976658886295432,0.9959522710439622,0.9936645548516172,0.9979993331110371,0.8993705275799317,0.9961753765673022,0.8992386067316963
2.3000000000000003,0.9976658886295432,0.9960610827566404,0.9936645548516172,0.9979993331110371,0.8998865487695102,0.9962785418475695,0.8997411562771963
2.305,0.9976658886295432,0.9961652215736819,0.9936645548516172,0.9983327775925308,0.9003685245765938,0.9963791663546189,0.9002411993463814
2.31,0.9976658886295432,0.9962666901646464,0.9939979993331111,0.9983327775925308,0.900847496379341,0.9964773054895343,0.9007387484403544
2.315,0.9976658886295432,0.9963791734381819,0.9939979993331111,0.9983327775925308,0.9013541717776474,0.9965730136477557,0.9012338159978684
2.32,0.9976658886295432,0.9964783055813281,0.9943314438146049,0.9983327775925308,0.9018555067237974,0.9966663442318595,0.9017264143956385
2.325,0.9979993331110371,0.996582444398371,0.9943314438146049,0.9983327775925308,0.902344825652595,0.996757349664323,0.9022165559486499
2.33,0.9979993331110371,0.9966682254111274,0.9946648882960987,0.9986662220740247,0.9028381499205101,0.9968460814002702,0.9027042529104672
2.335,0.9979993331110371,0.9967660224412347,0.9946648882960987,0.9986662220740247,0.903335145749284,0.996932589940195,0.9031895174735398
2.34,0.9979993331110371,0.9968528047887707,0.9949816605535179,0.9986662220740247,0.9038301389084985,0.9970169248426538,0.9036723617695069
2.345,0.9979993331110371,0.9969365831319686,0.9949983327775925,0.9986662220740247,0.9043191240590378,0.9970991347369268,0.9041527978695013
2.35,0.9979993331110371,0.9970206952534258,0.9949983327775925,0.9989996665555185,0.9047964269704856,0.9971792673356418,0.9046308377844504
2.355,0.9983327775925308,0.997101469592286,0.9949983327775925,0.9989996665555185,0.9052513667385299,0.9972573694473564,0.9051064934653769
2.36,0.9983327775925308,0.9971809088181071,0.9953317772590864,0.9989996665555185,0.905707307841353,0.9973334869890969,0.9055797768036976
2.365,0.9983327775925308,0.9972630182700064,0.9953317772590864,0.9989996665555185,0.9061966267701521,0.9974076649988448,0.9060506996315209
2.37,0.9983327775925308,0.9973361157088927,0.9953317772590864,0.9989996665555185,0.906662914999027,0.9974799476479747,0.9065192737219415
2.375,0.9983327775925308,0.9974042064738824,0.9956652217405801,0.9989996665555185,0.9071562392669423,0.9975503782536324,0.9069855107893365
2.38,0.9983327775925308,0.9974746336866902,0.9956652217405801,0.9989996665555185,0.9076251977218961,0.9976189992910559,0.9074494224896568
2.3850000000000002,0.9986662220740247,0.9975410555603815,0.9956652217405801,0.9989996665555185,0.9081038357463832,0.9976858524058317,0.9079110204207188
2.39,0.9986662220740247,0.9976178245601249,0.9956652217405801,0.9989996665555185,0.908568455083961,0.997750978426086,0.9083703161224952
2.395,0.9986662220740247,0.9976819099859977,0.9959819939979994,0.9989996665555185,0.9089960250347051,0.9978144173746053,0.9088273210774022
2.4,0.9986662220740247,0.997743992742312,0.995998666222074,0.9993331110370124,0.909447293241892,0.9978762084808865,0.9092820467105875
2.4050000000000002,0.9986662220740247,0.9978077443899251,0.995998666222074,0.9993331110370124,0.9098992290055978,0.9979363901931103,0.9097345043902157
2.41,0.9989996665555185,0.9978601475767065,0.995998666222074,0.9993331110370124,0.9103508309910452,0.9979950001900375,0.9101847054277523
2.415,0.9989996665555185,0.9979299072329955,0.9963321107035679,0.9993331110370124,0.9107920858504395,0.9980520753928251,0.9106326610782468
2.42,0.9989996665555185,0.9979859819806337,0.9963321107035679,0.9993331110370124,0.911219322022924,0.9981076519767592,0.9110783825406137
2.4250000000000003,0.9989996665555185,0.9980373838326356,0.9963321107035679,0.9993331110370124,0.9116382137389138,0.9981617653829022,0.9115218809579128
2.43,0.9989996665555185,0.9980854479020403,0.9963321107035679,0.9993331110370124,0.9120774659287494,0.9982144503296534,0.9119631674176274
2.435,0.9989996665555185,0.9981381848670814,0.9963321107035679,0.9996665555185061,0.912503033209935,0.9982657408242188,0.9124022529519423
2.44,0.9989996665555185,0.9981909218321229,0.9966655551850617,0.9996665555185061,0.9129539676388627,0.9983156701739905,0.9128391485380187
2.445,0.9989996665555185,0.9982393196797872,0.9966655551850617,0.9996665555185061,0.913401898063452,0.9983642709978306,0.9132738650982688
2.45,0.9989996665555185,0.9982873837491916,0.9966655551850617,0.9996665555185061,0.913829134235937,0.9984115752372614,0.9137064135006295
2.455,0.9989996665555185,0.9983384518229338,0.9966655551850617,0.9996665555185061,0.9142570379649411,0.9984576141675565,0.9141368045588332
2.46,0.9989996665555185,0.998378838992364,0.9969989996665555,0.9996665555185061,0.9146926185939197,0.9985024184087347,0.9145650490326788
2.465,0.9989996665555185,0.9984242328356909,0.9969989996665555,0.9996665555185061,0.9151165169838062,0.9985460179364513,0.9149911576283004
2.47,0.9989996665555185,0.9984652875616409,0.9969989996665555,0.9996665555185061,0.9155504287214863,0.9985884420927894,0.9154151409984354
2.475,0.9989996665555185,0.998514019187565,0.9969989996665555,0.9996665555185061,0.9159766635591922,0.998629719596947,0.9158370097426897
2.48,0.9989996665555185,0.9985574103613332,0.9969989996665555,0.9996665555185061,0.9164082388490531,0.9986698785558183,0.9162567744078041
2.485,0.9989996665555185,0.9985951273046857,0.9969989996665555,0.9996665555185061,0.916809774095536,0.9987089464744717,0.916674445487917
2.49,0.9989996665555185,0.9986305078002197,0.9973324441480493,0.9996665555185061,0.9172053013333437,0.9987469502665179,0.9170900334248273
2.495,0.9989996665555185,0.9986695598566112,0.9973324441480493,0.9996665555185061,0.9175911490016185,0.9987839162643725,0.917503548608255
2.5,0.9989996665555185,0.9987106145825609,0.9973324441480493,1.0,0.9180087056045705,0.9988198702294078,0.9179150013761012
2.505,0.9989996665555185,0.9987443261867962,0.9973324441480493,1.0,0.9184119097423521,0.9988548373619962,0.9183244020147066
2.5100000000000002,0.9989996665555185,0.998781375573629,0.9973324441480493,1.0,0.9188204543322908,0.9988888423114423,0.9187317607591083
2.515,0.9993331110370124,0.9988184249604617,0.9973324441480493,1.0,0.9192196531309564,0.998921909185803,0.9191370877932963
2.52,0.9993331110370124,0.9988524703429568,0.9976658886295432,1.0,0.9196231910469986,0.9989540615615979,0.9195403932504675
2.525,0.9993331110370124,0.9988828441645945,0.9976658886295432,1.0,0.9200357409760547,0.9989853224934041,0.9199416872132795
2.5300000000000002,0.9993331110370124,0.9989148868775309,0.9976658886295432,1.0,0.9204432842312154,0.9990157145233405,0.920340979714102
2.535,0.9993331110370124,0.998946262033948,0.9976658886295432,1.0,0.920842483029881,0.999045259690438,0.9207382807352684
2.54,0.9993331110370124,0.9989716291816894,0.9976658886295432,1.0,0.9212366751546494,0.9990739795398951,0.9211336002093251
2.545,0.9993331110370124,0.99899799766421,0.9976658886295432,1.0,0.921642883296769,0.9991018951322205,0.9215269480192793
2.5500000000000003,0.9993331110370124,0.9990297065988867,0.9976658886295432,1.0,0.9220367416432782,0.9991290270522605,0.9219183339988468
2.555,0.9993331110370124,0.9990597466422647,0.9979993331110371,1.0,0.9224169150811381,0.9991553954181126,0.9223077679326976
2.56,0.9993331110370124,0.9990857813465256,0.9979993331110371,1.0,0.9228054329754912,0.9991810198899245,0.9226952595567003
2.565,0.9996665555185061,0.999109813381228,0.9979993331110371,1.0,0.9231896117524666,0.9992059196785773,0.9230808185581655
2.57,0.9996665555185061,0.9991388520898267,0.9979993331110371,1.0,0.923587141659833,0.999230113554256,0.9234644545760885
2.575,0.9996665555185061,0.9991645530158278,0.9979993331110371,1.0,0.9239679826542125,0.9992536198549038,0.9238461772013897
2.58,0.9996665555185061,0.9991829108201146,0.9979993331110371,1.0,0.9243561667703051,0.9992764564945624,0.9242259959771545
2.585,0.9996665555185061,0.9992119495287134,0.9979993331110371,1.0,0.9247373415429426,0.9992986409715986,0.9246039203988723
2.59,0.9996665555185061,0.9992313086677793,0.9979993331110371,1.0,0.9251075016330096,0.9993201903768155,0.9249799599146731
2.595,0.9996665555185061,0.9992566758155209,0.9979993331110371,1.0,0.9254860061795703,0.9993411214014513,0.9253541239255645
2.6,0.9996665555185061,0.9992767025111062,0.9983161053684562,1.0,0.9258785294130396,0.9993614503450633,0.9257264217856661
2.605,0.9996665555185061,0.999296395428432,0.9983327775925308,1.0,0.9262396774900932,0.9993811931232999,0.9260968628024441
2.61,0.9996665555185061,0.9993200936848746,0.9983327775925308,1.0,0.9265991566758472,0.9994003652755584,0.9264654562369429
2.615,0.9996665555185061,0.9993437919413175,0.9983327775925308,1.0,0.9269646438702777,0.9994189819725319,0.9268322113040178
2.62,0.9996665555185061,0.9993621497456041,0.9983327775925308,1.0,0.9273441497516172,0.9994370580236428,0.9271971371725645
2.625,0.9996665555185061,0.9993768359890334,0.9983327775925308,1.0,0.9277266596372951,0.9994546078843661,0.9275602429657486
2.63,0.9996665555185061,0.999399199132437,0.9983327775925308,1.0,0.9280741228056982,0.9994716456634417,0.9279215377612339
2.6350000000000002,0.9996665555185061,0.9994148867106456,0.9983327775925308,1.0,0.9284329344349336,0.9994881851299751,0.9282810305914092
2.64,0.9996665555185061,0.9994319094018932,0.9986662220740247,1.0,0.9287860718337533,0.9995042397204301,0.9286387304436139
2.645,0.9996665555185061,0.9994462618670626,0.9986662220740247,1.0,0.929154229254262,0.9995198225455121,0.928994646260363
2.65,0.9996665555185061,0.9994629507800504,0.9986662220740247,1.0,0.9295100368791597,0.999534946396942,0.9293487869395705
2.6550000000000002,0.9996665555185061,0.9994766356887006,0.9986662220740247,1.0,0.9298915454300583,0.9995496237541236,0.9297011613347715
2.66,0.9996665555185061,0.9994943259364677,0.9986662220740247,1.0,0.9302450166071375,0.999563866790704,0.9300517782553447
2.665,0.9996665555185061,0.9995066757320787,0.9986662220740247,1.0,0.9305978202276971,0.9995776873810266,0.9304006464667309
2.67,0.9996665555185061,0.999520026862469,0.9986662220740247,1.0,0.9309566318569323,0.999591097106481,0.9307477746906541
2.6750000000000003,1.0,0.9995357144406776,0.9986662220740247,1.0,0.9313047625818565,0.9996041072617461,0.9310931716053374
2.68,1.0,0.9995514020188863,0.9986662220740247,1.0,0.9316475528546231,0.9996167288609308,0.9314368458457221
2.685,1.0,0.9995627504797179,0.9986662220740247,1.0,0.9319953498012866,0.9996289726436114,0.9317788060036819
2.69,1.0,0.9995761016101082,0.9986662220740247,1.0,0.9323281267262602,0.9996408490807672,0.9321190606282386
2.695,1.0,0.999588785183979,0.9986662220740247,1.0,0.93266757921643,0.9996523683806149,0.9324576182257754
2.7,1.0,0.9996011349795899,0.9986662220740247,1.0,0.9330043614805213,0.9996635404943427,0.9327944872602503
2.705,1.0,0.9996178238925778,0.9989829943314439,1.0,0.9333391410750542,0.9996743751217457,0.9331296761534063
2.71,1.0,0.9996315088012279,0.9989996665555185,1.0,0.9336632397652745,0.9996848817167625,0.9334631932849832
2.715,1.0,0.9996418559272804,0.9989996665555185,1.0,0.9339769913294416,0.9996950694929142,0.9337950469929268
2.72,1.0,0.9996495328272549,0.9989996665555185,1.0,0.9343134398152732,0.999704947428648,0.9341252455735971
2.725,1.0,0.9996608812880866,0.9989996665555185,1.0,0.9346585665358585,0.9997145242725852,0.9344537972819756
2.73,1.0,0.999674232418477,0.9989996665555185,1.0,0.93499468124343,0.9997238085486735,0.9347807103318725
2.735,1.0,0.9996862484358282,0.9989996665555185,1.0,0.9353257892771055,0.9997328085612485,0.9351059928961307
2.74,1.0,0.9996935915575429,0.9989996665555185,1.0,0.9356522244151438,0.9997415324000001,0.9354296531068316
2.745,1.0,0.9997039386835953,0.9989996665555185,1.0,0.9359746542140661,0.9997499879448503,0.9357516990554969
2.75,1.0,0.9997156209226868,0.9989996665555185,1.0,0.9362987529042867,0.9997581828707384,0.9360721387932924
2.755,1.0,0.9997289720530771,0.9989996665555185,1.0,0.9366271907118833,0.999766124652319,0.9363909803312283
2.7600000000000002,1.0,0.9997363151747918,0.9989996665555185,1.0,0.9369526245151429,0.9997738205685704,0.9367082316403593
2.765,1.0,0.9997436582965065,0.9989996665555185,1.0,0.9372630382967143,0.9997812777073171,0.9370239006519849
2.77,1.0,0.9997543392008186,0.9989996665555185,1.0,0.9375827978695583,0.9997885029696651,0.9373379952578469
2.775,1.0,0.9997610147660138,0.9989996665555185,1.0,0.9378828645250765,0.9997955030743542,0.9376505233103266
2.7800000000000002,1.0,0.999769025444248,0.9989996665555185,1.0,0.9381819298458158,0.9998022845620239,0.9379614926226417
2.785,1.0,0.9997783712355212,0.9989996665555185,1.0,0.938485000505673,0.9998088537993991,0.9382709109690412
2.79,1.0,0.9997860481354957,0.9989996665555185,1.0,0.9387763889264379,0.9998152169833927,0.9385787860849999
2.795,1.0,0.9997930574789504,0.9989996665555185,1.0,0.9390884715993081,0.9998213801451278,0.9388851256674117
2.8000000000000003,1.0,0.9997977303745871,0.9993331110370124,1.0,0.9394062285025945,0.9998273491538807,0.9391899373747821
2.805,1.0,0.999804739718042,0.9993331110370124,1.0,0.9397226502928414,0.999833129720946,0.9394932288274196
2.81,1.0,0.9998090788354188,0.9993331110370124,1.0,0.940019045387502,0.9998387274034227,0.9397950076076265
2.815,1.0,0.999817089513653,0.9993331110370124,1.0,0.9403124364778255,0.999844147607927,0.9400952812598878
2.82,1.0,0.9998224299658092,0.9993331110370124,1.0,0.9405941453290572,0.999849395594226,0.9403940572910606
2.825,1.0,0.999829439309264,0.9993331110370124,1.0,0.9408808608541851,0.999854476478802,0.9406913431705612
2.83,1.0,0.9998344459831603,0.9993331110370124,1.0,0.9411642385967164,0.9998593952383398,0.9409871463305521
2.835,1.0,0.9998411215483556,0.9993331110370124,1.0,0.9414726497087292,0.9998641567131445,0.9412814741661277
2.84,1.0,0.9998454606657323,0.9993331110370124,1.0,0.94176937858165,0.9998687656104881,0.9415743340354992
2.845,1.0,0.9998531375657067,0.9993331110370124,1.0,0.9420504198763627,0.9998732265078856,0.9418657332601785
2.85,1.0,0.9998578104613434,0.9993331110370124,1.0,0.9423314611710748,0.9998775438563031,0.9421556791251615
2.855,1.0,0.9998614820222007,0.9993331110370124,1.0,0.9426131700223064,0.9998817219832989,0.9424441788791099
2.86,1.0,0.9998658211395776,0.9993331110370124,1.0,0.9429035571082913,0.9998857650960968,0.9427312397345327
2.865,1.0,0.9998724967047727,0.9993331110370124,1.0,0.9431959468638348,0.9998896772845945,0.943016868867966
2.87,1.0,0.9998785047134483,0.9993331110370124,1.0,0.9434833299454832,0.9998934625243083,0.9433010734201531
2.875,1.0,0.9998828438308252,0.9993331110370124,1.0,0.9437807263749234,0.9998971246792534,0.9435838604962227
2.88,1.0,0.9998888518395008,0.9993331110370124,1.0,0.9440477489827258,0.9999006675047621,0.9438652371658662
2.8850000000000002,1.0,0.9998921896220984,0.9993331110370124,1.0,0.9443267876078797,0.9999040946502417,0.9441452104635154
2.89,1.0,0.9998935247351375,0.9993331110370124,1.0,0.9446021546721766,0.9999074096618702,0.944423787388517
2.895,1.0,0.9998981976307739,0.9993331110370124,1.0,0.9448815270755899,0.9999106159852349,0.9447009749053086
2.9,1.0,0.9998998665220729,0.9993331110370124,1.0,0.9451508861312113,0.9999137169679112,0.9449767799435927
2.9050000000000002,1.0,0.9999018691916313,0.9993331110370124,1.0,0.9454302585346258,0.9999167158619847,0.9452512093985097
2.91,1.0,0.9999055407524887,0.9993331110370124,1.0,0.9456959460293902,0.9999196158265174,0.9455242701308102
2.915,1.0,0.9999082109785667,0.9993331110370124,1.0,0.9459693104241284,0.9999224199299577,0.9457959689670266
2.92,1.0,0.9999122163176838,0.9993331110370124,1.0,0.946235999253671,0.9999251311524968,0.946066312699644
2.9250000000000003,1.0,0.9999152203220217,0.9993331110370124,1.0,0.9464900045093438,0.9999277523883722,0.9463353080872698
2.93,1.0,0.9999175567698401,0.9993331110370124,1.0,0.9467583622301866,0.9999302864481172,0.9466029618548029
2.935,1.0,0.999921562108957,0.9993331110370124,1.0,0.9470120337075997,0.999932736060761,0.9468692806936012
2.94,1.0,0.9999252336698143,0.9996498832944315,1.0,0.9472697105241291,0.999935103875977,0.9471342712616496
2.945,1.0,0.9999279038958924,0.9996665555185061,1.0,0.9475530882666597,0.9999373924661813,0.9473979401837261
2.95,1.0,0.9999302403437107,0.9996665555185061,1.0,0.9478104313049299,0.9999396043285839,0.9476602940515676
2.955,1.0,0.9999319092350095,0.9996665555185061,1.0,0.9480574272171481,0.999941741887191,0.9479213394240343
2.96,1.0,0.9999349132393474,0.9996665555185061,1.0,0.9483207782640933,0.9999438074947606,0.9481810828272742
2.965,1.0,0.9999379172436851,0.9996665555185061,1.0,0.9485604310545966,0.9999458034347132,0.9484395307548859
2.97,1.0,0.9999405874697632,0.9996665555185061,1.0,0.9488124336407114,0.9999477319229956,0.9486966896680809
2.975,1.0,0.9999439252523608,0.9996665555185061,1.0,0.9490724469050601,0.9999495951099019,0.9489525659958457
2.98,1.0,0.9999472630349584,0.9996665555185061,1.0,0.9493251170476933,0.9999513950818513,0.9492071661351015
2.985,1.0,0.9999492657045169,0.9996665555185061,1.0,0.949565437394716,0.999953133863122,0.9494604964508653
2.99,1.0,0.9999512683740754,0.9996665555185061,1.0,0.949813434641713,0.9999548134175448,0.9497125632764082
2.995,1.0,0.9999536048218938,0.9996665555185061,1.0,0.9500631007800087,0.9999564356501548,0.9499633729134137
3.0,1.0,0.9999546061566731,0.9996665555185061,1.0,0.9503094291357062,0.9999580024088045,0.950212931632136
3.005,1.0,0.9999556074914523,0.9996665555185061,1.0,0.9505597628305212,0.9999595154857361,0.9504612456715561
3.0100000000000002,1.0,0.9999569426044913,0.9996665555185061,1.0,0.9508067587427385,0.9999609766191161,0.9507083212395379
3.015,1.0,0.9999582777175303,0.9996665555185061,1.0,0.9510353968506696,0.9999623874945325,0.9509541645129833
3.02,1.0,0.9999596128305693,0.9996665555185061,1.0,0.9512877332150431,0.9999637497464544,0.951198781637987
3.025,1.0,0.9999609479436083,0.9996665555185061,1.0,0.9515310575664029,0.9999650649596564,0.95144217872999
3.0300000000000002,1.0,0.9999616155001279,0.9996665555185061,1.0,0.9517823925959968,0.999966334670607,0.9516843618739322
3.035,1.0,0.9999649532827254,0.9996665555185061,1.0,0.9520083604778501,0.9999675603688222,0.9519253371244049
3.04,1.0,0.9999669559522841,0.9996665555185061,1.0,0.9522566915031062,0.9999687434981852,0.9521651105058017
3.045,1.0,0.999968291065323,0.9996665555185061,1.0,0.9524920051762328,0.9999698854582347,0.9524036880124697
3.0500000000000003,1.0,0.9999699599566219,0.9996665555185061,1.0,0.952735997084112,0.9999709876054175,0.9526410756088591
3.055,1.0,0.9999706275131414,0.9996665555185061,1.0,0.9529626325224845,0.9999720512543118,0.9528772792296721
3.06,1.0,0.9999716288479206,0.9996665555185061,1.0,0.9532026190912475,0.9999730776788186,0.9531123047800115
3.065,1.0,0.9999736315174792,0.9996665555185061,1.0,0.953429922086139,0.9999740681133229,0.9533461581355284
3.0700000000000003,1.0,0.9999746328522585,0.9996665555185061,1.0,0.9536628993114477,0.9999750237538243,0.9535788451425687
3.075,1.0,0.9999746328522585,0.9996665555185061,1.0,0.9539035534367303,0.9999759457590397,0.9538103716183199
3.08,1.0,0.9999749666305182,0.9996665555185061,1.0,0.9541268510925052,0.9999768352514764,0.9540407433509558
3.085,1.0,0.9999753004087779,0.9996665555185061,1.0,0.9543588269830346,0.9999776933184787,0.9542699660997818
3.09,1.0,0.9999766355218169,0.9996665555185061,1.0,0.9545871313127061,0.9999785210132454,0.9544980455953784
3.095,1.0,0.9999773030783364,0.9996665555185061,1.0,0.9547967440598315,0.9999793193558224,0.9547249875397451
3.1,1.0,0.9999783044131157,0.9996665555185061,1.0,0.9550170377112687,0.9999800893340687,0.9549507976064422
3.105,1.0,0.9999786381913754,0.9996665555185061,1.0,0.9552460095974594,0.9999808319045962,0.9551754814407332
3.11,1.0,0.9999803070826743,0.9996665555185061,1.0,0.9554519507837276,0.9999815479936861,0.9553990446597255
3.115,1.0,0.9999809746391938,0.9996665555185061,1.0,0.9556805888916593,0.9999822384981798,0.9556214928525113
3.12,1.0,0.9999819759739731,0.9996665555185061,1.0,0.955895208312681,0.9999829042863467,0.9558428315803071
3.125,1.0,0.9999826435304926,0.9996665555185061,1.0,0.9561165032988975,0.9999835461987286,0.9560630663765926
3.13,1.0,0.9999829773087523,0.9996665555185061,1.0,0.9563357956155556,0.9999841650489613,0.9562822027472491
3.1350000000000002,1.0,0.9999833110870121,0.9996665555185061,1.0,0.9565564230452531,0.9999847616245742,0.9565002461706973
3.14,1.0,0.9999839786435316,0.9996665555185061,1.0,0.9567813895923271,0.9999853366877692,0.9567172020980341
3.145,1.0,0.9999843124217914,0.9996665555185061,1.0,0.9569956752350892,0.9999858909761772,0.9569330759531691
3.15,1.0,0.9999849799783109,0.9996665555185061,1.0,0.9572153013300077,0.9999864252035937,0.9571478731329598
3.1550000000000002,1.0,0.9999849799783109,0.9996665555185061,1.0,0.9574365963162247,0.9999869400606968,0.957361599007347
3.16,1.0,0.9999863150913499,0.9996665555185061,1.0,0.9576378646068567,0.9999874362157424,0.9575742589194887
3.165,1.0,0.9999869826478694,0.9996665555185061,1.0,0.9578491462452808,0.9999879143152428,0.9577858581858936
3.17,1.0,0.999987650204389,0.9996665555185061,1.0,0.9580624305532629,0.999988374984625,0.9579964020965545
3.1750000000000003,1.0,0.9999883177609085,0.9996665555185061,1.0,0.9582820566481803,0.9999888188288718,0.9582058959150801
3.18,1.0,0.9999883177609085,0.9996665555185061,1.0,0.9584833249388119,0.999989246433144,0.9584143448788268
3.185,1.0,0.9999886515391683,0.9996665555185061,1.0,0.9586832581164042,0.999989658363387,0.9586217541990296
3.19,1.0,0.9999886515391683,0.9996665555185061,1.0,0.9588748468375026,0.9999900551669184,0.9588281290609323
3.1950000000000003,1.0,0.9999896528739475,0.9996665555185061,1.0,0.9590764489063935,0.9999904373730005,0.9590334746239171
3.2,1.0,0.9999899866522073,0.9996665555185061,1.0,0.9592863954317785,0.9999908054933966,0.9592377960216338
3.205,1.0,0.9999899866522073,0.9996665555185061,1.0,0.9594653005790057,0.9999911600229109,0.959441098362128
3.21,1.0,0.9999899866522073,0.9996665555185061,1.0,0.9596632310870398,0.9999915014399137,0.9596433867279689
3.215,1.0,0.9999899866522073,0.9996665555185061,1.0,0.9598701736080876,0.9999918302068518,0.959844666176376
3.22,1.0,0.9999899866522073,0.9996665555185061,1.0,0.9600600934378872,0.9999921467707434,0.9600449417393461
3.225,1.0,0.9999899866522073,0.9996665555185061,1.0,0.9602556874981021,0.9999924515636602,0.9602442184237787
3.23,1.0,0.9999899866522073,0.9996665555185061,1.0,0.9604472762192005,0.9999927450031947,0.9604425012116012
3.235,1.0,0.9999899866522073,0.9996665555185061,1.0,0.960644539170714,0.999993027492914,0.9606397950598938
3.24,1.0,0.999990320430467,0.9996665555185061,1.0,0.9608434710135264,0.9999932994228019,0.9608361049010129
3.245,1.0,0.9999913217652463,0.9996665555185061,1.0,0.9610340583998453,0.9999935611696859,0.9610314356427148
3.25,1.0,0.999991655543506,0.9999833277759254,1.0,0.9612209742253072,0.9999938130976539,0.961225792168278
3.255,1.0,0.9999919893217658,1.0,1.0,0.9614329234202506,0.9999940555584574,0.961419179336626
3.2600000000000002,1.0,0.9999926568782853,1.0,1.0,0.9616251796978681,0.9999942888919041,0.961611601982448
3.265,1.0,0.9999926568782853,1.0,1.0,0.961828116879798,0.9999945134262374,0.9618030649163201
3.27,1.0,0.9999926568782853,1.0,1.0,0.9620140313704806,0.9999947294785063,0.9619935729248257
3.275,1.0,0.9999929906565451,1.0,1.0,0.9621872622872928,0.9999949373549236,0.962183130770675
3.2800000000000002,1.0,0.9999933244348048,1.0,1.0,0.9623791847866516,0.9999951373512138,0.9623717431928238
3.285,1.0,0.9999936582130646,1.0,1.0,0.9625761139599065,0.99999532975295,0.9625594149065927
3.29,1.0,0.9999936582130646,1.0,1.0,0.962757021776693,0.9999955148358819,0.9627461506037842
3.295,1.0,0.9999936582130646,1.0,1.0,0.9629479429412712,0.999995692866253,0.9629319549528005
3.3000000000000003,1.0,0.9999943257695841,1.0,1.0,0.9631415343319284,0.999995864101109,0.96311683259876
3.305,1.0,0.9999953271043633,1.0,1.0,0.963317101696559,0.9999960287885963,0.9633007881636134
3.31,1.0,0.9999953271043633,1.0,1.0,0.9635080228611385,0.9999961871682522,0.9634838262462596
3.315,1.0,0.9999953271043633,1.0,1.0,0.9636962737996402,0.999996339471286,0.96366595142266
3.3200000000000003,1.0,0.9999953271043633,1.0,1.0,0.9638588238121408,0.9999964859208511,0.9638471682459536
3.325,1.0,0.9999956608826231,1.0,1.0,0.9640403991854469,0.9999966267323097,0.9640274812465703
3.33,1.0,0.9999956608826231,1.0,1.0,0.9642216407804937,0.9999967621134892,0.9642068949323447
3.335,1.0,0.999995994660883,1.0,1.0,0.9644048850450981,0.9999968922649302,0.9643854137886282
3.34,1.0,0.999995994660883,1.0,1.0,0.9645867941966635,0.9999970173801274,0.9645630422784014
3.345,1.0,0.999995994660883,1.0,1.0,0.9647566873308785,0.999997137645763,0.9647397848423859
3.35,1.0,0.9999963284391427,1.0,1.0,0.9649449382693801,0.9999972532419332,0.964915645899155
3.355,1.0,0.9999963284391427,1.0,1.0,0.9651225083035688,0.9999973643423672,0.9650906298452442
3.36,1.0,0.9999963284391427,1.0,1.0,0.9653010796725374,0.9999974711146393,0.9652647410552614
3.365,1.0,0.9999963284391427,1.0,1.0,0.9654709728067519,0.9999975737203753,0.9654379838819959
3.37,1.0,0.9999963284391427,1.0,1.0,0.9656558859626556,0.9999976723154513,0.9656103626565273
3.375,1.0,0.9999963284391427,1.0,1.0,0.9658264466533896,0.9999977670501877,0.965781881688334
3.38,1.0,0.9999966622174025,1.0,1.0,0.9660023477962795,0.999997858069535,0.9659525452654006
3.3850000000000002,1.0,0.9999966622174025,1.0,1.0,0.9661742436000536,0.9999979455132565,0.9661223576543256
3.39,1.0,0.9999969959956622,1.0,1.0,0.9663478082951261,0.999998029516103,0.9662913231004276
3.395,1.0,0.999997329773922,1.0,1.0,0.9665200378771597,0.9999981102079825,0.9664594458278514
3.4,1.0,0.9999976635521817,1.0,1.0,0.966685591893998,0.9999981877141255,0.9666267300396739
3.4050000000000002,1.0,0.9999976635521817,1.0,1.0,0.9668541499151736,0.9999982621552443,0.9667931799180093
3.41,1.0,0.9999976635521817,1.0,1.0,0.9670227079363491,0.9999983336476866,0.966958799624113
3.415,1.0,0.9999976635521817,1.0,1.0,0.9671839228358099,0.9999984023035855,0.9671235932984865
3.42,1.0,0.9999979973304415,1.0,1.0,0.9673438026222316,0.9999984682310038,0.9672875650609802
3.4250000000000003,1.0,0.9999979973304415,1.0,1.0,0.967498008178238,0.9999985315340739,0.9674507190108966
3.43,1.0,0.9999983311087012,1.0,1.0,0.9676578879646593,0.9999985923131334,0.967613059227093
3.435,1.0,0.9999983311087012,1.0,1.0,0.9678271135423537,0.999998650664856,0.9677745897680832
3.44,1.0,0.9999983311087012,1.0,1.0,0.96799433645049,0.9999987066823784,0.9679353146721392
3.4450000000000003,1.0,0.999998664886961,1.0,1.0,0.9681562189064703,0.999998760455423,0.968095237957392
3.45,1.0,0.9999989986652207,1.0,1.0,0.9683231080363472,0.9999988120704164,0.9682543636219321
3.455,1.0,0.9999989986652207,1.0,1.0,0.9684753109227955,0.9999988616106044,0.9684126956439092
3.46,1.0,0.9999989986652207,1.0,1.0,0.9686482080613472,0.9999989091561631,0.9685702379816323
3.465,1.0,0.9999989986652207,1.0,1.0,0.9688147634129639,0.9999989547843062,0.968726994573668
3.47,1.0,0.9999989986652207,1.0,1.0,0.9689546165038002,0.9999989985693891,0.9688829693389391
3.475,1.0,0.9999989986652207,1.0,1.0,0.9691144962902223,0.9999990405830091,0.9690381661768231
3.48,1.0,0.9999989986652207,1.0,1.0,0.9692790489722807,0.9999990808941032,0.9691925889672489
3.485,1.0,0.9999989986652207,1.0,1.0,0.9694452705456376,0.9999991195690404,0.9693462415707943
3.49,1.0,0.9999989986652207,1.0,1.0,0.9695948032060069,0.9999991566717147,0.9694991278287826
3.495,1.0,0.9999989986652207,1.0,1.0,0.9697613585576236,0.9999991922636315,0.9696512515633778
3.5,1.0,0.9999989986652207,1.0,1.0,0.9699138952223312,0.999999226403993,0.9698026165776815
3.505,1.0,0.9999989986652207,1.0,1.0,0.9700647629957392,0.9999992591497794,0.9699532266558268
3.5100000000000002,1.0,0.9999989986652207,1.0,1.0,0.9702139618778486,0.9999992905558295,0.9701030855630737
3.515,1.0,0.9999989986652207,1.0,1.0,0.970362159425179,0.9999993206749164,0.9702521970459025
3.52,1.0,0.9999993324434805,1.0,1.0,0.9705180338724831,0.9999993495578217,0.970400564832108
3.525,1.0,0.9999993324434805,1.0,1.0,0.9706762447676055,0.9999993772534068,0.9705481926308928
3.5300000000000002,1.0,0.9999996662217402,1.0,1.0,0.9708197694192997,0.9999994038086827,0.9706950841329592
3.535,1.0,0.9999996662217402,1.0,1.0,0.9709719723057468,0.999999429268876,0.9708412430106028
3.54,1.0,0.9999996662217402,1.0,1.0,0.9711281805313117,0.9999994536774938,0.9709866729178029
3.545,1.0,0.9999996662217402,1.0,1.0,0.9712810509742787,0.999999477076386,0.9711313774903149
3.5500000000000003,1.0,0.9999996662217402,1.0,1.0,0.9714222391781545,0.9999994995058051,0.9712753603457606
3.555,1.0,0.9999996662217402,1.0,1.0,0.9715580869298733,0.9999995210044648,0.9714186250837188
3.56,1.0,0.9999996662217402,1.0,1.0,0.9716979400207099,0.9999995416095954,0.9715611752858155
3.565,1.0,0.9999996662217402,1.0,1.0,0.9718387944463263,0.9999995613569986,0.9717030145158132
3.5700000000000003,1.0,0.9999996662217402,1.0,1.0,0.9719689679676303,0.9999995802810998,0.9718441463197
3.575,1.0,0.9999996662217402,1.0,1.0,0.9721158304019221,0.999999598414998,0.9719845742257782
3.58,1.0,0.9999996662217402,1.0,1.0,0.9722500092623433,0.9999996157905149,0.972124301744753
3.585,1.0,0.9999996662217402,1.0,1.0,0.9723885272401415,0.9999996324382422,0.9722633323698195
3.59,1.0,0.9999996662217402,1.0,1.0,0.9725223723223028,0.9999996483875864,0.9724016695767507
3.595,1.0,0.9999996662217402,1.0,1.0,0.9726572187392436,0.9999996636668129,0.9725393168239839
3.6,1.0,0.9999996662217402,1.0,1.0,0.972789728708366,0.9999996783030889,0.9726762775527075
3.605,1.0,0.9999996662217402,1.0,1.0,0.972937592477437,0.9999996923225226,0.9728125551869466
3.61,1.0,0.9999996662217402,1.0,1.0,0.9730754428987154,0.9999997057502042,0.9729481531336496
3.615,1.0,0.9999996662217402,1.0,1.0,0.9732099555373965,0.9999997186102433,0.9730830747827719
3.62,1.0,0.9999996662217402,1.0,1.0,0.9733344548282846,0.9999997309258049,0.9732173235073618
3.625,1.0,0.9999996662217402,1.0,1.0,0.973459955453952,0.9999997427191458,0.9733509026636445
3.63,1.0,0.9999996662217402,1.0,1.0,0.9735904627535159,0.9999997540116479,0.9734838155911059
3.6350000000000002,1.0,0.9999996662217402,1.0,1.0,0.9737263105052355,0.9999997648238513,0.9736160656125759
3.64,1.0,0.9999996662217402,1.0,1.0,0.9738548151352412,0.9999997751754862,0.973747656034312
3.645,1.0,0.9999996662217402,1.0,1.0,0.9739856562130652,0.9999997850855029,0.9738785901460818
3.65,1.0,0.9999996662217402,1.0,1.0,0.9741141608430707,0.9999997945721022,0.9740088712212447
3.6550000000000002,1.0,0.9999996662217402,1.0,1.0,0.9742426654730761,0.9999998036527625,0.9741385025168344
3.66,1.0,0.9999996662217402,1.0,1.0,0.9743678323204841,0.9999998123442687,0.9742674872736401
3.665,1.0,0.9999996662217402,1.0,1.0,0.9745043476287236,0.9999998206627372,0.9743958287162874
3.67,1.0,0.9999996662217402,1.0,1.0,0.9746258429152743,0.9999998286236422,0.9745235300533189
3.6750000000000003,1.0,0.9999996662217402,1.0,1.0,0.9747546813235395,0.9999998362418402,0.9746505944772751
3.68,1.0,0.9999996662217402,1.0,1.0,0.97487584283183,0.999999843531593,0.9747770251647728
3.685,1.0,0.9999996662217402,1.0,1.0,0.9750123581400697,0.999999850506591,0.9749028252765859
3.69,1.0,1.0,1.0,1.0,0.9751518774526469,0.9999998571799753,0.9750279979577239
3.6950000000000003,1.0,1.0,1.0,1.0,0.9752740402957172,0.9999998635643584,0.9751525463375101
3.7,1.0,1.0,1.0,1.0,0.9754028787039822,0.9999998696718446,0.9752764735296606
3.705,1.0,1.0,1.0,1.0,0.9755297144426884,0.99999987551405,0.9753997826323617
3.71,1.0,1.0,1.0,1.0,0.9756492070596806,0.9999998811021211,0.9755224767283474
3.715,1.0,1.0,1.0,1.0,0.9757767103549064,0.9999998864467528,0.9756445588849763
3.72,1.0,1.0,1.0,1.0,0.9758958691936381,0.9999998915582062,0.9757660321543089
3.725,1.0,1.0,1.0,1.0,0.9760093538019547,0.999999896446326,0.9758868995731831
3.73,1.0,1.0,1.0,1.0,0.9761288464189465,0.9999999011205558,0.9760071641632908
3.735,1.0,1.0,1.0,1.0,0.9762523443750554,0.9999999055899539,0.976126828931253
3.74,1.0,1.0,1.0,1.0,0.9763758423311641,0.9999999098632091,0.976245896868695
3.745,1.0,1.0,1.0,1.0,0.9764973376177146,0.9999999139486545,0.9763643709523215
3.75,1.0,1.0,1.0,1.0,0.9766141600086286,0.999999917854282,0.9764822541439909
3.755,1.0,1.0,1.0,1.0,0.9767450010864526,0.9999999215877549,0.976599549390789
3.7600000000000002,1.0,1.0,1.0,1.0,0.9768531452426127,0.9999999251564218,0.976716259625103
3.765,1.0,1.0,1.0,1.0,0.9769706351900455,0.9999999285673283,0.9768323877646949
3.77,1.0,1.0,1.0,1.0,0.9770847873548808,0.9999999318272297,0.9769479367127745
3.775,1.0,1.0,1.0,1.0,0.9771919301762612,0.9999999349426019,0.977062909358071
3.7800000000000002,1.0,1.0,1.0,1.0,0.9773080850106548,0.9999999379196522,0.977177308574907
3.785,1.0,1.0,1.0,1.0,0.9774172305015946,0.9999999407643317,0.9772911372232687
3.79,1.0,1.0,1.0,1.0,0.9775303813316506,0.9999999434823431,0.9774043981488781
3.795,1.0,1.0,1.0,1.0,0.977642530826928,0.9999999460791524,0.9775170941832645
3.8000000000000003,1.0,1.0,1.0,1.0,0.9777546803222049,0.9999999485599977,0.9776292281438345
3.805,1.0,1.0,1.0,1.0,0.9778705013783388,0.9999999509298986,0.9777408028339428
3.81,1.0,1.0,1.0,1.0,0.9779866562127316,0.9999999531936644,0.9778518210429626
3.815,1.0,1.0,1.0,1.0,0.9780937990341123,0.9999999553559034,0.9779622855463551
3.8200000000000003,1.0,1.0,1.0,1.0,0.978201609412012,0.9999999574210301,0.9780721991057384
3.825,1.0,1.0,1.0,1.0,0.9783054144507949,0.9999999593932739,0.9781815644689572
3.83,1.0,1.0,1.0,1.0,0.9784219030634483,0.9999999612766862,0.9782903843701515
3.835,1.0,1.0,1.0,1.0,0.9785387254543625,0.9999999630751472,0.9783986615298241
3.84,1.0,1.0,1.0,1.0,0.9786462020540029,0.9999999647923735,0.9785063986549101
3.845,1.0,1.0,1.0,1.0,0.9787576839927599,0.9999999664319246,0.9786135984388429
3.85,1.0,1.0,1.0,1.0,0.9788508081272307,0.9999999679972087,0.9787202635616228
3.855,1.0,1.0,1.0,1.0,0.9789716358572612,0.99999996949149,0.9788263966898835
3.86,1.0,1.0,1.0,1.0,0.9790801137916809,0.9999999709178936,0.9789320004769586
3.865,1.0,1.0,1.0,1.0,0.979190594395659,0.9999999722794114,0.9790370775629483
3.87,1.0,1.0,1.0,1.0,0.9793004074431176,0.999999973578908,0.9791416305747853
3.875,1.0,1.0,1.0,1.0,0.979408551599278,0.9999999748191256,0.9792456621263003
3.88,1.0,1.0,1.0,1.0,0.9795156944206589,0.9999999760026891,0.9793491748182874
3.8850000000000002,1.0,1.0,1.0,1.0,0.9796128238942474,0.9999999771321106,0.9794521712385695
3.89,1.0,1.0,1.0,1.0,0.9797136249286923,0.9999999782097949,0.9795546539620623
3.895,1.0,1.0,1.0,1.0,0.9798127570718383,0.999999979238043,0.9796566255508393
3.9,1.0,1.0,1.0,1.0,0.9799092189889069,0.9999999802190571,0.9797580885541957
3.9050000000000002,1.0,1.0,1.0,1.0,0.9800150266972493,0.9999999811549442,0.9798590455087115
3.91,1.0,1.0,1.0,1.0,0.980115160175175,0.9999999820477202,0.979959498938316
3.915,1.0,1.0,1.0,1.0,0.9802196327704776,0.9999999828993142,0.9800594513543502
3.92,1.0,1.0,1.0,1.0,0.9803274431483779,0.9999999837115716,0.9801589052556298
3.9250000000000003,1.0,1.0,1.0,1.0,0.980423237508927,0.9999999844862575,0.9802578631285073
3.93,1.0,1.0,1.0,1.0,0.9805210345390344,0.9999999852250601,0.9803563274469347
3.935,1.0,1.0,1.0,1.0,0.9806161613430641,0.9999999859295947,0.9804543006725253
3.94,1.0,1.0,1.0,1.0,0.9807122894818731,0.9999999866014055,0.9805517852546146
3.9450000000000003,1.0,1.0,1.0,1.0,0.9808084176206819,0.99999998724197,0.9806487836303224
3.95,1.0,1.0,1.0,1.0,0.9809062146507898,0.9999999878527003,0.9807452982246131
3.955,1.0,1.0,1.0,1.0,0.9810140250286904,0.9999999884349471,0.9808413314503566
3.96,1.0,1.0,1.0,1.0,0.9811151598413963,0.9999999889900016,0.9809368857083883
3.9650000000000003,1.0,1.0,1.0,1.0,0.9812052799715298,0.9999999895190986,0.98103196338757
3.97,1.0,1.0,1.0,1.0,0.9812957338799235,0.9999999900234182,0.9811265668648486
3.975,1.0,1.0,1.0,1.0,0.9813865215665766,0.9999999905040886,0.9812206985053156
3.98,1.0,1.0,1.0,1.0,0.9814899928271004,0.9999999909621881,0.9813143606622672
3.985,1.0,1.0,1.0,1.0,0.981584785852871,0.9999999913987474,0.9814075556772622
3.99,1.0,1.0,1.0,1.0,0.9816839179960183,0.9999999918147515,0.9815002858801808
3.995,1.0,1.0,1.0,1.0,0.981779712356568,0.9999999922111421,0.9815925535892828
4.0,1.0,1.0,1.0,1.0,0.9818671622606235,0.9999999925888182,0.9816843611112658
4.005,1.0,1.0,1.0,1.0,0.9819519419386015,0.9999999929486396,0.9817757107413227
4.01,1.0,1.0,1.0,1.0,0.9820337176122412,0.9999999932914275,0.981866604763199
4.015,1.0,1.0,1.0,1.0,0.9821221688510765,0.9999999936179662,0.9819570454492498
4.0200000000000005,1.0,1.0,1.0,1.0,0.9822049458594957,0.9999999939290056,0.9820470350604972
4.025,1.0,1.0,1.0,1.0,0.9822940646548498,0.9999999942252612,0.982136575846686
4.03,1.0,1.0,1.0,1.0,0.9823811807806461,0.9999999945074172,0.9822256700463405
4.035,1.0,1.0,1.0,1.0,0.9824749724716374,0.9999999947761263,0.9823143198868206
4.04,1.0,1.0,1.0,1.0,0.9825607534843945,0.9999999950320126,0.9824025275843766
4.045,1.0,1.0,1.0,1.0,0.9826515411710479,0.9999999952756716,0.9824902953442057
4.05,1.0,1.0,1.0,1.0,0.982739992409883,0.9999999955076723,0.9825776253605065
4.055,1.0,1.0,1.0,1.0,0.9828134236270292,0.9999999957285574,0.9826645198165338
4.0600000000000005,1.0,1.0,1.0,1.0,0.9829022086441239,0.9999999959388457,0.9827509808846537
4.065,1.0,1.0,1.0,1.0,0.9829970016698949,0.9999999961390321,0.9828370107263974
4.07,1.0,1.0,1.0,1.0,0.9830804462348334,0.9999999963295892,0.9829226114925153
4.075,1.0,1.0,1.0,1.0,0.9831665610258503,0.9999999965109683,0.9830077853230309
4.08,1.0,1.0,1.0,1.0,0.9832456664734124,0.9999999966835996,0.9830925343472947
4.085,1.0,1.0,1.0,1.0,0.9833337839339875,0.9999999968478943,0.9831768606840366
4.09,1.0,1.0,1.0,1.0,0.9834095515989516,0.9999999970042445,0.9832607664414194
4.095,1.0,1.0,1.0,1.0,0.9834936637204096,0.9999999971530243,0.9833442537170913
4.1,1.0,1.0,1.0,1.0,0.9835824487375041,0.9999999972945911,0.9834273245982388
4.105,1.0,1.0,1.0,1.0,0.9836622217415854,0.9999999974292854,0.983509981161638
4.11,1.0,1.0,1.0,1.0,0.9837356529587313,0.9999999975574322,0.9835922254737074
4.115,1.0,1.0,1.0,1.0,0.9838184299671501,0.9999999976793419,0.983674059590559
4.12,1.0,1.0,1.0,1.0,0.9838978691929717,0.9999999977953101,0.9837554855580501
4.125,1.0,1.0,1.0,1.0,0.9839819813144298,0.9999999979056193,0.9838365054118341
4.13,1.0,1.0,1.0,1.0,0.9840624218750306,0.9999999980105386,0.9839171211774116
4.135,1.0,1.0,1.0,1.0,0.9841381895399952,0.9999999981103246,0.9839973348701808
4.14,1.0,1.0,1.0,1.0,0.9842172949875571,0.999999998205222,0.9840771484954883
4.1450000000000005,1.0,1.0,1.0,1.0,0.9842967342133786,0.9999999982954646,0.9841565640486789
4.15,1.0,1.0,1.0,1.0,0.9843755058826809,0.9999999983812748,0.9842355835151455
4.155,1.0,1.0,1.0,1.0,0.9844609531171774,0.999999998462865,0.9843142088703789
4.16,1.0,1.0,1.0,1.0,0.9845397247864794,0.9999999985404374,0.9843924420800172
4.165,1.0,1.0,1.0,1.0,0.9846218342383791,0.9999999986141852,0.9844702850998945
4.17,1.0,1.0,1.0,1.0,0.9847016072424597,0.9999999986842919,0.9845477398760905
4.175,1.0,1.0,1.0,1.0,0.9847730357900472,0.9999999987509333,0.9846248083449786
4.18,1.0,1.0,1.0,1.0,0.9848474683419721,0.9999999988142763,0.9847014924332744
4.1850000000000005,1.0,1.0,1.0,1.0,0.9849205657808581,0.9999999988744799,0.9847777940580844
4.19,1.0,1.0,1.0,1.0,0.9849933294414848,0.9999999989316961,0.984853715126953
4.195,1.0,1.0,1.0,1.0,0.9850767740064234,0.9999999989860696,0.9849292575379109
4.2,1.0,1.0,1.0,1.0,0.985156880788764,0.9999999990377382,0.9850044231795223
4.205,1.0,1.0,1.0,1.0,0.9852299782276498,0.999999999086833,0.9850792139309321
4.21,1.0,1.0,1.0,1.0,0.9853004054404578,0.9999999991334793,0.9851536316619132
4.215,1.0,1.0,1.0,1.0,0.9853751717706432,0.9999999991777961,0.9852276782329125
4.22,1.0,1.0,1.0,1.0,0.9854422612008533,0.999999999219897,0.9853013554950982
4.225,1.0,1.0,1.0,1.0,0.985511353300622,0.9999999992598902,0.9853746652904057
4.23,1.0,1.0,1.0,1.0,0.9855864534090663,0.9999999992978787,0.9854476094515838
4.235,1.0,1.0,1.0,1.0,0.9856675615261864,0.9999999993339604,0.9855201898022403
4.24,1.0,1.0,1.0,1.0,0.9857493371998253,0.9999999993682291,0.9855924081568876
4.245,1.0,1.0,1.0,1.0,0.9858180955213344,0.9999999994007733,0.9856642663209885
4.25,1.0,1.0,1.0,1.0,0.9858848511732847,0.999999999431678,0.9857357660910008
4.255,1.0,1.0,1.0,1.0,0.9859589499469492,0.9999999994610238,0.9858069092544223
4.26,1.0,1.0,1.0,1.0,0.9860337162771341,0.9999999994888875,0.985877697589836
4.265,1.0,1.0,1.0,1.0,0.9861071474942799,0.9999999995153421,0.9859481328669539
4.2700000000000005,1.0,1.0,1.0,1.0,0.9861712329201525,0.9999999995404574,0.9860182168466617
4.275,1.0,1.0,1.0,1.0,0.986247668141636,0.9999999995642993,0.9860879512810624
4.28,1.0,1.0,1.0,1.0,0.9863234358065994,0.9999999995869311,0.9861573379135204
4.285,1.0,1.0,1.0,1.0,0.9863888563455111,0.9999999996084127,0.9862263784787055
4.29,1.0,1.0,1.0,1.0,0.9864606186713579,0.9999999996288013,0.9862950747026351
4.295,1.0,1.0,1.0,1.0,0.9865277081015678,0.9999999996481511,0.9863634283027184
4.3,1.0,1.0,1.0,1.0,0.9866024744317523,0.9999999996665139,0.9864314409877991
4.305,1.0,1.0,1.0,1.0,0.9866715665315211,0.9999999996839388,0.9864991144581977
4.3100000000000005,1.0,1.0,1.0,1.0,0.986752340870381,0.9999999997004727,0.9865664504057547
4.315,1.0,1.0,1.0,1.0,0.9868127547353959,0.9999999997161602,0.9866334505138721
4.32,1.0,1.0,1.0,1.0,0.986876172604749,0.9999999997310433,0.9867001164575563
4.325,1.0,1.0,1.0,1.0,0.9869425944784396,0.9999999997451626,0.9867664499034591
4.33,1.0,1.0,1.0,1.0,0.9870060123477926,0.9999999997585565,0.9868324525099202
4.335,1.0,1.0,1.0,1.0,0.9870731017780024,0.9999999997712611,0.9868981259270083
4.34,1.0,1.0,1.0,1.0,0.9871328480864978,0.9999999997833112,0.9869634717965623
4.345,1.0,1.0,1.0,1.0,0.9872039428558247,0.99999999979474,0.9870284917522321
4.3500000000000005,1.0,1.0,1.0,1.0,0.9872680282816977,0.9999999998055784,0.9870931874195201
4.355,1.0,1.0,1.0,1.0,0.9873271070336734,0.9999999998158566,0.9871575604158215
4.36,1.0,1.0,1.0,1.0,0.9873931951291041,0.9999999998256027,0.9872216123504642
4.365,1.0,1.0,1.0,1.0,0.987467293902769,0.9999999998348437,0.9872853448247503
4.37,1.0,1.0,1.0,1.0,0.9875243699851868,0.9999999998436051,0.9873487594319947
4.375,1.0,1.0,1.0,1.0,0.9875964660892933,0.9999999998519113,0.987411857757566
4.38,1.0,1.0,1.0,1.0,0.9876535421717105,0.9999999998597856,0.9874746413789256
4.385,1.0,1.0,1.0,1.0,0.9877129547019463,0.9999999998672496,0.9875371118656673
4.39,1.0,1.0,1.0,1.0,0.9877827143582346,0.9999999998743245,0.9875992707795566
4.3950000000000005,1.0,1.0,1.0,1.0,0.9878377877710935,0.9999999998810302,0.9876611196745695
4.4,1.0,1.0,1.0,1.0,0.9878998705274075,0.9999999998873853,0.9877226600969315
4.405,1.0,1.0,1.0,1.0,0.9879552777185261,0.9999999998934078,0.9877838935851566
4.41,1.0,1.0,1.0,1.0,0.988018028031359,0.9999999998991147,0.987844821670085
4.415,1.0,1.0,1.0,1.0,0.988076105448556,0.9999999999045224,0.9879054458749221
4.42,1.0,1.0,1.0,1.0,0.9881305113048953,0.9999999999096459,0.9879657677152762
4.425,1.0,1.0,1.0,1.0,0.9881922602829493,0.9999999999145002,0.9880257886991963
4.43,1.0,1.0,1.0,1.0,0.988251672813185,0.9999999999190988,0.9880855103272104
4.4350000000000005,1.0,1.0,1.0,1.0,0.9883087488956027,0.9999999999234551,0.9881449340923619
4.44,1.0,1.0,1.0,1.0,0.9883614858606431,0.9999999999275815,0.9882040614802484
4.445,1.0,1.0,1.0,1.0,0.9884148903822036,0.9999999999314899,0.9882628939690575
4.45,1.0,1.0,1.0,1.0,0.9884766393602582,0.9999999999351916,0.9883214330296045
4.455,1.0,1.0,1.0,1.0,0.988533715442676,0.9999999999386971,0.988379680125369
4.46,1.0,1.0,1.0,1.0,0.988586786185977,0.9999999999420169,0.9884376367125315
4.465,1.0,1.0,1.0,1.0,0.9886435284901348,0.9999999999451605,0.9884953042400095
4.47,1.0,1.0,1.0,1.0,0.9887002707942921,0.9999999999481369,0.9885526841494943
4.4750000000000005,1.0,1.0,1.0,1.0,0.988755677985411,0.999999999950955,0.9886097778754867
4.48,1.0,1.0,1.0,1.0,0.9888134216243484,0.999999999953623,0.9886665868453326
4.485,1.0,1.0,1.0,1.0,0.9888701639285065,0.9999999999561487,0.9887231124792595
4.49,1.0,1.0,1.0,1.0,0.9889212320022488,0.9999999999585395,0.9887793561904109
4.495,1.0,1.0,1.0,1.0,0.9889726338542507,0.9999999999608025,0.9888353193848828
4.5,1.0,1.0,1.0,1.0,0.9890270397105907,0.9999999999629444,0.9888910034617577
4.505,1.0,1.0,1.0,1.0,0.989077440227814,0.9999999999649716,0.9889464098131406
4.51,1.0,1.0,1.0,1.0,0.9891325136406732,0.9999999999668899,0.9890015398241931
4.515,1.0,1.0,1.0,1.0,0.9891855843839741,0.9999999999687053,0.9890563948731684
4.5200000000000005,1.0,1.0,1.0,1.0,0.98924566447073,0.999999999970423,0.9891109763314455
4.525,1.0,1.0,1.0,1.0,0.9893057445574854,0.9999999999720481,0.9891652855635639
4.53,1.0,1.0,1.0,1.0,0.9893608179703448,0.9999999999735858,0.9892193239272569
4.535,1.0,1.0,1.0,1.0,0.9894132211571259,0.9999999999750405,0.9892730927734866
4.54,1.0,1.0,1.0,1.0,0.9894642892308685,0.9999999999764165,0.9893265934464771
4.545,1.0,1.0,1.0,1.0,0.989513688413312,0.9999999999777183,0.9893798272837477
4.55,1.0,1.0,1.0,1.0,0.9895650902653141,0.9999999999789495,0.9894327956161474
4.555,1.0,1.0,1.0,1.0,0.9896214987912128,0.9999999999801138,0.989485499767887
4.5600000000000005,1.0,1.0,1.0,1.0,0.9896739019779942,0.9999999999812151,0.9895379410565732
4.565,1.0,1.0,1.0,1.0,0.9897243024952171,0.9999999999822565,0.9895901207932409
4.57,1.0,1.0,1.0,1.0,0.9897740354559208,0.9999999999832413,0.9896420402823863
4.575,1.0,1.0,1.0,1.0,0.9898271061992221,0.9999999999841724,0.9896937008219993
4.58,1.0,1.0,1.0,1.0,0.9898664920338731,0.9999999999850528,0.989745103703596
4.585,1.0,1.0,1.0,1.0,0.9899115520989399,0.9999999999858851,0.9897962502122511
4.59,1.0,1.0,1.0,1.0,0.9899692957378775,0.9999999999866719,0.9898471416266302
4.595,1.0,1.0,1.0,1.0,0.9900210313681393,0.9999999999874157,0.9898977792190211
4.6000000000000005,1.0,1.0,1.0,1.0,0.9900741021114405,0.9999999999881187,0.9899481642553665
4.605,1.0,1.0,1.0,1.0,0.9901218324025857,0.9999999999887833,0.9899982979952945
4.61,1.0,1.0,1.0,1.0,0.9901705640285099,0.9999999999894112,0.9900481816921516
4.615,1.0,1.0,1.0,1.0,0.9902216321022523,0.9999999999900048,0.9900978165930326
4.62,1.0,1.0,1.0,1.0,0.9902680272803585,0.9999999999905655,0.9901472039388127
4.625,1.0,1.0,1.0,1.0,0.9903144224584646,0.9999999999910956,0.9901963449641782
4.63,1.0,1.0,1.0,1.0,0.9903634878626487,0.9999999999915963,0.9902452408976571
4.635,1.0,1.0,1.0,1.0,0.9904115519320535,0.9999999999920695,0.9902938929616504
4.64,1.0,1.0,1.0,1.0,0.9904619524492767,0.9999999999925163,0.9903423023724622
4.6450000000000005,1.0,1.0,1.0,1.0,0.9905080138491231,0.9999999999929384,0.9903904703403303
4.65,1.0,1.0,1.0,1.0,0.9905597494793851,0.9999999999933373,0.9904383980694565
4.655,1.0,1.0,1.0,1.0,0.9906048095444523,0.999999999993714,0.9904860867580364
4.66,1.0,1.0,1.0,1.0,0.9906548762834158,0.9999999999940697,0.9905335375982897
4.665,1.0,1.0,1.0,1.0,0.9907012714615214,0.9999999999944058,0.9905807517764899
4.67,1.0,1.0,1.0,1.0,0.9907403235179129,0.9999999999947231,0.9906277304729939
4.675,1.0,1.0,1.0,1.0,0.9907907240351359,0.9999999999950228,0.9906744748622717
4.68,1.0,1.0,1.0,1.0,0.99083945566106,0.9999999999953058,0.9907209861129352
4.6850000000000005,1.0,1.0,1.0,1.0,0.9908828468348283,0.9999999999955729,0.9907672653877684
4.69,1.0,1.0,1.0,1.0,0.9909255704520771,0.999999999995825,0.9908133138437554
4.695,1.0,1.0,1.0,1.0,0.9909702967388844,0.9999999999960631,0.9908591326321099
4.7,1.0,1.0,1.0,1.0,0.991013020356133,0.9999999999962879,0.9909047228983042
4.705,1.0,1.0,1.0,1.0,0.9910617519820571,0.9999999999965,0.9909500857820972
4.71,1.0,1.0,1.0,1.0,0.9911018053732279,0.9999999999967003,0.9909952224175634
4.715,1.0,1.0,1.0,1.0,0.9911465316600351,0.9999999999968893,0.9910401339331211
4.72,1.0,1.0,1.0,1.0,0.9911939281729205,0.9999999999970676,0.9910848214515604
4.7250000000000005,1.0,1.0,1.0,1.0,0.9912413246858057,0.9999999999972359,0.9911292860900718
4.73,1.0,1.0,1.0,1.0,0.991282045633496,0.9999999999973946,0.9911735289602733
4.735,1.0,1.0,1.0,1.0,0.9913244354724847,0.9999999999975445,0.9912175511682391
4.74,1.0,1.0,1.0,1.0,0.9913594821897592,0.999999999997686,0.9912613538145267
4.745,1.0,1.0,1.0,1.0,0.9914008706939685,0.9999999999978193,0.9913049379942045
4.75,1.0,1.0,1.0,1.0,0.9914402565286198,0.9999999999979451,0.9913483047968794
4.755,1.0,1.0,1.0,1.0,0.9914853165936868,0.9999999999980638,0.9913914553067235
4.76,1.0,1.0,1.0,1.0,0.9915226997587796,0.9999999999981758,0.9914343906025019
4.765,1.0,1.0,1.0,1.0,0.9915751029455614,0.9999999999982813,0.9914771117575993
4.7700000000000005,1.0,1.0,1.0,1.0,0.9916118185541345,0.999999999998381,0.9915196198400468
4.775,1.0,1.0,1.0,1.0,0.9916585475105004,0.9999999999984748,0.9915619159125485
4.78,1.0,1.0,1.0,1.0,0.9917036075755674,0.9999999999985634,0.9916040010325086
4.785,1.0,1.0,1.0,1.0,0.991743660966738,0.9999999999986469,0.9916458762520571
4.79,1.0,1.0,1.0,1.0,0.9917823792448698,0.9999999999987256,0.9916875426180769
4.795,1.0,1.0,1.0,1.0,0.9918261041968975,0.9999999999987997,0.9917290011722292
4.8,1.0,1.0,1.0,1.0,0.9918628198054705,0.9999999999988698,0.99177025295098
4.805,1.0,1.0,1.0,1.0,0.9919055434227192,0.9999999999989357,0.9918112989856259
4.8100000000000005,1.0,1.0,1.0,1.0,0.9919475994834482,0.999999999998998,0.99185214030232
4.815,1.0,1.0,1.0,1.0,0.9919873190963594,0.9999999999990566,0.9918927779220973
4.82,1.0,1.0,1.0,1.0,0.9920290413788287,0.9999999999991118,0.9919332128609004
4.825,1.0,1.0,1.0,1.0,0.992065423209142,0.9999999999991639,0.9919734461296048
4.83,1.0,1.0,1.0,1.0,0.9921031401524947,0.9999999999992129,0.9920134787340446
4.835,1.0,1.0,1.0,1.0,0.9921391882045484,0.999999999999259,0.9920533116750365
4.84,1.0,1.0,1.0,1.0,0.992180576708758,0.9999999999993027,0.9920929459484066
4.845,1.0,1.0,1.0,1.0,0.9922233003260068,0.9999999999993437,0.9921323825450135
4.8500000000000005,1.0,1.0,1.0,1.0,0.992264021273697,0.9999999999993824,0.9921716224507743
4.855,1.0,1.0,1.0,1.0,0.9922990679909713,0.9999999999994189,0.9922106666466886
4.86,1.0,1.0,1.0,1.0,0.9923361173778042,0.9999999999994532,0.9922495161088634
4.865,1.0,1.0,1.0,1.0,0.9923728329863774,0.9999999999994855,0.9922881718085371
4.87,1.0,1.0,1.0,1.0,0.9924078797036517,0.9999999999995158,0.9923266347121045
4.875,1.0,1.0,1.0,1.0,0.9924482668730823,0.9999999999995445,0.99236490578114
4.88,1.0,1.0,1.0,1.0,0.9924843149251357,0.9999999999995716,0.9924029859724224
4.885,1.0,1.0,1.0,1.0,0.9925220318684881,0.999999999999597,0.9924408762379585
4.89,1.0,1.0,1.0,1.0,0.9925627528161782,0.999999999999621,0.9924785775250067
4.8950000000000005,1.0,1.0,1.0,1.0,0.9926004697595304,0.9999999999996435,0.9925160907761014
4.9,1.0,1.0,1.0,1.0,0.9926315111376877,0.9999999999996647,0.9925534169290756
4.905,1.0,1.0,1.0,1.0,0.992666224076702,0.9999999999996847,0.9925905569170853
4.91,1.0,1.0,1.0,1.0,0.9926952627853006,0.9999999999997035,0.992627511668632
4.915,1.0,1.0,1.0,1.0,0.9927313108373542,0.9999999999997211,0.9926642821075864
4.92,1.0,1.0,1.0,1.0,0.9927716980067848,0.9999999999997379,0.9927008691532114
4.925,1.0,1.0,1.0,1.0,0.9928034069414614,0.9999999999997535,0.992737273720185
4.93,1.0,1.0,1.0,1.0,0.9928414576630732,0.9999999999997683,0.9927734967186236
4.9350000000000005,1.0,1.0,1.0,1.0,0.9928768381586074,0.9999999999997822,0.9928095390541035
4.94,1.0,1.0,1.0,1.0,0.9929142213236999,0.9999999999997953,0.9928454016276854
4.945,1.0,1.0,1.0,1.0,0.9929506031540134,0.9999999999998076,0.9928810853359353
4.95,1.0,1.0,1.0,1.0,0.9929873187625864,0.9999999999998191,0.9929165910709479
4.955,1.0,1.0,1.0,1.0,0.9930223654798608,0.99999999999983,0.9929519197203682
4.96,1.0,1.0,1.0,1.0,0.9930580797536547,0.9999999999998402,0.9929870721674146
4.965,1.0,1.0,1.0,1.0,0.9930988007013446,0.9999999999998499,0.9930220492908998
4.97,1.0,1.0,1.0,1.0,0.9931358500881774,0.9999999999998589,0.9930568519652538
4.9750000000000005,1.0,1.0,1.0,1.0,0.993171898140231,0.9999999999998676,0.9930914810605455
4.98,1.0,1.0,1.0,1.0,0.9932029395183881,0.9999999999998755,0.9931259374425038
4.985,1.0,1.0,1.0,1.0,0.9932373186791428,0.9999999999998831,0.9931602219725401
4.99,1.0,1.0,1.0,1.0,0.9932623520486242,0.9999999999998901,0.9931943355077695
4.995,1.0,1.0,1.0,1.0,0.9932973987658984,0.9999999999998969,0.993228278901032
5.0,1.0,1.0,1.0,1.0,0.9933351157092506,0.9999999999999031,0.9932620530009145
