s,cdf_zeros,cdf_gue_mean,cdf_gue_q025,cdf_gue_q975,cdf_poisson_ensemble_mean,cdf_wigner_surmise,cdf_poisson
0.0,0.0,0.0,0.0,0.0,0.0,0.0,0.0
0.005,0.0,0.0,0.0,0.0,0.004952601818223691,1.3509233142902644e-07,0.00498752080731768
0.01,0.0,1.6688912987679243e-06,0.0,0.0,0.0099122129799022,1.0806767320094973e-06,0.009950166250831893
0.015,0.0,3.671560857289434e-06,0.0,0.0,0.014877498371996515,3.6469357054397245e-06,0.014888060396937353
0.02,0.0,1.0347126052361131e-05,0.0,0.00033344448149383126,0.019777029446919402,8.6434327722755e-06,0.019801326693244747
0.025,0.0,2.0026695585215072e-05,0.0,0.00033344448149383126,0.024655198713218106,1.6878803347823712e-05,0.024690087971667385
0.03,0.0,3.0040043377822575e-05,0.0,0.00033344448149383126,0.029484302575332928,2.9160446062929946e-05,0.029554466451491845
0.035,0.0,5.040051722279134e-05,0.0,0.00033344448149383126,0.03427635705061512,4.629421467517575e-05,0.03439458374243354
0.04,0.0,7.57676649640639e-05,0.0,0.00033344448149383126,0.039166208556005104,6.908411071729348e-05,0.03921056084767682
0.045,0.0,0.0001044725953028723,0.0,0.0006668889629876625,0.04396527237474214,9.833197702915214e-05,0.04400251816690004
0.05,0.0,0.0001438584299537955,0.0,0.0006668889629876625,0.0487843628890644,0.00013483719231952018,0.048770575499285984
0.055,0.0,0.00018624826894250094,0.0,0.0006668889629876625,0.05352101017322759,0.0001793963669027704,0.05351485204651618
0.06,0.0,0.00023898523398356765,0.0,0.0010003334444814939,0.0582342929792079,0.00023280303975516115,0.05823546641575128
0.065,0.0,0.0003050733294147757,0.0,0.0010003334444814939,0.06297561315900757,0.0002958473770347525,0.06293253662259657
0.07,0.0,0.00038851789435317014,0.0,0.001333777925975325,0.06763849544776523,0.000369315872207579,0.06760618009405173
0.075,0.00033344448149383126,0.0004729637940708259,0.0,0.001333777925975325,0.0723047155191203,0.0004539910479227499,0.07225651367144714
0.08,0.00033344448149383126,0.0005687581546201049,0.0,0.0016672224074691564,0.07690751772112224,0.0005506511597765662,0.07688365361336424
0.085,0.00033344448149383126,0.0006842454324948441,0.0,0.0016672224074691564,0.08153668840564475,0.0006600699021066386,0.08148771559854262
0.09,0.0006668889629876625,0.0008160878450975086,0.0,0.0020006668889629878,0.08611712746424313,0.0007830161159535914,0.08606881472877181
0.095,0.0010003334444814939,0.0009482640359599269,0.0,0.002334111370456819,0.09068187894463314,0.0009202534993286854,0.09062706553176858
0.1,0.0010003334444814939,0.001111147826719678,0.0,0.002334111370456819,0.09515617651663011,0.001072540319922849,0.09516258196404048
0.105,0.001333777925975325,0.001296060982623164,0.00033344448149383126,0.00266755585195065,0.09968187594062877,0.0012406291303918016,0.09967547741373439
0.11,0.001333777925975325,0.0014729634602925602,0.00033344448149383126,0.0030010003334444814,0.1040877489693764,0.0014252664863506348,0.10416586470347178
0.115,0.0016672224074691564,0.0016718953031056995,0.00033344448149383126,0.003334444814938313,0.10856705321526937,0.0016271926672090098,0.10863385609316867
0.12,0.0020006668889629878,0.0019008671892966642,0.0006668889629876625,0.003667889296432144,0.11295990889188631,0.0018471413999766872,0.11307956328284252
0.125,0.0020006668889629878,0.002161881788423968,0.0006668889629876625,0.0040013337779259755,0.11745656960728632,0.0020858395861682033,0.11750309741540454
0.13,0.0020006668889629878,0.00242289638755127,0.0010003334444814939,0.004334778259419807,0.1218931502359309,0.0023440070319317996,0.1219045690794387
0.135,0.002334111370456819,0.0027022687909650186,0.0010003334444814939,0.004668222740913638,0.1262376080648839,0.002622356181527702,0.12628408831196558
0.14,0.002334111370456819,0.0030176892464321555,0.001333777925975325,0.005001667222407469,0.13058974279381078,0.002921591854278316,0.13064176460119414
0.145,0.00266755585195065,0.0033471283888089442,0.0016672224074691564,0.0053351117039013,0.13494955442271217,0.0032424109851098004,0.1349777068892587
0.15,0.00266755585195065,0.0036822417616015463,0.0016672224074691564,0.006002000666888963,0.13930536071249652,0.003585502368804283,0.1392920235749422
0.155,0.0030010003334444814,0.0040734298820327445,0.0020006668889629878,0.006335445148382794,0.14363012562412347,0.003951546408077572,0.1435848225163865
0.16,0.0030010003334444814,0.004471293567659019,0.002334111370456819,0.007002334111370457,0.14801396928772723,0.004341214865597742,0.14785621103378865
0.165,0.003334444814938313,0.004896527070585076,0.00266755585195065,0.00766922307435812,0.1522856634560538,0.004755170620054733,0.15210629591208413
0.17,0.0040013337779259755,0.005340118377797584,0.0029843281093697906,0.008336112037345782,0.1565860625547188,0.005194067426390614,0.1563351834036163
0.17500000000000002,0.004334778259419807,0.005799063484958773,0.003334444814938313,0.00868622874291429,0.16076963926247057,0.0056585496802978585,0.16054297923079264
0.18,0.005001667222407469,0.006305405105004978,0.003667889296432144,0.009336445481827277,0.16496022531367674,0.006149252187088672,0.164729788588728
0.185,0.0053351117039013,0.006837113872792431,0.0040013337779259755,0.010003334444814937,0.16909740684332197,0.006666799935038242,0.16889571614787435
0.19,0.006002000666888963,0.007385177775307814,0.004334778259419807,0.010686895631877276,0.17324927461639694,0.007211807873300585,0.1730408660566377
0.195,0.007002334111370457,0.007945257695174318,0.005001667222407469,0.011353784594864939,0.17743151621110925,0.00778488069449304,0.1771653419439816
0.2,0.00766922307435812,0.00856775414961475,0.0053351117039013,0.012337445815271757,0.1815046123148823,0.008386612622044182,0.18126924692201818
0.20500000000000002,0.00766922307435812,0.009235644447381675,0.006002000666888963,0.01300433477825942,0.18563144671847578,0.009017587202395205,0.18535268358858548
0.21,0.009003001000333445,0.009937246349383729,0.006668889629876626,0.013671223741247083,0.189629442713804,0.00967837710214392,0.18941575402981292
0.215,0.010336778926308769,0.010650196712217376,0.007002334111370457,0.014338112704234745,0.19361609024830057,0.010369543910215162,0.19345855982267313
0.22,0.0106702234078026,0.011381171101077702,0.00766922307435812,0.01533844614871624,0.1976347804957344,0.011091637945143562,0.1974812020375215
0.225,0.011337112370790263,0.012148861098510957,0.008336112037345782,0.016005335111703902,0.20163244271280298,0.011845198067543028,0.20148378124062294
0.23,0.011670556852284094,0.012950930256698839,0.009003001000333445,0.017339113037679228,0.20563711427332673,0.012630751497845205,0.20546639749666595
0.23500000000000001,0.01300433477825942,0.013781370566965746,0.009669889963321108,0.01833944648216072,0.2096387818295123,0.013448813639375612,0.20942915037126442
0.24,0.013337779259753251,0.014629501124999611,0.010336778926308769,0.019339779926642216,0.21352696477738192,0.014299887906842057,0.21337213893344653
0.245,0.014004668222740914,0.01549365303950165,0.011337112370790263,0.020006668889629875,0.21740680326875758,0.015184465560299898,0.21729546175813186
0.25,0.015005001667222408,0.016444921079799352,0.012004001333777926,0.02100700233411137,0.2212666150645482,0.01610302554466042,0.22119921692859512
0.255,0.01533844614871624,0.01742622916347491,0.012670890296765588,0.022007335778592863,0.22518350294275596,0.017056034334801684,0.22508350203891903
0.26,0.016672224074691565,0.018419887042761318,0.013671223741247083,0.023357785928642866,0.22904197962550757,0.018043945786342885,0.22894841419643375
0.265,0.017672557519173057,0.01945359831321818,0.014338112704234745,0.024674891630543514,0.2328604029170881,0.019067200992133715,0.23279405002414433
0.27,0.018672890963654553,0.020526361640066187,0.01533844614871624,0.02567522507502501,0.2367375711823859,0.020126228144513036,0.23662050566314685
0.275,0.019339779926642216,0.021626828562473773,0.01633877959319773,0.02669223074358118,0.24062308390417753,0.02122144240338414,0.24042787677503152
0.28,0.020006668889629875,0.022775025776026088,0.017339113037679228,0.028009336445481828,0.24439277556983477,0.022353245770151797,0.24421625854427453
0.28500000000000003,0.020340113371123708,0.023977295067658538,0.01833944648216072,0.029676558852950983,0.24812742051821746,0.023522026967563836,0.24798574568061738
0.29,0.021673891297099034,0.025212274628746787,0.019673224408136045,0.030693564521507156,0.25191546998816106,0.02472816132549499,0.25173643242143473
0.295,0.022340780260086696,0.026449924415913054,0.02100700233411137,0.03234411470490164,0.2555940401889053,0.025972010672708823,0.2554684125340906
0.3,0.02300766922307436,0.027726960037730303,0.022007335778592863,0.033677892630876956,0.25933602825900276,0.02725392323462994,0.2591817793182821
0.305,0.02400800266755585,0.02902836147250951,0.02300766922307436,0.03502834278092696,0.2629748788468363,0.028574233537155103,0.2628766256083722
0.31,0.02567522507502501,0.030395183446200447,0.024341447149049684,0.03669556518839612,0.2666407654737101,0.029933262316528597,0.26655304377571076
0.315,0.02600866955651884,0.031790042793710664,0.02567522507502501,0.0383461153717906,0.270334689474403,0.031331316435304124,0.2702111257309432
0.32,0.026675558519506502,0.033256664467067966,0.027009003001000332,0.0396965655218406,0.2739692009448595,0.032768688804411805,0.27385096292630906
0.325,0.027342447482494165,0.03473196437517881,0.02867622540846949,0.041347115705235075,0.2776047137500956,0.03424565831134668,0.2774726463579278
0.33,0.02867622540846949,0.03632308533942417,0.030326775591863954,0.0426808936312104,0.2811975029380833,0.035762489754489146,0.28107626656807383
0.335,0.03134378126042014,0.03789284449504523,0.03134378126042014,0.04434811603867956,0.2847849516739147,0.03731943378356767,0.2846619136474401
0.34,0.03234411470490164,0.03951000016355139,0.03267755918639546,0.04601533844614872,0.2882809451665735,0.038916726846269345,0.28822967723739035
0.34500000000000003,0.03434478159386462,0.04115385809283775,0.03466155385128376,0.048349449816605536,0.29183835385902795,0.04055459114099963,0.2917796465322
0.35000000000000003,0.035345115038346114,0.04285579343932123,0.03601200400133378,0.04968322774258086,0.2953360162429852,0.042233234575790535,0.29531191028128656
0.355,0.03667889296432144,0.04455539233798659,0.037345781927309106,0.051683894631543846,0.29886004710946357,0.04395285073335348,0.29882655679142756
0.36,0.0383461153717906,0.04632107933208297,0.03901300433477826,0.05368456152050684,0.3023767348542274,0.04571361884226921,0.302323673928969
0.365,0.041347115705235075,0.048152520643350856,0.040680226742247416,0.05568522840946982,0.3058476949774051,0.04751570375430314,0.3058033491220211
0.37,0.042347449149716575,0.05001667222407465,0.042347449149716575,0.05736912304101366,0.30931932265710277,0.04935925592783347,0.3092656693626453
0.375,0.04468156052017339,0.05189317360040934,0.04434811603867956,0.0596865621873958,0.3127448889369539,0.05124441141737329,0.31271072120902776
0.38,0.04668222740913638,0.05379771235056337,0.04601533844614872,0.061687229076358784,0.31615643652989445,0.05317129186916847,0.31613859078764417
0.385,0.049016338779593195,0.055765668970070355,0.04768256085361787,0.06368789596532178,0.3195950201618763,0.055140004522844954,0.3195493637954123
0.39,0.051683894631543846,0.057774346537267436,0.04934978326108703,0.06568856285428476,0.32300890420263567,0.05715064221908256,0.32294312550183535
0.395,0.054018006002000664,0.05984577441729824,0.051667222407469154,0.06802267422474158,0.326360037930562,0.05920328341328168,0.32631996075113234
0.4,0.056018672890963656,0.061955920575460365,0.05368456152050684,0.07069023007669223,0.3297558979452944,0.06129799219519261,0.3296799539643607
0.405,0.056685561853951315,0.06414350328988533,0.05568522840946982,0.07302434144714905,0.3331150423514546,0.06343481831447201,0.3330231891415256
0.41000000000000003,0.05801933977992664,0.06634176690862248,0.057685895298432814,0.07535845281760586,0.33646484096634166,0.06561379721212535,0.3363497498636806
0.41500000000000004,0.05901967322440813,0.06858308792286771,0.06002000666888963,0.0770423474491497,0.3397475501510178,0.06783495005779694,0.33965971929501715
0.42,0.061020340113371124,0.07090117793685641,0.06267089029676559,0.07969323107702568,0.34304294290956416,0.07009828379285882,0.34295318018494325
0.425,0.06268756252084028,0.07321693150302683,0.06468822940980327,0.0820273424474825,0.34634133967245034,0.0724037911792561,0.3462302148701527
0.43,0.06535511837279093,0.07558208425164087,0.06702234078026009,0.08436145381793932,0.34957765367902044,0.07475145085405382,0.3494909052766835
0.435,0.06602200733577859,0.07796025435238506,0.06902300766922308,0.08702900966988997,0.35286436820281397,0.07714122738963491,0.35273533292196535
0.44,0.06902300766922308,0.08041986634850933,0.0713571190396799,0.08902967655885295,0.3560372643400318,0.07957307135949249,0.3559635789168586
0.445,0.07069023007669223,0.08291519261842714,0.07369123041013671,0.0916972324108036,0.359254219207536,0.08204691940955855,0.35917572396768127
0.45,0.07469156385461821,0.08545123983603475,0.07602534178059353,0.09436478826275425,0.36245114737945616,0.0845626943350068,0.36237184837822667
0.455,0.07702567522507503,0.08807240050987956,0.07835945315105035,0.09736578859619874,0.3656046843776089,0.08712030516246827,0.3655520320517718
0.46,0.081027009003001,0.09068087760985384,0.08134378126042015,0.09971657219073023,0.3688193027972951,0.08971964723758974,0.36871635449307405
0.465,0.08369456485495165,0.09330003561414023,0.08336112037345782,0.10270090030010004,0.3719875260388762,0.09236060231786952,0.3718648948103592
0.47000000000000003,0.08602867622540847,0.09600497463118324,0.08602867622540847,0.10538512837612535,0.3750833193980912,0.09504303867069835,0.3749977317172992
0.47500000000000003,0.0873624541513838,0.09876131550022868,0.08902967655885295,0.10836945648549516,0.37818144920512337,0.09776681117653124,0.37811494353498
0.48,0.08836278759586529,0.101507643021481,0.0916972324108036,0.11103701233744581,0.3812692318861037,0.1005317614371139,0.38121660819385916
0.485,0.09136378792930977,0.10432272886424276,0.09436478826275425,0.11370456818939646,0.3843029424890044,0.10333771788868895,0.38430280323571486
0.49,0.09469823274424809,0.10719455701116279,0.09736578859619874,0.11670556852284095,0.3874251043307394,0.10618449592009627,0.3873736058155839
0.495,0.09769923307769257,0.11016785374904758,0.10036678892964321,0.11970656885628543,0.39047717273792637,0.10907189799568984,0.39042909270369075
0.5,0.10170056685561854,0.1131017646522814,0.10303434478159386,0.12237412470823608,0.3935309100364119,0.11199971378298262,0.3934693402873666
0.505,0.10470156718906302,0.11608373962491976,0.10635211737245749,0.12504168056018672,0.3965425912741691,0.11496772028493685,0.39649442457295947
0.51,0.10703567855951984,0.11908407240184496,0.10903634544848283,0.12837612537512505,0.3995192257946508,0.11797568197680774,0.3995044211877341
0.515,0.11137045681893964,0.12213246924817418,0.11202067355785263,0.1313937979326442,0.40250553988466653,0.12102335094745031,0.40249940538176254
0.52,0.11370456818939646,0.12521958437263525,0.1150383461153718,0.13471157052350782,0.4054935228659807,0.12411046704500084,0.4054794520298056
0.525,0.11737245748582861,0.12837479026208604,0.11835611870623541,0.1387295765255085,0.4085008649863605,0.12723675802683404,0.4084446356331849
0.53,0.11970656885628543,0.13150262633423693,0.12137379126375458,0.1417139046348783,0.41139772650276185,0.13040193971370256,0.4113950303216448
0.535,0.12204068022674225,0.13468119670187023,0.12437479159719907,0.1450483494498166,0.41429725824524155,0.1336057161479628,0.41433070985520626
0.54,0.12504168056018672,0.13795689654309184,0.12770923641213738,0.14871623874624876,0.4172048006659544,0.13684777975578388,0.41725174762601036
0.545,0.12770923641213738,0.14128366445805585,0.1310436812270757,0.15206735578526173,0.42014471957786453,0.14012781151324505,0.4201582166601536
0.55,0.13071023674558185,0.14457171409488861,0.13471157052350782,0.15538512837612536,0.42301454505522607,0.14344548111621414,0.42305018961951335
0.555,0.1353784594864955,0.14790048467941108,0.13771257085695232,0.1587195731910637,0.42589071231952247,0.14680044715390655,0.42592773880356405
0.56,0.13837945981994,0.15131603761146928,0.14104701567189062,0.16238746248749583,0.4287294964187268,0.1501923572860217,0.42879093615118513
0.5650000000000001,0.13871290430143382,0.15477932083467266,0.14438146048682896,0.16572190730243413,0.43161267302647766,0.15362084842334806,0.43163985324245957
0.5700000000000001,0.14238079359786596,0.15827130898821468,0.14738246082027343,0.1697399133044348,0.434418413077967,0.15708554691173132,0.4344745613004629
0.5750000000000001,0.14671557185728576,0.16178566028515995,0.15103367789263086,0.1727242414138046,0.43726687674670345,0.16058606871929781,0.4372951311930443
0.58,0.15005001667222406,0.16534173386457493,0.15470156718906303,0.17607535845281758,0.4400679439025554,0.16412201962682554,0.44010163343459796
0.585,0.1543847949316439,0.16888011719622262,0.15805268422807603,0.17972657552517507,0.44284364391066616,0.16769299542115013,0.4428941381878261
0.59,0.1567189063021007,0.1725369918100829,0.1620373457819273,0.1833944648216072,0.44562468437093294,0.17129858209149557,0.4456727152654929
0.595,0.162054018006002,0.1761551481458115,0.16572190730243413,0.18674558186062018,0.44832828827493754,0.1749383560286225,0.4484374341321702
0.6,0.16472157385795266,0.17981335787271074,0.16905635211737247,0.19073024341447148,0.4510966451613331,0.17861188422667468,0.4511883639059736
0.605,0.16805601867289097,0.18352797612550836,0.1727242414138046,0.19473157719239748,0.4538119313044287,0.18231872448761538,0.4539255733602906
0.61,0.1717239079693231,0.18725894951303412,0.17639213071023674,0.19906635545181728,0.4565482454778883,0.18605842562814112,0.4566491309255002
0.615,0.1737245748582861,0.19103298029606777,0.18036012004001334,0.20206735578526175,0.45927187607747727,0.1898305276889547,0.4593591046906834
0.62,0.1770590196732244,0.1948447280224539,0.18404468156052017,0.20606868956318772,0.4619905000031707,0.19363456214628522,0.4620555624053255
0.625,0.18072690896965654,0.1986424570619302,0.187729243081027,0.21007002334111372,0.46462467802914587,0.19747005212554242,0.4647385714810097
0.63,0.1843947982660887,0.20254532625322907,0.1910636878959653,0.21440480160053352,0.46729824188977176,0.20133651261698587,0.4674081989931028
0.635,0.18972990996999,0.20637876956649887,0.19473157719239748,0.21807269089696565,0.46996780041128094,0.20523345069329646,0.47006451168243146
0.64,0.1950650216738913,0.21032135837070828,0.1993997999333111,0.2217405801933978,0.47261666468068503,0.20916036572893637,0.47270757595695145
0.645,0.19806602200733578,0.21427028896185296,0.20273424474824941,0.2260753584528176,0.47528155030655833,0.2131167496211765,0.4753374578934071
0.65,0.20073357785928642,0.21825259737897304,0.20673557852617538,0.2300766922307436,0.47791873233687127,0.21710208701268124,0.47795422323898396
0.655,0.20440146715571858,0.2222722889611851,0.21073691230410135,0.23407802600866956,0.4805499063585094,0.22111585551553326,0.48055793741295183
0.66,0.20740246748916305,0.2263220205867755,0.21507169056352118,0.23842947649216403,0.4831346852020402,0.22515752593658017,0.4831486655083008
0.665,0.21073691230410135,0.23037642510800205,0.21907302434144715,0.24243081027009,0.48572981117162395,0.2292265625039938,0.4857264722933681
0.67,0.21340446815605202,0.23452195109414156,0.22307435811937312,0.24609869956652217,0.48832093180209174,0.23332242309492035,0.48829142221345756
0.675,0.21907302434144715,0.23865913262378707,0.22740913637879293,0.25010003334444814,0.49089636485435,0.23744455946411175,0.4908435793924508
0.68,0.22307435811937312,0.2428333635402658,0.23174391463821273,0.25441813937979324,0.49343875385889346,0.24159241747342136,0.49338300763441045
0.685,0.2257419139713238,0.24709504436079935,0.23574524841613873,0.2594198066022007,0.4959861495373332,0.24576543732205314,0.4959097704251745
0.6900000000000001,0.22940980326775592,0.25130699222062997,0.24006335445148383,0.2634378126042014,0.49853254388099355,0.249963053777444,0.49842393093394455
0.6950000000000001,0.2334111370456819,0.2555075916196294,0.2440813604534845,0.2674224741580527,0.5010702599898997,0.2541846964066776,0.5009255520148641
0.7000000000000001,0.23641213737912636,0.2597519159706558,0.2474158052684228,0.27109036345448484,0.5036303392422098,0.25842978980830666,0.5034146962085906
0.705,0.24174724908302767,0.26401793590856626,0.2524008002667556,0.27544181393797934,0.5060816067818401,0.2626977538444792,0.5058914257438583
0.71,0.24674891630543513,0.2683253443506864,0.2567355785261754,0.2794431477159053,0.5085251974214964,0.26698800387325566,0.5083558025390349
0.715,0.24908302767589197,0.27265444837969,0.2610870290096699,0.28376125375125044,0.510943754691671,0.27129995098100557,0.5108078882036684
0.72,0.25441813937979324,0.27693215055669185,0.2654218072690897,0.28842947649216405,0.5133553026183916,0.27563300221477993,0.5132477440400283
0.725,0.25741913971323777,0.28131866444637366,0.2697565855285095,0.29276425475158385,0.5157511629669014,0.2799865608145443,0.5156754310446375
0.73,0.2600866955651884,0.28568448408395086,0.2737579193064355,0.29676558852950985,0.5181713891283755,0.2843600264451708,0.5180910099097975
0.735,0.2630876958986329,0.2900783410953468,0.2784261420473491,0.30143381127042346,0.5206019624159005,0.28875279542808013,0.5204945410251058
0.74,0.26675558519506504,0.294478539893678,0.2827609203067689,0.3061020340113371,0.5230332032599456,0.29316426097243226,0.5228860844789656
0.745,0.2704234744914972,0.298966188596065,0.2870956985661887,0.3104368122707569,0.5253786630912345,0.29759381340575564,0.5252657000600875
0.75,0.2737579193064355,0.30336471850309754,0.2914304768256085,0.3147715905301767,0.5277661789832514,0.3020408404039196,0.5276334472589853
0.755,0.2794264754918306,0.307836679627277,0.2960820273424475,0.31910636878959653,0.5300785947668246,0.3065047272203422,0.529989385269462
0.76,0.28409469823274425,0.3122739278124414,0.3007502500833611,0.32344114704901633,0.5324337341676455,0.3109848569143393,0.5323335729900908
0.765,0.29276425475158385,0.31679261789298485,0.3051017005668556,0.32810936978993,0.5347558295207517,0.3154806105785102,0.5346660690256866
0.77,0.2980993664554852,0.32129728928661916,0.30941980660220075,0.3327775925308436,0.5370989529042223,0.31999136756506746,0.5369869316887719
0.775,0.3037679226408803,0.32585870298441183,0.3131043681227076,0.3371290430143381,0.5393996864487023,0.32451650571101254,0.5392962190010342
0.78,0.3087695898632878,0.3303723863910596,0.31842280760253416,0.34178059353117707,0.5416884039758333,0.3290554015620624,0.5415939886947765
0.785,0.31377125708569525,0.33494448099316404,0.3231077025675225,0.345781927309103,0.5440028224289647,0.33360743059523645,0.5438802982143608
0.79,0.3174391463821274,0.33951056758659315,0.32777592530843613,0.3507835945315105,0.5462488163388467,0.33817196744000827,0.5461552047176441
0.795,0.32477492497499166,0.3441313938146215,0.33211070356785594,0.35545181727242414,0.5485321934138206,0.34274838609793845,0.5484187650774077
0.8,0.33211070356785594,0.3487218462210124,0.3370956985661887,0.35978659553184394,0.5507815251063002,0.3473360601606937,0.5506710358827784
0.805,0.33644548182727574,0.353305956840468,0.3411137045681894,0.3644548182727576,0.5530412039248319,0.3519343630263715,0.5529120734406436
0.81,0.33977992664221407,0.35792444662067857,0.3464488162720907,0.3687895965321774,0.5552611631304532,0.35654266811404073,0.5551419337770589
0.8150000000000001,0.34278092697565854,0.36254360395740826,0.35145048349449814,0.3738079359786596,0.5575088259316326,0.36116034907641853,0.5573606726386489
0.8200000000000001,0.3474491497165722,0.3671464061594103,0.3561187062354118,0.37880960320106705,0.5596920695286819,0.365786780010601,0.5595683454940008
0.8250000000000001,0.3547849283094365,0.3718142951220644,0.3607702567522507,0.38346115371790596,0.5619497456776544,0.37042133566676727,0.5617650075350509
0.8300000000000001,0.3587862620873625,0.37650821878897844,0.3647882627542514,0.38781260420140046,0.5640956061096106,0.3750633916547816,0.5639507136784645
0.835,0.3631210403467823,0.3811373894735013,0.3694564854951651,0.3924641547182394,0.566282855045777,0.37971232464861493,0.5661255185670091
0.84,0.3687895965321774,0.38585501139685874,0.37477492497499165,0.39714904968322773,0.56836329493882,0.3843675125885132,0.5682894765709203
0.845,0.3741247082360787,0.3904865185291998,0.37910970323441145,0.4021340446815605,0.5705468723141272,0.38902833488084193,0.5704426417892609
0.85,0.3801267089029677,0.39512403367021653,0.3841280426808936,0.40680226742247416,0.5726997420895383,0.3936941725955342,0.5725850680512733
0.855,0.3837945981993998,0.39980727643281855,0.3881293764588196,0.41180393464488163,0.5748292473867668,0.39836440866107453,0.5747168089177259
0.86,0.3904634878292764,0.40454525883002096,0.3931310436812271,0.41613871290430143,0.5769590864622548,0.40303842805695544,0.5768379176822511
0.865,0.39413137712570856,0.4091310383407757,0.397782594198066,0.4214738246082027,0.5790048134162828,0.407715618003538,0.5789484473726788
0.87,0.40013337779259756,0.4138072717599231,0.40246748916305436,0.42580860286762257,0.5811590183047333,0.4123953681492555,0.581048450752361
0.875,0.40546848949649883,0.4184741593877976,0.40713571190396797,0.4304768256085362,0.5832641577889998,0.4170770707551044,0.5831379803214916
0.88,0.4101367122374125,0.42316574660689377,0.41212070690230074,0.43514504834944984,0.5853552785863548,0.42176012087635817,0.5852170883184187
0.885,0.41613871290430143,0.42778690661318197,0.41645548516172054,0.43949649883294434,0.5874387224837369,0.4264439165414495,0.5872858267209504
0.89,0.42014004668222743,0.43249318007570725,0.4211403801267089,0.4444814938312771,0.5894647565204417,0.4311278589279716,0.5893442472476544
0.895,0.42580860286762257,0.43723283136420815,0.42580860286762257,0.4488329443147716,0.5915054768005744,0.43581135253573927,0.5913924013591516
0.9,0.42914304768256084,0.44179624773155923,0.43014338112704237,0.4535011670556852,0.5935718980067093,0.44049380535686644,0.5934303402594009
0.905,0.4341447149049683,0.4465362327983198,0.4357952650883628,0.457835945315105,0.5955999347129722,0.44517462904280747,0.5954581148969812
0.91,0.43981327109036344,0.4512194755609232,0.4401300433477826,0.4628376125375125,0.5976079447236496,0.4498532390683193,0.597475775966364
0.915,0.44614871623874625,0.45590171698874626,0.4451317105701901,0.46782260753584526,0.5996423232168471,0.4545290548923,0.5994833739091812
0.92,0.4518172724241414,0.46061700246428455,0.4498166055351784,0.47182394131377126,0.6016670221405126,0.45920150011546196,0.6014809589154859
0.925,0.458486162054018,0.4652982425573279,0.45480160053351115,0.4768256085361787,0.6036807063816059,0.46387000263480105,0.6034685809250071
0.93,0.4628209403134378,0.4698903638550178,0.45915305101700565,0.4811603867955985,0.6056366469837617,0.46853399479482355,0.605446289628399
0.935,0.46948982994331445,0.47455892037419156,0.4641380460153384,0.4858286095365122,0.6076079413858679,0.4731929135354957,0.6074141344684816
0.9400000000000001,0.4768256085361787,0.47916205635445336,0.4684894964988329,0.48984661553851283,0.6095732277792968,0.4778462005368833,0.6093721646414789
0.9450000000000001,0.4818272757585862,0.4837341509565579,0.4728242747582527,0.4948316105368456,0.6115495288552967,0.4824933023604507,0.611320429098247
0.9500000000000001,0.48449483161053686,0.488419396388719,0.4774924974991664,0.4991663887962654,0.613478767196673,0.48713367058698803,0.6132589765454988
0.9550000000000001,0.4904968322774258,0.49296078339092625,0.4818272757585862,0.503834611537179,0.6154006624163352,0.4917667619511426,0.6151878554470215
0.96,0.49549849949983327,0.49751585530178455,0.486162054018006,0.5085028342780927,0.6173409154402824,0.49639203847252794,0.6171071140248879
0.965,0.5018339446482161,0.5020458938431607,0.49083027675891966,0.5128376125375125,0.6192391124035017,0.5010089675833875,0.6190168002606627
0.97,0.5071690563521174,0.5066847440972154,0.49548182727575857,0.5175225075025008,0.6211209542319915,0.5056170222527948,0.6209169618966012
0.975,0.5111703901300434,0.5112795356209829,0.5001667222407469,0.5215238412804267,0.6230158134126133,0.5102156811073664,0.622807646436843
0.98,0.5165055018339446,0.515834273753581,0.5048349449816606,0.5261753917972658,0.6249103388149747,0.5148044285484774,0.6246889011486004
0.985,0.5195065021673891,0.5203833376557623,0.5091530510170057,0.531510503501167,0.6268055317738553,0.5193827548659598,0.6265607730633391
0.99,0.5245081693897966,0.5249270611057876,0.5134878292764256,0.5351950650216738,0.6286686820197993,0.523950156348273,0.6284233089779543
0.995,0.5298432810936979,0.5294120395820967,0.5181727242414138,0.5405135045015005,0.6305401767222372,0.5285061353891363,0.6302765554559411
1.0,0.5368456152050683,0.5339283932148225,0.5218406135378459,0.5451817272424141,0.6324073323072983,0.5330502005906137,0.6321205588285577
1.0050000000000001,0.5431810603534512,0.5384520899692632,0.5271757252417473,0.549516505501834,0.6342240873751377,0.5375818668626449,0.6339553651959846
1.01,0.5471823941313771,0.5429203795325841,0.531510503501167,0.5538512837612537,0.6360745540472128,0.5421006555190166,0.6357810204284766
1.0150000000000001,0.5508502834278093,0.5473619668351251,0.5361787262420807,0.5581860620206736,0.6379076642497781,0.5466060943697749,0.6375975701675097
1.02,0.5565188396132044,0.5518506168722905,0.5408469489829943,0.5628709569856618,0.6397000535046541,0.5510977178100697,0.6394050598269216
1.025,0.5608536178726242,0.5562801881574803,0.5451817272424141,0.567189063021007,0.641492442759531,0.5555750669054434,0.6412035345940483
1.03,0.5645215071690564,0.5606303202168486,0.549516505501834,0.5718572857619206,0.643293510249162,0.5600376894735559,0.6429930394308526
1.035,0.56918972990997,0.5650278487891031,0.5541680560186729,0.5758752917639213,0.6450688768127917,0.5644851401623564,0.6447736190750485
1.04,0.5741913971323774,0.5693599568224439,0.5585195065021674,0.5805268422807602,0.6468636025154876,0.5689169805247076,0.6465453180412198
1.045,0.5791930643547849,0.573801210346725,0.5628542847615872,0.5851950650216738,0.6486726806833504,0.5733327790894678,0.6483081806219331
1.05,0.5835278426142048,0.5781603544191064,0.567189063021007,0.5891963987995998,0.6504667388295261,0.5777321114290446,0.6500622508888447
1.055,0.5898632877625876,0.5825472020870486,0.571840613537846,0.5935311770590197,0.6521853630889973,0.5821145602234263,0.6518075726938024
1.06,0.5941980660220073,0.5868065464597642,0.5761753917972658,0.5975325108369457,0.653901317122392,0.586479715320713,0.6535441896699425
1.065,0.6005335111703901,0.5911186277975199,0.5801933977992664,0.6022007335778593,0.6556269507253163,0.5908271737941492,0.6552721452327799
1.07,0.6028676225408469,0.5953853152919505,0.5845281760586862,0.6062187395798599,0.6573465763195675,0.5951565399956895,0.6569914825812934
1.075,0.6062020673557853,0.5996570094602768,0.5885295098366122,0.6102200733577858,0.6590718761442336,0.5994674256061017,0.6587022446990063
1.08,0.6098699566522174,0.6038445915071459,0.5931977325775258,0.614538179393131,0.6607537847951314,0.6037594496816368,0.6604044743550609
1.085,0.6168722907635878,0.6081102776667968,0.5975325108369457,0.618539513171057,0.6624767481719797,0.6080322386972823,0.6620982141052869
1.09,0.6212070690230077,0.6123996620828892,0.6018672890963654,0.6228742914304768,0.6640885633883289,0.6122854265866224,0.6637835062932667
1.095,0.624541513837946,0.6166156152818386,0.6055351783927976,0.6272090696898966,0.665779817830501,0.6165186547783279,0.6654603930513924
1.1,0.6302100700233411,0.620798858211329,0.6098699566522174,0.6312104034678226,0.667479750507426,0.6207315722293061,0.6671289163019205
1.105,0.6358786262087363,0.624966079784353,0.6141880626875625,0.6355451817272424,0.6691366257888426,0.624923835454531,0.668789117758019
1.11,0.6385461820606869,0.6290895764053487,0.6182060686895632,0.639563187729243,0.6708075197571697,0.6290951085535881,0.670441038924811
1.115,0.6425475158386129,0.6332317646088905,0.6228742914304768,0.644214738246082,0.6724363576647682,0.6332450632339577,0.6720847211004115
1.12,0.6478826275425141,0.6373659421341986,0.6268756252084028,0.648216072024008,0.6740922316114043,0.637373378831075,0.6737202053769605
1.125,0.6535511837279093,0.6414600662683361,0.631193731243748,0.6519006335445148,0.6757327517580938,0.6414797423251908,0.6753475326416503
1.1300000000000001,0.6572190730243415,0.6455007858809131,0.6348782927642548,0.6559019673224408,0.6773716030134833,0.6455638483550736,0.6769667435777471
1.135,0.6602200733577859,0.6495198099066061,0.6388796265421808,0.6599033011003668,0.6789890924602499,0.6496253992285819,0.6785778786656087
1.1400000000000001,0.6658886295431811,0.6536082598103267,0.6435478492830944,0.6635711903967989,0.6806145925852495,0.6536641049301488,0.6801809781836962
1.145,0.6688896298766256,0.6576466429750848,0.6481993997999334,0.6675558519506503,0.6822274091363782,0.6576796831252074,0.6817760822095809
1.1500000000000001,0.6722240746915639,0.6616766816833504,0.6518672890963655,0.67189063021007,0.6838545781526787,0.6616718591616046,0.6833632306209468
1.155,0.6765588529509836,0.6656496443091972,0.6558852950983661,0.6755585195065021,0.6854543773516758,0.6656403660680341,0.6849424630965867
1.16,0.6805601867289096,0.6695872264395107,0.6602200733577859,0.679893297765922,0.687046165872442,0.6695849445495332,0.6865138191173947
1.165,0.6858952984328109,0.6734774120569392,0.6638879626542181,0.683894631543848,0.6886102507976474,0.6735053429800839,0.6880773379673533
1.17,0.691563854618206,0.6773479047570421,0.6672224074691564,0.6875625208402801,0.6901516388011888,0.6774013173923583,0.689633058734515
1.175,0.6945648549516505,0.6811402933443625,0.6712237412470824,0.6912304101367123,0.6916987010351449,0.6812726314646542,0.6911810203119801
1.18,0.6975658552850951,0.6849830824489044,0.6758752917639214,0.6948982994331444,0.6932357499213112,0.6851190565050599,0.6927212613988687
1.185,0.7032344114704902,0.6887838154927195,0.6795598532844281,0.6985661887295765,0.694743426320619,0.6889403714329003,0.6942538205012883
1.19,0.7072357452484161,0.692633280162456,0.6832277425808603,0.7025675225075025,0.6962574445068612,0.6927363627574993,0.6957787359332959
1.195,0.7142380793597866,0.6963909558107626,0.6872290763587863,0.7065688562854284,0.6977768031452598,0.6965068245543156,0.6972960458178572
1.2,0.7162387462487496,0.7000795393592987,0.6912137379126376,0.7102534178059353,0.6992851471010857,0.7002515584384887,0.6988057880877978
1.205,0.719239746582194,0.703801834512072,0.6945648549516505,0.7145715238412804,0.7008208608742112,0.7039703735358518,0.7003080004867537
1.21,0.7219073024341447,0.7075047705257774,0.6982327442480827,0.7179059686562187,0.7023428897386885,0.7076630864514494,0.7018027205701126
1.215,0.7252417472490831,0.7111055703919982,0.701567189063021,0.7212404134711571,0.703827869216332,0.7113295212356194,0.7032899857059547
1.22,0.7285761920640214,0.7147083729277794,0.7052184061353786,0.7245748582860954,0.7052624481767531,0.7149695093476796,0.7047698330759857
1.225,0.7325775258419474,0.7183231914809105,0.7085695231743915,0.7282594198066021,0.706736412971825,0.7185828896172739,0.7062422996764672
1.23,0.7362454151383795,0.7218909472994174,0.7122374124708236,0.7319106368789596,0.708202700866923,0.7221695082034251,0.7077074223191406
1.235,0.7395798599533178,0.7254366737527793,0.7155718572857619,0.7355785261753918,0.7096442891707978,0.7257292185513495,0.7091652376321484
1.24,0.7419139713237746,0.7288989556412023,0.7195565188396132,0.7385795265088363,0.7111222593049852,0.7292618813470773,0.7106157820609493
1.245,0.7459153051017006,0.7324159771642279,0.7229076358786262,0.7419306435478492,0.7125454898045749,0.7327673644699385,0.7120590918692298
1.25,0.750916972324108,0.7358412096658177,0.7259086362120707,0.7459153051017006,0.713958706956373,0.7362455429429594,0.7134952031398099
1.2550000000000001,0.7522507502500834,0.7392911417586305,0.7295765255085028,0.7499166388796266,0.7153675849907936,0.7396962988812252,0.7149241517755465
1.26,0.7559186395465155,0.7426943448950781,0.7328942980993665,0.7535845281760587,0.7167611092252648,0.7431195214382614,0.7163459735002295
1.2650000000000001,0.7592530843614538,0.7460231154796007,0.7362454151383795,0.7565855285095031,0.7182047001986974,0.7465151067504843,0.7177607038594767
1.27,0.7625875291763922,0.7493285215859401,0.7395798599533178,0.7599199733244415,0.7196149133461567,0.7498829578797755,0.7191683782216203
1.2750000000000001,0.764921640546849,0.7526669717399963,0.7432310770256753,0.7629209736578859,0.7209720557503142,0.7532229847542339,0.7205690317785927
1.28,0.7682560853617872,0.756011096124467,0.7462487495831944,0.766588862954318,0.7223392115022667,0.7565351041071537,0.7219626995468058
1.285,0.7712570856952318,0.7592814555135328,0.7492330776925642,0.7695898632877626,0.7237157130454911,0.7598192394142913,0.7233494163680265
1.29,0.7775925308436146,0.7625027494984143,0.7525841947315772,0.7726075358452817,0.7250675149974926,0.7630753208294616,0.7247292169102477
1.295,0.7802600866955652,0.7656943372181783,0.7559186395465155,0.7755918639546515,0.726442013871157,0.766303285118529,0.7261021356685544
1.3,0.7835945315105035,0.7689229743247744,0.7589029676558854,0.7792597532510837,0.7277894767057824,0.7695030755918394,0.7274682069659875
1.305,0.7859286428809603,0.7721095553706426,0.7619206402134044,0.782594198066022,0.7291786618228768,0.7726746420351488,0.7288274649544001
1.31,0.7889296432144048,0.7752400616688723,0.7652384128042682,0.7852784261420473,0.7304930806097861,0.775817940639102,0.7301799436153131
1.315,0.7912637545848616,0.7783658950714639,0.7682560853617872,0.788596198732911,0.7318348692139965,0.7789329339273139,0.7315256767607634
1.32,0.7929309769923307,0.7814376563959756,0.7715738579526509,0.7912637545848616,0.7332050289702847,0.7820195906831078,0.7328646980341497
1.325,0.7959319773257753,0.784482047903188,0.7742580860286762,0.7942647549183061,0.7345418109005989,0.7850778858749621,0.7341970409110734
1.33,0.7979326442147382,0.7874700308845025,0.7772590863621207,0.7969489829943314,0.7358909426265211,0.7881078005807196,0.735522738700176
1.335,0.8012670890296766,0.7903809110878135,0.7802600866955652,0.8002667555851951,0.7372307285611712,0.7911093219106118,0.7368418245439713
1.34,0.8036012004001334,0.7933515375996211,0.7835778592864289,0.8032677559186395,0.7385558282523936,0.7940824429291493,0.738154331419674
1.345,0.806268756252084,0.7962216968552404,0.7862620873624542,0.8059353117705902,0.7398655741436676,0.7970271625759325,0.7394602921400244
1.35,0.8089363121040347,0.7991405877367882,0.7899133044348117,0.8089363121040347,0.7411616351262902,0.7999434855854348,0.7407597393541085
1.355,0.8136045348449483,0.8020190914489005,0.7922640880293431,0.8116038679559854,0.7424456800915626,0.8028314224058049,0.7420527055481743
1.36,0.816272090696899,0.8048001319091685,0.7949316438812938,0.8142714238079359,0.7437086970264692,0.8056909891167475,0.7433392230464442
1.365,0.8206068689563187,0.8076212257606059,0.7975991997332444,0.8169556518839612,0.7449720477396369,0.808522207346527,0.7446193240119223
1.37,0.8229409803267755,0.8103915853165601,0.8006002000666889,0.820273424474825,0.7462704451700791,0.8113251041881476,0.7458930404471997
1.375,0.8252750916972325,0.8130988607814216,0.8029343114371457,0.8232744248082694,0.7475177745267779,0.8140997121147581,0.7471604041952535
1.3800000000000001,0.8256085361787262,0.8158675514460775,0.8062520840280094,0.8256085361787262,0.7488064923876864,0.8168460688943343,0.7484214469402435
1.385,0.8276092030676893,0.8185481246501574,0.8089363121040347,0.8282927642547515,0.7500361314966196,0.8195642175036846,0.7496762002083039
1.3900000000000001,0.8306102034011337,0.8212320356368363,0.8119206402134045,0.8309436478826275,0.7512624328229515,0.822254206041831,0.7509246953683318
1.395,0.8349449816605535,0.8238812336845017,0.8146048682894298,0.8336112037345782,0.7524833936971308,0.8249160876428107,0.7521669636327712
1.4000000000000001,0.8372790930310103,0.8264983890192291,0.8169389796598866,0.8362787595865289,0.7536896683278813,0.8275499203879494,0.7534030360583935
1.405,0.8389463154384795,0.8290885083149178,0.8196065355118373,0.8386295431810603,0.7548829256065008,0.8301557672176505,0.7546329435470737
1.41,0.8432810936978993,0.8316702831541112,0.8222740913637879,0.8412804268089363,0.7560892002372497,0.83273369584275,0.7558567168465629
1.415,0.8452817605868623,0.8341876387891721,0.8246082027342447,0.8442814271423807,0.7572857952984663,0.8352837786554812,0.7570743865512576
1.42,0.8496165388462821,0.8367126713242088,0.8272757585861954,0.8462820940313438,0.7584980779378914,0.837806092640095,0.7582859831029636
1.425,0.8522840946982327,0.839146248616072,0.8296098699566522,0.8489496498832945,0.7597217090381474,0.8403007192831831,0.7594915367916579
1.43,0.8542847615871957,0.8415901730339885,0.8322774258086029,0.8509503167722574,0.7609326565645328,0.8427677444837458,0.7606910777562454
1.435,0.8549516505501834,0.8439977156215904,0.8346115371790597,0.8532844281427142,0.7621402663083219,0.8452072584630503,0.761884635985313
1.44,0.8569523174391463,0.8464196106743627,0.8369456485495165,0.855618539513171,0.7633165008956939,0.847619355674321,0.7630722413178782
1.445,0.8592864288096032,0.8487874336490558,0.8392797599199733,0.8579526508836278,0.7644710398961815,0.850004134712306,0.7642539234441365
1.45,0.8612870956985662,0.8511041885500035,0.8412804268089363,0.8606202067355785,0.7656359260227219,0.8523616982227611,0.7654297119062023
1.455,0.8626208736245415,0.8534770181985909,0.8442814271423807,0.8626375458486162,0.7667984757014424,0.8546921528118927,0.7665996360988487
1.46,0.8639546515505169,0.8558117971255695,0.8462820940313438,0.8646548849616539,0.7679800507409705,0.8569956089557991,0.7677637252702412
1.465,0.8686228742914305,0.8580814892918929,0.8489496498832945,0.867622540846949,0.7691275803980039,0.859272180909952,0.7689220085226698
1.47,0.8709569856618873,0.8602797529106294,0.8512670890296766,0.8693064354784927,0.7702487415725164,0.8615219866187558,0.7700745148132762
1.475,0.8732910970323441,0.8624663342902756,0.8532844281427142,0.8719573191063688,0.7713755769774442,0.8637451476252235,0.7712212729547776
1.48,0.8769589863287762,0.8646388969830109,0.855618539513171,0.8736412137379126,0.7725234404127368,0.8659417889808082,0.7723623116161873
1.485,0.8786262087362454,0.8667887627540842,0.8576192064021341,0.8759586528842948,0.7736796483045228,0.8681120391554245,0.7734976593235312
1.49,0.8809603201067022,0.8688999102470243,0.8599533177725909,0.8779593197732578,0.7747938001355806,0.8702560299476982,0.7746273444605613
1.495,0.8829609869956653,0.8709963714965387,0.8622874291430477,0.8799599866622208,0.7759082857448986,0.8723738963954811,0.7757513952694647
1.5,0.8836278759586529,0.873112859441635,0.8646048682894298,0.8822940980326776,0.7770521438410725,0.8744657766866598,0.7768698398515702
1.5050000000000001,0.8856285428476158,0.875220335373719,0.8662887629209737,0.8842947649216405,0.7781876574807548,0.8765318120703005,0.7779827061680507
1.51,0.8866288762920974,0.8772870903581124,0.8682894298099366,0.8862954318106036,0.7793101537683067,0.8785721467681554,0.7790900220406218
1.5150000000000001,0.8889629876625542,0.8792814154601424,0.8702900966988997,0.8882960986995665,0.7804066153515973,0.8805869278865701,0.7801918151522383
1.52,0.8919639879959986,0.8812764081186905,0.8722907635878626,0.8902967655885295,0.7815221022956942,0.8825763053288167,0.7812881130477852
1.5250000000000001,0.8929643214404802,0.8832353527251805,0.8742747582527509,0.8922974324774925,0.7826182301007256,0.8845404317078894,0.7823789431347672
1.53,0.8949649883294432,0.8851659261795964,0.8762920973657886,0.8939646548849617,0.7837046783362225,0.8864794622597888,0.783464332683993
1.5350000000000001,0.8966322107369123,0.887125538342611,0.8782927642547516,0.8959653217739246,0.7847954656890976,0.8883935547573263,0.7845443088302579
1.54,0.8989663221073692,0.8890207313014925,0.8802934311437146,0.8976492164054685,0.7858672276811645,0.8902828694244757,0.785618898573022
1.545,0.8999666555518506,0.8908468321606038,0.8822940980326776,0.8996332110703568,0.7869156251950505,0.8921475688513005,0.7866881287770848
1.55,0.9019673224408136,0.8927016379500542,0.8842947649216405,0.901300433477826,0.7879963992001341,0.8939878179094843,0.7877520261732569
1.555,0.905301767255752,0.8945093810048789,0.8856285428476158,0.9033177725908635,0.7890885216660481,0.8958037836684882,0.7888106173590288
1.56,0.9076358786262088,0.8963341467509532,0.8876292097365789,0.9049849949983327,0.7901395894060115,0.8975956353123637,0.7898639287992353
1.565,0.9083027675891964,0.8980911555102961,0.889296432144048,0.9066355451817273,0.7912023393850669,0.899363544057242,0.790911986826717
1.57,0.9103034344781594,0.8998802069825735,0.891297099033011,0.9086362120706902,0.7922393884381221,0.9011076830695275,0.7919548176429796
1.575,0.9143047682560853,0.901596161015969,0.8929476492164056,0.9099699899966656,0.7932764374911755,0.9028282273848142,0.7929924473188473
1.58,0.9156385461820606,0.9032974288059319,0.8946315438479493,0.9119706568856285,0.7942981327442818,0.9045253538275505,0.7940249017951165
1.585,0.9173057685895298,0.9050023681567536,0.8962987662554185,0.9136378792930977,0.7953335129060372,0.9061992409314716,0.7950522068832027
1.59,0.9186395465155052,0.9066312060643507,0.8979659886628877,0.914971657219073,0.7963642201721561,0.9078500688608213,0.7960743882657866
1.595,0.9199733244414805,0.908305104037015,0.8996165388462821,0.9163054351450484,0.7974269701512129,0.9094780193323824,0.797091471497456
1.6,0.9219739913304434,0.9099112450229491,0.901300433477826,0.9179726575525176,0.7984369831652258,0.9110832755383343,0.7981034820053446
1.605,0.9236412137379126,0.9115180535654019,0.9029676558852952,0.9193064354784928,0.7994476637357593,0.9126660220699576,0.7991104450897679
1.61,0.9263087695898633,0.9131191878774418,0.9046348782927642,0.9213237745915305,0.8004273029281368,0.9142264448422011,0.8001123859248556
1.615,0.9279759919973325,0.9146702554505152,0.9059686562187396,0.9229909969989997,0.8014346457160731,0.9157647310191285,0.8011093295591803
1.62,0.928976325441814,0.9161762629585235,0.9076358786262088,0.9243081027009002,0.8024423222822684,0.9172810689402631,0.8021013009163853
1.625,0.9296432144048016,0.9176759286795977,0.9093031010336778,0.9253251083694565,0.8034456597310891,0.9187756480478407,0.8030883247958059
1.6300000000000001,0.9309769923307769,0.9191689188354747,0.910970323441147,0.9269756585528509,0.8044039371148406,0.9202486588149904,0.8040704258730906
1.635,0.9326442147382461,0.9206258609392989,0.9129543181060354,0.9286428809603201,0.805376900742022,0.9217002926748533,0.8050476287008175
1.6400000000000001,0.9336445481827276,0.9221008270691495,0.9139713237745916,0.9299933311103701,0.8063622141648151,0.923130741950654,0.8060199577091081
1.645,0.9339779926642214,0.9235374086991303,0.9156385461820606,0.9313104368122708,0.8072867799443323,0.9245401997867359,0.8069874372062382
1.6500000000000001,0.9343114371457152,0.924927261372744,0.9169556518839613,0.9323107702567522,0.8082373804281106,0.9259288600805727,0.8079500913792459
1.655,0.9359786595531844,0.9263020940246697,0.9182894298099367,0.9339779926642214,0.8092390489856301,0.9272969174157665,0.8089079442945354
1.6600000000000001,0.9369789929976658,0.9276946169243594,0.9196398799599866,0.9356452150716905,0.8101676201042657,0.9286445669960426,0.8098610198984795
1.665,0.9389796598866289,0.9290030277025937,0.920973657885962,0.9369789929976658,0.8111245623749805,0.9299720045802496,0.810809342018018
1.67,0.9399799933311104,0.9303351367372715,0.9223074358119373,0.9379793264421474,0.8120464579284189,0.9312794264183756,0.8117529343612532
1.675,0.942647549183061,0.9316064981286719,0.9239746582194065,0.9393131043681227,0.812995055742639,0.932567029188586,0.812691820518043
1.68,0.9429809936645549,0.9328915444287241,0.9252917639213072,0.9406635545181726,0.8139656829220013,0.9338350099352913,0.81362602396059
1.685,0.9436478826275425,0.9341408764549821,0.9263087695898633,0.9419806602200733,0.814905602501467,0.9350835660082533,0.8145555680440291
1.69,0.9439813271090364,0.9353845342508228,0.9279593197732579,0.9433144381460487,0.8158071375810612,0.9363128950027311,0.8154804760070107
1.695,0.9449816605535178,0.9365784590859616,0.928976325441814,0.9443147715905301,0.816718018451928,0.9375231947006787,0.8164007709722821
1.7,0.9469823274424808,0.9377974172905807,0.9303101033677893,0.9456485495165055,0.817630234435836,0.938714663012992,0.8173164759472653
1.705,0.94864954984995,0.9389482847302114,0.9316438812937646,0.946648882960987,0.8185644797848859,0.9398874979228163,0.8182276138246325
1.71,0.9489829943314438,0.9400971495002838,0.93297765921974,0.9476658886295432,0.8194873766731043,0.941041897429911,0.8191342073828779
1.715,0.9489829943314438,0.9412233173486929,0.9339779926642214,0.94864954984995,0.8203635446049586,0.9421780594960799,0.8200362792868878
1.72,0.9499833277759253,0.9423334638406338,0.9349783261087029,0.9496498832944315,0.8212447192107094,0.943296181991667,0.8209338520885068
1.725,0.9506502167389129,0.9434459467803908,0.9363121040346782,0.9506502167389129,0.8220935173252609,0.9443964626431184,0.8218269482271016
1.73,0.9513171057019006,0.9445437434767203,0.9373124374791597,0.9516505501833945,0.822956667904983,0.9454790989816151,0.8227155900301222
1.735,0.9523174391463821,0.9455908058775672,0.9386295431810604,0.952650883627876,0.8238371749542124,0.9465442882927726,0.82359979971366
1.74,0.9529843281093698,0.9466689096565719,0.9396298766255419,0.9536512170723574,0.8247220211208192,0.947592227567412,0.8244795993830032
1.745,0.9533177725908636,0.9476679079880135,0.940646882294098,0.9546515505168389,0.8256148779656619,0.9486231134533987,0.8253550110331891
1.75,0.9533177725908636,0.9486779210020294,0.9416472157385796,0.9556518839613204,0.8264983890192289,0.9496371422085492,0.8262260565495548
1.7550000000000001,0.9533177725908636,0.9496772531117329,0.942647549183061,0.9563187729243081,0.8273672138293681,0.9506345096546052,0.8270927577082836
1.76,0.9533177725908636,0.9506618989780059,0.9436478826275425,0.9573191063687896,0.8282280279612722,0.9516154111322704,0.8279551361769495
1.7650000000000001,0.9543181060353451,0.9516392017225638,0.9449816605535178,0.9583194398132711,0.8290708180671507,0.952580041457311,0.8288132135150591
1.77,0.9553184394798266,0.952595476436757,0.9459819939979993,0.9593197732577526,0.8299002570426393,0.9535285948777139,0.8296670111745905
1.7750000000000001,0.9563187729243081,0.953526717781468,0.9469823274424808,0.9599866622207403,0.830753728052829,0.9544612650319013,0.83051655050053
1.78,0.9573191063687896,0.9544663035826758,0.9479826608869624,0.9609869956652217,0.8316075328412774,0.9553782449079958,0.8313618527314045
1.7850000000000001,0.9583194398132711,0.9553628319883728,0.94864954984995,0.9616538846282094,0.8324486540558563,0.9562797268041342,0.8322029389998141
1.79,0.9593197732577526,0.9562246474550563,0.9496498832944315,0.9626542180726909,0.8332820983704595,0.9571659022898227,0.8330398303329594
1.795,0.9606535511837279,0.9570694402304935,0.9509669889963321,0.9633211070356785,0.8341035266677139,0.9580369621683305,0.833872547653167
1.8,0.9609869956652217,0.9579272503580619,0.9516505501833945,0.9639879959986662,0.8349186131780318,0.9588930964401139,0.8347011117784134
1.805,0.9619873291097032,0.9588084249638128,0.952650883627876,0.9646715571857285,0.8357660761795472,0.9597344942672679,0.8355255434228451
1.81,0.9629876625541848,0.9596438719479746,0.9536512170723574,0.9656552184061353,0.8365778249072684,0.9605613439389953,0.836345863197296
1.815,0.9629876625541848,0.9604412682105246,0.9546515505168389,0.9663387795931977,0.8374062625479767,0.961373832838091,0.837162091609803
1.82,0.9643214404801601,0.961255353386062,0.9553184394798266,0.9673224408136045,0.8382066628148661,0.9621721474084295,0.8379742490661193
1.825,0.9649883294431477,0.9620323891747685,0.9559853284428143,0.9679893297765922,0.8389867026079109,0.9629564731234524,0.8387823558702232
1.83,0.9656552184061353,0.962821774759086,0.9569856618872957,0.9686562187395799,0.839805794457346,0.9637269944556455,0.8395864322248272
1.835,0.9666555518506169,0.9635584233783625,0.9579859953317773,0.9693231077025676,0.8406152067372492,0.9644838948469986,0.8403864982318819
1.84,0.9669889963321107,0.9643344578322898,0.9586528842947649,0.9699899966655552,0.8414342985866836,0.9652273566804396,0.8411825738930794
1.845,0.9689896632210737,0.965111159842737,0.9593197732577526,0.9706568856285428,0.8422280232883766,0.9659575612522333,0.8419746791103522
1.85,0.970323441147049,0.9658204386447153,0.9599866622207403,0.9713404468156052,0.8430043915205626,0.966674688745337,0.8427628336863724
1.855,0.9713237745915305,0.9665350578988464,0.9609703234411471,0.972324108036012,0.8437867677614252,0.9673789182037031,0.8435470573250452
1.86,0.9716572190730244,0.96724900959646,0.9616372124041348,0.9729909969989997,0.8445634697718727,0.9680704275075186,0.8443273696320027
1.865,0.9726575525175059,0.9679262456855,0.9619873291097032,0.9736578859619873,0.8453528553561908,0.9687493933493739,0.845103790115093
1.87,0.9733244414804935,0.9686081546701772,0.9629876625541848,0.9740080026675558,0.8461232155797014,0.9694159912113475,0.8458763381848686
1.875,0.974324774924975,0.9692730409636057,0.9636545515171724,0.9746582194064688,0.8468895704640961,0.9700703953429989,0.8466450331550716
1.8800000000000001,0.9746582194064688,0.9699229072353444,0.9643214404801601,0.9749916638879627,0.8476452444441777,0.97071277874026,0.8474098942431161
1.885,0.9749916638879627,0.9705564183723554,0.9649883294431477,0.9756585528509503,0.8484202775633246,0.9713433131252095,0.8481709405705694
1.8900000000000001,0.9766588862954318,0.9712079535353934,0.9656552184061353,0.9766588862954318,0.849173948873848,0.9719621689267264,0.8489281911636292
1.895,0.9766588862954318,0.9718364579985092,0.966322107369123,0.9769923307769256,0.8499212783974371,0.9725695152620052,0.8496816649535996
1.9000000000000001,0.9769923307769256,0.9724259104052349,0.9669889963321107,0.9776592197399133,0.850671611925363,0.9731655199189251,0.8504313807773649
1.905,0.9776592197399133,0.9730010103467917,0.9676558852950984,0.9779926642214072,0.8514179401141722,0.9737503493392613,0.8511773573778596
1.9100000000000001,0.9776592197399133,0.9735834534100629,0.968322774258086,0.9786595531843948,0.8521742816507744,0.9743241686027261,0.8519196134045376
1.915,0.9776592197399133,0.9741475386690476,0.9689896632210737,0.9790096698899633,0.8529232800656612,0.9748871414118279,0.852658167413838
1.92,0.9779926642214072,0.9747203021627847,0.9696565521840613,0.9796598866288763,0.8536495815588847,0.975439430077537,0.8533930378696498
1.925,0.9779926642214072,0.9752900616521843,0.9699899966655552,0.9799933311103701,0.8543969110824743,0.975981195505747,0.8541242431437727
1.93,0.9786595531843948,0.9758364566634009,0.9706568856285428,0.980326775591864,0.855116870788762,0.9765125971845163,0.8548518015163763
1.935,0.9793264421473825,0.9763558156355774,0.9713237745915305,0.9806602200733577,0.855841503390686,0.9770337931720826,0.855575731176458
1.94,0.980326775591864,0.9768775110555712,0.9719906635545181,0.9813271090363455,0.8565567902013378,0.977544940085632,0.856296050222297
1.945,0.980326775591864,0.9773821837843177,0.972324108036012,0.9819939979993331,0.8572884321467187,0.9780461930908174,0.8570127766619071
1.95,0.9806602200733577,0.9778731716044159,0.9729909969989997,0.9823274424808269,0.8580154011964611,0.9785377058920063,0.8577259284134864
1.955,0.9806602200733577,0.9783614891984331,0.9733244414804935,0.9829943314438147,0.8587063221941501,0.9790196307232517,0.858435523305866
1.96,0.9813271090363455,0.9788391258881388,0.9739746582194065,0.9833277759253084,0.8594059214265949,0.9794921183399687,0.8591415790789549
1.965,0.9816605535178393,0.9793124234604684,0.974324774924975,0.9836612204068023,0.8600878304112709,0.9799553180113086,0.8598441133841846
1.97,0.9823274424808269,0.9797793792458641,0.9749916638879627,0.9839946648882961,0.8607440384699457,0.9804093775132123,0.8605431437849491
1.975,0.9823274424808269,0.980248671479077,0.9756418806268756,0.98432810936979,0.861434959467637,0.9808544431221368,0.8612386877570448
1.98,0.9823274424808269,0.9806905938949914,0.9759919973324441,0.9846615538512837,0.8621141982262355,0.9812906596094351,0.8619307626891072
1.985,0.9823274424808269,0.9811151598413984,0.9766588862954318,0.9850116705568522,0.8628137974586796,0.9817181702363835,0.8626193858830458
1.99,0.9826608869623208,0.9815297124400133,0.976975658552851,0.9856618872957652,0.8634983766694341,0.9821371167498377,0.8633045745544762
1.995,0.9829943314438147,0.9819469352647064,0.9773257752584195,0.9859953317772591,0.8641726087541369,0.9825476393785078,0.8639863458331508
2.0,0.9833277759253084,0.9823624891981009,0.9776592197399133,0.9863287762587529,0.8648475083953574,0.982949876829839,0.8646647167633873
2.005,0.9833277759253084,0.98275835021417,0.9783261087029009,0.9866788929643214,0.8655294173800347,0.9833439662874862,0.8653397043044941
2.0100000000000002,0.9833277759253084,0.9831558801215377,0.9786595531843948,0.9873291097032344,0.866214997925567,0.9837300434093658,0.8660113253311951
2.015,0.98432810936979,0.9835370548941783,0.9793264421473825,0.9876625541847283,0.8668905651233083,0.9841082423262771,0.8666795966340506
2.02,0.9849949983327776,0.9839032096451285,0.9796598866288763,0.9879959986662221,0.8675761456688418,0.9844786956410768,0.8673445349198783
2.025,0.9849949983327776,0.9842696981743384,0.9799933311103701,0.9883294431477159,0.8682046501319582,0.9848415344283958,0.8680061568121697
2.0300000000000002,0.9853284428142715,0.9846388569296265,0.980326775591864,0.9886628876292097,0.8688588555210756,0.9851968882348836,0.868664478851507
2.035,0.9863287762587529,0.9850056792370951,0.9809936645548516,0.9889963321107036,0.869533755162298,0.9855448850799705,0.8693195174959749
2.04,0.9876625541847283,0.9853558126315758,0.9813104368122708,0.9893297765921975,0.8701622596254134,0.9858856514571334,0.8699712891215741
2.045,0.9883294431477159,0.9857106189216929,0.9816605535178393,0.9896632210736912,0.870792766758089,0.9862193123356504,0.8706198100226289
2.05,0.9886628876292097,0.986063422542252,0.9819939979993331,0.9899966655551851,0.8714389614689725,0.9865459911628383,0.8712650964121957
2.055,0.9889963321107036,0.9863968670237424,0.9823274424808269,0.9900133377792597,0.8720871588494138,0.9868658098667518,0.8719071644224681
2.06,0.9896632210736912,0.9867092834748721,0.9829943314438147,0.9906635545181727,0.8727159970907893,0.98717888885934,0.8725460301051793
2.065,0.9896632210736912,0.9870303781607537,0.9833277759253084,0.9906635545181727,0.8733388273234896,0.9874853470400434,0.8731817094320049
2.07,0.9896632210736912,0.9873447972814388,0.9836612204068023,0.9909969989996665,0.8739770113561381,0.9877853017998203,0.8738142182949612
2.075,0.9899966655551851,0.9876552110630086,0.9839946648882961,0.9913304434811604,0.8745965038062398,0.9880788690255904,0.8744435725068028
2.08,0.9906635545181727,0.9879419265881355,0.98432810936979,0.9913304434811604,0.8752230055997964,0.9883661631050852,0.8750697878014175
2.085,0.9916638879626543,0.9882309785610816,0.9846615538512837,0.9916638879626543,0.8758308158108083,0.9886472969320906,0.8756928798342206
2.09,0.9916638879626543,0.9885200305340278,0.9846615538512837,0.991997332444148,0.8764262762262086,0.9889223819120728,0.8763128641825452
2.095,0.991997332444148,0.9887950638200657,0.9849949983327776,0.991997332444148,0.8770607886980002,0.9891915279681723,0.8769297563460323
2.1,0.991997332444148,0.9890480677409583,0.9853284428142715,0.9923307769256419,0.877685621600259,0.9894548435475585,0.8775435717470181
2.105,0.991997332444148,0.9893110850096438,0.9856618872957652,0.9926642214071357,0.8783124571720756,0.9897124356281312,0.8781543257309197
2.11,0.991997332444148,0.9895607511479401,0.9859953317772591,0.9926642214071357,0.8789165958222305,0.9899644097255562,0.8787620335666183
2.115,0.991997332444148,0.9898110848427557,0.9863121040346783,0.9929976658886296,0.8795080508985136,0.990210869900628,0.8793667104468418
2.12,0.991997332444148,0.9900487349637008,0.9866455485161721,0.9933311103701233,0.8801111882138883,0.9904519187669439,0.8799683714885432
2.125,0.9923307769256419,0.9903074131150111,0.9866622207402468,0.9933311103701233,0.8807106539684063,0.9906876574988824,0.8805670317332803
2.13,0.9923307769256419,0.9905307107707868,0.9869956652217405,0.9936645548516172,0.8812603867622197,0.990918185839872,0.8811627061475904
2.1350000000000002,0.9923307769256419,0.9907660244439142,0.9876458819606536,0.9939979993331111,0.8818451662733072,0.9911436021109418,0.8817554096233646
2.14,0.9926642214071357,0.990993994995327,0.9876625541847283,0.9939979993331111,0.8824583169364751,0.9913640032195423,0.8823451569782208
2.145,0.9926642214071357,0.9912119521989473,0.9879959986662221,0.9943314438146049,0.883055780021436,0.9915794846686268,0.8829319629558736
2.15,0.9926642214071357,0.9914319120721263,0.9883294431477159,0.9943314438146049,0.8836342177455881,0.991790140565981,0.883515842226503
2.1550000000000002,0.9926642214071357,0.9916348492540575,0.9883294431477159,0.9946648882960987,0.8842016407871689,0.9919960636337949,0.8840968093871213
2.16,0.9936645548516172,0.9918334473186124,0.9886628876292097,0.9946648882960987,0.8847597180374767,0.9921973452184614,0.8846748789619375
2.165,0.9943314438146049,0.9920353831657646,0.9886628876292097,0.9949983327775925,0.8853408259877084,0.9923940753005966,0.8852500654027212
2.17,0.9946648882960987,0.9922553430389432,0.9889963321107036,0.9949983327775925,0.8859139232597044,0.9925863425052701,0.8858223830891635
2.1750000000000003,0.9946648882960987,0.9924492682078614,0.9893297765921975,0.9953317772590864,0.8864763396273885,0.9927742341124338,0.8863918463292363
2.18,0.9949983327775925,0.9926301760246483,0.9896465488496166,0.9953317772590864,0.8870280750907622,0.992957836067545,0.8869584693595501
2.185,0.9949983327775925,0.9928190945196694,0.9896632210736912,0.9956652217405801,0.8876025074757993,0.9931372329923678,0.8875222663457104
2.19,0.9949983327775925,0.992990990323443,0.9899966655551851,0.9956652217405801,0.888159249613067,0.9933125081959508,0.8880832513826711
2.195,0.9949983327775925,0.9931695616924119,0.9903301100366789,0.995998666222074,0.888719663311193,0.9934837436857653,0.8886414384950874
2.2,0.9949983327775925,0.9933374521570688,0.9903301100366789,0.995998666222074,0.889292093026672,0.9936510201790003,0.8891968416376661
2.205,0.9949983327775925,0.9935090141825823,0.9906635545181727,0.995998666222074,0.8898328138074727,0.9938144171140035,0.8897494746955148
2.21,0.9949983327775925,0.9936789073167968,0.9909969989996665,0.9963321107035679,0.8903655239100399,0.9939740126618601,0.8902993514844886
2.215,0.9949983327775925,0.9938347817641018,0.9909969989996665,0.9963321107035679,0.8909429602994139,0.9941298837381006,0.8908464857515359
2.22,0.9953317772590864,0.9939879859853282,0.9909969989996665,0.9963321107035679,0.8914763379584992,0.9942821060145306,0.891390891175042
2.225,0.9953317772590864,0.9941428590978534,0.9913304434811604,0.9966655551850617,0.8920033738306491,0.9944307539311732,0.8919325813651707
2.23,0.9956652217405801,0.9943034064407944,0.9916638879626543,0.9966655551850617,0.8925484337288266,0.9945759007083178,0.8924715698642051
2.235,0.995998666222074,0.9944422581968511,0.9916638879626543,0.9969989996665555,0.8931105163182517,0.994717618358665,0.8930078701468855
2.24,0.9963321107035679,0.9945851152920248,0.991997332444148,0.9969989996665555,0.8936425588642993,0.994855977699564,0.8935414956207473
2.245,0.9963321107035679,0.9947276386089379,0.991997332444148,0.9969989996665555,0.8941842809798797,0.9949910483653304,0.8940724596264547
2.25,0.9966655551850617,0.9948544743476432,0.9923307769256419,0.9973324441480493,0.8947023048390187,0.9951228988196408,0.8946007754381357
2.255,0.9966655551850617,0.9949886532080635,0.9923307769256419,0.9973324441480493,0.8952430256198198,0.9952515963679961,0.8951264562637131
2.2600000000000002,0.9966655551850617,0.995120495620665,0.9926642214071357,0.9973324441480493,0.89579709753101,0.9953772071702457,0.8956495152452351
2.265,0.9966655551850617,0.9952483326941488,0.9926642214071357,0.9976658886295432,0.8963167902814457,0.9954997962531662,0.896169965459203
2.27,0.9969989996665555,0.9953718306502565,0.9929976658886296,0.9976658886295432,0.8968381519231815,0.99561942752309,0.8966878199168998
2.275,0.9969989996665555,0.9954976650541822,0.9929976658886296,0.9976658886295432,0.8973214628433043,0.995736163778573,0.8972030915647136
2.2800000000000002,0.9969989996665555,0.9956308425798226,0.9933311103701233,0.9976658886295432,0.8978498338284945,0.9958500667231005,0.8977157932844626
2.285,0.9969989996665555,0.9957446609663971,0.9933311103701233,0.9979993331110371,0.8983528376659439,0.9959611969778205,0.8982259378937163
2.29,0.9969989996665555,0.9958671575877251,0.9936645548516172,0.9979993331110371,0.8988294730208719,0.9960696140943003,0.8987335381461166
2.295,0.9969989996665555,0.9959669572873908,0.9936645548516172,0.9979993331110371,0.8993268026279045,0.9961753765673022,0.8992386067316963
2.3000000000000003,0.9973324441480493,0.996072431217472,0.9939979993331111,0.9979993331110371,0.8998134513306234,0.9962785418475695,0.8997411562771963
2.305,0.9973324441480493,0.9961819104866698,0.9939979993331111,0.9979993331110371,0.9003127836072152,0.9963791663546189,0.9002411993463814
2.31,0.9976658886295432,0.9962867168602314,0.9939979993331111,0.9983327775925308,0.9008207941185592,0.9964773054895343,0.9007387484403544
2.315,0.9979993331110371,0.9963848476685981,0.9943314438146049,0.9983327775925308,0.9012867485691752,0.9965730136477557,0.9012338159978684
2.32,0.9979993331110371,0.9964712962378736,0.9943314438146049,0.9983327775925308,0.9017643852588826,0.9966663442318595,0.9017264143956385
2.325,0.9979993331110371,0.996567090598422,0.9946648882960987,0.9983327775925308,0.9022650526485135,0.996757349664323,0.9022165559486499
2.33,0.9979993331110371,0.9966582120633349,0.9946648882960987,0.9983327775925308,0.9027490311251559,0.9968460814002702,0.9027042529104672
2.335,0.9979993331110371,0.9967530050891047,0.9946648882960987,0.9986662220740247,0.9032366811626568,0.996932589940195,0.9031895174735398
2.34,0.9983327775925308,0.9968374509888216,0.9946648882960987,0.9986662220740247,0.9037520347957162,0.9970169248426538,0.9036723617695069
2.345,0.9983327775925308,0.996911883540746,0.9949983327775925,0.9986662220740247,0.9042360132723599,0.9970991347369268,0.9041527978695013
2.35,0.9983327775925308,0.9970010023360998,0.9949983327775925,0.9986662220740247,0.9046889503708453,0.9971792673356418,0.9046308377844504
2.355,0.9983327775925308,0.997085448235817,0.9949983327775925,0.9986662220740247,0.9051655857257739,0.9972573694473564,0.9051064934653769
2.36,0.9983327775925308,0.9971605483442615,0.9953151050350117,0.9989996665555185,0.9056392170763645,0.9973334869890969,0.9055797768036976
2.365,0.9983327775925308,0.9972463293570181,0.9953317772590864,0.9989996665555185,0.906107174196539,0.9974076649988448,0.9060506996315209
2.37,0.9983327775925308,0.9973214294654628,0.9953317772590864,0.9989996665555185,0.9065878148905827,0.9974799476479747,0.9065192737219415
2.375,0.9983327775925308,0.9973941931260888,0.9956485495165055,0.9989996665555185,0.9070584422368358,0.9975503782536324,0.9069855107893365
2.38,0.9983327775925308,0.9974626176693386,0.9956652217405801,0.9989996665555185,0.9075230615744131,0.9976189992910559,0.9074494224896568
2.3850000000000002,0.9983327775925308,0.9975337124386661,0.9956652217405801,0.9989996665555185,0.9080000307076002,0.9976858524058317,0.9079110204207188
2.39,0.9983327775925308,0.997611148994929,0.9956652217405801,0.9990163387795932,0.9084599771495412,0.997750978426086,0.9083703161224952
2.395,0.9983327775925308,0.997679239759919,0.9956652217405801,0.9993331110370124,0.9088995631176362,0.9978144173746053,0.9088273210774022
2.4,0.9983327775925308,0.9977363158423371,0.995998666222074,0.9993331110370124,0.9093545028856793,0.9978762084808865,0.9092820467105875
2.4050000000000002,0.9983327775925308,0.9978054079421063,0.995998666222074,0.9993331110370124,0.9098127804363211,0.9979363901931103,0.9097345043902157
2.41,0.9983327775925308,0.9978641529158226,0.995998666222074,0.9993331110370124,0.9102657175348066,0.9979950001900375,0.9101847054277523
2.415,0.9983327775925308,0.9979262356721372,0.9963321107035679,0.9993331110370124,0.9107063048376821,0.9980520753928251,0.9106326610782468
2.42,0.9983327775925308,0.9979813090849965,0.9963321107035679,0.9993331110370124,0.9111705903969997,0.9981076519767592,0.9110783825406137
2.4250000000000003,0.9986662220740247,0.9980347136065573,0.9963321107035679,0.9993331110370124,0.9115981603477441,0.9981617653829022,0.9115218809579128
2.43,0.9989996665555185,0.9980911221324559,0.9966488829609871,0.9996665555185061,0.9120223925158913,0.9982144503296534,0.9119631674176274
2.435,0.9989996665555185,0.998150868440952,0.9966655551850617,0.9996665555185061,0.9124613109274666,0.9982657408242188,0.9124022529519423
2.44,0.9989996665555185,0.9982096134146689,0.9966655551850617,0.9996665555185061,0.9128705230739247,0.9983156701739905,0.9128391485380187
2.445,0.9989996665555185,0.9982590125971126,0.9966655551850617,0.9996665555185061,0.9133071050376825,0.9983642709978306,0.9132738650982688
2.45,0.9989996665555185,0.9983074104447768,0.9966655551850617,0.9996665555185061,0.9137493612318568,0.9984115752372614,0.9137064135006295
2.455,0.9989996665555185,0.9983521367315839,0.9966655551850617,0.9996665555185061,0.9141762636260813,0.9984576141675565,0.9141368045588332
2.46,0.9989996665555185,0.9983968630183908,0.9969823274424808,0.9996665555185061,0.914608506472461,0.9985024184087347,0.9145650490326788
2.465,0.9989996665555185,0.998444259531276,0.9969989996665555,0.9996665555185061,0.9150357426449454,0.9985460179364513,0.9149911576283004
2.47,0.9993331110370124,0.998490654709382,0.9969989996665555,0.9996665555185061,0.9154623112609107,0.9985884420927894,0.9154151409984354
2.475,0.9993331110370124,0.9985333783266307,0.9969989996665555,0.9996665555185061,0.9158938865507719,0.998629719596947,0.9158370097426897
2.48,0.9993331110370124,0.9985771032786586,0.9969989996665555,0.9996665555185061,0.9163344738536469,0.9986698785558183,0.9162567744078041
2.485,0.9993331110370124,0.9986158215567902,0.9969989996665555,0.9996665555185061,0.9167570371304943,0.9987089464744717,0.916674445487917
2.49,0.9993331110370124,0.9986578776175192,0.9969989996665555,0.9996665555185061,0.9171745937334457,0.9987469502665179,0.9170900334248273
2.495,0.9993331110370124,0.9987009350130276,0.9973324441480493,0.9996665555185061,0.9175931516711773,0.9987839162643725,0.917503548608255
2.5,0.9993331110370124,0.9987403208476789,0.9973324441480493,0.9996665555185061,0.9179950206959211,0.9988198702294078,0.9179150013761012
2.505,0.9993331110370124,0.9987767026779925,0.9973324441480493,0.9996665555185061,0.9183862088163509,0.9988548373619962,0.9183244020147066
2.5100000000000002,0.9993331110370124,0.9988110818387472,0.9973324441480493,1.0,0.9187840725019779,0.9988888423114423,0.9187317607591083
2.515,0.9993331110370124,0.9988561419038142,0.9976658886295432,1.0,0.9192016291049303,0.998921909185803,0.9191370877932963
2.52,0.9993331110370124,0.9988928575123872,0.9976658886295432,1.0,0.9196044994644536,0.9989540615615979,0.9195403932504675
2.525,0.9993331110370124,0.9989225637775054,0.9976658886295432,1.0,0.9200033644848584,0.9989853224934041,0.9199416872132795
2.5300000000000002,0.9993331110370124,0.9989569429382604,0.9976658886295432,1.0,0.9203992255009271,0.9990157145233405,0.920340979714102
2.535,0.9993331110370124,0.9989883180946774,0.9976658886295432,1.0,0.9207930838474362,0.999045259690438,0.9207382807352684
2.54,0.9993331110370124,0.9990100136815616,0.9976658886295432,1.0,0.9211782639591916,0.9990739795398951,0.9211336002093251
2.545,0.9993331110370124,0.9990413888379786,0.9976658886295432,1.0,0.921570453414402,0.9991018951322205,0.9215269480192793
2.5500000000000003,0.9993331110370124,0.9990730977726553,0.9979993331110371,1.0,0.9219723224391451,0.9991290270522605,0.9219183339988468
2.555,0.9993331110370124,0.9991021364812541,0.9979993331110371,1.0,0.9223508269857058,0.9991553954181126,0.9223077679326976
2.56,0.9993331110370124,0.9991281711855151,0.9979993331110371,1.0,0.9227440177756958,0.9991810198899245,0.9226952595567003
2.565,0.9993331110370124,0.9991545396680358,0.9979993331110371,1.0,0.9231095049701259,0.9992059196785773,0.9230808185581655
2.57,0.9993331110370124,0.9991805743722968,0.9979993331110371,1.0,0.9234910135210246,0.999230113554256,0.9234644545760885
2.575,0.9993331110370124,0.9992042726287395,0.9979993331110371,1.0,0.9238738571849611,0.9992536198549038,0.9238461772013897
2.58,0.9993331110370124,0.9992339788938578,0.9979993331110371,1.0,0.9242503590619623,0.9992764564945624,0.9242259959771545
2.585,0.9993331110370124,0.9992590122633394,0.9983327775925308,1.0,0.9246198515955101,0.9992986409715986,0.9246039203988723
2.59,0.9993331110370124,0.9992820429632626,0.9983327775925308,1.0,0.924991013020356,0.9993201903768155,0.9249799599146731
2.595,0.9993331110370124,0.9993080776675236,0.9983327775925308,1.0,0.9253598379973832,0.9993411214014513,0.9253541239255645
2.6,0.9993331110370124,0.9993304408109273,0.9983327775925308,1.0,0.925719984739657,0.9993614503450633,0.9257264217856661
2.605,0.9993331110370124,0.9993504675065126,0.9983327775925308,1.0,0.9260784625906322,0.9993811931232999,0.9260968628024441
2.61,0.9993331110370124,0.9993708279803577,0.9983327775925308,1.0,0.9264449511198425,0.9994003652755584,0.9264654562369429
2.615,0.9993331110370124,0.9993875168933456,0.9983327775925308,1.0,0.9268508254837028,0.9994189819725319,0.9268322113040178
2.62,0.9993331110370124,0.9994065422541517,0.9983327775925308,1.0,0.9272119735607552,0.9994370580236428,0.9271971371725645
2.625,0.9993331110370124,0.9994275702845165,0.9983327775925308,1.0,0.9275661122943539,0.9994546078843661,0.9275602429657486
2.63,0.9993331110370124,0.9994459280888032,0.99864954984995,1.0,0.9279412790583175,0.9994716456634417,0.9279215377612339
2.6350000000000002,0.9993331110370124,0.9994636183365703,0.9986662220740247,1.0,0.9283030946918904,0.9994881851299751,0.9282810305914092
2.64,0.9993331110370124,0.9994796396930387,0.9986662220740247,1.0,0.9286555645341897,0.9995042397204301,0.9286387304436139
2.645,0.9993331110370124,0.9994963286060264,0.9986662220740247,1.0,0.9290060317069314,0.9995198225455121,0.928994646260363
2.65,0.9996665555185061,0.9995143526320532,0.9986662220740247,1.0,0.9293398099666854,0.999534946396942,0.9293487869395705
2.6550000000000002,0.9996665555185061,0.9995287050972227,0.9986662220740247,1.0,0.9296896095829074,0.9995496237541236,0.9297011613347715
2.66,0.9996665555185061,0.9995410548928336,0.9986662220740247,1.0,0.9300414118686876,0.999563866790704,0.9300517782553447
2.665,1.0,0.9995547398014837,0.9986662220740247,1.0,0.9303868723675333,0.9995776873810266,0.9304006464667309
2.67,1.0,0.9995670895970947,0.9986662220740247,1.0,0.9307289950837808,0.999591097106481,0.9307477746906541
2.6750000000000003,1.0,0.9995787718361862,0.9986662220740247,1.0,0.9310647760130933,0.9996041072617461,0.9310931716053374
2.68,1.0,0.9995947931926545,0.9986662220740247,1.0,0.9313955502685093,0.9996167288609308,0.9314368458457221
2.685,1.0,0.9996058078752266,0.9986662220740247,1.0,0.9317466849977688,0.9996289726436114,0.9317788060036819
2.69,1.0,0.9996171563360583,0.9989829943314439,1.0,0.9320804632575225,0.9996408490807672,0.9321190606282386
2.695,1.0,0.9996321763577473,0.9989996665555185,1.0,0.9324232535302888,0.9996523683806149,0.9324576182257754
2.7,1.0,0.9996401870359815,0.9989996665555185,1.0,0.9327640411334971,0.9996635404943427,0.9327944872602503
2.705,1.0,0.9996498666055145,0.9989996665555185,1.0,0.9330974856149912,0.9996743751217457,0.9331296761534063
2.71,1.0,0.999657543505489,0.9989996665555185,1.0,0.9334516243485904,0.9996848817167625,0.9334631932849832
2.715,1.0,0.9996698933011,0.9989996665555185,1.0,0.9337733865909924,0.9996950694929142,0.9337950469929268
2.72,1.0,0.9996795728706328,0.9989996665555185,1.0,0.9341078324072658,0.999704947428648,0.9341252455735971
2.725,1.0,0.9996899199966853,0.9989996665555185,1.0,0.9344332662105251,0.9997145242725852,0.9344537972819756
2.73,1.0,0.9997036049053354,0.9989996665555185,1.0,0.9347703822528752,0.9997238085486735,0.9347807103318725
2.735,1.0,0.9997129506966086,0.9989996665555185,1.0,0.9350951484996156,0.9997328085612485,0.9351059928961307
2.74,1.0,0.9997212951531026,0.9989996665555185,1.0,0.9354512899027717,0.9997415324000001,0.9354296531068316
2.745,1.0,0.9997316422791551,0.9989996665555185,1.0,0.9357777250408111,0.9997499879448503,0.9357516990554969
2.75,1.0,0.9997409880704282,0.9989996665555185,1.0,0.9361188464222779,0.9997581828707384,0.9360721387932924
2.755,1.0,0.9997503338617014,0.9989996665555185,1.0,0.9364429451124994,0.999766124652319,0.9363909803312283
2.7600000000000002,1.0,0.9997596796529746,0.9989996665555185,1.0,0.9367640397983825,0.9997738205685704,0.9367082316403593
2.765,1.0,0.9997693592225076,0.9989996665555185,1.0,0.9370597673365254,0.9997812777073171,0.9370239006519849
2.77,1.0,0.9997773699007418,0.9989996665555185,1.0,0.937391209148461,0.9997885029696651,0.9373379952578469
2.775,1.0,0.9997847130224564,0.9989996665555185,1.0,0.9376932784735382,0.9997955030743542,0.9376505233103266
2.7800000000000002,1.0,0.9997907210311321,0.9989996665555185,1.0,0.93801637582898,0.9998022845620239,0.9379614926226417
2.785,1.0,0.9997957277050284,0.9989996665555185,1.0,0.9383321300627075,0.9998088537993991,0.9382709109690412
2.79,1.0,0.9998017357137041,0.9989996665555185,1.0,0.9386355345008239,0.9998152169833927,0.9385787860849999
2.795,1.0,0.9998094126136785,0.9993164388129377,1.0,0.9389259215868101,0.9998213801451278,0.9388851256674117
2.8000000000000003,1.0,0.9998154206223542,0.9993331110370124,1.0,0.9392363353683818,0.9998273491538807,0.9391899373747821
2.805,1.0,0.9998224299658092,0.9993331110370124,1.0,0.9395420762543157,0.999833129720946,0.9394932288274196
2.81,1.0,0.9998251001918872,0.9993331110370124,1.0,0.9398434780228728,0.9998387274034227,0.9397950076076265
2.815,1.0,0.9998297730875237,0.9993331110370124,1.0,0.9401412082305726,0.999844147607927,0.9400952812598878
2.82,1.0,0.9998357810961993,0.9993331110370124,1.0,0.9404402735513112,0.999849395594226,0.9403940572910606
2.825,1.0,0.9998427904396542,0.9993331110370124,1.0,0.9407390050937908,0.999854476478802,0.9406913431705612
2.83,1.0,0.9998487984483299,0.9993331110370124,1.0,0.9410153734928666,0.9998593952383398,0.9409871463305521
2.835,1.0,0.9998548064570055,0.9993331110370124,1.0,0.9413030903527739,0.9998641567131445,0.9412814741661277
2.84,1.0,0.9998604806874213,0.9993331110370124,1.0,0.9416081636821884,0.9998687656104881,0.9415743340354992
2.845,1.0,0.9998654873613176,0.9993331110370124,1.0,0.941900887215992,0.9998732265078856,0.9418657332601785
2.85,1.0,0.9998714953699934,0.9993331110370124,1.0,0.942178256949847,0.9998775438563031,0.9421556791251615
2.855,1.0,0.9998748331525908,0.9993331110370124,1.0,0.9424766547140664,0.9998817219832989,0.9424441788791099
2.86,1.0,0.9998781709351886,0.9993331110370124,1.0,0.9427483502175065,0.9998857650960968,0.9427312397345327
2.865,1.0,0.9998825100525655,0.9993331110370124,1.0,0.9430260537296216,0.9998896772845945,0.943016868867966
2.87,1.0,0.9998855140569033,0.9993331110370124,1.0,0.9432990843461001,0.9998934625243083,0.9433010734201531
2.875,1.0,0.9998865153916824,0.9993331110370124,1.0,0.9435691109582398,0.9998971246792534,0.9435838604962227
2.88,1.0,0.9998935247351375,0.9993331110370124,1.0,0.9438451455790565,0.9999006675047621,0.9438652371658662
2.8850000000000002,1.0,0.9998965287394751,0.9993331110370124,1.0,0.944126186873768,0.9999040946502417,0.9441452104635154
2.89,1.0,0.9998998665220727,0.9993331110370124,1.0,0.9444272548640656,0.9999074096618702,0.944423787388517
2.895,1.0,0.9999028705264106,0.9993331110370124,1.0,0.9447072948239985,0.9999106159852349,0.9447009749053086
2.9,1.0,0.9999048731959691,0.9993331110370124,1.0,0.9449923414578276,0.9999137169679112,0.9449767799435927
2.9050000000000002,1.0,0.9999075434220471,0.9993331110370124,1.0,0.9452630356264882,0.9999167158619847,0.9452512093985097
2.91,1.0,0.9999108812046448,0.9993331110370124,1.0,0.9455377351342651,0.9999196158265174,0.9455242701308102
2.915,1.0,0.9999125500959435,0.9993331110370124,1.0,0.9458004186246918,0.9999224199299577,0.9457959689670266
2.92,1.0,0.9999158878785411,0.9993331110370124,1.0,0.9460594305542609,0.9999251311524968,0.946066312699644
2.9250000000000003,1.0,0.999918891882879,0.9993331110370124,1.0,0.9463100980273363,0.9999277523883722,0.9463353080872698
2.93,1.0,0.9999222296654765,0.9993331110370124,1.0,0.9465914731003083,0.9999302864481172,0.9466029618548029
2.935,1.0,0.9999238985567753,0.9996665555185061,1.0,0.9468344636734097,0.999932736060761,0.9468692806936012
2.94,1.0,0.999925567448074,0.9996665555185061,1.0,0.9470908053769007,0.999935103875977,0.9471342712616496
2.945,1.0,0.9999285714524119,0.9996665555185061,1.0,0.9473715128933542,0.9999373924661813,0.9473979401837261
2.95,1.0,0.999929906565451,0.9996665555185061,1.0,0.9476358652750781,0.9999396043285839,0.9476602940515676
2.955,1.0,0.999932576791529,0.9996665555185061,1.0,0.947899883878544,0.999941741887191,0.9479213394240343
2.96,1.0,0.9999362483523863,0.9996665555185061,1.0,0.9481659051515682,0.9999438074947606,0.9481810828272742
2.965,1.0,0.9999385848002047,0.9996665555185061,1.0,0.9484275873072157,0.9999458034347132,0.9484395307548859
2.97,1.0,0.9999415888045423,0.9996665555185061,1.0,0.9486795898933297,0.9999477319229956,0.9486966896680809
2.975,1.0,0.9999432576958411,0.9996665555185061,1.0,0.9489369329315996,0.9999495951099019,0.9489525659958457
2.98,1.0,0.9999455941436596,0.9996665555185061,1.0,0.9492106311045971,0.9999513950818513,0.9492071661351015
2.985,1.0,0.9999465954784388,0.9996665555185061,1.0,0.9494743159298018,0.999953133863122,0.9494604964508653
2.99,1.0,0.9999495994827765,0.9996665555185061,1.0,0.9497329940811113,0.9999548134175448,0.9497125632764082
2.995,1.0,0.9999506008175558,0.9996665555185061,1.0,0.949979989993329,0.9999564356501548,0.9499633729134137
3.0,1.0,0.9999522697088548,0.9996665555185061,1.0,0.9502393357011575,0.9999580024088045,0.950212931632136
3.005,1.0,0.9999529372653742,0.9996665555185061,1.0,0.9504759844873224,0.9999595154857361,0.9504612456715561
3.0100000000000002,1.0,0.9999549399349328,0.9996665555185061,1.0,0.9507139683865268,0.9999609766191161,0.9507083212395379
3.015,1.0,0.9999566088262316,0.9996665555185061,1.0,0.9509492820596533,0.9999623874945325,0.9509541645129833
3.02,1.0,0.99995861149579,0.9996665555185061,1.0,0.9511972793066498,0.9999637497464544,0.951198781637987
3.025,1.0,0.999961615500128,0.9996665555185061,1.0,0.9514352632058537,0.9999650649596564,0.95144217872999
3.0300000000000002,1.0,0.9999622830566474,0.9996665555185061,1.0,0.9516699093224604,0.999966334670607,0.9516843618739322
3.035,1.0,0.9999639519479463,0.9996665555185061,1.0,0.9519299225868088,0.9999675603688222,0.9519253371244049
3.04,1.0,0.9999672897305437,0.9996665555185061,1.0,0.9521679064860127,0.9999687434981852,0.9521651105058017
3.045,1.0,0.9999679572870632,0.9996665555185061,1.0,0.9524169050677881,0.9999698854582347,0.9524036880124697
3.0500000000000003,1.0,0.9999689586218425,0.9996665555185061,1.0,0.9526585605278496,0.9999709876054175,0.9526410756088591
3.055,1.0,0.999969626178362,0.9996665555185061,1.0,0.9528895350835995,0.9999720512543118,0.9528772792296721
3.06,1.0,0.9999702937348816,0.9996665555185061,1.0,0.9531108300698162,0.9999730776788186,0.9531123047800115
3.065,1.0,0.9999712950696609,0.9996665555185061,1.0,0.9533478126342413,0.9999740681133229,0.9533461581355284
3.0700000000000003,1.0,0.9999726301826999,0.9996665555185061,1.0,0.9535934734334195,0.9999750237538243,0.9535788451425687
3.075,1.0,0.9999732977392194,0.9996665555185061,1.0,0.9538304559978441,0.9999759457590397,0.9538103716183199
3.08,1.0,0.9999746328522584,0.9996665555185061,1.0,0.9540724452361654,0.9999768352514764,0.9540407433509558
3.085,1.0,0.9999759679652974,0.9996665555185061,1.0,0.9543037535701746,0.9999776933184787,0.9542699660997818
3.09,1.0,0.9999766355218169,0.9996665555185061,1.0,0.9545260498911701,0.9999785210132454,0.9544980455953784
3.095,1.0,0.9999786381913754,0.9996665555185061,1.0,0.9547466773208672,0.9999793193558224,0.9547249875397451
3.1,1.0,0.9999806408609341,0.9996665555185061,1.0,0.9549779856548768,0.9999800893340687,0.9549507976064422
3.105,1.0,0.9999806408609341,0.9996665555185061,1.0,0.9551972779715348,0.9999808319045962,0.9551754814407332
3.11,1.0,0.9999813084174536,0.9996665555185061,1.0,0.95543426053596,0.9999815479936861,0.9553990446597255
3.115,1.0,0.9999819759739731,0.9996665555185061,1.0,0.9556438732830853,0.9999822384981798,0.9556214928525113
3.12,1.0,0.9999836448652719,0.9996665555185061,1.0,0.9558661696040813,0.9999829042863467,0.9558428315803071
3.125,1.0,0.9999849799783109,0.9996665555185061,1.0,0.9560797876903241,0.9999835461987286,0.9560630663765926
3.13,1.0,0.9999853137565706,0.9996665555185061,1.0,0.9562897342157091,0.9999841650489613,0.9562822027472491
3.1350000000000002,1.0,0.9999856475348304,0.9996665555185061,1.0,0.9565180385453813,0.9999847616245742,0.9565002461706973
3.14,1.0,0.9999869826478694,0.9996665555185061,1.0,0.9567336593011827,0.9999853366877692,0.9567172020980341
3.145,1.0,0.999987650204389,0.9996665555185061,1.0,0.9569456084961264,0.9999858909761772,0.9569330759531691
3.15,1.0,0.999987650204389,0.9996665555185061,1.0,0.9571432052259014,0.9999864252035937,0.9571478731329598
3.1550000000000002,1.0,0.9999886515391683,0.9996665555185061,1.0,0.9573611624295209,0.9999869400606968,0.957361599007347
3.16,1.0,0.9999886515391683,0.9996665555185061,1.0,0.957570441398386,0.9999874362157424,0.9575742589194887
3.165,1.0,0.9999893190956878,0.9996665555185061,1.0,0.9577997470628365,0.9999879143152428,0.9577858581858936
3.17,1.0,0.9999893190956878,0.9996665555185061,1.0,0.9580090260317015,0.999988374984625,0.9579964020965545
3.1750000000000003,1.0,0.9999896528739475,0.9996665555185061,1.0,0.958204953870177,0.9999888188288718,0.9582058959150801
3.18,1.0,0.9999899866522073,0.9996665555185061,1.0,0.9583965425912756,0.999989246433144,0.9584143448788268
3.185,1.0,0.9999899866522073,0.9996665555185061,1.0,0.9586098268992573,0.999989658363387,0.9586217541990296
3.19,1.0,0.9999906542087268,0.9996665555185061,1.0,0.9588187720898628,0.9999900551669184,0.9588281290609323
3.1950000000000003,1.0,0.9999909879869865,0.9996665555185061,1.0,0.9590253808326507,0.9999904373730005,0.9590334746239171
3.2,1.0,0.9999909879869865,0.9996665555185061,1.0,0.9592313220189188,0.9999908054933966,0.9592377960216338
3.205,1.0,0.9999909879869865,0.9996665555185061,1.0,0.959439265874745,0.9999911600229109,0.959441098362128
3.21,1.0,0.9999913217652463,0.9996665555185061,1.0,0.9596281843697654,0.9999915014399137,0.9596433867279689
3.215,1.0,0.999991655543506,0.9999833277759254,1.0,0.959819105534344,0.9999918302068518,0.959844666176376
3.22,1.0,0.9999919893217658,1.0,1.0,0.9600327236205864,0.9999921467707434,0.9600449417393461
3.225,1.0,0.9999926568782853,1.0,1.0,0.960243337702491,0.9999924515636602,0.9602442184237787
3.23,1.0,0.9999939919913243,1.0,1.0,0.9604526166713565,0.9999927450031947,0.9604425012116012
3.235,1.0,0.9999939919913243,1.0,1.0,0.9606508809576493,0.999993027492914,0.9606397950598938
3.24,1.0,0.9999939919913243,1.0,1.0,0.9608594923699948,0.9999932994228019,0.9608361049010129
3.245,1.0,0.9999939919913243,1.0,1.0,0.9610624295519246,0.9999935611696859,0.9610314356427148
3.25,1.0,0.9999943257695841,1.0,1.0,0.9612600262816984,0.9999938130976539,0.961225792168278
3.255,1.0,0.9999943257695841,1.0,1.0,0.9614639647984078,0.9999940555584574,0.961419179336626
3.2600000000000002,1.0,0.9999946595478438,1.0,1.0,0.9616712410977144,0.9999942888919041,0.961611601982448
3.265,1.0,0.9999949933261036,1.0,1.0,0.9618624960405533,0.9999945134262374,0.9618030649163201
3.27,1.0,0.9999949933261036,1.0,1.0,0.9620454065268985,0.9999947294785063,0.9619935729248257
3.275,1.0,0.9999949933261036,1.0,1.0,0.9622369952479977,0.9999949373549236,0.962183130770675
3.2800000000000002,1.0,0.9999953271043633,1.0,1.0,0.9624202395126026,0.9999951373512138,0.9623717431928238
3.285,1.0,0.9999956608826231,1.0,1.0,0.9626111606771823,0.99999532975295,0.9625594149065927
3.29,1.0,0.9999956608826231,1.0,1.0,0.9628027493982805,0.9999955148358819,0.9627461506037842
3.295,1.0,0.9999956608826231,1.0,1.0,0.9629803194324698,0.999995692866253,0.9629319549528005
3.3000000000000003,1.0,0.9999956608826231,1.0,1.0,0.9631699054840093,0.999995864101109,0.96311683259876
3.305,1.0,0.9999956608826231,1.0,1.0,0.9633581564225108,0.9999960287885963,0.9633007881636134
3.31,1.0,0.9999956608826231,1.0,1.0,0.9635497451436092,0.9999961871682522,0.9634838262462596
3.315,1.0,0.999995994660883,1.0,1.0,0.9637293178473566,0.999996339471286,0.96366595142266
3.3200000000000003,1.0,0.999995994660883,1.0,1.0,0.9639122283337019,0.9999964859208511,0.9638471682459536
3.325,1.0,0.999995994660883,1.0,1.0,0.9641081561721772,0.9999966267323097,0.9640274812465703
3.33,1.0,0.999995994660883,1.0,1.0,0.9642830559802886,0.9999967621134892,0.9642068949323447
3.335,1.0,0.999995994660883,1.0,1.0,0.9644652989101145,0.9999968922649302,0.9643854137886282
3.34,1.0,0.999995994660883,1.0,1.0,0.9646435365008225,0.9999970173801274,0.9645630422784014
3.345,1.0,0.999995994660883,1.0,1.0,0.9648144309698167,0.999997137645763,0.9647397848423859
3.35,1.0,0.999995994660883,1.0,1.0,0.9649819876562129,0.9999972532419332,0.964915645899155
3.355,1.0,0.999995994660883,1.0,1.0,0.9651665670338563,0.9999973643423672,0.9650906298452442
3.36,1.0,0.999995994660883,1.0,1.0,0.9653324548289542,0.9999974711146393,0.9652647410552614
3.365,1.0,0.999995994660883,1.0,1.0,0.9654953386197139,0.9999975737203753,0.9654379838819959
3.37,1.0,0.9999963284391427,1.0,1.0,0.9656669006452276,0.9999976723154513,0.9656103626565273
3.375,1.0,0.9999963284391427,1.0,1.0,0.9658458057924555,0.9999977670501877,0.965781881688334
3.38,1.0,0.9999963284391427,1.0,1.0,0.9660106922527741,0.999997858069535,0.9659525452654006
3.3850000000000002,1.0,0.9999963284391427,1.0,1.0,0.9661879285087037,0.9999979455132565,0.9661223576543256
3.39,1.0,0.9999963284391427,1.0,1.0,0.9663568203081393,0.999998029516103,0.9662913231004276
3.395,1.0,0.9999963284391427,1.0,1.0,0.9665190365423799,0.9999981102079825,0.9664594458278514
3.4,1.0,0.9999963284391427,1.0,1.0,0.9666832554461782,0.9999981877141255,0.9666267300396739
3.4050000000000002,1.0,0.9999963284391427,1.0,1.0,0.9668421338978214,0.9999982621552443,0.9667931799180093
3.41,1.0,0.9999966622174025,1.0,1.0,0.9670066865798796,0.9999983336476866,0.966958799624113
3.415,1.0,0.9999969959956622,1.0,1.0,0.967173575709757,0.9999984023035855,0.9671235932984865
3.42,1.0,0.999997329773922,1.0,1.0,0.9673337892744387,0.9999984682310038,0.9672875650609802
3.4250000000000003,1.0,0.999997329773922,1.0,1.0,0.9674836557130679,0.9999985315340739,0.9674507190108966
3.43,1.0,0.9999979973304415,1.0,1.0,0.9676482083951267,0.9999985923131334,0.967613059227093
3.435,1.0,0.9999979973304415,1.0,1.0,0.9678050841772107,0.999998650664856,0.9677745897680832
3.44,1.0,0.9999979973304415,1.0,1.0,0.9679612924027748,0.9999987066823784,0.9679353146721392
3.4450000000000003,1.0,0.9999979973304415,1.0,1.0,0.9681171668500793,0.999998760455423,0.968095237957392
3.45,1.0,0.9999979973304415,1.0,1.0,0.9682707048495656,0.9999988120704164,0.9682543636219321
3.455,1.0,0.9999979973304415,1.0,1.0,0.968434589975104,0.9999988616106044,0.9684126956439092
3.46,1.0,0.9999979973304415,1.0,1.0,0.9686008115484613,0.9999989091561631,0.9685702379816323
3.465,1.0,0.9999979973304415,1.0,1.0,0.9687573535522855,0.9999989547843062,0.968726994573668
3.47,1.0,0.9999979973304415,1.0,1.0,0.9689172333387077,0.9999989985693891,0.9688829693389391
3.475,1.0,0.9999979973304415,1.0,1.0,0.9690737753425327,0.9999990405830091,0.9690381661768231
3.48,1.0,0.9999979973304415,1.0,1.0,0.9692206377768231,0.9999990808941032,0.9691925889672489
3.485,1.0,0.9999979973304415,1.0,1.0,0.9693715055502315,0.9999991195690404,0.9693462415707943
3.49,1.0,0.9999979973304415,1.0,1.0,0.9695170328714846,0.9999991566717147,0.9694991278287826
3.495,1.0,0.9999979973304415,1.0,1.0,0.9696845895578805,0.9999991922636315,0.9696512515633778
3.5,1.0,0.9999979973304415,1.0,1.0,0.9698367924443275,0.999999226403993,0.9698026165776815
3.505,1.0,0.9999983311087012,1.0,1.0,0.9699876602177354,0.9999992591497794,0.9699532266558268
3.5100000000000002,1.0,0.9999983311087012,1.0,1.0,0.9701452035563395,0.9999992905558295,0.9701030855630737
3.515,1.0,0.9999983311087012,1.0,1.0,0.9702880606515133,0.9999993206749164,0.9702521970459025
3.52,1.0,0.999998664886961,1.0,1.0,0.9704509444422732,0.9999993495578217,0.970400564832108
3.525,1.0,0.999998664886961,1.0,1.0,0.9705998095461228,0.9999993772534068,0.9705481926308928
3.5300000000000002,1.0,0.999998664886961,1.0,1.0,0.9707406639717379,0.9999994038086827,0.9706950841329592
3.535,1.0,0.999998664886961,1.0,1.0,0.9708905304103674,0.999999429268876,0.9708412430106028
3.54,1.0,0.999998664886961,1.0,1.0,0.9710337212838018,0.9999994536774938,0.9709866729178029
3.545,1.0,0.999998664886961,1.0,1.0,0.9711812512746129,0.999999477076386,0.9711313774903149
3.5500000000000003,1.0,0.999998664886961,1.0,1.0,0.9713207705871901,0.9999994995058051,0.9712753603457606
3.555,1.0,0.999998664886961,1.0,1.0,0.9714652965736631,0.9999995210044648,0.9714186250837188
3.56,1.0,0.999998664886961,1.0,1.0,0.9716118252296946,0.9999995416095954,0.9715611752858155
3.565,1.0,0.999998664886961,1.0,1.0,0.9717666983422203,0.9999995613569986,0.9717030145158132
3.5700000000000003,1.0,0.999998664886961,1.0,1.0,0.9718988745330832,0.9999995802810998,0.9718441463197
3.575,1.0,0.999998664886961,1.0,1.0,0.9720397289586991,0.999999598414998,0.9719845742257782
3.58,1.0,0.999998664886961,1.0,1.0,0.9721809171625749,0.9999996157905149,0.972124301744753
3.585,1.0,0.999998664886961,1.0,1.0,0.9723217715881912,0.9999996324382422,0.9722633323698195
3.59,1.0,0.999998664886961,1.0,1.0,0.972471304248561,0.9999996483875864,0.9724016695767507
3.595,1.0,0.999998664886961,1.0,1.0,0.9726108235611385,0.9999996636668129,0.9725393168239839
3.6,1.0,0.999998664886961,1.0,1.0,0.9727576859954301,0.9999996783030889,0.9726762775527075
3.605,1.0,0.9999993324434805,1.0,1.0,0.9728848555123967,0.9999996923225226,0.9728125551869466
3.61,1.0,0.9999993324434805,1.0,1.0,0.9730240410467141,0.9999997057502042,0.9729481531336496
3.615,1.0,0.9999993324434805,1.0,1.0,0.9731665643636295,0.9999997186102433,0.9730830747827719
3.62,1.0,0.9999993324434805,1.0,1.0,0.97330207833709,0.9999997309258049,0.9732173235073618
3.625,1.0,0.9999993324434805,1.0,1.0,0.9734375923105503,0.9999997427191458,0.9733509026636445
3.63,1.0,0.9999993324434805,1.0,1.0,0.9735771116231264,0.9999997540116479,0.9734838155911059
3.6350000000000002,1.0,0.9999993324434805,1.0,1.0,0.9737102891487681,0.9999997648238513,0.9736160656125759
3.64,1.0,0.9999993324434805,1.0,1.0,0.973847805791787,0.9999997751754862,0.973747656034312
3.645,1.0,0.9999996662217402,1.0,1.0,0.9739749753087532,0.9999997850855029,0.9738785901460818
3.65,1.0,0.9999996662217402,1.0,1.0,0.9741141608430709,0.9999997945721022,0.9740088712212447
3.6550000000000002,1.0,0.9999996662217402,1.0,1.0,0.9742483397034921,0.9999998036527625,0.9741385025168344
3.66,1.0,0.9999996662217402,1.0,1.0,0.974371837659601,0.9999998123442687,0.9742674872736401
3.665,1.0,0.9999996662217402,1.0,1.0,0.9744986733983078,0.9999998206627372,0.9743958287162874
3.67,1.0,0.9999996662217402,1.0,1.0,0.9746391940456645,0.9999998286236422,0.9745235300533189
3.6750000000000003,1.0,0.9999996662217402,1.0,1.0,0.974765362227852,0.9999998362418402,0.9746505944772751
3.68,1.0,0.9999996662217402,1.0,1.0,0.9748898615187405,0.999999843531593,0.9747770251647728
3.685,1.0,0.9999996662217402,1.0,1.0,0.9750176985922262,0.999999850506591,0.9749028252765859
3.69,1.0,0.9999996662217402,1.0,1.0,0.9751455356657122,0.9999998571799753,0.9750279979577239
3.6950000000000003,1.0,0.9999996662217402,1.0,1.0,0.9752670309522631,0.9999998635643584,0.9751525463375101
3.7,1.0,0.9999996662217402,1.0,1.0,0.9753878586822935,0.9999998696718446,0.9752764735296606
3.705,1.0,0.9999996662217402,1.0,1.0,0.9755173646470778,0.99999987551405,0.9753997826323617
3.71,1.0,0.9999996662217402,1.0,1.0,0.9756385261553685,0.9999998811021211,0.9755224767283474
3.715,1.0,0.9999996662217402,1.0,1.0,0.9757680321201533,0.9999998864467528,0.9756445588849763
3.72,1.0,0.9999996662217402,1.0,1.0,0.9758901949632226,0.9999998915582062,0.9757660321543089
3.725,1.0,0.9999996662217402,1.0,1.0,0.976010355136734,0.999999896446326,0.9758868995731831
3.73,1.0,0.9999996662217402,1.0,1.0,0.9761365233189208,0.9999999011205558,0.9760071641632908
3.735,1.0,0.9999996662217402,1.0,1.0,0.9762510092620165,0.9999999055899539,0.976126828931253
3.74,1.0,1.0,1.0,1.0,0.9763728383268261,0.9999999098632091,0.976245896868695
3.745,1.0,1.0,1.0,1.0,0.9764893269394798,0.9999999139486545,0.9763643709523215
3.75,1.0,1.0,1.0,1.0,0.9766028115477959,0.999999917854282,0.9764822541439909
3.755,1.0,1.0,1.0,1.0,0.9767349877386585,0.9999999215877549,0.976599549390789
3.7600000000000002,1.0,1.0,1.0,1.0,0.976860488364326,0.9999999251564218,0.976716259625103
3.765,1.0,1.0,1.0,1.0,0.9769843200986945,0.9999999285673283,0.9768323877646949
3.77,1.0,1.0,1.0,1.0,0.9771141598417387,0.9999999318272297,0.9769479367127745
3.775,1.0,1.0,1.0,1.0,0.9772289795630932,0.9999999349426019,0.977062909358071
3.7800000000000002,1.0,1.0,1.0,1.0,0.9773341197149152,0.9999999379196522,0.977177308574907
3.785,1.0,1.0,1.0,1.0,0.9774486056580104,0.9999999407643317,0.9772911372232687
3.79,1.0,1.0,1.0,1.0,0.9775667631619636,0.9999999434823431,0.9774043981488781
3.795,1.0,1.0,1.0,1.0,0.9776855882224356,0.9999999460791524,0.9775170941832645
3.8000000000000003,1.0,1.0,1.0,1.0,0.9777970701611928,0.9999999485599977,0.9776292281438345
3.805,1.0,1.0,1.0,1.0,0.9779072169869109,0.9999999509298986,0.9777408028339428
3.81,1.0,1.0,1.0,1.0,0.9780227042647852,0.9999999531936644,0.9778518210429626
3.815,1.0,1.0,1.0,1.0,0.9781371902078807,0.9999999553559034,0.9779622855463551
3.8200000000000003,1.0,1.0,1.0,1.0,0.9782396601336243,0.9999999574210301,0.9780721991057384
3.825,1.0,1.0,1.0,1.0,0.9783464691767451,0.9999999593932739,0.9781815644689572
3.83,1.0,1.0,1.0,1.0,0.9784546133329053,0.9999999612766862,0.9782903843701515
3.835,1.0,1.0,1.0,1.0,0.9785610885977664,0.9999999630751472,0.9783986615298241
3.84,1.0,1.0,1.0,1.0,0.9786512087278995,0.9999999647923735,0.9785063986549101
3.845,1.0,1.0,1.0,1.0,0.9787596866623187,0.9999999664319246,0.9786135984388429
3.85,1.0,1.0,1.0,1.0,0.9788815157271282,0.9999999679972087,0.9787202635616228
3.855,1.0,1.0,1.0,1.0,0.9789896598832879,0.99999996949149,0.9788263966898835
3.86,1.0,1.0,1.0,1.0,0.97909413247859,0.9999999709178936,0.9789320004769586
3.865,1.0,1.0,1.0,1.0,0.9791932646217367,0.9999999722794114,0.9790370775629483
3.87,1.0,1.0,1.0,1.0,0.979285053643169,0.999999973578908,0.9791416305747853
3.875,1.0,1.0,1.0,1.0,0.9793881911254327,0.9999999748191256,0.9792456621263003
3.88,1.0,1.0,1.0,1.0,0.9794816490381636,0.9999999760026891,0.9793491748182874
3.8850000000000002,1.0,1.0,1.0,1.0,0.979579446068271,0.9999999771321106,0.9794521712385695
3.89,1.0,1.0,1.0,1.0,0.9796775768766387,0.9999999782097949,0.9795546539620623
3.895,1.0,1.0,1.0,1.0,0.9797797130241234,0.999999979238043,0.9796566255508393
3.9,1.0,1.0,1.0,1.0,0.9798855207324653,0.9999999802190571,0.9797580885541957
3.9050000000000002,1.0,1.0,1.0,1.0,0.9799879906582093,0.9999999811549442,0.9798590455087115
3.91,1.0,1.0,1.0,1.0,0.9800854539100569,0.9999999820477202,0.979959498938316
3.915,1.0,1.0,1.0,1.0,0.980191929174918,0.9999999828993142,0.9800594513543502
3.92,1.0,1.0,1.0,1.0,0.980297403105,0.9999999837115716,0.9801589052556298
3.9250000000000003,1.0,1.0,1.0,1.0,0.9803928636872897,0.9999999844862575,0.9802578631285073
3.93,1.0,1.0,1.0,1.0,0.9804836513739427,0.9999999852250601,0.9803563274469347
3.935,1.0,1.0,1.0,1.0,0.9805804470692712,0.9999999859295947,0.9804543006725253
3.94,1.0,1.0,1.0,1.0,0.9806809143254568,0.9999999866014055,0.9805517852546146
3.9450000000000003,1.0,1.0,1.0,1.0,0.9807757073512271,0.99999998724197,0.9806487836303224
3.95,1.0,1.0,1.0,1.0,0.9808628234770227,0.9999999878527003,0.9807452982246131
3.955,1.0,1.0,1.0,1.0,0.9809616218419099,0.9999999884349471,0.9808413314503566
3.96,1.0,1.0,1.0,1.0,0.9810610877633166,0.9999999889900016,0.9809368857083883
3.9650000000000003,1.0,1.0,1.0,1.0,0.9811615550195028,0.9999999895190986,0.98103196338757
3.97,1.0,1.0,1.0,1.0,0.9812480035887791,0.9999999900234182,0.9811265668648486
3.975,1.0,1.0,1.0,1.0,0.9813371223841334,0.9999999905040886,0.9812206985053156
3.98,1.0,1.0,1.0,1.0,0.981420233170812,0.9999999909621881,0.9813143606622672
3.985,1.0,1.0,1.0,1.0,0.9815103533009456,0.9999999913987474,0.9814075556772622
3.99,1.0,1.0,1.0,1.0,0.9816034774354174,0.9999999918147515,0.9815002858801808
3.995,1.0,1.0,1.0,1.0,0.9816945989003301,0.9999999922111421,0.9815925535892828
4.0,1.0,1.0,1.0,1.0,0.9817883905913214,0.9999999925888182,0.9816843611112658
4.005,1.0,1.0,1.0,1.0,0.9818808471692736,0.9999999929486396,0.9817757107413227
4.01,1.0,1.0,1.0,1.0,0.9819746388602647,0.9999999932914275,0.981866604763199
4.015,1.0,1.0,1.0,1.0,0.9820687643295154,0.9999999936179662,0.9819570454492498
4.0200000000000005,1.0,1.0,1.0,1.0,0.9821598857944281,0.9999999939290056,0.9820470350604972
4.025,1.0,1.0,1.0,1.0,0.9822486708115231,0.9999999942252612,0.982136575846686
4.03,1.0,1.0,1.0,1.0,0.9823444651720733,0.9999999945074172,0.9822256700463405
4.035,1.0,1.0,1.0,1.0,0.9824329164109085,0.9999999947761263,0.9823143198868206
4.04,1.0,1.0,1.0,1.0,0.982531714775796,0.9999999950320126,0.9824025275843766
4.045,1.0,1.0,1.0,1.0,0.98262150112767,0.9999999952756716,0.9824902953442057
4.05,1.0,1.0,1.0,1.0,0.9827129563708429,0.9999999955076723,0.9825776253605065
4.055,1.0,1.0,1.0,1.0,0.9827994049401194,0.9999999957285574,0.9826645198165338
4.0600000000000005,1.0,1.0,1.0,1.0,0.982877509052902,0.9999999959388457,0.9827509808846537
4.065,1.0,1.0,1.0,1.0,0.9829546118309056,0.9999999961390321,0.9828370107263974
4.07,1.0,1.0,1.0,1.0,0.9830380563958439,0.9999999963295892,0.9829226114925153
4.075,1.0,1.0,1.0,1.0,0.9831211671825227,0.9999999965109683,0.9830077853230309
4.08,1.0,1.0,1.0,1.0,0.9832069481952799,0.9999999966835996,0.9830925343472947
4.085,1.0,1.0,1.0,1.0,0.983282048303725,0.9999999968478943,0.9831768606840366
4.09,1.0,1.0,1.0,1.0,0.9833668279817028,0.9999999970042445,0.9832607664414194
4.095,1.0,1.0,1.0,1.0,0.9834445983162258,0.9999999971530243,0.9833442537170913
4.1,1.0,1.0,1.0,1.0,0.9835303793289828,0.9999999972945911,0.9834273245982388
4.105,1.0,1.0,1.0,1.0,0.983613490115662,0.9999999974292854,0.983509981161638
4.11,1.0,1.0,1.0,1.0,0.9836919280067044,0.9999999975574322,0.9835922254737074
4.115,1.0,1.0,1.0,1.0,0.9837653592238504,0.9999999976793419,0.983674059590559
4.12,1.0,1.0,1.0,1.0,0.9838468011192303,0.9999999977953101,0.9837554855580501
4.125,1.0,1.0,1.0,1.0,0.98392891057113,0.9999999979056193,0.9838365054118341
4.13,1.0,1.0,1.0,1.0,0.9840110200230292,0.9999999980105386,0.9839171211774116
4.135,1.0,1.0,1.0,1.0,0.9840951321444872,0.9999999981103246,0.9839973348701808
4.14,1.0,1.0,1.0,1.0,0.984169898474672,0.999999998205222,0.9840771484954883
4.1450000000000005,1.0,1.0,1.0,1.0,0.9842543443743897,0.9999999982954646,0.9841565640486789
4.15,1.0,1.0,1.0,1.0,0.9843264404784967,0.9999999983812748,0.9842355835151455
4.155,1.0,1.0,1.0,1.0,0.98440320947824,0.999999998462865,0.9843142088703789
4.16,1.0,1.0,1.0,1.0,0.9844813135910222,0.9999999985404374,0.9843924420800172
4.165,1.0,1.0,1.0,1.0,0.9845577488125056,0.9999999986141852,0.9844702850998945
4.17,1.0,1.0,1.0,1.0,0.9846365204818073,0.9999999986842919,0.9845477398760905
4.175,1.0,1.0,1.0,1.0,0.9847096179206932,0.9999999987509333,0.9846248083449786
4.18,1.0,1.0,1.0,1.0,0.9847903922595539,0.9999999988142763,0.9847014924332744
4.1850000000000005,1.0,1.0,1.0,1.0,0.9848621545854003,0.9999999988744799,0.9847777940580844
4.19,1.0,1.0,1.0,1.0,0.9849385898068834,0.9999999989316961,0.984853715126953
4.195,1.0,1.0,1.0,1.0,0.9850056792370938,0.9999999989860696,0.9849292575379109
4.2,1.0,1.0,1.0,1.0,0.9850787766759802,0.9999999990377382,0.9850044231795223
4.205,1.0,1.0,1.0,1.0,0.9851575483452821,0.999999999086833,0.9850792139309321
4.21,1.0,1.0,1.0,1.0,0.9852329822319864,0.9999999991334793,0.9851536316619132
4.215,1.0,1.0,1.0,1.0,0.9853107525665092,0.9999999991777961,0.9852276782329125
4.22,1.0,1.0,1.0,1.0,0.9853825148923561,0.999999999219897,0.9853013554950982
4.225,1.0,1.0,1.0,1.0,0.9854529421051635,0.9999999992598902,0.9853746652904057
4.23,1.0,1.0,1.0,1.0,0.9855180288658152,0.9999999992978787,0.9854476094515838
4.235,1.0,1.0,1.0,1.0,0.9855867871873245,0.9999999993339604,0.9855201898022403
4.24,1.0,1.0,1.0,1.0,0.9856658926348858,0.9999999993682291,0.9855924081568876
4.245,1.0,1.0,1.0,1.0,0.9857413265215893,0.9999999994007733,0.9856642663209885
4.25,1.0,1.0,1.0,1.0,0.9858127550691766,0.999999999431678,0.9857357660910008
4.255,1.0,1.0,1.0,1.0,0.9858781756080883,0.9999999994610238,0.9858069092544223
4.26,1.0,1.0,1.0,1.0,0.9859539432730523,0.9999999994888875,0.985877697589836
4.265,1.0,1.0,1.0,1.0,0.9860193638119643,0.9999999995153421,0.9859481328669539
4.2700000000000005,1.0,1.0,1.0,1.0,0.9860904585812916,0.9999999995404574,0.9860182168466617
4.275,1.0,1.0,1.0,1.0,0.9861592169028012,0.9999999995642993,0.9860879512810624
4.28,1.0,1.0,1.0,1.0,0.9862279752243104,0.9999999995869311,0.9861573379135204
4.285,1.0,1.0,1.0,1.0,0.9863020739979754,0.9999999996084127,0.9862263784787055
4.29,1.0,1.0,1.0,1.0,0.9863701647629642,0.9999999996288013,0.9862950747026351
4.295,1.0,1.0,1.0,1.0,0.9864385893062136,0.9999999996481511,0.9863634283027184
4.3,1.0,1.0,1.0,1.0,0.9865033422886057,0.9999999996665139,0.9864314409877991
4.305,1.0,1.0,1.0,1.0,0.986580778844868,0.9999999996839388,0.9864991144581977
4.3100000000000005,1.0,1.0,1.0,1.0,0.9866421940446624,0.9999999997004727,0.9865664504057547
4.315,1.0,1.0,1.0,1.0,0.9867072808053139,0.9999999997161602,0.9866334505138721
4.32,1.0,1.0,1.0,1.0,0.9867740364572646,0.9999999997310433,0.9867001164575563
4.325,1.0,1.0,1.0,1.0,0.9868357854353188,0.9999999997451626,0.9867664499034591
4.33,1.0,1.0,1.0,1.0,0.9869058788698662,0.9999999997585565,0.9868324525099202
4.335,1.0,1.0,1.0,1.0,0.9869636225088028,0.9999999997712611,0.9868981259270083
4.34,1.0,1.0,1.0,1.0,0.9870373875042074,0.9999999997833112,0.9869634717965623
4.345,1.0,1.0,1.0,1.0,0.9870968000344433,0.99999999979474,0.9870284917522321
4.3500000000000005,1.0,1.0,1.0,1.0,0.9871648907994328,0.9999999998055784,0.9870931874195201
4.355,1.0,1.0,1.0,1.0,0.9872356517905001,0.9999999998158566,0.9871575604158215
4.36,1.0,1.0,1.0,1.0,0.9872950643207357,0.9999999998256027,0.9872216123504642
4.365,1.0,1.0,1.0,1.0,0.9873591497466081,0.9999999998348437,0.9872853448247503
4.37,1.0,1.0,1.0,1.0,0.987417227163805,0.9999999998436051,0.9873487594319947
4.375,1.0,1.0,1.0,1.0,0.9874833152592356,0.9999999998519113,0.987411857757566
4.38,1.0,1.0,1.0,1.0,0.9875400575633934,0.9999999998597856,0.9874746413789256
4.385,1.0,1.0,1.0,1.0,0.9875937958632133,0.9999999998672496,0.9875371118656673
4.39,1.0,1.0,1.0,1.0,0.9876628879629822,0.9999999998743245,0.9875992707795566
4.3950000000000005,1.0,1.0,1.0,1.0,0.9877246369410368,0.9999999998810302,0.9876611196745695
4.4,1.0,1.0,1.0,1.0,0.9877910588147275,0.9999999998873853,0.9877226600969315
4.405,1.0,1.0,1.0,1.0,0.9878501375667035,0.9999999998934078,0.9877838935851566
4.41,1.0,1.0,1.0,1.0,0.9879098838751991,0.9999999998991147,0.987844821670085
4.415,1.0,1.0,1.0,1.0,0.9879743030793314,0.9999999999045224,0.9879054458749221
4.42,1.0,1.0,1.0,1.0,0.9880437289573599,0.9999999999096459,0.9879657677152762
4.425,1.0,1.0,1.0,1.0,0.9880994699267386,0.9999999999145002,0.9880257886991963
4.43,1.0,1.0,1.0,1.0,0.9881565460091564,0.9999999999190988,0.9880855103272104
4.4350000000000005,1.0,1.0,1.0,1.0,0.9882166260959123,0.9999999999234551,0.9881449340923619
4.44,1.0,1.0,1.0,1.0,0.9882730346218095,0.9999999999275815,0.9882040614802484
4.445,1.0,1.0,1.0,1.0,0.988331112039006,0.9999999999314899,0.9882628939690575
4.45,1.0,1.0,1.0,1.0,0.9883875205649043,0.9999999999351916,0.9883214330296045
4.455,1.0,1.0,1.0,1.0,0.9884486019864389,0.9999999999386971,0.988379680125369
4.46,1.0,1.0,1.0,1.0,0.9885076807384156,0.9999999999420169,0.9884376367125315
4.465,1.0,1.0,1.0,1.0,0.9885617528164958,0.9999999999451605,0.9884953042400095
4.47,1.0,1.0,1.0,1.0,0.9886138222250174,0.9999999999481369,0.9885526841494943
4.4750000000000005,1.0,1.0,1.0,1.0,0.9886678943030973,0.999999999950955,0.9886097778754867
4.48,1.0,1.0,1.0,1.0,0.9887259717202945,0.999999999953623,0.9886665868453326
4.485,1.0,1.0,1.0,1.0,0.9887877206983491,0.9999999999561487,0.9887231124792595
4.49,1.0,1.0,1.0,1.0,0.9888481345633642,0.9999999999585395,0.9887793561904109
4.495,1.0,1.0,1.0,1.0,0.9889032079762237,0.9999999999608025,0.9888353193848828
4.5,1.0,1.0,1.0,1.0,0.9889642893977583,0.9999999999629444,0.9888910034617577
4.505,1.0,1.0,1.0,1.0,0.9890260383758127,0.9999999999649716,0.9889464098131406
4.51,1.0,1.0,1.0,1.0,0.9890897900234257,0.9999999999668899,0.9890015398241931
4.515,1.0,1.0,1.0,1.0,0.989143194544986,0.9999999999687053,0.9890563948731684
4.5200000000000005,1.0,1.0,1.0,1.0,0.9891979341795853,0.999999999970423,0.9891109763314455
4.525,1.0,1.0,1.0,1.0,0.9892466658055095,0.9999999999720481,0.9891652855635639
4.53,1.0,1.0,1.0,1.0,0.9892970663227321,0.9999999999735858,0.9892193239272569
4.535,1.0,1.0,1.0,1.0,0.9893548099616697,0.9999999999750405,0.9892730927734866
4.54,1.0,1.0,1.0,1.0,0.9894082144832301,0.9999999999764165,0.9893265934464771
4.545,1.0,1.0,1.0,1.0,0.9894669594569472,0.9999999999777183,0.9893798272837477
4.55,1.0,1.0,1.0,1.0,0.9895163586393907,0.9999999999789495,0.9894327956161474
4.555,1.0,1.0,1.0,1.0,0.9895700969392113,0.9999999999801138,0.989485499767887
4.5600000000000005,1.0,1.0,1.0,1.0,0.9896295094694477,0.9999999999812151,0.9895379410565732
4.565,1.0,1.0,1.0,1.0,0.9896809113214502,0.9999999999822565,0.9895901207932409
4.57,1.0,1.0,1.0,1.0,0.9897283078343349,0.9999999999832413,0.9896420402823863
4.575,1.0,1.0,1.0,1.0,0.9897757043472203,0.9999999999841724,0.9896937008219993
4.58,1.0,1.0,1.0,1.0,0.9898267724209626,0.9999999999850528,0.989745103703596
4.585,1.0,1.0,1.0,1.0,0.9898751702686273,0.9999999999858851,0.9897962502122511
4.59,1.0,1.0,1.0,1.0,0.989929909903227,0.9999999999866719,0.9898471416266302
4.595,1.0,1.0,1.0,1.0,0.9899839819813073,0.9999999999874157,0.9898977792190211
4.6000000000000005,1.0,1.0,1.0,1.0,0.9900353838333096,0.9999999999881187,0.9899481642553665
4.605,1.0,1.0,1.0,1.0,0.990084115459234,0.9999999999887833,0.9899982979952945
4.61,1.0,1.0,1.0,1.0,0.9901315119721192,0.9999999999894112,0.9900481816921516
4.615,1.0,1.0,1.0,1.0,0.9901802435980431,0.9999999999900048,0.9900978165930326
4.62,1.0,1.0,1.0,1.0,0.9902269725544088,0.9999999999905655,0.9901472039388127
4.625,1.0,1.0,1.0,1.0,0.9902783744064112,0.9999999999910956,0.9901963449641782
4.63,1.0,1.0,1.0,1.0,0.9903294424801535,0.9999999999915963,0.9902452408976571
4.635,1.0,1.0,1.0,1.0,0.9903875198973511,0.9999999999920695,0.9902938929616504
4.64,1.0,1.0,1.0,1.0,0.9904352501884962,0.9999999999925163,0.9903423023724622
4.6450000000000005,1.0,1.0,1.0,1.0,0.9904823129231217,0.9999999999929384,0.9903904703403303
4.65,1.0,1.0,1.0,1.0,0.9905303769925264,0.9999999999933373,0.9904383980694565
4.655,1.0,1.0,1.0,1.0,0.9905777735054117,0.999999999993714,0.9904860867580364
4.66,1.0,1.0,1.0,1.0,0.9906248362400373,0.9999999999940697,0.9905335375982897
4.665,1.0,1.0,1.0,1.0,0.990670230083364,0.9999999999944058,0.9905807517764899
4.67,1.0,1.0,1.0,1.0,0.990709615918015,0.9999999999947231,0.9906277304729939
4.675,1.0,1.0,1.0,1.0,0.9907593488787186,0.9999999999950228,0.9906744748622717
4.68,1.0,1.0,1.0,1.0,0.9908120858437599,0.9999999999953058,0.9907209861129352
4.6850000000000005,1.0,1.0,1.0,1.0,0.9908594823566454,0.9999999999955729,0.9907672653877684
4.69,1.0,1.0,1.0,1.0,0.99090788020431,0.999999999995825,0.9908133138437554
4.695,1.0,1.0,1.0,1.0,0.9909496024867795,0.9999999999960631,0.9908591326321099
4.7,1.0,1.0,1.0,1.0,0.9909963314431454,0.9999999999962879,0.9909047228983042
4.705,1.0,1.0,1.0,1.0,0.9910363848343161,0.9999999999965,0.9909500857820972
4.71,1.0,1.0,1.0,1.0,0.9910807773428637,0.9999999999967003,0.9909952224175634
4.715,1.0,1.0,1.0,1.0,0.99112683874271,0.9999999999968893,0.9910401339331211
4.72,1.0,1.0,1.0,1.0,0.9911692285816991,0.9999999999970676,0.9910848214515604
4.7250000000000005,1.0,1.0,1.0,1.0,0.9912092819728698,0.9999999999972359,0.9911292860900718
4.73,1.0,1.0,1.0,1.0,0.991254008259677,0.9999999999973946,0.9911735289602733
4.735,1.0,1.0,1.0,1.0,0.991296731876926,0.9999999999975445,0.9912175511682391
4.74,1.0,1.0,1.0,1.0,0.9913371190463564,0.999999999997686,0.9912613538145267
4.745,1.0,1.0,1.0,1.0,0.9913818453331636,0.9999999999978193,0.9913049379942045
4.75,1.0,1.0,1.0,1.0,0.9914229000591137,0.9999999999979451,0.9913483047968794
4.755,1.0,1.0,1.0,1.0,0.9914669587894015,0.9999999999980638,0.9913914553067235
4.76,1.0,1.0,1.0,1.0,0.9915080135153514,0.9999999999981758,0.9914343906025019
4.765,1.0,1.0,1.0,1.0,0.9915453966804438,0.9999999999982813,0.9914771117575993
4.7700000000000005,1.0,1.0,1.0,1.0,0.9915901229672511,0.999999999998381,0.9915196198400468
4.775,1.0,1.0,1.0,1.0,0.9916281736888635,0.9999999999984748,0.9915619159125485
4.78,1.0,1.0,1.0,1.0,0.9916702297495925,0.9999999999985634,0.9916040010325086
4.785,1.0,1.0,1.0,1.0,0.9917182938189975,0.9999999999986469,0.9916458762520571
4.79,1.0,1.0,1.0,1.0,0.9917640214405841,0.9999999999987256,0.9916875426180769
4.795,1.0,1.0,1.0,1.0,0.9918024059404559,0.9999999999987997,0.9917290011722292
4.8,1.0,1.0,1.0,1.0,0.9918457971142242,0.9999999999988698,0.99177025295098
4.805,1.0,1.0,1.0,1.0,0.9918921922923302,0.9999999999989357,0.9918112989856259
4.8100000000000005,1.0,1.0,1.0,1.0,0.9919319119052413,0.999999999998998,0.99185214030232
4.815,1.0,1.0,1.0,1.0,0.9919682937355546,0.9999999999990566,0.9918927779220973
4.82,1.0,1.0,1.0,1.0,0.9920066782354263,0.9999999999991118,0.9919332128609004
4.825,1.0,1.0,1.0,1.0,0.992048400517896,0.9999999999991639,0.9919734461296048
4.83,1.0,1.0,1.0,1.0,0.9920864512395077,0.9999999999992129,0.9920134787340446
4.835,1.0,1.0,1.0,1.0,0.9921204966220026,0.999999999999259,0.9920533116750365
4.84,1.0,1.0,1.0,1.0,0.9921548757827576,0.9999999999993027,0.9920929459484066
4.845,1.0,1.0,1.0,1.0,0.9921959305087076,0.9999999999993437,0.9921323825450135
4.8500000000000005,1.0,1.0,1.0,1.0,0.9922346487868389,0.9999999999993824,0.9921716224507743
4.855,1.0,1.0,1.0,1.0,0.9922757035127886,0.9999999999994189,0.9922106666466886
4.86,1.0,1.0,1.0,1.0,0.992308080003985,0.9999999999994532,0.9922495161088634
4.865,1.0,1.0,1.0,1.0,0.9923494685081946,0.9999999999994855,0.9922881718085371
4.87,1.0,1.0,1.0,1.0,0.9923825125559103,0.9999999999995158,0.9923266347121045
4.875,1.0,1.0,1.0,1.0,0.9924165579384052,0.9999999999995445,0.99236490578114
4.88,1.0,1.0,1.0,1.0,0.9924566113295759,0.9999999999995716,0.9924029859724224
4.885,1.0,1.0,1.0,1.0,0.9924966647207466,0.999999999999597,0.9924408762379585
4.89,1.0,1.0,1.0,1.0,0.9925347154423587,0.999999999999621,0.9924785775250067
4.8950000000000005,1.0,1.0,1.0,1.0,0.992578106616127,0.9999999999996435,0.9925160907761014
4.9,1.0,1.0,1.0,1.0,0.9926104831073232,0.9999999999996647,0.9925534169290756
4.905,1.0,1.0,1.0,1.0,0.9926488676071951,0.9999999999996847,0.9925905569170853
4.91,1.0,1.0,1.0,1.0,0.9926892547766254,0.9999999999997035,0.992627511668632
4.915,1.0,1.0,1.0,1.0,0.9927333135069127,0.9999999999997211,0.9926642821075864
4.92,1.0,1.0,1.0,1.0,0.992768360224187,0.9999999999997379,0.9927008691532114
4.925,1.0,1.0,1.0,1.0,0.9928047420545001,0.9999999999997535,0.992737273720185
4.93,1.0,1.0,1.0,1.0,0.9928387874369952,0.9999999999997683,0.9927734967186236
4.9350000000000005,1.0,1.0,1.0,1.0,0.9928721652629705,0.9999999999997822,0.9928095390541035
4.94,1.0,1.0,1.0,1.0,0.9929072119802447,0.9999999999997953,0.9928454016276854
4.945,1.0,1.0,1.0,1.0,0.992944928923597,0.9999999999998076,0.9928810853359353
4.95,1.0,1.0,1.0,1.0,0.9929749689669747,0.9999999999998191,0.9929165910709479
4.955,1.0,1.0,1.0,1.0,0.9930076792364307,0.99999999999983,0.9929519197203682
4.96,1.0,1.0,1.0,1.0,0.9930490677406403,0.9999999999998402,0.9929870721674146
4.965,1.0,1.0,1.0,1.0,0.9930794415622781,0.9999999999998499,0.9930220492908998
4.97,1.0,1.0,1.0,1.0,0.9931194949534485,0.9999999999998589,0.9930568519652538
4.9750000000000005,1.0,1.0,1.0,1.0,0.9931568781185409,0.9999999999998676,0.9930914810605455
4.98,1.0,1.0,1.0,1.0,0.9931905897227764,0.9999999999998755,0.9931259374425038
4.985,1.0,1.0,1.0,1.0,0.9932232999922324,0.9999999999998831,0.9931602219725401
4.99,1.0,1.0,1.0,1.0,0.9932553427051689,0.9999999999998901,0.9931943355077695
4.995,1.0,1.0,1.0,1.0,0.9932883867528843,0.9999999999998969,0.993228278901032
5.0,1.0,1.0,1.0,1.0,0.9933264374744963,0.9999999999999031,0.9932620530009145
