s,cdf_zeros,cdf_gue_mean,cdf_gue_q025,cdf_gue_q975,cdf_poisson_ensemble_mean,cdf_wigner_surmise,cdf_poisson
0.0,0.0,0.0,0.0,0.0,0.0,0.0,0.0
0.005,0.0,0.0,0.0,0.0,0.004976633852925941,1.3509233142902644e-07,0.00498752080731768
0.01,0.0,6.675565195071697e-07,0.0,0.0,0.009897192958213254,1.0806767320094973e-06,0.009950166250831893
0.015,0.0,3.004004337782264e-06,0.0,0.0,0.014907538415374337,3.6469357054397245e-06,0.014888060396937353
0.02,0.0,8.344456493839621e-06,0.0,1.6672224074676398e-05,0.01984044731627256,8.6434327722755e-06,0.019801326693244747
0.025,0.0,1.7356469507186406e-05,0.0,0.00033344448149383126,0.024662541834932637,1.6878803347823712e-05,0.024690087971667385
0.03,0.0,2.9706265118068998e-05,0.0,0.00033344448149383126,0.02951734662304849,2.9160446062929946e-05,0.029554466451491845
0.035,0.0,4.4392508547226754e-05,0.0,0.00033344448149383126,0.03436847985030713,4.629421467517575e-05,0.03439458374243354
0.04,0.0,7.076099106776009e-05,0.0,0.00033344448149383126,0.03920826461673411,6.908411071729348e-05,0.03921056084767682
0.045,0.0,9.846458662730778e-05,0.0,0.0006668889629876625,0.04406674096570728,9.833197702915214e-05,0.04400251816690004
0.05,0.0,0.00013618152997946304,0.0,0.0006668889629876625,0.04882541761501422,0.00013483719231952018,0.048770575499285984
0.055,0.0,0.00017523358637063267,0.0,0.0006668889629876625,0.053567739129593124,0.0001793963669027704,0.05351485204651618
0.06,0.0,0.00023397856008726387,0.0,0.0010003334444814939,0.058255321009572356,0.00023280303975516115,0.05823546641575128
0.065,0.0,0.00029806398595995067,0.0,0.0010003334444814939,0.06298896428939783,0.0002958473770347525,0.06293253662259657
0.07,0.0,0.00038284366393735915,0.0,0.001333777925975325,0.0676865595171696,0.000369315872207579,0.06760618009405173
0.075,0.0,0.00046161533323920394,0.0,0.001333777925975325,0.07242787969696936,0.0004539910479227499,0.07225651367144714
0.08,0.0,0.0005570759155287286,0.0,0.0016672224074691564,0.07707006773362236,0.0005506511597765662,0.07688365361336424
0.085,0.0,0.0006645525151693811,0.0,0.0016672224074691564,0.08170357753552147,0.0006600699021066386,0.08148771559854262
0.09,0.0,0.0007973962625513067,0.0,0.0020006668889629878,0.08632106598095261,0.0007830161159535914,0.08606881472877181
0.095,0.0,0.0009422560272843643,0.0,0.0020006668889629878,0.09086946232661476,0.0009202534993286854,0.09062706553176858
0.1,0.00033344448149383126,0.0010911211311344635,0.0,0.002334111370456819,0.09536311903767727,0.001072540319922849,0.09516258196404048
0.105,0.00033344448149383126,0.0012526698088551973,0.00033344448149383126,0.00266755585195065,0.09992720296154778,0.0012406291303918016,0.09967547741373439
0.11,0.0010003334444814939,0.001433911403901392,0.00033344448149383126,0.0030010003334444814,0.104401166755285,0.0014252664863506348,0.10416586470347178
0.115,0.0010003334444814939,0.001647863268403443,0.00033344448149383126,0.003334444814938313,0.10880603844925298,0.0016271926672090098,0.10863385609316867
0.12,0.0010003334444814939,0.001863817802464015,0.00033344448149383126,0.003334444814938313,0.11326164443870326,0.0018471413999766872,0.11307956328284252
0.125,0.0010003334444814939,0.002109812379902412,0.0006668889629876625,0.003667889296432144,0.11760777115895481,0.0020858395861682033,0.11750309741540454
0.13,0.0010003334444814939,0.002386514557238132,0.0010003334444814939,0.004334778259419807,0.12200529973120804,0.0023440070319317996,0.1219045690794387
0.135,0.001333777925975325,0.0026728963041067044,0.0010003334444814939,0.004668222740913638,0.12635409667753797,0.002622356181527702,0.12628408831196558
0.14,0.0016672224074691564,0.0029649522813910917,0.001333777925975325,0.005001667222407469,0.1307339350020246,0.002921591854278316,0.13064176460119414
0.145,0.0020006668889629878,0.003280038958598477,0.001333777925975325,0.0053351117039013,0.13504167722240412,0.0032424109851098004,0.1349777068892587
0.15,0.00266755585195065,0.003617822557469104,0.0016672224074691564,0.0056685561853951315,0.1393437452123679,0.003585502368804283,0.1392920235749422
0.155,0.0030010003334444814,0.003979971969301739,0.0020006668889629878,0.006335445148382794,0.14368019236308668,0.003951546408077572,0.1435848225163865
0.16,0.0030010003334444814,0.004375499207109744,0.002334111370456819,0.006668889629876626,0.14795188653141284,0.004341214865597742,0.14785621103378865
0.165,0.0030010003334444814,0.004809410944789397,0.00266755585195065,0.007335778592864288,0.15223526293883052,0.004755170620054733,0.15210629591208413
0.17,0.0040013337779259755,0.005244324017248318,0.0030010003334444814,0.008002667555851951,0.15648693041157205,0.005194067426390614,0.1563351834036163
0.17500000000000002,0.0040013337779259755,0.005708275798305809,0.003334444814938313,0.008336112037345782,0.16076930548421048,0.0056585496802978585,0.16054297923079264
0.18,0.0040013337779259755,0.0061915867184289975,0.003667889296432144,0.009003001000333445,0.16496456443105323,0.006149252187088672,0.164729788588728
0.185,0.0040013337779259755,0.006707274129748277,0.0040013337779259755,0.009669889963321108,0.1690917326129063,0.006666799935038242,0.16889571614787435
0.19,0.0040013337779259755,0.007265017601796513,0.004334778259419807,0.010336778926308769,0.17323392081644826,0.007211807873300585,0.1730408660566377
0.195,0.004334778259419807,0.007827433969481297,0.005001667222407469,0.011003667889296432,0.17734306497227476,0.00778488069449304,0.1771653419439816
0.2,0.005001667222407469,0.008447927754363229,0.0053351117039013,0.011670556852284094,0.18145721580199717,0.008386612622044182,0.18126924692201818
0.20500000000000002,0.006002000666888963,0.00910380203477902,0.006002000666888963,0.012670890296765588,0.18557170040998003,0.009017587202395205,0.18535268358858548
0.21,0.006668889629876626,0.009759008758675308,0.006668889629876626,0.013337779259753251,0.18955400882709986,0.00967837710214392,0.18941575402981292
0.215,0.007002334111370457,0.01047896846496379,0.007002334111370457,0.014338112704234745,0.19366782587856252,0.010369543910215162,0.19345855982267313
0.22,0.00766922307435812,0.011224295318993528,0.007985995331777261,0.015005001667222408,0.19765380585654044,0.011091637945143562,0.1974812020375215
0.225,0.009336445481827277,0.011980970633854915,0.008336112037345782,0.015688562854284747,0.20165647474750473,0.011845198067543028,0.20148378124062294
0.23,0.009336445481827277,0.012740316174794304,0.009003001000333445,0.016672224074691565,0.20563811560810605,0.012630751497845205,0.20546639749666595
0.23500000000000001,0.010336778926308769,0.013576430715477044,0.009669889963321108,0.017689229743247735,0.20958571108621146,0.013448813639375612,0.20942915037126442
0.24,0.011003667889296432,0.014432571951745004,0.01065355118372791,0.018672890963654553,0.21351895409914742,0.014299887906842057,0.21337213893344653
0.245,0.011337112370790263,0.015294053640168977,0.011320440146715573,0.019673224408136045,0.21743650953387575,0.015184465560299898,0.21729546175813186
0.25,0.011337112370790263,0.016178899806775743,0.012004001333777926,0.020673557852617538,0.2214061343771247,0.01610302554466042,0.22119921692859512
0.255,0.012004001333777926,0.01712649628621618,0.012670890296765588,0.022007335778592863,0.2252652786163954,0.017056034334801684,0.22508350203891903
0.26,0.01300433477825942,0.01813851196978908,0.013671223741247083,0.02300766922307436,0.2291063988296395,0.018043945786342885,0.22894841419643375
0.265,0.014338112704234745,0.019181235253259245,0.014338112704234745,0.024341447149049684,0.23292582345599974,0.019067200992133715,0.23279405002414433
0.27,0.015005001667222408,0.020260006588782832,0.015005001667222408,0.025341780593531177,0.23674191029976246,0.020126228144513036,0.23662050566314685
0.275,0.01533844614871624,0.021361141067709897,0.01633877959319773,0.026675558519506502,0.24057268338695442,0.02122144240338414,0.24042787677503152
0.28,0.017005668556185394,0.02249865737695013,0.017339113037679228,0.027675891963987995,0.2443577288525604,0.022353245770151797,0.24421625854427453
0.28500000000000003,0.018672890963654553,0.02368290264255589,0.018672890963654553,0.02900966988996332,0.2480930413574628,0.023522026967563836,0.24798574568061738
0.29,0.02100700233411137,0.024925892881878207,0.019673224408136045,0.030343447815938646,0.2518510507840284,0.02472816132549499,0.25173643242143473
0.295,0.02334111370456819,0.026143849751719024,0.020673557852617538,0.032010670223407804,0.2556187397801269,0.025972010672708823,0.2554684125340906
0.3,0.025341780593531177,0.02743490406044586,0.022007335778592863,0.03334444814938313,0.2593420362676781,0.02725392323462994,0.2591817793182821
0.305,0.02567522507502501,0.028765677982083446,0.02300766922307436,0.034678226075358455,0.2630179362423445,0.028574233537155103,0.2628766256083722
0.31,0.027009003001000332,0.030125824390579266,0.024341447149049684,0.03602867622540846,0.26667147307360733,0.029933262316528597,0.26655304377571076
0.315,0.028342780926975657,0.03152034995982977,0.02567522507502501,0.03767922640880293,0.2703383610352603,0.031331316435304124,0.2702111257309432
0.32,0.02867622540846949,0.032995983646200364,0.026675558519506502,0.03901300433477826,0.27398488852306785,0.032768688804411805,0.27385096292630906
0.325,0.029676558852950983,0.03451901384545598,0.028009336445481828,0.04101367122374125,0.27760204352401724,0.03424565831134668,0.2774726463579278
0.33,0.03267755918639546,0.036070081418530915,0.029676558852950983,0.0426808936312104,0.28123955899881237,0.035762489754489146,0.28107626656807383
0.335,0.03434478159386462,0.037624820552463085,0.03134378126042014,0.04434811603867956,0.28484536553892964,0.03731943378356767,0.2846619136474401
0.34,0.03567855951983995,0.03925532735135937,0.03267755918639546,0.04601533844614872,0.2884101173530982,0.038916726846269345,0.28822967723739035
0.34500000000000003,0.03634544848282761,0.040902856841503056,0.03401133711237079,0.04768256085361787,0.2919505033543042,0.04055459114099963,0.2917796465322
0.35000000000000003,0.03701233744581527,0.04261447175751942,0.03567855951983995,0.049016338779593195,0.29549923381200466,0.042233234575790535,0.29531191028128656
0.355,0.038012670890296765,0.044345779590861265,0.037345781927309106,0.051033677892630865,0.29899489352640357,0.04395285073335348,0.29882655679142756
0.36,0.039679893297765924,0.046146179523972125,0.038996332110703566,0.053351117039013005,0.3025432902058448,0.04571361884226921,0.302323673928969
0.365,0.040680226742247416,0.04801033110469588,0.040680226742247416,0.05501833944648216,0.30607499797229715,0.04751570375430314,0.3058033491220211
0.37,0.04334778259419807,0.04986713956370504,0.042347449149716575,0.057035678559519826,0.30951892205643483,0.04935925592783347,0.3092656693626453
0.375,0.045015005001667226,0.05176834053126151,0.044014671557185726,0.05901967322440813,0.31295416790581876,0.05124441141737329,0.31271072120902776
0.38,0.04601533844614872,0.05374831316811982,0.045681893964654885,0.061020340113371124,0.3163743937335137,0.05317129186916847,0.31613859078764417
0.385,0.04701567189063021,0.055750648948381505,0.04768256085361787,0.06335445148382794,0.31977259019606485,0.055140004522844954,0.3195493637954123
0.39,0.04934978326108703,0.05774931316778599,0.04968322774258086,0.06535511837279093,0.3231437506195759,0.05715064221908256,0.32294312550183535
0.395,0.05035011670556852,0.05980738991742646,0.051683894631543846,0.06768922974324774,0.32650022479965785,0.05920328341328168,0.32631996075113234
0.4,0.054018006002000664,0.061909859175614375,0.053351117039013005,0.07002334111370456,0.3299014252665468,0.06129799219519261,0.3296799539643607
0.405,0.05735245081693898,0.06407174096403837,0.05568522840946982,0.07235745248416138,0.3332378727510435,0.06343481831447201,0.3330231891415256
0.41000000000000003,0.05901967322440813,0.06630471752178987,0.05801933977992664,0.07437479159719905,0.3365843335833335,0.06561379721212535,0.3363497498636806
0.41500000000000004,0.06035345115038346,0.06856306122728266,0.06035345115038346,0.07702567522507503,0.339878725007101,0.06783495005779694,0.33965971929501715
0.42,0.06202067355785262,0.07084176540662035,0.06268756252084028,0.07904301433811269,0.3431981498003503,0.07009828379285882,0.34295318018494325
0.425,0.06402134044681561,0.07316920121188214,0.0650216738912971,0.0820273424474825,0.3464635025155194,0.0724037911792561,0.3462302148701527
0.43,0.06668889629876626,0.07556072244301655,0.06735578526175391,0.08436145381793932,0.3497168392133376,0.07475145085405382,0.3494909052766835
0.435,0.06968989663221074,0.07792988053074745,0.06935645215071691,0.08702900966988997,0.35296550301551943,0.07714122738963491,0.35273533292196535
0.44,0.07169056352117373,0.08030738307497214,0.07202400800266756,0.08937979326442146,0.3562054885829475,0.07957307135949249,0.3559635789168586
0.445,0.07302434144714905,0.08282974538392991,0.07467489163054353,0.09171390463487827,0.35940041408530815,0.08204691940955855,0.35917572396768127
0.45,0.07435811937312438,0.08540451087966916,0.0766922307435812,0.09471490496832276,0.36261002583109875,0.0845626943350068,0.36237184837822667
0.455,0.07602534178059353,0.08800430974489003,0.07869289763254418,0.09736578859619874,0.36579226775959006,0.08712030516246827,0.3655520320517718
0.46,0.07869289763254418,0.09060978284052633,0.08136045348449483,0.10036678892964321,0.3689554843272741,0.08971964723758974,0.36871635449307405
0.465,0.08036012004001333,0.09330370717499765,0.08402800933644548,0.10336778926308769,0.3721353898079472,0.09236060231786952,0.3718648948103592
0.47000000000000003,0.08336112037345782,0.0960206622093917,0.08702900966988997,0.10603534511503834,0.3752248413802263,0.09504303867069835,0.3749977317172992
0.47500000000000003,0.0863621207069023,0.09877800441321621,0.08969656552184062,0.10871957319106366,0.378330981865493,0.09776681117653124,0.37811494353498
0.48,0.08836278759586529,0.10159008625164029,0.09236412137379127,0.11138712904301432,0.38147817707670945,0.1005317614371139,0.38121660819385916
0.485,0.08902967655885295,0.10442386367694818,0.09536512170723574,0.1140380126708903,0.3845779757750407,0.10333771788868895,0.38430280323571486
0.49,0.09103034344781594,0.10737646616272824,0.09836612204068022,0.11705568522840945,0.38759132590409706,0.10618449592009627,0.3873736058155839
0.495,0.09503167722574192,0.11024629164008962,0.10070023341113704,0.1203734578192731,0.3906440618678032,0.10907189799568984,0.39042909270369075
0.5,0.09736578859619874,0.1131678527477128,0.10368456152050684,0.12337445815271757,0.39371215163145856,0.11199971378298262,0.3934693402873666
0.505,0.10036678892964321,0.1162322709505104,0.10636878959653218,0.12637545848616205,0.3967535391343334,0.11496772028493685,0.39649442457295947
0.51,0.1023674558186062,0.11922559438398038,0.10936978992997666,0.12970990330110035,0.3997532043547381,0.11797568197680774,0.3995044211877341
0.515,0.10436812270756919,0.12228300324332324,0.11237079026342114,0.13237745915305102,0.4026907868188299,0.12102335094745031,0.40249940538176254
0.52,0.10703567855951984,0.12544555225448878,0.11568856285428476,0.13606202067355783,0.40566708756105235,0.12411046704500084,0.4054794520298056
0.525,0.10936978992997666,0.12865349510898028,0.1183727909303101,0.13904634878292765,0.4086313722859236,0.12723675802683404,0.4084446356331849
0.53,0.11270423474491498,0.13187512287212202,0.12170723574524842,0.1427142380793598,0.41158397477170405,0.13040193971370256,0.4113950303216448
0.535,0.1150383461153718,0.13513947425251185,0.12437479159719907,0.1460486828942981,0.41443777889259725,0.1336057161479628,0.41433070985520626
0.54,0.1193731243747916,0.13840649585898004,0.12737579193064355,0.14906635545181726,0.4173513293219874,0.13684777975578388,0.41725174762601036
0.545,0.12337445815271757,0.14169855083492955,0.13071023674558185,0.1527342447482494,0.42025820418618093,0.14012781151324505,0.4201582166601536
0.55,0.12670890296765588,0.14504501166721898,0.13437812604201402,0.15605201733911303,0.4231684168329717,0.14344548111621414,0.42305018961951335
0.555,0.12937645881960655,0.14840215340382065,0.13804601533844615,0.160053351117039,0.4260535961102821,0.14680044715390655,0.42592773880356405
0.56,0.13237745915305102,0.15183639791842515,0.14138046015338446,0.16307102367455817,0.4289334349354365,0.1501923572860217,0.42879093615118513
0.5650000000000001,0.1353784594864955,0.15527231132432887,0.14471490496832276,0.16640546848949647,0.43174751944341844,0.15362084842334806,0.43163985324245957
0.5700000000000001,0.13904634878292765,0.15877698305174157,0.1480493497832611,0.1700733577859286,0.43456861329485497,0.15708554691173132,0.4344745613004629
0.5750000000000001,0.1407135711903968,0.16232938507029876,0.15171723907969323,0.1737245748582861,0.43739938671582596,0.16058606871929781,0.4372951311930443
0.58,0.14304768256085362,0.16588846265405116,0.15538512837612536,0.17707569189729908,0.44023583436721114,0.16412201962682554,0.44010163343459796
0.585,0.14738246082027343,0.1694869260724545,0.1587195731910637,0.18106035345115037,0.4430379028578425,0.16769299542115013,0.4428941381878261
0.59,0.1503834611537179,0.1730787139256628,0.16238746248749583,0.18472824274758254,0.44583229444850014,0.17129858209149557,0.4456727152654929
0.595,0.15371790596865623,0.1767309156438863,0.16605535178392797,0.1880793597865955,0.4485699437349983,0.1749383560286225,0.4484374341321702
0.6,0.15738579526508836,0.1804171627446053,0.16972324108036013,0.19173057685895298,0.4512401698130269,0.17861188422667468,0.4511883639059736
0.605,0.16138712904301433,0.18420120687543168,0.1727242414138046,0.19508169389796598,0.45397681776474663,0.18231872448761538,0.4539255733602906
0.61,0.1653884628209403,0.18785741393277208,0.17639213071023674,0.19906635545181728,0.4567161359425445,0.18605842562814112,0.4566491309255002
0.615,0.16972324108036013,0.191616424694117,0.18071023674558184,0.20240080026675558,0.4593970429248858,0.1898305276889547,0.4593591046906834
0.62,0.1737245748582861,0.1954518706769458,0.18406135378459487,0.20641880626875622,0.4621109939549417,0.19363456214628522,0.4620555624053255
0.625,0.17672557519173057,0.19923925259036993,0.18804601533844614,0.21007002334111372,0.4647755458025546,0.19747005212554242,0.4647385714810097
0.63,0.1823941313771257,0.20312409775564175,0.19173057685895298,0.21440480160053352,0.46747247414136345,0.20133651261698587,0.4674081989931028
0.635,0.18706235411803934,0.2070980617162679,0.19604868289429808,0.21873957985995332,0.4701109912847158,0.20523345069329646,0.47006451168243146
0.64,0.19273091030343448,0.21098824733369637,0.20006668889629878,0.2227409136378793,0.4727972387192124,0.20916036572893637,0.47270757595695145
0.645,0.1950650216738913,0.21495086283349066,0.20371790596865622,0.22674224741580526,0.47538201756274384,0.2131167496211765,0.4753374578934071
0.65,0.19973324441480494,0.21892249034629835,0.20706902300766922,0.2304268089363121,0.47799249733227706,0.21710208701268124,0.47795422323898396
0.655,0.20340113371123708,0.2229294983546398,0.21140380126708902,0.23474491497165723,0.4805706006106134,0.22111585551553326,0.48055793741295183
0.66,0.20806935645215072,0.2269885757715034,0.21538846282094032,0.2387462487495832,0.48319977196269226,0.22515752593658017,0.4831486655083008
0.665,0.21207069023007669,0.23101828070150807,0.2193897965988663,0.24341447149049683,0.4857825481366657,0.2292265625039938,0.4857264722933681
0.67,0.21607202400800266,0.23504064250979842,0.22307435811937312,0.2474158052684228,0.4883412922759367,0.23332242309492035,0.48829142221345756
0.675,0.219406468822941,0.23917081469598955,0.22740913637879293,0.25141713904634877,0.49087600438050516,0.23744455946411175,0.4908435793924508
0.68,0.22307435811937312,0.24334170782987033,0.2314104701567189,0.25541847282427477,0.49345143743276426,0.24159241747342136,0.49338300763441045
0.685,0.22774258086028676,0.2475663392635712,0.23572857619206403,0.2601033677892631,0.495979807750397,0.24576543732205314,0.4959097704251745
0.6900000000000001,0.23107702567522506,0.2517395688452707,0.23972990996999,0.2644381460486829,0.49845610865951007,0.249963053777444,0.49842393093394455
0.6950000000000001,0.23474491497165723,0.2558964432922419,0.24373124374791597,0.2684394798266089,0.5009791385249869,0.2541846964066776,0.5009255520148641
0.7000000000000001,0.23907969323107703,0.2601644658997111,0.2484161387129043,0.272757585861954,0.5034828092513997,0.25842978980830666,0.5034146962085906
0.705,0.24441480493497833,0.2643817542116977,0.2524174724908303,0.27675891963988,0.5059661195039662,0.2626977538444792,0.5058914257438583
0.71,0.24974991663887963,0.26867714663646625,0.2567522507502501,0.2811103701233745,0.5083886821132578,0.26698800387325566,0.5083558025390349
0.715,0.25208402800933644,0.27296619727430016,0.261403801267089,0.2851117039013004,0.5108389483181086,0.27129995098100557,0.5108078882036684
0.72,0.25841947315771924,0.2772872906250696,0.2657552517505835,0.2897799266422141,0.5132464909057116,0.27563300221477993,0.5132477440400283
0.725,0.2610870290096699,0.2817051796711682,0.2697399133044348,0.2937812604201401,0.5156947544410033,0.2799865608145443,0.5156754310446375
0.73,0.2684228076025342,0.28599156008292376,0.2740746915638546,0.2981160386795599,0.5181076374807617,0.2843600264451708,0.5180910099097975
0.735,0.27242414138046017,0.2903887548769175,0.2784261420473491,0.302434144714905,0.5204934844814811,0.28875279542808013,0.5204945410251058
0.74,0.2770923641213738,0.29475090295363715,0.2827609203067689,0.3067689229743248,0.522913376864695,0.29316426097243226,0.5228860844789656
0.745,0.2807602534178059,0.2991984982648535,0.2870956985661887,0.3114371457152384,0.5253072345436476,0.29759381340575564,0.5252657000600875
0.75,0.28409469823274425,0.3036684567194736,0.2917639213071024,0.3154551517172391,0.5276820668617939,0.3020408404039196,0.5276334472589853
0.755,0.28809603201067024,0.30811705336546985,0.296432144048016,0.3197732577525842,0.5300392089321742,0.3065047272203422,0.529989385269462
0.76,0.2920973657885962,0.3126434203459884,0.3007669223074358,0.32477492497499166,0.532416043919879,0.3109848569143393,0.5323335729900908
0.765,0.29709903301100365,0.3170973574441401,0.3047682560853618,0.32910970323441147,0.5347307961512694,0.3154806105785102,0.5346660690256866
0.77,0.3027675891963988,0.3215579701074868,0.3091030343447816,0.33344448149383127,0.5370505550565579,0.31999136756506746,0.5369869316887719
0.775,0.3067689229743248,0.326174457218138,0.31410470156718906,0.33779593197732577,0.5393552939401555,0.32451650571101254,0.5392962190010342
0.78,0.3124374791597199,0.33069882152909785,0.3187729243081027,0.34278092697565854,0.5416263212195193,0.3290554015620624,0.5415939886947765
0.785,0.31643881293764586,0.3352525583269163,0.3237579193064355,0.3474491497165722,0.5438950120510644,0.33360743059523645,0.5438802982143608
0.79,0.32144048016005333,0.33979227643782495,0.32777592530843613,0.3521340446815605,0.546115638813205,0.33817196744000827,0.5461552047176441
0.795,0.32577525841947313,0.34438272884421606,0.3324441480493498,0.3568022674224742,0.5483432749188,0.34274838609793845,0.5484187650774077
0.8,0.3327775925308436,0.3489978808418285,0.33777925975325107,0.3614538179393131,0.5505702434678763,0.3473360601606937,0.5506710358827784
0.805,0.33744581527175727,0.3535783199004269,0.3420973657885962,0.36613871290430144,0.5528139009299393,0.3519343630263715,0.5529120734406436
0.81,0.3411137045681894,0.3581474104981931,0.34678226075358454,0.37079026342114035,0.555016837444314,0.35654266811404073,0.5551419337770589
0.8150000000000001,0.3454484828276092,0.3627472086958571,0.35143381127042345,0.375458486162054,0.5572851944975982,0.36116034907641853,0.5573606726386489
0.8200000000000001,0.35145048349449814,0.3673613593586915,0.35578526175391795,0.3797932644214738,0.5595151670510119,0.365786780010601,0.5595683454940008
0.8250000000000001,0.3571190396798933,0.37195648466071946,0.3601200400133378,0.3841280426808936,0.5617047524349963,0.37042133566676727,0.5617650075350509
0.8300000000000001,0.3627875958652884,0.376598672697372,0.3647715905301767,0.3891297099033011,0.5638392644061195,0.3750633916547816,0.5639507136784645
0.835,0.3691230410136712,0.3812114882471665,0.3694564854951651,0.3934644881627209,0.5660138297684155,0.37971232464861493,0.5661255185670091
0.84,0.37679226408802935,0.38580561221441434,0.374108036012004,0.39846615538512836,0.5681837222350727,0.3843675125885132,0.5682894765709203
0.845,0.3837945981993998,0.39044312735543135,0.37879293097699235,0.40280093364454816,0.5703005439584297,0.38902833488084193,0.5704426417892609
0.85,0.3887962654218073,0.3951243674484763,0.38346115371790596,0.40781927309103033,0.5723769785123569,0.3936941725955342,0.5725850680512733
0.855,0.3927975991997332,0.39977823772422033,0.3887962654218073,0.412487495831944,0.574515495822598,0.39836440866107453,0.5747168089177259
0.86,0.3977992664221407,0.40442276220869217,0.3931310436812271,0.4171390463487829,0.5766720371588655,0.40303842805695544,0.5768379176822511
0.865,0.40280093364454816,0.4090542693410317,0.3977992664221407,0.4214904968322774,0.5788222367081988,0.407715618003538,0.5789484473726788
0.87,0.4058019339779927,0.4137338405427771,0.40246748916305436,0.4264754918306102,0.580938724653296,0.4123953681492555,0.581048450752361
0.875,0.4101367122374125,0.4183813690315861,0.40713571190396797,0.4304768256085362,0.5830164943202619,0.4170770707551044,0.5831379803214916
0.88,0.41380460153384463,0.4230492579942403,0.41147049016338777,0.434811603867956,0.5850572146003954,0.42176012087635817,0.5852170883184187
0.885,0.41947315771923976,0.42774585188723313,0.41647215738579524,0.43949649883294434,0.58715100562383,0.4264439165414495,0.5872858267209504
0.89,0.42280760253417804,0.43239938838471653,0.4211403801267089,0.44416472157385795,0.5891780409953135,0.4311278589279716,0.5893442472476544
0.895,0.42914304768256084,0.437070281351709,0.4254751583861287,0.4491497165721907,0.5912451297579676,0.43581135253573927,0.5913924013591516
0.9,0.4321440480160053,0.4417114680535825,0.43014338112704237,0.4535011670556852,0.5932548086599432,0.44049380535686644,0.5934303402594009
0.905,0.4371457152384128,0.44639571215096435,0.43514504834944984,0.458486162054018,0.5952755022444918,0.44517462904280747,0.5954581148969812
0.91,0.44214738246082025,0.4511210109742956,0.4401467155718573,0.46317105701900635,0.5972701611247784,0.4498532390683193,0.597475775966364
0.915,0.4471490496832277,0.4558166035325077,0.4444814938312771,0.46783927975991996,0.5992795062484956,0.4545290548923,0.5994833739091812
0.92,0.45281760586862285,0.46048248982560375,0.4491497165721907,0.4724908302767589,0.6012931904895895,0.45920150011546196,0.6014809589154859
0.925,0.458486162054018,0.4650963067101778,0.4538179393131044,0.4765088362787596,0.6032704929003688,0.46387000263480105,0.6034685809250071
0.93,0.464488162720907,0.4697331542946747,0.458486162054018,0.4814938312770924,0.6052337766242406,0.46853399479482355,0.605446289628399
0.935,0.4711570523507836,0.47437901389218445,0.4638046015338446,0.4858286095365122,0.6072451244175135,0.4731929135354957,0.6074141344684816
0.9400000000000001,0.47849283094364786,0.47897046763335455,0.46782260753584526,0.4904968322774258,0.6091643494110983,0.4778462005368833,0.6093721646414789
0.9450000000000001,0.484161387129043,0.48359863698309863,0.4728242747582527,0.49516505501833946,0.611141985600139,0.4824933023604507,0.611320429098247
0.9500000000000001,0.4894964988329443,0.48824683302842653,0.4768256085361787,0.49919973324441475,0.6130712239415148,0.48713367058698803,0.6132589765454988
0.9550000000000001,0.4968322774258086,0.49292039622149575,0.4811603867955985,0.5041680560186729,0.6150058027350462,0.4917667619511426,0.6151878554470215
0.96,0.5018339446482161,0.4975068432887698,0.48649549849949986,0.5081860620206735,0.6169210223895122,0.49639203847252794,0.6171071140248879
0.965,0.5055018339446482,0.5020956268038638,0.49083027675891966,0.5128376125375125,0.6188472567265503,0.5010089675833875,0.6190168002606627
0.97,0.5101700566855618,0.5066670538494489,0.49616538846282093,0.5168556185395131,0.6207798328505231,0.5056170222527948,0.6209169618966012
0.975,0.515838612870957,0.5112204568690067,0.5001667222407469,0.5215071690563521,0.6226633435703126,0.5102156811073664,0.622807646436843
0.98,0.5188396132044014,0.5158022310406445,0.5051517172390797,0.5265088362787596,0.6245702187682849,0.5148044285484774,0.6246889011486004
0.985,0.5258419473157719,0.5204127101426208,0.5098366122040681,0.5308436145381794,0.6264450512533213,0.5193827548659598,0.6265607730633391
0.99,0.5318439479826609,0.5249654456056595,0.514488162720907,0.5351783927975992,0.6283442495513184,0.523950156348273,0.6284233089779543
0.995,0.5348449483161054,0.5294727872253722,0.5188229409803268,0.539513171057019,0.630253461197109,0.5285061353891363,0.6302765554559411
1.0,0.5385128376125375,0.5339761235059677,0.5231743914638213,0.5441813937979326,0.6321129398821959,0.5330502005906137,0.6321205588285577
1.0050000000000001,0.5438479493164388,0.5384554277518605,0.5275091697232411,0.5488496165388462,0.6339196816022424,0.5375818668626449,0.6339553651959846
1.01,0.547515838612871,0.5430225156800692,0.5321773924641547,0.5531843947982661,0.6357464500178752,0.5421006555190166,0.6357810204284766
1.0150000000000001,0.5531843947982661,0.5475058252650782,0.5361787262420807,0.557519173057686,0.6375561957422587,0.5466060943697749,0.6375975701675097
1.02,0.557519173057686,0.5519821255066336,0.541513837945982,0.5621873957985996,0.639362937462303,0.5510977178100697,0.6394050598269216
1.025,0.5615205068356118,0.5564083590092259,0.5454984994998333,0.5658552850950317,0.641170346738869,0.5555750669054434,0.6412035345940483
1.03,0.5648549516505502,0.5608179035988297,0.5498499499833278,0.5701900633544514,0.6429644048850454,0.5600376894735559,0.6429930394308526
1.035,0.5678559519839946,0.5652241104058374,0.5545181727242414,0.5745248416138713,0.6447978488658715,0.5644851401623564,0.6447736190750485
1.04,0.5741913971323774,0.5696700368257545,0.559186395465155,0.5792097365788595,0.646572881651241,0.5689169805247076,0.6465453180412198
1.045,0.5768589529843281,0.5740084866460331,0.563837945981994,0.5835278426142048,0.6483252175149475,0.5733327790894678,0.6483081806219331
1.05,0.5821940646882294,0.5783763089531668,0.5681893964654885,0.5878792930976992,0.6501129338741872,0.5777321114290446,0.6500622508888447
1.055,0.5871957319106369,0.5826853862865864,0.5721907302434145,0.5925308436145382,0.651780156281657,0.5821145602234263,0.6518075726938024
1.06,0.5931977325775258,0.5869517400027559,0.5765255085028342,0.596865621873958,0.6535154694541153,0.586479715320713,0.6535441896699425
1.065,0.5975325108369457,0.5913319121055034,0.5815105035011671,0.6015338446148716,0.655241436835301,0.5908271737941492,0.6552721452327799
1.07,0.6038679559853285,0.5957284393429774,0.5855285095031677,0.6055351783927976,0.6569633988773697,0.5951565399956895,0.6569914825812934
1.075,0.6072024008002668,0.600023164211225,0.5898466155385129,0.6102200733577858,0.6586947067107124,0.5994674256061017,0.6587022446990063
1.08,0.6142047349116372,0.6043072081751635,0.5941980660220073,0.6145548516172057,0.6603579237790644,0.6037594496816368,0.6604044743550609
1.085,0.6202067355785261,0.6085161520306571,0.5981993997999333,0.6195398466155385,0.6620061208257275,0.6080322386972823,0.6620982141052869
1.09,0.6248749583194398,0.6127013976297073,0.6022007335778593,0.6232244081360453,0.6637304193156134,0.6122854265866224,0.6637835062932667
1.095,0.6282094031343781,0.6169170170503955,0.606535511837279,0.6275591863954652,0.6654216737577855,0.6165186547783279,0.6654603930513924
1.1,0.6312104034678226,0.6211449862666939,0.6108536178726243,0.6318772924308103,0.6671206050999303,0.6207315722293061,0.6671289163019205
1.105,0.6358786262087363,0.6252648113268329,0.615188396132044,0.6362120706902301,0.6687604576901003,0.624923835454531,0.668789117758019
1.11,0.6408802934311437,0.6294607378301946,0.6188729576525509,0.6402300766922306,0.6704230072019333,0.6290951085535881,0.670441038924811
1.115,0.6438812937645882,0.6335855695642295,0.6232077359119707,0.6438812937645882,0.672055182892128,0.6332450632339577,0.6720847211004115
1.12,0.6488829609869957,0.6377073972939263,0.6275425141713905,0.6482327442480826,0.6736306162781652,0.637373378831075,0.6737202053769605
1.125,0.6528842947649216,0.6417898391889719,0.6312104034678226,0.6519006335445148,0.6752771444335305,0.6414797423251908,0.6753475326416503
1.1300000000000001,0.6555518506168723,0.6458312263580688,0.6355285095031677,0.6559019673224408,0.6769213361410762,0.6455638483550736,0.6769667435777471
1.135,0.6588862954318107,0.6499006509009845,0.6391963987995999,0.6602200733577859,0.6785635251790638,0.6496253992285819,0.6785778786656087
1.1400000000000001,0.6632210736912304,0.6539557229787303,0.6435478492830944,0.6645715238412804,0.6802330840343517,0.6536641049301488,0.6801809781836962
1.145,0.6658886295431811,0.6579106615785503,0.6472157385795265,0.6688896298766256,0.6818265414464146,0.6576796831252074,0.6817760822095809
1.1500000000000001,0.6695565188396132,0.6618759473044231,0.6512004001333779,0.6722240746915639,0.6834133232932844,0.6616718591616046,0.6833632306209468
1.155,0.6748916305435145,0.6658589232780634,0.6552017339113038,0.675891963987996,0.6849607193055011,0.6656403660680341,0.6849424630965867
1.16,0.6788929643214405,0.6697554506824254,0.6588862954318107,0.6802267422474157,0.6865424944784723,0.6695849445495332,0.6865138191173947
1.165,0.683894631543848,0.6736646616606604,0.6632044014671558,0.6842447482494164,0.6881195967558094,0.6735053429800839,0.6880773379673533
1.17,0.6882294098032677,0.6775334854694627,0.6672224074691564,0.6875791930643548,0.6896820127897156,0.6774013173923583,0.689633058734515
1.175,0.6922307435811937,0.6813358874045772,0.6708736245415139,0.6918972990996999,0.6912350830323492,0.6812726314646542,0.6911810203119801
1.18,0.6962320773591197,0.6851195977571426,0.6748749583194399,0.695565188396132,0.6927657901315782,0.6851190565050599,0.6927212613988687
1.185,0.701567189063021,0.6889230010270355,0.6785595198399467,0.699566522174058,0.694316190148133,0.6889403714329003,0.6942538205012883
1.19,0.7042347449149716,0.6926489677406638,0.6818772924308103,0.703567855951984,0.6958375514560903,0.6927363627574993,0.6957787359332959
1.195,0.7082360786928976,0.6963972975976988,0.6855618539513171,0.7072357452484161,0.6973522371988521,0.6965068245543156,0.6972960458178572
1.2,0.7125708569523175,0.7001109145157156,0.6898799599866623,0.7105701900633544,0.6988625838242383,0.7002515584384887,0.6988057880877978
1.205,0.7169056352117372,0.7037651189034982,0.6928976325441814,0.7142547515838612,0.7003592455409724,0.7039703735358518,0.7003080004867537
1.21,0.7195731910636879,0.707390284582682,0.6968989663221073,0.7179059686562187,0.7018929566445401,0.7076630864514494,0.7018027205701126
1.215,0.7222407469156386,0.7110331405096325,0.7005668556185395,0.7219239746582193,0.7034033032699242,0.7113295212356194,0.7032899857059547
1.22,0.7255751917305768,0.7146292674802172,0.7045515171723908,0.7252584194731577,0.7048809396258552,0.7149695093476796,0.7047698330759857
1.225,0.7295765255085028,0.7181980246335029,0.70756918972991,0.7285761920640214,0.706357574647004,0.7185828896172739,0.7062422996764672
1.23,0.733244414804935,0.7217654466737499,0.7112370790263421,0.7319273091030343,0.7078278678812175,0.7221695082034251,0.7077074223191406
1.235,0.7365788596198732,0.7253155122444886,0.7145548516172058,0.7355785261753918,0.7092794695328869,0.7257292185513495,0.7091652376321484
1.24,0.7395798599533178,0.7288599035848121,0.7182227409136379,0.7395965321773924,0.7107230605063213,0.7292618813470773,0.7106157820609493
1.245,0.7419139713237746,0.7323535606296535,0.7215738579526508,0.742914304768256,0.7121222589712084,0.7327673644699385,0.7120590918692298
1.25,0.7462487495831944,0.7357931455964133,0.7249083027675892,0.7462487495831944,0.7135257965534717,0.7362455429429594,0.7134952031398099
1.2550000000000001,0.7499166388796266,0.7392337318979537,0.7282427475825275,0.7499166388796266,0.7149383461487497,0.7396962988812252,0.7149241517755465
1.26,0.7525841947315772,0.7426362674778814,0.731893964654885,0.7529343114371456,0.7163525646353257,0.7431195214382614,0.7163459735002295
1.2650000000000001,0.7542514171390463,0.7460424746186665,0.735245081693898,0.7565855285095031,0.7177480915393555,0.7465151067504843,0.7177607038594767
1.27,0.7579193064354784,0.7493966123509301,0.7385795265088363,0.7599199733244415,0.7191616424694117,0.7498829578797755,0.7191683782216203
1.2750000000000001,0.7612537512504168,0.7527133669181022,0.7425641880626876,0.7632544181393798,0.7205498262517283,0.7532229847542339,0.7205690317785927
1.28,0.7642547515838612,0.7560014165549334,0.7458986328776259,0.7666055351783927,0.7219466882687947,0.7565351041071537,0.7219626995468058
1.285,0.7685895298432811,0.7592270496571939,0.7489163054351451,0.7696065355118372,0.7233245249250573,0.7598192394142913,0.7233494163680265
1.29,0.7719239746582194,0.7624500125333734,0.7525675225075026,0.7732744248082694,0.7247087033682561,0.7630753208294616,0.7247292169102477
1.295,0.77459153051017,0.7656993438920744,0.7555851950650216,0.7769256418806268,0.7260531621985445,0.766303285118529,0.7261021356685544
1.3,0.7775925308436146,0.7688245097381468,0.7585695231743915,0.7799266422140714,0.7274243232896135,0.7695030755918394,0.7274682069659875
1.305,0.7812604201400467,0.7719957369840658,0.7615871957319106,0.7829276425475158,0.7288071666197724,0.7726746420351488,0.7288274649544001
1.31,0.784594864954985,0.7751229054996985,0.7655718572857619,0.7855951983994665,0.7301893423934107,0.775817940639102,0.7301799436153131
1.315,0.7889296432144048,0.7782550806892258,0.7679226408802934,0.788596198732911,0.731530797219361,0.7789329339273139,0.7315256767607634
1.32,0.7919306435478493,0.7813004735312177,0.7709236412137379,0.7915971990663555,0.7328145084063719,0.7820195906831078,0.7328646980341497
1.325,0.7955985328442814,0.784338189473235,0.7739246415471824,0.7949316438812938,0.7341703156974915,0.7850778858749621,0.7341970409110734
1.33,0.7995998666222074,0.7873525409370689,0.7769256418806268,0.7975991997332444,0.7355064300712858,0.7881078005807196,0.735522738700176
1.335,0.8006002000666889,0.7903311781271103,0.7799266422140714,0.8006002000666889,0.7368408755537804,0.7911093219106118,0.7368418245439713
1.34,0.8036012004001334,0.7932634201390462,0.7829276425475158,0.8036012004001334,0.738153625449392,0.7940824429291493,0.738154331419674
1.345,0.804268089363121,0.7961662896641218,0.7862620873624542,0.8066022007335779,0.7394323299625074,0.7970271625759325,0.7394602921400244
1.35,0.8059353117705902,0.79909519389346,0.7895965321773925,0.8089529843281094,0.7407494189754954,0.7999434855854348,0.7407597393541085
1.355,0.808269423141047,0.8019743651620945,0.7925808602867623,0.8119373124374791,0.7420591648667677,0.8028314224058049,0.7420527055481743
1.36,0.8106035345115038,0.8048151519308578,0.7955985328442814,0.8149383127709237,0.7433629027493642,0.8056909891167475,0.7433392230464442
1.365,0.8116038679559854,0.8076495969126848,0.7982660886962321,0.817622540846949,0.7446526219450524,0.808522207346527,0.7446193240119223
1.37,0.8146048682894298,0.8104586747467697,0.8009169723241081,0.8206068689563187,0.7459747176319375,0.8113251041881476,0.7458930404471997
1.375,0.816272090696899,0.813193653807192,0.8036012004001334,0.8229409803267755,0.7472494168059364,0.8140997121147581,0.7471604041952535
1.3800000000000001,0.8179393131043681,0.8159219573024189,0.806268756252084,0.8256252084028008,0.7485244497581955,0.8168460688943343,0.7484214469402435
1.385,0.8219406468822941,0.8186666159323703,0.8089363121040347,0.8286262087362454,0.7497734480061925,0.8195642175036846,0.7496762002083039
1.3900000000000001,0.8249416472157386,0.8213074695235422,0.8116038679559854,0.8309603201067022,0.7510227800324502,0.822254206041831,0.7509246953683318
1.395,0.8276092030676893,0.8239196181843742,0.8142714238079359,0.8339446482160721,0.7522347288936142,0.8249160876428107,0.7521669636327712
1.4000000000000001,0.8299433144381461,0.826514076597437,0.8165888629543182,0.8362787595865289,0.7534830595850934,0.8275499203879494,0.7534030360583935
1.405,0.8322774258086029,0.8291185483582955,0.8196065355118373,0.8389463154384795,0.7547023515679742,0.8301557672176505,0.7546329435470737
1.41,0.8349449816605535,0.8316749560497477,0.8216072024008003,0.8416138712904302,0.7559216435508541,0.83273369584275,0.7558567168465629
1.415,0.8369456485495165,0.8342146748282121,0.8242747582527509,0.843947982660887,0.7571492799902266,0.8352837786554812,0.7570743865512576
1.42,0.8412804268089363,0.8367193468894047,0.8269256418806269,0.8462820940313438,0.7583635652992095,0.837806092640095,0.7582859831029636
1.425,0.8429476492164054,0.8392300269592698,0.8292764254751583,0.8489496498832945,0.7595634981430248,0.8403007192831831,0.7594915367916579
1.43,0.8459486495498499,0.841699652303187,0.8312770923641214,0.8512837612537513,0.7607507474129677,0.8427677444837458,0.7606910777562454
1.435,0.8486162054018006,0.8441285566994137,0.8339279759919974,0.8536178726242081,0.7619423358002881,0.8452072584630503,0.761884635985313
1.44,0.8512837612537513,0.846501386348001,0.8369289763254418,0.8559686562187395,0.7631272486224135,0.847619355674321,0.7630722413178782
1.445,0.8539513171057019,0.8488495164053685,0.8389463154384795,0.8582860953651217,0.7642814538446411,0.850004134712306,0.7642539234441365
1.45,0.8559519839946649,0.8512006504670729,0.8419306435478493,0.8606368789596531,0.765416299927803,0.8523616982227611,0.7654297119062023
1.455,0.8572857619206402,0.8535194080375794,0.843947982660887,0.8629709903301099,0.7665935358499549,0.8546921528118927,0.7665996360988487
1.46,0.8619539846615538,0.8558254820342192,0.8469489829943314,0.8649549849949983,0.7677951375850679,0.8569956089557991,0.7677637252702412
1.465,0.8629543181060353,0.8580908350831653,0.8492830943647882,0.8672890963654551,0.7689393294595037,0.859272180909952,0.7689220085226698
1.47,0.8662887629209737,0.860359859692971,0.8512837612537513,0.8696398799599866,0.770081852442639,0.8615219866187558,0.7700745148132762
1.475,0.8699566522174058,0.8625474424073956,0.8536012004001334,0.8719573191063688,0.7712136945214635,0.8637451476252235,0.7712212729547776
1.48,0.8729576525508503,0.8647046513001834,0.855618539513171,0.873624541513838,0.7723925993349132,0.8659417889808082,0.7723623116161873
1.485,0.8759586528842948,0.8669015798058811,0.8582860953651217,0.8759586528842948,0.773537792544127,0.8681120391554245,0.7734976593235312
1.49,0.8782927642547516,0.8690143961901204,0.8602867622540847,0.8779759919973325,0.7746419310273917,0.8702560299476982,0.7746273444605613
1.495,0.8799599866622208,0.8711335543612976,0.8626042014004669,0.8799599866622208,0.7757440668410991,0.8723738963954811,0.7757513952694647
1.5,0.8809603201067022,0.8731996417891703,0.8649383127709237,0.8822940980326776,0.7768692333547298,0.8744657766866598,0.7768698398515702
1.5050000000000001,0.8826275425141714,0.8753041137169181,0.8666222074024675,0.8842947649216405,0.7779793798466693,0.8765318120703005,0.7779827061680507
1.51,0.8842947649216405,0.8773314828666603,0.8689396465488497,0.8862954318106036,0.7791145597080904,0.8785721467681554,0.7790900220406218
1.5150000000000001,0.887295765255085,0.8793314821991034,0.8706235411803934,0.8882960986995665,0.7802070159522648,0.8805869278865701,0.7801918151522383
1.52,0.8882960986995665,0.8813117886142221,0.8726242080693565,0.8902967655885295,0.7812791117225918,0.8825763053288167,0.7812881130477852
1.5250000000000001,0.8906302100700233,0.8833321484205104,0.8749583194398133,0.8919639879959986,0.7823378563625308,0.8845404317078894,0.7823789431347672
1.53,0.8922974324774925,0.8852613867618876,0.8769589863287762,0.8939646548849617,0.7834379895066785,0.8864794622597888,0.783464332683993
1.5350000000000001,0.895298432810937,0.887150571712093,0.8789596532177393,0.8956318772924308,0.7845337835334509,0.8883935547573263,0.7845443088302579
1.54,0.8972990996999,0.8890561117970252,0.8809603201067022,0.8976325441813938,0.7856576149340414,0.8902828694244757,0.785618898573022
1.545,0.8989663221073692,0.8908671926344481,0.8822940980326776,0.8996332110703568,0.7867507387347339,0.8921475688513005,0.7866881287770848
1.55,0.9023007669223074,0.8927036406196124,0.8842947649216405,0.901300433477826,0.787794129574723,0.8939878179094843,0.7877520261732569
1.555,0.9039679893297766,0.8945547748482079,0.8859619873291097,0.9033011003667889,0.7888141559365297,0.8958037836684882,0.7888106173590288
1.56,0.9056352117372457,0.8963558423378377,0.887295765255085,0.9049683227742581,0.789851204989584,0.8975956353123637,0.7898639287992353
1.565,0.9083027675891964,0.8981028377493862,0.8896298766255418,0.9063021007002334,0.7909032740643278,0.899363544057242,0.790911986826717
1.57,0.9099699899966656,0.8998097797697648,0.891297099033011,0.908319439813271,0.7919723658303209,0.9011076830695275,0.7919548176429796
1.575,0.9139713237745916,0.9015758005421232,0.8929476492164056,0.9099699899966656,0.7930538073919221,0.9028282273848142,0.7929924473188473
1.58,0.9166388796265422,0.9032950923581139,0.8946315438479493,0.9116372124041348,0.7940865173275976,0.9045253538275505,0.7940249017951165
1.585,0.918972990996999,0.9050334095349114,0.8962987662554185,0.9136378792930977,0.7951265703849899,0.9061992409314716,0.7950522068832027
1.59,0.9206402134044681,0.9066625812207683,0.8979659886628877,0.9149883294431477,0.7961836461336294,0.9078500688608213,0.7960743882657866
1.595,0.922974324774925,0.9082920866848824,0.8996332110703568,0.9166388796265422,0.7971909889215655,0.9094780193323824,0.797091471497456
1.6,0.9246415471823941,0.9098755307491546,0.901300433477826,0.9179726575525176,0.798234713539815,0.9110832755383343,0.7981034820053446
1.605,0.9263087695898633,0.9115047024350131,0.9032844281427143,0.9196565521840613,0.7992540723451027,0.9126660220699576,0.7991104450897679
1.61,0.9279759919973325,0.9130584402341663,0.9049683227742581,0.9216405468489497,0.8002447262200526,0.9142264448422011,0.8001123859248556
1.615,0.9296432144048016,0.9146021646855267,0.9066355451817273,0.922974324774925,0.8012363814297809,0.9157647310191285,0.8011093295591803
1.62,0.9323107702567522,0.916068118802364,0.9079693231077026,0.9243081027009002,0.8022103463917416,0.9172810689402631,0.8021013009163853
1.625,0.9326442147382461,0.9175594400669422,0.9096365455151717,0.9256418806268756,0.8031966611493114,0.9187756480478407,0.8030883247958059
1.6300000000000001,0.9333111037012337,0.9190307346359359,0.910970323441147,0.9273091030343448,0.8042036701589876,0.9202486588149904,0.8040704258730906
1.635,0.9349783261087029,0.9204663149311371,0.9123041013671224,0.9286428809603201,0.8051813066818059,0.9217002926748533,0.8050476287008175
1.6400000000000001,0.9356452150716905,0.9219242583697412,0.9139546515505169,0.9299766588862954,0.8061596107611438,0.923130741950654,0.8060199577091081
1.645,0.9363121040346782,0.9233207866085488,0.9153051017005669,0.9313104368122708,0.8071175543666368,0.9245401997867359,0.8069874372062382
1.6500000000000001,0.9379793264421474,0.9246709196692523,0.9166388796265422,0.9326442147382461,0.8080838424286244,0.9259288600805727,0.8079500913792459
1.655,0.9389796598866289,0.9260317336342689,0.9182894298099367,0.9343114371457152,0.8090184215559354,0.9272969174157665,0.8089079442945354
1.6600000000000001,0.940646882294098,0.9273464861994365,0.9196398799599866,0.9353117705901968,0.8099623464745179,0.9286445669960426,0.8098610198984795
1.665,0.9413137712570857,0.9286856045775687,0.9206402134044681,0.9366622207402467,0.8108839082496986,0.9299720045802496,0.810809342018018
1.67,0.9419806602200733,0.9299953504688416,0.9223074358119373,0.9376458819606536,0.8118301696160988,0.9312794264183756,0.8117529343612532
1.675,0.9423141047015672,0.9312844021080091,0.9236412137379126,0.9389796598866289,0.8127797687650961,0.932567029188586,0.812691820518043
1.68,0.9423141047015672,0.9325838008732307,0.924974991663888,0.9403134378126042,0.8137223585706403,0.9338350099352913,0.81362602396059
1.685,0.9453151050350117,0.9338588338254888,0.9259753251083694,0.9416472157385796,0.8146586065892498,0.9350835660082533,0.8145555680440291
1.69,0.9463154384794932,0.9351021578430704,0.9273091030343448,0.942647549183061,0.8155664834557791,0.9363128950027311,0.8154804760070107
1.695,0.9469823274424808,0.9363257889433276,0.9286262087362455,0.9436478826275425,0.8164833723353226,0.9375231947006787,0.8164007709722821
1.7,0.9476492164054685,0.9375000208611413,0.9299766588862954,0.9449816605535178,0.817374226510604,0.938714663012992,0.8173164759472653
1.705,0.94864954984995,0.9386779243398126,0.9313104368122708,0.9463154384794932,0.8182730913641216,0.9398874979228163,0.8182276138246325
1.71,0.9493164388129376,0.9398164419838317,0.9323107702567522,0.9473157719239746,0.819189312687145,0.941041897429911,0.8191342073828779
1.715,0.9493164388129376,0.940986334784267,0.9333111037012337,0.9483161053684561,0.8200888450971808,0.9421780594960799,0.8200362792868878
1.72,0.9509836612204068,0.9421281902108846,0.9343114371457152,0.9493164388129376,0.8209596725768781,0.943296181991667,0.8209338520885068
1.725,0.9513171057019006,0.9432016210942521,0.9356452150716905,0.9503167722574192,0.8218862410259543,0.9443964626431184,0.8218269482271016
1.73,0.9519839946648883,0.9443097649166335,0.9366455485161721,0.9516505501833945,0.8227971218968215,0.9454790989816151,0.8227155900301222
1.735,0.9533177725908636,0.9453761864565453,0.9379626542180728,0.9523174391463821,0.8236926489677395,0.9465442882927726,0.82359979971366
1.74,0.9549849949983328,0.9464509524529515,0.9393131043681227,0.9536512170723574,0.8245477888692274,0.947592227567412,0.8244795993830032
1.745,0.9579859953317773,0.9474936757364234,0.9399799933311104,0.9543181060353451,0.8254369741532118,0.9486231134533987,0.8253550110331891
1.75,0.9589863287762588,0.948511365650414,0.9409803267755918,0.9549849949983328,0.8263318336676124,0.9496371422085492,0.8262260565495548
1.7550000000000001,0.9593197732577526,0.9495384013556757,0.9419806602200733,0.9559853284428143,0.8272256918472324,0.9506345096546052,0.8270927577082836
1.76,0.9596532177392464,0.9505651032826754,0.9433144381460487,0.9569856618872957,0.8280938491008517,0.9516154111322704,0.8279551361769495
1.7650000000000001,0.9606535511837279,0.9515133673186359,0.9443147715905301,0.9579859953317773,0.8289636752457697,0.952580041457311,0.8288132135150591
1.77,0.9606535511837279,0.9524599624632977,0.9456485495165055,0.9586695565188396,0.8298164786994408,0.9535285948777139,0.8296670111745905
1.7750000000000001,0.9613204401467156,0.9534102291688145,0.9466322107369124,0.959669889963321,0.8306499230140447,0.9544612650319013,0.83051655050053
1.78,0.9616538846282094,0.9543324585005143,0.9476325441813939,0.9606535511837279,0.8314583339591679,0.9553782449079958,0.8313618527314045
1.7850000000000001,0.9619873291097032,0.9552056224280294,0.9483161053684561,0.9616705568522841,0.832279762256421,0.9562797268041342,0.8322029389998141
1.79,0.9633211070356785,0.9560928050424553,0.949299766588863,0.9626542180726909,0.8331419115013652,0.9571659022898227,0.8330398303329594
1.795,0.9643214404801601,0.9569683054177899,0.9499833277759253,0.9633377792597532,0.8339716842551115,0.9580369621683305,0.833872547653167
1.8,0.9646548849616539,0.9578294533279537,0.9506502167389129,0.9639879959986662,0.8347954490001829,0.9588930964401139,0.8347011117784134
1.805,0.9649883294431477,0.9587029510337294,0.9519839946648883,0.9649883294431477,0.8356342337669452,0.9597344942672679,0.8355255434228451
1.81,0.9659886628876292,0.9595400669091901,0.9529843281093698,0.9659886628876292,0.8364169437860675,0.9605613439389953,0.836345863197296
1.815,0.9673224408136045,0.9603801867889895,0.9536512170723574,0.9666555518506169,0.8372397071963599,0.961373832838091,0.837162091609803
1.82,0.9676558852950984,0.9611986110819051,0.9546348782927643,0.9673224408136045,0.8380484519197429,0.9621721474084295,0.8379742490661193
1.825,0.9693231077025676,0.9619913344488187,0.9553184394798266,0.968322774258086,0.838857530421386,0.9629564731234524,0.8387823558702232
1.83,0.9696565521840613,0.9627646986766689,0.9563021007002335,0.9689896632210737,0.8396792924968988,0.9637269944556455,0.8395864322248272
1.835,0.9699899966655552,0.9635257131089063,0.9569689896632211,0.9696565521840613,0.8404973830115556,0.9644838948469986,0.8403864982318819
1.84,0.9699899966655552,0.9642790506411713,0.9576525508502834,0.970323441147049,0.8413021223958204,0.9652273566804396,0.8411825738930794
1.845,0.9709903301100367,0.9650370610690704,0.9586528842947649,0.9709903301100367,0.8420771555149682,0.9659575612522333,0.8419746791103522
1.85,0.9719906635545181,0.9657486763188666,0.9593197732577526,0.9716572190730244,0.8428885704644298,0.966674688745337,0.8427628336863724
1.855,0.9733244414804935,0.9664796507077278,0.9603034344781595,0.972324108036012,0.8436686102574742,0.9673789182037031,0.8435470573250452
1.86,0.974324774924975,0.9671679014793391,0.9609869956652217,0.9729909969989997,0.8444493176070377,0.9680704275075186,0.8443273696320027
1.865,0.9749916638879627,0.9678558184726924,0.9616538846282094,0.9736578859619873,0.8452270209522627,0.9687493933493739,0.845103790115093
1.87,0.976325441813938,0.9685480745834217,0.9626375458486163,0.9740080026675558,0.8460087296366058,0.9694159912113475,0.8458763381848686
1.875,0.9769923307769256,0.969195270629082,0.9633211070356785,0.9746582194064688,0.8467747507427403,0.9700703953429989,0.8466450331550716
1.8800000000000001,0.9776592197399133,0.9698524800225355,0.9639879959986662,0.9753417805935312,0.8475347638401985,0.97071277874026,0.8474098942431161
1.885,0.9779926642214072,0.9704943356160413,0.9646548849616539,0.9759919973324441,0.8482827609203059,0.9713433131252095,0.8481709405705694
1.8900000000000001,0.9779926642214072,0.9711351898747675,0.9656385461820607,0.9766588862954318,0.8490471131351409,0.9719621689267264,0.8489281911636292
1.895,0.9783261087029009,0.971736324520583,0.966322107369123,0.9769923307769256,0.8498134680195363,0.9725695152620052,0.8496816649535996
1.9000000000000001,0.9796598866288763,0.9723441347315941,0.966972324108036,0.9776592197399133,0.8505671393300606,0.9731655199189251,0.8504313807773649
1.905,0.9799933311103701,0.9729249089035665,0.9673224408136045,0.9783261087029009,0.8513218119753647,0.9737503493392613,0.8511773573778596
1.9100000000000001,0.9799933311103701,0.9735150288668113,0.9679893297765922,0.9786762254084694,0.8520681401641723,0.9743241686027261,0.8519196134045376
1.915,0.9806602200733577,0.974082451908394,0.9686562187395799,0.9793264421473825,0.8528201425833977,0.9748871414118279,0.852658167413838
1.92,0.9816605535178393,0.9746515438412743,0.9693231077025676,0.9799933311103701,0.8535694747765452,0.975439430077537,0.8533930378696498
1.925,0.9816605535178393,0.9752283126741298,0.9699899966655552,0.980326775591864,0.8543304892087833,0.975981195505747,0.8541242431437727
1.93,0.9816605535178393,0.9757570174375809,0.9706568856285428,0.9809936645548516,0.8550651351585007,0.9765125971845163,0.8548518015163763
1.935,0.9819939979993331,0.976286723535809,0.9713071023674559,0.9813271090363455,0.855793105543022,0.9770337931720826,0.855575731176458
1.94,0.9823274424808269,0.9768214363079342,0.9716572190730244,0.9816605535178393,0.8564740131929182,0.977544940085632,0.856296050222297
1.945,0.9826608869623208,0.9773361223844729,0.972324108036012,0.9823274424808269,0.8571575910688933,0.9780461930908174,0.8570127766619071
1.95,0.9826608869623208,0.9778367897741023,0.9729743247749251,0.9826608869623208,0.8578792196664803,0.9785377058920063,0.8577259284134864
1.955,0.9829943314438147,0.9783104211246914,0.9729909969989997,0.9829943314438147,0.8585834917945611,0.9790196307232517,0.858435523305866
1.96,0.9829943314438147,0.9787927307100333,0.9736578859619873,0.983344448149383,0.8593081243964882,0.9794921183399687,0.8591415790789549
1.965,0.9833277759253084,0.9792753740736353,0.974324774924975,0.9836778926308769,0.8600093925202306,0.9799553180113086,0.8598441133841846
1.97,0.9836612204068023,0.9797339854025366,0.9749916638879627,0.98432810936979,0.8607036513005171,0.9804093775132123,0.8605431437849491
1.975,0.9836612204068023,0.9801889251705808,0.9753251083694565,0.9846615538512837,0.8613892318460512,0.9808544431221368,0.8612386877570448
1.98,0.9836612204068023,0.9806405271560273,0.9756585528509503,0.9853284428142715,0.8620794852872227,0.9812906596094351,0.8619307626891072
1.985,0.9839946648882961,0.9810694322198119,0.976325441813938,0.9853284428142715,0.8627690711718728,0.9817181702363835,0.8626193858830458
1.99,0.9839946648882961,0.9814819821488688,0.976975658552851,0.9859953317772591,0.8634653326217179,0.9821371167498377,0.8633045745544762
1.995,0.9846615538512837,0.9819015414213794,0.9773257752584195,0.9863287762587529,0.8641529158368102,0.9825476393785078,0.8639863458331508
2.0,0.9856618872957652,0.9823207669156314,0.9776592197399133,0.9866622207402468,0.8648338234867072,0.982949876829839,0.8646647167633873
2.005,0.9856618872957652,0.9827276426142719,0.9783261087029009,0.9869956652217405,0.865515398693123,0.9833439662874862,0.8653397043044941
2.0100000000000002,0.9859953317772591,0.9831038107130156,0.9786595531843948,0.9873291097032344,0.8661999779038775,0.9837300434093658,0.8660113253311951
2.015,0.9859953317772591,0.9834970015030067,0.9789929976658887,0.9876625541847283,0.8668561859625527,0.9841082423262771,0.8666795966340506
2.02,0.9866622207402468,0.9838708331539321,0.9793264421473825,0.9879959986662221,0.8675000442256184,0.9844786956410768,0.8673445349198783
2.025,0.9873291097032344,0.9842446648048562,0.9799933311103701,0.9883294431477159,0.868168935858166,0.9848415344283958,0.8680061568121697
2.0300000000000002,0.9873291097032344,0.9846018075427927,0.980326775591864,0.9886628876292097,0.8688258114733619,0.9851968882348836,0.868664478851507
2.035,0.9876625541847283,0.9849439302590403,0.9806602200733577,0.9886795598532844,0.8695063853449992,0.9855448850799705,0.8693195174959749
2.04,0.9879959986662221,0.9853010729969764,0.9813271090363455,0.9893297765921975,0.8701589218428162,0.9858856514571334,0.8699712891215741
2.045,0.9886628876292097,0.9856602184044703,0.9816605535178393,0.9896632210736912,0.8708288148101415,0.9862193123356504,0.8706198100226289
2.05,0.9893297765921975,0.9859816468686123,0.9819939979993331,0.9899966655551851,0.8714629935036736,0.9865459911628383,0.8712650964121957
2.055,0.9899966655551851,0.9862917268719226,0.9823274424808269,0.9900133377792597,0.8721035139841419,0.9868658098667518,0.8719071644224681
2.06,0.9903301100366789,0.9866098175534656,0.9826608869623208,0.9903301100366789,0.8727290144429196,0.98717888885934,0.8725460301051793
2.065,0.9906635545181727,0.9869352513567232,0.9829943314438147,0.9906635545181727,0.8733735402625025,0.9874853470400434,0.8731817094320049
2.07,0.9909969989996665,0.9872459989165526,0.9836612204068023,0.9909969989996665,0.8740010433908385,0.9877853017998203,0.8738142182949612
2.075,0.9909969989996665,0.9875423940112125,0.9839946648882961,0.9913304434811604,0.8746068509322915,0.9880788690255904,0.8744435725068028
2.08,0.9909969989996665,0.9878401242189113,0.9839946648882961,0.9916638879626543,0.8752443674084207,0.9883661631050852,0.8750697878014175
2.085,0.9909969989996665,0.9881241695179607,0.98432810936979,0.9916638879626543,0.8758585194063687,0.9886472969320906,0.8756928798342206
2.09,0.9916638879626543,0.988403541921373,0.9846615538512837,0.991997332444148,0.8764663296173792,0.9889223819120728,0.8763128641825452
2.095,0.9923307769256419,0.9886792427639296,0.9849949983327776,0.9920140046682226,0.8770714696023125,0.9891915279681723,0.8769297563460323
2.1,0.9923307769256419,0.9889419262543554,0.9853284428142715,0.9923307769256419,0.8776612557872973,0.9894548435475585,0.8775435717470181
2.105,0.9923307769256419,0.9892209648795105,0.9856618872957652,0.9926642214071357,0.8782744064504656,0.9897124356281312,0.8781543257309197
2.11,0.9926642214071357,0.9894646230091311,0.9859786595531844,0.9926642214071357,0.878884553109295,0.9899644097255562,0.8787620335666183
2.115,0.9929976658886296,0.989728975390856,0.9859953317772591,0.9929976658886296,0.8794910282072673,0.990210869900628,0.8793667104468418
2.12,0.9929976658886296,0.9899773064161136,0.9863287762587529,0.9933311103701233,0.8800931641878625,0.9904519187669439,0.8799683714885432
2.125,0.9936645548516172,0.9902096160849023,0.9866622207402468,0.9933311103701233,0.8807183308683818,0.9906876574988824,0.8805670317332803
2.13,0.9936645548516172,0.9904325799624184,0.9869956652217405,0.9936645548516172,0.8813608540184072,0.990918185839872,0.8811627061475904
2.1350000000000002,0.9939979993331111,0.9906718989746632,0.9873291097032344,0.9936645548516172,0.8819523090946894,0.9911436021109418,0.8817554096233646
2.14,0.9939979993331111,0.9909072126477906,0.9873291097032344,0.9939979993331111,0.8825631233100373,0.9913640032195423,0.8823451569782208
2.145,0.9939979993331111,0.9911278400774892,0.9876625541847283,0.9943314438146049,0.8831585837254381,0.9915794846686268,0.8829319629558736
2.15,0.9939979993331111,0.9913427932767718,0.9879959986662221,0.9943314438146049,0.883728009436577,0.991790140565981,0.883515842226503
2.1550000000000002,0.9939979993331111,0.9915377197804689,0.9883294431477159,0.9943314438146049,0.8843141240607048,0.9919960636337949,0.8840968093871213
2.16,0.9943314438146049,0.9917570120971283,0.9886628876292097,0.9946648882960987,0.8848825484370656,0.9921973452184614,0.8846748789619375
2.165,0.9949983327775925,0.9919479332617082,0.9889963321107036,0.9949983327775925,0.8854653252785961,0.9923940753005966,0.8852500654027212
2.17,0.9949983327775925,0.9921438611001849,0.9889963321107036,0.9949983327775925,0.8860450981157885,0.9925863425052701,0.8858223830891635
2.1750000000000003,0.9953317772590864,0.9923367849343236,0.9893297765921975,0.9953317772590864,0.8866295438486181,0.9927742341124338,0.8863918463292363
2.18,0.9956652217405801,0.9925320452162802,0.9896632210736912,0.9953317772590864,0.8871956317771611,0.992957836067545,0.8869584693595501
2.185,0.9956652217405801,0.9927286406112762,0.9899799933311104,0.9953317772590864,0.8877680614926386,0.9931372329923678,0.8875222663457104
2.19,0.9956652217405801,0.992910549762843,0.9899966655551851,0.9956652217405801,0.8883201307342701,0.9933125081959508,0.8880832513826711
2.195,0.9956652217405801,0.9930801091187977,0.9903301100366789,0.9956652217405801,0.8888828808802144,0.9934837436857653,0.8886414384950874
2.2,0.9956652217405801,0.9932483333617139,0.9903301100366789,0.995998666222074,0.8894402905740023,0.9936510201790003,0.8891968416376661
2.205,0.9956652217405801,0.9934319114045785,0.9906635545181727,0.995998666222074,0.8899896895895565,0.9938144171140035,0.8897494746955148
2.21,0.995998666222074,0.9935941276388185,0.9906635545181727,0.9963321107035679,0.890548100618125,0.9939740126618601,0.8902993514844886
2.215,0.995998666222074,0.9937556763165394,0.9909969989996665,0.9963321107035679,0.8910968320771592,0.9941298837381006,0.8908464857515359
2.22,0.995998666222074,0.9939058765334274,0.9913304434811604,0.9963487829276425,0.891611518153698,0.9942821060145306,0.891390891175042
2.225,0.995998666222074,0.994057745641615,0.9913304434811604,0.9966655551850617,0.8921368851345498,0.9944307539311732,0.8919325813651707
2.23,0.995998666222074,0.9942036067411266,0.9913304434811604,0.9966655551850617,0.8926659236762597,0.9945759007083178,0.8924715698642051
2.235,0.995998666222074,0.9943561434058338,0.9916638879626543,0.9969989996665555,0.8932016377831647,0.994717618358665,0.8930078701468855
2.24,0.995998666222074,0.9944893209314748,0.9916638879626543,0.9969989996665555,0.8937293412118349,0.994855977699564,0.8935414956207473
2.245,0.995998666222074,0.9946281726875317,0.991997332444148,0.9969989996665555,0.8942727322187148,0.9949910483653304,0.8940724596264547
2.25,0.9963321107035679,0.9947670244435884,0.991997332444148,0.9969989996665555,0.894801436982165,0.9951228988196408,0.8946007754381357
2.255,0.9963321107035679,0.994900535747488,0.9923307769256419,0.9973324441480493,0.8953234661804205,0.9952515963679961,0.8951264562637131
2.2600000000000002,0.9963321107035679,0.9950267039296735,0.9923307769256419,0.9973324441480493,0.8958341469178437,0.9953772071702457,0.8956495152452351
2.265,0.9963321107035679,0.9951592138987952,0.9923307769256419,0.9973324441480493,0.8963608490117345,0.9954997962531662,0.896169965459203
2.27,0.9963321107035679,0.9952837131896828,0.9926642214071357,0.9976658886295432,0.8968862159925866,0.99561942752309,0.8966878199168998
2.275,0.9966655551850617,0.9953961964632182,0.992980993664555,0.9976658886295432,0.8973862158256977,0.995736163778573,0.8972030915647136
2.2800000000000002,0.9966655551850617,0.9955320442149369,0.9929976658886296,0.9976658886295432,0.8978992330109385,0.9958500667231005,0.8977157932844626
2.285,0.9966655551850617,0.9956622177362389,0.9933311103701233,0.9976658886295432,0.898404573296205,0.9959611969778205,0.8982259378937163
2.29,0.9969989996665555,0.9957700281141388,0.9933311103701233,0.9976825608536178,0.8989142526988486,0.9960696140943003,0.8987335381461166
2.295,0.9969989996665555,0.9958861829485316,0.9933311103701233,0.9979993331110371,0.8994396196797002,0.9961753765673022,0.8992386067316963
2.3000000000000003,0.9969989996665555,0.9960076782350811,0.9933311103701233,0.9979993331110371,0.8999366155084734,0.9962785418475695,0.8997411562771963
2.305,0.9969989996665555,0.9961061428217072,0.9936645548516172,0.9979993331110371,0.9004362815633236,0.9963791663546189,0.9002411993463814
2.31,0.9969989996665555,0.9962026047387749,0.9936645548516172,0.9983327775925308,0.9009436245181488,0.9964773054895343,0.9007387484403544
2.315,0.9969989996665555,0.9963074111123367,0.9936645548516172,0.9983327775925308,0.9014276029947916,0.9965730136477557,0.9012338159978684
2.32,0.9969989996665555,0.9964028716946255,0.9939979993331111,0.9983327775925308,0.9019239312670458,0.9966663442318595,0.9017264143956385
2.325,0.9969989996665555,0.9965046740638495,0.9943147715905303,0.9983327775925308,0.9024052395176106,0.996757349664323,0.9022165559486499
2.33,0.9973324441480493,0.9966041399852551,0.9943314438146049,0.9983327775925308,0.9028902193290318,0.9968460814002702,0.9027042529104672
2.335,0.9973324441480493,0.9966965965632066,0.994648216072024,0.9986662220740247,0.9033852124882464,0.996932589940195,0.9031895174735398
2.34,0.9973324441480493,0.996790388254197,0.9946648882960987,0.9986662220740247,0.9038698585214098,0.9970169248426538,0.9036723617695069
2.345,0.9973324441480493,0.9968678248104593,0.9946648882960987,0.9986662220740247,0.9043424885372205,0.9970991347369268,0.9041527978695013
2.35,0.9973324441480493,0.9969539396014758,0.9946648882960987,0.9986662220740247,0.9048124483269543,0.9971792673356418,0.9046308377844504
2.355,0.9973324441480493,0.9970307086012186,0.9946648882960987,0.9986662220740247,0.9052820743384274,0.9972573694473564,0.9051064934653769
2.36,0.9973324441480493,0.9971038060401046,0.9949983327775925,0.9989996665555185,0.9057386829977703,0.9973334869890969,0.9055797768036976
2.365,0.9973324441480493,0.9971712292485749,0.9949983327775925,0.9989996665555185,0.9062236628091925,0.9974076649988448,0.9060506996315209
2.37,0.9973324441480493,0.9972540062569938,0.9949983327775925,0.9989996665555185,0.9066902848163279,0.9974799476479747,0.9065192737219415
2.375,0.9976658886295432,0.9973230983567629,0.9953317772590864,0.9989996665555185,0.9071619134973593,0.9975503782536324,0.9069855107893365
2.38,0.9976658886295432,0.9973975309086882,0.9953317772590864,0.9989996665555185,0.9076345435131707,0.9976189992910559,0.9074494224896568
2.3850000000000002,0.9976658886295432,0.9974679581214962,0.9953317772590864,0.9989996665555185,0.9081085086420202,0.9976858524058317,0.9079110204207188
2.39,0.9976658886295432,0.9975387191125639,0.9956652217405801,0.9989996665555185,0.9085644497448419,0.997750978426086,0.9083703161224952
2.395,0.9976658886295432,0.9976068098775535,0.9956652217405801,0.9989996665555185,0.9090253975215619,0.9978144173746053,0.9088273210774022
2.4,0.9976658886295432,0.9976722304164652,0.9956652217405801,0.9989996665555185,0.9094886817461003,0.9978762084808865,0.9092820467105875
2.4050000000000002,0.9976658886295432,0.9977283051641039,0.995998666222074,0.9993331110370124,0.9099356108359107,0.9979363901931103,0.9097345043902157
2.41,0.9976658886295432,0.9977900541421585,0.995998666222074,0.9993331110370124,0.9104015652865273,0.9979950001900375,0.9101847054277523
2.415,0.9979993331110371,0.9978501342289141,0.995998666222074,0.9993331110370124,0.9108531672719737,0.9980520753928251,0.9106326610782468
2.42,0.9979993331110371,0.9979058751982932,0.995998666222074,0.9993331110370124,0.9112894154574723,0.9981076519767592,0.9110783825406137
2.4250000000000003,0.9979993331110371,0.9979669566198284,0.9963321107035679,0.9993331110370124,0.9117033004995664,0.9981617653829022,0.9115218809579128
2.43,0.9983327775925308,0.998021362476168,0.9963321107035679,0.9993331110370124,0.9121365446807262,0.9982144503296534,0.9119631674176274
2.435,0.9983327775925308,0.9980724305499105,0.9963321107035679,0.9993331110370124,0.9125734604227443,0.9982657408242188,0.9124022529519423
2.44,0.9983327775925308,0.9981271701845101,0.9966655551850617,0.9993331110370124,0.9130207232908134,0.9983156701739905,0.9128391485380187
2.445,0.9986662220740247,0.9981802409278108,0.9966655551850617,0.9993331110370124,0.9134336069981285,0.9983642709978306,0.9132738650982688
2.45,0.9989996665555185,0.9982329778928524,0.9966655551850617,0.9996665555185061,0.9138591742793151,0.9984115752372614,0.9137064135006295
2.455,0.9989996665555185,0.9982787055144388,0.9966655551850617,0.9996665555185061,0.9142907495691762,0.9984576141675565,0.9141368045588332
2.46,0.9989996665555185,0.9983257682490639,0.9966655551850617,0.9996665555185061,0.9147196546329596,0.9985024184087347,0.9145650490326788
2.465,0.9989996665555185,0.9983721634271696,0.9969989996665555,0.9996665555185061,0.9151465570271846,0.9985460179364513,0.9149911576283004
2.47,0.9989996665555185,0.9984198937183144,0.9969989996665555,0.9996665555185061,0.9155621109605786,0.9985884420927894,0.9154151409984354
2.475,0.9989996665555185,0.9984562755486277,0.9969989996665555,0.9996665555185061,0.9159596408679451,0.998629719596947,0.9158370097426897
2.48,0.9993331110370124,0.9985013356136947,0.9969989996665555,0.9996665555185061,0.9163568369970508,0.9986698785558183,0.9162567744078041
2.485,0.9993331110370124,0.998544393009203,0.9973324441480493,0.9996665555185061,0.9167593735783138,0.9987089464744717,0.916674445487917
2.49,0.9993331110370124,0.9985814423960359,0.9973324441480493,0.9996665555185061,0.9171926177594728,0.9987469502665179,0.9170900334248273
2.495,0.9993331110370124,0.9986191593393882,0.9973324441480493,0.9996665555185061,0.9176041663537491,0.9987839162643725,0.917503548608255
2.5,0.9993331110370124,0.9986565425044807,0.9973324441480493,0.9996665555185061,0.9179963558089594,0.9988198702294078,0.9179150013761012
2.505,0.9993331110370124,0.9986925905565341,0.9973324441480493,0.9996665555185061,0.9184249270944833,0.9988548373619962,0.9183244020147066
2.5100000000000002,0.9993331110370124,0.9987276372738086,0.9976658886295432,0.9996665555185061,0.9188404810278766,0.9988888423114423,0.9187317607591083
2.515,0.9993331110370124,0.998768024443239,0.9976658886295432,0.9996832277425808,0.9192370096004636,0.998921909185803,0.9191370877932963
2.52,0.9993331110370124,0.9987940591475,0.9976658886295432,1.0,0.9196338719513103,0.9989540615615979,0.9195403932504675
2.525,0.9993331110370124,0.9988301071995535,0.9976658886295432,1.0,0.9200427503195089,0.9989853224934041,0.9199416872132795
2.5300000000000002,0.9993331110370124,0.9988634850255286,0.9976658886295432,1.0,0.92046197581376,0.9990157145233405,0.920340979714102
2.535,0.9993331110370124,0.9989022033036601,0.9976658886295432,1.0,0.9208615083906848,0.999045259690438,0.9207382807352684
2.54,0.9996665555185061,0.9989345797948563,0.9976658886295432,1.0,0.9212697192023627,0.9990739795398951,0.9211336002093251
2.545,0.9996665555185061,0.998963952281715,0.9976658886295432,1.0,0.9216559006488984,0.9991018951322205,0.9215269480192793
2.5500000000000003,1.0,0.9989899869859759,0.9979993331110371,1.0,0.9220504265519274,0.9991290270522605,0.9219183339988468
2.555,1.0,0.9990203608076137,0.9979993331110371,1.0,0.9224522955766703,0.9991553954181126,0.9223077679326976
2.56,1.0,0.9990524035205502,0.9979993331110371,1.0,0.922833804127569,0.9991810198899245,0.9226952595567003
2.565,1.0,0.9990821097856685,0.9979993331110371,1.0,0.9232313340349361,0.9992059196785773,0.9230808185581655
2.57,1.0,0.9991104809377478,0.9979993331110371,1.0,0.9236041643510805,0.999230113554256,0.9234644545760885
2.575,1.0,0.9991355143072297,0.9979993331110371,1.0,0.9239796648933035,0.9992536198549038,0.9238461772013897
2.58,1.0,0.9991592125636723,0.9979993331110371,1.0,0.9243775285789309,0.9992764564945624,0.9242259959771545
2.585,1.0,0.9991845797114138,0.9979993331110371,1.0,0.9247456859994396,0.9992986409715986,0.9246039203988723
2.59,1.0,0.9992139521982724,0.9979993331110371,1.0,0.9251175149808056,0.9993201903768155,0.9249799599146731
2.595,1.0,0.9992359815634162,0.9979993331110371,1.0,0.9255040302055991,0.9993411214014513,0.9253541239255645
2.6,1.0,0.9992573433720406,0.9979993331110371,1.0,0.9258638431696126,0.9993614503450633,0.9257264217856661
2.605,1.0,0.9992797065154443,0.9979993331110371,1.0,0.9262226547988474,0.9993811931232999,0.9260968628024441
2.61,1.0,0.9993020696588479,0.9983327775925308,1.0,0.9266041633497447,0.9994003652755584,0.9264654562369429
2.615,1.0,0.999322763910953,0.9983327775925308,1.0,0.9269669803180962,0.9994189819725319,0.9268322113040178
2.62,1.0,0.9993394528239408,0.9983327775925308,1.0,0.9273324675125267,0.9994370580236428,0.9271971371725645
2.625,1.0,0.9993618159673444,0.9983327775925308,1.0,0.9276956182591383,0.9994546078843661,0.9275602429657486
2.63,1.0,0.9993818426629296,0.9983327775925308,1.0,0.9280761254752572,0.9994716456634417,0.9279215377612339
2.6350000000000002,1.0,0.9994028706932944,0.9983327775925308,1.0,0.9284349371044924,0.9994881851299751,0.9282810305914092
2.64,1.0,0.9994208947193212,0.9983327775925308,1.0,0.9288007580771825,0.9995042397204301,0.9286387304436139
2.645,1.0,0.9994369160757894,0.9986662220740247,1.0,0.929172920836808,0.9995198225455121,0.928994646260363
2.65,1.0,0.9994516023192187,0.9986662220740247,1.0,0.9295337351356023,0.999534946396942,0.9293487869395705
2.6550000000000002,1.0,0.9994672898974274,0.9986662220740247,1.0,0.929900223664811,0.9995496237541236,0.9297011613347715
2.66,1.0,0.999484312588675,0.9986662220740247,1.0,0.9302420126027997,0.999563866790704,0.9300517782553447
2.665,1.0,0.9995030041712213,0.9986662220740247,1.0,0.9305901433277229,0.9995776873810266,0.9304006464667309
2.67,1.0,0.9995190255276897,0.9986662220740247,1.0,0.9309429469482817,0.999591097106481,0.9307477746906541
2.6750000000000003,1.0,0.9995343793276384,0.9986662220740247,1.0,0.9312894087819065,0.9996041072617461,0.9310931716053374
2.68,1.0,0.9995463953449898,0.9986662220740247,1.0,0.9316275261590377,0.9996167288609308,0.9314368458457221
2.685,1.0,0.9995574100275616,0.9986662220740247,1.0,0.9319756568839608,0.9996289726436114,0.9317788060036819
2.69,1.0,0.9995744327188093,0.9986662220740247,1.0,0.9323204498262859,0.9996408490807672,0.9321190606282386
2.695,1.0,0.9995867825144203,0.9986662220740247,1.0,0.9326492214121432,0.9996523683806149,0.9324576182257754
2.7,1.0,0.9995984647535118,0.9986662220740247,1.0,0.9329880063457932,0.9996635404943427,0.9327944872602503
2.705,1.0,0.9996131509969411,0.9986662220740247,1.0,0.9333174454881698,0.9996743751217457,0.9331296761534063
2.71,1.0,0.9996265021273314,0.9986662220740247,1.0,0.9336432130696893,0.9996848817167625,0.9334631932849832
2.715,1.0,0.9996388519229424,0.9986662220740247,1.0,0.9339816642250799,0.9996950694929142,0.9337950469929268
2.72,1.0,0.9996512017185534,0.9989829943314439,1.0,0.9343037602457419,0.999704947428648,0.9341252455735971
2.725,1.0,0.9996605475098266,0.9989996665555185,1.0,0.9346408762880917,0.9997145242725852,0.9344537972819756
2.73,1.0,0.9996732310836974,0.9989996665555185,1.0,0.9349582994131173,0.9997238085486735,0.9347807103318725
2.735,1.0,0.9996825768749706,0.9989996665555185,1.0,0.9352850683294158,0.9997328085612485,0.9351059928961307
2.74,1.0,0.9996925902227634,0.9989996665555185,1.0,0.9356121710239741,0.9997415324000001,0.9354296531068316
2.745,1.0,0.9997022697922964,0.9989996665555185,1.0,0.935924587475104,0.9997499879448503,0.9357516990554969
2.75,1.0,0.9997139520313878,0.9989996665555185,1.0,0.9362523577261818,0.9997581828707384,0.9360721387932924
2.755,1.0,0.9997209613748427,0.9989996665555185,1.0,0.936581463090298,0.999766124652319,0.9363909803312283
2.7600000000000002,1.0,0.9997296396095964,0.9989996665555185,1.0,0.9369045604457393,0.9997738205685704,0.9367082316403593
2.765,1.0,0.9997383178443501,0.9989996665555185,1.0,0.9372146404490501,0.9997812777073171,0.9370239006519849
2.77,1.0,0.9997483311921429,0.9989996665555185,1.0,0.937504693756776,0.9997885029696651,0.9373379952578469
2.775,1.0,0.999755006757338,0.9989996665555185,1.0,0.9378207817687629,0.9997955030743542,0.9376505233103266
2.7800000000000002,1.0,0.9997623498790527,0.9989996665555185,1.0,0.9381358684459702,0.9998022845620239,0.9379614926226417
2.785,1.0,0.9997690254442478,0.9989996665555185,1.0,0.9384419431101646,0.9998088537993991,0.9382709109690412
2.79,1.0,0.9997746996746637,0.9989996665555185,1.0,0.9387583649004102,0.9998152169833927,0.9385787860849999
2.795,1.0,0.9997813752398589,0.9989996665555185,1.0,0.9390834649254114,0.9998213801451278,0.9388851256674117
2.8000000000000003,1.0,0.9997870494702747,0.9989996665555185,1.0,0.9394012218286971,0.9998273491538807,0.9391899373747821
2.805,1.0,0.9997907210311321,0.9993164388129377,1.0,0.9397146396146068,0.999833129720946,0.9394932288274196
2.81,1.0,0.999799065487626,0.9993331110370124,1.0,0.940007363148411,0.9998387274034227,0.9397950076076265
2.815,1.0,0.999804405939782,0.9993331110370124,1.0,0.9403000866822159,0.999844147607927,0.9400952812598878
2.82,1.0,0.9998117490614967,0.9993331110370124,1.0,0.9406084977942277,0.999849395594226,0.9403940572910606
2.825,1.0,0.9998214286310297,0.9993331110370124,1.0,0.9409035577758499,0.999854476478802,0.9406913431705612
2.83,1.0,0.9998247664136273,0.9993331110370124,1.0,0.9411962813096532,0.9998593952383398,0.9409871463305521
2.835,1.0,0.9998291055310041,0.9993331110370124,1.0,0.9414950128521324,0.9998641567131445,0.9412814741661277
2.84,1.0,0.9998331108701213,0.9993331110370124,1.0,0.9417747190338056,0.9998687656104881,0.9415743340354992
2.845,1.0,0.9998407877700957,0.9993331110370124,1.0,0.9420707803502071,0.9998732265078856,0.9418657332601785
2.85,1.0,0.9998464620005115,0.9993331110370124,1.0,0.94236483899705,0.9998775438563031,0.9421556791251615
2.855,1.0,0.9998518024526677,0.9993331110370124,1.0,0.9426495518526198,0.9998817219832989,0.9424441788791099
2.86,1.0,0.9998598131309018,0.9993331110370124,1.0,0.9429389376038262,0.9998857650960968,0.9427312397345327
2.865,1.0,0.9998621495787201,0.9993331110370124,1.0,0.9432356664767472,0.9998896772845945,0.943016868867966
2.87,1.0,0.9998674900308762,0.9993331110370124,1.0,0.943518710441018,0.9998934625243083,0.9433010734201531
2.875,1.0,0.9998731642612921,0.9993331110370124,1.0,0.9438027557400684,0.9998971246792534,0.9435838604962227
2.88,1.0,0.9998795060482275,0.9993331110370124,1.0,0.9440807930304426,0.9999006675047621,0.9438652371658662
2.8850000000000002,1.0,0.9998838451656044,0.9993331110370124,1.0,0.9443608329903758,0.9999040946502417,0.9441452104635154
2.89,1.0,0.9998871829482019,0.9993331110370124,1.0,0.9446515538546207,0.9999074096618702,0.944423787388517
2.895,1.0,0.9998901869525397,0.9993331110370124,1.0,0.9449292573667348,0.9999106159852349,0.9447009749053086
2.9,1.0,0.9998928571786179,0.9993331110370124,1.0,0.9452052919875512,0.9999137169679112,0.9449767799435927
2.9050000000000002,1.0,0.9998975300742544,0.9993331110370124,1.0,0.9454883359518225,0.9999167158619847,0.9452512093985097
2.91,1.0,0.9999015354133716,0.9993331110370124,1.0,0.9457707123595738,0.9999196158265174,0.9455242701308102
2.915,1.0,0.9999065420872679,0.9993331110370124,1.0,0.9460424078630136,0.9999224199299577,0.9457959689670266
2.92,1.0,0.9999108812046448,0.9993331110370124,1.0,0.9463167735925313,0.9999251311524968,0.946066312699644
2.9250000000000003,1.0,0.9999152203220216,0.9993331110370124,1.0,0.9465677748438661,0.9999277523883722,0.9463353080872698
2.93,1.0,0.9999168892133203,0.9996665555185061,1.0,0.9468327947821109,0.9999302864481172,0.9466029618548029
2.935,1.0,0.9999205607741777,0.9996665555185061,1.0,0.9470928080464589,0.999932736060761,0.9468692806936012
2.94,1.0,0.9999232310002558,0.9996665555185061,1.0,0.9473648373281589,0.999935103875977,0.9471342712616496
2.945,1.0,0.9999265687828532,0.9996665555185061,1.0,0.9476165061360136,0.9999373924661813,0.9473979401837261
2.95,1.0,0.9999292390089313,0.9996665555185061,1.0,0.9478808585177381,0.9999396043285839,0.9476602940515676
2.955,1.0,0.9999315754567497,0.9996665555185061,1.0,0.9481448771212031,0.999941741887191,0.9479213394240343
2.96,1.0,0.999933911904568,0.9996665555185061,1.0,0.9483882014725641,0.9999438074947606,0.9481810828272742
2.965,1.0,0.9999362483523863,0.9996665555185061,1.0,0.9486465458456135,0.9999458034347132,0.9484395307548859
2.97,1.0,0.9999379172436851,0.9996665555185061,1.0,0.9488988822099876,0.9999477319229956,0.9486966896680809
2.975,1.0,0.9999389185784643,0.9996665555185061,1.0,0.9491508847961008,0.9999495951099019,0.9489525659958457
2.98,1.0,0.9999409212480228,0.9996665555185061,1.0,0.9494082278343706,0.9999513950818513,0.9492071661351015
2.985,1.0,0.9999432576958411,0.9996665555185061,1.0,0.9496622330900439,0.999953133863122,0.9494604964508653
2.99,1.0,0.9999455941436595,0.9996665555185061,1.0,0.9499088952240021,0.9999548134175448,0.9497125632764082
2.995,1.0,0.9999469292566985,0.9996665555185061,1.0,0.950157893805778,0.9999564356501548,0.9499633729134137
3.0,1.0,0.999948931926257,0.9996665555185061,1.0,0.9503938750354234,0.9999580024088045,0.950212931632136
3.005,1.0,0.9999509345958156,0.9996665555185061,1.0,0.9506488816258759,0.9999595154857361,0.9504612456715561
3.0100000000000002,1.0,0.9999519359305948,0.9996665555185061,1.0,0.9509028868815488,0.9999609766191161,0.9507083212395379
3.015,1.0,0.9999526034871143,0.9996665555185061,1.0,0.9511582272502598,0.9999623874945325,0.9509541645129833
3.02,1.0,0.9999546061566729,0.9996665555185061,1.0,0.9513992151538018,0.9999637497464544,0.951198781637987
3.025,1.0,0.9999549399349327,0.9996665555185061,1.0,0.9516428732834211,0.9999650649596564,0.95144217872999
3.0300000000000002,1.0,0.999955941269712,0.9996665555185061,1.0,0.951898881208652,0.999966334670607,0.9516843618739322
3.035,1.0,0.9999579439392705,0.9996665555185061,1.0,0.9521488811252071,0.9999675603688222,0.9519253371244049
3.04,1.0,0.9999592790523095,0.9996665555185061,1.0,0.9523781867896577,0.9999687434981852,0.9521651105058017
3.045,1.0,0.9999609479436083,0.9996665555185061,1.0,0.9526201760279782,0.9999698854582347,0.9524036880124697
3.0500000000000003,1.0,0.9999622830566474,0.9996665555185061,1.0,0.9528347954489989,0.9999709876054175,0.9526410756088591
3.055,1.0,0.9999642857262059,0.9996665555185061,1.0,0.9530544215439165,0.9999720512543118,0.9528772792296721
3.06,1.0,0.9999652870609852,0.9996665555185061,1.0,0.9532847285431463,0.9999730776788186,0.9531123047800115
3.065,1.0,0.9999666221740242,0.9996665555185061,1.0,0.9535517511509488,0.9999740681133229,0.9533461581355284
3.0700000000000003,1.0,0.9999672897305437,0.9996665555185061,1.0,0.9538090941892192,0.9999750237538243,0.9535788451425687
3.075,1.0,0.9999699599566217,0.9996665555185061,1.0,0.9540500820927611,0.9999759457590397,0.9538103716183199
3.08,1.0,0.9999709612914011,0.9996665555185061,1.0,0.9542820579832899,0.9999768352514764,0.9540407433509558
3.085,1.0,0.9999719626261804,0.9996665555185061,1.0,0.9545100285347016,0.9999776933184787,0.9542699660997818
3.09,1.0,0.9999722964044401,0.9996665555185061,1.0,0.9547249817339827,0.9999785210132454,0.9544980455953784
3.095,1.0,0.9999722964044401,0.9996665555185061,1.0,0.9549599616288496,0.9999793193558224,0.9547249875397451
3.1,1.0,0.9999736315174791,0.9996665555185061,1.0,0.9551839268411444,0.9999800893340687,0.9549507976064422
3.105,1.0,0.9999742990739986,0.9996665555185061,1.0,0.9554125649490757,0.9999808319045962,0.9551754814407332
3.11,1.0,0.9999742990739986,0.9996665555185061,1.0,0.9556245141440196,0.9999815479936861,0.9553990446597255
3.115,1.0,0.9999763017435572,0.9996665555185061,1.0,0.9558451415737174,0.9999822384981798,0.9556214928525113
3.12,1.0,0.9999773030783364,0.9996665555185061,1.0,0.9560630987773365,0.9999829042863467,0.9558428315803071
3.125,1.0,0.9999779706348559,0.9996665555185061,1.0,0.9562827248722545,0.9999835461987286,0.9560630663765926
3.13,1.0,0.9999786381913754,0.9996665555185061,1.0,0.9565333923453301,0.9999841650489613,0.9562822027472491
3.1350000000000002,1.0,0.9999796395261548,0.9996665555185061,1.0,0.9567463428750527,0.9999847616245742,0.9565002461706973
3.14,1.0,0.9999806408609341,0.9996665555185061,1.0,0.956970641865607,0.9999853366877692,0.9567172020980341
3.145,1.0,0.9999816421957133,0.9996665555185061,1.0,0.9571942732996424,0.9999858909761772,0.9569330759531691
3.15,1.0,0.9999819759739731,0.9996665555185061,1.0,0.9573962091467935,0.9999864252035937,0.9571478731329598
3.1550000000000002,1.0,0.9999823097522328,0.9996665555185061,1.0,0.9576108285678154,0.9999869400606968,0.957361599007347
3.16,1.0,0.9999826435304926,0.9996665555185061,1.0,0.9578191062019024,0.9999874362157424,0.9575742589194887
3.165,1.0,0.9999833110870121,0.9996665555185061,1.0,0.9580240460533909,0.9999879143152428,0.9577858581858936
3.17,1.0,0.9999846462000511,0.9996665555185061,1.0,0.9582329912439965,0.999988374984625,0.9579964020965545
3.1750000000000003,1.0,0.9999853137565706,0.9996665555185061,1.0,0.9584442728824208,0.9999888188288718,0.9582058959150801
3.18,1.0,0.9999856475348304,0.9996665555185061,1.0,0.958664566533858,0.999989246433144,0.9584143448788268
3.185,1.0,0.9999859813130901,0.9996665555185061,1.0,0.9588835250722565,0.999989658363387,0.9586217541990296
3.19,1.0,0.9999859813130901,0.9996665555185061,1.0,0.9590928040411224,0.9999900551669184,0.9588281290609323
3.1950000000000003,1.0,0.9999859813130901,0.9996665555185061,1.0,0.9592980776708709,0.9999904373730005,0.9590334746239171
3.2,1.0,0.9999866488696096,0.9996665555185061,1.0,0.9594980108484643,0.9999908054933966,0.9592377960216338
3.205,1.0,0.9999873164261291,0.9996665555185061,1.0,0.9597026169216933,0.9999911600229109,0.959441098362128
3.21,1.0,0.9999886515391683,0.9996665555185061,1.0,0.9599202403470516,0.9999915014399137,0.9596433867279689
3.215,1.0,0.999990320430467,0.9996665555185061,1.0,0.9601268490898393,0.9999918302068518,0.959844666176376
3.22,1.0,0.9999906542087268,0.9996665555185061,1.0,0.9603357942804448,0.9999921467707434,0.9600449417393461
3.225,1.0,0.9999906542087268,0.9996665555185061,1.0,0.9605347261232579,0.9999924515636602,0.9602442184237787
3.23,1.0,0.9999913217652463,0.9996665555185061,1.0,0.9607293188486938,0.9999927450031947,0.9604425012116012
3.235,1.0,0.9999913217652463,0.9996665555185061,1.0,0.9609275831349867,0.999993027492914,0.9606397950598938
3.24,1.0,0.9999913217652463,0.9996665555185061,1.0,0.9611381972168913,0.9999932994228019,0.9608361049010129
3.245,1.0,0.999991655543506,0.9999833277759254,1.0,0.9613301197162493,0.9999935611696859,0.9610314356427148
3.25,1.0,0.9999929906565451,1.0,1.0,0.9615240448851643,0.9999938130976539,0.961225792168278
3.255,1.0,0.9999929906565451,1.0,1.0,0.9617239780627562,0.9999940555584574,0.961419179336626
3.2600000000000002,1.0,0.9999933244348048,1.0,1.0,0.961906220992582,0.9999942888919041,0.961611601982448
3.265,1.0,0.9999933244348048,1.0,1.0,0.9620948057093419,0.9999945134262374,0.9618030649163201
3.27,1.0,0.9999943257695841,1.0,1.0,0.9622733770783101,0.9999947294785063,0.9619935729248257
3.275,1.0,0.9999943257695841,1.0,1.0,0.9624602929037724,0.9999949373549236,0.962183130770675
3.2800000000000002,1.0,0.9999949933261036,1.0,1.0,0.9626442047248966,0.9999951373512138,0.9623717431928238
3.285,1.0,0.9999953271043633,1.0,1.0,0.9628304529938385,0.99999532975295,0.9625594149065927
3.29,1.0,0.9999953271043633,1.0,1.0,0.9630146985932221,0.9999955148358819,0.9627461506037842
3.295,1.0,0.9999953271043633,1.0,1.0,0.9632032833099818,0.999995692866253,0.9629319549528005
3.3000000000000003,1.0,0.9999956608826231,1.0,1.0,0.963392201805002,0.999995864101109,0.96311683259876
3.305,1.0,0.999995994660883,1.0,1.0,0.9635797851869841,0.9999960287885963,0.9633007881636134
3.31,1.0,0.9999963284391427,1.0,1.0,0.9637720414646023,0.9999961871682522,0.9634838262462596
3.315,1.0,0.9999963284391427,1.0,1.0,0.9639539506161682,0.999996339471286,0.96366595142266
3.3200000000000003,1.0,0.9999963284391427,1.0,1.0,0.9641345246546952,0.9999964859208511,0.9638471682459536
3.325,1.0,0.9999966622174025,1.0,1.0,0.9643147649149625,0.9999966267323097,0.9640274812465703
3.33,1.0,0.9999969959956622,1.0,1.0,0.9645030158534639,0.9999967621134892,0.9642068949323447
3.335,1.0,0.9999969959956622,1.0,1.0,0.9646799183311339,0.9999968922649302,0.9643854137886282
3.34,1.0,0.9999969959956622,1.0,1.0,0.9648771812826485,0.9999970173801274,0.9645630422784014
3.345,1.0,0.9999969959956622,1.0,1.0,0.9650497446429416,0.999997137645763,0.9647397848423859
3.35,1.0,0.9999969959956622,1.0,1.0,0.9652273146771304,0.9999972532419332,0.964915645899155
3.355,1.0,0.9999969959956622,1.0,1.0,0.965399544259164,0.9999973643423672,0.9650906298452442
3.36,1.0,0.9999969959956622,1.0,1.0,0.96556776850208,0.9999974711146393,0.9652647410552614
3.365,1.0,0.9999969959956622,1.0,1.0,0.9657460060927885,0.9999975737203753,0.9654379838819959
3.37,1.0,0.9999969959956622,1.0,1.0,0.965897541422717,0.9999976723154513,0.9656103626565273
3.375,1.0,0.9999969959956622,1.0,1.0,0.9660544172048013,0.9999977670501877,0.965781881688334
3.38,1.0,0.9999969959956622,1.0,1.0,0.9662236427824966,0.999997858069535,0.9659525452654006
3.3850000000000002,1.0,0.999997329773922,1.0,1.0,0.9663878616862952,0.9999979455132565,0.9661223576543256
3.39,1.0,0.999997329773922,1.0,1.0,0.9665494103640168,0.999998029516103,0.9662913231004276
3.395,1.0,0.9999976635521817,1.0,1.0,0.9667139630460756,0.9999981102079825,0.9664594458278514
3.4,1.0,0.9999976635521817,1.0,1.0,0.9668838561802909,0.9999981877141255,0.9666267300396739
3.4050000000000002,1.0,0.9999976635521817,1.0,1.0,0.9670467399710506,0.9999982621552443,0.9667931799180093
3.41,1.0,0.9999976635521817,1.0,1.0,0.9672116264313693,0.9999983336476866,0.966958799624113
3.415,1.0,0.9999976635521817,1.0,1.0,0.9673688359917131,0.9999984023035855,0.9671235932984865
3.42,1.0,0.9999976635521817,1.0,1.0,0.967534056230291,0.9999984682310038,0.9672875650609802
3.4250000000000003,1.0,0.9999976635521817,1.0,1.0,0.9676976075775696,0.9999985315340739,0.9674507190108966
3.43,1.0,0.9999976635521817,1.0,1.0,0.9678528144683551,0.9999985923131334,0.967613059227093
3.435,1.0,0.9999976635521817,1.0,1.0,0.9680166995938936,0.999998650664856,0.9677745897680832
3.44,1.0,0.9999976635521817,1.0,1.0,0.9681762456020558,0.9999987066823784,0.9679353146721392
3.4450000000000003,1.0,0.9999976635521817,1.0,1.0,0.9683387956145557,0.999998760455423,0.968095237957392
3.45,1.0,0.9999976635521817,1.0,1.0,0.96849567139664,0.9999988120704164,0.9682543636219321
3.455,1.0,0.9999976635521817,1.0,1.0,0.9686632280830361,0.9999988616106044,0.9684126956439092
3.46,1.0,0.9999976635521817,1.0,1.0,0.9688281145433542,0.9999989091561631,0.9685702379816323
3.465,1.0,0.9999976635521817,1.0,1.0,0.9689803174298018,0.9999989547843062,0.968726994573668
3.47,1.0,0.9999976635521817,1.0,1.0,0.9691408647727427,0.9999989985693891,0.9688829693389391
3.475,1.0,0.9999979973304415,1.0,1.0,0.9692990756678658,0.9999990405830091,0.9690381661768231
3.48,1.0,0.9999979973304415,1.0,1.0,0.9694572865629888,0.9999990808941032,0.9691925889672489
3.485,1.0,0.9999979973304415,1.0,1.0,0.9696261783624239,0.9999991195690404,0.9693462415707943
3.49,1.0,0.9999979973304415,1.0,1.0,0.9697980741661973,0.9999991566717147,0.9694991278287826
3.495,1.0,0.9999979973304415,1.0,1.0,0.9699536148352421,0.9999991922636315,0.9696512515633778
3.5,1.0,0.9999979973304415,1.0,1.0,0.9701014786043114,0.999999226403993,0.9698026165776815
3.505,1.0,0.9999979973304415,1.0,1.0,0.970241331695148,0.9999992591497794,0.9699532266558268
3.5100000000000002,1.0,0.9999979973304415,1.0,1.0,0.9703831874555433,0.9999992905558295,0.9701030855630737
3.515,1.0,0.9999979973304415,1.0,1.0,0.9705343890072117,0.9999993206749164,0.9702521970459025
3.52,1.0,0.9999979973304415,1.0,1.0,0.9706689016458918,0.9999993495578217,0.970400564832108
3.525,1.0,0.9999979973304415,1.0,1.0,0.9708077534019495,0.9999993772534068,0.9705481926308928
3.5300000000000002,1.0,0.9999979973304415,1.0,1.0,0.9709559509492794,0.9999994038086827,0.9706950841329592
3.535,1.0,0.9999979973304415,1.0,1.0,0.9711001431574933,0.999999429268876,0.9708412430106028
3.54,1.0,0.999998664886961,1.0,1.0,0.971250009596122,0.9999994536774938,0.9709866729178029
3.545,1.0,0.999998664886961,1.0,1.0,0.9713848560130627,0.999999477076386,0.9711313774903149
3.5500000000000003,1.0,0.999998664886961,1.0,1.0,0.9715243753256392,0.9999994995058051,0.9712753603457606
3.555,1.0,0.999998664886961,1.0,1.0,0.9716645621947356,0.9999995210044648,0.9714186250837188
3.56,1.0,0.999998664886961,1.0,1.0,0.9717954032725592,0.9999995416095954,0.9715611752858155
3.565,1.0,0.999998664886961,1.0,1.0,0.9719372590329547,0.9999995613569986,0.9717030145158132
3.5700000000000003,1.0,0.999998664886961,1.0,1.0,0.9720681001107776,0.9999995802810998,0.9718441463197
3.575,1.0,0.999998664886961,1.0,1.0,0.9722062843103153,0.999999598414998,0.9719845742257782
3.58,1.0,0.999998664886961,1.0,1.0,0.9723364578316195,0.9999996157905149,0.972124301744753
3.585,1.0,0.999998664886961,1.0,1.0,0.972475643365937,0.9999996324382422,0.9722633323698195
3.59,1.0,0.9999989986652207,1.0,1.0,0.9726205031306704,0.9999996483875864,0.9724016695767507
3.595,1.0,0.9999989986652207,1.0,1.0,0.972759688664988,0.9999996636668129,0.9725393168239839
3.6,1.0,0.9999993324434805,1.0,1.0,0.972889862186292,0.9999996783030889,0.9726762775527075
3.605,1.0,0.9999993324434805,1.0,1.0,0.973040729959701,0.9999996923225226,0.9728125551869466
3.61,1.0,0.9999996662217402,1.0,1.0,0.9731742412636027,0.9999997057502042,0.9729481531336496
3.615,1.0,0.9999996662217402,1.0,1.0,0.9733060836762061,0.9999997186102433,0.9730830747827719
3.62,1.0,0.9999996662217402,1.0,1.0,0.9734449354322635,0.9999997309258049,0.9732173235073618
3.625,1.0,0.9999996662217402,1.0,1.0,0.973574441397048,0.9999997427191458,0.9733509026636445
3.63,1.0,0.9999996662217402,1.0,1.0,0.9737132931531058,0.9999997540116479,0.9734838155911059
3.6350000000000002,1.0,0.9999996662217402,1.0,1.0,0.9738484733483065,0.9999997648238513,0.9736160656125759
3.64,1.0,0.9999996662217402,1.0,1.0,0.9739863237695849,0.9999997751754862,0.973747656034312
3.645,1.0,0.9999996662217402,1.0,1.0,0.9741198350734869,0.9999997850855029,0.9738785901460818
3.65,1.0,0.9999996662217402,1.0,1.0,0.9742536801556485,0.9999997945721022,0.9740088712212447
3.6550000000000002,1.0,0.9999996662217402,1.0,1.0,0.9743778456682771,0.9999998036527625,0.9741385025168344
3.66,1.0,0.9999996662217402,1.0,1.0,0.9745103556373996,0.9999998123442687,0.9742674872736401
3.665,1.0,0.9999996662217402,1.0,1.0,0.974634187371768,0.9999998206627372,0.9743958287162874
3.67,1.0,0.9999996662217402,1.0,1.0,0.9747613568887343,0.9999998286236422,0.9745235300533189
3.6750000000000003,1.0,0.9999996662217402,1.0,1.0,0.9748841872883234,0.9999998362418402,0.9746505944772751
3.68,1.0,0.9999996662217402,1.0,1.0,0.9750080190226925,0.999999843531593,0.9747770251647728
3.685,1.0,0.9999996662217402,1.0,1.0,0.9751301818657626,0.999999850506591,0.9749028252765859
3.69,1.0,0.9999996662217402,1.0,1.0,0.9752613567218464,0.9999998571799753,0.9750279979577239
3.6950000000000003,1.0,0.9999996662217402,1.0,1.0,0.9753881924605535,0.9999998635643584,0.9751525463375101
3.7,1.0,0.9999996662217402,1.0,1.0,0.9755156957557795,0.9999998696718446,0.9752764735296606
3.705,1.0,0.9999996662217402,1.0,1.0,0.9756418639379666,0.99999987551405,0.9753997826323617
3.71,1.0,0.9999996662217402,1.0,1.0,0.9757620241114776,0.9999998811021211,0.9755224767283474
3.715,1.0,0.9999996662217402,1.0,1.0,0.9758895274067035,0.9999998864467528,0.9756445588849763
3.72,1.0,0.9999996662217402,1.0,1.0,0.976011022693254,0.9999998915582062,0.9757660321543089
3.725,1.0,0.9999996662217402,1.0,1.0,0.9761308490885053,0.999999896446326,0.9758868995731831
3.73,1.0,0.9999996662217402,1.0,1.0,0.9762526781533148,0.9999999011205558,0.9760071641632908
3.735,1.0,0.9999996662217402,1.0,1.0,0.9763761761094237,0.9999999055899539,0.976126828931253
3.74,1.0,0.9999996662217402,1.0,1.0,0.9764913296090392,0.9999999098632091,0.976245896868695
3.745,1.0,0.9999996662217402,1.0,1.0,0.9766058155521345,0.9999999139486545,0.9763643709523215
3.75,1.0,0.9999996662217402,1.0,1.0,0.976723973056087,0.999999917854282,0.9764822541439909
3.755,1.0,0.9999996662217402,1.0,1.0,0.9768548141339111,0.9999999215877549,0.976599549390789
3.7600000000000002,1.0,0.9999996662217402,1.0,1.0,0.976971636524825,0.9999999251564218,0.976716259625103
3.765,1.0,0.9999996662217402,1.0,1.0,0.9770841197983618,0.9999999285673283,0.9768323877646949
3.77,1.0,0.9999996662217402,1.0,1.0,0.9771959355153791,0.9999999318272297,0.9769479367127745
3.775,1.0,0.9999996662217402,1.0,1.0,0.9773184321367078,0.9999999349426019,0.977062909358071
3.7800000000000002,1.0,0.9999996662217402,1.0,1.0,0.9774369234189205,0.9999999379196522,0.977177308574907
3.785,1.0,0.9999996662217402,1.0,1.0,0.9775697671663021,0.9999999407643317,0.9772911372232687
3.79,1.0,0.9999996662217402,1.0,1.0,0.9776685655311887,0.9999999434823431,0.9774043981488781
3.795,1.0,0.9999996662217402,1.0,1.0,0.977780381248206,0.9999999460791524,0.9775170941832645
3.8000000000000003,1.0,0.9999996662217402,1.0,1.0,0.9778931983000021,0.9999999485599977,0.9776292281438345
3.805,1.0,0.9999996662217402,1.0,1.0,0.9780006748996424,0.9999999509298986,0.9777408028339428
3.81,1.0,0.9999996662217402,1.0,1.0,0.9781184986253352,0.9999999531936644,0.9778518210429626
3.815,1.0,0.9999996662217402,1.0,1.0,0.9782263090032349,0.9999999553559034,0.9779622855463551
3.8200000000000003,1.0,0.9999996662217402,1.0,1.0,0.9783314491550573,0.9999999574210301,0.9780721991057384
3.825,1.0,1.0,1.0,1.0,0.9784429310938149,0.9999999593932739,0.9781815644689572
3.83,1.0,1.0,1.0,1.0,0.9785517428064946,0.9999999612766862,0.9782903843701515
3.835,1.0,1.0,1.0,1.0,0.9786548802887579,0.9999999630751472,0.9783986615298241
3.84,1.0,1.0,1.0,1.0,0.9787576839927615,0.9999999647923735,0.9785063986549101
3.845,1.0,1.0,1.0,1.0,0.9788611552532847,0.9999999664319246,0.9786135984388429
3.85,1.0,1.0,1.0,1.0,0.9789719696355226,0.9999999679972087,0.9787202635616228
3.855,1.0,1.0,1.0,1.0,0.9790754408960456,0.99999996949149,0.9788263966898835
3.86,1.0,1.0,1.0,1.0,0.9791675636957368,0.9999999709178936,0.9789320004769586
3.865,1.0,1.0,1.0,1.0,0.9792646931693249,0.9999999722794114,0.9790370775629483
3.87,1.0,1.0,1.0,1.0,0.9793778439993811,0.999999973578908,0.9791416305747853
3.875,1.0,1.0,1.0,1.0,0.9794736383599301,0.9999999748191256,0.9792456621263003
3.88,1.0,1.0,1.0,1.0,0.9795761082856739,0.9999999760026891,0.9793491748182874
3.8850000000000002,1.0,1.0,1.0,1.0,0.9796662284158065,0.9999999771321106,0.9794521712385695
3.89,1.0,1.0,1.0,1.0,0.9797650267806929,0.9999999782097949,0.9795546539620623
3.895,1.0,1.0,1.0,1.0,0.9798594860282027,0.999999979238043,0.9796566255508393
3.9,1.0,1.0,1.0,1.0,0.9799739719712983,0.9999999802190571,0.9797580885541957
3.9050000000000002,1.0,1.0,1.0,1.0,0.9800744392274846,0.9999999811549442,0.9798590455087115
3.91,1.0,1.0,1.0,1.0,0.9801802469358262,0.9999999820477202,0.979959498938316
3.915,1.0,1.0,1.0,1.0,0.980284719531129,0.9999999828993142,0.9800594513543502
3.92,1.0,1.0,1.0,1.0,0.980387857013393,0.9999999837115716,0.9801589052556298
3.9250000000000003,1.0,1.0,1.0,1.0,0.9804849864869809,0.9999999844862575,0.9802578631285073
3.93,1.0,1.0,1.0,1.0,0.9805794457344914,0.9999999852250601,0.9803563274469347
3.935,1.0,1.0,1.0,1.0,0.9806692320863654,0.9999999859295947,0.9804543006725253
3.94,1.0,1.0,1.0,1.0,0.9807700331208115,0.9999999866014055,0.9805517852546146
3.9450000000000003,1.0,1.0,1.0,1.0,0.9808698328204779,0.99999998724197,0.9806487836303224
3.95,1.0,1.0,1.0,1.0,0.9809562813897539,0.9999999878527003,0.9807452982246131
3.955,1.0,1.0,1.0,1.0,0.9810557473111605,0.9999999884349471,0.9808413314503566
3.96,1.0,1.0,1.0,1.0,0.9811438647717359,0.9999999889900016,0.9809368857083883
3.9650000000000003,1.0,1.0,1.0,1.0,0.9812299795627525,0.9999999895190986,0.98103196338757
3.97,1.0,1.0,1.0,1.0,0.9813190983581075,0.9999999900234182,0.9811265668648486
3.975,1.0,1.0,1.0,1.0,0.9814095522665003,0.9999999905040886,0.9812206985053156
3.98,1.0,1.0,1.0,1.0,0.9814960008357765,0.9999999909621881,0.9813143606622672
3.985,1.0,1.0,1.0,1.0,0.9815881236354688,0.9999999913987474,0.9814075556772622
3.99,1.0,1.0,1.0,1.0,0.9816785775438625,0.9999999918147515,0.9815002858801808
3.995,1.0,1.0,1.0,1.0,0.9817673625609575,0.9999999922111421,0.9815925535892828
4.0,1.0,1.0,1.0,1.0,0.9818574826910912,0.9999999925888182,0.9816843611112658
4.005,1.0,1.0,1.0,1.0,0.981952609495121,0.9999999929486396,0.9817757107413227
4.01,1.0,1.0,1.0,1.0,0.9820417282904753,0.9999999932914275,0.981866604763199
4.015,1.0,1.0,1.0,1.0,0.9821451995509993,0.9999999936179662,0.9819570454492498
4.0200000000000005,1.0,1.0,1.0,1.0,0.9822279765594191,0.9999999939290056,0.9820470350604972
4.025,1.0,1.0,1.0,1.0,0.9823281100373454,0.9999999942252612,0.982136575846686
4.03,1.0,1.0,1.0,1.0,0.9824165612761805,0.9999999945074172,0.9822256700463405
4.035,1.0,1.0,1.0,1.0,0.9825053462932748,0.9999999947761263,0.9823143198868206
4.04,1.0,1.0,1.0,1.0,0.9825881233016941,0.9999999950320126,0.9824025275843766
4.045,1.0,1.0,1.0,1.0,0.9826705665318535,0.9999999952756716,0.9824902953442057
4.05,1.0,1.0,1.0,1.0,0.9827523422054935,0.9999999955076723,0.9825776253605065
4.055,1.0,1.0,1.0,1.0,0.9828394583312896,0.9999999957285574,0.9826645198165338
4.0600000000000005,1.0,1.0,1.0,1.0,0.9829132233266954,0.9999999959388457,0.9827509808846537
4.065,1.0,1.0,1.0,1.0,0.9830003394524913,0.9999999961390321,0.9828370107263974
4.07,1.0,1.0,1.0,1.0,0.9830851191304691,0.9999999963295892,0.9829226114925153
4.075,1.0,1.0,1.0,1.0,0.9831665610258492,0.9999999965109683,0.9830077853230309
4.08,1.0,1.0,1.0,1.0,0.9832510069255673,0.9999999966835996,0.9830925343472947
4.085,1.0,1.0,1.0,1.0,0.9833347852687657,0.9999999968478943,0.9831768606840366
4.09,1.0,1.0,1.0,1.0,0.9834112204902494,0.9999999970042445,0.9832607664414194
4.095,1.0,1.0,1.0,1.0,0.9834786436987197,0.9999999971530243,0.9833442537170913
4.1,1.0,1.0,1.0,1.0,0.9835674287158146,0.9999999972945911,0.9834273245982388
4.105,1.0,1.0,1.0,1.0,0.9836505395024936,0.9999999974292854,0.983509981161638
4.11,1.0,1.0,1.0,1.0,0.983728977393536,0.9999999975574322,0.9835922254737074
4.115,1.0,1.0,1.0,1.0,0.9838087503976172,0.9999999976793419,0.983674059590559
4.12,1.0,1.0,1.0,1.0,0.9838771749408669,0.9999999977953101,0.9837554855580501
4.125,1.0,1.0,1.0,1.0,0.9839566141666883,0.9999999979056193,0.9838365054118341
4.13,1.0,1.0,1.0,1.0,0.9840447316272637,0.9999999980105386,0.9839171211774116
4.135,1.0,1.0,1.0,1.0,0.9841248384096051,0.9999999981103246,0.9839973348701808
4.14,1.0,1.0,1.0,1.0,0.9841925953963352,0.999999998205222,0.9840771484954883
4.1450000000000005,1.0,1.0,1.0,1.0,0.9842630226091433,0.9999999982954646,0.9841565640486789
4.15,1.0,1.0,1.0,1.0,0.9843404591654061,0.9999999983812748,0.9842355835151455
4.155,1.0,1.0,1.0,1.0,0.9844229023955655,0.999999998462865,0.9843142088703789
4.16,1.0,1.0,1.0,1.0,0.9845070145170238,0.9999999985404374,0.9843924420800172
4.165,1.0,1.0,1.0,1.0,0.9845821146254685,0.9999999986141852,0.9844702850998945
4.17,1.0,1.0,1.0,1.0,0.9846575485121729,0.9999999986842919,0.9845477398760905
4.175,1.0,1.0,1.0,1.0,0.9847403255205922,0.9999999987509333,0.9846248083449786
4.18,1.0,1.0,1.0,1.0,0.9848114202899199,0.9999999988142763,0.9847014924332744
4.1850000000000005,1.0,1.0,1.0,1.0,0.9848868541766238,0.9999999988744799,0.9847777940580844
4.19,1.0,1.0,1.0,1.0,0.9849629556198478,0.9999999989316961,0.984853715126953
4.195,1.0,1.0,1.0,1.0,0.9850370543935123,0.9999999989860696,0.9849292575379109
4.2,1.0,1.0,1.0,1.0,0.9851134896149961,0.9999999990377382,0.9850044231795223
4.205,1.0,1.0,1.0,1.0,0.9851869208321419,0.999999999086833,0.9850792139309321
4.21,1.0,1.0,1.0,1.0,0.9852633560536255,0.9999999991334793,0.9851536316619132
4.215,1.0,1.0,1.0,1.0,0.985330111705576,0.9999999991777961,0.9852276782329125
4.22,1.0,1.0,1.0,1.0,0.9854005389183839,0.999999999219897,0.9853013554950982
4.225,1.0,1.0,1.0,1.0,0.9854716336877114,0.9999999992598902,0.9853746652904057
4.23,1.0,1.0,1.0,1.0,0.9855403920092207,0.9999999992978787,0.9854476094515838
4.235,1.0,1.0,1.0,1.0,0.9856215001263404,0.9999999993339604,0.9855201898022403
4.24,1.0,1.0,1.0,1.0,0.9856935962304473,0.9999999993682291,0.9855924081568876
4.245,1.0,1.0,1.0,1.0,0.9857653585562937,0.9999999994007733,0.9856642663209885
4.25,1.0,1.0,1.0,1.0,0.9858351182125816,0.999999999431678,0.9857357660910008
4.255,1.0,1.0,1.0,1.0,0.9859068805384282,0.9999999994610238,0.9858069092544223
4.26,1.0,1.0,1.0,1.0,0.985981313090353,0.9999999994888875,0.985877697589836
4.265,1.0,1.0,1.0,1.0,0.9860537429727186,0.9999999995153421,0.9859481328669539
4.2700000000000005,1.0,1.0,1.0,1.0,0.9861258390768253,0.9999999995404574,0.9860182168466617
4.275,1.0,1.0,1.0,1.0,0.9861932622852948,0.9999999995642993,0.9860879512810624
4.28,1.0,1.0,1.0,1.0,0.9862573477111675,0.9999999995869311,0.9861573379135204
4.285,1.0,1.0,1.0,1.0,0.9863274411457159,0.9999999996084127,0.9862263784787055
4.29,1.0,1.0,1.0,1.0,0.9863928616846273,0.9999999996288013,0.9862950747026351
4.295,1.0,1.0,1.0,1.0,0.9864612862278764,0.9999999996481511,0.9863634283027184
4.3,1.0,1.0,1.0,1.0,0.9865327147754636,0.9999999996665139,0.9864314409877991
4.305,1.0,1.0,1.0,1.0,0.9865921273056993,0.9999999996839388,0.9864991144581977
4.3100000000000005,1.0,1.0,1.0,1.0,0.9866538762837531,0.9999999997004727,0.9865664504057547
4.315,1.0,1.0,1.0,1.0,0.9867196306009246,0.9999999997161602,0.9866334505138721
4.32,1.0,1.0,1.0,1.0,0.9867897240354724,0.9999999997310433,0.9867001164575563
4.325,1.0,1.0,1.0,1.0,0.9868564796874223,0.9999999997451626,0.9867664499034591
4.33,1.0,1.0,1.0,1.0,0.9869235691176321,0.9999999997585565,0.9868324525099202
4.335,1.0,1.0,1.0,1.0,0.9869869869869854,0.9999999997712611,0.9868981259270083
4.34,1.0,1.0,1.0,1.0,0.9870550777519744,0.9999999997833112,0.9869634717965623
4.345,1.0,1.0,1.0,1.0,0.9871178280648075,0.99999999979474,0.9870284917522321
4.3500000000000005,1.0,1.0,1.0,1.0,0.9871762392602644,0.9999999998055784,0.9870931874195201
4.355,1.0,1.0,1.0,1.0,0.9872396571296176,0.9999999998158566,0.9871575604158215
4.36,1.0,1.0,1.0,1.0,0.9873027412207107,0.9999999998256027,0.9872216123504642
4.365,1.0,1.0,1.0,1.0,0.9873691630944013,0.9999999998348437,0.9872853448247503
4.37,1.0,1.0,1.0,1.0,0.9874295769594157,0.9999999998436051,0.9873487594319947
4.375,1.0,1.0,1.0,1.0,0.9874839828157556,0.9999999998519113,0.987411857757566
4.38,1.0,1.0,1.0,1.0,0.9875430615677315,0.9999999998597856,0.9874746413789256
4.385,1.0,1.0,1.0,1.0,0.987606479437085,0.9999999998672496,0.9875371118656673
4.39,1.0,1.0,1.0,1.0,0.9876568799543074,0.9999999998743245,0.9875992707795566
4.3950000000000005,1.0,1.0,1.0,1.0,0.9877149573715046,0.9999999998810302,0.9876611196745695
4.4,1.0,1.0,1.0,1.0,0.9877750374582596,0.9999999998873853,0.9877226600969315
4.405,1.0,1.0,1.0,1.0,0.9878347837667544,0.9999999998934078,0.9877838935851566
4.41,1.0,1.0,1.0,1.0,0.9878951976317691,0.9999999998991147,0.987844821670085
4.415,1.0,1.0,1.0,1.0,0.9879496034881087,0.9999999999045224,0.9879054458749221
4.42,1.0,1.0,1.0,1.0,0.9880206982574361,0.9999999999096459,0.9879657677152762
4.425,1.0,1.0,1.0,1.0,0.9880804445659319,0.9999999999145002,0.9880257886991963
4.43,1.0,1.0,1.0,1.0,0.9881368530918294,0.9999999999190988,0.9880855103272104
4.4350000000000005,1.0,1.0,1.0,1.0,0.9881999371829223,0.9999999999234551,0.9881449340923619
4.44,1.0,1.0,1.0,1.0,0.988263355052276,0.9999999999275815,0.9882040614802484
4.445,1.0,1.0,1.0,1.0,0.9883184284651354,0.9999999999314899,0.9882628939690575
4.45,1.0,1.0,1.0,1.0,0.988372834321475,0.9999999999351916,0.9883214330296045
4.455,1.0,1.0,1.0,1.0,0.9884285752908539,0.9999999999386971,0.988379680125369
4.46,1.0,1.0,1.0,1.0,0.9884913256036875,0.9999999999420169,0.9884376367125315
4.465,1.0,1.0,1.0,1.0,0.9885457314600276,0.9999999999451605,0.9884953042400095
4.47,1.0,1.0,1.0,1.0,0.9886018062076662,0.9999999999481369,0.9885526841494943
4.4750000000000005,1.0,1.0,1.0,1.0,0.9886578809553048,0.999999999950955,0.9886097778754867
4.48,1.0,1.0,1.0,1.0,0.9887189623768393,0.999999999953623,0.9886665868453326
4.485,1.0,1.0,1.0,1.0,0.9887740357896986,0.9999999999561487,0.9887231124792595
4.49,1.0,1.0,1.0,1.0,0.9888287754242986,0.9999999999585395,0.9887793561904109
4.495,1.0,1.0,1.0,1.0,0.988884850171937,0.9999999999608025,0.9888353193848828
4.5,1.0,1.0,1.0,1.0,0.9889399235847964,0.9999999999629444,0.9888910034617577
4.505,1.0,1.0,1.0,1.0,0.989006011680228,0.9999999999649716,0.9889464098131406
4.51,1.0,1.0,1.0,1.0,0.9890597499800479,0.9999999999668899,0.9890015398241931
4.515,1.0,1.0,1.0,1.0,0.9891141558363877,0.9999999999687053,0.9890563948731684
4.5200000000000005,1.0,1.0,1.0,1.0,0.9891568794536364,0.999999999970423,0.9891109763314455
4.525,1.0,1.0,1.0,1.0,0.9892122866447556,0.9999999999720481,0.9891652855635639
4.53,1.0,1.0,1.0,1.0,0.9892633547184981,0.9999999999735858,0.9892193239272569
4.535,1.0,1.0,1.0,1.0,0.9893150903487599,0.9999999999750405,0.9892730927734866
4.54,1.0,1.0,1.0,1.0,0.9893758379920351,0.9999999999764165,0.9893265934464771
4.545,1.0,1.0,1.0,1.0,0.9894279074005569,0.9999999999777183,0.9893798272837477
4.55,1.0,1.0,1.0,1.0,0.9894863185960135,0.9999999999789495,0.9894327956161474
4.555,1.0,1.0,1.0,1.0,0.9895410582306133,0.9999999999801138,0.989485499767887
4.5600000000000005,1.0,1.0,1.0,1.0,0.9895917925260957,0.9999999999812151,0.9895379410565732
4.565,1.0,1.0,1.0,1.0,0.9896485348302538,0.9999999999822565,0.9895901207932409
4.57,1.0,1.0,1.0,1.0,0.9896915922257622,0.9999999999832413,0.9896420402823863
4.575,1.0,1.0,1.0,1.0,0.9897389887386474,0.9999999999841724,0.9896937008219993
4.58,1.0,1.0,1.0,1.0,0.9897830474689352,0.9999999999850528,0.989745103703596
4.585,1.0,1.0,1.0,1.0,0.989833781764418,0.9999999999858851,0.9897962502122511
4.59,1.0,1.0,1.0,1.0,0.9898908578468361,0.9999999999866719,0.9898471416266302
4.595,1.0,1.0,1.0,1.0,0.9899415921423182,0.9999999999874157,0.9898977792190211
4.6000000000000005,1.0,1.0,1.0,1.0,0.9899869859856452,0.9999999999881187,0.9899481642553665
4.605,1.0,1.0,1.0,1.0,0.9900293758246339,0.9999999999887833,0.9899982979952945
4.61,1.0,1.0,1.0,1.0,0.9900741021114411,0.9999999999894112,0.9900481816921516
4.615,1.0,1.0,1.0,1.0,0.9901241688504041,0.9999999999900048,0.9900978165930326
4.62,1.0,1.0,1.0,1.0,0.9901749031458872,0.9999999999905655,0.9901472039388127
4.625,1.0,1.0,1.0,1.0,0.9902169592066163,0.9999999999910956,0.9901963449641782
4.63,1.0,1.0,1.0,1.0,0.9902757041803332,0.9999999999915963,0.9902452408976571
4.635,1.0,1.0,1.0,1.0,0.9903247695845171,0.9999999999920695,0.9902938929616504
4.64,1.0,1.0,1.0,1.0,0.9903708309843632,0.9999999999925163,0.9903423023724622
4.6450000000000005,1.0,1.0,1.0,1.0,0.9904198963885473,0.9999999999929384,0.9903904703403303
4.65,1.0,1.0,1.0,1.0,0.9904716320188093,0.9999999999933373,0.9904383980694565
4.655,1.0,1.0,1.0,1.0,0.9905173596403956,0.999999999993714,0.9904860867580364
4.66,1.0,1.0,1.0,1.0,0.9905617521489432,0.9999999999940697,0.9905335375982897
4.665,1.0,1.0,1.0,1.0,0.9906094824400885,0.9999999999944058,0.9905807517764899
4.67,1.0,1.0,1.0,1.0,0.9906461980486617,0.9999999999947231,0.9906277304729939
4.675,1.0,1.0,1.0,1.0,0.9906969323441446,0.9999999999950228,0.9906744748622717
4.68,1.0,1.0,1.0,1.0,0.9907419924092115,0.9999999999953058,0.9907209861129352
4.6850000000000005,1.0,1.0,1.0,1.0,0.9907957307090322,0.9999999999955729,0.9907672653877684
4.69,1.0,1.0,1.0,1.0,0.9908394556610602,0.999999999995825,0.9908133138437554
4.695,1.0,1.0,1.0,1.0,0.9908855170609064,0.9999999999960631,0.9908591326321099
4.7,1.0,1.0,1.0,1.0,0.9909365851346492,0.9999999999962879,0.9909047228983042
4.705,1.0,1.0,1.0,1.0,0.9909816451997163,0.9999999999965,0.9909500857820972
4.71,1.0,1.0,1.0,1.0,0.9910280403778223,0.9999999999967003,0.9909952224175634
4.715,1.0,1.0,1.0,1.0,0.9910717653298503,0.9999999999968893,0.9910401339331211
4.72,1.0,1.0,1.0,1.0,0.9911164916166573,0.9999999999970676,0.9910848214515604
4.7250000000000005,1.0,1.0,1.0,1.0,0.9911675596903999,0.9999999999972359,0.9911292860900718
4.73,1.0,1.0,1.0,1.0,0.9912132873119863,0.9999999999973946,0.9911735289602733
4.735,1.0,1.0,1.0,1.0,0.9912550095944559,0.9999999999975445,0.9912175511682391
4.74,1.0,1.0,1.0,1.0,0.9912994021030035,0.999999999997686,0.9912613538145267
4.745,1.0,1.0,1.0,1.0,0.9913457972811095,0.9999999999978193,0.9913049379942045
4.75,1.0,1.0,1.0,1.0,0.9913868520070594,0.9999999999979451,0.9913483047968794
4.755,1.0,1.0,1.0,1.0,0.9914289080677887,0.9999999999980638,0.9913914553067235
4.76,1.0,1.0,1.0,1.0,0.9914702965719985,0.9999999999981758,0.9914343906025019
4.765,1.0,1.0,1.0,1.0,0.991518360641403,0.9999999999982813,0.9914771117575993
4.7700000000000005,1.0,1.0,1.0,1.0,0.9915664247108076,0.999999999998381,0.9915196198400468
4.775,1.0,1.0,1.0,1.0,0.9916071456584978,0.9999999999984748,0.9915619159125485
4.78,1.0,1.0,1.0,1.0,0.9916538746148637,0.9999999999985634,0.9916040010325086
4.785,1.0,1.0,1.0,1.0,0.991694595562554,0.9999999999986469,0.9916458762520571
4.79,1.0,1.0,1.0,1.0,0.9917309773928674,0.9999999999987256,0.9916875426180769
4.795,1.0,1.0,1.0,1.0,0.9917753699014148,0.9999999999987997,0.9917290011722292
4.8,1.0,1.0,1.0,1.0,0.9918164246273649,0.9999999999988698,0.99177025295098
4.805,1.0,1.0,1.0,1.0,0.9918504700098598,0.9999999999989357,0.9918112989856259
4.8100000000000005,1.0,1.0,1.0,1.0,0.9918958638531866,0.999999999998998,0.99185214030232
4.815,1.0,1.0,1.0,1.0,0.9919362510226171,0.9999999999990566,0.9918927779220973
4.82,1.0,1.0,1.0,1.0,0.9919743017442294,0.9999999999991118,0.9919332128609004
4.825,1.0,1.0,1.0,1.0,0.9920143551354001,0.9999999999991639,0.9919734461296048
4.83,1.0,1.0,1.0,1.0,0.9920577463091684,0.9999999999992129,0.9920134787340446
4.835,1.0,1.0,1.0,1.0,0.9920957970307805,0.999999999999259,0.9920533116750365
4.84,1.0,1.0,1.0,1.0,0.992134849087172,0.9999999999993027,0.9920929459484066
4.845,1.0,1.0,1.0,1.0,0.9921715646957449,0.9999999999993437,0.9921323825450135
4.8500000000000005,1.0,1.0,1.0,1.0,0.9922116180869157,0.9999999999993824,0.9921716224507743
4.855,1.0,1.0,1.0,1.0,0.9922443283563719,0.9999999999994189,0.9922106666466886
4.86,1.0,1.0,1.0,1.0,0.9922860506388413,0.9999999999994532,0.9922495161088634
4.865,1.0,1.0,1.0,1.0,0.9923220986908949,0.9999999999994855,0.9922881718085371
4.87,1.0,1.0,1.0,1.0,0.9923614845255462,0.9999999999995158,0.9923266347121045
4.875,1.0,1.0,1.0,1.0,0.9923995352471583,0.9999999999995445,0.99236490578114
4.88,1.0,1.0,1.0,1.0,0.992440923751368,0.9999999999995716,0.9924029859724224
4.885,1.0,1.0,1.0,1.0,0.9924719651295251,0.999999999999597,0.9924408762379585
4.89,1.0,1.0,1.0,1.0,0.9925136874119946,0.999999999999621,0.9924785775250067
4.8950000000000005,1.0,1.0,1.0,1.0,0.9925510705770872,0.9999999999996435,0.9925160907761014
4.9,1.0,1.0,1.0,1.0,0.9925857835161017,0.9999999999996647,0.9925534169290756
4.905,1.0,1.0,1.0,1.0,0.9926194951203371,0.9999999999996847,0.9925905569170853
4.91,1.0,1.0,1.0,1.0,0.9926568782854298,0.9999999999997035,0.992627511668632
4.915,1.0,1.0,1.0,1.0,0.9926979330113797,0.9999999999997211,0.9926642821075864
4.92,1.0,1.0,1.0,1.0,0.9927373188460307,0.9999999999997379,0.9927008691532114
4.925,1.0,1.0,1.0,1.0,0.9927820451328379,0.9999999999997535,0.992737273720185
4.93,1.0,1.0,1.0,1.0,0.9928197620761902,0.9999999999997683,0.9927734967186236
4.9350000000000005,1.0,1.0,1.0,1.0,0.9928598154673607,0.9999999999997822,0.9928095390541035
4.94,1.0,1.0,1.0,1.0,0.9928998688585315,0.9999999999997953,0.9928454016276854
4.945,1.0,1.0,1.0,1.0,0.9929319115714681,0.9999999999998076,0.9928810853359353
4.95,1.0,1.0,1.0,1.0,0.9929682934017813,0.9999999999998191,0.9929165910709479
4.955,1.0,1.0,1.0,1.0,0.9930086805712114,0.99999999999983,0.9929519197203682
4.96,1.0,1.0,1.0,1.0,0.9930413908406673,0.9999999999998402,0.9929870721674146
4.965,1.0,1.0,1.0,1.0,0.9930777726709806,0.9999999999998499,0.9930220492908998
4.97,1.0,1.0,1.0,1.0,0.9931121518317355,0.9999999999998589,0.9930568519652538
4.9750000000000005,1.0,1.0,1.0,1.0,0.9931431932098929,0.9999999999998676,0.9930914810605455
4.98,1.0,1.0,1.0,1.0,0.9931805763749851,0.9999999999998755,0.9931259374425038
4.985,1.0,1.0,1.0,1.0,0.9932112839748828,0.9999999999998831,0.9931602219725401
4.99,1.0,1.0,1.0,1.0,0.9932426591312996,0.9999999999998901,0.9931943355077695
4.995,1.0,1.0,1.0,1.0,0.9932813774094309,0.9999999999998969,0.993228278901032
5.0,1.0,1.0,1.0,1.0,0.9933100823397696,0.9999999999999031,0.9932620530009145
