s,cdf_zeros,cdf_gue_mean,cdf_gue_q025,cdf_gue_q975,cdf_poisson_ensemble_mean,cdf_wigner_surmise,cdf_poisson
0.0,0.0,0.0,0.0,0.0,0.0,0.0,0.0
0.005,0.0,0.0,0.0,0.0,0.005008342787602519,1.3509233142902644e-07,0.00498752080731768
0.01,0.0,2.002669558521509e-06,0.0,0.0,0.009977633518813896,1.0806767320094973e-06,0.009950166250831893
0.015,0.0,3.004004337782264e-06,0.0,0.0,0.014899527737140279,3.6469357054397245e-06,0.014888060396937353
0.02,0.0,7.676899974332453e-06,0.0,0.0,0.019877496703105253,8.6434327722755e-06,0.019801326693244747
0.025,0.0,1.4686243429157736e-05,0.0,0.00033344448149383126,0.02482575940395217,1.6878803347823712e-05,0.024690087971667385
0.03,0.0,2.436581296201166e-05,0.0,0.00033344448149383126,0.029678895300769285,2.9160446062929946e-05,0.029554466451491845
0.035,0.0,4.0387169430183735e-05,0.0,0.00033344448149383126,0.03452902719324861,4.629421467517575e-05,0.03439458374243354
0.04,0.0,6.408542587268836e-05,0.0,0.00033344448149383126,0.03932174922505031,6.908411071729348e-05,0.03921056084767682
0.045,0.0,8.978635187371453e-05,0.0,0.0006668889629876625,0.04411747526118977,9.833197702915214e-05,0.04400251816690004
0.05,0.0,0.00012283039958931957,0.0,0.0006668889629876625,0.04889851505390018,0.00013483719231952018,0.048770575499285984
0.055,0.0,0.00017489980811087906,0.0,0.0006668889629876625,0.05361313297291955,0.0001793963669027704,0.05351485204651618
0.06,0.00033344448149383126,0.00022997322097022084,0.0,0.0010003334444814939,0.05826733702692351,0.00023280303975516115,0.05823546641575128
0.065,0.00033344448149383126,0.0002993990989989649,0.0,0.0010003334444814939,0.06297594693726731,0.0002958473770347525,0.06293253662259657
0.07,0.00033344448149383126,0.00036949253354721587,0.0,0.001333777925975325,0.06769523775192328,0.000369315872207579,0.06760618009405173
0.075,0.00033344448149383126,0.00045961266368068233,0.0,0.001333777925975325,0.07232707866252384,0.0004539910479227499,0.07225651367144714
0.08,0.00033344448149383126,0.000550734128593411,0.0,0.001333777925975325,0.07692887952974659,0.0005506511597765662,0.07688365361336424
0.085,0.00033344448149383126,0.0006538716108572687,0.0,0.0016672224074691564,0.08157640801855547,0.0006600699021066386,0.08148771559854262
0.09,0.00033344448149383126,0.0007800397930441226,0.0,0.0016838946315438329,0.0861605186380112,0.0007830161159535914,0.08606881472877181
0.095,0.00033344448149383126,0.0009248995577771777,0.0,0.0020006668889629878,0.09067687227073688,0.0009202534993286854,0.09062706553176858
0.1,0.00033344448149383126,0.00107877133552358,0.0,0.002334111370456819,0.09525530865977684,0.001072540319922849,0.09516258196404048
0.105,0.00033344448149383126,0.0012469955784393863,0.00033344448149383126,0.00266755585195065,0.09978634853593171,0.0012406291303918016,0.09967547741373439
0.11,0.0010003334444814939,0.001433243847381886,0.00033344448149383126,0.00266755585195065,0.10421925760371908,0.0014252664863506348,0.10416586470347178
0.115,0.001333777925975325,0.0016348459162730494,0.00033344448149383126,0.0030010003334444814,0.10868754716704043,0.0016271926672090098,0.10863385609316867
0.12,0.001333777925975325,0.0018771689328541579,0.0006668889629876625,0.0033511170390129893,0.11315149761298479,0.0018471413999766872,0.11307956328284252
0.125,0.001333777925975325,0.0021271688494095987,0.0006668889629876625,0.0040013337779259755,0.1176104413850329,0.0020858395861682033,0.11750309741540454
0.13,0.0016672224074691564,0.002378503879004044,0.0006668889629876625,0.004334778259419807,0.12201564685726068,0.0023440070319317996,0.1219045690794387
0.135,0.0020006668889629878,0.0026712274128079336,0.0010003334444814939,0.004668222740913638,0.12640049185564364,0.002622356181527702,0.12628408831196558
0.14,0.0020006668889629878,0.002993323433470143,0.001333777925975325,0.005001667222407469,0.13075229280631098,0.002921591854278316,0.13064176460119414
0.145,0.003334444814938313,0.003338116375795598,0.001333777925975325,0.0056685561853951315,0.13513680402643372,0.0032424109851098004,0.1349777068892587
0.15,0.0040013337779259755,0.003683576874640557,0.0016672224074691564,0.006002000666888963,0.1394949467640366,0.003585502368804283,0.1392920235749422
0.155,0.004668222740913638,0.00403337649086231,0.0016672224074691564,0.006668889629876626,0.14379868364529916,0.003951546408077572,0.1435848225163865
0.16,0.004668222740913638,0.004439918411242175,0.0020006668889629878,0.007002334111370457,0.14806303469191087,0.004341214865597742,0.14785621103378865
0.165,0.005001667222407469,0.004861814131570713,0.002334111370456819,0.007335778592864288,0.15230468881685955,0.004755170620054733,0.15210629591208413
0.17,0.0056685561853951315,0.00531007833441977,0.00266755585195065,0.008002667555851951,0.15650729088541704,0.005194067426390614,0.1563351834036163
0.17500000000000002,0.006002000666888963,0.005787715024127157,0.0030010003334444814,0.008669556518839614,0.16069153514968793,0.0056585496802978585,0.16054297923079264
0.18,0.006335445148382794,0.006304737548485459,0.0036512170723574534,0.009336445481827277,0.16486509850964667,0.006149252187088672,0.164729788588728
0.185,0.006335445148382794,0.006831105864116871,0.0040013337779259755,0.010003334444814937,0.16897290755243385,0.006666799935038242,0.16889571614787435
0.19,0.007335778592864288,0.0073668199710213616,0.004334778259419807,0.0106702234078026,0.17311576331249548,0.007211807873300585,0.1730408660566377
0.195,0.007335778592864288,0.007940584799537779,0.005001667222407469,0.011003667889296432,0.17722724391614006,0.00778488069449304,0.1771653419439816
0.2,0.008002667555851951,0.008559409693120919,0.0056685561853951315,0.01168722907635877,0.18129266311993883,0.008386612622044182,0.18126924692201818
0.20500000000000002,0.009336445481827277,0.00921428263875745,0.006002000666888963,0.012670890296765588,0.18539246148449226,0.009017587202395205,0.18535268358858548
0.21,0.009336445481827277,0.009905871192966908,0.006668889629876626,0.013354451483827927,0.189474903379538,0.00967837710214392,0.18941575402981292
0.215,0.010336778926308769,0.010602466421072609,0.007335778592864288,0.014338112704234745,0.19352597011816777,0.010369543910215162,0.19345855982267313
0.22,0.011003667889296432,0.011328100357776906,0.00766922307435812,0.01533844614871624,0.1975540061568741,0.011091637945143562,0.1974812020375215
0.225,0.011337112370790263,0.012102132142145474,0.008336112037345782,0.016005335111703902,0.20146421846988719,0.011845198067543028,0.20148378124062294
0.23,0.011670556852284094,0.012908206639450368,0.009003001000333445,0.017005668556185394,0.20543985132181222,0.012630751497845205,0.20546639749666595
0.23500000000000001,0.011670556852284094,0.013747658962730636,0.010003334444814937,0.01800600200066689,0.20943551086932258,0.013448813639375612,0.20942915037126442
0.24,0.012337445815271757,0.014574427712140268,0.01065355118372791,0.018672890963654553,0.2134431864341835,0.014299887906842057,0.21337213893344653
0.245,0.01300433477825942,0.01546861967002009,0.011337112370790263,0.019689896632210723,0.21731901958644206,0.015184465560299898,0.21729546175813186
0.25,0.01300433477825942,0.016385174771303468,0.012337445815271757,0.020673557852617538,0.22117282337355712,0.01610302554466042,0.22119921692859512
0.255,0.013671223741247083,0.017338445481159682,0.01300433477825942,0.022007335778592863,0.2250309662780484,0.017056034334801684,0.22508350203891903
0.26,0.014338112704234745,0.018328431799588808,0.014004668222740914,0.02300766922307436,0.22889111185209837,0.018043945786342885,0.22894841419643375
0.265,0.015005001667222408,0.019382169765630904,0.014671557185728577,0.024341447149049684,0.23276427477827943,0.019067200992133715,0.23279405002414433
0.27,0.01567189063021007,0.02048230290977872,0.01567189063021007,0.025025008336112025,0.23652094909180577,0.020126228144513036,0.23662050566314685
0.275,0.016672224074691565,0.02159912496691421,0.016988996332110703,0.02669223074358118,0.24029464609658008,0.02122144240338414,0.24042787677503152
0.28,0.018672890963654553,0.02272696170662157,0.017672557519173057,0.028009336445481828,0.24408069289696482,0.022353245770151797,0.24421625854427453
0.28500000000000003,0.020340113371123708,0.02391387719830531,0.01898966322107369,0.029343114371457153,0.24786540458431103,0.023522026967563836,0.24798574568061738
0.29,0.020673557852617538,0.025158202550666694,0.020006668889629875,0.03067689229743248,0.2516664714063846,0.02472816132549499,0.25173643242143473
0.295,0.021673891297099034,0.02641421014211949,0.02100700233411137,0.03202734244748248,0.25541313237211904,0.025972010672708823,0.2554684125340906
0.3,0.02400800266755585,0.027678895968325793,0.022340780260086696,0.033677892630876956,0.25910071458587663,0.02725392323462994,0.2591817793182821
0.305,0.025008336112037347,0.028996318759573123,0.02365788596198733,0.03501167055685228,0.2627305531606969,0.028574233537155103,0.2628766256083722
0.31,0.026675558519506502,0.03038149853755058,0.024674891630543514,0.03634544848282761,0.26639777490060973,0.029933262316528597,0.26655304377571076
0.315,0.027675891963987995,0.031782365893736356,0.02600866955651884,0.038012670890296765,0.27000224632768843,0.031331316435304124,0.2702111257309432
0.32,0.02867622540846949,0.033226624423690114,0.027342447482494165,0.03934644881627209,0.2736801489719132,0.032768688804411805,0.27385096292630906
0.325,0.029676558852950983,0.034688906979670545,0.02900966988996332,0.04101367122374125,0.27729997419894054,0.03424565831134668,0.2774726463579278
0.33,0.03167722574191397,0.036253659461395395,0.030343447815938646,0.042347449149716575,0.2809137914172926,0.035762489754489146,0.28107626656807383
0.335,0.03334444814938313,0.03782675639961402,0.03134378126042014,0.04468156052017339,0.28454796910948954,0.03731943378356767,0.2846619136474401
0.34,0.03434478159386462,0.03941287068996305,0.033011003667889297,0.04601533844614872,0.288130411171425,0.038916726846269345,0.28822967723739035
0.34500000000000003,0.03567855951983995,0.041055393506210486,0.03434478159386462,0.0480160053351117,0.2917011709942688,0.04055459114099963,0.2917796465322
0.35000000000000003,0.03667889296432144,0.042750987065758674,0.03601200400133378,0.04968322774258086,0.2952338800955004,0.042233234575790535,0.29531191028128656
0.355,0.038012670890296765,0.04448763535125647,0.037345781927309106,0.05135045015005002,0.29873187625771785,0.04395285073335348,0.29882655679142756
0.36,0.03901300433477826,0.04626867614530175,0.03901300433477826,0.053351117039013005,0.30221852395910404,0.04571361884226921,0.302323673928969
0.365,0.03934644881627209,0.04804971693934678,0.04101367122374125,0.05501833944648216,0.30570316899093175,0.04751570375430314,0.3058033491220211
0.37,0.041347115705235075,0.04992888854175953,0.042347449149716575,0.05701900633544515,0.3091784682314859,0.04935925592783347,0.3092656693626453
0.375,0.04201400466822274,0.05183476240495244,0.044014671557185726,0.05901967322440813,0.31263340699819525,0.05124441141737329,0.31271072120902776
0.38,0.044014671557185726,0.053809394589654634,0.04601533844614872,0.061370456818939635,0.31608033508667116,0.05317129186916847,0.31613859078764417
0.385,0.04701567189063021,0.05577301209178504,0.0480160053351117,0.06335445148382794,0.31946384530579297,0.055140004522844954,0.3195493637954123
0.39,0.049016338779593195,0.05779570834589176,0.05033344448149383,0.06568856285428476,0.3228677159987601,0.05715064221908256,0.32294312550183535
0.395,0.04968322774258086,0.05983375839994719,0.05200066688896299,0.06768922974324774,0.32626791513087,0.05920328341328168,0.32631996075113234
0.4,0.05301767255751917,0.06191686851906914,0.054018006002000664,0.07002334111370456,0.32955029053728635,0.06129799219519261,0.3296799539643607
0.405,0.05468489496498833,0.06405271560323245,0.05568522840946982,0.07202400800266756,0.33288974202612137,0.06343481831447201,0.3330231891415256
0.41000000000000003,0.05735245081693898,0.06628869616532164,0.05766922307435812,0.07435811937312438,0.33621584238456553,0.06561379721212535,0.3363497498636806
0.41500000000000004,0.057685895298432814,0.06849663935359165,0.06002000666888963,0.07635878626208736,0.3395182444865675,0.06783495005779694,0.33965971929501715
0.42,0.059353117705901966,0.07082941561100935,0.06233744581527176,0.07904301433811269,0.3428156399146723,0.07009828379285882,0.34295318018494325
0.425,0.06268756252084028,0.07316986876840174,0.06468822940980327,0.0820273424474825,0.3460859993037384,0.0724037911792561,0.3462302148701527
0.43,0.06402134044681561,0.07554470108654825,0.06733911303767923,0.08469489829943315,0.34930395550602267,0.07475145085405382,0.3494909052766835
0.435,0.06602200733577859,0.07800097530007517,0.06968989663221074,0.0867122374124708,0.35259100380807595,0.07714122738963491,0.35273533292196535
0.44,0.06835611870623541,0.08046359130053687,0.07202400800266756,0.08936312104034679,0.3558086262321004,0.07957307135949249,0.3559635789168586
0.445,0.07069023007669223,0.08292387085318063,0.07435811937312438,0.09203067689229744,0.3589985450605659,0.08204691940955855,0.35917572396768127
0.45,0.07335778592864288,0.08547393675769807,0.07702567522507503,0.09469823274424809,0.36217845054123793,0.0845626943350068,0.36237184837822667
0.455,0.07602534178059353,0.08809309476198443,0.07935978659553185,0.09736578859619874,0.36532864975679213,0.08712030516246827,0.3655520320517718
0.46,0.07735911970656886,0.09068788695330866,0.0820273424474825,0.10036678892964321,0.36847350852019123,0.08971964723758974,0.36871635449307405
0.465,0.07902634211403801,0.09336779260087028,0.08436145381793932,0.10270090030010004,0.37160034325756225,0.09236060231786952,0.3718648948103592
0.47000000000000003,0.08069356452150717,0.09610544188736933,0.08702900966988997,0.10536845615205068,0.374769567833922,0.09504303867069835,0.3749977317172992
0.47500000000000003,0.08336112037345782,0.09885744363903753,0.08969656552184062,0.10836945648549516,0.37790107546693086,0.09776681117653124,0.37811494353498
0.48,0.08569523174391463,0.10170790997733314,0.09269756585528509,0.11138712904301432,0.3810295790956009,0.1005317614371139,0.38121660819385916
0.485,0.08869623207735912,0.1045049717940683,0.09534844948316105,0.11437145715238413,0.3841000053070744,0.10333771788868895,0.38430280323571486
0.49,0.09103034344781594,0.10736979059753321,0.09834944981660554,0.11705568522840945,0.38716041817075436,0.10618449592009627,0.3873736058155839
0.495,0.09303101033677892,0.11028033702258445,0.10070023341113704,0.1203734578192731,0.3902014718953701,0.10907189799568984,0.39042909270369075
0.5,0.09669889963321107,0.11320924125192215,0.10370123374458153,0.12337445815271757,0.393225169150478,0.11199971378298262,0.3934693402873666
0.505,0.10036678892964321,0.11622025493315924,0.10668556185395132,0.12637545848616205,0.396252537966443,0.11496772028493685,0.39649442457295947
0.51,0.10470156718906302,0.11929935937938607,0.1097032344114705,0.1290596865621874,0.39928691612586326,0.11797568197680774,0.3995044211877341
0.515,0.108702900966989,0.12240316341683459,0.11268756252084029,0.13304434811603869,0.40230927826793145,0.12102335094745031,0.40249940538176254
0.52,0.11037012337445816,0.12555770174976574,0.11537179059686563,0.13606202067355783,0.4053166203883111,0.12411046704500084,0.4054794520298056
0.525,0.11337112370790263,0.12870890230009932,0.11868956318772925,0.1393797932644215,0.40829559135661175,0.12723675802683404,0.4084446356331849
0.53,0.11703901300433478,0.1318260574679382,0.12170723574524842,0.14238079359786596,0.4112932539074587,0.13040193971370256,0.4113950303216448
0.535,0.1193731243747916,0.13501230473554587,0.1247082360786929,0.14538179393131043,0.41425987508014894,0.1336057161479628,0.41433070985520626
0.54,0.12204068022674225,0.13835843178957563,0.12802600866955652,0.1490496832277426,0.41723851227018977,0.13684777975578388,0.41725174762601036
0.545,0.12570856952317438,0.14163980586121316,0.1310436812270757,0.1523841280426809,0.42013904534744834,0.14012781151324505,0.4201582166601536
0.55,0.13037679226408802,0.14496390355009894,0.13471157052350782,0.1557185728576192,0.42300152770309607,0.14344548111621414,0.42305018961951335
0.555,0.13404468156052018,0.14833005729971382,0.13804601533844615,0.1597199066355452,0.42590206078035375,0.14680044715390655,0.42592773880356405
0.56,0.13671223741247082,0.1517569586926039,0.14136378792930976,0.1630543514504835,0.42872415596657093,0.1501923572860217,0.42879093615118513
0.5650000000000001,0.14004668222740912,0.15521523524191091,0.1450316772257419,0.16607202400800264,0.4315495889353845,0.15362084842334806,0.43163985324245957
0.5700000000000001,0.14338112704234746,0.15871523407368712,0.1480493497832611,0.17005668556185394,0.4343980526041217,0.15708554691173132,0.4344745613004629
0.5750000000000001,0.1480493497832611,0.1622409338314642,0.1513837945981994,0.1737245748582861,0.43720946688602613,0.16058606871929781,0.4372951311930443
0.58,0.15005001667222406,0.1657849913935276,0.15505168389463153,0.1774091363787929,0.44000753003754034,0.16412201962682554,0.44010163343459796
0.585,0.15405135045015006,0.16934974320769608,0.15838612870956986,0.18107702567522505,0.4428346318976531,0.16769299542115013,0.4428941381878261
0.59,0.1577192397465822,0.17300995560415375,0.16237079026342113,0.18472824274758254,0.44566473776210425,0.17129858209149557,0.4456727152654929
0.595,0.16172057352450817,0.17670221071354777,0.16605535178392797,0.1887295765255085,0.44844778089192855,0.1749383560286225,0.4484374341321702
0.6,0.16572190730243413,0.18044653523146342,0.16970656885628543,0.19239746582194064,0.45122381467829903,0.17861188422667468,0.4511883639059736
0.605,0.16772257419139713,0.18412710810176616,0.17305768589529844,0.19574858286095362,0.45396847330825296,0.18231872448761538,0.4539255733602906
0.61,0.17105701900633544,0.18781802809812156,0.17639213071023674,0.19974991663887962,0.4566850945643879,0.18605842562814112,0.4566491309255002
0.615,0.17505835278426143,0.19158938865507683,0.1800600200066689,0.20406802267422475,0.45941239672483386,0.1898305276889547,0.4593591046906834
0.62,0.17872624208069357,0.1954148212901129,0.184378126042014,0.20775258419473155,0.46208028635504467,0.19363456214628522,0.4620555624053255
0.625,0.18306102034011337,0.19926428595985127,0.18839613204401467,0.21140380126708902,0.46476152711564483,0.19747005212554242,0.4647385714810097
0.63,0.18739579859953318,0.20318284272935852,0.1920473491163721,0.21540513504501502,0.4674330883067116,0.20133651261698587,0.4674081989931028
0.635,0.1920640213404468,0.2070693567859294,0.19571523841280425,0.21907302434144715,0.4700892956978314,0.20523345069329646,0.47006451168243146
0.64,0.1950650216738913,0.2110226264944504,0.19971657219073025,0.22307435811937312,0.47277754580188697,0.20916036572893637,0.47270757595695145
0.645,0.19906635545181728,0.21501695092892179,0.20405135045015005,0.22740913637879293,0.4753750082192884,0.2131167496211765,0.4753374578934071
0.65,0.20306768922974325,0.2190099402503539,0.20805268422807602,0.23107702567522506,0.4780115226930823,0.21710208701268124,0.47795422323898396
0.655,0.20506835611870625,0.22303430472820304,0.21240413471157052,0.23509503167722573,0.4806096526670047,0.22111585551553326,0.48055793741295183
0.66,0.20940313437812605,0.2270573340930121,0.21603867955985329,0.23941313771257086,0.4832401591321222,0.22515752593658017,0.4831486655083008
0.665,0.21340446815605202,0.2311240884098504,0.22007335778592865,0.243081027009003,0.48582727442347245,0.2292265625039938,0.4857264722933681
0.67,0.21773924641547182,0.235204527635338,0.22407469156385462,0.24708236078692897,0.48840304125399026,0.23332242309492035,0.48829142221345756
0.675,0.2227409136378793,0.23933136203893077,0.22774258086028676,0.25108369456485496,0.49097647163669095,0.23744455946411175,0.4908435793924508
0.68,0.2280760253417806,0.24347989202940803,0.23207735911970656,0.2557519173057686,0.4935175255281947,0.24159241747342136,0.49338300763441045
0.685,0.23207735911970656,0.24763276113726274,0.23639546515505167,0.25975325108369457,0.4960682589892326,0.24576543732205314,0.4959097704251745
0.6900000000000001,0.2367455818606202,0.251766604884311,0.24041347115705236,0.26375458486162057,0.49860163598076246,0.249963053777444,0.49842393093394455
0.6950000000000001,0.24008002667555853,0.25600592256144133,0.24441480493497833,0.2677559186395465,0.5010612479768866,0.2541846964066776,0.5009255520148641
0.7000000000000001,0.24674891630543513,0.260251248247247,0.24874958319439813,0.27242414138046017,0.5035265342034266,0.25842978980830666,0.5034146962085906
0.705,0.25108369456485496,0.264495238820014,0.25308436145381796,0.2764254751583861,0.5059928217647466,0.2626977538444792,0.5058914257438583
0.71,0.25541847282427477,0.2687789490056917,0.25740246748916307,0.2807602534178059,0.5084901507042228,0.26698800387325566,0.5083558025390349
0.715,0.25775258419473157,0.27316713178667146,0.26175391797265757,0.2851117039013004,0.5109193888787098,0.27129995098100557,0.5108078882036684
0.72,0.2614204734911637,0.2775159287330011,0.2664221407135712,0.2890963654551517,0.5133603092922872,0.27563300221477993,0.5132477440400283
0.725,0.2657552517505835,0.28186639457062895,0.2707402467489163,0.2934311437145715,0.5157885461319945,0.2799865608145443,0.5156754310446375
0.73,0.26908969656552184,0.28626659336896054,0.27540846948982994,0.2980993664554852,0.5182454879020406,0.2843600264451708,0.5180910099097975
0.735,0.2744248082694231,0.2906037080761986,0.2794264754918306,0.302434144714905,0.5206560344939812,0.28875279542808013,0.5204945410251058
0.74,0.27775925308436145,0.29500857977016676,0.2834278092697566,0.3071023674558186,0.523059571742466,0.29316426097243226,0.5228860844789656
0.745,0.28176058686228744,0.29940944612501824,0.28807935978659555,0.31077025675225073,0.5254704521126664,0.29759381340575564,0.5252657000600875
0.75,0.2867622540846949,0.30386037921883174,0.29276425475158385,0.31512170723574523,0.5278476208786312,0.3020408404039196,0.5276334472589853
0.755,0.29076358786262085,0.30825223356067,0.2974324774924975,0.3197899299766589,0.5302191154141817,0.3065047272203422,0.529989385269462
0.76,0.29243081027009005,0.3127408835978367,0.3017505835278426,0.32444148049349786,0.5325585672367937,0.3109848569143393,0.5323335729900908
0.765,0.3001000333444481,0.31721017449593647,0.3061020340113371,0.3284428142714238,0.5348586332247561,0.3154806105785102,0.5346660690256866
0.77,0.3037679226408803,0.3217402130373127,0.31077025675225073,0.33344448149383127,0.5371767232387445,0.31999136756506746,0.5369869316887719
0.775,0.3091030343447816,0.32626457734827197,0.31510503501167053,0.33777925975325107,0.5394607678702377,0.32451650571101254,0.5392962190010342
0.78,0.31610536845615206,0.3308513581938053,0.3197565855285095,0.34244748249416473,0.5416934106497299,0.3290554015620624,0.5415939886947765
0.785,0.3177725908636212,0.33532565576580237,0.324108036012004,0.34711570523507834,0.5439811268420808,0.33360743059523645,0.5438802982143608
0.79,0.32244081360453486,0.3398610347593338,0.32909303101033677,0.35111703901300434,0.546276519934407,0.33817196744000827,0.5461552047176441
0.795,0.32710903634544847,0.34439641375286584,0.33309436478826276,0.35545181727242414,0.548520511174729,0.34274838609793845,0.5484187650774077
0.8,0.33177725908636213,0.3489882012722957,0.33777925975325107,0.3604534844948316,0.5507838615541178,0.3473360601606937,0.5506710358827784
0.805,0.3371123707902634,0.353611030169883,0.34243081027009004,0.3654551517172391,0.5530371985857139,0.3519343630263715,0.5529120734406436
0.81,0.34178059353117707,0.3582218430501192,0.34678226075358454,0.3697899299766589,0.5552418039913879,0.35654266811404073,0.5551419337770589
0.8150000000000001,0.347782594198066,0.36286336353025234,0.35111703901300434,0.3741413804601534,0.5574624307535272,0.36116034907641853,0.5573606726386489
0.8200000000000001,0.3527842614204735,0.3675052177886451,0.3561187062354118,0.37879293097699235,0.5596683712722385,0.365786780010601,0.5595683454940008
0.8250000000000001,0.3587862620873625,0.37214306670792074,0.3604534844948316,0.38314438146048685,0.5618529499823256,0.37042133566676727,0.5617650075350509
0.8300000000000001,0.3627875958652884,0.3767972707619253,0.3654384794931644,0.38779593197732576,0.5640652322879738,0.3750633916547816,0.5639507136784645
0.835,0.3674558186062021,0.3814287778942661,0.3697899299766589,0.3924808269423141,0.566226446519877,0.37971232464861493,0.5661255185670091
0.84,0.3721240413471157,0.3861263731220382,0.37479159719906635,0.39714904968322773,0.5684036821082498,0.3843675125885132,0.5682894765709203
0.845,0.3784594864954985,0.39084199237583755,0.3794431477159053,0.4021340446815605,0.5705986079443892,0.38902833488084193,0.5704426417892609
0.85,0.3824608202734245,0.39550287199503614,0.3841113704568189,0.40680226742247416,0.572705416319955,0.3936941725955342,0.5725850680512733
0.855,0.3861287095698566,0.40016975962291096,0.3881293764588196,0.41147049016338777,0.5748612900997025,0.39836440866107453,0.5747168089177259
0.86,0.39179726575525176,0.40488671398974846,0.3931310436812271,0.41580526842280763,0.5770104883142548,0.40303842805695544,0.5768379176822511
0.865,0.39646548849616536,0.4095128806699332,0.39813271090363456,0.42047349116372124,0.5790962686594556,0.407715618003538,0.5789484473726788
0.87,0.4021340446815605,0.41417542918043115,0.40278426142047347,0.4251417139046349,0.581194398800267,0.4123953681492555,0.581048450752361
0.875,0.40880293431143716,0.41889171599074915,0.40746915638546183,0.43014338112704237,0.5832898587149999,0.4170770707551044,0.5831379803214916
0.88,0.41380460153384463,0.423551260496909,0.41213737912637544,0.43514504834944984,0.585385986186253,0.42176012087635817,0.5852170883184187
0.885,0.4188062687562521,0.4281677476075603,0.4171223741247082,0.4391463821273758,0.5874670936358162,0.4264439165414495,0.5872858267209504
0.89,0.4264754918306102,0.4327768915964986,0.4214738246082027,0.4434811603867956,0.5895208312680792,0.4311278589279716,0.5893442472476544
0.895,0.43114371457152384,0.43746213702865927,0.4264754918306102,0.44814938312770924,0.5915845822481365,0.43581135253573927,0.5913924013591516
0.9,0.4371457152384128,0.4420348991872835,0.43081027009003003,0.45281760586862285,0.5936222985239326,0.44049380535686644,0.5934303402594009
0.905,0.44214738246082025,0.44669544502822234,0.43547849283094364,0.4574858286095365,0.5956206289650776,0.44517462904280747,0.5954581148969812
0.91,0.44581527175725244,0.4513109308040952,0.4401300433477826,0.4621540513504501,0.5976463292235207,0.4498532390683193,0.597475775966364
0.915,0.4534844948316105,0.4559694739754765,0.4444814938312771,0.46648882960987,0.5996500001168219,0.4545290548923,0.5994833739091812
0.92,0.45715238412804265,0.4606453736163639,0.4497999333111037,0.4708402800933645,0.6016289714189015,0.45920150011546196,0.6014809589154859
0.925,0.4618206068689563,0.465270872740029,0.45448482827609205,0.47582527509169725,0.6036182898470326,0.46387000263480105,0.6034685809250071
0.93,0.464488162720907,0.46993342125052695,0.45915305101700565,0.48049349783261086,0.6055949247012933,0.46853399479482355,0.605446289628399
0.935,0.46948982994331445,0.47452253854387805,0.4638212737579193,0.48551183727909303,0.6075275008252654,0.4731929135354957,0.6074141344684816
0.9400000000000001,0.4744914971657219,0.47913935943278957,0.4688062687562521,0.490163387795932,0.6094897832143575,0.4778462005368833,0.6093721646414789
0.9450000000000001,0.48049349783261086,0.4837698652303515,0.4734911637212404,0.49416472157385793,0.6114170188861747,0.4824933023604507,0.611320429098247
0.9500000000000001,0.48282760920306766,0.4883850172279641,0.4778092697565855,0.4988496165388463,0.6133616110274992,0.48713367058698803,0.6132589765454988
0.9550000000000001,0.4871623874624875,0.4929778060821743,0.48247749249749916,0.5035011670556853,0.615323559638332,0.4917667619511426,0.6151878554470215
0.96,0.49183061020340113,0.497593625636306,0.4871457152384128,0.5085028342780927,0.6171890463320948,0.49639203847252794,0.6171071140248879
0.965,0.49716572190730246,0.5021610473427749,0.49116372124041346,0.5125041680560187,0.6190849068474944,0.5010089675833875,0.6190168002606627
0.97,0.49949983327775926,0.506674063192903,0.49581527175725243,0.5168389463154385,0.6209944522715456,0.5056170222527948,0.6209169618966012
0.975,0.5068356118706235,0.5112244622081241,0.5004834944981661,0.5215238412804267,0.6229153461564272,0.5102156811073664,0.622807646436843
0.98,0.5105035011670557,0.5158099079406188,0.5045015005001667,0.5261753917972658,0.6248055324414127,0.5148044285484774,0.6246889011486004
0.985,0.5148382794264755,0.5202982241995258,0.5091697232410803,0.5305101700566855,0.6266533288874073,0.5193827548659598,0.6265607730633391
0.99,0.5201733911303767,0.5248225885104851,0.513837945981994,0.5351783927975992,0.6285598703071199,0.523950156348273,0.6284233089779543
0.995,0.5255085028342781,0.5293946831125897,0.5188396132044014,0.5395298432810937,0.6304316987878177,0.5285061353891363,0.6302765554559411
1.0,0.5301767255751917,0.5339087002974972,0.5231743914638213,0.5441980660220073,0.6322561307556305,0.5330502005906137,0.6321205588285577
1.0050000000000001,0.535511837279093,0.5383746534130004,0.5278259419806602,0.5485161720573525,0.6341306294624078,0.5375818668626449,0.6339553651959846
1.01,0.5405135045015005,0.5428936772718034,0.5325108369456486,0.5528509503167722,0.6359610694388953,0.5421006555190166,0.6357810204284766
1.0150000000000001,0.5458486162054018,0.5473255850048118,0.5371623874624876,0.5571857285761921,0.6377911756371243,0.5466060943697749,0.6375975701675097
1.02,0.5518506168722908,0.5518229132767312,0.541513837945982,0.5621873957985996,0.6395798933311441,0.5510977178100697,0.6394050598269216
1.025,0.5565188396132044,0.5562898677270128,0.5458486162054018,0.5665221740580193,0.6413873026077103,0.5555750669054434,0.6412035345940483
1.03,0.5595198399466489,0.5607171025643849,0.5505168389463154,0.571190396798933,0.6431436438105338,0.5600376894735559,0.6429930394308526
1.035,0.567189063021007,0.5651546845278083,0.5548182727575859,0.5748582860953652,0.6449343641741108,0.5644851401623564,0.6447736190750485
1.04,0.5718572857619206,0.5695885949303756,0.559186395465155,0.5795265088362788,0.6466700111248292,0.5689169805247076,0.6465453180412198
1.045,0.5751917305768589,0.5739677656983421,0.5635211737245749,0.5841947315771924,0.6484123336407429,0.5733327790894678,0.6483081806219331
1.05,0.578859619873291,0.5782818497056571,0.56783927975992,0.5885461820606869,0.6501536548218777,0.5777321114290446,0.6500622508888447
1.055,0.5835278426142048,0.582575573239127,0.5718572857619206,0.5928809603201066,0.651881624872622,0.5821145602234263,0.6518075726938024
1.06,0.5871957319106369,0.5869497373331976,0.5765255085028342,0.5971990663554518,0.6536129327059633,0.586479715320713,0.6535441896699425
1.065,0.5931977325775258,0.5913082138490605,0.581193731243748,0.6015505168389462,0.6553465769871227,0.5908271737941492,0.6552721452327799
1.07,0.5978659553184394,0.5955996009347116,0.5851783927975992,0.6052017339113037,0.6570658688031144,0.5951565399956895,0.6569914825812934
1.075,0.6022007335778593,0.5998352470509856,0.5895298432810937,0.6098866288762921,0.658763131253962,0.5994674256061017,0.6587022446990063
1.08,0.6068689563187729,0.6041446581626633,0.5938646215405136,0.6148716238746249,0.660475413726498,0.6037594496816368,0.6604044743550609
1.085,0.6098699566522174,0.6083616126963904,0.5981993997999333,0.6188896298766255,0.6621623290512909,0.6080322386972823,0.6620982141052869
1.09,0.6122040680226742,0.6125782334518577,0.6022007335778593,0.6228742914304768,0.6638502457108658,0.6122854265866224,0.6637835062932667
1.095,0.6178726242080693,0.6167808355204162,0.6062020673557853,0.6275425141713905,0.6655391637052183,0.6165186547783279,0.6654603930513924
1.1,0.6238746248749584,0.6209176832718023,0.6108536178726243,0.6312104034678226,0.6672177345735196,0.6207315722293061,0.6671289163019205
1.105,0.628542847615872,0.6250318341015244,0.615188396132044,0.6352117372457485,0.6688779476375345,0.624923835454531,0.668789117758019
1.11,0.6335445148382794,0.6291887085484954,0.6195398466155385,0.6392130710236745,0.67052147178856,0.6290951085535881,0.670441038924811
1.115,0.6375458486162054,0.633264474878346,0.6238746248749584,0.6428976325441813,0.6721786808482375,0.6332450632339577,0.6720847211004115
1.12,0.642214071357119,0.6373415763212362,0.6272090696898966,0.6472157385795265,0.6737991742993421,0.637373378831075,0.6737202053769605
1.125,0.6448816272090697,0.6414350328988535,0.6318606202067356,0.6512170723574525,0.6754230055330429,0.6414797423251908,0.6753475326416503
1.1300000000000001,0.6495498499499833,0.6455538566242136,0.6355451817272424,0.6555685228409469,0.677070201244927,0.6455638483550736,0.6769667435777471
1.135,0.6545515171723908,0.6495925735672322,0.6392130710236745,0.6595698566188729,0.6786770097873795,0.6496253992285819,0.6785778786656087
1.1400000000000001,0.6588862954318107,0.6535962437929751,0.6432144048016005,0.6638879626542181,0.6802771427646375,0.6536641049301488,0.6801809781836962
1.145,0.6625541847282428,0.6575425041580419,0.6478826275425141,0.6675558519506503,0.6819109873461332,0.6576796831252074,0.6817760822095809
1.1500000000000001,0.667889296432144,0.661481755179654,0.6518672890963655,0.6705568522840947,0.68345804958009,0.6616718591616046,0.6833632306209468
1.155,0.67189063021007,0.6654487097968249,0.6555518506168723,0.6752250750250083,0.6850485029878156,0.6656403660680341,0.6849424630965867
1.16,0.6752250750250083,0.6694333546617642,0.6595531843947983,0.6788929643214405,0.6866162594738789,0.6695849445495332,0.6865138191173947
1.165,0.679893297765922,0.6732965042401516,0.6638712904301435,0.6825775258419473,0.6881653243773946,0.6735053429800839,0.6880773379673533
1.17,0.6848949649883295,0.67720004098797,0.6675391797265756,0.6868956318772924,0.6897364186460556,0.6774013173923583,0.689633058734515
1.175,0.6912304101367123,0.6810348194142802,0.6712237412470824,0.6908969656552184,0.6912701297496232,0.6812726314646542,0.6911810203119801
1.18,0.6935645215071691,0.6848405591319889,0.6752250750250083,0.6945648549516505,0.6928235337705162,0.6851190565050599,0.6927212613988687
1.185,0.6968989663221073,0.6886513055235967,0.6788762920973659,0.6982327442480827,0.6943188603742112,0.6889403714329003,0.6942538205012883
1.19,0.7025675225075025,0.6923522388677439,0.6825608536178727,0.7022507502500833,0.6957938265040634,0.6927363627574993,0.6957787359332959
1.195,0.7059019673224408,0.6960985660552184,0.6865455151717239,0.7055851950650216,0.6973285389424098,0.6965068245543156,0.6972960458178572
1.2,0.7092364121373791,0.6998238652123279,0.6902300766922308,0.7095865288429476,0.6988268695504447,0.7002515584384887,0.6988057880877978
1.205,0.7139046348782928,0.7034747318175126,0.6942314104701567,0.713571190396799,0.7003085112454911,0.7039703735358518,0.7003080004867537
1.21,0.7165721907302434,0.7071626478095303,0.6975491830610204,0.7172557519173057,0.7018221956534726,0.7076630864514494,0.7018027205701126
1.215,0.719239746582194,0.7107844757061152,0.7008836278759587,0.7209236412137379,0.7033669214396117,0.7113295212356194,0.7032899857059547
1.22,0.7249083027675892,0.7143912835810137,0.7042347449149716,0.7245748582860954,0.7048272013260344,0.7149695093476796,0.7047698330759857
1.225,0.7285761920640214,0.7179793998733648,0.70756918972991,0.7275758586195399,0.7063161861427941,0.7185828896172739,0.7062422996764672
1.23,0.7322440813604535,0.721558504152702,0.7112370790263421,0.731243747915972,0.7077881482683085,0.7221695082034251,0.7077074223191406
1.235,0.735245081693898,0.7251195844060125,0.7149049683227743,0.7349116372124042,0.7092701237416144,0.7257292185513495,0.7091652376321484
1.24,0.7385795265088363,0.7286439490507515,0.7182394131377126,0.7379293097699232,0.7107427534236461,0.7292618813470773,0.7106157820609493
1.245,0.7442480826942314,0.7321442816607878,0.7219073024341447,0.741247082360787,0.7121512976798076,0.7327673644699385,0.7120590918692298
1.25,0.7485828609536512,0.7356309293621731,0.7255751917305768,0.7455985328442813,0.713601564218436,0.7362455429429594,0.7134952031398099
1.2550000000000001,0.7519173057685895,0.7390391391725173,0.7288929643214406,0.7489163054351451,0.7150124449224147,0.7396962988812252,0.7149241517755465
1.26,0.7552517505835279,0.7424356667437689,0.7325775258419474,0.7519173057685895,0.7164273309655094,0.7431195214382614,0.7163459735002295
1.2650000000000001,0.7575858619539847,0.7458084960585794,0.7359119706568856,0.7549349783261087,0.7178762623911001,0.7465151067504843,0.7177607038594767
1.27,0.760920306768923,0.7491733146951552,0.7395631877292431,0.7582527509169723,0.7192654475081944,0.7498829578797755,0.7191683782216203
1.2750000000000001,0.764921640546849,0.7524894017058074,0.7425641880626876,0.7622540846948983,0.7206876766730044,0.7532229847542339,0.7205690317785927
1.28,0.766588862954318,0.755838866542434,0.7462487495831944,0.7659219739913304,0.7220648457727489,0.7565351041071537,0.7219626995468058
1.285,0.7699233077692564,0.759094873466331,0.7492497499166388,0.768922974324775,0.7234553660028834,0.7598192394142913,0.7233494163680265
1.29,0.7722574191397132,0.7623902662248768,0.7529009669889963,0.7719239746582194,0.7248562333590672,0.7630753208294616,0.7247292169102477
1.295,0.7749249749916639,0.765576847270745,0.7559019673224409,0.7752750916972324,0.7262300646762135,0.766303285118529,0.7261021356685544
1.3,0.7775925308436146,0.7687470731818835,0.7592530843614538,0.778592864288096,0.7275935488673074,0.7695030755918394,0.7274682069659875
1.305,0.7789263087695899,0.771898273732218,0.7622540846948983,0.7822607535845282,0.728963708623596,0.7726746420351488,0.7288274649544001
1.31,0.7819273091030343,0.7749790470697435,0.7655885295098366,0.7849283094364788,0.7302961514365317,0.775817940639102,0.7301799436153131
1.315,0.7855951983994665,0.7780551475116324,0.7685728576192065,0.7875958652884295,0.7316679800841197,0.7789329339273139,0.7315256767607634
1.32,0.7875958652884295,0.7811562813230042,0.7715905301767255,0.7909303101033678,0.7330064309057318,0.7820195906831078,0.7328646980341497
1.325,0.7915971990663555,0.784163957221644,0.77459153051017,0.7936145381793931,0.7343308630404327,0.7850778858749621,0.7341970409110734
1.33,0.7982660886962321,0.787227707867922,0.7775925308436146,0.7966155385128376,0.735616910675264,0.7881078005807196,0.735522738700176
1.335,0.8026008669556519,0.7902417255534947,0.7809269756585528,0.7995998666222074,0.7369229850056792,0.7911093219106118,0.7368418245439713
1.34,0.8036012004001334,0.7931666244437173,0.7835778592864289,0.802267422474158,0.7382467495838615,0.7940824429291493,0.738154331419674
1.345,0.8059353117705902,0.7961032055730283,0.7862620873624542,0.8049516505501834,0.7395461483490832,0.7970271625759325,0.7394602921400244
1.35,0.808269423141047,0.7989887186285983,0.7892630876958986,0.808269423141047,0.7408672427011874,0.7999434855854348,0.7407597393541085
1.355,0.812270756918973,0.801880239692845,0.7919306435478493,0.8109536512170723,0.7421232502926398,0.8028314224058049,0.7420527055481743
1.36,0.8152717572524175,0.8047106793355551,0.7949149716572191,0.8139379793264422,0.743408630370951,0.8056909891167475,0.7433392230464442
1.365,0.8189396465488497,0.8075140829392249,0.7975991997332444,0.8172724241413805,0.744688669997107,0.808522207346527,0.7446193240119223
1.37,0.8219406468822941,0.8103668857253387,0.8006002000666889,0.8199399799933311,0.7459473478146367,0.8113251041881476,0.7458930404471997
1.375,0.8242747582527509,0.8131362439465127,0.8036012004001334,0.8226075358452818,0.7472547572580914,0.8140997121147581,0.7471604041952535
1.3800000000000001,0.8272757585861954,0.8158375114027001,0.8059353117705902,0.8256085361787262,0.7485484817928963,0.8168460688943343,0.7484214469402435
1.385,0.8296098699566522,0.8185023970285727,0.8089196398799601,0.8282760920306769,0.7498225134103753,0.8195642175036846,0.7496762002083039
1.3900000000000001,0.8316105368456153,0.8211699528805222,0.8116038679559854,0.8309436478826275,0.7511052232626075,0.822254206041831,0.7509246953683318
1.395,0.8342780926975658,0.8238478558585273,0.8142547515838613,0.833294431477159,0.7523445419410725,0.8249160876428107,0.7521669636327712
1.4000000000000001,0.8366122040680227,0.8264353049281363,0.816272090696899,0.8362954318106035,0.7535695081543706,0.8275499203879494,0.7534030360583935
1.405,0.839946648882961,0.8290227539977453,0.8192730910303434,0.8386128709569857,0.7548011499328605,0.8301557672176505,0.7546329435470737
1.41,0.8429476492164054,0.8316005234978217,0.8219406468822941,0.8412804268089363,0.7560214432505193,0.83273369584275,0.7558567168465629
1.415,0.8469489829943314,0.8340891742025468,0.8242747582527509,0.8436145381793931,0.7572110289682817,0.8352837786554812,0.7570743865512576
1.42,0.8499499833277759,0.836609200063686,0.8269423141047015,0.8462820940313438,0.7584379978511344,0.837806092640095,0.7582859831029636
1.425,0.8519506502167389,0.839118545020512,0.8296098699566522,0.8486328776258752,0.7596289186819358,0.8403007192831831,0.7594915367916579
1.43,0.8536178726242081,0.841565473442766,0.8322774258086029,0.8512837612537513,0.7608475431082955,0.8427677444837458,0.7606910777562454
1.435,0.8566188729576526,0.843991373834655,0.8346115371790597,0.8536178726242081,0.7620304532608619,0.8452072584630503,0.761884635985313
1.44,0.8592864288096032,0.8463945773048809,0.8369456485495165,0.855618539513171,0.7632207065351436,0.847619355674321,0.7630722413178782
1.445,0.8619539846615538,0.8487300237883771,0.8392797599199733,0.8579693231077025,0.7643986100138151,0.850004134712306,0.7642539234441365
1.45,0.8646215405135045,0.8511065249978217,0.8416138712904302,0.8603034344781594,0.7655788499403045,0.8523616982227611,0.7654297119062023
1.455,0.8659553184394798,0.8534543212769276,0.843947982660887,0.8626375458486162,0.7667437360668439,0.8546921528118927,0.7665996360988487
1.46,0.871623874624875,0.8557380321301629,0.8459486495498499,0.8649549849949983,0.7679106248629431,0.8569956089557991,0.7677637252702412
1.465,0.8742914304768256,0.8579957082791374,0.8486162054018006,0.8669723241080359,0.7690825203329359,0.859272180909952,0.7689220085226698
1.47,0.8749583194398133,0.8602333577325242,0.8509503167722574,0.8692897632544181,0.7702654304855023,0.8615219866187558,0.7700745148132762
1.475,0.8779593197732578,0.8624269484556235,0.8532844281427142,0.8713071023674558,0.7714119588077573,0.8637451476252235,0.7712212729547776
1.48,0.8799599866622208,0.8646121947222328,0.855618539513171,0.8733077692564187,0.772569835590842,0.8659417889808082,0.7723623116161873
1.485,0.8819606535511837,0.866775411623694,0.8579526508836278,0.8756252084028009,0.7736973385522894,0.8681120391554245,0.7734976593235312
1.49,0.8846282094031344,0.8689105911513368,0.8599366455485162,0.8779593197732578,0.7748265104050357,0.8702560299476982,0.7746273444605613
1.495,0.8862954318106036,0.8709953701617577,0.8622874291430477,0.8796265421807269,0.7759086195231595,0.8723738963954811,0.7757513952694647
1.5,0.8882960986995665,0.873091497633012,0.8642880960320106,0.8816272090696899,0.7770551478454123,0.8744657766866598,0.7768698398515702
1.5050000000000001,0.8906302100700233,0.8751348881392232,0.8662887629209737,0.8836278759586529,0.7781656281156114,0.8765318120703005,0.7779827061680507
1.51,0.8936312104034678,0.8772093200235904,0.8682894298099366,0.8852950983661221,0.7792687652640963,0.8785721467681554,0.7790900220406218
1.5150000000000001,0.8956318772924308,0.8792463687428668,0.8702900966988997,0.8876292097365789,0.7803628903995685,0.8805869278865701,0.7801918151522383
1.52,0.8966322107369123,0.8812547125318045,0.8729409803267757,0.8899633211070357,0.7814710342219516,0.8825763053288167,0.7812881130477852
1.5250000000000001,0.8979659886628877,0.8832129895817803,0.8749416472157386,0.8916472157385795,0.7825578162357094,0.8845404317078894,0.7823789431347672
1.53,0.9006335445148382,0.8851322145753627,0.8766088696232078,0.8942980993664554,0.7836175622104273,0.8864794622597888,0.783464332683993
1.5350000000000001,0.9029676558852952,0.8870460991167889,0.8786095365121708,0.8959653217739246,0.7846713001764679,0.8883935547573263,0.7845443088302579
1.54,0.9043014338112704,0.8889386218495912,0.8802934311437146,0.8979659886628877,0.7857500715119926,0.8902828694244757,0.785618898573022
1.545,0.9059686562187396,0.8908495023866829,0.8826275425141714,0.8996332110703568,0.786814156604087,0.8921475688513005,0.7866881287770848
1.55,0.9076358786262088,0.8926782734718726,0.8842947649216405,0.901300433477826,0.7878445300919471,0.8939878179094843,0.7877520261732569
1.555,0.9086362120706902,0.894464320939814,0.8862954318106036,0.9029843281093698,0.7888732346885068,0.8958037836684882,0.7888106173590288
1.56,0.9106368789596532,0.8962827448989504,0.8879459819939981,0.9049683227742581,0.7899266388762894,0.8975956353123637,0.7898639287992353
1.565,0.9119706568856285,0.8980484318930465,0.8896298766255418,0.9063021007002334,0.7909760377249532,0.899363544057242,0.790911986826717
1.57,0.9139713237745916,0.8997934246350385,0.891947315771924,0.9083027675891964,0.7919957303085002,0.9011076830695275,0.7919548176429796
1.575,0.9159719906635545,0.9015133840075492,0.8932644214738246,0.9096365455151717,0.7930254362398412,0.9028282273848142,0.7929924473188473
1.58,0.9176392130710237,0.9031992979975653,0.8949649883294432,0.9116372124041348,0.7940765039798057,0.9045253538275505,0.7940249017951165
1.585,0.9199733244414805,0.9048358128051361,0.8966155385128377,0.9129876625541847,0.7951105490285229,0.9061992409314716,0.7950522068832027
1.59,0.9219739913304434,0.9064783356213849,0.897949316438813,0.9146382127375792,0.7960951948947965,0.9078500688608213,0.7960743882657866
1.595,0.9233077692564188,0.908111846424617,0.8996332110703568,0.9166388796265422,0.7971195603739797,0.9094780193323824,0.797091471497456
1.6,0.9253084361453818,0.9097002971627852,0.9009669889963321,0.9176558852950983,0.7980968631185362,0.9110832755383343,0.7981034820053446
1.605,0.9266422140713572,0.9112290015924553,0.9026175391797266,0.9193231077025674,0.7991122165847063,0.9126660220699576,0.7991104450897679
1.61,0.9283094364788262,0.9128468248174822,0.9043014338112704,0.9209903301100366,0.8001192255943832,0.9142264448422011,0.8001123859248556
1.615,0.9286428809603201,0.9144242608730792,0.9062854284761588,0.9226408802934312,0.8011175563693061,0.9157647310191285,0.8011093295591803
1.62,0.9293097699233077,0.9159522977462295,0.9073024341447149,0.9243247749249749,0.8020831768747742,0.9172810689402631,0.8021013009163853
1.625,0.9303101033677893,0.9174773306150433,0.9092864288096032,0.9259753251083694,0.8030861805453339,0.9187756480478407,0.8030883247958059
1.6300000000000001,0.9319773257752584,0.9189569696405302,0.9106202067355785,0.9276425475158386,0.8040728290811654,0.9202486588149904,0.8040704258730906
1.635,0.9323107702567522,0.9204299331008232,0.9119706568856285,0.928976325441814,0.8050638167343752,0.9217002926748533,0.8050476287008175
1.6400000000000001,0.93297765921974,0.9218308004570095,0.9133044348116038,0.9303101033677893,0.8060644839571147,0.923130741950654,0.8060199577091081
1.645,0.9339779926642214,0.9232590376304957,0.9146382127375792,0.9313271090363454,0.8070321071321404,0.9245401997867359,0.8069874372062382
1.6500000000000001,0.9356452150716905,0.9246709196692546,0.9163054351450484,0.93297765921974,0.8080027343115024,0.9259288600805727,0.8079500913792459
1.655,0.9363121040346782,0.926040411869021,0.9176392130710237,0.9343114371457152,0.808986378842997,0.9272969174157665,0.8089079442945354
1.6600000000000001,0.9376458819606536,0.9273825342514884,0.9193064354784928,0.9356452150716905,0.8099396495528537,0.9286445669960426,0.8098610198984795
1.665,0.9389796598866289,0.9287663789164281,0.920973657885962,0.9366455485161721,0.8108845758062159,0.9299720045802496,0.810809342018018
1.67,0.9403134378126042,0.9300777936990007,0.9222907635878627,0.9379793264421474,0.8118101429205135,0.9312794264183756,0.8117529343612532
1.675,0.9419806602200733,0.9313745222381441,0.9236412137379126,0.9393131043681227,0.8127226926826793,0.932567029188586,0.812691820518043
1.68,0.9419806602200733,0.9326208502600644,0.9246248749583195,0.940646882294098,0.8136529326926125,0.9338350099352913,0.81362602396059
1.685,0.9436478826275425,0.933872184955879,0.9259753251083694,0.9419806602200733,0.8146075385155075,0.9350835660082533,0.8145555680440291
1.69,0.9449816605535178,0.9351021578430707,0.9273091030343448,0.9433144381460487,0.8155007291386087,0.9363128950027311,0.8154804760070107
1.695,0.9456485495165055,0.9363084324738198,0.9286428809603201,0.9443147715905301,0.8164159491268526,0.9375231947006787,0.8164007709722821
1.7,0.946648882960987,0.9375180448871671,0.9299599866622208,0.9453151050350117,0.8173248273281609,0.938714663012992,0.8173164759472653
1.705,0.9479826608869624,0.9387193128440204,0.9312937645881961,0.9463154384794932,0.8182220232903789,0.9398874979228163,0.8182276138246325
1.71,0.9493164388129376,0.9398701802836513,0.9323107702567522,0.9473324441480493,0.8191202205873768,0.941041897429911,0.8191342073828779
1.715,0.9499833277759253,0.9409636378626028,0.9336445481827276,0.9483161053684561,0.8200257610060894,0.9421780594960799,0.8200362792868878
1.72,0.9503167722574192,0.9421281902108849,0.934644881627209,0.9493331110370122,0.8209313014248012,0.943296181991667,0.8209338520885068
1.725,0.9509836612204068,0.9432079628811874,0.9359619873291097,0.9506502167389129,0.8218435174087051,0.9443964626431184,0.8218269482271016
1.73,0.9513171057019006,0.9443131026992304,0.9369789929976658,0.9516505501833945,0.8227216880101166,0.9454790989816151,0.8227155900301222
1.735,0.952650883627876,0.9453725148956881,0.9382960986995665,0.9523174391463821,0.8236041977289051,0.9465442882927726,0.82359979971366
1.74,0.9536512170723574,0.9464355986530053,0.9389796598866289,0.9536512170723574,0.8244676820868877,0.947592227567412,0.8244795993830032
1.745,0.9546515505168389,0.9474713125930203,0.9396465488496165,0.9543181060353451,0.8253274948840132,0.9486231134533987,0.8253550110331891
1.75,0.9556518839613204,0.9484749838200996,0.9409803267755918,0.9553184394798266,0.8262120072723605,0.9496371422085492,0.8262260565495548
1.7550000000000001,0.956652217405802,0.9494696430341659,0.9419806602200733,0.9560020006668889,0.8271061992302392,0.9506345096546052,0.8270927577082836
1.76,0.9573191063687896,0.9504653035830103,0.9429809936645549,0.9569856618872957,0.8279860387229514,0.9516154111322704,0.8279551361769495
1.7650000000000001,0.9576525508502834,0.9514322592015175,0.9443147715905301,0.9579859953317773,0.8288505244157129,0.952580041457311,0.8288132135150591
1.77,0.9579859953317773,0.9523875325809306,0.9453151050350117,0.9589863287762588,0.8297116723258774,0.9535285948777139,0.8296670111745905
1.7750000000000001,0.9593197732577526,0.9533311237212523,0.946648882960987,0.9596532177392464,0.8305771593534185,0.9544612650319013,0.83051655050053
1.78,0.9609869956652217,0.9542576921703294,0.9476492164054685,0.9603201067022341,0.831448988167894,0.9553782449079958,0.8313618527314045
1.7850000000000001,0.9613204401467156,0.9551916037411202,0.9483161053684561,0.9613204401467156,0.8323024591780832,0.9562797268041342,0.8322029389998141
1.79,0.9616538846282094,0.9560444071947909,0.9493164388129376,0.9619873291097032,0.8331332332666104,0.9571659022898227,0.8330398303329594
1.795,0.9619873291097032,0.9569169035657876,0.9503167722574192,0.9629876625541848,0.8339463171073707,0.9580369621683305,0.833872547653167
1.8,0.9629876625541848,0.9577757150281335,0.9509836612204068,0.9639879959986662,0.8347296946830131,0.9588930964401139,0.8347011117784134
1.805,0.9636545515171724,0.9586138322383735,0.9519839946648883,0.9646548849616539,0.8355604687715402,0.9597344942672679,0.8355255434228451
1.81,0.9643214404801601,0.9594549534529525,0.952650883627876,0.9653217739246416,0.8363695472731821,0.9605613439389953,0.836345863197296
1.815,0.9649883294431477,0.9602636981763355,0.9536512170723574,0.966322107369123,0.837209333374722,0.961373832838091,0.837162091609803
1.82,0.9649883294431477,0.9610897993692247,0.9546515505168389,0.9666722240746916,0.8380167429850659,0.9621721474084295,0.8379742490661193
1.825,0.966322107369123,0.9619038845447633,0.9553184394798266,0.9676558852950984,0.8388341659432023,0.9629564731234524,0.8387823558702232
1.83,0.9666555518506169,0.9626916012377827,0.9559853284428143,0.968322774258086,0.8396078639493115,0.9637269944556455,0.8395864322248272
1.835,0.9676558852950984,0.9634496116656832,0.9569856618872957,0.9689896632210737,0.840416608672694,0.9644838948469986,0.8403864982318819
1.84,0.968322774258086,0.9641705727067513,0.9576525508502834,0.9699899966655552,0.8412256871743362,0.9652273566804396,0.8411825738930794
1.845,0.9693231077025676,0.9649052186564693,0.9583194398132711,0.9703401133711237,0.8420417750194349,0.9659575612522333,0.8419746791103522
1.85,0.9696565521840613,0.9656415334974862,0.9593197732577526,0.9709903301100367,0.8428398388385044,0.966674688745337,0.8427628336863724
1.855,0.9699899966655552,0.9663598243124765,0.9599866622207403,0.9716572190730244,0.8436165408489522,0.9673789182037031,0.8435470573250452
1.86,0.9706568856285428,0.9670857920274415,0.9606535511837279,0.972324108036012,0.8444196113419196,0.9680704275075186,0.8443273696320027
1.865,0.9716572190730244,0.9678037490641711,0.9613204401467156,0.9729909969989997,0.8451926417915092,0.9687493933493739,0.845103790115093
1.87,0.972324108036012,0.9684903309444838,0.962320773591197,0.9739913304434812,0.8459623344585002,0.9694159912113475,0.8458763381848686
1.875,0.9726575525175059,0.9691825870552112,0.9629876625541848,0.9746582194064688,0.8467153382125042,0.9700703953429989,0.8466450331550716
1.8800000000000001,0.974324774924975,0.9698221062008978,0.9636545515171724,0.9749916638879627,0.8474766864230016,0.97071277874026,0.8474098942431161
1.885,0.9749916638879627,0.9704582875639878,0.9643214404801601,0.9756585528509503,0.8482393697465379,0.9713433131252095,0.8481709405705694
1.8900000000000001,0.9753251083694565,0.9710821191314661,0.9653217739246416,0.9760086695565188,0.84900872863527,0.9719621689267264,0.8489281911636292
1.895,0.9759919973324441,0.9717039480293862,0.9659886628876292,0.9766588862954318,0.8497403705806504,0.9725695152620052,0.8496816649535996
1.9000000000000001,0.9766588862954318,0.9723221053664519,0.9666555518506169,0.9773257752584195,0.8504893689955362,0.9731655199189251,0.8504313807773649
1.905,0.9766588862954318,0.9729118915514374,0.9673224408136045,0.9779926642214072,0.8512440416408398,0.9737503493392613,0.8511773573778596
1.9100000000000001,0.9773257752584195,0.9734929995016696,0.9679893297765922,0.9783261087029009,0.8519723458036236,0.9743241686027261,0.8519196134045376
1.915,0.9779926642214072,0.9740867910257717,0.9686562187395799,0.9789929976658887,0.8527140010967961,0.9748871414118279,0.852658167413838
1.92,0.9779926642214072,0.9746405291587047,0.9693231077025676,0.9796598866288763,0.8534846950985676,0.975439430077537,0.8533930378696498
1.925,0.9783261087029009,0.9751872579481824,0.9696565521840613,0.980326775591864,0.8542226788308817,0.975981195505747,0.8541242431437727
1.93,0.9786595531843948,0.9757466703115287,0.970323441147049,0.9806602200733577,0.854949647880625,0.9765125971845163,0.8548518015163763
1.935,0.9799933311103701,0.9762540132663535,0.9709903301100367,0.9809936645548516,0.8556859627216417,0.9770337931720826,0.855575731176458
1.94,0.9799933311103701,0.9767623575559573,0.9713237745915305,0.9813271090363455,0.8563538530194083,0.977544940085632,0.856296050222297
1.945,0.9799933311103701,0.9772760422977179,0.9719906635545181,0.9819939979993331,0.8570851611865279,0.9780461930908174,0.8570127766619071
1.95,0.9799933311103701,0.9777807150264631,0.9726575525175059,0.9823274424808269,0.8578124640145304,0.9785377058920063,0.8577259284134864
1.955,0.9806602200733577,0.9782777108552358,0.9733244414804935,0.9826608869623208,0.8585434384033906,0.9790196307232517,0.858435523305866
1.96,0.9806602200733577,0.9787730377927083,0.9736578859619873,0.9833277759253084,0.8592417025227961,0.9794921183399687,0.8591415790789549
1.965,0.9813271090363455,0.9792543460432718,0.974324774924975,0.9839946648882961,0.8599563217769288,0.9799553180113086,0.8598441133841846
1.97,0.9823274424808269,0.9797223031634451,0.9746582194064688,0.98432810936979,0.8606572561224118,0.9804093775132123,0.8605431437849491
1.975,0.9823274424808269,0.9801652269141382,0.9753251083694565,0.9846615538512837,0.8613688713722055,0.9808544431221368,0.8612386877570448
1.98,0.9826608869623208,0.9805988048735589,0.9756585528509503,0.9849949983327776,0.862059458591637,0.9812906596094351,0.8619307626891072
1.985,0.9829943314438147,0.9810360543938363,0.976325441813938,0.9853284428142715,0.8627630631631975,0.9817181702363835,0.8626193858830458
1.99,0.9829943314438147,0.9814462678750749,0.9769923307769256,0.9856618872957652,0.8634089240958193,0.9821371167498377,0.8633045745544762
1.995,0.9839946648882961,0.9818384573302867,0.9773257752584195,0.9859953317772591,0.8640925019717942,0.9825476393785078,0.8639863458331508
2.0,0.9839946648882961,0.982257015268019,0.9776592197399133,0.9863287762587529,0.8647490438087296,0.982949876829839,0.8646647167633873
2.005,0.9853284428142715,0.9826702327535957,0.9779926642214072,0.9866788929643214,0.8654349581325229,0.9833439662874862,0.8653397043044941
2.0100000000000002,0.9856618872957652,0.9830654262131445,0.9786595531843948,0.9870123374458152,0.8661255453519533,0.9837300434093658,0.8660113253311951
2.015,0.9856618872957652,0.9834449320944849,0.9789929976658887,0.9876625541847283,0.8667964396540587,0.9841082423262771,0.8666795966340506
2.02,0.9856618872957652,0.9838094179541369,0.9796432144048016,0.9879959986662221,0.86744563836928,0.9844786956410768,0.8673445349198783
2.025,0.9863287762587529,0.9841842509398412,0.9796598866288763,0.9883294431477159,0.8681165326713851,0.9848415344283958,0.8680061568121697
2.0300000000000002,0.9863287762587529,0.9845560799212065,0.9799933311103701,0.9886628876292097,0.8687947700952046,0.9851968882348836,0.868664478851507
2.035,0.9866622207402468,0.9849138902156626,0.9806602200733577,0.9889963321107036,0.8694352905756714,0.9855448850799705,0.8693195174959749
2.04,0.9869956652217405,0.9852580156014681,0.9809936645548516,0.9890130043347782,0.8701178671168681,0.9858856514571334,0.8699712891215741
2.045,0.9869956652217405,0.985598135648157,0.9813271090363455,0.9896632210736912,0.8707670658320883,0.9862193123356504,0.8706198100226289
2.05,0.9873291097032344,0.9859352516905072,0.9819939979993331,0.9896632210736912,0.8713905636213081,0.9865459911628383,0.8712650964121957
2.055,0.9876625541847283,0.9862703650632977,0.9819939979993331,0.9899966655551851,0.8720594552538524,0.9868658098667518,0.8719071644224681
2.06,0.9876625541847283,0.9865984690926345,0.9826608869623208,0.9903301100366789,0.8726959703952031,0.98717888885934,0.8725460301051793
2.065,0.9883294431477159,0.9869262393437098,0.9826608869623208,0.9906635545181727,0.8733144615105265,0.9874853470400434,0.8731817094320049
2.07,0.9883294431477159,0.9872439962469931,0.9833277759253084,0.9909969989996665,0.8739679993431233,0.9877853017998203,0.8738142182949612
2.075,0.9883294431477159,0.987546733128588,0.9836445481827276,0.9913304434811604,0.8745978389192768,0.9880788690255904,0.8744435725068028
2.08,0.9886628876292097,0.9878414593319496,0.9836612204068023,0.9913304434811604,0.8752139935867835,0.9883661631050852,0.8750697878014175
2.085,0.9889963321107036,0.9881258384092596,0.98432810936979,0.9916638879626543,0.875820802463015,0.9886472969320906,0.8756928798342206
2.09,0.9896632210736912,0.9884202308343615,0.9846615538512837,0.991997332444148,0.8764509758174301,0.9889223819120728,0.8763128641825452
2.095,0.9903301100366789,0.9886939290073591,0.9849949983327776,0.9920140046682226,0.8770741398283909,0.9891915279681723,0.8769297563460323
2.1,0.9906635545181727,0.988957280054304,0.9853284428142715,0.9923307769256419,0.8776652611264153,0.9894548435475585,0.8775435717470181
2.105,0.9906635545181727,0.9892139555360545,0.9856452150716906,0.9926642214071357,0.878286756246076,0.9897124356281312,0.8781543257309197
2.11,0.9906635545181727,0.9894569461091551,0.9859953317772591,0.9926808936312104,0.8789032446918409,0.9899644097255562,0.8787620335666183
2.115,0.9906635545181727,0.9896965988996593,0.9863287762587529,0.9929976658886296,0.8794880242029285,0.990210869900628,0.8793667104468418
2.12,0.9906635545181727,0.9899365854684227,0.9866622207402468,0.9933311103701233,0.8801011748660966,0.9904519187669439,0.8799683714885432
2.125,0.9909969989996665,0.9901822462676021,0.9869956652217405,0.9936645548516172,0.8807003068423542,0.9906876574988824,0.8805670317332803
2.13,0.9909969989996665,0.9904142221581322,0.9869956652217405,0.9936645548516172,0.8812817485708448,0.990918185839872,0.8811627061475904
2.1350000000000002,0.9916638879626543,0.9906471993834413,0.9869956652217405,0.9939979993331111,0.8818772089862448,0.9911436021109418,0.8817554096233646
2.14,0.991997332444148,0.9908845157261273,0.9876458819606536,0.9939979993331111,0.8824526427060605,0.9913640032195423,0.8823451569782208
2.145,0.9929976658886296,0.991103474264527,0.9876625541847283,0.9943314438146049,0.8830504395692792,0.9915794846686268,0.8829319629558736
2.15,0.9933311103701233,0.9913261043637841,0.9879959986662221,0.9943314438146049,0.8836362204151461,0.991790140565981,0.883515842226503
2.1550000000000002,0.9939979993331111,0.991531377993534,0.9879959986662221,0.9943314438146049,0.8842176621436365,0.9919960636337949,0.8840968093871213
2.16,0.9939979993331111,0.9917483338623754,0.9883294431477159,0.9946648882960987,0.8848097847764405,0.9921973452184614,0.8846748789619375
2.165,0.9943314438146049,0.9919502697095274,0.9886628876292097,0.9946648882960987,0.8853782091528005,0.9923940753005966,0.8852500654027212
2.17,0.9943314438146049,0.9921502028871211,0.988979659886629,0.9946815605201733,0.8859810126899156,0.9925863425052701,0.8858223830891635
2.1750000000000003,0.9946648882960987,0.9923594818559878,0.9893131043681228,0.9949983327775925,0.8865267401446133,0.9927742341124338,0.8863918463292363
2.18,0.9946648882960987,0.9925550759162042,0.9896632210736912,0.9953317772590864,0.8871141898817794,0.992957836067545,0.8869584693595501
2.185,0.9949983327775925,0.9927379864025501,0.9896632210736912,0.9953317772590864,0.8876816129233609,0.9931372329923678,0.8875222663457104
2.19,0.9949983327775925,0.9929218982236753,0.9899966655551851,0.9956652217405801,0.8882597168692538,0.9933125081959508,0.8880832513826711
2.195,0.9953317772590864,0.9931028060404624,0.9899966655551851,0.9956652217405801,0.8888268061325759,0.9934837436857653,0.8886414384950874
2.2,0.9953317772590864,0.9932706965051191,0.9903301100366789,0.9956652217405801,0.8893848833828836,0.9936510201790003,0.8891968416376661
2.205,0.9953317772590864,0.9934379194132554,0.9906635545181727,0.995998666222074,0.8899399566288534,0.9938144171140035,0.8897494746955148
2.21,0.9956652217405801,0.9935977991996776,0.9906635545181727,0.995998666222074,0.8905030405530584,0.9939740126618601,0.8902993514844886
2.215,0.9956652217405801,0.9937469980817869,0.9909969989996665,0.9963321107035679,0.8910440951121182,0.9941298837381006,0.8908464857515359
2.22,0.995998666222074,0.9939125520986246,0.9909969989996665,0.9963321107035679,0.8916168586058549,0.9942821060145306,0.891390891175042
2.225,0.995998666222074,0.9940680927676688,0.9913304434811604,0.9963321107035679,0.8921442282562667,0.9944307539311732,0.8919325813651707
2.23,0.9963321107035679,0.9942169578715178,0.9913304434811604,0.9963321107035679,0.8926956299413784,0.9945759007083178,0.8924715698642051
2.235,0.9963321107035679,0.9943608163014709,0.9916638879626543,0.9966655551850617,0.8932443614004133,0.994717618358665,0.8930078701468855
2.24,0.9966655551850617,0.9944953289401505,0.991997332444148,0.9966655551850617,0.8938027724289829,0.994855977699564,0.8935414956207473
2.245,0.9966655551850617,0.9946405224831429,0.991997332444148,0.9966822274091364,0.894326136740276,0.9949910483653304,0.8940724596264547
2.25,0.9966655551850617,0.9947686933348876,0.9923307769256419,0.9969989996665555,0.8948641872949977,0.9951228988196408,0.8946007754381357
2.255,0.9966655551850617,0.994908880203983,0.9923307769256419,0.9973324441480493,0.8953888867193309,0.9952515963679961,0.8951264562637131
2.2600000000000002,0.9966655551850617,0.9950417239513636,0.9926642214071357,0.9973324441480493,0.8958978985654551,0.9953772071702457,0.8956495152452351
2.265,0.9966655551850617,0.9951742339204843,0.9926642214071357,0.9973324441480493,0.8963925579464103,0.9954997962531662,0.896169965459203
2.27,0.9966655551850617,0.9952973980983322,0.9929976658886296,0.9973324441480493,0.8969115831403265,0.99561942752309,0.8966878199168998
2.275,0.9966655551850617,0.9954192271631409,0.9929976658886296,0.9976658886295432,0.8974246003255678,0.995736163778573,0.8972030915647136
2.2800000000000002,0.9966655551850617,0.9955387197801316,0.9933311103701233,0.9976658886295432,0.8979145868108861,0.9958500667231005,0.8977157932844626
2.285,0.9966655551850617,0.9956478652710694,0.9933311103701233,0.9976658886295432,0.8984145866439971,0.9959611969778205,0.8982259378937163
2.29,0.9966655551850617,0.9957506689750724,0.9933311103701233,0.9976658886295432,0.8989366158422516,0.9960696140943003,0.8987335381461166
2.295,0.9966655551850617,0.9958648211399068,0.9936478826275426,0.9979993331110371,0.8994312752232061,0.9961753765673022,0.8992386067316963
2.3000000000000003,0.9966655551850617,0.995983312422118,0.9936645548516172,0.9979993331110371,0.8999316088345772,0.9962785418475695,0.8997411562771963
2.305,0.9969989996665555,0.9960901214652379,0.9936645548516172,0.9979993331110371,0.9004299397763879,0.9963791663546189,0.9002411993463814
2.31,0.9973324441480493,0.9961922576127219,0.9939979993331111,0.9983327775925308,0.900929939609499,0.9964773054895343,0.9007387484403544
2.315,0.9973324441480493,0.9962937262036858,0.9939979993331111,0.9983327775925308,0.901460647042507,0.9965730136477557,0.9012338159978684
2.32,0.9973324441480493,0.9963845138903382,0.9943314438146049,0.9983327775925308,0.9019506335278256,0.9966663442318595,0.9017264143956385
2.325,0.9973324441480493,0.9964763029117698,0.9943314438146049,0.9983327775925308,0.9024289377740519,0.996757349664323,0.9022165559486499
2.33,0.9976658886295432,0.9965747674983965,0.9946648882960987,0.9983327775925308,0.9029155864767726,0.9968460814002702,0.9027042529104672
2.335,0.9976658886295432,0.9966678916328674,0.9946648882960987,0.9986662220740247,0.9033872151578055,0.996932589940195,0.9031895174735398
2.34,0.9976658886295432,0.996755675315182,0.9946648882960987,0.9986662220740247,0.9038745314170463,0.9970169248426538,0.9036723617695069
2.345,0.9979993331110371,0.9968417901061981,0.9949816605535179,0.9986662220740247,0.9043608463415074,0.9970991347369268,0.9041527978695013
2.35,0.9979993331110371,0.9969302413450332,0.9949983327775925,0.9986662220740247,0.9048354790268777,0.9971792673356418,0.9046308377844504
2.355,0.9979993331110371,0.9970173574708288,0.9949983327775925,0.9986662220740247,0.9052954254688177,0.9972573694473564,0.9051064934653769
2.36,0.9979993331110371,0.9971081451574813,0.9949983327775925,0.9986662220740247,0.9057847443976162,0.9973334869890969,0.9055797768036976
2.365,0.9979993331110371,0.997179573705069,0.9953317772590864,0.9986662220740247,0.9062326748222057,0.9974076649988448,0.9060506996315209
2.37,0.9979993331110371,0.99725934670915,0.9953317772590864,0.9989996665555185,0.9066836092511329,0.9974799476479747,0.9065192737219415
2.375,0.9979993331110371,0.9973457952784263,0.9953317772590864,0.9989996665555185,0.9071552379321645,0.9975503782536324,0.9069855107893365
2.38,0.9979993331110371,0.9974205616086111,0.9956652217405801,0.9989996665555185,0.9076392164088073,0.9976189992910559,0.9074494224896568
2.3850000000000002,0.9983327775925308,0.9974839794779644,0.9956652217405801,0.9989996665555185,0.908083475272539,0.9976858524058317,0.9079110204207188
2.39,0.9983327775925308,0.997551068908175,0.9956652217405801,0.9989996665555185,0.9085474270535963,0.997750978426086,0.9083703161224952
2.395,0.9983327775925308,0.9976208285644638,0.9956652217405801,0.9990163387795932,0.9090150503955104,0.9978144173746053,0.9088273210774022
2.4,0.9983327775925308,0.9976845802120766,0.9959819939979994,0.9993331110370124,0.9094656510461772,0.9978762084808865,0.9092820467105875
2.4050000000000002,0.9983327775925308,0.9977513358640276,0.995998666222074,0.9993331110370124,0.9099165854751037,0.9979363901931103,0.9097345043902157
2.41,0.9983327775925308,0.9978150875116403,0.995998666222074,0.9993331110370124,0.9103718590214078,0.9979950001900375,0.9101847054277523
2.415,0.9983327775925308,0.9978745000418763,0.995998666222074,0.9993331110370124,0.9108267987894514,0.9980520753928251,0.9106326610782468
2.42,0.9986662220740247,0.99793725035471,0.995998666222074,0.9993331110370124,0.9112737278792623,0.9981076519767592,0.9110783825406137
2.4250000000000003,0.9986662220740247,0.9979963291066858,0.9963321107035679,0.9993331110370124,0.9117069720604234,0.9981617653829022,0.9115218809579128
2.43,0.9986662220740247,0.9980527376325843,0.9963321107035679,0.9993331110370124,0.9121549024850124,0.9982144503296534,0.9119631674176274
2.435,0.9986662220740247,0.9981094799367424,0.9963321107035679,0.9993331110370124,0.9125771319836017,0.9982657408242188,0.9124022529519423
2.44,0.9986662220740247,0.9981618831235238,0.9963321107035679,0.9996665555185061,0.9130020317082683,0.9983156701739905,0.9128391485380187
2.445,0.9986662220740247,0.998209279636409,0.9963321107035679,0.9996665555185061,0.913441283898105,0.9983642709978306,0.9132738650982688
2.45,0.9986662220740247,0.998261015266671,0.9966655551850617,0.9996665555185061,0.9138738605227456,0.9984115752372614,0.9137064135006295
2.455,0.9986662220740247,0.9983140860099718,0.9966655551850617,0.9996665555185061,0.9142957562430739,0.9984576141675565,0.9141368045588332
2.46,0.9986662220740247,0.9983634851924157,0.9966655551850617,0.9996665555185061,0.91473267198509,0.9985024184087347,0.9145650490326788
2.465,0.9986662220740247,0.9984092128140022,0.9969989996665555,0.9996665555185061,0.9151552352619385,0.9985460179364513,0.9149911576283004
2.47,0.9986662220740247,0.9984512688747313,0.9969989996665555,0.9996665555185061,0.9155798012083459,0.9985884420927894,0.9154151409984354
2.475,0.9986662220740247,0.9984956613832786,0.9969989996665555,0.9996665555185061,0.9160057022677907,0.998629719596947,0.9158370097426897
2.48,0.9986662220740247,0.9985423903396441,0.9969989996665555,0.9996665555185061,0.9164332722185345,0.9986698785558183,0.9162567744078041
2.485,0.9986662220740247,0.9985791059482169,0.9973324441480493,0.9996665555185061,0.9168541666040836,0.9987089464744717,0.916674445487917
2.49,0.9986662220740247,0.9986194931176473,0.9973324441480493,0.9996665555185061,0.9172727245418142,0.9987469502665179,0.9170900334248273
2.495,0.9986662220740247,0.9986535385001424,0.9973324441480493,0.9996665555185061,0.9176635788839838,0.9987839162643725,0.917503548608255
2.5,0.9986662220740247,0.9986992661217288,0.9973324441480493,0.9996665555185061,0.9180594399000518,0.9988198702294078,0.9179150013761012
2.505,0.9986662220740247,0.9987356479520422,0.9976658886295432,0.9996665555185061,0.9184452875683272,0.9988548373619962,0.9183244020147066
2.5100000000000002,0.9989996665555185,0.9987713622258357,0.9976658886295432,0.9996665555185061,0.9188605077234616,0.9988888423114423,0.9187317607591083
2.515,0.9993331110370124,0.9988100805039675,0.9976658886295432,0.9996665555185061,0.919263044304724,0.998921909185803,0.9191370877932963
2.52,0.9993331110370124,0.9988548067907747,0.9976658886295432,0.9996832277425808,0.9196802671294156,0.9989540615615979,0.9195403932504675
2.525,0.9993331110370124,0.99888851839501,0.9976658886295432,0.9996832277425808,0.920086809049796,0.9989853224934041,0.9199416872132795
2.5300000000000002,0.9993331110370124,0.9989235651122845,0.9976658886295432,1.0,0.9204860078484615,0.9990157145233405,0.920340979714102
2.535,0.9993331110370124,0.9989579442730394,0.9976658886295432,1.0,0.9208738581862955,0.999045259690438,0.9207382807352684
2.54,0.9993331110370124,0.9989893194294566,0.9979826608869624,1.0,0.921286408115351,0.9990739795398951,0.9211336002093251
2.545,0.9993331110370124,0.9990156879119773,0.9979993331110371,1.0,0.9216699193358082,0.9991018951322205,0.9215269480192793
2.5500000000000003,0.9993331110370124,0.9990440590640566,0.9979993331110371,1.0,0.9220614412344994,0.9991290270522605,0.9219183339988468
2.555,0.9993331110370124,0.9990714288813565,0.9979993331110371,1.0,0.9224609738114249,0.9991553954181126,0.9223077679326976
2.56,0.9996665555185061,0.9990964622508383,0.9979993331110371,1.0,0.9228468214797001,0.9991810198899245,0.9226952595567003
2.565,0.9996665555185061,0.9991201605072808,0.9979993331110371,1.0,0.9232276624740786,0.9992059196785773,0.9230808185581655
2.57,0.9996665555185061,0.9991435249854639,0.9979993331110371,1.0,0.9236041643510803,0.999230113554256,0.9234644545760885
2.575,0.9996665555185061,0.9991695596897247,0.9979993331110371,1.0,0.9239783297802643,0.9992536198549038,0.9238461772013897
2.58,0.9996665555185061,0.9991925903896478,0.9979993331110371,1.0,0.9243374751877588,0.9992764564945624,0.9242259959771545
2.585,0.9996665555185061,0.9992219628765066,0.9979993331110371,1.0,0.924727995751671,0.9992986409715986,0.9246039203988723
2.59,0.9996665555185061,0.9992456611329492,0.9983327775925308,1.0,0.9251131758634266,0.9993201903768155,0.9249799599146731
2.595,0.9996665555185061,0.9992670229415734,0.9983327775925308,1.0,0.9254773279448181,0.9993411214014513,0.9253541239255645
2.6,0.9996665555185061,0.9992893860849773,0.9983327775925308,1.0,0.9258548311565984,0.9993614503450633,0.9257264217856661
2.605,0.9996665555185061,0.9993117492283811,0.9983327775925308,1.0,0.926233669481418,0.9993811931232999,0.9260968628024441
2.61,0.9996665555185061,0.9993341123717847,0.9983327775925308,1.0,0.9266075011323412,0.9994003652755584,0.9264654562369429
2.615,0.9996665555185061,0.9993497999499933,0.9983327775925308,1.0,0.9269636425354981,0.9994189819725319,0.9268322113040178
2.62,0.9996665555185061,0.9993671564195007,0.9983327775925308,1.0,0.9273307986212271,0.9994370580236428,0.9271971371725645
2.625,0.9996665555185061,0.9993881844498653,0.9983327775925308,1.0,0.9276939493678396,0.9994546078843661,0.9275602429657486
2.63,0.9996665555185061,0.9994078773671909,0.9983327775925308,1.0,0.9280647770144252,0.9994716456634417,0.9279215377612339
2.6350000000000002,0.9996665555185061,0.9994275702845166,0.99864954984995,1.0,0.9284095699567507,0.9994881851299751,0.9282810305914092
2.64,0.9996665555185061,0.9994442591975043,0.9986662220740247,1.0,0.9287640424686094,0.9995042397204301,0.9286387304436139
2.645,0.9996665555185061,0.9994646196713496,0.9986662220740247,1.0,0.9291238554326239,0.9995198225455121,0.928994646260363
2.65,0.9996665555185061,0.9994833112538961,0.9986662220740247,1.0,0.9294773266097036,0.999534946396942,0.9293487869395705
2.6550000000000002,0.9996665555185061,0.9995000001668839,0.9986662220740247,1.0,0.9298287951172245,0.9995496237541236,0.9297011613347715
2.66,0.9996665555185061,0.9995170228581314,0.9986662220740247,1.0,0.9301842689638624,0.999563866790704,0.9300517782553447
2.665,0.9996665555185061,0.9995307077667814,0.9986662220740247,1.0,0.9305207174496936,0.9995776873810266,0.9304006464667309
2.67,0.9996665555185061,0.9995453940102107,0.9986662220740247,1.0,0.9308668455050593,0.999591097106481,0.9307477746906541
2.6750000000000003,0.9996665555185061,0.9995600802536401,0.9986662220740247,1.0,0.9312356704820867,0.9996041072617461,0.9310931716053374
2.68,0.9996665555185061,0.9995740989405497,0.9986662220740247,1.0,0.9315744554157362,0.9996167288609308,0.9314368458457221
2.685,0.9996665555185061,0.9995867825144206,0.9986662220740247,1.0,0.9319245888102191,0.9996289726436114,0.9317788060036819
2.69,0.9996665555185061,0.9996001336448109,0.9986662220740247,1.0,0.9322566981786738,0.9996408490807672,0.9321190606282386
2.695,0.9996665555185061,0.9996114821056425,0.9986662220740247,1.0,0.9326014911209991,0.9996523683806149,0.9324576182257754
2.7,0.9996665555185061,0.9996255007925524,0.9989996665555185,1.0,0.9329512907372209,0.9996635404943427,0.9327944872602503
2.705,1.0,0.9996381843664232,0.9989996665555185,1.0,0.9332967512360658,0.9996743751217457,0.9331296761534063
2.71,1.0,0.9996515354968134,0.9989996665555185,1.0,0.9336221850393253,0.9996848817167625,0.9334631932849832
2.715,1.0,0.9996642190706841,0.9989996665555185,1.0,0.933944948616505,0.9996950694929142,0.9337950469929268
2.72,1.0,0.999678237757594,0.9989996665555185,1.0,0.9342817308805964,0.999704947428648,0.9341252455735971
2.725,1.0,0.9996885848836464,0.9989996665555185,1.0,0.9346084997968955,0.9997145242725852,0.9344537972819756
2.73,1.0,0.9996985982314391,0.9989996665555185,1.0,0.9349215838045443,0.9997238085486735,0.9347807103318725
2.735,1.0,0.9997049400183745,0.9989996665555185,1.0,0.9352443473817263,0.9997328085612485,0.9351059928961307
2.74,1.0,0.999716622257466,0.9989996665555185,1.0,0.9355767905284409,0.9997415324000001,0.9354296531068316
2.745,1.0,0.9997246329357002,0.9989996665555185,1.0,0.9358988865491034,0.9997499879448503,0.9357516990554969
2.75,1.0,0.9997353138400125,0.9989996665555185,1.0,0.9362213163480242,0.9997581828707384,0.9360721387932924
2.755,1.0,0.9997459947443248,0.9989996665555185,1.0,0.9365434123686861,0.999766124652319,0.9363909803312283
2.7600000000000002,1.0,0.9997550067573381,0.9989996665555185,1.0,0.9368595003806728,0.9997738205685704,0.9367082316403593
2.765,1.0,0.9997620161007931,0.9989996665555185,1.0,0.9371785923969973,0.9997812777073171,0.9370239006519849
2.77,1.0,0.9997696930007675,0.9989996665555185,1.0,0.9374893399568278,0.9997885029696651,0.9373379952578469
2.775,1.0,0.9997763685659626,0.9989996665555185,1.0,0.9378037590775155,0.9997955030743542,0.9376505233103266
2.7800000000000002,1.0,0.9997857143572357,0.9989996665555185,1.0,0.9381251875416584,0.9998022845620239,0.9379614926226417
2.785,1.0,0.9997947263702492,0.9993331110370124,1.0,0.9384402742188661,0.9998088537993991,0.9382709109690412
2.79,1.0,0.9998010681571846,0.9993331110370124,1.0,0.9387410084309041,0.9998152169833927,0.9385787860849999
2.795,1.0,0.9998057410528212,0.9993331110370124,1.0,0.9390420764212025,0.9998213801451278,0.9388851256674117
2.8000000000000003,1.0,0.9998090788354188,0.9993331110370124,1.0,0.9393474835288776,0.9998273491538807,0.9391899373747821
2.805,1.0,0.9998154206223542,0.9993331110370124,1.0,0.9396625702060862,0.999833129720946,0.9394932288274196
2.81,1.0,0.9998247664136274,0.9993331110370124,1.0,0.9399683110920206,0.9998387274034227,0.9397950076076265
2.815,1.0,0.999828104196225,0.9993331110370124,1.0,0.9402590319562659,0.999844147607927,0.9400952812598878
2.82,1.0,0.9998317757570824,0.9993331110370124,1.0,0.9405564283857063,0.999849395594226,0.9403940572910606
2.825,1.0,0.9998384513222774,0.9993331110370124,1.0,0.940849819476028,0.999854476478802,0.9406913431705612
2.83,1.0,0.9998421228831348,0.9993331110370124,1.0,0.9411495523532869,0.9998593952383398,0.9409871463305521
2.835,1.0,0.9998477971135508,0.9993331110370124,1.0,0.9414482838957675,0.9998641567131445,0.9412814741661277
2.84,1.0,0.9998531375657068,0.9993331110370124,1.0,0.9417356669774152,0.9998687656104881,0.9415743340354992
2.845,1.0,0.9998568091265642,0.9993331110370124,1.0,0.9420550927719986,0.9998732265078856,0.9418657332601785
2.85,1.0,0.9998628171352397,0.9993331110370124,1.0,0.9423351327319326,0.9998775438563031,0.9421556791251615
2.855,1.0,0.9998661549178373,0.9993331110370124,1.0,0.9426185104744629,0.9998817219832989,0.9424441788791099
2.86,1.0,0.9998691589221751,0.9993331110370124,1.0,0.9428888708648636,0.9998857650960968,0.9427312397345327
2.865,1.0,0.9998741655960715,0.9993331110370124,1.0,0.9431932766377586,0.9998896772845945,0.943016868867966
2.87,1.0,0.9998775033786691,0.9993331110370124,1.0,0.9434806597194064,0.9998934625243083,0.9433010734201531
2.875,1.0,0.9998821762743056,0.9993331110370124,1.0,0.9437623685706376,0.9998971246792534,0.9435838604962227
2.88,1.0,0.9998875167264618,0.9993331110370124,1.0,0.9440297249567,0.9999006675047621,0.9438652371658662
2.8850000000000002,1.0,0.9998898531742801,0.9993331110370124,1.0,0.9443010866818796,0.9999040946502417,0.9441452104635154
2.89,1.0,0.9998938585133972,0.9993331110370124,1.0,0.9445921413243844,0.9999074096618702,0.944423787388517
2.895,1.0,0.9998965287394751,0.9993331110370124,1.0,0.9448648381626038,0.9999106159852349,0.9447009749053086
2.9,1.0,0.9999002003003324,0.9993331110370124,1.0,0.94513987144864,0.9999137169679112,0.9449767799435927
2.9050000000000002,1.0,0.9999038718611899,0.9993331110370124,1.0,0.945415572291196,0.9999167158619847,0.9452512093985097
2.91,1.0,0.9999062083090081,0.9993331110370124,1.0,0.9457026215945834,0.9999196158265174,0.9455242701308102
2.915,1.0,0.9999102136481253,0.9993331110370124,1.0,0.9459703117589059,0.9999224199299577,0.9457959689670266
2.92,1.0,0.9999135514307228,0.9993331110370124,1.0,0.946231326358033,0.9999251311524968,0.946066312699644
2.9250000000000003,1.0,0.9999182243263595,0.9993331110370124,1.0,0.9464933422919403,0.9999277523883722,0.9463353080872698
2.93,1.0,0.9999205607741777,0.9993331110370124,1.0,0.946772714695354,0.9999302864481172,0.9466029618548029
2.935,1.0,0.9999235647785155,0.9993331110370124,1.0,0.9470157052684549,0.999932736060761,0.9468692806936012
2.94,1.0,0.999925567448074,0.9996498832944315,1.0,0.9472720469719462,0.999935103875977,0.9471342712616496
2.945,1.0,0.999929906565451,0.9996665555185061,1.0,0.9475454113666856,0.9999373924661813,0.9473979401837261
2.95,1.0,0.9999319092350095,0.9996665555185061,1.0,0.9478171068701252,0.9999396043285839,0.9476602940515676
2.955,1.0,0.9999349132393474,0.9996665555185061,1.0,0.9480687756779804,0.999941741887191,0.9479213394240343
2.96,1.0,0.9999372496871656,0.9996665555185061,1.0,0.9483147702554194,0.9999438074947606,0.9481810828272742
2.965,1.0,0.9999392523567242,0.9996665555185061,1.0,0.9485641026154557,0.9999458034347132,0.9484395307548859
2.97,1.0,0.9999409212480229,0.9996665555185061,1.0,0.9488294563319598,0.9999477319229956,0.9486966896680809
2.975,1.0,0.9999435914741011,0.9996665555185061,1.0,0.9490791224702554,0.9999495951099019,0.9489525659958457
2.98,1.0,0.9999452603653998,0.9996665555185061,1.0,0.9493281210520319,0.9999513950818513,0.9492071661351015
2.985,1.0,0.9999475968132181,0.9996665555185061,1.0,0.9495871329816004,0.999953133863122,0.9494604964508653
2.99,1.0,0.9999485981479974,0.9996665555185061,1.0,0.9498464786894282,0.9999548134175448,0.9497125632764082
2.995,1.0,0.9999492657045168,0.9996665555185061,1.0,0.9500847963668922,0.9999564356501548,0.9499633729134137
3.0,1.0,0.9999512683740753,0.9996665555185061,1.0,0.9503321260573695,0.9999580024088045,0.950212931632136
3.005,1.0,0.9999529372653743,0.9996665555185061,1.0,0.9505774530782874,0.9999595154857361,0.9504612456715561
3.0100000000000002,1.0,0.9999539386001534,0.9996665555185061,1.0,0.9508227800992066,0.9999609766191161,0.9507083212395379
3.015,1.0,0.9999549399349327,0.9996665555185061,1.0,0.9510534208766963,0.9999623874945325,0.9509541645129833
3.02,1.0,0.9999562750479718,0.9996665555185061,1.0,0.9512990816758744,0.9999637497464544,0.951198781637987
3.025,1.0,0.9999579439392705,0.9996665555185061,1.0,0.9515547558228461,0.9999650649596564,0.95144217872999
3.0300000000000002,1.0,0.999959946608829,0.9996665555185061,1.0,0.9518141015306738,0.999966334670607,0.9516843618739322
3.035,1.0,0.999961281721868,0.9996665555185061,1.0,0.9520507503168385,0.9999675603688222,0.9519253371244049
3.04,1.0,0.9999639519479463,0.9996665555185061,1.0,0.9522850626551853,0.9999687434981852,0.9521651105058017
3.045,1.0,0.9999646195044658,0.9996665555185061,1.0,0.9525147020978953,0.9999698854582347,0.9524036880124697
3.0500000000000003,1.0,0.9999666221740243,0.9996665555185061,1.0,0.9527583602275157,0.9999709876054175,0.9526410756088591
3.055,1.0,0.9999669559522839,0.9996665555185061,1.0,0.953001684578876,0.9999720512543118,0.9528772792296721
3.06,1.0,0.9999679572870632,0.9996665555185061,1.0,0.953243340038937,0.9999730776788186,0.9531123047800115
3.065,1.0,0.999969626178362,0.9996665555185061,1.0,0.9534796550468424,0.9999740681133229,0.9533461581355284
3.0700000000000003,1.0,0.9999716288479206,0.9996665555185061,1.0,0.9537193078373454,0.9999750237538243,0.9535788451425687
3.075,1.0,0.9999732977392194,0.9996665555185061,1.0,0.9539616308539268,0.9999759457590397,0.9538103716183199
3.08,1.0,0.9999736315174791,0.9996665555185061,1.0,0.9541969445270534,0.9999768352514764,0.9540407433509558
3.085,1.0,0.9999739652957389,0.9996665555185061,1.0,0.9544449417740511,0.9999776933184787,0.9542699660997818
3.09,1.0,0.9999756341870377,0.9996665555185061,1.0,0.9546872647906317,0.9999785210132454,0.9544980455953784
3.095,1.0,0.9999769693000767,0.9996665555185061,1.0,0.954907558442069,0.9999793193558224,0.9547249875397451
3.1,1.0,0.9999783044131157,0.9996665555185061,1.0,0.9551482125673517,0.9999800893340687,0.9549507976064422
3.105,1.0,0.9999786381913754,0.9996665555185061,1.0,0.955372177779646,0.9999808319045962,0.9551754814407332
3.11,1.0,0.999979305747895,0.9996665555185061,1.0,0.9555887998702259,0.9999815479936861,0.9553990446597255
3.115,1.0,0.9999796395261548,0.9996665555185061,1.0,0.9558030855129882,0.9999822384981798,0.9556214928525113
3.12,1.0,0.9999806408609341,0.9996665555185061,1.0,0.956024714277465,0.9999829042863467,0.9558428315803071
3.125,1.0,0.9999809746391938,0.9996665555185061,1.0,0.9562369972506692,0.9999835461987286,0.9560630663765926
3.13,1.0,0.9999826435304926,0.9996665555185061,1.0,0.9564509491151708,0.9999841650489613,0.9562822027472491
3.1350000000000002,1.0,0.9999829773087523,0.9996665555185061,1.0,0.9566568903014397,0.9999847616245742,0.9565002461706973
3.14,1.0,0.9999839786435316,0.9996665555185061,1.0,0.9568848608528522,0.9999853366877692,0.9567172020980341
3.145,1.0,0.9999856475348304,0.9996665555185061,1.0,0.957102150499952,0.9999858909761772,0.9569330759531691
3.15,1.0,0.9999863150913499,0.9996665555185061,1.0,0.9573361290600394,0.9999864252035937,0.9571478731329598
3.1550000000000002,1.0,0.9999873164261291,0.9996665555185061,1.0,0.9575540862636585,0.9999869400606968,0.957361599007347
3.16,1.0,0.999987650204389,0.9996665555185061,1.0,0.957785728375927,0.9999874362157424,0.9575742589194887
3.165,1.0,0.999987650204389,0.9996665555185061,1.0,0.957988999336117,0.9999879143152428,0.9577858581858936
3.17,1.0,0.9999879839826488,0.9996665555185061,1.0,0.958201616087581,0.999988374984625,0.9579964020965545
3.1750000000000003,1.0,0.9999896528739475,0.9996665555185061,1.0,0.9583975439260556,0.9999888188288718,0.9582058959150801
3.18,1.0,0.9999896528739475,0.9996665555185061,1.0,0.9586041526688432,0.999989246433144,0.9584143448788268
3.185,1.0,0.9999899866522073,0.9996665555185061,1.0,0.9588191058681245,0.999989658363387,0.9586217541990296
3.19,1.0,0.999990320430467,0.9996665555185061,1.0,0.9590393995195612,0.9999900551669184,0.9588281290609323
3.1950000000000003,1.0,0.9999906542087268,0.9996665555185061,1.0,0.9592366624710755,0.9999904373730005,0.9590334746239171
3.2,1.0,0.999991655543506,0.9999833277759254,1.0,0.9594302538617321,0.9999908054933966,0.9592377960216338
3.205,1.0,0.999991655543506,0.9999833277759254,1.0,0.9596368626045187,0.9999911600229109,0.959441098362128
3.21,1.0,0.9999919893217658,1.0,1.0,0.9598454740168644,0.9999915014399137,0.9596433867279689
3.215,1.0,0.9999919893217658,1.0,1.0,0.9600350600684041,0.9999918302068518,0.959844666176376
3.22,1.0,0.9999919893217658,1.0,1.0,0.9602366621372945,0.9999921467707434,0.9600449417393461
3.225,1.0,0.9999919893217658,1.0,1.0,0.960427249523614,0.9999924515636602,0.9602442184237787
3.23,1.0,0.9999919893217658,1.0,1.0,0.9606241786968687,0.9999927450031947,0.9604425012116012
3.235,1.0,0.9999923231000256,1.0,1.0,0.9608231105396822,0.999993027492914,0.9606397950598938
3.24,1.0,0.9999926568782853,1.0,1.0,0.9610190383781575,0.9999932994228019,0.9608361049010129
3.245,1.0,0.9999926568782853,1.0,1.0,0.9612239782296457,0.9999935611696859,0.9610314356427148
3.25,1.0,0.9999933244348048,1.0,1.0,0.9614155669507436,0.9999938130976539,0.961225792168278
3.255,1.0,0.9999933244348048,1.0,1.0,0.9616144987935568,0.9999940555584574,0.961419179336626
3.2600000000000002,1.0,0.9999943257695841,1.0,1.0,0.9618094252972526,0.9999942888919041,0.961611601982448
3.265,1.0,0.9999946595478438,1.0,1.0,0.9620020153531299,0.9999945134262374,0.9618030649163201
3.27,1.0,0.9999949933261036,1.0,1.0,0.9621879298438123,0.9999947294785063,0.9619935729248257
3.275,1.0,0.9999949933261036,1.0,1.0,0.9623735105562353,0.9999949373549236,0.962183130770675
3.2800000000000002,1.0,0.9999953271043633,1.0,1.0,0.9625494116991252,0.9999951373512138,0.9623717431928238
3.285,1.0,0.9999953271043633,1.0,1.0,0.962748677320198,0.99999532975295,0.9625594149065927
3.29,1.0,0.9999956608826231,1.0,1.0,0.9629355931456606,0.9999955148358819,0.9627461506037842
3.295,1.0,0.9999956608826231,1.0,1.0,0.9631288507580579,0.999995692866253,0.9629319549528005
3.3000000000000003,1.0,0.9999963284391427,1.0,1.0,0.9633110936878834,0.999995864101109,0.96311683259876
3.305,1.0,0.9999966622174025,1.0,1.0,0.9634936703959687,0.9999960287885963,0.9633007881636134
3.31,1.0,0.9999969959956622,1.0,1.0,0.9636885968996648,0.9999961871682522,0.9634838262462596
3.315,1.0,0.999997329773922,1.0,1.0,0.9638851922946605,0.999996339471286,0.96366595142266
3.3200000000000003,1.0,0.999997329773922,1.0,1.0,0.9640791174635779,0.9999964859208511,0.9638471682459536
3.325,1.0,0.999997329773922,1.0,1.0,0.9642570212760269,0.9999966267323097,0.9640274812465703
3.33,1.0,0.9999976635521817,1.0,1.0,0.964446941105827,0.9999967621134892,0.9642068949323447
3.335,1.0,0.9999979973304415,1.0,1.0,0.9646288502573924,0.9999968922649302,0.9643854137886282
3.34,1.0,0.9999979973304415,1.0,1.0,0.9648010798394263,0.9999970173801274,0.9645630422784014
3.345,1.0,0.9999983311087012,1.0,1.0,0.9649863267735903,0.999997137645763,0.9647397848423859
3.35,1.0,0.9999983311087012,1.0,1.0,0.9651485430078307,0.9999972532419332,0.964915645899155
3.355,1.0,0.999998664886961,1.0,1.0,0.9653187699203053,0.9999973643423672,0.9650906298452442
3.36,1.0,0.999998664886961,1.0,1.0,0.965497007511014,0.9999974711146393,0.9652647410552614
3.365,1.0,0.999998664886961,1.0,1.0,0.9656702384278264,0.9999975737203753,0.9654379838819959
3.37,1.0,0.999998664886961,1.0,1.0,0.9658371275577033,0.9999976723154513,0.9656103626565273
3.375,1.0,0.999998664886961,1.0,1.0,0.9660006789049826,0.9999977670501877,0.965781881688334
3.38,1.0,0.999998664886961,1.0,1.0,0.966166232921821,0.999997858069535,0.9659525452654006
3.3850000000000002,1.0,0.999998664886961,1.0,1.0,0.9663377949473346,0.9999979455132565,0.9661223576543256
3.39,1.0,0.999998664886961,1.0,1.0,0.9665046840772112,0.999998029516103,0.9662913231004276
3.395,1.0,0.999998664886961,1.0,1.0,0.9666709056505688,0.9999981102079825,0.9664594458278514
3.4,1.0,0.999998664886961,1.0,1.0,0.9668271138761337,0.9999981877141255,0.9666267300396739
3.4050000000000002,1.0,0.999998664886961,1.0,1.0,0.9669933354494911,0.9999982621552443,0.9667931799180093
3.41,1.0,0.999998664886961,1.0,1.0,0.9671618934706664,0.9999983336476866,0.966958799624113
3.415,1.0,0.9999989986652207,1.0,1.0,0.9673261123744649,0.9999984023035855,0.9671235932984865
3.42,1.0,0.9999989986652207,1.0,1.0,0.9674879948304453,0.9999984682310038,0.9672875650609802
3.4250000000000003,1.0,0.9999989986652207,1.0,1.0,0.9676625608602959,0.9999985315340739,0.9674507190108966
3.43,1.0,0.9999989986652207,1.0,1.0,0.9678274473206139,0.9999985923131334,0.967613059227093
3.435,1.0,0.9999989986652207,1.0,1.0,0.9680016795722048,0.999998650664856,0.9677745897680832
3.44,1.0,0.9999993324434805,1.0,1.0,0.968153882458653,0.9999987066823784,0.9679353146721392
3.4450000000000003,1.0,0.9999993324434805,1.0,1.0,0.9683134284668147,0.999998760455423,0.968095237957392
3.45,1.0,0.9999993324434805,1.0,1.0,0.968472640696717,0.9999988120704164,0.9682543636219321
3.455,1.0,0.9999993324434805,1.0,1.0,0.9686391960483335,0.9999988616106044,0.9684126956439092
3.46,1.0,0.9999993324434805,1.0,1.0,0.9687850571478455,0.9999989091561631,0.9685702379816323
3.465,1.0,0.9999993324434805,1.0,1.0,0.9689339222516945,0.9999989547843062,0.968726994573668
3.47,1.0,0.9999993324434805,1.0,1.0,0.9690931344815955,0.9999989985693891,0.9688829693389391
3.475,1.0,0.9999993324434805,1.0,1.0,0.9692440022550043,0.9999990405830091,0.9690381661768231
3.48,1.0,0.9999993324434805,1.0,1.0,0.969407553602283,0.9999990808941032,0.9691925889672489
3.485,1.0,0.9999993324434805,1.0,1.0,0.9695604240452493,0.9999991195690404,0.9693462415707943
3.49,1.0,0.9999993324434805,1.0,1.0,0.9696996095795668,0.9999991566717147,0.9694991278287826
3.495,1.0,0.9999993324434805,1.0,1.0,0.9698468057921183,0.9999991922636315,0.9696512515633778
3.5,1.0,0.9999993324434805,1.0,1.0,0.9699970060090071,0.999999226403993,0.9698026165776815
3.505,1.0,0.9999993324434805,1.0,1.0,0.9701458711128577,0.9999992591497794,0.9699532266558268
3.5100000000000002,1.0,0.9999996662217402,1.0,1.0,0.9702957375514876,0.9999992905558295,0.9701030855630737
3.515,1.0,0.9999996662217402,1.0,1.0,0.9704479404379349,0.9999993206749164,0.9702521970459025
3.52,1.0,0.9999996662217402,1.0,1.0,0.9706051499982786,0.9999993495578217,0.970400564832108
3.525,1.0,0.9999996662217402,1.0,1.0,0.9707503435412709,0.9999993772534068,0.9705481926308928
3.5300000000000002,1.0,1.0,1.0,1.0,0.970896538419042,0.9999994038086827,0.9706950841329592
3.535,1.0,1.0,1.0,1.0,0.9710403968489953,0.999999429268876,0.9708412430106028
3.54,1.0,1.0,1.0,1.0,0.9711812512746115,0.9999994536774938,0.9709866729178029
3.545,1.0,1.0,1.0,1.0,0.9713080870133181,0.999999477076386,0.9711313774903149
3.5500000000000003,1.0,1.0,1.0,1.0,0.9714606236780257,0.9999994995058051,0.9712753603457606
3.555,1.0,1.0,1.0,1.0,0.9716068185557978,0.9999995210044648,0.9714186250837188
3.56,1.0,1.0,1.0,1.0,0.9717573525509471,0.9999995416095954,0.9715611752858155
3.565,1.0,1.0,1.0,1.0,0.9718911976331086,0.9999995613569986,0.9717030145158132
3.5700000000000003,1.0,1.0,1.0,1.0,0.9720287142761272,0.9999995802810998,0.9718441463197
3.575,1.0,1.0,1.0,1.0,0.9721839211669128,0.999999598414998,0.9719845742257782
3.58,1.0,1.0,1.0,1.0,0.972316097357775,0.9999996157905149,0.972124301744753
3.585,1.0,1.0,1.0,1.0,0.9724492748834167,0.9999996324382422,0.9722633323698195
3.59,1.0,1.0,1.0,1.0,0.9725724390612666,0.9999996483875864,0.9724016695767507
3.595,1.0,1.0,1.0,1.0,0.9727056165869085,0.9999996636668129,0.9725393168239839
3.6,1.0,1.0,1.0,1.0,0.9728417981168882,0.9999996783030889,0.9726762775527075
3.605,1.0,1.0,1.0,1.0,0.9729786472033873,0.9999996923225226,0.9728125551869466
3.61,1.0,1.0,1.0,1.0,0.9731091545029505,0.9999997057502042,0.9729481531336496
3.615,1.0,1.0,1.0,1.0,0.9732436671416319,0.9999997186102433,0.9730830747827719
3.62,1.0,1.0,1.0,1.0,0.9733705028803386,0.9999997309258049,0.9732173235073618
3.625,1.0,1.0,1.0,1.0,0.973500008845123,0.9999997427191458,0.9733509026636445
3.63,1.0,1.0,1.0,1.0,0.9736301823664266,0.9999997540116479,0.9734838155911059
3.6350000000000002,1.0,1.0,1.0,1.0,0.9737583532181718,0.9999997648238513,0.9736160656125759
3.64,1.0,1.0,1.0,1.0,0.9738968711959699,0.9999997751754862,0.973747656034312
3.645,1.0,1.0,1.0,1.0,0.9740123584738453,0.9999997850855029,0.9738785901460818
3.65,1.0,1.0,1.0,1.0,0.9741391942125521,0.9999997945721022,0.9740088712212447
3.6550000000000002,1.0,1.0,1.0,1.0,0.9742653623947398,0.9999998036527625,0.9741385025168344
3.66,1.0,1.0,1.0,1.0,0.9743935332464859,0.9999998123442687,0.9742674872736401
3.665,1.0,1.0,1.0,1.0,0.9745170312025953,0.9999998206627372,0.9743958287162874
3.67,1.0,1.0,1.0,1.0,0.9746435331630423,0.9999998286236422,0.9745235300533189
3.6750000000000003,1.0,1.0,1.0,1.0,0.9747580191061378,0.9999998362418402,0.9746505944772751
3.68,1.0,1.0,1.0,1.0,0.974877845501389,0.999999843531593,0.9747770251647728
3.685,1.0,1.0,1.0,1.0,0.9749970043401213,0.999999850506591,0.9749028252765859
3.69,1.0,1.0,1.0,1.0,0.9751108227266976,0.9999998571799753,0.9750279979577239
3.6950000000000003,1.0,1.0,1.0,1.0,0.9752336531262872,0.9999998635643584,0.9751525463375101
3.7,1.0,1.0,1.0,1.0,0.9753518106302403,0.9999998696718446,0.9752764735296606
3.705,1.0,1.0,1.0,1.0,0.9754709694689724,0.99999987551405,0.9753997826323617
3.71,1.0,1.0,1.0,1.0,0.9755924647555229,0.9999998811021211,0.9755224767283474
3.715,1.0,1.0,1.0,1.0,0.9757142938203331,0.9999998864467528,0.9756445588849763
3.72,1.0,1.0,1.0,1.0,0.9758304486547273,0.9999998915582062,0.9757660321543089
3.725,1.0,1.0,1.0,1.0,0.9759609559542912,0.999999896446326,0.9758868995731831
3.73,1.0,1.0,1.0,1.0,0.9760864565799584,0.9999999011205558,0.9760071641632908
3.735,1.0,1.0,1.0,1.0,0.9762076180882496,0.9999999055899539,0.976126828931253
3.74,1.0,1.0,1.0,1.0,0.976327444483501,0.9999999098632091,0.976245896868695
3.745,1.0,1.0,1.0,1.0,0.9764482722135316,0.9999999139486545,0.9763643709523215
3.75,1.0,1.0,1.0,1.0,0.976579447069615,0.999999917854282,0.9764822541439909
3.755,1.0,1.0,1.0,1.0,0.9766912627866315,0.9999999215877549,0.976599549390789
3.7600000000000002,1.0,1.0,1.0,1.0,0.9768040798384282,0.9999999251564218,0.976716259625103
3.765,1.0,1.0,1.0,1.0,0.9769299142423548,0.9999999285673283,0.9768323877646949
3.77,1.0,1.0,1.0,1.0,0.9770490730810868,0.9999999318272297,0.9769479367127745
3.775,1.0,1.0,1.0,1.0,0.9771752412632732,0.9999999349426019,0.977062909358071
3.7800000000000002,1.0,1.0,1.0,1.0,0.9772850543107314,0.9999999379196522,0.977177308574907
3.785,1.0,1.0,1.0,1.0,0.977399540253826,0.9999999407643317,0.9772911372232687
3.79,1.0,1.0,1.0,1.0,0.9775080181882456,0.9999999434823431,0.9774043981488781
3.795,1.0,1.0,1.0,1.0,0.9776154947878858,0.9999999460791524,0.9775170941832645
3.8000000000000003,1.0,1.0,1.0,1.0,0.9777269767266425,0.9999999485599977,0.9776292281438345
3.805,1.0,1.0,1.0,1.0,0.9778377911088804,0.9999999509298986,0.9777408028339428
3.81,1.0,1.0,1.0,1.0,0.9779429312607028,0.9999999531936644,0.9778518210429626
3.815,1.0,1.0,1.0,1.0,0.9780520767516416,0.9999999553559034,0.9779622855463551
3.8200000000000003,1.0,1.0,1.0,1.0,0.9781642262469185,0.9999999574210301,0.9780721991057384
3.825,1.0,1.0,1.0,1.0,0.9782860553117283,0.9999999593932739,0.9781815644689572
3.83,1.0,1.0,1.0,1.0,0.9783905279070307,0.9999999612766862,0.9782903843701515
3.835,1.0,1.0,1.0,1.0,0.978501676067528,0.9999999630751472,0.9783986615298241
3.84,1.0,1.0,1.0,1.0,0.978607483775869,0.9999999647923735,0.9785063986549101
3.845,1.0,1.0,1.0,1.0,0.978726642614601,0.9999999664319246,0.9786135984388429
3.85,1.0,1.0,1.0,1.0,0.9788374569968388,0.9999999679972087,0.9787202635616228
3.855,1.0,1.0,1.0,1.0,0.978941262035622,0.99999996949149,0.9788263966898835
3.86,1.0,1.0,1.0,1.0,0.9790440657396262,0.9999999709178936,0.9789320004769586
3.865,1.0,1.0,1.0,1.0,0.9791562152349033,0.9999999722794114,0.9790370775629483
3.87,1.0,1.0,1.0,1.0,0.9792520095954524,0.999999973578908,0.9791416305747853
3.875,1.0,1.0,1.0,1.0,0.9793494728473006,0.9999999748191256,0.9792456621263003
3.88,1.0,1.0,1.0,1.0,0.9794536116643432,0.9999999760026891,0.9793491748182874
3.8850000000000002,1.0,1.0,1.0,1.0,0.9795554140335686,0.9999999771321106,0.9794521712385695
3.89,1.0,1.0,1.0,1.0,0.9796695661984042,0.9999999782097949,0.9795546539620623
3.895,1.0,1.0,1.0,1.0,0.9797663618937331,0.999999979238043,0.9796566255508393
3.9,1.0,1.0,1.0,1.0,0.9798631575890618,0.9999999802190571,0.9797580885541957
3.9050000000000002,1.0,1.0,1.0,1.0,0.9799616221756885,0.9999999811549442,0.9798590455087115
3.91,1.0,1.0,1.0,1.0,0.9800640921014332,0.9999999820477202,0.979959498938316
3.915,1.0,1.0,1.0,1.0,0.9801789118227878,0.9999999828993142,0.9800594513543502
3.92,1.0,1.0,1.0,1.0,0.9802663617268437,0.9999999837115716,0.9801589052556298
3.9250000000000003,1.0,1.0,1.0,1.0,0.9803731707699648,0.9999999844862575,0.9802578631285073
3.93,1.0,1.0,1.0,1.0,0.9804709678000721,0.9999999852250601,0.9803563274469347
3.935,1.0,1.0,1.0,1.0,0.9805670959388811,0.9999999859295947,0.9804543006725253
3.94,1.0,1.0,1.0,1.0,0.980666228082028,0.9999999866014055,0.9805517852546146
3.9450000000000003,1.0,1.0,1.0,1.0,0.9807680304512535,0.99999998724197,0.9806487836303224
3.95,1.0,1.0,1.0,1.0,0.9808701665987375,0.9999999878527003,0.9807452982246131
3.955,1.0,1.0,1.0,1.0,0.980967963628846,0.9999999884349471,0.9808413314503566
3.96,1.0,1.0,1.0,1.0,0.9810604202067978,0.9999999889900016,0.9809368857083883
3.9650000000000003,1.0,1.0,1.0,1.0,0.9811628901325421,0.9999999895190986,0.98103196338757
3.97,1.0,1.0,1.0,1.0,0.9812506738148573,0.9999999900234182,0.9811265668648486
3.975,1.0,1.0,1.0,1.0,0.9813407939449912,0.9999999905040886,0.9812206985053156
3.98,1.0,1.0,1.0,1.0,0.9814365883055406,0.9999999909621881,0.9813143606622672
3.985,1.0,1.0,1.0,1.0,0.9815166950878816,0.9999999913987474,0.9814075556772622
3.99,1.0,1.0,1.0,1.0,0.9816154934527692,0.9999999918147515,0.9815002858801808
3.995,1.0,1.0,1.0,1.0,0.9817122891480982,0.9999999922111421,0.9815925535892828
4.0,1.0,1.0,1.0,1.0,0.9817910608174002,0.9999999925888182,0.9816843611112658
4.005,1.0,1.0,1.0,1.0,0.9818831836170924,0.9999999929486396,0.9817757107413227
4.01,1.0,1.0,1.0,1.0,0.9819786441993825,0.9999999932914275,0.981866604763199
4.015,1.0,1.0,1.0,1.0,0.9820721021121136,0.9999999936179662,0.9819570454492498
4.0200000000000005,1.0,1.0,1.0,1.0,0.9821582169031301,0.9999999939290056,0.9820470350604972
4.025,1.0,1.0,1.0,1.0,0.9822460005854454,0.9999999942252612,0.982136575846686
4.03,1.0,1.0,1.0,1.0,0.9823401260546959,0.9999999945074172,0.9822256700463405
4.035,1.0,1.0,1.0,1.0,0.9824342515239465,0.9999999947761263,0.9823143198868206
4.04,1.0,1.0,1.0,1.0,0.98251135430195,0.9999999950320126,0.9824025275843766
4.045,1.0,1.0,1.0,1.0,0.9826061473277206,0.9999999952756716,0.9824902953442057
4.05,1.0,1.0,1.0,1.0,0.9826955999013349,0.9999999955076723,0.9825776253605065
4.055,1.0,1.0,1.0,1.0,0.982788056479287,0.9999999957285574,0.9826645198165338
4.0600000000000005,1.0,1.0,1.0,1.0,0.9828781766094212,0.9999999959388457,0.9827509808846537
4.065,1.0,1.0,1.0,1.0,0.9829636238439187,0.9999999961390321,0.9828370107263974
4.07,1.0,1.0,1.0,1.0,0.9830453995175588,0.9999999963295892,0.9829226114925153
4.075,1.0,1.0,1.0,1.0,0.9831288440824975,0.9999999965109683,0.9830077853230309
4.08,1.0,1.0,1.0,1.0,0.9832102859778779,0.9999999966835996,0.9830925343472947
4.085,1.0,1.0,1.0,1.0,0.9832997385514923,0.9999999968478943,0.9831768606840366
4.09,1.0,1.0,1.0,1.0,0.9833748386599372,0.9999999970042445,0.9832607664414194
4.095,1.0,1.0,1.0,1.0,0.9834592845596551,0.9999999971530243,0.9833442537170913
4.1,1.0,1.0,1.0,1.0,0.9835423953463343,0.9999999972945911,0.9834273245982388
4.105,1.0,1.0,1.0,1.0,0.9836278425808317,0.9999999974292854,0.983509981161638
4.11,1.0,1.0,1.0,1.0,0.9837076155849129,0.9999999975574322,0.9835922254737074
4.115,1.0,1.0,1.0,1.0,0.9837913939281113,0.9999999976793419,0.983674059590559
4.12,1.0,1.0,1.0,1.0,0.9838674953713354,0.9999999977953101,0.9837554855580501
4.125,1.0,1.0,1.0,1.0,0.9839459332623781,0.9999999979056193,0.9838365054118341
4.13,1.0,1.0,1.0,1.0,0.9840333831664339,0.9999999980105386,0.9839171211774116
4.135,1.0,1.0,1.0,1.0,0.984111153500957,0.9999999981103246,0.9839973348701808
4.14,1.0,1.0,1.0,1.0,0.9841879225007001,0.999999998205222,0.9840771484954883
4.1450000000000005,1.0,1.0,1.0,1.0,0.9842650252787036,0.9999999982954646,0.9841565640486789
4.15,1.0,1.0,1.0,1.0,0.9843504725132002,0.9999999983812748,0.9842355835151455
4.155,1.0,1.0,1.0,1.0,0.9844295779607617,0.999999998462865,0.9843142088703789
4.16,1.0,1.0,1.0,1.0,0.9845036767344268,0.9999999985404374,0.9843924420800172
4.165,1.0,1.0,1.0,1.0,0.9845821146254689,0.9999999986141852,0.9844702850998945
4.17,1.0,1.0,1.0,1.0,0.9846585498469524,0.9999999986842919,0.9845477398760905
4.175,1.0,1.0,1.0,1.0,0.9847343175119163,0.9999999987509333,0.9846248083449786
4.18,1.0,1.0,1.0,1.0,0.9848120878464388,0.9999999988142763,0.9847014924332744
4.1850000000000005,1.0,1.0,1.0,1.0,0.9848905257374811,0.9999999988744799,0.9847777940580844
4.19,1.0,1.0,1.0,1.0,0.9849679622937441,0.9999999989316961,0.984853715126953
4.195,1.0,1.0,1.0,1.0,0.9850484028543449,0.9999999989860696,0.9849292575379109
4.2,1.0,1.0,1.0,1.0,0.9851321811975428,0.9999999990377382,0.9850044231795223
4.205,1.0,1.0,1.0,1.0,0.9852092839755457,0.999999999086833,0.9850792139309321
4.21,1.0,1.0,1.0,1.0,0.9852753720709768,0.9999999991334793,0.9851536316619132
4.215,1.0,1.0,1.0,1.0,0.9853518072924605,0.9999999991777961,0.9852276782329125
4.22,1.0,1.0,1.0,1.0,0.9854309127400219,0.999999999219897,0.9853013554950982
4.225,1.0,1.0,1.0,1.0,0.9855023412876086,0.9999999992598902,0.9853746652904057
4.23,1.0,1.0,1.0,1.0,0.9855771076177929,0.9999999992978787,0.9854476094515838
4.235,1.0,1.0,1.0,1.0,0.985646867274081,0.9999999993339604,0.9855201898022403
4.24,1.0,1.0,1.0,1.0,0.9857136229260315,0.9999999993682291,0.9855924081568876
4.245,1.0,1.0,1.0,1.0,0.985778375908424,0.9999999994007733,0.9856642663209885
4.25,1.0,1.0,1.0,1.0,0.9858514733473099,0.999999999431678,0.9857357660910008
4.255,1.0,1.0,1.0,1.0,0.9859165601079612,0.9999999994610238,0.9858069092544223
4.26,1.0,1.0,1.0,1.0,0.9859866535425096,0.9999999994888875,0.985877697589836
4.265,1.0,1.0,1.0,1.0,0.9860570807553168,0.9999999995153421,0.9859481328669539
4.2700000000000005,1.0,1.0,1.0,1.0,0.9861221675159679,0.9999999995404574,0.9860182168466617
4.275,1.0,1.0,1.0,1.0,0.9862076147504647,0.9999999995642993,0.9860879512810624
4.28,1.0,1.0,1.0,1.0,0.9862760392937137,0.9999999995869311,0.9861573379135204
4.285,1.0,1.0,1.0,1.0,0.9863494705108591,0.9999999996084127,0.9862263784787055
4.29,1.0,1.0,1.0,1.0,0.9864232355062641,0.9999999996288013,0.9862950747026351
4.295,1.0,1.0,1.0,1.0,0.9865000045060067,0.9999999996481511,0.9863634283027184
4.3,1.0,1.0,1.0,1.0,0.9865670939362161,0.9999999996665139,0.9864314409877991
4.305,1.0,1.0,1.0,1.0,0.986633515809907,0.9999999996839388,0.9864991144581977
4.3100000000000005,1.0,1.0,1.0,1.0,0.9867066132487927,0.9999999997004727,0.9865664504057547
4.315,1.0,1.0,1.0,1.0,0.9867706986746649,0.9999999997161602,0.9866334505138721
4.32,1.0,1.0,1.0,1.0,0.9868367867700959,0.9999999997310433,0.9867001164575563
4.325,1.0,1.0,1.0,1.0,0.9868972006351109,0.9999999997451626,0.9867664499034591
4.33,1.0,1.0,1.0,1.0,0.9869612860609829,0.9999999997585565,0.9868324525099202
4.335,1.0,1.0,1.0,1.0,0.9870243701520759,0.9999999997712611,0.9868981259270083
4.34,1.0,1.0,1.0,1.0,0.98708678668665,0.9999999997833112,0.9869634717965623
4.345,1.0,1.0,1.0,1.0,0.9871468667734052,0.99999999979474,0.9870284917522321
4.3500000000000005,1.0,1.0,1.0,1.0,0.9872132886470959,0.9999999998055784,0.9870931874195201
4.355,1.0,1.0,1.0,1.0,0.9872713660642926,0.9999999998158566,0.9871575604158215
4.36,1.0,1.0,1.0,1.0,0.9873324474858267,0.9999999998256027,0.9872216123504642
4.365,1.0,1.0,1.0,1.0,0.9873998706942962,0.9999999998348437,0.9872853448247503
4.37,1.0,1.0,1.0,1.0,0.9874649574549479,0.9999999998436051,0.9873487594319947
4.375,1.0,1.0,1.0,1.0,0.9875250375417034,0.9999999998519113,0.987411857757566
4.38,1.0,1.0,1.0,1.0,0.9875884554110564,0.9999999998597856,0.9874746413789256
4.385,1.0,1.0,1.0,1.0,0.9876542097282274,0.9999999998672496,0.9875371118656673
4.39,1.0,1.0,1.0,1.0,0.9877159587062818,0.9999999998743245,0.9875992707795566
4.3950000000000005,1.0,1.0,1.0,1.0,0.9877810454669332,0.9999999998810302,0.9876611196745695
4.4,1.0,1.0,1.0,1.0,0.9878384553276108,0.9999999998873853,0.9877226600969315
4.405,1.0,1.0,1.0,1.0,0.9878958651882886,0.9999999998934078,0.9877838935851566
4.41,1.0,1.0,1.0,1.0,0.9879542763837456,0.9999999998991147,0.987844821670085
4.415,1.0,1.0,1.0,1.0,0.9880090160183451,0.9999999999045224,0.9879054458749221
4.42,1.0,1.0,1.0,1.0,0.9880710987746588,0.9999999999096459,0.9879657677152762
4.425,1.0,1.0,1.0,1.0,0.9881268397440376,0.9999999999145002,0.9880257886991963
4.43,1.0,1.0,1.0,1.0,0.9881852509394945,0.9999999999190988,0.9880855103272104
4.4350000000000005,1.0,1.0,1.0,1.0,0.9882429945784318,0.9999999999234551,0.9881449340923619
4.44,1.0,1.0,1.0,1.0,0.9883020733304084,0.9999999999275815,0.9882040614802484
4.445,1.0,1.0,1.0,1.0,0.9883661587562808,0.9999999999314899,0.9882628939690575
4.45,1.0,1.0,1.0,1.0,0.9884229010604387,0.9999999999351916,0.9883214330296045
4.455,1.0,1.0,1.0,1.0,0.9884826473689339,0.9999999999386971,0.988379680125369
4.46,1.0,1.0,1.0,1.0,0.9885410585643906,0.9999999999420169,0.9884376367125315
4.465,1.0,1.0,1.0,1.0,0.9885957981989901,0.9999999999451605,0.9884953042400095
4.47,1.0,1.0,1.0,1.0,0.9886532080596677,0.9999999999481369,0.9885526841494943
4.4750000000000005,1.0,1.0,1.0,1.0,0.9887089490290467,0.999999999950955,0.9886097778754867
4.48,1.0,1.0,1.0,1.0,0.9887663588897243,0.999999999953623,0.9886665868453326
4.485,1.0,1.0,1.0,1.0,0.9888217660808437,0.9999999999561487,0.9887231124792595
4.49,1.0,1.0,1.0,1.0,0.988875504380664,0.9999999999585395,0.9887793561904109
4.495,1.0,1.0,1.0,1.0,0.9889352506891598,0.9999999999608025,0.9888353193848828
4.5,1.0,1.0,1.0,1.0,0.9889863187629019,0.9999999999629444,0.9888910034617577
4.505,1.0,1.0,1.0,1.0,0.9890467326279174,0.9999999999649716,0.9889464098131406
4.51,1.0,1.0,1.0,1.0,0.9890991358146988,0.9999999999668899,0.9890015398241931
4.515,1.0,1.0,1.0,1.0,0.9891455309928047,0.9999999999687053,0.9890563948731684
4.5200000000000005,1.0,1.0,1.0,1.0,0.9892026070752222,0.999999999970423,0.9891109763314455
4.525,1.0,1.0,1.0,1.0,0.9892543427054844,0.9999999999720481,0.9891652855635639
4.53,1.0,1.0,1.0,1.0,0.989308081005305,0.9999999999735858,0.9892193239272569
4.535,1.0,1.0,1.0,1.0,0.9893644895312037,0.9999999999750405,0.9892730927734866
4.54,1.0,1.0,1.0,1.0,0.9894208980571018,0.9999999999764165,0.9893265934464771
4.545,1.0,1.0,1.0,1.0,0.9894749701351819,0.9999999999777183,0.9893798272837477
4.55,1.0,1.0,1.0,1.0,0.9895250368741452,0.9999999999789495,0.9894327956161474
4.555,1.0,1.0,1.0,1.0,0.9895761049478876,0.9999999999801138,0.989485499767887
4.5600000000000005,1.0,1.0,1.0,1.0,0.9896291756911887,0.9999999999812151,0.9895379410565732
4.565,1.0,1.0,1.0,1.0,0.9896742357562556,0.9999999999822565,0.9895901207932409
4.57,1.0,1.0,1.0,1.0,0.9897246362734784,0.9999999999832413,0.9896420402823863
4.575,1.0,1.0,1.0,1.0,0.9897833812471951,0.9999999999841724,0.9896937008219993
4.58,1.0,1.0,1.0,1.0,0.9898331142078987,0.9999999999850528,0.989745103703596
4.585,1.0,1.0,1.0,1.0,0.9898821796120827,0.9999999999858851,0.9897962502122511
4.59,1.0,1.0,1.0,1.0,0.9899332476858254,0.9999999999866719,0.9898471416266302
4.595,1.0,1.0,1.0,1.0,0.9899889886552042,0.9999999999874157,0.9898977792190211
4.6000000000000005,1.0,1.0,1.0,1.0,0.9900333811637517,0.9999999999881187,0.9899481642553665
4.605,1.0,1.0,1.0,1.0,0.9900757710027406,0.9999999999887833,0.9899982979952945
4.61,1.0,1.0,1.0,1.0,0.9901268390764831,0.9999999999894112,0.9900481816921516
4.615,1.0,1.0,1.0,1.0,0.9901735680328487,0.9999999999900048,0.9900978165930326
4.62,1.0,1.0,1.0,1.0,0.9902256374413706,0.9999999999905655,0.9901472039388127
4.625,1.0,1.0,1.0,1.0,0.9902727001759959,0.9999999999910956,0.9901963449641782
4.63,1.0,1.0,1.0,1.0,0.9903220993584397,0.9999999999915963,0.9902452408976571
4.635,1.0,1.0,1.0,1.0,0.9903778403278188,0.9999999999920695,0.9902938929616504
4.64,1.0,1.0,1.0,1.0,0.9904292421798211,0.9999999999925163,0.9903423023724622
4.6450000000000005,1.0,1.0,1.0,1.0,0.9904803102535638,0.9999999999929384,0.9903904703403303
4.65,1.0,1.0,1.0,1.0,0.9905313783273063,0.9999999999933373,0.9904383980694565
4.655,1.0,1.0,1.0,1.0,0.9905824464010489,0.999999999993714,0.9904860867580364
4.66,1.0,1.0,1.0,1.0,0.9906298429139341,0.9999999999940697,0.9905335375982897
4.665,1.0,1.0,1.0,1.0,0.9906812447659363,0.9999999999944058,0.9905807517764899
4.67,1.0,1.0,1.0,1.0,0.9907343155092374,0.9999999999947231,0.9906277304729939
4.675,1.0,1.0,1.0,1.0,0.9907797093525641,0.9999999999950228,0.9906744748622717
4.68,1.0,1.0,1.0,1.0,0.99082643830893,0.9999999999953058,0.9907209861129352
4.6850000000000005,1.0,1.0,1.0,1.0,0.9908678268131397,0.9999999999955729,0.9907672653877684
4.69,1.0,1.0,1.0,1.0,0.9909118855434274,0.999999999995825,0.9908133138437554
4.695,1.0,1.0,1.0,1.0,0.9909539416041565,0.9999999999960631,0.9908591326321099
4.7,1.0,1.0,1.0,1.0,0.9910013381170419,0.9999999999962879,0.9909047228983042
4.705,1.0,1.0,1.0,1.0,0.9910427266212513,0.9999999999965,0.9909500857820972
4.71,1.0,1.0,1.0,1.0,0.9910864515732792,0.9999999999967003,0.9909952224175634
4.715,1.0,1.0,1.0,1.0,0.9911305103035669,0.9999999999968893,0.9910401339331211
4.72,1.0,1.0,1.0,1.0,0.9911772392599327,0.9999999999970676,0.9910848214515604
4.7250000000000005,1.0,1.0,1.0,1.0,0.9912246357728182,0.9999999999972359,0.9911292860900718
4.73,1.0,1.0,1.0,1.0,0.9912763714030804,0.9999999999973946,0.9911735289602733
4.735,1.0,1.0,1.0,1.0,0.9913177599072903,0.9999999999975445,0.9912175511682391
4.74,1.0,1.0,1.0,1.0,0.9913634875288769,0.999999999997686,0.9912613538145267
4.745,1.0,1.0,1.0,1.0,0.9914045422548269,0.9999999999978193,0.9913049379942045
4.75,1.0,1.0,1.0,1.0,0.9914472658720755,0.9999999999979451,0.9913483047968794
4.755,1.0,1.0,1.0,1.0,0.9914929934936622,0.9999999999980638,0.9913914553067235
4.76,1.0,1.0,1.0,1.0,0.9915347157761317,0.9999999999981758,0.9914343906025019
4.765,1.0,1.0,1.0,1.0,0.9915787745064195,0.9999999999982813,0.9914771117575993
4.7700000000000005,1.0,1.0,1.0,1.0,0.9916204967888889,0.999999999998381,0.9915196198400468
4.775,1.0,1.0,1.0,1.0,0.991658881288761,0.9999999999984748,0.9915619159125485
4.78,1.0,1.0,1.0,1.0,0.991711952032062,0.9999999999985634,0.9916040010325086
4.785,1.0,1.0,1.0,1.0,0.991754008092791,0.9999999999986469,0.9916458762520571
4.79,1.0,1.0,1.0,1.0,0.9917967317100399,0.9999999999987256,0.9916875426180769
4.795,1.0,1.0,1.0,1.0,0.9918367851012105,0.9999999999987997,0.9917290011722292
4.8,1.0,1.0,1.0,1.0,0.9918781736054203,0.9999999999988698,0.99177025295098
4.805,1.0,1.0,1.0,1.0,0.9919188945531104,0.9999999999989357,0.9918112989856259
4.8100000000000005,1.0,1.0,1.0,1.0,0.9919629532833979,0.999999999998998,0.99185214030232
4.815,1.0,1.0,1.0,1.0,0.9920013377832699,0.9999999999990566,0.9918927779220973
4.82,1.0,1.0,1.0,1.0,0.9920387209483624,0.9999999999991118,0.9919332128609004
4.825,1.0,1.0,1.0,1.0,0.9920814445656112,0.9999999999991639,0.9919734461296048
4.83,1.0,1.0,1.0,1.0,0.9921231668480807,0.9999999999992129,0.9920134787340446
4.835,1.0,1.0,1.0,1.0,0.9921652229088099,0.999999999999259,0.9920533116750365
4.84,1.0,1.0,1.0,1.0,0.9922042749652012,0.9999999999993027,0.9920929459484066
4.845,1.0,1.0,1.0,1.0,0.9922396554607352,0.9999999999993437,0.9921323825450135
4.8500000000000005,1.0,1.0,1.0,1.0,0.9922790412953864,0.9999999999993824,0.9921716224507743
4.855,1.0,1.0,1.0,1.0,0.9923180933517776,0.9999999999994189,0.9922106666466886
4.86,1.0,1.0,1.0,1.0,0.9923544751820911,0.9999999999994532,0.9922495161088634
4.865,1.0,1.0,1.0,1.0,0.9923921921254434,0.9999999999994855,0.9922881718085371
4.87,1.0,1.0,1.0,1.0,0.9924275726209774,0.9999999999995158,0.9923266347121045
4.875,1.0,1.0,1.0,1.0,0.9924652895643298,0.9999999999995445,0.99236490578114
4.88,1.0,1.0,1.0,1.0,0.992503340285942,0.9999999999995716,0.9924029859724224
4.885,1.0,1.0,1.0,1.0,0.9925417247858137,0.999999999999597,0.9924408762379585
4.89,1.0,1.0,1.0,1.0,0.9925757701683089,0.999999999999621,0.9924785775250067
4.8950000000000005,1.0,1.0,1.0,1.0,0.9926114844421028,0.9999999999996435,0.9925160907761014
4.9,1.0,1.0,1.0,1.0,0.9926502027202343,0.9999999999996647,0.9925534169290756
4.905,1.0,1.0,1.0,1.0,0.9926895885548854,0.9999999999996847,0.9925905569170853
4.91,1.0,1.0,1.0,1.0,0.9927219650460815,0.9999999999997035,0.992627511668632
4.915,1.0,1.0,1.0,1.0,0.9927583468763949,0.9999999999997211,0.9926642821075864
4.92,1.0,1.0,1.0,1.0,0.992795062484968,0.9999999999997379,0.9927008691532114
4.925,1.0,1.0,1.0,1.0,0.9928304429805016,0.9999999999997535,0.992737273720185
4.93,1.0,1.0,1.0,1.0,0.9928648221412559,0.9999999999997683,0.9927734967186236
4.9350000000000005,1.0,1.0,1.0,1.0,0.9929048755324268,0.9999999999997822,0.9928095390541035
4.94,1.0,1.0,1.0,1.0,0.9929449289235973,0.9999999999997953,0.9928454016276854
4.945,1.0,1.0,1.0,1.0,0.9929799756408717,0.9999999999998076,0.9928810853359353
4.95,1.0,1.0,1.0,1.0,0.9930110170190289,0.9999999999998191,0.9929165910709479
4.955,1.0,1.0,1.0,1.0,0.9930514041884592,0.99999999999983,0.9929519197203682
4.96,1.0,1.0,1.0,1.0,0.993089788688331,0.9999999999998402,0.9929870721674146
4.965,1.0,1.0,1.0,1.0,0.9931191611751894,0.9999999999998499,0.9930220492908998
4.97,1.0,1.0,1.0,1.0,0.993154875448983,0.9999999999998589,0.9930568519652538
4.9750000000000005,1.0,1.0,1.0,1.0,0.9931862506053998,0.9999999999998676,0.9930914810605455
4.98,1.0,1.0,1.0,1.0,0.9932192946531159,0.9999999999998755,0.9931259374425038
4.985,1.0,1.0,1.0,1.0,0.9932620182703644,0.9999999999998831,0.9931602219725401
4.99,1.0,1.0,1.0,1.0,0.9932943947615606,0.9999999999998901,0.9931943355077695
4.995,1.0,1.0,1.0,1.0,0.9933261036962372,0.9999999999998969,0.993228278901032
5.0,1.0,1.0,1.0,1.0,0.9933561437396148,0.9999999999999031,0.9932620530009145
