s,cdf_zeros,cdf_gue_mean,cdf_gue_q025,cdf_gue_q975,cdf_poisson_ensemble_mean,cdf_wigner_surmise,cdf_poisson
0.0,0.0,0.0,0.0,0.0,0.0,0.0,0.0
0.005,0.0,0.0,0.0,0.0,0.005004337448485493,1.3509233142902644e-07,0.00498752080731768
0.01,0.0,6.675565195071697e-07,0.0,0.0,0.009941251688500767,1.0806767320094973e-06,0.009950166250831893
0.015,0.0,2.336447818275094e-06,0.0,0.0,0.014851129889476,3.6469357054397245e-06,0.014888060396937353
0.02,0.0,1.1682239091375471e-05,0.0,0.00033344448149383126,0.01972128847754055,8.6434327722755e-06,0.019801326693244747
0.025,0.0,2.1028030364475826e-05,0.0,0.00033344448149383126,0.024601126635138,1.6878803347823712e-05,0.024690087971667385
0.03,0.0,3.4712939014372785e-05,0.0,0.00033344448149383126,0.029506665718736398,2.9160446062929946e-05,0.029554466451491845
0.035,0.0,5.140185200205208e-05,0.0,0.00033344448149383126,0.03428536906362848,4.629421467517575e-05,0.03439458374243354
0.04,0.0,7.476633018480313e-05,0.0,0.00033344448149383126,0.03907542086935215,6.908411071729348e-05,0.03921056084767682
0.045,0.0,0.00010647526486139384,0.0,0.0006668889629876625,0.043830092179541966,9.833197702915214e-05,0.04400251816690004
0.05,0.0,0.00013918553431724532,0.0,0.0006668889629876625,0.04864617868952648,0.00013483719231952018,0.048770575499285984
0.055,0.0,0.00018491315590348666,0.0,0.0006668889629876625,0.05335846016072765,0.0001793963669027704,0.05351485204651618
0.06,0.0,0.00023431233834701753,0.0,0.0010003334444814939,0.05804504070592761,0.00023280303975516115,0.05823546641575128
0.065,0.0,0.00029739642944044366,0.0,0.0010003334444814939,0.06272461190767298,0.0002958473770347525,0.06293253662259657
0.07,0.0,0.00036582097268992615,0.0,0.0010003334444814939,0.06737447684430004,0.000369315872207579,0.06760618009405173
0.075,0.0,0.0004492655376283213,0.0,0.001333777925975325,0.07199730574188726,0.0004539910479227499,0.07225651367144714
0.08,0.0,0.0005480639025153815,0.0,0.0016672224074691564,0.07663448710464388,0.0005506511597765662,0.07688365361336424
0.085,0.0,0.0006692254108059326,0.0,0.0016672224074691564,0.08128869115864783,0.0006600699021066386,0.08148771559854262
0.09,0.00033344448149383126,0.0007967287060318003,0.0,0.0020006668889629878,0.08584476440428418,0.0007830161159535914,0.08606881472877181
0.095,0.00033344448149383126,0.0009359142403490455,0.0,0.002334111370456819,0.09031806064150177,0.0009202534993286854,0.09062706553176858
0.1,0.0006668889629876625,0.0010881171267966782,0.0,0.00266755585195065,0.09482406714817526,0.001072540319922849,0.09516258196404048
0.105,0.0006668889629876625,0.0012536711436344577,0.0,0.00266755585195065,0.09937346482861674,0.0012406291303918016,0.09967547741373439
0.11,0.0006668889629876625,0.0014312411778233663,0.00033344448149383126,0.0030010003334444814,0.10390116692217394,0.0014252664863506348,0.10416586470347178
0.115,0.0010003334444814939,0.0016148192206878352,0.00033344448149383126,0.003334444814938313,0.10835844180292363,0.0016271926672090098,0.10863385609316867
0.12,0.001333777925975325,0.0018347790938654516,0.0006668889629876625,0.0033511170390129893,0.11276865394904742,0.0018471413999766872,0.11307956328284252
0.125,0.001333777925975325,0.002075099440888035,0.0006668889629876625,0.0040013337779259755,0.11721157636462733,0.0020858395861682033,0.11750309741540454
0.13,0.001333777925975325,0.002332776257417802,0.0006668889629876625,0.004334778259419807,0.1216231236237905,0.0023440070319317996,0.1219045690794387
0.135,0.001333777925975325,0.002608477099974262,0.0010003334444814939,0.004668222740913638,0.12601097262651131,0.002622356181527702,0.12628408831196558
0.14,0.001333777925975325,0.002920893551103619,0.001333777925975325,0.005001667222407469,0.13034741977722966,0.002921591854278316,0.13064176460119414
0.145,0.001333777925975325,0.0032640176021303045,0.001333777925975325,0.0056685561853951315,0.1346912100496629,0.0032424109851098004,0.1349777068892587
0.15,0.001333777925975325,0.00361548610965083,0.0016672224074691564,0.006002000666888963,0.13902732342212165,0.003585502368804283,0.1392920235749422
0.155,0.002334111370456819,0.0039883164257955815,0.0020006668889629878,0.00635211737245747,0.14331003227301992,0.003951546408077572,0.1435848225163865
0.16,0.00266755585195065,0.004389851672279141,0.0023174391463821283,0.007002334111370457,0.1475974140195549,0.004341214865597742,0.14785621103378865
0.165,0.003334444814938313,0.004822762075179542,0.002334111370456819,0.00766922307435812,0.15184607748795806,0.004755170620054733,0.15210629591208413
0.17,0.003334444814938313,0.005267354717171312,0.0030010003334444814,0.008002667555851951,0.15605835912604854,0.005194067426390614,0.1563351834036163
0.17500000000000002,0.0040013337779259755,0.00574899674599574,0.003334444814938313,0.008669556518839614,0.1603086914857508,0.0056585496802978585,0.16054297923079264
0.18,0.004668222740913638,0.006242988570431041,0.003667889296432144,0.009336445481827277,0.16452664735425668,0.006149252187088672,0.164729788588728
0.185,0.005001667222407469,0.0067613462078283575,0.0040013337779259755,0.009669889963321108,0.16866883555779882,0.006666799935038242,0.16889571614787435
0.19,0.0056685561853951315,0.0072967265364731,0.004668222740913638,0.010336778926308769,0.17278966195271625,0.007211807873300585,0.1730408660566377
0.195,0.0056685561853951315,0.007860478017196913,0.005001667222407469,0.011020340113371108,0.17687944696947686,0.00778488069449304,0.1771653419439816
0.2,0.006335445148382794,0.008453268206519295,0.005651883961320441,0.011670556852284094,0.18096989954275677,0.008386612622044182,0.18126924692201818
0.20500000000000002,0.006335445148382794,0.00910013047392175,0.006002000666888963,0.012670890296765588,0.1850790436985833,0.009017587202395205,0.18535268358858548
0.21,0.006668889629876626,0.009797727036806713,0.006652217405801935,0.013337779259753251,0.18914246023282366,0.00967837710214392,0.18941575402981292
0.215,0.008002667555851951,0.010479302243223541,0.007002334111370457,0.014004668222740914,0.19328264576680715,0.010369543910215162,0.19345855982267313
0.22,0.008002667555851951,0.011225296653772796,0.00766922307435812,0.015005001667222408,0.19732670316198161,0.011091637945143562,0.1974812020375215
0.225,0.009003001000333445,0.012005002668557172,0.008336112037345782,0.01567189063021007,0.2013931237005596,0.011845198067543028,0.20148378124062294
0.23,0.009336445481827277,0.012819087844096164,0.009003001000333445,0.017005668556185394,0.2053954588132649,0.012630751497845205,0.20546639749666595
0.23500000000000001,0.010336778926308769,0.013660542836934953,0.009669889963321108,0.017689229743247735,0.2094408513214785,0.013448813639375612,0.20942915037126442
0.24,0.0106702234078026,0.014517017851462645,0.010336778926308769,0.019006335445148383,0.21339645747781852,0.014299887906842057,0.21337213893344653
0.245,0.011003667889296432,0.01542189071365461,0.011003667889296432,0.020006668889629875,0.21731367913428593,0.015184465560299898,0.21729546175813186
0.25,0.011670556852284094,0.016342451154055013,0.012004001333777926,0.02100700233411137,0.22122355766903976,0.01610302554466042,0.22119921692859512
0.255,0.011670556852284094,0.017299059646508786,0.012670890296765588,0.022340780260086696,0.22508537213438815,0.017056034334801684,0.22508350203891903
0.26,0.013337779259753251,0.018286041960600127,0.013671223741247083,0.02334111370456819,0.22896053773012776,0.018043945786342885,0.22894841419643375
0.265,0.013337779259753251,0.019307069657186336,0.014671557185728577,0.024674891630543514,0.23278663792168283,0.019067200992133715,0.23279405002414433
0.27,0.014338112704234745,0.020365814297124696,0.01567189063021007,0.025358452817605855,0.23655799847863854,0.020126228144513036,0.23662050566314685
0.275,0.016005335111703902,0.02147495945428592,0.01633877959319773,0.02669223074358118,0.24036774353546608,0.02122144240338414,0.24042787677503152
0.28,0.016672224074691565,0.022663877615528183,0.017672557519173057,0.028026008669556506,0.2441404392054606,0.022353245770151797,0.24421625854427453
0.28500000000000003,0.017005668556185394,0.023838443311601034,0.018672890963654553,0.029343114371457153,0.24793683313189824,0.023522026967563836,0.24798574568061738
0.29,0.017672557519173057,0.02509678735087203,0.019673224408136045,0.03101033677892631,0.25164644471079944,0.02472816132549499,0.25173643242143473
0.295,0.01800600200066689,0.026324090011985955,0.02100700233411137,0.03234411470490164,0.25539510834609225,0.025972010672708823,0.2554684125340906
0.3,0.019006335445148383,0.027632167011960255,0.022007335778592863,0.033677892630876956,0.2590563220773291,0.02725392323462994,0.2591817793182821
0.305,0.019673224408136045,0.028966946272714823,0.02334111370456819,0.034678226075358455,0.26275191496932077,0.028574233537155103,0.2628766256083722
0.31,0.019673224408136045,0.030328761572509497,0.024341447149049684,0.03634544848282761,0.2664137962570775,0.029933262316528597,0.26655304377571076
0.315,0.02100700233411137,0.03176233919815114,0.02567522507502501,0.03769589863287761,0.2700589886318465,0.031331316435304124,0.2702111257309432
0.32,0.02100700233411137,0.03321260573678045,0.027009003001000332,0.03934644881627209,0.2737035134500953,0.032768688804411805,0.27385096292630906
0.325,0.02334111370456819,0.034697918992683846,0.02867622540846949,0.04101367122374125,0.2773260089032013,0.03424565831134668,0.2774726463579278
0.33,0.025008336112037347,0.036228292313654105,0.030343447815938646,0.042347449149716575,0.2809845524083599,0.035762489754489146,0.28107626656807383
0.335,0.026675558519506502,0.03779204346059965,0.03167722574191397,0.044014671557185726,0.2845553122312039,0.03731943378356767,0.2846619136474401
0.34,0.028009336445481828,0.039379492863987724,0.033011003667889297,0.045681893964654885,0.2881334151757627,0.038916726846269345,0.28822967723739035
0.34500000000000003,0.029343114371457153,0.0410256872410924,0.03501167055685228,0.047349116372124044,0.2916477664727076,0.04055459114099963,0.2917796465322
0.35000000000000003,0.03101033677892631,0.04273730215710875,0.03601200400133378,0.049366455485161706,0.29513107639149655,0.042233234575790535,0.29531191028128656
0.355,0.03267755918639546,0.04445559263832017,0.03767922640880293,0.05135045015005002,0.29862006054070106,0.04395285073335348,0.29882655679142756
0.36,0.03334444814938313,0.04624230766278111,0.03934644881627209,0.05303434478159385,0.3021664545505822,0.04571361884226921,0.302323673928969
0.365,0.034678226075358455,0.0480780880914258,0.04101367122374125,0.05503501167055684,0.3056087097434215,0.04751570375430314,0.3058033491220211
0.37,0.03667889296432144,0.049949582793864286,0.0426808936312104,0.05701900633544515,0.30908300764919655,0.04935925592783347,0.3092656693626453
0.375,0.03901300433477826,0.05184978242664143,0.04468156052017339,0.05901967322440813,0.31252759928985396,0.05124441141737329,0.31271072120902776
0.38,0.0426808936312104,0.05378502877669272,0.046348782927642544,0.061020340113371124,0.3158990934916252,0.05317129186916847,0.31613859078764417
0.385,0.04434811603867956,0.055732291144095045,0.0480160053351117,0.06302100700233411,0.3193176504280208,0.055140004522844954,0.3195493637954123
0.39,0.04534844948316105,0.05777534787204673,0.05035011670556852,0.06535511837279093,0.3226687841559473,0.05715064221908256,0.32294312550183535
0.395,0.04601533844614872,0.0598461081955579,0.05235078359453151,0.06735578526175391,0.32605196059680897,0.05920328341328168,0.32631996075113234
0.4,0.04701567189063021,0.06193389121031666,0.0543514504834945,0.06935645215071691,0.3294428139376456,0.06129799219519261,0.3296799539643607
0.405,0.049016338779593195,0.06410712145957226,0.05635211737245749,0.07202400800266756,0.33277258585694713,0.06343481831447201,0.3330231891415256
0.41000000000000003,0.050683561187062354,0.066299043291374,0.058686228742914306,0.07402467489163055,0.33606731105897464,0.06561379721212535,0.3363497498636806
0.41500000000000004,0.05368456152050684,0.06854403586647664,0.0606702234078026,0.07637545848616203,0.33942011367819935,0.06783495005779694,0.33965971929501715
0.42,0.05501833944648216,0.07077067063729282,0.06268756252084028,0.07870956985661885,0.34273887091492916,0.07009828379285882,0.34295318018494325
0.425,0.056685561853951315,0.07308675798172304,0.0650216738912971,0.081027009003001,0.3460312596691385,0.0724037911792561,0.3462302148701527
0.43,0.05735245081693898,0.07546826586506479,0.06735578526175391,0.08369456485495165,0.3493099635146972,0.07475145085405382,0.3494909052766835
0.435,0.05901967322440813,0.07783875906583494,0.07002334111370456,0.0863621207069023,0.35258599713417915,0.07714122738963491,0.35273533292196535
0.44,0.061687229076358784,0.080279345701153,0.0723407802600867,0.08869623207735912,0.35584133650155614,0.07957307135949249,0.3559635789168586
0.445,0.06368789596532178,0.08278802310146094,0.07467489163054353,0.09136378792930977,0.35904360512563216,0.08204691940955855,0.35917572396768127
0.45,0.06635545181727243,0.08530037206262624,0.07700900300100035,0.09369789929976659,0.36224520619318856,0.0845626943350068,0.36237184837822667
0.455,0.07102367455818606,0.08794756744073184,0.07935978659553185,0.09636545515171724,0.36542010499996463,0.08712030516246827,0.3655520320517718
0.46,0.07469156385461821,0.090582079244967,0.0820273424474825,0.09936645548516172,0.3685552841938302,0.08971964723758974,0.36871635449307405
0.465,0.07702567522507503,0.09322193150135802,0.08469489829943315,0.10203401133711237,0.3717201696528141,0.09236060231786952,0.3718648948103592
0.47000000000000003,0.08169389796598867,0.09589182380112696,0.08702900966988997,0.10470156718906302,0.3748059496642353,0.09504303867069835,0.3749977317172992
0.47500000000000003,0.08369456485495165,0.0986545064571073,0.08969656552184062,0.10738579526508835,0.3779057483625668,0.09776681117653124,0.37811494353498
0.48,0.0873624541513838,0.10144155492605003,0.09236412137379127,0.11037012337445816,0.38100354439133954,0.1005317614371139,0.38121660819385916
0.485,0.08969656552184062,0.1042596447731494,0.09503167722574192,0.11337112370790263,0.3841196982243994,0.10333771788868895,0.38430280323571486
0.49,0.09303101033677892,0.10717319520253832,0.09803267755918639,0.11637212404134711,0.3871624208403128,0.10618449592009627,0.3873736058155839
0.495,0.0960320106702234,0.11006805404938119,0.10103367789263087,0.11903967989329776,0.3902235012605133,0.10907189799568984,0.39042909270369075
0.5,0.09903301100366789,0.11302165786994074,0.10368456152050684,0.12237412470823608,0.39319813311143736,0.11199971378298262,0.3934693402873666
0.505,0.10203401133711237,0.1160273310990217,0.10670223407802601,0.12537512504168055,0.3962742335533274,0.11496772028493685,0.39649442457295947
0.51,0.10403467822607536,0.11902165586727106,0.1097032344114705,0.12804268089363122,0.3993146197214231,0.11797568197680774,0.3995044211877341
0.515,0.10636878959653218,0.12205202868757373,0.11270423474491498,0.1313937979326442,0.4023019351462172,0.12102335094745031,0.40249940538176254
0.52,0.10803601200400133,0.1251481558250481,0.11570523507835945,0.13504501500500166,0.40526421720152983,0.12411046704500084,0.4054794520298056
0.525,0.1097032344114705,0.12832205329704488,0.11870623541180393,0.13871290430143382,0.40821715346556997,0.12723675802683404,0.4084446356331849
0.53,0.1130376792264088,0.13157138465574617,0.12170723574524842,0.1417139046348783,0.4112268320337684,0.13040193971370256,0.4113950303216448
0.535,0.11637212404134711,0.13473960789732728,0.12437479159719907,0.14506502167389126,0.41414271891097526,0.1336057161479628,0.41433070985520626
0.54,0.12137379126375458,0.13800229038641842,0.12769256418806268,0.1483994664888296,0.4170439195447538,0.13684777975578388,0.41725174762601036
0.545,0.12537512504168055,0.14129000624499152,0.13071023674558185,0.1513837945981994,0.4199374432785579,0.14012781151324505,0.4201582166601536
0.55,0.12870956985661888,0.14471023207268613,0.13404468156052018,0.15538512837612536,0.4227748922647227,0.14344548111621414,0.42305018961951335
0.555,0.13137712570856952,0.14807338181796348,0.13771257085695232,0.15873624541513837,0.4256630755463704,0.14680044715390655,0.42592773880356405
0.56,0.13337779259753252,0.15151663834558143,0.14138046015338446,0.16238746248749583,0.4285308983541731,0.1501923572860217,0.42879093615118513
0.5650000000000001,0.13704568189396465,0.1550293207512282,0.14469823274424806,0.16572190730243413,0.43135299354038964,0.15362084842334806,0.43163985324245957
0.5700000000000001,0.14138046015338446,0.1584815892918594,0.1480326775591864,0.1693897965988663,0.4341767576179046,0.15708554691173132,0.4344745613004629
0.5750000000000001,0.14671557185728576,0.16199527303228572,0.15171723907969323,0.17240746915638544,0.43701921327796606,0.16058606871929781,0.4372951311930443
0.58,0.14871623874624876,0.1655550181725571,0.15538512837612536,0.1760586862287429,0.4398436449120009,0.16412201962682554,0.44010163343459796
0.585,0.1503834611537179,0.16913345489537535,0.158702900966989,0.17939313104368124,0.4426380365026582,0.16769299542115013,0.4428941381878261
0.59,0.1533844614871624,0.17279066328749554,0.16238746248749583,0.18306102034011337,0.4453650048848447,0.17129858209149557,0.4456727152654929
0.595,0.15705235078359453,0.17644620278831702,0.16572190730243413,0.187079026342114,0.44813035776690385,0.1749383560286225,0.4484374341321702
0.6,0.16038679559853283,0.18012644188035967,0.16970656885628543,0.19039679893297765,0.4508883675272471,0.17861188422667468,0.4511883639059736
0.605,0.16505501833944647,0.1838537437070281,0.17339113037679227,0.19439813271090364,0.4536463772875903,0.18231872448761538,0.4539255733602906
0.61,0.17039013004334777,0.18761642602923026,0.17672557519173057,0.1983994664888296,0.45635365275245204,0.18605842562814112,0.4566491309255002
0.615,0.1747249083027676,0.19133204561680725,0.1803934644881627,0.20206735578526175,0.4590689388955473,0.1898305276889547,0.4593591046906834
0.62,0.18106035345115037,0.19520153698213036,0.1843947982660887,0.20575191730576856,0.4617902330473184,0.19363456214628522,0.4620555624053255
0.625,0.18372790930310104,0.19906969323441487,0.18806268756252084,0.20973657885961988,0.4645212067686219,0.19747005212554242,0.4647385714810097
0.63,0.18606202067355784,0.2029335103693226,0.1920640213404468,0.21407135711903968,0.46716005769023417,0.20133651261698587,0.4674081989931028
0.635,0.19006335445148384,0.20684605913015391,0.19606535511837278,0.21807269089696565,0.46986666559857587,0.20523345069329646,0.47006451168243146
0.64,0.1930643547849283,0.21075693899968673,0.20006668889629878,0.2217405801933978,0.47248482226808364,0.20916036572893637,0.47270757595695145
0.645,0.19806602200733578,0.21476594967758714,0.20438479493164388,0.2260753584528176,0.47514904033743566,0.2131167496211765,0.4753374578934071
0.65,0.20206735578526175,0.21867282420800271,0.20740246748916305,0.22975991997332443,0.4777481716461374,0.21710208701268124,0.47795422323898396
0.655,0.20573524508169388,0.222684505111981,0.21073691230410135,0.2344114704901634,0.48036833098520276,0.22111585551553326,0.48055793741295183
0.66,0.20806935645215072,0.22672255449847967,0.21507169056352118,0.23842947649216403,0.48295411116351405,0.22515752593658017,0.4831486655083008
0.665,0.21140380126708902,0.2308106706239414,0.219406468822941,0.24241413804601533,0.48557927717647564,0.2292265625039938,0.4857264722933681
0.67,0.21573857952650882,0.23486140358431098,0.2237245748582861,0.2467655885295098,0.488124002628837,0.23332242309492035,0.48829142221345756
0.675,0.2184061353784595,0.2390376371703478,0.22740913637879293,0.25110036678892966,0.4906834143246271,0.23744455946411175,0.4908435793924508
0.68,0.22540846948982995,0.24314210843053766,0.23107702567522506,0.2550850283427809,0.49320878063792395,0.24159241747342136,0.49338300763441045
0.685,0.2324108036012004,0.24732969047740655,0.2353951317105702,0.2594198066022007,0.4956987664556849,0.24576543732205314,0.4959097704251745
0.6900000000000001,0.23641213737912636,0.251522946754691,0.2397465821940647,0.26377125708569527,0.4982057749646939,0.249963053777444,0.49842393093394455
0.6950000000000001,0.2397465821940647,0.25578629646652346,0.2440646882294098,0.26808936312104037,0.5007017687911323,0.2541846964066776,0.5009255520148641
0.7000000000000001,0.2464154718239413,0.2600326234871085,0.24808269423141047,0.27142380793597864,0.5031456932090481,0.25842978980830666,0.5034146962085906
0.705,0.25141713904634877,0.2643063203249935,0.2527509169723241,0.27544181393797934,0.5056119807703671,0.2626977538444792,0.5058914257438583
0.71,0.2547515838612871,0.26859203318022945,0.2567522507502501,0.28009336445481825,0.5080982950272717,0.26698800387325566,0.5083558025390349
0.715,0.2594198066022007,0.27295985548736473,0.2610870290096699,0.2847782594198066,0.5105836079493974,0.27129995098100557,0.5108078882036684
0.72,0.26175391797265757,0.2772996404206811,0.2654218072690897,0.2891130376792264,0.5129848087500647,0.27563300221477993,0.5132477440400283
0.725,0.26808936312104037,0.2816728031799721,0.2700733577859286,0.2937645881960654,0.5154143807028105,0.2799865608145443,0.5156754310446375
0.73,0.27309103034344784,0.2860382890392891,0.2744248082694231,0.2974491497165722,0.5178312690816869,0.2843600264451708,0.5180910099097975
0.735,0.274758252750917,0.2904354838332835,0.2790930310103368,0.3017672557519173,0.5202805339517586,0.28875279542808013,0.5204945410251058
0.74,0.278759586528843,0.29481532215776973,0.28376125375125044,0.3064354784928309,0.5226733902959311,0.29316426097243226,0.5228860844789656
0.745,0.2834278092697566,0.2992225302995563,0.2877625875291764,0.3107869289763254,0.5250619075227286,0.29759381340575564,0.5252657000600875
0.75,0.2887629209736579,0.30367780251074705,0.2920973657885962,0.3154384794931644,0.5274667798842527,0.3020408404039196,0.5276334472589853
0.755,0.2910970323441147,0.3081477609653671,0.296432144048016,0.3197732577525842,0.5298028939242687,0.3065047272203422,0.529989385269462
0.76,0.2934311437145715,0.3125943549418043,0.30143381127042346,0.324108036012004,0.5321319986208288,0.3109848569143393,0.5323335729900908
0.765,0.29709903301100365,0.3170259288965528,0.30543514504834945,0.32877625875291766,0.5344767908955981,0.3154806105785102,0.5346660690256866
0.77,0.30110036678892965,0.3214434841643916,0.30943647882627545,0.3327942647549183,0.536879326809304,0.31999136756506746,0.5369869316887719
0.775,0.3061020340113371,0.32594548533194795,0.3144214738246082,0.33777925975325107,0.5391940790406947,0.32451650571101254,0.5392962190010342
0.78,0.31077025675225073,0.3304511580603618,0.318756252084028,0.34213071023674557,0.5414494187418498,0.3290554015620624,0.5415939886947765
0.785,0.31710570190063353,0.3350392740189338,0.32344114704901633,0.34611537179059687,0.5437371349342004,0.33360743059523645,0.5438802982143608
0.79,0.322107369123041,0.3396537584600268,0.32775925308436143,0.3507835945315105,0.5459998177570698,0.33817196744000827,0.5461552047176441
0.795,0.32777592530843613,0.3442775886923928,0.3327775925308436,0.35545181727242414,0.5482334618713418,0.34274838609793845,0.5484187650774077
0.8,0.33377792597532513,0.3488570264162123,0.3371123707902634,0.3601200400133378,0.5504674397638722,0.3473360601606937,0.5506710358827784
0.805,0.33811270423474493,0.3534651690703705,0.3421140380126709,0.3647882627542514,0.5527027527694407,0.3519343630263715,0.5529120734406436
0.81,0.3431143714571524,0.35805762414631964,0.34678226075358454,0.3691230410136712,0.5548993474968805,0.35654266811404073,0.5551419337770589
0.8150000000000001,0.3464488162720907,0.3626801192656477,0.3507835945315105,0.3737912637545849,0.557114633806864,0.36116034907641853,0.5573606726386489
0.8200000000000001,0.3504501500500167,0.36723652628954395,0.3561187062354118,0.3781260420140047,0.5593733112906178,0.365786780010601,0.5595683454940008
0.8250000000000001,0.35945315105035014,0.3718443351654419,0.3601200400133378,0.38312770923641215,0.5615475428746511,0.37042133566676727,0.5617650075350509
0.8300000000000001,0.3667889296432144,0.3764621573891327,0.3647882627542514,0.3881293764588196,0.5637581562890005,0.3750633916547816,0.5639507136784645
0.835,0.37045681893964655,0.3810636244780955,0.3694398132710904,0.3924808269423141,0.5659187029643844,0.37971232464861493,0.5661255185670091
0.84,0.37445815271757255,0.3856343839671612,0.37444148049349785,0.39714904968322773,0.568116299026602,0.3843675125885132,0.5682894765709203
0.845,0.3797932644214738,0.3902996027037368,0.37912637545848615,0.4021340446815605,0.5702654972411556,0.38902833488084193,0.5704426417892609
0.85,0.3867955985328443,0.3949871845837166,0.38346115371790596,0.4064688229409803,0.5724260439165415,0.3936941725955342,0.5725850680512733
0.855,0.3901300433477826,0.3997385181113092,0.3887962654218073,0.41080360120040016,0.5745849217006264,0.39836440866107453,0.5747168089177259
0.86,0.39379793264421475,0.40440273551310685,0.3934478159386462,0.41547182394131377,0.5767020772022429,0.40303842805695544,0.5768379176822511
0.865,0.3987995998666222,0.4090505977801749,0.3977992664221407,0.41982327442480827,0.5788182313690811,0.407715618003538,0.5789484473726788
0.87,0.40713571190396797,0.41377289259916866,0.4021340446815605,0.42480826942314104,0.5809307139750622,0.4123953681492555,0.581048450752361
0.875,0.41180393464488163,0.4184704878269401,0.40778592864288093,0.4294764921640547,0.5830144916507035,0.4170770707551044,0.5831379803214916
0.88,0.4148049349783261,0.42312168787660615,0.41213737912637544,0.43447815938646217,0.5851169609088911,0.42176012087635817,0.5852170883184187
0.885,0.4188062687562521,0.42770880250040016,0.4168056018672891,0.438812937645882,0.5871850510063245,0.4264439165414495,0.5872858267209504
0.89,0.42447482494164723,0.4323890412586649,0.4211403801267089,0.4434978326108703,0.5892377873038087,0.4311278589279716,0.5893442472476544
0.895,0.43014338112704237,0.4370422439778893,0.42614204734911637,0.44814938312770924,0.5912504702101236,0.43581135253573927,0.5913924013591516
0.9,0.436812270756919,0.4417395054274019,0.43081027009003003,0.4534844948316105,0.5933155563032184,0.44049380535686644,0.5934303402594009
0.905,0.43947982660886964,0.4464067268335357,0.4357952650883628,0.4578192730910303,0.5953375850008052,0.44517462904280747,0.5954581148969812
0.91,0.4448149383127709,0.4510746157961901,0.43981327109036344,0.4621540513504501,0.597376302611381,0.4498532390683193,0.597475775966364
0.915,0.45015005001667224,0.45570545537200985,0.4451483827942648,0.46648882960987,0.5993883179611755,0.4545290548923,0.5994833739091812
0.92,0.4538179393131044,0.4604654671343565,0.45015005001667224,0.4711570523507836,0.6013793052806065,0.45920150011546196,0.6014809589154859
0.925,0.46115371790596865,0.46517641349251804,0.45448482827609205,0.47615871957319106,0.6033569414696455,0.46387000263480105,0.6034685809250071
0.93,0.46548849616538845,0.4698412984508341,0.45915305101700565,0.4808269423141047,0.6053435896716981,0.46853399479482355,0.605446289628399
0.935,0.4711570523507836,0.47446345979190196,0.4638212737579193,0.4851617205735245,0.6073048707260114,0.4731929135354957,0.6074141344684816
0.9400000000000001,0.47615871957319106,0.47902086815057743,0.4681560520173391,0.4894964988329443,0.609235777958685,0.4778462005368833,0.6093721646414789
0.9450000000000001,0.48016005335111706,0.4837041109131802,0.4728242747582527,0.49384794931643883,0.6111900496695422,0.4824933023604507,0.611320429098247
0.9500000000000001,0.4838279426475492,0.4883169264629736,0.47715905301767253,0.49816605535178393,0.6131913841150262,0.48713367058698803,0.6132589765454988
0.9550000000000001,0.4894964988329443,0.4929264042301711,0.48214404801600536,0.5031677225741914,0.615146323382403,0.4917667619511426,0.6151878554470215
0.96,0.4968322774258086,0.49750650951051073,0.48649549849949986,0.507835945315105,0.6170361758891268,0.49639203847252794,0.6171071140248879
0.965,0.5008336112037346,0.5022217949860498,0.4914804934978326,0.5121707235745249,0.6189320364045268,0.5010089675833875,0.6190168002606627
0.97,0.5051683894631543,0.5067748642273491,0.49583194398132713,0.5165221740580193,0.6208445858329162,0.5056170222527948,0.6209169618966012
0.975,0.5081693897965989,0.5113175863425955,0.5005001667222407,0.5218406135378459,0.6227280965527043,0.5102156811073664,0.622807646436843
0.98,0.5105035011670557,0.5159003618490121,0.5051517172390797,0.526858952984328,0.6246376419767564,0.5148044285484774,0.6246889011486004
0.985,0.5168389463154385,0.5204697862250388,0.5095031677225742,0.531510503501167,0.6265064664531157,0.5193827548659598,0.6265607730633391
0.99,0.5218406135378459,0.5249674482752185,0.5141547182394132,0.5358619539846615,0.6283535953425924,0.523950156348273,0.6284233089779543
0.995,0.5265088362787596,0.5294898099166193,0.5185061687229077,0.5405301767255751,0.6301980540059904,0.5285061353891363,0.6302765554559411
1.0,0.5318439479826609,0.5340368711492426,0.5235078359453151,0.5448482827609203,0.6320268250911796,0.5330502005906137,0.6321205588285577
1.0050000000000001,0.5371790596865622,0.5384898069126146,0.5278426142047349,0.5488496165388462,0.6338469179416171,0.5375818668626449,0.6339553651959846
1.01,0.5411803934644882,0.5430248521278862,0.5318439479826609,0.5531843947982661,0.6356620041181557,0.5421006555190166,0.6357810204284766
1.0150000000000001,0.5458486162054018,0.5474727812173633,0.5364954984994998,0.5581860620206736,0.6374533920382531,0.5466060943697749,0.6375975701675097
1.02,0.5501833944648216,0.5519554232458533,0.5411803934644882,0.5625208402800934,0.6392618026495993,0.5510977178100697,0.6394050598269216
1.025,0.5541847282427476,0.5564434057264999,0.545515171723908,0.5665221740580193,0.641060199913152,0.5555750669054434,0.6412035345940483
1.03,0.5578526175391797,0.5608462747509101,0.5501833944648216,0.5708736245415138,0.6428846318809649,0.5600376894735559,0.6429930394308526
1.035,0.5615205068356118,0.5652885296099702,0.5545181727242414,0.5755251750583528,0.6446736833532434,0.5644851401623564,0.6447736190750485
1.04,0.5668556185395132,0.5697167657821207,0.5591697232410804,0.5801933977992664,0.6464013196257273,0.5689169805247076,0.6465453180412198
1.045,0.571190396798933,0.5741096214587377,0.5638546182060686,0.5845281760586862,0.6481866995371502,0.5733327790894678,0.6483081806219331
1.05,0.5761920640213405,0.5785321834004733,0.5681893964654885,0.588862954318106,0.6499607309877392,0.5777321114290446,0.6500622508888447
1.055,0.5815271757252417,0.5829377226509598,0.5728576192064021,0.592864288096032,0.6517424393383061,0.5821145602234263,0.6518075726938024
1.06,0.5865288429476492,0.5871923941280389,0.5771757252417473,0.5975325108369457,0.6534770849542436,0.586479715320713,0.6535441896699425
1.065,0.5921973991330444,0.591550870643901,0.5815105035011671,0.6015338446148716,0.655222411474496,0.5908271737941492,0.6552721452327799
1.07,0.5981993997999333,0.5958719639946707,0.5855285095031677,0.6058686228742914,0.6569433721817847,0.5951565399956895,0.6569914825812934
1.075,0.6055351783927976,0.6001416554934397,0.5901967322440813,0.610536845615205,0.6586813555803217,0.5994674256061017,0.6587022446990063
1.08,0.608869623207736,0.6044524017181571,0.5941980660220073,0.6145548516172057,0.6603879638224422,0.6037594496816368,0.6604044743550609
1.085,0.6135378459486496,0.6086960585126643,0.5985328442814272,0.6188729576525509,0.6620625293516251,0.6080322386972823,0.6620982141052869
1.09,0.6198732910970324,0.612890649902988,0.6025341780593532,0.6232244081360453,0.6637524486807578,0.6122854265866224,0.6637835062932667
1.095,0.624541513837946,0.6170475243499589,0.6068522840946983,0.6272090696898966,0.6654730756097883,0.6165186547783279,0.6654603930513924
1.1,0.6295431810603535,0.6212537979793737,0.6108702900966989,0.6315438479493164,0.66716299493892,0.6207315722293061,0.6671289163019205
1.105,0.6338779593197733,0.6254049981959291,0.6152050683561187,0.635561853951317,0.6688382280246227,0.624923835454531,0.668789117758019
1.11,0.6385461820606869,0.6295174801343532,0.6192064021340447,0.6398799599866623,0.6705074531016517,0.6290951085535881,0.670441038924811
1.115,0.6435478492830944,0.6336226189510618,0.6235411803934645,0.6435478492830944,0.6721720052830423,0.6332450632339577,0.6720847211004115
1.12,0.6472157385795265,0.6377290928808101,0.6275258419473159,0.6478826275425141,0.6738148618775499,0.637373378831075,0.6737202053769605
1.125,0.652217405801934,0.6418098658845575,0.6322107369123041,0.652217405801934,0.6754413633373288,0.6414797423251908,0.6753475326416503
1.1300000000000001,0.6555518506168723,0.6458385694797837,0.6358786262087363,0.6555685228409469,0.6770548474449771,0.6455638483550736,0.6769667435777471
1.135,0.6595531843947983,0.649867273075008,0.6398799599866623,0.6598866288762921,0.6786596533178731,0.6496253992285819,0.6785778786656087
1.1400000000000001,0.6638879626542181,0.653880956648546,0.6438812937645882,0.6642214071357119,0.6802774765428975,0.6536641049301488,0.6801809781836962
1.145,0.667889296432144,0.6578849606525488,0.6475491830610204,0.667889296432144,0.6818569152680534,0.6576796831252074,0.6817760822095809
1.1500000000000001,0.6708902967655885,0.6618048525350945,0.6515505168389463,0.6715738579526508,0.6834860869539103,0.6616718591616046,0.6833632306209468
1.155,0.6745581860620207,0.6657077217263938,0.6555518506168723,0.6752250750250083,0.6850928954963628,0.6656403660680341,0.6849424630965867
1.16,0.6795598532844281,0.6696723398957478,0.6595531843947983,0.6795598532844281,0.686653976417231,0.6695849445495332,0.6865138191173947
1.165,0.6828942980993664,0.673554181056681,0.6638712904301435,0.6832277425808603,0.6881926941946941,0.6735053429800839,0.6880773379673533
1.17,0.6858952984328109,0.6773882919264717,0.6678726242080694,0.6875625208402801,0.6897991689588887,0.6774013173923583,0.689633058734515
1.175,0.6912304101367123,0.6812247392440794,0.6715571857285761,0.6912304101367123,0.6913392218493914,0.6812726314646542,0.6911810203119801
1.18,0.6965655218406135,0.685054177218232,0.6752084028009336,0.6952317439146383,0.6928836138572726,0.6851190565050599,0.6927212613988687
1.185,0.7009003001000333,0.6888705978402546,0.6795598532844281,0.698916305435145,0.6944310098694892,0.6889403714329003,0.6942538205012883
1.19,0.7049016338779593,0.6925808769756744,0.6832277425808603,0.7022507502500833,0.6959703952034734,0.6927363627574993,0.6957787359332959
1.195,0.7079026342114038,0.6962874845502394,0.6868956318772924,0.7062520840280093,0.6975221303330666,0.6965068245543156,0.6972960458178572
1.2,0.7115705235078359,0.7000137850421273,0.6905635211737245,0.7095865288429476,0.6990311418454124,0.7002515584384887,0.6988057880877978
1.205,0.7162387462487496,0.7036873485689753,0.6945648549516505,0.7135878626208736,0.700542823583838,0.7039703735358518,0.7003080004867537
1.21,0.7189063021007003,0.7073338760567842,0.698216072024008,0.7172557519173057,0.7019914212311676,0.7076630864514494,0.7018027205701126
1.215,0.7242414138046015,0.7109323394751861,0.7012337445815272,0.7209069689896632,0.7035024354130714,0.7113295212356194,0.7032899857059547
1.22,0.729243081027009,0.7145077721936671,0.7049016338779593,0.7249083027675892,0.7049527019517019,0.7149695093476796,0.7047698330759857
1.225,0.733244414804935,0.7181669832553467,0.7085695231743915,0.7285761920640214,0.7064563730118908,0.7185828896172739,0.7062422996764672
1.23,0.7375791930643548,0.7217500928738007,0.7122374124708236,0.7322440813604535,0.7079073071070394,0.7221695082034251,0.7077074223191406
1.235,0.741247082360787,0.7252994908880198,0.7155718572857619,0.7352617539179727,0.7093669194369425,0.7257292185513495,0.7091652376321484
1.24,0.7442480826942314,0.7287761252416144,0.7189063021007003,0.7392464154718239,0.7107898161582716,0.7292618813470773,0.7106157820609493
1.245,0.7459153051017006,0.7323208503601982,0.7229076358786262,0.7422474158052684,0.7122113777665627,0.7327673644699385,0.7120590918692298
1.25,0.7489163054351451,0.7358158425180761,0.7262420806935646,0.7459153051017006,0.7136800021094781,0.7362455429429594,0.7134952031398099
1.2550000000000001,0.7519173057685895,0.7391916758372257,0.7299099699899967,0.7492497499166388,0.7150818708004438,0.7396962988812252,0.7149241517755465
1.26,0.7542514171390463,0.7425671753781125,0.733244414804935,0.7526008669556519,0.7165204550999807,0.7431195214382614,0.7163459735002295
1.2650000000000001,0.7582527509169723,0.7459660393971835,0.7362454151383795,0.756268756252084,0.7179490260517262,0.7465151067504843,0.7177607038594767
1.27,0.760920306768923,0.7493098300033959,0.7399133044348116,0.7596032010670223,0.7193785983382514,0.7498829578797755,0.7191683782216203
1.2750000000000001,0.7635878626208736,0.7526753161964885,0.7432310770256753,0.7625875291763922,0.7207607741118909,0.7532229847542339,0.7205690317785927
1.28,0.7672557519173058,0.7559520173724921,0.7459153051017006,0.7662554184728243,0.7221830032767023,0.7565351041071537,0.7219626995468058
1.285,0.7695898632877626,0.75922971988327,0.7492497499166388,0.7692730910303434,0.7235751923981334,0.7598192394142913,0.7233494163680265
1.29,0.7732577525841947,0.7624707067854787,0.7525841947315772,0.7722574191397132,0.724985071767332,0.7630753208294616,0.7247292169102477
1.295,0.7779259753251083,0.7656569540530851,0.7559186395465155,0.7755918639546515,0.7263615733105571,0.766303285118529,0.7261021356685544
1.3,0.7802600866955652,0.76883418930768,0.7592364121373791,0.778592864288096,0.7277293966190267,0.7695030755918394,0.7274682069659875
1.305,0.784594864954985,0.7720167650144306,0.7619206402134044,0.7815938646215406,0.7290645096580414,0.7726746420351488,0.7288274649544001
1.31,0.7869289763254418,0.775131583734451,0.7652550850283428,0.7852617539179727,0.7304213182839404,0.775817940639102,0.7301799436153131
1.315,0.788596198732911,0.7782086855111192,0.768922974324775,0.7882627542514171,0.7318151762966705,0.7789329339273139,0.7315256767607634
1.32,0.7915971990663555,0.7812854535095292,0.7715905301767255,0.7912637545848616,0.7331813307138417,0.7820195906831078,0.7328646980341497
1.325,0.7949316438812938,0.7842927956299093,0.77459153051017,0.7939313104368123,0.734548486465792,0.7850778858749621,0.7341970409110734
1.33,0.7969323107702567,0.7872764394938456,0.7772590863621207,0.7966155385128376,0.7358585661353254,0.7881078005807196,0.735522738700176
1.335,0.8012670890296766,0.7902791087185893,0.780593531177059,0.7992664221407135,0.737177657817872,0.7911093219106118,0.7368418245439713
1.34,0.8049349783261087,0.7932871183954873,0.7832610870290097,0.8026008669556519,0.7385461486828616,0.7940824429291493,0.738154331419674
1.345,0.8076025341780594,0.7962116835074492,0.7862620873624542,0.8059353117705902,0.7398448798915629,0.7970271625759325,0.7394602921400244
1.35,0.8106035345115038,0.7990758347543944,0.7892630876958986,0.8086195398466155,0.74116096756977,0.7999434855854348,0.7407597393541085
1.355,0.8129376458819606,0.801981040727289,0.7919306435478493,0.8116038679559854,0.742428991178575,0.8028314224058049,0.7420527055481743
1.36,0.8152717572524175,0.804804137248285,0.7949316438812938,0.8142714238079359,0.7437307263916134,0.8056909891167475,0.7433392230464442
1.365,0.8189396465488497,0.8076339093344772,0.7975991997332444,0.8172724241413805,0.7450481491828606,0.808522207346527,0.7446193240119223
1.37,0.8209403134378126,0.8104523329598349,0.8009336445481827,0.8206068689563187,0.7463572275176155,0.8113251041881476,0.7458930404471997
1.375,0.8249416472157386,0.8132457232157138,0.8039346448816272,0.8232744248082694,0.7476078946569106,0.8140997121147581,0.7471604041952535
1.3800000000000001,0.8296098699566522,0.8159917169587054,0.8065855285095033,0.8262754251417139,0.7488508848962331,0.8168460688943343,0.7484214469402435
1.385,0.8312770923641214,0.8186262287629406,0.8089363121040347,0.8286095365121707,0.7500982142529327,0.8195642175036846,0.7496762002083039
1.3900000000000001,0.8329443147715905,0.8213044655192051,0.8119373124374791,0.8312770923641214,0.7513508840617877,0.822254206041831,0.7509246953683318
1.395,0.8362787595865289,0.823913610175698,0.8145881960653552,0.8332777592530843,0.7525675058185896,0.8249160876428107,0.7521669636327712
1.4000000000000001,0.8382794264754918,0.8265174143800345,0.8166055351783928,0.8359619873291096,0.753791136918846,0.8275499203879494,0.7534030360583935
1.405,0.8409469823274425,0.829093848767074,0.8196065355118373,0.8386128709569857,0.7550267840364551,0.8301557672176505,0.7546329435470737
1.41,0.8456152050683561,0.8316812978366835,0.8222740913637879,0.841297099033011,0.7562701080540353,0.83273369584275,0.7558567168465629
1.415,0.8472824274758253,0.8341989872500035,0.824924974991664,0.843947982660887,0.757530788541125,0.8352837786554812,0.7570743865512576
1.42,0.8502834278092698,0.8367089997633502,0.8269423141047015,0.8462820940313438,0.7587210418154071,0.837806092640095,0.7582859831029636
1.425,0.8522840946982327,0.839179626442048,0.8299433144381461,0.8489496498832945,0.759936996015688,0.8403007192831831,0.7594915367916579
1.43,0.8546182060686895,0.8416288913121186,0.8322774258086029,0.8512837612537513,0.7611385977508011,0.8427677444837458,0.7606910777562454
1.435,0.8582860953651217,0.8440831628560878,0.8349449816605535,0.8539513171057019,0.7623482101641488,0.8452072584630503,0.761884635985313
1.44,0.8606202067355785,0.8464806920958968,0.8372790930310103,0.8563021007002334,0.7635528159036,0.847619355674321,0.7630722413178782
1.445,0.8632877625875292,0.8488798902270058,0.839946648882961,0.8586195398466155,0.7647584229778289,0.850004134712306,0.7642539234441365
1.45,0.8649549849949983,0.8512974461624017,0.842597532510837,0.8609536512170723,0.7659510126999282,0.8523616982227611,0.7654297119062023
1.455,0.867622540846949,0.8536178726242074,0.8449483161053685,0.8632877625875292,0.7671152312699493,0.8546921528118927,0.7665996360988487
1.46,0.8689563187729243,0.8559192737252094,0.8469489829943314,0.8652884294764922,0.7682707716052167,0.8569956089557991,0.7677637252702412
1.465,0.8722907635878626,0.8581782849872214,0.8489496498832945,0.867622540846949,0.7694243092709244,0.859272180909952,0.7689220085226698
1.47,0.8756252084028009,0.8604252802318815,0.8516005335111705,0.869623207735912,0.770586525171386,0.8615219866187558,0.7700745148132762
1.475,0.8769589863287762,0.8626175358419429,0.8536178726242081,0.871623874624875,0.7717363912762378,0.8637451476252235,0.7712212729547776
1.48,0.879293097699233,0.8648134630128621,0.855618539513171,0.8742914304768256,0.7728849222680514,0.8659417889808082,0.7723623116161873
1.485,0.8806268756252084,0.8669947039403532,0.8582860953651217,0.8759586528842948,0.7740207696859915,0.8681120391554245,0.7734976593235312
1.49,0.8812937645881961,0.8691382279244906,0.8602867622540847,0.8779593197732578,0.7751459361996204,0.8702560299476982,0.7746273444605613
1.495,0.8822940980326776,0.8711939682263112,0.8626042014004669,0.8799599866622208,0.7762587529176382,0.8723738963954811,0.7757513952694647
1.5,0.8842947649216405,0.8732113240282621,0.8649383127709237,0.8816438812937646,0.7773992732312168,0.8744657766866598,0.7768698398515702
1.5050000000000001,0.8869623207735912,0.8752640603257479,0.8666222074024675,0.8836278759586529,0.778498405040586,0.8765318120703005,0.7779827061680507
1.51,0.8899633211070357,0.8772543800886577,0.8686228742914305,0.8859619873291097,0.7796339186802668,0.8785721467681554,0.7790900220406218
1.5150000000000001,0.8919639879959986,0.879272737225388,0.8706235411803934,0.8876292097365789,0.780745734063506,0.8805869278865701,0.7801918151522383
1.52,0.893297765921974,0.8812877565795191,0.8722907635878626,0.8896465488496165,0.7818562143337086,0.8825763053288167,0.7812881130477852
1.5250000000000001,0.895298432810937,0.8832840843511058,0.8742747582527509,0.8913137712570857,0.782974705282141,0.8845404317078894,0.7823789431347672
1.53,0.8959653217739246,0.8852186631446394,0.876275425141714,0.8936312104034678,0.7840464672742102,0.8864794622597888,0.783464332683993
1.5350000000000001,0.8986328776258753,0.8871645903990022,0.8779593197732578,0.8956318772924308,0.7851025416880716,0.8883935547573263,0.7845443088302579
1.54,0.901300433477826,0.8890717993752338,0.8796265421807269,0.8976325441813938,0.7861826481366337,0.8902828694244757,0.785618898573022
1.545,0.9046348782927642,0.8909526398689467,0.8826108702900968,0.8992997665888629,0.7872600843591172,0.8921475688513005,0.7866881287770848
1.55,0.9063021007002334,0.8927887540758503,0.8842947649216405,0.9009669889963321,0.7883168263294965,0.8939878179094843,0.7877520261732569
1.555,0.9079693231077026,0.8945928255698187,0.8862787595865289,0.9026342114038013,0.7894002705606579,0.8958037836684882,0.7888106173590288
1.56,0.9093031010336778,0.8963314765248758,0.8882627542514171,0.9046348782927642,0.7904510045223619,0.8975956353123637,0.7898639287992353
1.565,0.9113037679226409,0.8980938257363731,0.8899633211070357,0.9063021007002334,0.7914920589145333,0.899363544057242,0.790911986826717
1.57,0.9123041013671224,0.8997807410611675,0.8916305435145049,0.9079693231077026,0.7925241012936903,0.9011076830695275,0.7919548176429796
1.575,0.9136378792930977,0.9014726630598597,0.8932810936978993,0.9093197732577525,0.7935444614337588,0.9028282273848142,0.7929924473188473
1.58,0.9156385461820606,0.9031532365977191,0.8949483161053685,0.910970323441147,0.7945634864607865,0.9045253538275505,0.7940249017951165
1.585,0.9166388796265422,0.9048334763573181,0.8962987662554185,0.912320773591197,0.7955768372573975,0.9061992409314716,0.7950522068832027
1.59,0.9186395465155052,0.906459977817097,0.8982827609203068,0.9143047682560853,0.7965851813801128,0.9078500688608213,0.7960743882657866
1.595,0.9206402134044681,0.9080694565856294,0.8996332110703568,0.9159719906635545,0.7976249006592452,0.9094780193323824,0.797091471497456
1.6,0.9213071023674558,0.9096992958280059,0.901300433477826,0.9173057685895298,0.7986302407776232,0.9110832755383343,0.7981034820053446
1.605,0.9219739913304434,0.9113014314748232,0.9029676558852952,0.918972990996999,0.7996405875698982,0.9126660220699576,0.7991104450897679
1.61,0.922974324774925,0.9129212573694067,0.9049683227742581,0.920973657885962,0.8006412547926383,0.9142264448422011,0.8001123859248556
1.615,0.9236412137379126,0.9144419511208447,0.9063021007002334,0.9223074358119373,0.8016302397762886,0.9157647310191285,0.8011093295591803
1.62,0.9243081027009002,0.9159299346028253,0.9083027675891964,0.9236578859619873,0.8026225625425359,0.9172810689402631,0.8021013009163853
1.625,0.9259753251083694,0.9174199207543651,0.9093031010336778,0.9249916638879626,0.8036389173434858,0.9187756480478407,0.8030883247958059
1.6300000000000001,0.9263087695898633,0.9189015624494122,0.9109536512170724,0.9266422140713572,0.8046122147489275,0.9202486588149904,0.8040704258730906
1.635,0.928976325441814,0.920398224166147,0.9126208736245416,0.9279759919973325,0.8056011997325772,0.9217002926748533,0.8050476287008175
1.6400000000000001,0.930643547849283,0.9218444853656591,0.9139713237745916,0.9293264421473824,0.8065744971380179,0.923130741950654,0.8060199577091081
1.645,0.9319773257752584,0.9232834034434559,0.9153051017005669,0.930643547849283,0.8075467932086806,0.9245401997867359,0.8069874372062382
1.6500000000000001,0.934644881627209,0.9246849383561629,0.9166388796265422,0.9323107702567522,0.8085371133053704,0.9259288600805727,0.8079500913792459
1.655,0.9356452150716905,0.9260267269603708,0.9183061020340113,0.9336445481827276,0.8094997298064988,0.9272969174157665,0.8089079442945354
1.6600000000000001,0.9369789929976658,0.9273982218296996,0.9199566522174059,0.9349783261087029,0.8104513316250556,0.9286445669960426,0.8098610198984795
1.665,0.9383127709236412,0.9287753909294422,0.9213071023674558,0.9363121040346782,0.8114009307740554,0.9299720045802496,0.810809342018018
1.67,0.940646882294098,0.9300968190598056,0.9223074358119373,0.9373124374791597,0.8123338410100663,0.9312794264183756,0.8117529343612532
1.675,0.9416472157385796,0.9313868720337539,0.9239746582194065,0.938646215405135,0.8132734268112713,0.932567029188586,0.812691820518043
1.68,0.942647549183061,0.9326629063207919,0.9256418806268756,0.9399799933311104,0.8141956561429718,0.9338350099352913,0.81362602396059
1.685,0.9433144381460487,0.9339502890686621,0.9266422140713572,0.9413137712570857,0.8151379121702561,0.9350835660082533,0.8145555680440291
1.69,0.9443147715905301,0.9351912766384272,0.9279759919973325,0.9423141047015672,0.816071156184527,0.9363128950027311,0.8154804760070107
1.695,0.9456485495165055,0.9363915432604978,0.9293097699233077,0.9433311103701233,0.8170020637509804,0.9375231947006787,0.8164007709722821
1.7,0.9463154384794932,0.9375888058782347,0.9303101033677893,0.9443314438146048,0.8179159486261862,0.938714663012992,0.8173164759472653
1.705,0.9489829943314438,0.938763037796048,0.9316438812937646,0.9456485495165055,0.8188164823710011,0.9398874979228163,0.8182276138246325
1.71,0.9499833277759253,0.9399552937398878,0.9332944314771591,0.9466655551850617,0.8197176836723346,0.941041897429911,0.8191342073828779
1.715,0.9499833277759253,0.941120513644689,0.9343114371457152,0.9479826608869624,0.8206155471910713,0.9421780594960799,0.8200362792868878
1.72,0.9516505501833945,0.9422456801583183,0.9352950983661221,0.9493164388129376,0.8215030635837572,0.943296181991667,0.8209338520885068
1.725,0.952650883627876,0.9433494848633226,0.9366455485161721,0.9503167722574192,0.8224029297720515,0.9443964626431184,0.8218269482271016
1.73,0.9533177725908636,0.9444205792988712,0.9379793264421474,0.9513171057019006,0.8232523954431252,0.9454790989816151,0.8227155900301222
1.735,0.9543181060353451,0.945496680408315,0.938646215405135,0.9523174391463821,0.8241192175837044,0.9465442882927726,0.82359979971366
1.74,0.9556518839613204,0.9465924744350868,0.9402967655885296,0.9533177725908636,0.8249806992721286,0.947592227567412,0.8244795993830032
1.745,0.956652217405802,0.9476185088055715,0.940646882294098,0.9543181060353451,0.825885905912581,0.9486231134533987,0.8253550110331891
1.75,0.956652217405802,0.9486251840369897,0.9416305435145049,0.9553184394798266,0.8267831018747979,0.9496371422085492,0.8262260565495548
1.7550000000000001,0.9569856618872957,0.949642873950978,0.9429809936645549,0.9559853284428143,0.8276706182674829,0.9506345096546052,0.8270927577082836
1.76,0.9579859953317773,0.9506265184824726,0.9439813271090364,0.9566688896298766,0.8285190826037776,0.9516154111322704,0.8279551361769495
1.7650000000000001,0.9583194398132711,0.9515741149619122,0.9449816605535178,0.9579859953317773,0.8293852371878386,0.952580041457311,0.8288132135150591
1.77,0.9606535511837279,0.9525333936804433,0.9459819939979993,0.9589863287762588,0.8302660780153287,0.9535285948777139,0.8296670111745905
1.7750000000000001,0.9613204401467156,0.9535046884163235,0.946648882960987,0.9596532177392464,0.8311132072385826,0.9544612650319013,0.83051655050053
1.78,0.962320773591197,0.9544309230871416,0.9479659886628877,0.9606535511837279,0.8319359706488739,0.9553782449079958,0.8313618527314045
1.7850000000000001,0.9636545515171724,0.9553301217189177,0.94864954984995,0.9616538846282094,0.8327687474069587,0.9562797268041342,0.8322029389998141
1.79,0.9646548849616539,0.9561996140855759,0.9499833277759253,0.9626542180726909,0.8336055295041608,0.9571659022898227,0.8330398303329594
1.795,0.9656552184061353,0.9570948073782358,0.9509836612204068,0.9633211070356785,0.8344633396317295,0.9580369621683305,0.833872547653167
1.8,0.9659886628876292,0.9579469432753877,0.9519839946648883,0.9639879959986662,0.8352764234724896,0.9588930964401139,0.8347011117784134
1.805,0.966322107369123,0.9587887320464852,0.952650883627876,0.9646548849616539,0.8360664766133263,0.9597344942672679,0.8355255434228451
1.81,0.9666555518506169,0.9596008145524647,0.9536512170723574,0.9653217739246416,0.8368982520366327,0.9605613439389953,0.836345863197296
1.815,0.9666555518506169,0.9604225766279779,0.9546515505168389,0.966322107369123,0.8377093332078336,0.961373832838091,0.837162091609803
1.82,0.9669889963321107,0.961228984903542,0.9553184394798266,0.9669889963321107,0.8385077308051645,0.9621721474084295,0.8379742490661193
1.825,0.9679893297765922,0.9620096922531051,0.9559853284428143,0.9676558852950984,0.8393171430850673,0.9629564731234524,0.8387823558702232
1.83,0.968322774258086,0.962776380915759,0.9573024341447149,0.968322774258086,0.8401175433519559,0.9637269944556455,0.8395864322248272
1.835,0.9686562187395799,0.9635230428828295,0.9576525508502834,0.9690063354451484,0.8409316285274943,0.9644838948469986,0.8403864982318819
1.84,0.9699899966655552,0.9642910666585219,0.9583194398132711,0.9699899966655552,0.8417230167813692,0.9652273566804396,0.8411825738930794
1.845,0.9709903301100367,0.9650347246212537,0.959303101033678,0.9706568856285428,0.8425134037004652,0.9659575612522333,0.8419746791103522
1.85,0.9713237745915305,0.9657813865883227,0.9596532177392464,0.9713237745915305,0.8433131364108345,0.966674688745337,0.8427628336863724
1.855,0.9726575525175059,0.9665106920858849,0.9603201067022341,0.9720073357785928,0.8441048584429711,0.9673789182037031,0.8435470573250452
1.86,0.9729909969989997,0.9672009455270557,0.9609869956652217,0.9723407802600866,0.8449009195924827,0.9680704275075186,0.8443273696320027
1.865,0.9729909969989997,0.9678935354160445,0.9619873291097032,0.9733244414804935,0.8457053251984893,0.9687493933493739,0.845103790115093
1.87,0.9733244414804935,0.9685634283833685,0.9626542180726909,0.9739913304434812,0.846484363656755,0.9694159912113475,0.8458763381848686
1.875,0.9739913304434812,0.9692156311029266,0.9633211070356785,0.9746582194064688,0.8472380349672779,0.9700703953429989,0.8466450331550716
1.8800000000000001,0.9746582194064688,0.9698551502486125,0.9643047682560855,0.9749916638879627,0.8479846969343483,0.97071277874026,0.8474098942431161
1.885,0.9753251083694565,0.9704966720638579,0.9649883294431477,0.9756585528509503,0.8487353642405345,0.9713433131252095,0.8481709405705694
1.8900000000000001,0.9756585528509503,0.9711118253965844,0.9656552184061353,0.976325441813938,0.8494563252816015,0.9719621689267264,0.8489281911636292
1.895,0.976325441813938,0.9717119587076213,0.966322107369123,0.9769923307769256,0.8502286881746702,0.9725695152620052,0.8496816649535996
1.9000000000000001,0.9766588862954318,0.9723094217925812,0.9666555518506169,0.9776592197399133,0.8509866986025707,0.9731655199189251,0.8504313807773649
1.905,0.9766588862954318,0.9729065510992809,0.9676558852950984,0.9780093364454818,0.851710663647975,0.9737503493392613,0.8511773573778596
1.9100000000000001,0.9769923307769256,0.9734980061755646,0.968322774258086,0.9786595531843948,0.8524423055933561,0.9743241686027261,0.8519196134045376
1.915,0.9779926642214072,0.9740904625866286,0.9686562187395799,0.9793264421473825,0.8531889675604251,0.9748871414118279,0.852658167413838
1.92,0.9789929976658887,0.9746465371673805,0.9693231077025676,0.9796598866288763,0.8539209432840646,0.975439430077537,0.8533930378696498
1.925,0.9793264421473825,0.9751972712959742,0.9699899966655552,0.980326775591864,0.8546308896425597,0.975981195505747,0.8541242431437727
1.93,0.9799933311103701,0.975741997415892,0.970323441147049,0.9806602200733577,0.8553354955488995,0.9765125971845163,0.8548518015163763
1.935,0.9799933311103701,0.9762807155271337,0.9709903301100367,0.9813271090363455,0.8560791535116309,0.9770337931720826,0.855575731176458
1.94,0.980326775591864,0.9768067500645041,0.9716572190730244,0.981677225741914,0.8568071238961528,0.977544940085632,0.856296050222297
1.945,0.9813271090363455,0.9773154281323685,0.972324108036012,0.9823274424808269,0.8575444400719494,0.9780461930908174,0.8570127766619071
1.95,0.9816605535178393,0.9778177644132966,0.9729909969989997,0.9829943314438147,0.8582603944391212,0.9785377058920063,0.8577259284134864
1.955,0.9819939979993331,0.9783147602420676,0.9733244414804935,0.9833277759253084,0.8589559883324467,0.9790196307232517,0.858435523305866
1.96,0.9823274424808269,0.9788177640795146,0.9736578859619873,0.9836778926308769,0.8596786182648122,0.9794921183399687,0.8591415790789549
1.965,0.9823274424808269,0.9792930643214028,0.9746582194064688,0.9839946648882961,0.86038622817549,0.9799553180113086,0.8598441133841846
1.97,0.9823274424808269,0.9797443325285891,0.9749916638879627,0.98432810936979,0.8610918354166095,0.9804093775132123,0.8605431437849491
1.975,0.9823274424808269,0.9801996060748939,0.9756585528509503,0.9846615538512837,0.8617927697620931,0.9808544431221368,0.8612386877570448
1.98,0.9826608869623208,0.9806462013864441,0.9759919973324441,0.9850116705568522,0.8625060539031874,0.9812906596094351,0.8619307626891072
1.985,0.9829943314438147,0.9810660944372149,0.9766422140713572,0.9856618872957652,0.8631762806487717,0.9817181702363835,0.8626193858830458
1.99,0.9829943314438147,0.9815016750661946,0.9769923307769256,0.9859953317772591,0.8638174686857581,0.9821371167498377,0.8633045745544762
1.995,0.9836612204068023,0.9819332503560572,0.9773257752584195,0.9863287762587529,0.8644876954313435,0.9825476393785078,0.8639863458331508
2.0,0.98432810936979,0.9823381233851392,0.9776592197399133,0.9866622207402468,0.8651589235117079,0.982949876829839,0.8646647167633873
2.005,0.98432810936979,0.9827483368663779,0.9783261087029009,0.9869956652217405,0.8658011128834736,0.9833439662874862,0.8653397043044941
2.0100000000000002,0.9853284428142715,0.9831468681085253,0.978976325441814,0.9873291097032344,0.8664740098551362,0.9837300434093658,0.8660113253311951
2.015,0.9859953317772591,0.983533383333321,0.9793264421473825,0.9876792264088029,0.8671245436833966,0.9841082423262771,0.8666795966340506
2.02,0.9863287762587529,0.98390154075383,0.9796598866288763,0.9879959986662221,0.8677981082115788,0.9844786956410768,0.8673445349198783
2.025,0.9863287762587529,0.9842610199395844,0.9799933311103701,0.9883461153717905,0.8684396300268249,0.9848415344283958,0.8680061568121697
2.0300000000000002,0.9873291097032344,0.9846084831079887,0.9806435478492831,0.9886628876292097,0.8690904976333447,0.9851968882348836,0.868664478851507
2.035,0.9876625541847283,0.9849672947372226,0.9806602200733577,0.9889963321107036,0.8697156643138643,0.9855448850799705,0.8693195174959749
2.04,0.9879959986662221,0.9853147579056243,0.9813104368122708,0.9893297765921975,0.8704055839767746,0.9858856514571334,0.8699712891215741
2.045,0.9883294431477159,0.9856595508479487,0.9816605535178393,0.9896632210736912,0.8710768120571388,0.9862193123356504,0.8706198100226289
2.05,0.9889963321107036,0.9859896575468445,0.9816605535178393,0.9896632210736912,0.8717363578984113,0.9865459911628383,0.8712650964121957
2.055,0.9893297765921975,0.9863217669152978,0.9819939979993331,0.9903301100366789,0.8723668650310861,0.9868658098667518,0.8719071644224681
2.06,0.9893297765921975,0.9866498709446342,0.9826608869623208,0.9903301100366789,0.8729876925942278,0.98717888885934,0.8725460301051793
2.065,0.9896632210736912,0.9869629549522819,0.9829943314438147,0.9906635545181727,0.8736395615355269,0.9874853470400434,0.8731817094320049
2.07,0.9899966655551851,0.98726202027302,0.9833277759253084,0.9909969989996665,0.8742670646638632,0.9877853017998203,0.8738142182949612
2.075,0.9906635545181727,0.9875607518154991,0.9836612204068023,0.9909969989996665,0.8748665304183801,0.9880788690255904,0.8744435725068028
2.08,0.9909969989996665,0.9878588158014588,0.9839946648882961,0.9916638879626543,0.8754733392946121,0.9883661631050852,0.8750697878014175
2.085,0.9916638879626543,0.9881762389264825,0.98432810936979,0.9916805601867289,0.8760724712708695,0.9886472969320906,0.8756928798342206
2.09,0.9916638879626543,0.9884739691341826,0.9846615538512837,0.991997332444148,0.8766983055079073,0.9889223819120728,0.8763128641825452
2.095,0.9916638879626543,0.9887413255202442,0.9849949983327776,0.9923307769256419,0.8773114561710744,0.9891915279681723,0.8769297563460323
2.1,0.991997332444148,0.989003675232411,0.9853284428142715,0.9923307769256419,0.8778835521082929,0.9894548435475585,0.8775435717470181
2.105,0.991997332444148,0.9892666925010959,0.9856618872957652,0.9926642214071357,0.8784983716627583,0.9897124356281312,0.8781543257309197
2.11,0.9923307769256419,0.9895257044306653,0.9856618872957652,0.9929976658886296,0.8791091858781086,0.9899644097255562,0.8787620335666183
2.115,0.9929976658886296,0.9897733678994031,0.9863287762587529,0.9930143381127042,0.8797113218587039,0.990210869900628,0.8793667104468418
2.12,0.9929976658886296,0.9900030073421147,0.9866622207402468,0.9933311103701233,0.8803101200567028,0.9904519187669439,0.8799683714885432
2.125,0.9929976658886296,0.990235317010904,0.9869956652217405,0.9936645548516172,0.8809239382763896,0.9906876574988824,0.8805670317332803
2.13,0.9933311103701233,0.990483314257902,0.9873291097032344,0.9936645548516172,0.8815264080352442,0.990918185839872,0.8811627061475904
2.1350000000000002,0.9936645548516172,0.9907119523658342,0.9876458819606536,0.9939979993331111,0.8820991715289805,0.9911436021109418,0.8817554096233646
2.14,0.9939979993331111,0.990939589138987,0.9876625541847283,0.9939979993331111,0.8826879563791864,0.9913640032195423,0.8823451569782208
2.145,0.9943314438146049,0.9911688948034393,0.9879959986662221,0.9943314438146049,0.883248703855572,0.9915794846686268,0.8829319629558736
2.15,0.9949983327775925,0.9913664915332144,0.9879959986662221,0.9943481160386796,0.8838231362406083,0.991790140565981,0.883515842226503
2.1550000000000002,0.9956652217405801,0.9915741016107829,0.9883294431477159,0.9946815605201733,0.8844029090777998,0.9919960636337949,0.8840968093871213
2.16,0.995998666222074,0.9917757036796753,0.9883294431477159,0.9949983327775925,0.8849800116889135,0.9921973452184614,0.8846748789619375
2.165,0.995998666222074,0.9919886542093992,0.9886628876292097,0.9949983327775925,0.8855614534174049,0.9923940753005966,0.8852500654027212
2.17,0.995998666222074,0.9921875860522134,0.9889963321107036,0.9949983327775925,0.8860985026373485,0.9925863425052701,0.8858223830891635
2.1750000000000003,0.995998666222074,0.9923831801124304,0.9893297765921975,0.9953317772590864,0.8866692634615279,0.9927742341124338,0.8863918463292363
2.18,0.9963321107035679,0.9925761039465684,0.9893297765921975,0.9956652217405801,0.8872136558031861,0.992957836067545,0.8869584693595501
2.185,0.9963321107035679,0.9927793749067584,0.9896632210736912,0.9956652217405801,0.8877797437317284,0.9931372329923678,0.8875222663457104
2.19,0.9963321107035679,0.9929739676321953,0.9899966655551851,0.995998666222074,0.888350838334167,0.9933125081959508,0.8880832513826711
2.195,0.9963321107035679,0.9931328460838386,0.9899966655551851,0.995998666222074,0.8888928942280065,0.9934837436857653,0.8886414384950874
2.2,0.9963321107035679,0.9933050756658721,0.9903301100366789,0.9963321107035679,0.8894543092609122,0.9936510201790003,0.8891968416376661
2.205,0.9966655551850617,0.9934889874869971,0.9906635545181727,0.9963321107035679,0.8899846829156608,0.9938144171140035,0.8897494746955148
2.21,0.9966655551850617,0.9936512037212375,0.9906635545181727,0.9963487829276425,0.8905324130399157,0.9939740126618601,0.8902993514844886
2.215,0.9966655551850617,0.9938084132815812,0.9909969989996665,0.9966655551850617,0.89108314716851,0.9941298837381006,0.8908464857515359
2.22,0.9966655551850617,0.9939739672984181,0.9909969989996665,0.9966822274091364,0.8916125194884783,0.9942821060145306,0.891390891175042
2.225,0.9966655551850617,0.9941388537587361,0.9913304434811604,0.9969989996665555,0.8921368851345519,0.9944307539311732,0.8919325813651707
2.23,0.9966655551850617,0.9942917242017025,0.9916638879626543,0.9969989996665555,0.8926922921587822,0.9945759007083178,0.8924715698642051
2.235,0.9966655551850617,0.9944319110707981,0.9916638879626543,0.9969989996665555,0.8932310102700239,0.994717618358665,0.8930078701468855
2.24,0.9966655551850617,0.9945654223746985,0.991997332444148,0.9969989996665555,0.8937650554856295,0.994855977699564,0.8935414956207473
2.245,0.9966655551850617,0.9946869176612477,0.991997332444148,0.9973324441480493,0.8942987669229757,0.9949910483653304,0.8940724596264547
2.25,0.9966655551850617,0.9948367840998752,0.9923141047015672,0.9973324441480493,0.89482079612123,0.9951228988196408,0.8946007754381357
2.255,0.9966655551850617,0.9949699616255154,0.9923307769256419,0.9973324441480493,0.8953331457499509,0.9952515963679961,0.8951264562637131
2.2600000000000002,0.9966655551850617,0.9950917906903245,0.9923307769256419,0.9976658886295432,0.8958531722786479,0.9953772071702457,0.8956495152452351
2.265,0.9966655551850617,0.9952179588725101,0.9926642214071357,0.9976658886295432,0.8963855486029543,0.9954997962531662,0.896169965459203
2.27,0.9973324441480493,0.99535147017641,0.992980993664555,0.9976658886295432,0.896913252031626,0.99561942752309,0.8966878199168998
2.275,0.9973324441480493,0.995473633019479,0.9929976658886296,0.9976658886295432,0.8974366163429198,0.995736163778573,0.8972030915647136
2.2800000000000002,0.9976658886295432,0.9955914567451699,0.9929976658886296,0.9979993331110371,0.897931609502135,0.9958500667231005,0.8977157932844626
2.285,0.9976658886295432,0.9957026049056675,0.9933311103701233,0.9979993331110371,0.8984342795613229,0.9959611969778205,0.8982259378937163
2.29,0.9976658886295432,0.995834113540009,0.9933311103701233,0.9979993331110371,0.8989369496205117,0.9960696140943003,0.8987335381461166
2.295,0.9976658886295432,0.9959362496874926,0.9936645548516172,0.9983327775925308,0.8994159214232577,0.9961753765673022,0.8992386067316963
2.3000000000000003,0.9979993331110371,0.9960527383001452,0.9936645548516172,0.9983327775925308,0.8999185914824462,0.9962785418475695,0.8997411562771963
2.305,0.9979993331110371,0.9961632189041226,0.9939979993331111,0.9983327775925308,0.9004189250938168,0.9963791663546189,0.9002411993463814
2.31,0.9979993331110371,0.996264353716827,0.9939979993331111,0.9983327775925308,0.9008998995661217,0.9964773054895343,0.9007387484403544
2.315,0.9979993331110371,0.9963751680990648,0.9939979993331111,0.9983327775925308,0.9013862144905833,0.9965730136477557,0.9012338159978684
2.32,0.9979993331110371,0.9964786393595875,0.9939979993331111,0.9983327775925308,0.9018795387584986,0.9966663442318595,0.9017264143956385
2.325,0.9979993331110371,0.9965784390592535,0.9943314438146049,0.9983494498166054,0.9023782034785703,0.996757349664323,0.9022165559486499
2.33,0.9979993331110371,0.9966685591893872,0.9943314438146049,0.9986662220740247,0.902868523742148,0.9968460814002702,0.9027042529104672
2.335,0.9983327775925308,0.9967560090934424,0.9946648882960987,0.9986662220740247,0.903352835997051,0.996932589940195,0.9031895174735398
2.34,0.9983327775925308,0.996839119880121,0.9946648882960987,0.9986662220740247,0.9037934232999261,0.9970169248426538,0.9036723617695069
2.345,0.9983327775925308,0.9969265697841765,0.9946648882960987,0.9986662220740247,0.904275399107011,0.9970991347369268,0.9041527978695013
2.35,0.9986662220740247,0.9970140196882317,0.9949983327775925,0.9986828942980993,0.9047493642358606,0.9971792673356418,0.9046308377844504
2.355,0.9986662220740247,0.9970917900227539,0.9949983327775925,0.9989996665555185,0.9052343440472831,0.9972573694473564,0.9051064934653769
2.36,0.9986662220740247,0.9971685590224973,0.9949983327775925,0.9989996665555185,0.9057273345369393,0.9973334869890969,0.9055797768036976
2.365,0.9986662220740247,0.9972443266874611,0.9949983327775925,0.9989996665555185,0.9061996307744913,0.9974076649988448,0.9060506996315209
2.37,0.9986662220740247,0.9973200943524253,0.9953317772590864,0.9989996665555185,0.9066495638686396,0.9974799476479747,0.9065192737219415
2.375,0.9986662220740247,0.9973891864521944,0.9953317772590864,0.9989996665555185,0.9071195236583712,0.9975503782536324,0.9069855107893365
2.38,0.9986662220740247,0.9974559421041449,0.9956652217405801,0.9989996665555185,0.9075858118872466,0.9976189992910559,0.9074494224896568
2.3850000000000002,0.9986662220740247,0.997527370651732,0.9956652217405801,0.9989996665555185,0.9080577743465382,0.9976858524058317,0.9079110204207188
2.39,0.9986662220740247,0.9975967965297607,0.9956652217405801,0.9989996665555185,0.9085010318754915,0.997750978426086,0.9083703161224952
2.395,0.9986662220740247,0.9976608819556337,0.995998666222074,0.9993331110370124,0.9089589756478721,0.9978144173746053,0.9088273210774022
2.4,0.9986662220740247,0.9977246336032469,0.995998666222074,0.9993331110370124,0.9094029007333434,0.9978762084808865,0.9092820467105875
2.4050000000000002,0.9986662220740247,0.9977800407943661,0.995998666222074,0.9993331110370124,0.9098368124710227,0.9979363901931103,0.9097345043902157
2.41,0.9986662220740247,0.9978454613332782,0.9963154384794932,0.9993331110370124,0.9102940886868848,0.9979950001900375,0.9101847054277523
2.415,0.9986662220740247,0.9979012023026569,0.9963321107035679,0.9993331110370124,0.9107336746549793,0.9980520753928251,0.9106326610782468
2.42,0.9986662220740247,0.997963285058971,0.9963321107035679,0.9993331110370124,0.9111896157578034,0.9981076519767592,0.9110783825406137
2.4250000000000003,0.9986662220740247,0.9980210286979084,0.9963321107035679,0.9993331110370124,0.911646558195407,0.9981617653829022,0.9115218809579128
2.43,0.9986662220740247,0.9980730981064302,0.9963321107035679,0.9993331110370124,0.9120911508373997,0.9982144503296534,0.9119631674176274
2.435,0.9986662220740247,0.9981255012932116,0.9966655551850617,0.9996665555185061,0.9125197221229238,0.9982657408242188,0.9124022529519423
2.44,0.9986662220740247,0.9981759018104346,0.9966655551850617,0.9996665555185061,0.9129499622997473,0.9983156701739905,0.9128391485380187
2.445,0.9986662220740247,0.9982246334363583,0.9966655551850617,0.9996665555185061,0.913368520237478,0.9983642709978306,0.9132738650982688
2.45,0.9986662220740247,0.9982773704013995,0.9966655551850617,0.9996665555185061,0.9138030995316774,0.9984115752372614,0.9137064135006295
2.455,0.9986662220740247,0.9983297735881809,0.9969823274424808,0.9996665555185061,0.9142253290302657,0.9984576141675565,0.9141368045588332
2.46,0.9986662220740247,0.9983738323184685,0.9969989996665555,0.9996665555185061,0.9146332060636848,0.9985024184087347,0.9145650490326788
2.465,0.9986662220740247,0.9984198937183146,0.9969989996665555,0.9996665555185061,0.9150524315579339,0.9985460179364513,0.9149911576283004
2.47,0.9989996665555185,0.998460280887745,0.9969989996665555,0.9996665555185061,0.9154623112609115,0.9985884420927894,0.9154151409984354
2.475,0.9989996665555185,0.9985023369484738,0.9969989996665555,0.9996665555185061,0.9158748611899677,0.998629719596947,0.9158370097426897
2.48,0.9989996665555185,0.9985487321265798,0.9969989996665555,0.9996665555185061,0.9162847408929453,0.9986698785558183,0.9162567744078041
2.485,0.9989996665555185,0.9985897868525297,0.9969989996665555,0.9996665555185061,0.9167069703915327,0.9987089464744717,0.916674445487917
2.49,0.9989996665555185,0.9986341793610773,0.9973324441480493,0.9996665555185061,0.9171088394162759,0.9987469502665179,0.9170900334248273
2.495,0.9989996665555185,0.9986705611913904,0.9973324441480493,0.9996665555185061,0.9175140462236164,0.9987839162643725,0.917503548608255
2.5,0.9989996665555185,0.9987006012347686,0.9973324441480493,0.9996665555185061,0.9179192530309568,0.9988198702294078,0.9179150013761012
2.505,0.9989996665555185,0.9987363155085622,0.9973324441480493,0.9996665555185061,0.9183398136382457,0.9988548373619962,0.9183244020147066
2.5100000000000002,0.9989996665555185,0.998770694669317,0.9973324441480493,1.0,0.9187633782498729,0.9988888423114423,0.9187317607591083
2.515,0.9989996665555185,0.9988054076083315,0.9973324441480493,1.0,0.9191802672963046,0.998921909185803,0.9191370877932963
2.52,0.9989996665555185,0.9988421232169042,0.9976492164054686,1.0,0.9195671162993584,0.9989540615615979,0.9195403932504675
2.525,0.9993331110370124,0.9988738321515811,0.9976658886295432,1.0,0.9199703204371409,0.9989853224934041,0.9199416872132795
2.5300000000000002,0.9993331110370124,0.9989042059732188,0.9976658886295432,1.0,0.9203575032184563,0.9990157145233405,0.920340979714102
2.535,0.9993331110370124,0.9989372500209346,0.9976658886295432,1.0,0.9207466886693291,0.999045259690438,0.9207382807352684
2.54,0.9993331110370124,0.9989619496121565,0.9976658886295432,1.0,0.9211475563592935,0.9990739795398951,0.9211336002093251
2.545,0.9993331110370124,0.998993992325093,0.9976658886295432,1.0,0.9215357404753876,0.9991018951322205,0.9215269480192793
2.5500000000000003,0.9993331110370124,0.9990297065988868,0.9979826608869624,1.0,0.9219295988218961,0.9991290270522605,0.9219183339988468
2.555,0.9993331110370124,0.9990580777509661,0.9979993331110371,1.0,0.9223217882771076,0.9991553954181126,0.9223077679326976
2.56,0.9993331110370124,0.999088451572604,0.9979993331110371,1.0,0.9226979563758505,0.9991810198899245,0.9226952595567003
2.565,0.9993331110370124,0.9991131511638258,0.9979993331110371,1.0,0.9230958200614766,0.9992059196785773,0.9230808185581655
2.57,0.9993331110370124,0.9991381845333077,0.9979993331110371,1.0,0.9234749921645575,0.999230113554256,0.9234644545760885
2.575,0.9993331110370124,0.9991648867940881,0.9979993331110371,1.0,0.9238595047197928,0.9992536198549038,0.9238461772013897
2.58,0.9993331110370124,0.9991905877200894,0.9979993331110371,1.0,0.9242289972533397,0.9992764564945624,0.9242259959771545
2.585,0.9993331110370124,0.9992109481939346,0.9979993331110371,1.0,0.9246061666868607,0.9992986409715986,0.9246039203988723
2.59,0.9993331110370124,0.9992339788938577,0.9979993331110371,1.0,0.9250103721594211,0.9993201903768155,0.9249799599146731
2.595,0.9993331110370124,0.9992556744807419,0.9979993331110371,1.0,0.9253835362538257,0.9993411214014513,0.9253541239255645
2.6,0.9993331110370124,0.9992763687328469,0.9983327775925308,1.0,0.9257573679047504,0.9993614503450633,0.9257264217856661
2.605,0.9993331110370124,0.9992990656545103,0.9983327775925308,1.0,0.9261325346687128,0.9993811931232999,0.9260968628024441
2.61,0.9993331110370124,0.9993170896805371,0.9983327775925308,1.0,0.9265013596457408,0.9994003652755584,0.9264654562369429
2.615,0.9993331110370124,0.9993381177109016,0.9983327775925308,1.0,0.9268561659358578,0.9994189819725319,0.9268322113040178
2.62,0.9993331110370124,0.9993591457412666,0.9983327775925308,1.0,0.9272263260259247,0.9994370580236428,0.9271971371725645
2.625,0.9993331110370124,0.999377503545553,0.9983327775925308,1.0,0.9275898105507956,0.9994546078843661,0.9275602429657486
2.63,0.9993331110370124,0.9993951937933201,0.9983327775925308,1.0,0.9279649773147586,0.9994716456634417,0.9279215377612339
2.6350000000000002,0.9993331110370124,0.9994165556019445,0.9983327775925308,1.0,0.9283084351440454,0.9994881851299751,0.9282810305914092
2.64,0.9996665555185061,0.9994345796279716,0.9983327775925308,1.0,0.9286699169993583,0.9995042397204301,0.9286387304436139
2.645,0.9996665555185061,0.9994526036539984,0.9983327775925308,1.0,0.9290273935155544,0.9995198225455121,0.928994646260363
2.65,0.9996665555185061,0.9994662885626484,0.9983327775925308,1.0,0.9293885415926083,0.999534946396942,0.9293487869395705
2.6550000000000002,0.9996665555185061,0.9994853139234545,0.9983327775925308,1.0,0.9297426803262074,0.9995496237541236,0.9297011613347715
2.66,0.9996665555185061,0.9995006677234033,0.9986662220740247,1.0,0.9300884746033131,0.999563866790704,0.9300517782553447
2.665,0.9996665555185061,0.9995143526320532,0.9986662220740247,1.0,0.9304409444456135,0.9995776873810266,0.9304006464667309
2.67,0.9996665555185061,0.9995317091015606,0.9986662220740247,1.0,0.9308060978617839,0.999591097106481,0.9307477746906541
2.6750000000000003,0.9996665555185061,0.9995490655710679,0.9986662220740247,1.0,0.9311505570258504,0.9996041072617461,0.9310931716053374
2.68,0.9996665555185061,0.9995617491449387,0.9986662220740247,1.0,0.931499021529033,0.9996167288609308,0.9314368458457221
2.685,0.9996665555185061,0.9995714287144716,0.9986662220740247,1.0,0.9318408104670208,0.9996289726436114,0.9317788060036819
2.69,0.9996665555185061,0.99958745007094,0.9986662220740247,1.0,0.9321722522789556,0.9996408490807672,0.9321190606282386
2.695,0.9996665555185061,0.9996051403187072,0.9986662220740247,1.0,0.9325100358778257,0.9996523683806149,0.9324576182257754
2.7,0.9996665555185061,0.99961481988824,0.9986662220740247,1.0,0.932841143911501,0.9996635404943427,0.9327944872602503
2.705,0.9996665555185061,0.9996281710186304,0.9986662220740247,1.0,0.933189942192944,0.9996743751217457,0.9331296761534063
2.71,0.9996665555185061,0.9996408545925012,0.9986662220740247,1.0,0.933528059570075,0.9996848817167625,0.9334631932849832
2.715,0.9996665555185061,0.9996528706098524,0.9986662220740247,1.0,0.9338344680125292,0.9996950694929142,0.9337950469929268
2.72,0.9996665555185061,0.9996632177359049,0.9989996665555185,1.0,0.9341542275853729,0.999704947428648,0.9341252455735971
2.725,0.9996665555185061,0.9996735648619572,0.9989996665555185,1.0,0.9344786600538525,0.9997145242725852,0.9344537972819756
2.73,0.9996665555185061,0.999679572870633,0.9989996665555185,1.0,0.9348064303049304,0.9997238085486735,0.9347807103318725
2.735,0.9996665555185061,0.999690587553205,0.9989996665555185,1.0,0.9351285263255921,0.9997328085612485,0.9351059928961307
2.74,0.9996665555185061,0.9996999333444783,0.9989996665555185,1.0,0.935441276554981,0.9997415324000001,0.9354296531068316
2.745,0.9996665555185061,0.9997099466922709,0.9989996665555185,1.0,0.9357813966016694,0.9997499879448503,0.9357516990554969
2.75,0.9996665555185061,0.9997186249270246,0.9989996665555185,1.0,0.9360998210614738,0.9997581828707384,0.9360721387932924
2.755,0.9996665555185061,0.9997286382748174,0.9989996665555185,1.0,0.9364195806343171,0.999766124652319,0.9363909803312283
2.7600000000000002,0.9996665555185061,0.9997359813965321,0.9989996665555185,1.0,0.9367253215202513,0.9997738205685704,0.9367082316403593
2.765,0.9996665555185061,0.9997466623008443,0.9989996665555185,1.0,0.9370394068626795,0.9997812777073171,0.9370239006519849
2.77,0.9996665555185061,0.9997536716442991,0.9989996665555185,1.0,0.9373544935398871,0.9997885029696651,0.9373379952578469
2.775,0.9996665555185061,0.9997643525486113,0.9989996665555185,1.0,0.937672917999692,0.9997955030743542,0.9376505233103266
2.7800000000000002,0.9996665555185061,0.9997713618920662,0.9989996665555185,1.0,0.9379826642247427,0.9998022845620239,0.9379614926226417
2.785,0.9996665555185061,0.999781375239859,0.9989996665555185,1.0,0.9382880713324173,0.9998088537993991,0.9382709109690412
2.79,0.9996665555185061,0.9997863819137552,0.9989996665555185,1.0,0.9386001540052874,0.9998152169833927,0.9385787860849999
2.795,0.9996665555185061,0.9997947263702492,0.9989996665555185,1.0,0.938912236678158,0.9998213801451278,0.9388851256674117
2.8000000000000003,0.9996665555185061,0.9998010681571846,0.9989996665555185,1.0,0.939210300664118,0.9998273491538807,0.9391899373747821
2.805,0.9996665555185061,0.9998067423876005,0.9993164388129377,1.0,0.939514372658754,0.999833129720946,0.9394932288274196
2.81,1.0,0.9998124166180163,0.9993331110370124,1.0,0.9397987517360643,0.9998387274034227,0.9397950076076265
2.815,1.0,0.9998187584049518,0.9993331110370124,1.0,0.940112503300234,0.999844147607927,0.9400952812598878
2.82,1.0,0.9998234313005884,0.9993331110370124,1.0,0.9404205806339861,0.999849395594226,0.9403940572910606
2.825,1.0,0.9998291055310042,0.9993331110370124,1.0,0.9407246526286223,0.999854476478802,0.9406913431705612
2.83,1.0,0.9998357810961994,0.9993331110370124,1.0,0.9410420757536478,0.9998593952383398,0.9409871463305521
2.835,1.0,0.9998417891048751,0.9993331110370124,1.0,0.9413341317309328,0.9998641567131445,0.9412814741661277
2.84,1.0,0.9998474633352908,0.9993331110370124,1.0,0.9416341983864509,0.9998687656104881,0.9415743340354992
2.845,1.0,0.9998524700091872,0.9993331110370124,1.0,0.9419319285941506,0.9998732265078856,0.9418657332601785
2.85,1.0,0.9998571429048239,0.9993331110370124,1.0,0.942217309006239,0.9998775438563031,0.9421556791251615
2.855,1.0,0.9998608144656812,0.9993331110370124,1.0,0.942511701431342,0.9998817219832989,0.9424441788791099
2.86,1.0,0.9998658211395776,0.9993331110370124,1.0,0.9428034236303663,0.9998857650960968,0.9427312397345327
2.865,1.0,0.9998691589221751,0.9993331110370124,1.0,0.9430971484989487,0.9998896772845945,0.943016868867966
2.87,1.0,0.9998724967047727,0.9993331110370124,1.0,0.9433831964675571,0.9998934625243083,0.9433010734201531
2.875,1.0,0.9998775033786691,0.9993331110370124,1.0,0.9436565608622955,0.9998971246792534,0.9435838604962227
2.88,1.0,0.9998808411612666,0.9993331110370124,1.0,0.9439439439439428,0.9999006675047621,0.9438652371658662
2.8850000000000002,1.0,0.9998838451656045,0.9993331110370124,1.0,0.9442490172733573,0.9999040946502417,0.9441452104635154
2.89,1.0,0.9998865153916825,0.9993331110370124,1.0,0.9445133696550816,0.9999074096618702,0.944423787388517
2.895,1.0,0.999891188287319,0.9993331110370124,1.0,0.9448004189584697,0.9999106159852349,0.9447009749053086
2.9,1.0,0.9998945260699167,0.9993331110370124,1.0,0.9450881358183777,0.9999137169679112,0.9449767799435927
2.9050000000000002,1.0,0.9998971962959947,0.9993331110370124,1.0,0.9453531557566218,0.9999167158619847,0.9452512093985097
2.91,1.0,0.9999002003003324,0.9993331110370124,1.0,0.9456208459209438,0.9999196158265174,0.9455242701308102
2.915,1.0,0.9999042056394496,0.9993331110370124,1.0,0.9458795240722531,0.9999224199299577,0.9457959689670266
2.92,1.0,0.9999058745307485,0.9993331110370124,1.0,0.9461515533539521,0.9999251311524968,0.946066312699644
2.9250000000000003,1.0,0.999907877200307,0.9993331110370124,1.0,0.9464245839704312,0.9999277523883722,0.9463353080872698
2.93,1.0,0.999910547426385,0.9993331110370124,1.0,0.94669694703039,0.9999302864481172,0.9466029618548029
2.935,1.0,0.9999132176524632,0.9996665555185061,1.0,0.9469649709729724,0.999932736060761,0.9468692806936012
2.94,1.0,0.99991755676984,0.9996665555185061,1.0,0.9472283220199188,0.999935103875977,0.9471342712616496
2.945,1.0,0.9999188918828791,0.9996665555185061,1.0,0.9475010188581376,0.9999373924661813,0.9473979401837261
2.95,1.0,0.9999212283306972,0.9996665555185061,1.0,0.9477606983442264,0.9999396043285839,0.9476602940515676
2.955,1.0,0.9999232310002558,0.9996665555185061,1.0,0.9480333951824458,0.999941741887191,0.9479213394240343
2.96,1.0,0.9999265687828534,0.9996665555185061,1.0,0.9482900706641965,0.9999438074947606,0.9481810828272742
2.965,1.0,0.9999302403437107,0.9996665555185061,1.0,0.9485470799242072,0.9999458034347132,0.9484395307548859
2.97,1.0,0.9999335781263082,0.9996665555185061,1.0,0.9487974136190221,0.9999477319229956,0.9486966896680809
2.975,1.0,0.9999375834654254,0.9996665555185061,1.0,0.9490464122007987,0.9999495951099019,0.9489525659958457
2.98,1.0,0.9999389185784644,0.9996665555185061,1.0,0.9493177739259784,0.9999513950818513,0.9492071661351015
2.985,1.0,0.9999412550262827,0.9996665555185061,1.0,0.9495674400642738,0.999953133863122,0.9494604964508653
2.99,1.0,0.9999429239175814,0.9996665555185061,1.0,0.9498261182155829,0.9999548134175448,0.9497125632764082
2.995,1.0,0.9999432576958412,0.9996665555185061,1.0,0.950082459919074,0.9999564356501548,0.9499633729134137
3.0,1.0,0.9999455941436595,0.9996665555185061,1.0,0.9503351300617082,0.9999580024088045,0.950212931632136
3.005,1.0,0.999947596813218,0.9996665555185061,1.0,0.9505794557478472,0.9999595154857361,0.9504612456715561
3.0100000000000002,1.0,0.9999492657045168,0.9996665555185061,1.0,0.9508164383122719,0.9999609766191161,0.9507083212395379
3.015,1.0,0.9999512683740753,0.9996665555185061,1.0,0.9510761177983603,0.9999623874945325,0.9509541645129833
3.02,1.0,0.9999532710436339,0.9996665555185061,1.0,0.9513204434845,0.9999637497464544,0.951198781637987
3.025,1.0,0.9999542723784132,0.9996665555185061,1.0,0.9515787878575485,0.9999650649596564,0.95144217872999
3.0300000000000002,1.0,0.9999549399349327,0.9996665555185061,1.0,0.9518231135436885,0.999966334670607,0.9516843618739322
3.035,1.0,0.9999566088262315,0.9996665555185061,1.0,0.9520610974428924,0.9999675603688222,0.9519253371244049
3.04,1.0,0.9999576101610107,0.9996665555185061,1.0,0.9523144351420446,0.9999687434981852,0.9521651105058017
3.045,1.0,0.9999592790523095,0.9996665555185061,1.0,0.9525530865977682,0.9999698854582347,0.9524036880124697
3.0500000000000003,1.0,0.9999606141653485,0.9996665555185061,1.0,0.9527863976013359,0.9999709876054175,0.9526410756088591
3.055,1.0,0.9999626168349071,0.9996665555185061,1.0,0.9530330597352928,0.9999720512543118,0.9528772792296721
3.06,1.0,0.9999656208392449,0.9996665555185061,1.0,0.953272378747536,0.9999730776788186,0.9531123047800115
3.065,1.0,0.9999659546175047,0.9996665555185061,1.0,0.953509361311961,0.9999740681133229,0.9533461581355284
3.0700000000000003,1.0,0.9999672897305437,0.9996665555185061,1.0,0.9537493478807235,0.9999750237538243,0.9535788451425687
3.075,1.0,0.9999679572870632,0.9996665555185061,1.0,0.9539653024147836,0.9999759457590397,0.9538103716183199
3.08,1.0,0.9999692924001022,0.9996665555185061,1.0,0.9541926054096759,0.9999768352514764,0.9540407433509558
3.085,1.0,0.9999699599566217,0.9996665555185061,1.0,0.954408226165476,0.9999776933184787,0.9542699660997818
3.09,1.0,0.9999702937348816,0.9996665555185061,1.0,0.954642538503823,0.9999785210132454,0.9544980455953784
3.095,1.0,0.9999712950696609,0.9996665555185061,1.0,0.9548745143943521,0.9999793193558224,0.9547249875397451
3.1,1.0,0.9999719626261804,0.9996665555185061,1.0,0.9551001484979456,0.9999800893340687,0.9549507976064422
3.105,1.0,0.9999722964044401,0.9996665555185061,1.0,0.9553394675101894,0.9999808319045962,0.9551754814407332
3.11,1.0,0.9999742990739986,0.9996665555185061,1.0,0.9555604287181467,0.9999815479936861,0.9553990446597255
3.115,1.0,0.9999749666305181,0.9996665555185061,1.0,0.9557700414652726,0.9999822384981798,0.9556214928525113
3.12,1.0,0.9999779706348559,0.9996665555185061,1.0,0.9560086929209963,0.9999829042863467,0.9558428315803071
3.125,1.0,0.9999783044131157,0.9996665555185061,1.0,0.9562329919115515,0.9999835461987286,0.9560630663765926
3.13,1.0,0.9999789719696353,0.9996665555185061,1.0,0.9564452748847553,0.9999841650489613,0.9562822027472491
3.1350000000000002,1.0,0.999979305747895,0.9996665555185061,1.0,0.9566605618622965,0.9999847616245742,0.9565002461706973
3.14,1.0,0.9999806408609341,0.9996665555185061,1.0,0.9568688394963826,0.9999853366877692,0.9567172020980341
3.145,1.0,0.9999816421957133,0.9996665555185061,1.0,0.9570701077870146,0.9999858909761772,0.9569330759531691
3.15,1.0,0.9999823097522328,0.9996665555185061,1.0,0.957283725873257,0.9999864252035937,0.9571478731329598
3.1550000000000002,1.0,0.9999826435304926,0.9996665555185061,1.0,0.9574879981682264,0.9999869400606968,0.957361599007347
3.16,1.0,0.9999836448652719,0.9996665555185061,1.0,0.957699947363171,0.9999874362157424,0.9575742589194887
3.165,1.0,0.9999839786435316,0.9996665555185061,1.0,0.9579002143190236,0.9999879143152428,0.9577858581858936
3.17,1.0,0.9999839786435316,0.9996665555185061,1.0,0.9581144999617851,0.999988374984625,0.9579964020965545
3.1750000000000003,1.0,0.9999849799783109,0.9996665555185061,1.0,0.9583291193828063,0.9999888188288718,0.9582058959150801
3.18,1.0,0.9999859813130901,0.9996665555185061,1.0,0.9585517494820617,0.999989246433144,0.9584143448788268
3.185,1.0,0.9999859813130901,0.9996665555185061,1.0,0.9587616960074464,0.999989658363387,0.9586217541990296
3.19,1.0,0.9999873164261291,0.9996665555185061,1.0,0.9589723100893519,0.9999900551669184,0.9588281290609323
3.1950000000000003,1.0,0.9999873164261291,0.9996665555185061,1.0,0.9591799201669186,0.9999904373730005,0.9590334746239171
3.2,1.0,0.9999873164261291,0.9996665555185061,1.0,0.9593861951314463,0.9999908054933966,0.9592377960216338
3.205,1.0,0.999987650204389,0.9996665555185061,1.0,0.959595807878571,0.9999911600229109,0.959441098362128
3.21,1.0,0.9999879839826488,0.9996665555185061,1.0,0.9597883979344483,0.9999915014399137,0.9596433867279689
3.215,1.0,0.9999883177609085,0.9996665555185061,1.0,0.9599846595511831,0.9999918302068518,0.959844666176376
3.22,1.0,0.9999886515391683,0.9996665555185061,1.0,0.9601919358504898,0.9999921467707434,0.9600449417393461
3.225,1.0,0.999988985317428,0.9996665555185061,1.0,0.9603868623541855,0.9999924515636602,0.9602442184237787
3.23,1.0,0.9999893190956878,0.9996665555185061,1.0,0.9606024831099863,0.9999927450031947,0.9604425012116012
3.235,1.0,0.9999896528739475,0.9996665555185061,1.0,0.9607940718310841,0.999993027492914,0.9606397950598938
3.24,1.0,0.9999896528739475,0.9996665555185061,1.0,0.9609956738999743,0.9999932994228019,0.9608361049010129
3.245,1.0,0.999990320430467,0.9996665555185061,1.0,0.9611989448601638,0.9999935611696859,0.9610314356427148
3.25,1.0,0.999990320430467,0.9996665555185061,1.0,0.9613998793725357,0.9999938130976539,0.961225792168278
3.255,1.0,0.999990320430467,0.9996665555185061,1.0,0.9615981436588286,0.9999940555584574,0.961419179336626
3.2600000000000002,1.0,0.9999913217652463,0.9996665555185061,1.0,0.9617997457277193,0.9999942888919041,0.961611601982448
3.265,1.0,0.999991655543506,0.9999833277759254,1.0,0.9619843251053624,0.9999945134262374,0.9618030649163201
3.27,1.0,0.999991655543506,0.9999833277759254,1.0,0.9621659004786681,0.9999947294785063,0.9619935729248257
3.275,1.0,0.999991655543506,0.9999833277759254,1.0,0.962358824312806,0.9999949373549236,0.962183130770675
3.2800000000000002,1.0,0.9999923231000256,1.0,1.0,0.9625450725817485,0.9999951373512138,0.9623717431928238
3.285,1.0,0.9999923231000256,1.0,1.0,0.9627430030897829,0.99999532975295,0.9625594149065927
3.29,1.0,0.9999923231000256,1.0,1.0,0.9629239109065693,0.9999955148358819,0.9627461506037842
3.295,1.0,0.9999923231000256,1.0,1.0,0.9630974756016418,0.999995692866253,0.9629319549528005
3.3000000000000003,1.0,0.9999926568782853,1.0,1.0,0.9632974087792342,0.999995864101109,0.96311683259876
3.305,1.0,0.9999926568782853,1.0,1.0,0.9634799854873198,0.9999960287885963,0.9633007881636134
3.31,1.0,0.9999926568782853,1.0,1.0,0.9636618946388852,0.9999961871682522,0.9634838262462596
3.315,1.0,0.9999933244348048,1.0,1.0,0.963841467342633,0.999996339471286,0.96366595142266
3.3200000000000003,1.0,0.9999936582130646,1.0,1.0,0.9640143644811855,0.9999964859208511,0.9638471682459536
3.325,1.0,0.9999943257695841,1.0,1.0,0.9641892642892963,0.9999966267323097,0.9640274812465703
3.33,1.0,0.9999943257695841,1.0,1.0,0.9643698383278235,0.9999967621134892,0.9642068949323447
3.335,1.0,0.9999943257695841,1.0,1.0,0.9645490772533111,0.9999968922649302,0.9643854137886282
3.34,1.0,0.9999949933261036,1.0,1.0,0.9647276486222798,0.9999970173801274,0.9645630422784014
3.345,1.0,0.9999949933261036,1.0,1.0,0.96490354976517,0.999997137645763,0.9647397848423859
3.35,1.0,0.9999949933261036,1.0,1.0,0.9650891304775935,0.9999972532419332,0.964915645899155
3.355,1.0,0.9999949933261036,1.0,1.0,0.9652803854204329,0.9999973643423672,0.9650906298452442
3.36,1.0,0.9999953271043633,1.0,1.0,0.9654462732155308,0.9999974711146393,0.9652647410552614
3.365,1.0,0.9999953271043633,1.0,1.0,0.9656185027975633,0.9999975737203753,0.9654379838819959
3.37,1.0,0.999995994660883,1.0,1.0,0.9657907323795962,0.9999976723154513,0.9656103626565273
3.375,1.0,0.999995994660883,1.0,1.0,0.9659656321877076,0.9999977670501877,0.965781881688334
3.38,1.0,0.9999963284391427,1.0,1.0,0.966121840413272,0.999997858069535,0.9659525452654006
3.3850000000000002,1.0,0.9999963284391427,1.0,1.0,0.9663000780039802,0.9999979455132565,0.9661223576543256
3.39,1.0,0.9999963284391427,1.0,1.0,0.9664693035816759,0.999998029516103,0.9662913231004276
3.395,1.0,0.9999966622174025,1.0,1.0,0.9666318535941761,0.9999981102079825,0.9664594458278514
3.4,1.0,0.9999966622174025,1.0,1.0,0.9667977413892741,0.9999981877141255,0.9666267300396739
3.4050000000000002,1.0,0.9999966622174025,1.0,1.0,0.9669499442757213,0.9999982621552443,0.9667931799180093
3.41,1.0,0.9999966622174025,1.0,1.0,0.9671211725229752,0.9999983336476866,0.966958799624113
3.415,1.0,0.9999966622174025,1.0,1.0,0.9672887292093719,0.9999984023035855,0.9671235932984865
3.42,1.0,0.9999966622174025,1.0,1.0,0.9674566196740276,0.9999984682310038,0.9672875650609802
3.4250000000000003,1.0,0.9999966622174025,1.0,1.0,0.96761616568219,0.9999985315340739,0.9674507190108966
3.43,1.0,0.9999966622174025,1.0,1.0,0.9677823872555475,0.9999985923131334,0.967613059227093
3.435,1.0,0.999997329773922,1.0,1.0,0.9679489426071645,0.999998650664856,0.9677745897680832
3.44,1.0,0.999997329773922,1.0,1.0,0.9681151641805218,0.9999987066823784,0.9679353146721392
3.4450000000000003,1.0,0.999997329773922,1.0,1.0,0.9682823870886587,0.999998760455423,0.968095237957392
3.45,1.0,0.999997329773922,1.0,1.0,0.9684499437750549,0.9999988120704164,0.9682543636219321
3.455,1.0,0.999997329773922,1.0,1.0,0.9686058182223594,0.9999988616106044,0.9684126956439092
3.46,1.0,0.9999976635521817,1.0,1.0,0.968760023778365,0.9999989091561631,0.9685702379816323
3.465,1.0,0.9999976635521817,1.0,1.0,0.9689072199909156,0.9999989547843062,0.968726994573668
3.47,1.0,0.9999976635521817,1.0,1.0,0.9690514121991285,0.9999989985693891,0.9688829693389391
3.475,1.0,0.9999979973304415,1.0,1.0,0.9692022799725365,0.9999990405830091,0.9690381661768231
3.48,1.0,0.9999979973304415,1.0,1.0,0.9693618259806981,0.9999990808941032,0.9691925889672489
3.485,1.0,0.9999979973304415,1.0,1.0,0.9695217057671193,0.9999991195690404,0.9693462415707943
3.49,1.0,0.9999979973304415,1.0,1.0,0.9696662317535923,0.9999991566717147,0.9694991278287826
3.495,1.0,0.9999979973304415,1.0,1.0,0.9698197697530785,0.9999991922636315,0.9696512515633778
3.5,1.0,0.9999979973304415,1.0,1.0,0.9699709713047461,0.999999226403993,0.9698026165776815
3.505,1.0,0.9999979973304415,1.0,1.0,0.9701208377433753,0.9999992591497794,0.9699532266558268
3.5100000000000002,1.0,0.9999979973304415,1.0,1.0,0.970274041964602,0.9999992905558295,0.9701030855630737
3.515,1.0,0.9999979973304415,1.0,1.0,0.970421571955413,0.9999993206749164,0.9702521970459025
3.52,1.0,0.9999983311087012,1.0,1.0,0.9705774464027179,0.9999993495578217,0.970400564832108
3.525,1.0,0.9999983311087012,1.0,1.0,0.9707253101717892,0.9999993772534068,0.9705481926308928
3.5300000000000002,1.0,0.9999983311087012,1.0,1.0,0.9708701699365219,0.9999994038086827,0.9706950841329592
3.535,1.0,0.9999983311087012,1.0,1.0,0.9710207039316711,0.999999429268876,0.9708412430106028
3.54,1.0,0.999998664886961,1.0,1.0,0.9711575530181701,0.9999994536774938,0.9709866729178029
3.545,1.0,0.9999989986652207,1.0,1.0,0.971310089682877,0.999999477076386,0.9711313774903149
3.5500000000000003,1.0,0.9999993324434805,1.0,1.0,0.9714486076606741,0.9999994995058051,0.9712753603457606
3.555,1.0,0.9999993324434805,1.0,1.0,0.9715994754340825,0.9999995210044648,0.9714186250837188
3.56,1.0,0.9999993324434805,1.0,1.0,0.9717453365335955,0.9999995416095954,0.9715611752858155
3.565,1.0,0.9999993324434805,1.0,1.0,0.9718865247374714,0.9999995613569986,0.9717030145158132
3.5700000000000003,1.0,0.9999993324434805,1.0,1.0,0.9720263778283083,0.9999995802810998,0.9718441463197
3.575,1.0,0.9999993324434805,1.0,1.0,0.9721618918017683,0.999999598414998,0.9719845742257782
3.58,1.0,0.9999993324434805,1.0,1.0,0.9723064177882413,0.9999996157905149,0.972124301744753
3.585,1.0,0.9999993324434805,1.0,1.0,0.9724562842268706,0.9999996324382422,0.9722633323698195
3.59,1.0,0.9999993324434805,1.0,1.0,0.972595469761188,0.9999996483875864,0.9724016695767507
3.595,1.0,0.9999993324434805,1.0,1.0,0.9727266446172715,0.9999996636668129,0.9725393168239839
3.6,1.0,0.9999993324434805,1.0,1.0,0.9728688341559274,0.9999996783030889,0.9726762775527075
3.605,1.0,0.9999993324434805,1.0,1.0,0.973005349464167,0.9999996923225226,0.9728125551869466
3.61,1.0,0.9999996662217402,1.0,1.0,0.9731345216506921,0.9999997057502042,0.9729481531336496
3.615,1.0,0.9999996662217402,1.0,1.0,0.9732606898328795,0.9999997186102433,0.9730830747827719
3.62,1.0,0.9999996662217402,1.0,1.0,0.9733985402541586,0.9999997309258049,0.9732173235073618
3.625,1.0,0.9999996662217402,1.0,1.0,0.9735280462189435,0.9999997427191458,0.9733509026636445
3.63,1.0,0.9999996662217402,1.0,1.0,0.9736538806228713,0.9999997540116479,0.9734838155911059
3.6350000000000002,1.0,1.0,1.0,1.0,0.9737893945963317,0.9999997648238513,0.9736160656125759
3.64,1.0,1.0,1.0,1.0,0.9739272450176102,0.9999997751754862,0.973747656034312
3.645,1.0,1.0,1.0,1.0,0.9740464038563426,0.9999997850855029,0.9738785901460818
3.65,1.0,1.0,1.0,1.0,0.9741752422646075,0.9999997945721022,0.9740088712212447
3.6550000000000002,1.0,1.0,1.0,1.0,0.9743064171206915,0.9999998036527625,0.9741385025168344
3.66,1.0,1.0,1.0,1.0,0.9744382595332947,0.9999998123442687,0.9742674872736401
3.665,1.0,1.0,1.0,1.0,0.9745537468111696,0.9999998206627372,0.9743958287162874
3.67,1.0,1.0,1.0,1.0,0.9746885932281104,0.9999998286236422,0.9745235300533189
3.6750000000000003,1.0,1.0,1.0,1.0,0.9748097547364017,0.9999998362418402,0.9746505944772751
3.68,1.0,1.0,1.0,1.0,0.9749392607011855,0.999999843531593,0.9747770251647728
3.685,1.0,1.0,1.0,1.0,0.9750731057833466,0.999999850506591,0.9749028252765859
3.69,1.0,1.0,1.0,1.0,0.9751959361829361,0.9999998571799753,0.9750279979577239
3.6950000000000003,1.0,1.0,1.0,1.0,0.9753150950216681,0.9999998635643584,0.9751525463375101
3.7,1.0,1.0,1.0,1.0,0.9754385929777764,0.9999998696718446,0.9752764735296606
3.705,1.0,1.0,1.0,1.0,0.9755547478121707,0.99999987551405,0.9753997826323617
3.71,1.0,1.0,1.0,1.0,0.9756712364248243,0.9999998811021211,0.9755224767283474
3.715,1.0,1.0,1.0,1.0,0.9757990734983104,0.9999998864467528,0.9756445588849763
3.72,1.0,1.0,1.0,1.0,0.9759259092370166,0.9999998915582062,0.9757660321543089
3.725,1.0,1.0,1.0,1.0,0.9760387262888127,0.999999896446326,0.9758868995731831
3.73,1.0,1.0,1.0,1.0,0.9761598877971028,0.9999999011205558,0.9760071641632908
3.735,1.0,1.0,1.0,1.0,0.976280047970614,0.9999999055899539,0.976126828931253
3.74,1.0,1.0,1.0,1.0,0.9763911961311116,0.9999999098632091,0.976245896868695
3.745,1.0,1.0,1.0,1.0,0.9765100211915841,0.9999999139486545,0.9763643709523215
3.75,1.0,1.0,1.0,1.0,0.9766238395781602,0.999999917854282,0.9764822541439909
3.755,1.0,1.0,1.0,1.0,0.9767450010864508,0.9999999215877549,0.976599549390789
3.7600000000000002,1.0,1.0,1.0,1.0,0.9768705017121181,0.9999999251564218,0.976716259625103
3.765,1.0,1.0,1.0,1.0,0.9769893267725897,0.9999999285673283,0.9768323877646949
3.77,1.0,1.0,1.0,1.0,0.9770994735983085,0.9999999318272297,0.9769479367127745
3.775,1.0,1.0,1.0,1.0,0.9772079515327283,0.9999999349426019,0.977062909358071
3.7800000000000002,1.0,1.0,1.0,1.0,0.9773237725888615,0.9999999379196522,0.977177308574907
3.785,1.0,1.0,1.0,1.0,0.9774292465189435,0.9999999407643317,0.9772911372232687
3.79,1.0,1.0,1.0,1.0,0.9775413960142204,0.9999999434823431,0.9774043981488781
3.795,1.0,1.0,1.0,1.0,0.9776532117312374,0.9999999460791524,0.9775170941832645
3.8000000000000003,1.0,1.0,1.0,1.0,0.9777633585569565,0.9999999485599977,0.9776292281438345
3.805,1.0,1.0,1.0,1.0,0.9778698338218171,0.9999999509298986,0.9777408028339428
3.81,1.0,1.0,1.0,1.0,0.9779759753084187,0.9999999531936644,0.9778518210429626
3.815,1.0,1.0,1.0,1.0,0.9780864559123971,0.9999999553559034,0.9779622855463551
3.8200000000000003,1.0,1.0,1.0,1.0,0.9782009418554924,0.9999999574210301,0.9780721991057384
3.825,1.0,1.0,1.0,1.0,0.9783080846768736,0.9999999593932739,0.9781815644689572
3.83,1.0,1.0,1.0,1.0,0.9784212355069287,0.9999999612766862,0.9782903843701515
3.835,1.0,1.0,1.0,1.0,0.9785243729891919,0.9999999630751472,0.9783986615298241
3.84,1.0,1.0,1.0,1.0,0.9786315158105724,0.9999999647923735,0.9785063986549101
3.845,1.0,1.0,1.0,1.0,0.978730981731979,0.9999999664319246,0.9786135984388429
3.85,1.0,1.0,1.0,1.0,0.978836121883801,0.9999999679972087,0.9787202635616228
3.855,1.0,1.0,1.0,1.0,0.9789349202486878,0.99999996949149,0.9788263966898835
3.86,1.0,1.0,1.0,1.0,0.9790347199483541,0.9999999709178936,0.9789320004769586
3.865,1.0,1.0,1.0,1.0,0.9791371898740985,0.9999999722794114,0.9790370775629483
3.87,1.0,1.0,1.0,1.0,0.9792493393693753,0.999999973578908,0.9791416305747853
3.875,1.0,1.0,1.0,1.0,0.9793551470777166,0.9999999748191256,0.9792456621263003
3.88,1.0,1.0,1.0,1.0,0.9794676303512535,0.9999999760026891,0.9793491748182874
3.8850000000000002,1.0,1.0,1.0,1.0,0.9795687651639585,0.9999999771321106,0.9794521712385695
3.89,1.0,1.0,1.0,1.0,0.9796628906332091,0.9999999782097949,0.9795546539620623
3.895,1.0,1.0,1.0,1.0,0.9797583512154986,0.999999979238043,0.9796566255508393
3.9,1.0,1.0,1.0,1.0,0.9798658278151389,0.9999999802190571,0.9797580885541957
3.9050000000000002,1.0,1.0,1.0,1.0,0.9799713017452207,0.9999999811549442,0.9798590455087115
3.91,1.0,1.0,1.0,1.0,0.980068097440549,0.9999999820477202,0.979959498938316
3.915,1.0,1.0,1.0,1.0,0.9801658944706566,0.9999999828993142,0.9800594513543502
3.92,1.0,1.0,1.0,1.0,0.9802680306181416,0.9999999837115716,0.9801589052556298
3.9250000000000003,1.0,1.0,1.0,1.0,0.980367830317808,0.9999999844862575,0.9802578631285073
3.93,1.0,1.0,1.0,1.0,0.9804756406957085,0.9999999852250601,0.9803563274469347
3.935,1.0,1.0,1.0,1.0,0.9805747728388553,0.9999999859295947,0.9804543006725253
3.94,1.0,1.0,1.0,1.0,0.9806605538516119,0.9999999866014055,0.9805517852546146
3.9450000000000003,1.0,1.0,1.0,1.0,0.9807573495469407,0.99999998724197,0.9806487836303224
3.95,1.0,1.0,1.0,1.0,0.9808474696770739,0.9999999878527003,0.9807452982246131
3.955,1.0,1.0,1.0,1.0,0.9809392586985065,0.9999999884349471,0.9808413314503566
3.96,1.0,1.0,1.0,1.0,0.9810504068590041,0.9999999889900016,0.9809368857083883
3.9650000000000003,1.0,1.0,1.0,1.0,0.9811578834586456,0.9999999895190986,0.98103196338757
3.97,1.0,1.0,1.0,1.0,0.9812543453757149,0.9999999900234182,0.9811265668648486
3.975,1.0,1.0,1.0,1.0,0.9813628233101355,0.9999999905040886,0.9812206985053156
3.98,1.0,1.0,1.0,1.0,0.9814626230098019,0.9999999909621881,0.9813143606622672
3.985,1.0,1.0,1.0,1.0,0.9815550795877541,0.9999999913987474,0.9814075556772622
3.99,1.0,1.0,1.0,1.0,0.9816545455091606,0.9999999918147515,0.9815002858801808
3.995,1.0,1.0,1.0,1.0,0.9817389914088788,0.9999999922111421,0.9815925535892828
4.0,1.0,1.0,1.0,1.0,0.9818237710868565,0.9999999925888182,0.9816843611112658
4.005,1.0,1.0,1.0,1.0,0.9819118885474315,0.9999999929486396,0.9817757107413227
4.01,1.0,1.0,1.0,1.0,0.9820106869123189,0.9999999932914275,0.981866604763199
4.015,1.0,1.0,1.0,1.0,0.9820981368163745,0.9999999936179662,0.9819570454492498
4.0200000000000005,1.0,1.0,1.0,1.0,0.9821915947291058,0.9999999939290056,0.9820470350604972
4.025,1.0,1.0,1.0,1.0,0.9822717015114469,0.9999999942252612,0.982136575846686
4.03,1.0,1.0,1.0,1.0,0.9823571487459444,0.9999999945074172,0.9822256700463405
4.035,1.0,1.0,1.0,1.0,0.9824442648717402,0.9999999947761263,0.9823143198868206
4.04,1.0,1.0,1.0,1.0,0.9825357201149131,0.9999999950320126,0.9824025275843766
4.045,1.0,1.0,1.0,1.0,0.9826248389102679,0.9999999952756716,0.9824902953442057
4.05,1.0,1.0,1.0,1.0,0.9827122888143239,0.9999999955076723,0.9825776253605065
4.055,1.0,1.0,1.0,1.0,0.9827957333792624,0.9999999957285574,0.9826645198165338
4.0600000000000005,1.0,1.0,1.0,1.0,0.9828811806137598,0.9999999959388457,0.9827509808846537
4.065,1.0,1.0,1.0,1.0,0.9829649589569583,0.9999999961390321,0.9828370107263974
4.07,1.0,1.0,1.0,1.0,0.983054077752313,0.9999999963295892,0.9829226114925153
4.075,1.0,1.0,1.0,1.0,0.9831395249868105,0.9999999965109683,0.9830077853230309
4.08,1.0,1.0,1.0,1.0,0.9832226357734896,0.9999999966835996,0.9830925343472947
4.085,1.0,1.0,1.0,1.0,0.9833110870123243,0.9999999968478943,0.9831768606840366
4.09,1.0,1.0,1.0,1.0,0.9834012071424577,0.9999999970042445,0.9832607664414194
4.095,1.0,1.0,1.0,1.0,0.9834776423639416,0.9999999971530243,0.9833442537170913
4.1,1.0,1.0,1.0,1.0,0.9835630895984389,0.9999999972945911,0.9834273245982388
4.105,1.0,1.0,1.0,1.0,0.983648203054676,0.9999999974292854,0.983509981161638
4.11,1.0,1.0,1.0,1.0,0.9837226356066016,0.9999999975574322,0.9835922254737074
4.115,1.0,1.0,1.0,1.0,0.9838097517323978,0.9999999976793419,0.983674059590559
4.12,1.0,1.0,1.0,1.0,0.9838835167278034,0.9999999977953101,0.9837554855580501
4.125,1.0,1.0,1.0,1.0,0.9839619546188458,0.9999999979056193,0.9838365054118341
4.13,1.0,1.0,1.0,1.0,0.984046066740304,0.9999999980105386,0.9839171211774116
4.135,1.0,1.0,1.0,1.0,0.9841265073009047,0.9999999981103246,0.9839973348701808
4.14,1.0,1.0,1.0,1.0,0.9842016074093493,0.999999998205222,0.9840771484954883
4.1450000000000005,1.0,1.0,1.0,1.0,0.9842780426308325,0.9999999982954646,0.9841565640486789
4.15,1.0,1.0,1.0,1.0,0.9843598183044724,0.9999999983812748,0.9842355835151455
4.155,1.0,1.0,1.0,1.0,0.9844429290911512,0.999999998462865,0.9843142088703789
4.16,1.0,1.0,1.0,1.0,0.9845227020952323,0.9999999985404374,0.9843924420800172
4.165,1.0,1.0,1.0,1.0,0.984600472429755,0.9999999986141852,0.9844702850998945
4.17,1.0,1.0,1.0,1.0,0.9846842507729526,0.9999999986842919,0.9845477398760905
4.175,1.0,1.0,1.0,1.0,0.9847663602248522,0.9999999987509333,0.9846248083449786
4.18,1.0,1.0,1.0,1.0,0.9848457994506734,0.9999999988142763,0.9847014924332744
4.1850000000000005,1.0,1.0,1.0,1.0,0.9849312466851704,0.9999999988744799,0.9847777940580844
4.19,1.0,1.0,1.0,1.0,0.985001673897978,0.9999999989316961,0.984853715126953
4.195,1.0,1.0,1.0,1.0,0.9850821144585786,0.9999999989860696,0.9849292575379109
4.2,1.0,1.0,1.0,1.0,0.98514720121923,0.9999999990377382,0.9850044231795223
4.205,1.0,1.0,1.0,1.0,0.9852162933189994,0.999999999086833,0.9850792139309321
4.21,1.0,1.0,1.0,1.0,0.9852793774100931,0.9999999991334793,0.9851536316619132
4.215,1.0,1.0,1.0,1.0,0.9853558126315769,0.9999999991777961,0.9852276782329125
4.22,1.0,1.0,1.0,1.0,0.9854329154095794,0.999999999219897,0.9853013554950982
4.225,1.0,1.0,1.0,1.0,0.985511687078881,0.9999999992598902,0.9853746652904057
4.23,1.0,1.0,1.0,1.0,0.9855854520742867,0.9999999992978787,0.9854476094515838
4.235,1.0,1.0,1.0,1.0,0.9856595508479511,0.9999999993339604,0.9855201898022403
4.24,1.0,1.0,1.0,1.0,0.9857236362738236,0.9999999993682291,0.9855924081568876
4.245,1.0,1.0,1.0,1.0,0.9857887230344754,0.9999999994007733,0.9856642663209885
4.25,1.0,1.0,1.0,1.0,0.9858564800212046,0.999999999431678,0.9857357660910008
4.255,1.0,1.0,1.0,1.0,0.9859255721209738,0.9999999994610238,0.9858069092544223
4.26,1.0,1.0,1.0,1.0,0.9860000046728977,0.9999999994888875,0.985877697589836
4.265,1.0,1.0,1.0,1.0,0.9860667603248484,0.9999999995153421,0.9859481328669539
4.2700000000000005,1.0,1.0,1.0,1.0,0.9861378550941752,0.9999999995404574,0.9860182168466617
4.275,1.0,1.0,1.0,1.0,0.9861986027374506,0.9999999995642993,0.9860879512810624
4.28,1.0,1.0,1.0,1.0,0.9862683623937385,0.9999999995869311,0.9861573379135204
4.285,1.0,1.0,1.0,1.0,0.986345798950001,0.9999999996084127,0.9862263784787055
4.29,1.0,1.0,1.0,1.0,0.9864142234932499,0.9999999996288013,0.9862950747026351
4.295,1.0,1.0,1.0,1.0,0.9864786426973821,0.9999999996481511,0.9863634283027184
4.3,1.0,1.0,1.0,1.0,0.9865527414710474,0.9999999996665139,0.9864314409877991
4.305,1.0,1.0,1.0,1.0,0.9866248375751537,0.9999999996839388,0.9864991144581977
4.3100000000000005,1.0,1.0,1.0,1.0,0.9866875878879863,0.9999999997004727,0.9865664504057547
4.315,1.0,1.0,1.0,1.0,0.9867573475442746,0.9999999997161602,0.9866334505138721
4.32,1.0,1.0,1.0,1.0,0.9868254383092635,0.9999999997310433,0.9867001164575563
4.325,1.0,1.0,1.0,1.0,0.9868988695264087,0.9999999997451626,0.9867664499034591
4.33,1.0,1.0,1.0,1.0,0.9869576145001253,0.9999999997585565,0.9868324525099202
4.335,1.0,1.0,1.0,1.0,0.9870190296999196,0.9999999997712611,0.9868981259270083
4.34,1.0,1.0,1.0,1.0,0.9870827813475324,0.9999999997833112,0.9869634717965623
4.345,1.0,1.0,1.0,1.0,0.9871535423386002,0.99999999979474,0.9870284917522321
4.3500000000000005,1.0,1.0,1.0,1.0,0.9872209655470703,0.9999999998055784,0.9870931874195201
4.355,1.0,1.0,1.0,1.0,0.9872847171946832,0.9999999998158566,0.9871575604158215
4.36,1.0,1.0,1.0,1.0,0.987357814633569,0.9999999998256027,0.9872216123504642
4.365,1.0,1.0,1.0,1.0,0.9874208987246624,0.9999999998348437,0.9872853448247503
4.37,1.0,1.0,1.0,1.0,0.9874873205983528,0.9999999998436051,0.9873487594319947
4.375,1.0,1.0,1.0,1.0,0.9875470669068483,0.9999999998519113,0.987411857757566
4.38,1.0,1.0,1.0,1.0,0.9876131550022791,0.9999999998597856,0.9874746413789256
4.385,1.0,1.0,1.0,1.0,0.9876742364238135,0.9999999998672496,0.9875371118656673
4.39,1.0,1.0,1.0,1.0,0.987739323184465,0.9999999998743245,0.9875992707795566
4.3950000000000005,1.0,1.0,1.0,1.0,0.987807413949454,0.9999999998810302,0.9876611196745695
4.4,1.0,1.0,1.0,1.0,0.9878681615927292,0.9999999998873853,0.9877226600969315
4.405,1.0,1.0,1.0,1.0,0.9879372536924976,0.9999999998934078,0.9877838935851566
4.41,1.0,1.0,1.0,1.0,0.9880026742314093,0.9999999998991147,0.987844821670085
4.415,1.0,1.0,1.0,1.0,0.9880570800877486,0.9999999999045224,0.9879054458749221
4.42,1.0,1.0,1.0,1.0,0.988121165513621,0.9999999999096459,0.9879657677152762
4.425,1.0,1.0,1.0,1.0,0.9881815793786362,0.9999999999145002,0.9880257886991963
4.43,1.0,1.0,1.0,1.0,0.9882389892393136,0.9999999999190988,0.9880855103272104
4.4350000000000005,1.0,1.0,1.0,1.0,0.9883030746651861,0.9999999999234551,0.9881449340923619
4.44,1.0,1.0,1.0,1.0,0.9883581480780451,0.9999999999275815,0.9882040614802484
4.445,1.0,1.0,1.0,1.0,0.9884055445909304,0.9999999999314899,0.9882628939690575
4.45,1.0,1.0,1.0,1.0,0.988464623342907,0.9999999999351916,0.9883214330296045
4.455,1.0,1.0,1.0,1.0,0.9885263723209612,0.9999999999386971,0.988379680125369
4.46,1.0,1.0,1.0,1.0,0.9885901239685745,0.9999999999420169,0.9884376367125315
4.465,1.0,1.0,1.0,1.0,0.9886435284901351,0.9999999999451605,0.9884953042400095
4.47,1.0,1.0,1.0,1.0,0.9887016059073325,0.9999999999481369,0.9885526841494943
4.4750000000000005,1.0,1.0,1.0,1.0,0.9887616859940883,0.999999999950955,0.9886097778754867
4.48,1.0,1.0,1.0,1.0,0.9888200971895452,0.999999999953623,0.9886665868453326
4.485,1.0,1.0,1.0,1.0,0.9888778408284826,0.9999999999561487,0.9887231124792595
4.49,1.0,1.0,1.0,1.0,0.9889295764587442,0.9999999999585395,0.9887793561904109
4.495,1.0,1.0,1.0,1.0,0.9889866525411619,0.9999999999608025,0.9888353193848828
4.5,1.0,1.0,1.0,1.0,0.9890460650713983,0.9999999999629444,0.9888910034617577
4.505,1.0,1.0,1.0,1.0,0.989096799366881,0.9999999999649716,0.9889464098131406
4.51,1.0,1.0,1.0,1.0,0.9891552105623383,0.9999999999668899,0.9890015398241931
4.515,1.0,1.0,1.0,1.0,0.9892066124143402,0.9999999999687053,0.9890563948731684
4.5200000000000005,1.0,1.0,1.0,1.0,0.9892666925010954,0.999999999970423,0.9891109763314455
4.525,1.0,1.0,1.0,1.0,0.9893247699182925,0.9999999999720481,0.9891652855635639
4.53,1.0,1.0,1.0,1.0,0.989379843331152,0.9999999999735858,0.9892193239272569
4.535,1.0,1.0,1.0,1.0,0.9894289087353361,0.9999999999750405,0.9892730927734866
4.54,1.0,1.0,1.0,1.0,0.9894833145916759,0.9999999999764165,0.9893265934464771
4.545,1.0,1.0,1.0,1.0,0.9895373866697561,0.9999999999777183,0.9893798272837477
4.55,1.0,1.0,1.0,1.0,0.9895861182956803,0.9999999999789495,0.9894327956161474
4.555,1.0,1.0,1.0,1.0,0.9896385214824619,0.9999999999801138,0.989485499767887
4.5600000000000005,1.0,1.0,1.0,1.0,0.9896902571127238,0.9999999999812151,0.9895379410565732
4.565,1.0,1.0,1.0,1.0,0.9897496696429601,0.9999999999822565,0.9895901207932409
4.57,1.0,1.0,1.0,1.0,0.9898047430558191,0.9999999999832413,0.9896420402823863
4.575,1.0,1.0,1.0,1.0,0.9898541422382626,0.9999999999841724,0.9896937008219993
4.58,1.0,1.0,1.0,1.0,0.9898935280729134,0.9999999999850528,0.989745103703596
4.585,1.0,1.0,1.0,1.0,0.9899429272553573,0.9999999999858851,0.9897962502122511
4.59,1.0,1.0,1.0,1.0,0.9899869859856449,0.9999999999866719,0.9898471416266302
4.595,1.0,1.0,1.0,1.0,0.9900377202811277,0.9999999999874157,0.9898977792190211
4.6000000000000005,1.0,1.0,1.0,1.0,0.9900904572461688,0.9999999999881187,0.9899481642553665
4.605,1.0,1.0,1.0,1.0,0.9901298430808201,0.9999999999887833,0.9899982979952945
4.61,1.0,1.0,1.0,1.0,0.9901825800458613,0.9999999999894112,0.9900481816921516
4.615,1.0,1.0,1.0,1.0,0.9902233009935516,0.9999999999900048,0.9900978165930326
4.62,1.0,1.0,1.0,1.0,0.9902733677325147,0.9999999999905655,0.9901472039388127
4.625,1.0,1.0,1.0,1.0,0.9903210980236599,0.9999999999910956,0.9901963449641782
4.63,1.0,1.0,1.0,1.0,0.9903704972061039,0.9999999999915963,0.9902452408976571
4.635,1.0,1.0,1.0,1.0,0.9904175599407294,0.9999999999920695,0.9902938929616504
4.64,1.0,1.0,1.0,1.0,0.9904629537840564,0.9999999999925163,0.9903423023724622
4.6450000000000005,1.0,1.0,1.0,1.0,0.9905086814056429,0.9999999999929384,0.9903904703403303
4.65,1.0,1.0,1.0,1.0,0.9905580805880865,0.9999999999933373,0.9904383980694565
4.655,1.0,1.0,1.0,1.0,0.9905994690922961,0.999999999993714,0.9904860867580364
4.66,1.0,1.0,1.0,1.0,0.9906391887052071,0.9999999999940697,0.9905335375982897
4.665,1.0,1.0,1.0,1.0,0.9906905905572093,0.9999999999944058,0.9905807517764899
4.67,1.0,1.0,1.0,1.0,0.9907329803961984,0.9999999999947231,0.9906277304729939
4.675,1.0,1.0,1.0,1.0,0.9907807106873433,0.9999999999950228,0.9906744748622717
4.68,1.0,1.0,1.0,1.0,0.990822099191553,0.9999999999953058,0.9907209861129352
4.6850000000000005,1.0,1.0,1.0,1.0,0.9908658241435809,0.9999999999955729,0.9907672653877684
4.69,1.0,1.0,1.0,1.0,0.9909082139825702,0.999999999995825,0.9908133138437554
4.695,1.0,1.0,1.0,1.0,0.9909569456084945,0.9999999999960631,0.9908591326321099
4.7,1.0,1.0,1.0,1.0,0.9910023394518211,0.9999999999962879,0.9909047228983042
4.705,1.0,1.0,1.0,1.0,0.9910447292908101,0.9999999999965,0.9909500857820972
4.71,1.0,1.0,1.0,1.0,0.9910867853515395,0.9999999999967003,0.9909952224175634
4.715,1.0,1.0,1.0,1.0,0.9911411912078797,0.9999999999968893,0.9910401339331211
4.72,1.0,1.0,1.0,1.0,0.9911819121555698,0.9999999999970676,0.9910848214515604
4.7250000000000005,1.0,1.0,1.0,1.0,0.9912286411119356,0.9999999999972359,0.9911292860900718
4.73,1.0,1.0,1.0,1.0,0.9912750362900418,0.9999999999973946,0.9911735289602733
4.735,1.0,1.0,1.0,1.0,0.9913224328029271,0.9999999999975445,0.9912175511682391
4.74,1.0,1.0,1.0,1.0,0.9913668253114747,0.999999999997686,0.9912613538145267
4.745,1.0,1.0,1.0,1.0,0.9914095489287236,0.9999999999978193,0.9913049379942045
4.75,1.0,1.0,1.0,1.0,0.9914542752155309,0.9999999999979451,0.9913483047968794
4.755,1.0,1.0,1.0,1.0,0.9914939948284417,0.9999999999980638,0.9913914553067235
4.76,1.0,1.0,1.0,1.0,0.9915320455500538,0.9999999999981758,0.9914343906025019
4.765,1.0,1.0,1.0,1.0,0.9915700962716659,0.9999999999982813,0.9914771117575993
4.7700000000000005,1.0,1.0,1.0,1.0,0.9916128198889146,0.999999999998381,0.9915196198400468
4.775,1.0,1.0,1.0,1.0,0.9916602164017998,0.9999999999984748,0.9915619159125485
4.78,1.0,1.0,1.0,1.0,0.9917019386842693,0.9999999999985634,0.9916040010325086
4.785,1.0,1.0,1.0,1.0,0.9917426596319593,0.9999999999986469,0.9916458762520571
4.79,1.0,1.0,1.0,1.0,0.9917773725709739,0.9999999999987256,0.9916875426180769
4.795,1.0,1.0,1.0,1.0,0.9918220988577814,0.9999999999987997,0.9917290011722292
4.8,1.0,1.0,1.0,1.0,0.9918631535837313,0.9999999999988698,0.99177025295098
4.805,1.0,1.0,1.0,1.0,0.991904542087941,0.9999999999989357,0.9918112989856259
4.8100000000000005,1.0,1.0,1.0,1.0,0.9919442617008518,0.999999999998998,0.99185214030232
4.815,1.0,1.0,1.0,1.0,0.9919806435311652,0.9999999999990566,0.9918927779220973
4.82,1.0,1.0,1.0,1.0,0.9920216982571153,0.9999999999991118,0.9919332128609004
4.825,1.0,1.0,1.0,1.0,0.9920580800874286,0.9999999999991639,0.9919734461296048
4.83,1.0,1.0,1.0,1.0,0.9920984672568591,0.9999999999992129,0.9920134787340446
4.835,1.0,1.0,1.0,1.0,0.9921281735219774,0.999999999999259,0.9920533116750365
4.84,1.0,1.0,1.0,1.0,0.9921618851262127,0.9999999999993027,0.9920929459484066
4.845,1.0,1.0,1.0,1.0,0.9922082803043187,0.9999999999993437,0.9921323825450135
4.8500000000000005,1.0,1.0,1.0,1.0,0.9922456634694115,0.9999999999993824,0.9921716224507743
4.855,1.0,1.0,1.0,1.0,0.9922803764084259,0.9999999999994189,0.9922106666466886
4.86,1.0,1.0,1.0,1.0,0.9923184271300383,0.9999999999994532,0.9922495161088634
4.865,1.0,1.0,1.0,1.0,0.9923531400690528,0.9999999999994855,0.9922881718085371
4.87,1.0,1.0,1.0,1.0,0.9923918583471845,0.9999999999995158,0.9923266347121045
4.875,1.0,1.0,1.0,1.0,0.9924275726209785,0.9999999999995445,0.99236490578114
4.88,1.0,1.0,1.0,1.0,0.9924636206730322,0.9999999999995716,0.9924029859724224
4.885,1.0,1.0,1.0,1.0,0.9925053429555015,0.999999999999597,0.9924408762379585
4.89,1.0,1.0,1.0,1.0,0.9925460639031918,0.999999999999621,0.9924785775250067
4.8950000000000005,1.0,1.0,1.0,1.0,0.9925747688335308,0.9999999999996435,0.9925160907761014
4.9,1.0,1.0,1.0,1.0,0.9926124857768834,0.9999999999996647,0.9925534169290756
4.905,1.0,1.0,1.0,1.0,0.9926505364984952,0.9999999999996847,0.9925905569170853
4.91,1.0,1.0,1.0,1.0,0.9926902561114057,0.9999999999997035,0.992627511668632
4.915,1.0,1.0,1.0,1.0,0.992729308167797,0.9999999999997211,0.9926642821075864
4.92,1.0,1.0,1.0,1.0,0.992763353550292,0.9999999999997379,0.9927008691532114
4.925,1.0,1.0,1.0,1.0,0.9928004029371249,0.9999999999997535,0.992737273720185
4.93,1.0,1.0,1.0,1.0,0.9928394549935164,0.9999999999997683,0.9927734967186236
4.9350000000000005,1.0,1.0,1.0,1.0,0.9928738341542712,0.9999999999997822,0.9928095390541035
4.94,1.0,1.0,1.0,1.0,0.9929102159845844,0.9999999999997953,0.9928454016276854
4.945,1.0,1.0,1.0,1.0,0.9929442613670794,0.9999999999998076,0.9928810853359353
4.95,1.0,1.0,1.0,1.0,0.9929746351887169,0.9999999999998191,0.9929165910709479
4.955,1.0,1.0,1.0,1.0,0.9930066779016534,0.99999999999983,0.9929519197203682
4.96,1.0,1.0,1.0,1.0,0.9930413908406679,0.9999999999998402,0.9929870721674146
4.965,1.0,1.0,1.0,1.0,0.9930771051144617,0.9999999999998499,0.9930220492908998
4.97,1.0,1.0,1.0,1.0,0.993111818053476,0.9999999999998589,0.9930568519652538
4.9750000000000005,1.0,1.0,1.0,1.0,0.9931435269881528,0.9999999999998676,0.9930914810605455
4.98,1.0,1.0,1.0,1.0,0.9931739008097902,0.9999999999998755,0.9931259374425038
4.985,1.0,1.0,1.0,1.0,0.9932052759662071,0.9999999999998831,0.9931602219725401
4.99,1.0,1.0,1.0,1.0,0.99324232535304,0.9999999999998901,0.9931943355077695
4.995,1.0,1.0,1.0,1.0,0.9932750356224956,0.9999999999998969,0.993228278901032
5.0,1.0,1.0,1.0,1.0,0.9933100823397699,0.9999999999999031,0.9932620530009145
