s,cdf_zeros,cdf_gue_mean,cdf_gue_q025,cdf_gue_q975,cdf_poisson_ensemble_mean,cdf_wigner_surmise,cdf_poisson
0.0,0.0,0.0,0.0,0.0,0.0,0.0,0.0
0.005,0.0,0.0,0.0,0.0,0.005014017018018338,1.3509233142902644e-07,0.00498752080731768
0.01,0.0,2.002669558521509e-06,0.0,0.0,0.00996194594060548,1.0806767320094973e-06,0.009950166250831893
0.015,0.0,7.676899974332453e-06,0.0,0.0,0.014937912237011904,3.6469357054397245e-06,0.014888060396937353
0.02,0.0,1.4352465169404151e-05,0.0,0.00033344448149383126,0.01986114156837732,8.6434327722755e-06,0.019801326693244747
0.025,0.0,2.1695586883982996e-05,0.0,0.00033344448149383126,0.024743316173792954,1.6878803347823712e-05,0.024690087971667385
0.03,0.0,3.404538249486562e-05,0.0,0.00033344448149383126,0.029593781844532093,2.9160446062929946e-05,0.029554466451491845
0.035,0.0,5.106807374229847e-05,0.0,0.00033344448149383126,0.034489641358597646,4.629421467517575e-05,0.03439458374243354
0.04,0.0,7.309743888603519e-05,0.0,0.00033344448149383126,0.03935078793364892,6.908411071729348e-05,0.03921056084767682
0.045,0.0,0.00010380503878336515,0.0,0.0006668889629876625,0.0441201454872679,9.833197702915214e-05,0.04400251816690004
0.05,0.0,0.00014252331691478118,0.0,0.0006668889629876625,0.04885278743231391,0.00013483719231952018,0.048770575499285984
0.055,0.0,0.00019058738631929766,0.0,0.0006668889629876625,0.05365218502931069,0.0001793963669027704,0.05351485204651618
0.06,0.0,0.000247663468737161,0.0,0.0010003334444814939,0.05837748385264224,0.00023280303975516115,0.05823546641575128
0.065,0.0,0.0003150866772073831,0.0,0.0010003334444814939,0.06312347692807843,0.0002958473770347525,0.06293253662259657
0.07,0.0,0.00037917210308007003,0.0,0.001333777925975325,0.06784009751665641,0.000369315872207579,0.06760618009405173
0.075,0.0,0.00046662200713550733,0.0,0.001333777925975325,0.07243188503608643,0.0004539910479227499,0.07225651367144714
0.08,0.00033344448149383126,0.0005720959372176394,0.0,0.0016672224074691564,0.07710945356827323,0.0005506511597765662,0.07688365361336424
0.085,0.0006668889629876625,0.0006835778759753365,0.0,0.0016672224074691564,0.0816598525834938,0.0006600699021066386,0.08148771559854262
0.09,0.0010003334444814939,0.0008114149494609589,0.0,0.0020006668889629878,0.08627233435502865,0.0007830161159535914,0.08606881472877181
0.095,0.0010003334444814939,0.0009509342620379578,0.0,0.002334111370456819,0.0907406239183499,0.0009202534993286854,0.09062706553176858
0.1,0.0010003334444814939,0.0011054735963038666,0.0,0.00266755585195065,0.09529703094224602,0.001072540319922849,0.09516258196404048
0.105,0.0010003334444814939,0.001264352047946572,0.00033344448149383126,0.00266755585195065,0.09981972636190722,0.0012406291303918016,0.09967547741373439
0.11,0.0010003334444814939,0.0014592785516426639,0.00033344448149383126,0.0030010003334444814,0.10432973820769775,0.0014252664863506348,0.10416586470347178
0.115,0.0010003334444814939,0.0016532037205594994,0.00033344448149383126,0.003334444814938313,0.108787013088447,0.0016271926672090098,0.10863385609316867
0.12,0.0010003334444814939,0.0018925227328028215,0.00033344448149383126,0.003667889296432144,0.11323327328662444,0.0018471413999766872,0.11307956328284252
0.125,0.001333777925975325,0.0021281701841888564,0.0006668889629876625,0.003667889296432144,0.1176628445718141,0.0020858395861682033,0.11750309741540454
0.13,0.0016672224074691564,0.0024015345789270403,0.0009836612204068033,0.004334778259419807,0.12203567355284596,0.0023440070319317996,0.1219045690794387
0.135,0.0016672224074691564,0.002689585217094382,0.0010003334444814939,0.004668222740913638,0.12640516475128022,0.002622356181527702,0.12628408831196558
0.14,0.0016672224074691564,0.002995326103028671,0.001333777925975325,0.005001667222407469,0.13076831416277898,0.002921591854278316,0.13064176460119414
0.145,0.0016672224074691564,0.0033127492280543252,0.001333777925975325,0.0056685561853951315,0.135044347448482,0.0032424109851098004,0.1349777068892587
0.15,0.0016672224074691564,0.0036582097268992846,0.0016672224074691564,0.006002000666888963,0.1393313954167572,0.003585502368804283,0.1392920235749422
0.155,0.0020006668889629878,0.004049397847330482,0.0020006668889629878,0.006335445148382794,0.14360475847638243,0.003951546408077572,0.1435848225163865
0.16,0.0020006668889629878,0.00442489838955327,0.002334111370456819,0.006685561853951302,0.1478570935056431,0.004341214865597742,0.14785621103378865
0.165,0.0020006668889629878,0.004841453657725737,0.00266755585195065,0.007335778592864288,0.1520710440350321,0.004755170620054733,0.15210629591208413
0.17,0.002334111370456819,0.005280372069301707,0.0030010003334444814,0.008002667555851951,0.1563474110989951,0.005194067426390614,0.1563351834036163
0.17500000000000002,0.002334111370456819,0.0057473278546969625,0.003334444814938313,0.008669556518839614,0.160529986471967,0.0056585496802978585,0.16054297923079264
0.18,0.00266755585195065,0.0062409859008725295,0.003667889296432144,0.009003001000333445,0.16474593967091483,0.006149252187088672,0.164729788588728
0.185,0.00266755585195065,0.006775364894738021,0.0040013337779259755,0.009669889963321108,0.16883138557029864,0.006666799935038242,0.16889571614787435
0.19,0.00266755585195065,0.007360811962345805,0.0046515505168389475,0.010336778926308769,0.17296022264345012,0.007211807873300585,0.1730408660566377
0.195,0.0030010003334444814,0.007946592808213344,0.005001667222407469,0.011003667889296432,0.17704867254717196,0.00778488069449304,0.1771653419439816
0.2,0.003667889296432144,0.008537046549717422,0.0056685561853951315,0.012004001333777926,0.1811591518160373,0.008386612622044182,0.18126924692201818
0.20500000000000002,0.004334778259419807,0.00917856836496382,0.006002000666888963,0.012670890296765588,0.18521856301116027,0.009017587202395205,0.18535268358858548
0.21,0.004668222740913638,0.009850130223588044,0.006668889629876626,0.013337779259753251,0.189262620406335,0.00967837710214392,0.18941575402981292
0.215,0.0053351117039013,0.010570423708136267,0.007335778592864288,0.01402134044681559,0.19323658436696117,0.010369543910215162,0.19345855982267313
0.22,0.0056685561853951315,0.011308073662191687,0.00766922307435812,0.015005001667222408,0.19723758436662753,0.011091637945143562,0.1974812020375215
0.225,0.006002000666888963,0.012059074746637262,0.008336112037345782,0.016005335111703902,0.20123958570107336,0.011845198067543028,0.20148378124062294
0.23,0.006668889629876626,0.012859475013526333,0.009003001000333445,0.017022340780260072,0.20527629997453256,0.012630751497845205,0.20546639749666595
0.23500000000000001,0.008669556518839614,0.013674561523844579,0.009986662220740248,0.01800600200066689,0.2092335750221714,0.013448813639375612,0.20942915037126442
0.24,0.009669889963321108,0.014554401016555047,0.0106702234078026,0.019006335445148383,0.21308537613972767,0.014299887906842057,0.21337213893344653
0.245,0.010003334444814937,0.015417885374537565,0.011653884628209404,0.020006668889629875,0.21697956709627267,0.015184465560299898,0.21729546175813186
0.25,0.010003334444814937,0.016355802284445147,0.012004001333777926,0.02100700233411137,0.22092115456570277,0.01610302554466042,0.22119921692859512
0.255,0.0106702234078026,0.01729672319869051,0.01298766255418473,0.022007335778592863,0.22480933751357207,0.017056034334801684,0.22508350203891903
0.26,0.011003667889296432,0.018275027278028287,0.013671223741247083,0.02300766922307436,0.22868016399193444,0.018043945786342885,0.22894841419643375
0.265,0.011337112370790263,0.019309739883264412,0.014671557185728577,0.024341447149049684,0.2325252895442957,0.019067200992133715,0.23279405002414433
0.27,0.013337779259753251,0.020388511218787958,0.01567189063021007,0.02567522507502501,0.23632869281418792,0.020126228144513036,0.23662050566314685
0.275,0.014338112704234745,0.02151935196283314,0.016672224074691565,0.026675558519506502,0.24013643520145633,0.02122144240338414,0.24042787677503152
0.28,0.01533844614871624,0.022697922998023035,0.017672557519173057,0.028026008669556506,0.24397989186251906,0.022353245770151797,0.24421625854427453
0.28500000000000003,0.016005335111703902,0.023907535411370036,0.018672890963654553,0.029343114371457153,0.24772989061085077,0.023522026967563836,0.24798574568061738
0.29,0.017005668556185394,0.025156199881108194,0.020006668889629875,0.03067689229743248,0.25142514972458296,0.02472816132549499,0.25173643242143473
0.295,0.017672557519173057,0.026392180776975697,0.02100700233411137,0.032010670223407804,0.2551347613034844,0.025972010672708823,0.2554684125340906
0.3,0.019006335445148383,0.027670551511831953,0.022007335778592863,0.03334444814938313,0.2588089923868521,0.02725392323462994,0.2591817793182821
0.305,0.020673557852617538,0.028996986316092658,0.02334111370456819,0.034678226075358455,0.2625226093048701,0.028574233537155103,0.2628766256083722
0.31,0.0213404468156052,0.030375824307134733,0.024658219406468822,0.036362120706902284,0.26622387642727796,0.029933262316528597,0.26655304377571076
0.315,0.022674224741580526,0.031780029445918095,0.02567522507502501,0.03767922640880293,0.2698149967239668,0.031331316435304124,0.2702111257309432
0.32,0.023674558186062022,0.033185235919480666,0.027009003001000332,0.03936312104034677,0.27348589002473633,0.032768688804411805,0.27385096292630906
0.325,0.025341780593531177,0.034663873610189036,0.028342780926975657,0.04101367122374125,0.2771234054995308,0.03424565831134668,0.2774726463579278
0.33,0.027009003001000332,0.03621594251804323,0.029676558852950983,0.0426808936312104,0.2807352200483247,0.035762489754489146,0.28107626656807383
0.335,0.02900966988996332,0.037803725699690975,0.03134378126042014,0.04434811603867956,0.28436772884922273,0.03731943378356767,0.2846619136474401
0.34,0.030010003334444816,0.039377490194429196,0.033011003667889297,0.04601533844614872,0.287946499350301,0.038916726846269345,0.28822967723739035
0.34500000000000003,0.03267755918639546,0.04102869124543019,0.03434478159386462,0.048349449816605536,0.2915786743729388,0.04055459114099963,0.2917796465322
0.35000000000000003,0.03434478159386462,0.0427456466136026,0.03601200400133378,0.050016672224074694,0.29509269189162507,0.042233234575790535,0.29531191028128656
0.355,0.03501167055685228,0.04444224150793011,0.03767922640880293,0.051683894631543846,0.29860637563205067,0.04395285073335348,0.29882655679142756
0.36,0.03634544848282761,0.04624063877148238,0.03901300433477826,0.053351117039013005,0.3020923557769176,0.04571361884226921,0.302323673928969
0.365,0.0383461153717906,0.0481007850130891,0.041347115705235075,0.05568522840946982,0.3056290702172666,0.04751570375430314,0.3058033491220211
0.37,0.03867955985328443,0.049987967293735815,0.043014338112704234,0.05736912304101366,0.30912472993166573,0.04935925592783347,0.3092656693626453
0.375,0.04001333777925975,0.05192621764812497,0.045015005001667226,0.059353117705901966,0.3125586406680108,0.05124441141737329,0.31271072120902776
0.38,0.043014338112704234,0.053898847163268676,0.04668222740913638,0.06135378459486496,0.31599388651739446,0.05317129186916847,0.31613859078764417
0.385,0.046348782927642544,0.05592888653908994,0.048349449816605536,0.06335445148382794,0.31941578123638825,0.055140004522844954,0.3195493637954123
0.39,0.04768256085361787,0.05794924634537841,0.05033344448149383,0.06535511837279093,0.3227692514121322,0.05715064221908256,0.32294312550183535
0.395,0.050683561187062354,0.05999964619504465,0.05201733911303768,0.06768922974324774,0.3261747909963984,0.05920328341328168,0.32631996075113234
0.4,0.05235078359453151,0.0620563878316461,0.054018006002000664,0.06937312437479158,0.329575657685028,0.06129799219519261,0.3296799539643607
0.405,0.05468489496498833,0.06416486509850958,0.05635211737245749,0.07169056352117373,0.3329261238564343,0.06343481831447201,0.3330231891415256
0.41000000000000003,0.05568522840946982,0.06639183364758548,0.05835278426142047,0.07402467489163055,0.3362996207277629,0.06561379721212535,0.3363497498636806
0.41500000000000004,0.05835278426142047,0.06862981687923322,0.06035345115038346,0.07635878626208736,0.33966710959041757,0.06783495005779694,0.33965971929501715
0.42,0.0596865621873958,0.07091286017594799,0.06235411803934645,0.07869289763254418,0.3429354663099242,0.07009828379285882,0.34295318018494325
0.425,0.06202067355785262,0.07324430132032662,0.0650216738912971,0.081027009003001,0.34618746789470295,0.0724037911792561,0.3462302148701527
0.43,0.0650216738912971,0.07561546207761626,0.06735578526175391,0.08402800933644548,0.34946083128810607,0.07475145085405382,0.3494909052766835
0.435,0.06735578526175391,0.07800965353482849,0.07002334111370456,0.0863621207069023,0.3526784537121309,0.07714122738963491,0.35273533292196535
0.44,0.07002334111370456,0.08054903853503378,0.07267422474158053,0.08902967655885295,0.3558820574492463,0.07957307135949249,0.3559635789168586
0.445,0.07102367455818606,0.08304670125276992,0.07469156385461821,0.09136378792930977,0.35913572792532433,0.08204691940955855,0.35917572396768127
0.45,0.07469156385461821,0.0856321476528213,0.07702567522507503,0.09403134378126042,0.3622926027060732,0.0845626943350068,0.36237184837822667
0.455,0.0766922307435812,0.08821058470941774,0.079676558852951,0.09669889963321107,0.365473843299785,0.08712030516246827,0.3655520320517718
0.46,0.07902634211403801,0.09085611119622451,0.0820273424474825,0.09936645548516172,0.36865174611089896,0.08971964723758974,0.36871635449307405
0.465,0.08036012004001333,0.09351398747864229,0.08469489829943315,0.10238412804268088,0.37184633783499993,0.09236060231786952,0.3718648948103592
0.47000000000000003,0.0820273424474825,0.09621158337397084,0.08702900966988997,0.10536845615205068,0.3749745076854111,0.09504303867069835,0.3749977317172992
0.47500000000000003,0.08369456485495165,0.09890817793452018,0.08936312104034679,0.10803601200400133,0.3780776441663405,0.09776681117653124,0.37811494353498
0.48,0.08602867622540847,0.10164349077320074,0.09234744914971658,0.11072024008002665,0.38115074060389137,0.1005317614371139,0.38121660819385916
0.485,0.08902967655885295,0.10444822948991016,0.0946815605201734,0.1140380126708903,0.384278576676042,0.10333771788868895,0.38430280323571486
0.49,0.09136378792930977,0.10729435671082901,0.09769923307769257,0.11637212404134711,0.3873146237267606,0.10618449592009627,0.3873736058155839
0.495,0.09469823274424809,0.11018754666637304,0.10036678892964321,0.1197232410803601,0.3903943957295071,0.10907189799568984,0.39042909270369075
0.5,0.09669889963321107,0.11318954833459666,0.10336778926308769,0.12304101367122375,0.3934204294324338,0.11199971378298262,0.3934693402873666
0.505,0.10203401133711237,0.1161818704332874,0.10636878959653218,0.12637545848616205,0.3964451280223205,0.11496772028493685,0.39649442457295947
0.51,0.10436812270756919,0.11913647558862622,0.1097032344114705,0.12937645881960655,0.3994244327688816,0.11797568197680774,0.3995044211877341
0.515,0.10803601200400133,0.12223827695651629,0.11270423474491498,0.13272757585861952,0.4024401193457547,0.12102335094745031,0.40249940538176254
0.52,0.11103701233744581,0.1253123747288468,0.11570523507835945,0.13571190396798932,0.4054147511966787,0.12411046704500084,0.4054794520298056
0.525,0.1140380126708903,0.12846424283570027,0.11870623541180393,0.13904634878292765,0.40839372216498,0.12723675802683404,0.4084446356331849
0.53,0.11603867955985328,0.13164915499026864,0.1223574524841614,0.14238079359786596,0.41137703225065714,0.13040193971370256,0.4113950303216448
0.535,0.11703901300433478,0.1348691138621114,0.12504168056018672,0.1453984661553851,0.41430226491913735,0.1336057161479628,0.41433070985520626
0.54,0.12004001333777926,0.13815182304678797,0.12837612537512505,0.14838279426475492,0.4172091397833317,0.13684777975578388,0.41725174762601036
0.545,0.12237412470823608,0.14142752288800955,0.13171057019006335,0.15206735578526173,0.42006728302160157,0.14012781151324505,0.4201582166601536
0.55,0.12537512504168055,0.14473960455954427,0.13502834278092696,0.15573524508169387,0.42293443827288485,0.14344548111621414,0.42305018961951335
0.555,0.12937645881960655,0.14808506405705443,0.13804601533844615,0.15905301767255753,0.4258366402414423,0.14680044715390655,0.42592773880356405
0.56,0.13337779259753252,0.1515056236630092,0.1416972324108036,0.1624041347115705,0.42870212660142626,0.1501923572860217,0.42879093615118513
0.5650000000000001,0.1373791263754585,0.15499694426003213,0.1450483494498166,0.16605535178392797,0.43151320710507124,0.15362084842334806,0.43163985324245957
0.5700000000000001,0.14004668222740912,0.15851763734391275,0.14836612204068023,0.1693897965988663,0.43429157733926055,0.15708554691173132,0.4344745613004629
0.5750000000000001,0.14338112704234746,0.1620683704711715,0.15170056685561853,0.1727242414138046,0.43711467386025604,0.16058606871929781,0.4372951311930443
0.58,0.14538179393131043,0.16566750144609446,0.15538512837612536,0.17639213071023674,0.43992508680738124,0.16412201962682554,0.44010163343459796
0.585,0.14738246082027343,0.1692496097297699,0.15905301767255753,0.1800600200066689,0.4426827627894643,0.16769299542115013,0.4428941381878261
0.59,0.15271757252417473,0.17284473536557554,0.16238746248749583,0.18372790930310104,0.4454651383627715,0.17129858209149557,0.4456727152654929
0.595,0.15605201733911303,0.17648959396208488,0.1663887962654218,0.18741247082360785,0.4482037889840495,0.1749383560286225,0.4484374341321702
0.6,0.1587195731910637,0.18016549393675058,0.17005668556185394,0.19041347115705232,0.45098850100517235,0.17861188422667468,0.4511883639059736
0.605,0.16505501833944647,0.18390047266339368,0.1737079026342114,0.19474824941647215,0.4537037871482688,0.18231872448761538,0.4539255733602906
0.61,0.16905635211737247,0.1876644900986346,0.17772590863621207,0.19873291097032345,0.45646246446513206,0.18605842562814112,0.4566491309255002
0.615,0.17405801933977993,0.19142583730779816,0.18172724241413804,0.20240080026675558,0.45918509372994143,0.1898305276889547,0.4593591046906834
0.62,0.1803934644881627,0.19522089612119647,0.18506168722907637,0.20606868956318772,0.461893704307842,0.19363456214628522,0.4620555624053255
0.625,0.1823941313771257,0.19909906572127323,0.18904634878292764,0.20973657885961988,0.46457127350758487,0.19747005212554242,0.4647385714810097
0.63,0.18739579859953318,0.20299993224301327,0.19273091030343448,0.21373791263754585,0.4672952378854338,0.20133651261698587,0.4674081989931028
0.635,0.1910636878959653,0.2069288361385731,0.19673224408136045,0.21773924641547182,0.46995077772003346,0.20523345069329646,0.47006451168243146
0.64,0.19473157719239748,0.21090980944265386,0.20073357785928642,0.22142380793597863,0.47262200513284175,0.20916036572893637,0.47270757595695145
0.645,0.19873291097032345,0.21488777874239723,0.20440146715571858,0.22540846948982995,0.47522046888502295,0.2131167496211765,0.4753374578934071
0.65,0.20206735578526175,0.21887576138993275,0.20840280093364455,0.22974324774924976,0.47784797134580365,0.21710208701268124,0.47795422323898396
0.655,0.20673557852617538,0.22295086016326393,0.21240413471157052,0.23407802600866956,0.4804791453674406,0.22111585551553326,0.48055793741295183
0.66,0.21173724574858285,0.22699358244539974,0.21673891297099032,0.2377459153051017,0.4830348855023739,0.22515752593658017,0.4831486655083008
0.665,0.21673891297099032,0.23106100431875673,0.22072357452484162,0.2420806935645215,0.4856497043892837,0.2292265625039938,0.4857264722933681
0.67,0.22240746915638546,0.23509404703135883,0.22440813604534846,0.2464154718239413,0.4881940960633852,0.23332242309492035,0.48829142221345756
0.675,0.2260753584528176,0.23924024057401816,0.22840946982327442,0.25008336112037344,0.4907595157678517,0.23744455946411175,0.4908435793924508
0.68,0.23074358119373126,0.2434084634818212,0.2324108036012004,0.25408469489829943,0.49335564307221447,0.24159241747342136,0.49338300763441045
0.685,0.23474491497165723,0.24759204018957282,0.23607869289763253,0.25808602867622543,0.495889020063745,0.24576543732205314,0.4959097704251745
0.6900000000000001,0.2397465821940647,0.25176493599301214,0.24039679893297766,0.26275425141713904,0.4984427575291197,0.249963053777444,0.49842393093394455
0.6950000000000001,0.243081027009003,0.2559888998701939,0.24473157719239746,0.26675558519506504,0.5009093788686976,0.2541846964066776,0.5009255520148641
0.7000000000000001,0.245081693897966,0.260254252251585,0.24908302767589197,0.27109036345448484,0.5034133833733708,0.25842978980830666,0.5034146962085906
0.705,0.24808269423141047,0.26448589302874104,0.2527509169723241,0.27575858619539845,0.5059010327433143,0.2626977538444792,0.5058914257438583
0.71,0.25141713904634877,0.2688159983925242,0.2567355785261754,0.28011003667889295,0.5083105780004751,0.26698800387325566,0.5083558025390349
0.715,0.25608536178726243,0.2731070516999162,0.2610703567855952,0.2847615871957319,0.5107608442053256,0.27129995098100557,0.5108078882036684
0.72,0.25841947315771924,0.27742180326375077,0.2654218072690897,0.28842947649216405,0.5131330062973949,0.27563300221477993,0.5132477440400283
0.725,0.26475491830610204,0.2818440314272255,0.2697399133044348,0.2930976992330777,0.5155959560761171,0.2799865608145443,0.5156754310446375
0.73,0.27142380793597864,0.28630164008623477,0.2750916972324108,0.2974491497165722,0.5179944866507056,0.2843600264451708,0.5180910099097975
0.735,0.27542514171390464,0.2906734677324873,0.27975991997332444,0.30143381127042346,0.5204454204120764,0.28875279542808013,0.5204945410251058
0.74,0.2810936978992998,0.29503628336572624,0.28409469823274425,0.3061020340113371,0.5228566345605358,0.29316426097243226,0.5228860844789656
0.745,0.28642880960320105,0.29946385198135733,0.28809603201067024,0.3104368122707569,0.5252454855655929,0.29759381340575564,0.5252657000600875
0.75,0.2914304768256085,0.30393247532293877,0.293081027009003,0.3147715905301767,0.5275886089490633,0.3020408404039196,0.5276334472589853
0.755,0.2937645881960654,0.30833801457342613,0.2974324774924975,0.31910636878959653,0.5299167123108436,0.3065047272203422,0.529989385269462
0.76,0.29909969989996665,0.3128720584539192,0.3020840280093364,0.3237912637545849,0.5322524925726002,0.3109848569143393,0.5323335729900908
0.765,0.30310103367789265,0.3173443533563576,0.3064354784928309,0.3284428142714238,0.5345896079473942,0.3154806105785102,0.5346660690256866
0.77,0.3081027009003001,0.3218139780327178,0.3111037012337446,0.33311103701233746,0.5368896739353566,0.31999136756506746,0.5369869316887719
0.775,0.31210403467822606,0.32632599254806716,0.31510503501167053,0.33746248749583196,0.5391827305798629,0.32451650571101254,0.5392962190010342
0.78,0.3177725908636212,0.33079695233746614,0.3197732577525842,0.34244748249416473,0.5414674427678766,0.3290554015620624,0.5415939886947765
0.785,0.32444148049349786,0.3353253219875428,0.32442480826942316,0.34678226075358454,0.5438095648165676,0.33360743059523645,0.5438802982143608
0.79,0.3294431477159053,0.33986270365063326,0.32909303101033677,0.3508002667555852,0.5460812596524499,0.33817196744000827,0.5461552047176441
0.795,0.33344448149383127,0.3443874017398521,0.33344448149383127,0.35545181727242414,0.5483612989448269,0.34274838609793845,0.5484187650774077
0.8,0.33777925975325107,0.3489578274506579,0.33809603201067023,0.35980326775591864,0.5506006172895139,0.3473360601606937,0.5506710358827784
0.805,0.34278092697565854,0.3535259167136454,0.34244748249416473,0.3644548182727576,0.5528272520603303,0.3519343630263715,0.5529120734406436
0.81,0.34878292764254754,0.35811937312437486,0.3474491497165722,0.3691230410136712,0.5549741138270647,0.35654266811404073,0.5551419337770589
0.8150000000000001,0.3527842614204735,0.3627188375437792,0.3527842614204735,0.3737912637545849,0.5571904014718286,0.36116034907641853,0.5573606726386489
0.8200000000000001,0.3601200400133378,0.36731730062840434,0.3571190396798933,0.3784594864954985,0.5594026837774752,0.365786780010601,0.5595683454940008
0.8250000000000001,0.36378792930976994,0.37196616423025225,0.36177059019673224,0.38346115371790596,0.5615902664919,0.37042133566676727,0.5617650075350509
0.8300000000000001,0.36845615205068355,0.3766570838928286,0.36645548516172055,0.3881460486828943,0.5637838572150006,0.3750633916547816,0.5639507136784645
0.835,0.3741247082360787,0.3812895923599493,0.3711237079026342,0.3927975991997332,0.5658970073775016,0.37971232464861493,0.5661255185670091
0.84,0.37679226408802935,0.3858847176619762,0.3754418139379793,0.3974658219406469,0.5681086221266282,0.3843675125885132,0.5682894765709203
0.845,0.3821273757919306,0.39058731956364534,0.3797932644214738,0.4018172724241414,0.5702848563802214,0.38902833488084193,0.5704426417892609
0.85,0.3867955985328443,0.3952932592479112,0.3844614871623875,0.40715238412804267,0.5724297154773974,0.3936941725955342,0.5725850680512733
0.855,0.39213071023674556,0.3999708277800976,0.3891297099033011,0.41182060686895633,0.5746106226266279,0.39836440866107453,0.5747168089177259
0.86,0.3947982660886962,0.4045916540081267,0.3934644881627209,0.41583861287095697,0.5767471372673106,0.40303842805695544,0.5768379176822511
0.865,0.39846615538512836,0.40926454964467673,0.39846615538512836,0.42047349116372124,0.5788409282907447,0.407715618003538,0.5789484473726788
0.87,0.40546848949649883,0.41402189118094473,0.40280093364454816,0.4254751583861287,0.5809423962141533,0.4123953681492555,0.581048450752361
0.875,0.40913637879293097,0.41865239697850626,0.40780260086695563,0.4294764921640547,0.5830605530505495,0.4170770707551044,0.5831379803214916
0.88,0.41347115705235077,0.42320980533718183,0.41212070690230074,0.434161387129043,0.5851790436652053,0.42176012087635817,0.5852170883184187
0.885,0.4171390463487829,0.42788270097373216,0.4168056018672891,0.4391463821273758,0.5872484688756777,0.4264439165414495,0.5872858267209504
0.89,0.4231410470156719,0.4325802962015038,0.4214738246082027,0.4434811603867956,0.5892811784775771,0.4311278589279716,0.5893442472476544
0.895,0.4294764921640547,0.4372415095989624,0.42614204734911637,0.4474991663887963,0.5913168920838148,0.43581135253573927,0.5913924013591516
0.9,0.43247749249749917,0.4418546589270163,0.43114371457152384,0.45281760586862285,0.5934083466594302,0.44049380535686644,0.5934303402594009
0.905,0.4371457152384128,0.4465479150374118,0.43546182060686894,0.45716905635211735,0.5954634194047325,0.44517462904280747,0.5954581148969812
0.91,0.44214738246082025,0.4511704101567388,0.4401467155718573,0.461837279093031,0.5974994667892288,0.4498532390683193,0.597475775966364
0.915,0.44848282760920305,0.4557852283760922,0.4451483827942648,0.4668389463154385,0.5995355141737272,0.4545290548923,0.5994833739091812
0.92,0.45481827275758585,0.4605085245298645,0.4497999333111037,0.47149049683227745,0.6015448592974432,0.45920150011546196,0.6014809589154859
0.925,0.460486828942981,0.46519410374028447,0.45446815605201735,0.47617539179726576,0.6034821083170536,0.46387000263480105,0.6034685809250071
0.93,0.46348782927642546,0.4698629940377174,0.45915305101700565,0.4808269423141047,0.6054417204800655,0.46853399479482355,0.605446289628399
0.935,0.4671557185728576,0.47447313936143554,0.4641547182394131,0.48484494831610536,0.6074123473256506,0.4731929135354957,0.6074141344684816
0.9400000000000001,0.47382460820273425,0.4791153273980876,0.4684894964988329,0.490163387795932,0.609326231867079,0.4778462005368833,0.6093721646414789
0.9450000000000001,0.4774924974991664,0.483780879912923,0.4728242747582527,0.4945148382794265,0.6112841751387936,0.4824933023604507,0.611320429098247
0.9500000000000001,0.4811603867955985,0.4884684617929025,0.4778259419806602,0.4991663887962654,0.6132291010583784,0.48713367058698803,0.6132589765454988
0.9550000000000001,0.4858286095365122,0.4931026391513224,0.48249416472157386,0.5035178392797599,0.6151256291302969,0.4917667619511426,0.6151878554470215
0.96,0.48916305435145047,0.4977935588138994,0.48747915971990663,0.5081693897965989,0.6170912493019859,0.49639203847252794,0.6171071140248879
0.965,0.49349783261087027,0.5023870152246283,0.4914971657219073,0.5121707235745249,0.6190234916477011,0.5010089675833875,0.6190168002606627
0.97,0.49816605535178393,0.5069737960701619,0.4964821607202401,0.5171723907969323,0.6209143454892053,0.5056170222527948,0.6209169618966012
0.975,0.5045015005001667,0.5115055035028365,0.5011670556852285,0.5215071690563521,0.6228212206871766,0.5102156811073664,0.622807646436843
0.98,0.5115038346115371,0.5160575714093553,0.5054851617205736,0.5261753917972658,0.6247154123112769,0.5148044285484774,0.6246889011486004
0.985,0.5155051683894631,0.520570921037744,0.5108202734244749,0.5305101700566855,0.6265471874008053,0.5193827548659598,0.6265607730633391
0.99,0.5195065021673891,0.5250729222053004,0.5148382794264755,0.5351783927975992,0.6284076674206717,0.523950156348273,0.6284233089779543
0.995,0.5251750583527842,0.5296226536640015,0.5194898299433145,0.539513171057019,0.6302751567839928,0.5285061353891363,0.6302765554559411
1.0,0.5295098366122041,0.5341617042183909,0.5241747249083027,0.5441813937979326,0.6321106034343779,0.5330502005906137,0.6321205588285577
1.0050000000000001,0.5318439479826609,0.5386313288947502,0.528492830943648,0.5488496165388462,0.6339841008063752,0.5375818668626449,0.6339553651959846
1.01,0.5365121707235745,0.54308826999724,0.5321773924641547,0.5531843947982661,0.6358048612133317,0.5421006555190166,0.6357810204284766
1.0150000000000001,0.5408469489829943,0.5475632351257553,0.5371623874624876,0.5578526175391797,0.6376589994462619,0.5466060943697749,0.6375975701675097
1.02,0.5451817272424141,0.552033861136895,0.541513837945982,0.5621873957985996,0.6394640722750093,0.5510977178100697,0.6394050598269216
1.025,0.5478492830943648,0.5565004818089175,0.5458319439813272,0.5665221740580193,0.641286835351524,0.5555750669054434,0.6412035345940483
1.03,0.5525175058352785,0.5609510811244726,0.5501833944648216,0.5708736245415138,0.6430972486324273,0.5600376894735559,0.6429930394308526
1.035,0.5561853951317106,0.5653806524096617,0.5545181727242414,0.5755251750583528,0.6449180090393828,0.5644851401623564,0.6447736190750485
1.04,0.5601867289096365,0.5696740421648716,0.559186395465155,0.5798599533177726,0.6467150711898965,0.5689169805247076,0.6465453180412198
1.045,0.5661887295765256,0.5740198351068649,0.563187729243081,0.5845281760586862,0.6484694097231618,0.5733327790894678,0.6483081806219331
1.05,0.571190396798933,0.5784016761009092,0.5681727242414139,0.5885295098366122,0.6502254171477245,0.5777321114290446,0.6500622508888447
1.055,0.5741913971323774,0.5827604863950314,0.5725075025008337,0.5928809603201066,0.6520124659504443,0.5821145602234263,0.6518075726938024
1.06,0.5785261753917973,0.5870812459675406,0.5768589529843281,0.5971990663554518,0.6537441075620471,0.586479715320713,0.6535441896699425
1.065,0.5871957319106369,0.5913312445489841,0.5815271757252417,0.6012004001333778,0.6554857625214414,0.5908271737941492,0.6552721452327799
1.07,0.5931977325775258,0.595678372604014,0.5855285095031677,0.6058686228742914,0.6571840263070673,0.5951565399956895,0.6569914825812934
1.075,0.5961987329109704,0.5999781041461593,0.5905135045015005,0.6102200733577858,0.6588953074448236,0.5994674256061017,0.6587022446990063
1.08,0.6035345115038346,0.6042180893798103,0.5938479493164389,0.6138879626542181,0.6606449730824523,0.6037594496816368,0.6604044743550609
1.085,0.6092030676892297,0.608480771535122,0.5978659553184394,0.618539513171057,0.6623759471375346,0.6080322386972823,0.6620982141052869
1.09,0.614538179393131,0.6126703562515505,0.6022007335778593,0.6232077359119707,0.6640638637971081,0.6122854265866224,0.6637835062932667
1.095,0.6182060686895632,0.6168652814201337,0.6068522840946983,0.6268756252084028,0.6657834893913586,0.6165186547783279,0.6654603930513924
1.1,0.624541513837946,0.6210905804103545,0.610536845615205,0.6312104034678226,0.667473074942231,0.6207315722293061,0.6671289163019205
1.105,0.6292097365788596,0.625269818000728,0.614538179393131,0.635561853951317,0.6691523133670517,0.624923835454531,0.668789117758019
1.11,0.6308769589863288,0.6293812986043739,0.6188729576525509,0.6395465155051684,0.6708202033310404,0.6290951085535881,0.670441038924811
1.115,0.6332110703567856,0.63350145744277,0.6228576192064021,0.643564521507169,0.6725064510993158,0.6332450632339577,0.6720847211004115
1.12,0.6375458486162054,0.6376122704898968,0.6268589529843281,0.6478826275425141,0.6741589872633552,0.637373378831075,0.6737202053769605
1.125,0.6428809603201067,0.6416670087893832,0.6308769589863288,0.6518839613204401,0.675773138927524,0.6414797423251908,0.6753475326416503
1.1300000000000001,0.6472157385795265,0.6457764867234693,0.6351950650216739,0.6558852950983661,0.677382951474315,0.6455638483550736,0.6769667435777471
1.135,0.6512170723574525,0.6498162050012659,0.6388796265421808,0.6595531843947983,0.6790331511905378,0.6496253992285819,0.6785778786656087
1.1400000000000001,0.65621873957986,0.6537808231706209,0.6432144048016005,0.6635545181727243,0.6806459677416663,0.6536641049301488,0.6801809781836962
1.145,0.6602200733577859,0.6577300875400229,0.6468822940980327,0.6675558519506503,0.68225244250586,0.6576796831252074,0.6817760822095809
1.1500000000000001,0.6652217405801933,0.6616633305529609,0.6512004001333779,0.67189063021007,0.6838522417048593,0.6616718591616046,0.6833632306209468
1.155,0.6692230743581193,0.6656917003699248,0.6552017339113038,0.6759086362120706,0.6854246710865585,0.6656403660680341,0.6849424630965867
1.16,0.6745581860620207,0.6696392958480326,0.6595531843947983,0.6792264088029343,0.6870091164856083,0.6695849445495332,0.6865138191173947
1.165,0.679893297765922,0.6735788806479035,0.6635545181727243,0.6835611870623541,0.688550504489151,0.6735053429800839,0.6880773379673533
1.17,0.6845615205068356,0.677473739160969,0.6675558519506503,0.6875625208402801,0.6900962316100693,0.6774013173923583,0.689633058734515
1.175,0.6912304101367123,0.6812317485875333,0.6712237412470824,0.691563854618206,0.6916596489787546,0.6812726314646542,0.6911810203119801
1.18,0.6968989663221073,0.6850411598661017,0.6752250750250083,0.6952484161387129,0.6931993680909976,0.6851190565050599,0.6927212613988687
1.185,0.6998999666555519,0.6888769396271907,0.6788929643214405,0.699566522174058,0.6947247347380732,0.6889403714329003,0.6942538205012883
1.19,0.705568522840947,0.692658313531939,0.6825608536178727,0.7029009669889963,0.6962133857765748,0.6927363627574993,0.6957787359332959
1.195,0.7102367455818607,0.6964116500628672,0.6862287429143048,0.7065855285095031,0.6976963625846592,0.6965068245543156,0.6972960458178572
1.2,0.7132377459153051,0.7000648531158697,0.6898966322107369,0.7102534178059353,0.6992350803621229,0.7002515584384887,0.6988057880877978
1.205,0.7179059686562187,0.7037527691078878,0.6935478492830944,0.7142380793597866,0.7007197260615068,0.7039703735358518,0.7003080004867537
1.21,0.7205735245081694,0.7073989628174342,0.6972324108036012,0.717572524174725,0.7022083771000069,0.7076630864514494,0.7018027205701126
1.215,0.7225741913971324,0.7109927533402017,0.7008836278759587,0.7209069689896632,0.7036763338864029,0.7113295212356194,0.7032899857059547
1.22,0.7255751917305768,0.714579534519514,0.7045681893964655,0.7249083027675892,0.7051583093597092,0.7149695093476796,0.7047698330759857
1.225,0.729243081027009,0.7181796668292154,0.708219406468823,0.7279259753251083,0.7066539697416658,0.7185828896172739,0.7062422996764672
1.23,0.7339113037679227,0.7217550995476986,0.7119039679893298,0.7315938646215404,0.7081219265280615,0.7221695082034251,0.7077074223191406
1.235,0.7369123041013671,0.7253018273358383,0.7155551850616872,0.7349116372124042,0.7096109113448227,0.7257292185513495,0.7091652376321484
1.24,0.7415805268422807,0.7287958181589395,0.7189063021007003,0.7389129709903302,0.7111059041702588,0.7292618813470773,0.7106157820609493
1.245,0.745248416138713,0.7322490880343503,0.7225741913971324,0.7422474158052684,0.7125645151653809,0.7327673644699385,0.7120590918692298
1.25,0.7489163054351451,0.7357384059618147,0.7255751917305768,0.7459153051017006,0.713991083447568,0.7362455429429594,0.7134952031398099
1.2550000000000001,0.7519173057685895,0.7391656411329648,0.7292264088029343,0.7492664221407135,0.7154209895123526,0.7396962988812252,0.7149241517755465
1.26,0.7552517505835279,0.742521447756525,0.7325608536178727,0.7522507502500834,0.7168068368468502,0.7431195214382614,0.7163459735002295
1.2650000000000001,0.75891963987996,0.7459066268669475,0.7355618539513171,0.7562520840280094,0.7181856748378925,0.7465151067504843,0.7177607038594767
1.27,0.7612537512504168,0.7492213787645602,0.7392297432477493,0.7592530843614538,0.7195765288462859,0.7498829578797755,0.7191683782216203
1.2750000000000001,0.7635878626208736,0.7525768516098621,0.7422474158052684,0.7629209736578859,0.7209683841894585,0.7532229847542339,0.7205690317785927
1.28,0.7669223074358119,0.7558388665424345,0.7455818606202067,0.7659386462154051,0.7223445519544212,0.7565351041071537,0.7219626995468058
1.285,0.7685895298432811,0.7591012152532655,0.7492330776925642,0.7689563187729244,0.7237424153062703,0.7598192394142913,0.7233494163680265
1.29,0.77459153051017,0.7622797856208999,0.7522507502500834,0.7725908636212071,0.7251252586364305,0.7630753208294616,0.7247292169102477
1.295,0.7782594198066022,0.7654099581408675,0.7552517505835279,0.7749416472157385,0.7264640432363011,0.766303285118529,0.7261021356685544
1.3,0.7812604201400467,0.7685581546868636,0.7585861953984662,0.7782594198066022,0.7278131749622249,0.7695030755918394,0.7274682069659875
1.305,0.7842614204734911,0.7717380601675362,0.7619039679893298,0.7816105368456152,0.7291679809185654,0.7726746420351488,0.7288274649544001
1.31,0.7879293097699233,0.7748174983920231,0.764921640546849,0.7849283094364788,0.7305167788662287,0.775817940639102,0.7301799436153131
1.315,0.7929309769923307,0.777913959307757,0.7679059686562187,0.7882627542514171,0.7318599025834776,0.7789329339273139,0.7315256767607634
1.32,0.7945981993997999,0.7809877233018294,0.7712404134711571,0.7909469823274424,0.7332117045354798,0.7820195906831078,0.7328646980341497
1.325,0.796598866288763,0.7840681628610938,0.7739246415471824,0.793947982660887,0.7345201153137132,0.7850778858749621,0.7341970409110734
1.33,0.7979326442147382,0.7870558120641482,0.7769256418806268,0.7966155385128376,0.7358592336918439,0.7881078005807196,0.735522738700176
1.335,0.8016005335111704,0.7900961982322459,0.7802434144714906,0.7999333111037013,0.7372097005308067,0.7911093219106118,0.7368418245439713
1.34,0.8049349783261087,0.7930267713528778,0.7829109703234411,0.8026008669556519,0.7385481513524205,0.7940824429291493,0.738154331419674
1.345,0.8092697565855285,0.7959933925255694,0.7859286428809603,0.8059519839946648,0.7398525567915375,0.7970271625759325,0.7394602921400244
1.35,0.8126042014004669,0.798871228681166,0.788596198732911,0.808269423141047,0.7411623026828097,0.7999434855854348,0.7407597393541085
1.355,0.8156052017339113,0.8018071422539578,0.7915971990663555,0.8116038679559854,0.7424249858394575,0.8028314224058049,0.7420527055481743
1.36,0.8192730910303434,0.8046939904225674,0.7945815271757253,0.8142714238079359,0.7436980161221581,0.8056909891167475,0.7433392230464442
1.365,0.8222740913637879,0.8075401176434854,0.7969323107702567,0.8172890963654551,0.7450131024655872,0.808522207346527,0.7446193240119223
1.37,0.8249416472157386,0.8103164852081154,0.7999333111037013,0.8199399799933311,0.7462744505091965,0.8113251041881476,0.7458930404471997
1.375,0.8272757585861954,0.8130985270031624,0.8026008669556519,0.8229409803267755,0.7475608319222858,0.8140997121147581,0.7471604041952535
1.3800000000000001,0.8302767589196399,0.8158809025764676,0.8056018672890963,0.8259419806602201,0.7488041559398683,0.8168460688943343,0.7484214469402435
1.385,0.8326108702900967,0.8185901807108862,0.8086028676225409,0.8282760920306769,0.7500681742095543,0.8195642175036846,0.7496762002083039
1.3900000000000001,0.8346115371790597,0.821257069006318,0.8112704234744915,0.8306102034011337,0.7513044888836818,0.822254206041831,0.7509246953683318
1.395,0.8376125375125042,0.8239489906712313,0.8142547515838613,0.833294431477159,0.7525404697795498,0.8249160876428107,0.7521669636327712
1.4000000000000001,0.8409469823274425,0.8265537962103477,0.8166055351783928,0.835945315105035,0.7537634333232863,0.8275499203879494,0.7534030360583935
1.405,0.8426142047349117,0.8291582679712064,0.8192730910303434,0.8382960986995664,0.7549700417322958,0.8301557672176505,0.7546329435470737
1.41,0.8452817605868623,0.8317503899364512,0.8225908636212071,0.8409469823274425,0.7561913363847327,0.83273369584275,0.7558567168465629
1.415,0.8472824274758253,0.8343001220627092,0.8246082027342447,0.8432810936978993,0.7574273172806019,0.8352837786554812,0.7570743865512576
1.42,0.8499499833277759,0.8367553949414586,0.8272757585861954,0.8459486495498499,0.7586472768200013,0.837806092640095,0.7582859831029636
1.425,0.8519506502167389,0.8392697465721801,0.8296098699566522,0.8486328776258752,0.7598695728072187,0.8403007192831831,0.7594915367916579
1.43,0.8549516505501834,0.8417240181161488,0.8322774258086029,0.8512837612537513,0.7610291184816027,0.8427677444837458,0.7606910777562454
1.435,0.8559519839946649,0.8441986501339622,0.8346115371790597,0.8536178726242081,0.7622434037905865,0.8452072584630503,0.761884635985313
1.44,0.8569523174391463,0.8465871673607601,0.8372790930310103,0.8556352117372457,0.7634076223606051,0.847619355674321,0.7630722413178782
1.445,0.8599533177725909,0.8489850303788278,0.8396132044014671,0.8582860953651217,0.764601547195744,0.850004134712306,0.7642539234441365
1.45,0.8622874291430477,0.8513885676273137,0.8416138712904302,0.8609536512170723,0.7657600915353501,0.8523616982227611,0.7654297119062023
1.455,0.8639546515505169,0.8537029860804457,0.8446148716238746,0.8629543181060353,0.7668926011706937,0.8546921528118927,0.7665996360988487
1.46,0.8666222074024675,0.8559813564815224,0.8469489829943314,0.8649549849949983,0.7680801842188986,0.8569956089557991,0.7677637252702412
1.465,0.867622540846949,0.8582250139435869,0.8495998666222074,0.8672890963654551,0.76924106500632,0.859272180909952,0.7689220085226698
1.47,0.8692897632544181,0.8604649998447927,0.8512837612537513,0.869623207735912,0.7704006106807034,0.8615219866187558,0.7700745148132762
1.475,0.8719573191063688,0.8626455732157645,0.8539346448816273,0.871623874624875,0.7715324527595282,0.8637451476252235,0.7712212729547776
1.48,0.8739579859953318,0.864849177286655,0.8559519839946649,0.8739579859953318,0.7726669650644302,0.8659417889808082,0.7723623116161873
1.485,0.8759586528842948,0.8669706719056484,0.8576192064021341,0.8756252084028009,0.773788126238942,0.8681120391554245,0.7734976593235312
1.49,0.8799599866622208,0.8690821531768516,0.8599366455485162,0.877625875291764,0.774905615852598,0.8702560299476982,0.7746273444605613
1.495,0.8816272090696899,0.87119597089587,0.862270756918973,0.8796432144048015,0.7760180987923571,0.8723738963954811,0.7757513952694647
1.5,0.883294431477159,0.8732817512410711,0.8642880960320106,0.8816438812937646,0.7771135590408692,0.8744657766866598,0.7768698398515702
1.5050000000000001,0.8846282094031344,0.8752981057082421,0.8662887629209737,0.8836278759586529,0.7782267095371468,0.8765318120703005,0.7779827061680507
1.51,0.8862954318106036,0.8773441664405307,0.8686228742914305,0.8852950983661221,0.7793331844682301,0.8785721467681554,0.7790900220406218
1.5150000000000001,0.8886295431810604,0.8793545128990277,0.8706235411803934,0.887295765255085,0.7804576834253386,0.8805869278865701,0.7801918151522383
1.52,0.889296432144048,0.8813344855358857,0.8729576525508503,0.889296432144048,0.7815788445998512,0.8825763053288167,0.7812881130477852
1.5250000000000001,0.8916305435145049,0.8832703994424559,0.8749583194398133,0.8916305435145049,0.7826916613178698,0.8845404317078894,0.7823789431347672
1.53,0.8936312104034678,0.8852153253620403,0.8766255418472825,0.8933144381460486,0.7837680962055757,0.8864794622597888,0.783464332683993
1.5350000000000001,0.8962987662554185,0.8871572472772866,0.8786262087362454,0.8949649883294432,0.7848568808888929,0.8883935547573263,0.7845443088302579
1.54,0.8999666555518506,0.8890173935188949,0.8809436478826276,0.8969656552184061,0.785921967315766,0.8902828694244757,0.785618898573022
1.545,0.9016338779593198,0.8909035744647621,0.8826275425141714,0.8986328776258753,0.7869867199643797,0.8921475688513005,0.7866881287770848
1.55,0.9029676558852952,0.8927610504802906,0.8849449816605536,0.9006335445148382,0.7880865193302667,0.8939878179094843,0.7877520261732569
1.555,0.9043014338112704,0.8945724650959735,0.8866288762920974,0.9026342114038013,0.7891656244440503,0.8958037836684882,0.7888106173590288
1.56,0.9056352117372457,0.896346830324823,0.8882960986995665,0.9043014338112704,0.7902073463927404,0.8975956353123637,0.7898639287992353
1.565,0.9076358786262088,0.8981018364146072,0.8902967655885295,0.9059686562187396,0.7912383874371208,0.899363544057242,0.790911986826717
1.57,0.9093031010336778,0.8998648531826262,0.8919639879959986,0.9076358786262088,0.7922720987075776,0.9011076830695275,0.7919548176429796
1.575,0.9113037679226409,0.9015758005421234,0.8936312104034678,0.9096532177392463,0.7933184935519048,0.9028282273848142,0.7929924473188473
1.58,0.9129709903301101,0.9032723954364511,0.8956152050683561,0.9116372124041348,0.7943749017440253,0.9045253538275505,0.7940249017951165
1.585,0.9146382127375792,0.9048838768745421,0.8969656552184061,0.9129709903301101,0.7954119507970804,0.9061992409314716,0.7950522068832027
1.59,0.9159719906635545,0.9065891500036223,0.8989663221073692,0.914971657219073,0.7964149544676399,0.9078500688608213,0.7960743882657866
1.595,0.9183061020340113,0.908174930515711,0.9003001000333445,0.916322107369123,0.7974259688164329,0.9094780193323824,0.797091471497456
1.6,0.9199733244414805,0.9097436883365533,0.9019673224408136,0.9179726575525176,0.7984333116043686,0.9110832755383343,0.7981034820053446
1.605,0.9216405468489497,0.9113431537572924,0.9036345448482828,0.9193064354784928,0.799428638374954,0.9126660220699576,0.7991104450897679
1.61,0.9243081027009002,0.9129182533650694,0.9052850950316773,0.9210070023341114,0.8004556740802155,0.9142264448422011,0.8001123859248556
1.615,0.9256418806268756,0.9144686533816244,0.906968989663221,0.9226575525175058,0.8014837111202563,0.9157647310191285,0.8011093295591803
1.62,0.9279759919973325,0.9159860093504636,0.9086362120706902,0.9243081027009002,0.8024893850168938,0.9172810689402631,0.8021013009163853
1.625,0.9296432144048016,0.9174789995063415,0.9099533177725909,0.9256585528509502,0.8034456597310876,0.9187756480478407,0.8030883247958059
1.6300000000000001,0.9326442147382461,0.9189349402753857,0.9113037679226409,0.9273091030343448,0.8044283029278025,0.9202486588149904,0.8040704258730906
1.635,0.9336445481827276,0.9203768623575234,0.9129543181060354,0.9283261087029009,0.805409611011479,0.9217002926748533,0.8050476287008175
1.6400000000000001,0.9353117705901968,0.9218040981962295,0.9143047682560853,0.9299766588862954,0.8063812395256217,0.923130741950654,0.8060199577091081
1.645,0.9373124374791597,0.9232059668871938,0.9153051017005669,0.9313104368122708,0.8073371804615553,0.9245401997867359,0.8069874372062382
1.6500000000000001,0.9379793264421474,0.9246001586781859,0.916972324108036,0.9326442147382461,0.8082791027105801,0.9259288600805727,0.8079500913792459
1.655,0.9393131043681227,0.9259609726432,0.9183061020340113,0.9339946648882961,0.8092380476508523,0.9272969174157665,0.8089079442945354
1.6600000000000001,0.9409803267755918,0.9273157785995395,0.9199733244414805,0.9349783261087029,0.8101759645607592,0.9286445669960426,0.8098610198984795
1.665,0.9413137712570857,0.928639209399462,0.9213071023674558,0.9363121040346782,0.8111315717184343,0.9299720045802496,0.810809342018018
1.67,0.942647549183061,0.9299526268515939,0.9226408802934312,0.9376458819606536,0.8120925193282645,0.9312794264183756,0.8117529343612532
1.675,0.9436478826275425,0.9312159775647604,0.9236412137379126,0.9389796598866289,0.8130104095425864,0.932567029188586,0.812691820518043
1.68,0.9439813271090364,0.932470983821433,0.9249583194398133,0.9403134378126042,0.8139493277872737,0.9338350099352913,0.81362602396059
1.685,0.9449816605535178,0.9337229860737701,0.9263087695898633,0.9413137712570857,0.8148638802189985,0.9350835660082533,0.8145555680440291
1.69,0.9459819939979993,0.9349693140956898,0.9276425475158386,0.942647549183061,0.8158158158158156,0.9363128950027311,0.8154804760070107
1.695,0.9469823274424808,0.9361812629568536,0.9286428809603201,0.9433311103701233,0.8167176846736696,0.9375231947006787,0.8164007709722821
1.7,0.9489829943314438,0.9373314628399634,0.9299766588862954,0.9449816605535178,0.8176185521967441,0.938714663012992,0.8173164759472653
1.705,0.9496498832944315,0.9384923436273875,0.9313104368122708,0.9459819939979993,0.8185150806024422,0.9398874979228163,0.8182276138246325
1.71,0.9509836612204068,0.9396545595278505,0.9326442147382461,0.9473324441480493,0.8194359748211031,0.941041897429911,0.8191342073828779
1.715,0.9519839946648883,0.9408317954500025,0.9339779926642214,0.9483161053684561,0.8203228236572687,0.9421780594960799,0.8200362792868878
1.72,0.9533177725908636,0.9419623024157877,0.9349783261087029,0.9493164388129376,0.8212420489846296,0.943296181991667,0.8209338520885068
1.725,0.9546515505168389,0.9430814609207416,0.9363121040346782,0.95,0.8221322356033919,0.9443964626431184,0.8218269482271016
1.73,0.9556518839613204,0.9441415406737169,0.9373124374791597,0.9513337779259753,0.823006067087428,0.9454790989816151,0.8227155900301222
1.735,0.9563187729243081,0.94523366313963,0.9386295431810604,0.9523174391463821,0.8238368411759548,0.9465442882927726,0.82359979971366
1.74,0.9576525508502834,0.9462750513100616,0.9396465488496165,0.9529843281093698,0.8247026619817552,0.947592227567412,0.8244795993830032
1.745,0.9589863287762588,0.9473347972847801,0.940646882294098,0.954001333777926,0.825579497470127,0.9486231134533987,0.8253550110331891
1.75,0.9593197732577526,0.9483765192334721,0.9416472157385796,0.9549849949983328,0.8264479885020065,0.9496371422085492,0.8262260565495548
1.7550000000000001,0.9606535511837279,0.9493905375866047,0.9429643214404803,0.9563187729243081,0.8273221537643002,0.9506345096546052,0.8270927577082836
1.76,0.9616538846282094,0.9503791887919958,0.9436478826275425,0.9570023341113704,0.8281829678962055,0.9516154111322704,0.8279551361769495
1.7650000000000001,0.9619873291097032,0.9513454768539804,0.9449649883294432,0.9579859953317773,0.8290557980454613,0.952580041457311,0.8288132135150591
1.77,0.9619873291097032,0.9523010840116537,0.9456485495165055,0.9586695565188396,0.829929629529496,0.9535285948777139,0.8296670111745905
1.7750000000000001,0.9633211070356785,0.9532453427084968,0.9469656552184061,0.9600033344448149,0.8307737547484132,0.9544612650319013,0.83051655050053
1.78,0.9646548849616539,0.9541685733749741,0.9476492164054685,0.9606535511837279,0.8316369053281361,0.9553782449079958,0.8313618527314045
1.7850000000000001,0.9646548849616539,0.9550717773458667,0.94864954984995,0.9613204401467156,0.8324957167904817,0.9562797268041342,0.8322029389998141
1.79,0.9659886628876292,0.9559666368602674,0.9496498832944315,0.9619873291097032,0.8333208166485927,0.9571659022898227,0.8330398303329594
1.795,0.9669889963321107,0.9568381318964856,0.9506502167389129,0.9629876625541848,0.8341545947414577,0.9580369621683305,0.833872547653167
1.8,0.9669889963321107,0.9577016162544688,0.9516505501833945,0.9636545515171724,0.8350184128776997,0.9588930964401139,0.8347011117784134
1.805,0.9676558852950984,0.9585484116994639,0.952650883627876,0.9643214404801601,0.8358231522619659,0.9597344942672679,0.8355255434228451
1.81,0.9686562187395799,0.9593922031401191,0.9533177725908636,0.9653217739246416,0.8366726179330382,0.9605613439389953,0.836345863197296
1.815,0.9693231077025676,0.9602229772286455,0.9539846615538513,0.9656552184061353,0.8374706817521089,0.961373832838091,0.837162091609803
1.82,0.9699899966655552,0.9610113614781827,0.9549849949983328,0.9666555518506169,0.8382887722667646,0.9621721474084295,0.8379742490661193
1.825,0.9706568856285428,0.9617930701625255,0.9559853284428143,0.9673391130376792,0.839124553029187,0.9629564731234524,0.8387823558702232
1.83,0.9706568856285428,0.9625774490729462,0.956652217405802,0.968322774258086,0.8399406408742859,0.9637269944556455,0.8395864322248272
1.835,0.9713237745915305,0.9633461404051584,0.9573191063687896,0.9689896632210737,0.8407333642412012,0.9644838948469986,0.8403864982318819
1.84,0.9719906635545181,0.9640857930287733,0.9579859953317773,0.9696565521840613,0.8415401062950254,0.9652273566804396,0.8411825738930794
1.845,0.9726575525175059,0.9648478087957914,0.9589863287762588,0.9703401133711237,0.8423351661097577,0.9659575612522333,0.8419746791103522
1.85,0.9726575525175059,0.9655938032063416,0.9596532177392464,0.9713237745915305,0.8431415743853219,0.966674688745337,0.8427628336863724
1.855,0.9736578859619873,0.9663211060343458,0.9606368789596532,0.9716572190730244,0.8439279559653021,0.9673789182037031,0.8435470573250452
1.86,0.9749916638879627,0.9670303848363225,0.9613204401467156,0.9726575525175059,0.8447073282018268,0.9680704275075186,0.8443273696320027
1.865,0.9753251083694565,0.9677062858123224,0.9619873291097032,0.9730076692230744,0.845490038220949,0.9687493933493739,0.845103790115093
1.87,0.9756585528509503,0.9683801841187655,0.9629876625541848,0.9739913304434812,0.8462687429009538,0.9694159912113475,0.8458763381848686
1.875,0.9759919973324441,0.9690600904338827,0.9636378792930977,0.9746582194064688,0.847037434233166,0.9700703953429989,0.8466450331550716
1.8800000000000001,0.976325441813938,0.9697219727229723,0.9643214404801601,0.9749916638879627,0.8478111322392755,0.97071277874026,0.8474098942431161
1.885,0.9766588862954318,0.9703661647642965,0.9649883294431477,0.9756585528509503,0.8485584617628634,0.9713433131252095,0.8481709405705694
1.8900000000000001,0.9776592197399133,0.970993000336112,0.9656552184061353,0.976325441813938,0.8493184748603215,0.9719621689267264,0.8489281911636292
1.895,0.9786595531843948,0.971633854594838,0.966322107369123,0.9769923307769256,0.8500734812838842,0.9725695152620052,0.8496816649535996
1.9000000000000001,0.9796598866288763,0.9722356567971736,0.9669889963321107,0.9773257752584195,0.8508321592683045,0.9731655199189251,0.8504313807773649
1.905,0.9799933311103701,0.9728257767604181,0.9676392130710237,0.9779926642214072,0.8515721456701788,0.9737503493392613,0.8511773573778596
1.9100000000000001,0.9806602200733577,0.9733992078106775,0.9683061020340114,0.9783261087029009,0.8523181400807286,0.9743241686027261,0.8519196134045376
1.915,0.9809936645548516,0.9739519446088314,0.9686562187395799,0.9789929976658887,0.8530885003042391,0.9748871414118279,0.852658167413838
1.92,0.9816605535178393,0.974527712106907,0.9696565521840613,0.9793264421473825,0.8538117977931253,0.975439430077537,0.8533930378696498
1.925,0.9823274424808269,0.9750747746746427,0.9699899966655552,0.9796765588529509,0.8545531193080388,0.975981195505747,0.8541242431437727
1.93,0.9829943314438147,0.9756215034641205,0.9706568856285428,0.980326775591864,0.8552907692620921,0.9765125971845163,0.8548518015163763
1.935,0.9833277759253084,0.97616522824926,0.9713237745915305,0.9809936645548516,0.8560190734248743,0.9770337931720826,0.855575731176458
1.94,0.9836612204068023,0.9767056152518004,0.9719906635545181,0.9813271090363455,0.8567613962745659,0.977544940085632,0.856296050222297
1.945,0.9839946648882961,0.9772002746327539,0.972324108036012,0.9819939979993331,0.8574903679938689,0.9780461930908174,0.8570127766619071
1.95,0.9839946648882961,0.9777196336049291,0.9733077692564188,0.9823274424808269,0.8581993130175861,0.9785377058920063,0.8577259284134864
1.955,0.9839946648882961,0.9781956014033368,0.9736578859619873,0.9829943314438147,0.858889900237017,0.9790196307232517,0.858435523305866
1.96,0.98432810936979,0.9786835852190962,0.9739913304434812,0.9833277759253084,0.85960318437811,0.9794921183399687,0.8591415790789549
1.965,0.9849949983327776,0.9791735717044118,0.9746582194064688,0.9836612204068023,0.8603131307366056,0.9799553180113086,0.8598441133841846
1.97,0.9853284428142715,0.9796565488462738,0.9749916638879627,0.98432810936979,0.860992369495204,0.9804093775132123,0.8605431437849491
1.975,0.9853284428142715,0.9801178304012536,0.9756585528509503,0.9846615538512837,0.8616689380277239,0.9808544431221368,0.8612386877570448
1.98,0.9859953317772591,0.9805557474780496,0.9759919973324441,0.9849949983327776,0.8623705399297263,0.9812906596094351,0.8619307626891072
1.985,0.9859953317772591,0.9810016752330812,0.976325441813938,0.9853284428142715,0.8630604595926368,0.9817181702363835,0.8626193858830458
1.99,0.9863287762587529,0.9814275762925282,0.9769923307769256,0.9856618872957652,0.8637500454772872,0.9821371167498377,0.8633045745544762
1.995,0.9869956652217405,0.9818504733476366,0.9773257752584195,0.9859953317772591,0.8644366273575999,0.9825476393785078,0.8639863458331508
2.0,0.9869956652217405,0.982256681489758,0.9779759919973325,0.9863287762587529,0.8651382292596024,0.982949876829839,0.8646647167633873
2.005,0.9876625541847283,0.982650206058009,0.9783261087029009,0.9866622207402468,0.8658034493312918,0.9833439662874862,0.8653397043044941
2.0100000000000002,0.9883294431477159,0.9830390577306226,0.9786595531843948,0.9869956652217405,0.8664823543116301,0.9837300434093658,0.8660113253311951
2.015,0.9886628876292097,0.9834125556032889,0.9789929976658887,0.9873291097032344,0.8671442366007225,0.9841082423262771,0.8666795966340506
2.02,0.9886628876292097,0.9837830494716167,0.9793264421473825,0.9876625541847283,0.8678017797724369,0.9844786956410768,0.8673445349198783
2.025,0.9886628876292097,0.9841475353312684,0.9799933311103701,0.9879959986662221,0.8684716727397629,0.9848415344283958,0.8680061568121697
2.0300000000000002,0.9886628876292097,0.9845003389518284,0.9803101033677893,0.9883294431477159,0.8691235416810609,0.9851968882348836,0.868664478851507
2.035,0.9886628876292097,0.984863489698441,0.9806602200733577,0.9886628876292097,0.8697570528180733,0.9855448850799705,0.8693195174959749
2.04,0.9889963321107036,0.9852116204233636,0.9809936645548516,0.9889963321107036,0.8703999097463583,0.9858856514571334,0.8699712891215741
2.045,0.9889963321107036,0.9855687631612988,0.9816605535178393,0.9893297765921975,0.8710527800224374,0.9862193123356504,0.8706198100226289
2.05,0.9889963321107036,0.9859095507645057,0.9819773257752584,0.9896632210736912,0.8716806169290339,0.9865459911628383,0.8712650964121957
2.055,0.9889963321107036,0.9862276414460495,0.9823274424808269,0.9899966655551851,0.8723228063007991,0.9868658098667518,0.8719071644224681
2.06,0.9893297765921975,0.9865574143666855,0.9826608869623208,0.9903301100366789,0.8729763441333949,0.98717888885934,0.8725460301051793
2.065,0.9893297765921975,0.9868745037134486,0.9829943314438147,0.9903301100366789,0.8736071850443297,0.9874853470400434,0.8731817094320049
2.07,0.9899966655551851,0.9871845837167588,0.9833277759253084,0.9906635545181727,0.8742370246204851,0.9877853017998203,0.8738142182949612
2.075,0.9899966655551851,0.9874956650548464,0.9836612204068023,0.9909969989996665,0.8748678655314197,0.9880788690255904,0.8744435725068028
2.08,0.9899966655551851,0.9877927277060262,0.9839946648882961,0.9910136712237412,0.8755210695857567,0.9883661631050852,0.8750697878014175
2.085,0.9899966655551851,0.988092794361544,0.98432810936979,0.991347115705235,0.8761432322619375,0.9886472969320906,0.8756928798342206
2.09,0.9906635545181727,0.9883808449997099,0.98432810936979,0.9916638879626543,0.8767784122902489,0.9889223819120728,0.8763128641825452
2.095,0.9909969989996665,0.9886588822900837,0.9849949983327776,0.991997332444148,0.8774049140838058,0.9891915279681723,0.8769297563460323
2.1,0.9916638879626543,0.9889255711196273,0.9853284428142715,0.9920140046682226,0.8780367563295203,0.9894548435475585,0.8775435717470181
2.105,0.991997332444148,0.9891999368491448,0.9856618872957652,0.9923307769256419,0.8786592527839605,0.9897124356281312,0.8781543257309197
2.11,0.991997332444148,0.9894612852265317,0.9859786595531844,0.9926642214071357,0.8792760750079849,0.9899644097255562,0.8787620335666183
2.115,0.991997332444148,0.9897079473604905,0.9859953317772591,0.9929976658886296,0.8798735380929447,0.990210869900628,0.8793667104468418
2.12,0.991997332444148,0.9899482677075139,0.9863287762587529,0.9933311103701233,0.8804800131909172,0.9904519187669439,0.8799683714885432
2.125,0.991997332444148,0.9901959311762514,0.9869956652217405,0.9933311103701233,0.8810724696019808,0.9906876574988824,0.8805670317332803
2.13,0.991997332444148,0.9904315786276388,0.9869956652217405,0.9936645548516172,0.8816709340217188,0.990918185839872,0.8811627061475904
2.1350000000000002,0.9923307769256419,0.9906565451747138,0.9873291097032344,0.9936645548516172,0.8822734037805733,0.9911436021109418,0.8817554096233646
2.14,0.9926642214071357,0.9908865183956851,0.9876458819606536,0.9939979993331111,0.8828451659395311,0.9913640032195423,0.8823451569782208
2.145,0.9926642214071357,0.9911094822732023,0.9879959986662221,0.9939979993331111,0.8834039107463584,0.9915794846686268,0.8829319629558736
2.15,0.9926642214071357,0.9913357839333168,0.9879959986662221,0.9943314438146049,0.8839656595575223,0.991790140565981,0.883515842226503
2.1550000000000002,0.9933311103701233,0.9915373860022093,0.9883294431477159,0.9943314438146049,0.8845404257208174,0.9919960636337949,0.8840968093871213
2.16,0.9936645548516172,0.9917386542928424,0.9883294431477159,0.9946648882960987,0.8851128554362945,0.9921973452184614,0.8846748789619375
2.165,0.9936645548516172,0.99194659814867,0.9886628876292097,0.9946648882960987,0.8857056456256173,0.9923940753005966,0.8852500654027212
2.17,0.9939979993331111,0.9921371855349906,0.988979659886629,0.9949983327775925,0.8862707322193806,0.9925863425052701,0.8858223830891635
2.1750000000000003,0.9943314438146049,0.9923331133734671,0.9889963321107036,0.9949983327775925,0.8868651913000033,0.9927742341124338,0.8863918463292363
2.18,0.9943314438146049,0.9925150225250337,0.9893297765921975,0.9953317772590864,0.8874386223502603,0.992957836067545,0.8869584693595501
2.185,0.9946648882960987,0.9927099490287301,0.9896632210736912,0.9953317772590864,0.8879900240353739,0.9931372329923678,0.8875222663457104
2.19,0.9946648882960987,0.9928861839498808,0.9896632210736912,0.9956652217405801,0.8885470999509026,0.9933125081959508,0.8880832513826711
2.195,0.9946648882960987,0.9930670917666669,0.9899966655551851,0.9956652217405801,0.8891038420881714,0.9934837436857653,0.8886414384950874
2.2,0.9946648882960987,0.9932389875704407,0.9899966655551851,0.9956652217405801,0.8896639220080386,0.9936510201790003,0.8891968416376661
2.205,0.9946648882960987,0.9934142211568115,0.9903301100366789,0.995998666222074,0.8902273397105025,0.9938144171140035,0.8897494746955148
2.21,0.9946648882960987,0.9935801089519092,0.9903301100366789,0.995998666222074,0.8907867520738479,0.9939740126618601,0.8902993514844886
2.215,0.9946648882960987,0.9937459967470069,0.9906635545181727,0.995998666222074,0.8913288079676874,0.9941298837381006,0.8908464857515359
2.22,0.9949983327775925,0.9939108832073241,0.9909969989996665,0.9963321107035679,0.8918478331616041,0.9942821060145306,0.891390891175042
2.225,0.9949983327775925,0.9940751021111228,0.9913304434811604,0.9963321107035679,0.8923865512728468,0.9944307539311732,0.8919325813651707
2.23,0.9953317772590864,0.9942279725540898,0.9916472157385796,0.9966655551850617,0.8929256031623483,0.9945759007083178,0.8924715698642051
2.235,0.9953317772590864,0.9943708296492642,0.9916638879626543,0.9966655551850617,0.893462318604032,0.994717618358665,0.8930078701468855
2.24,0.9953317772590864,0.9945050085096846,0.9916638879626543,0.9966655551850617,0.8939883531414035,0.994855977699564,0.8935414956207473
2.245,0.9956652217405801,0.9946391873701043,0.991997332444148,0.9969989996665555,0.8945163903483342,0.9949910483653304,0.8940724596264547
2.25,0.9956652217405801,0.9947770377913812,0.991997332444148,0.9969989996665555,0.8950430924422261,0.9951228988196408,0.8946007754381357
2.255,0.9956652217405801,0.9949018708605273,0.9923307769256419,0.9969989996665555,0.895547097614454,0.9952515963679961,0.8951264562637131
2.2600000000000002,0.9956652217405801,0.9950330457166092,0.9923307769256419,0.9973324441480493,0.8960761361561645,0.9953772071702457,0.8956495152452351
2.265,0.9956652217405801,0.995166890798769,0.9926642214071357,0.9973324441480493,0.8965744670979762,0.9954997962531662,0.896169965459203
2.27,0.9956652217405801,0.995296062985292,0.9926642214071357,0.9973324441480493,0.8970978314092702,0.99561942752309,0.8966878199168998
2.275,0.9956652217405801,0.995413552932724,0.9929976658886296,0.9973324441480493,0.8976071770336549,0.995736163778573,0.8972030915647136
2.2800000000000002,0.9956652217405801,0.9955397211149105,0.9933144381460487,0.9976658886295432,0.8981255346710522,0.9958500667231005,0.8977157932844626
2.285,0.9956652217405801,0.9956518706101866,0.9933311103701233,0.9976658886295432,0.8986305411780584,0.9959611969778205,0.8982259378937163
2.29,0.9956652217405801,0.9957660227750212,0.9933311103701233,0.9976658886295432,0.8991368827981039,0.9960696140943003,0.8987335381461166
2.295,0.995998666222074,0.9958691602572838,0.9933311103701233,0.9976658886295432,0.8996462284224873,0.9961753765673022,0.8992386067316963
2.3000000000000003,0.995998666222074,0.9959776381917028,0.9936645548516172,0.9979993331110371,0.9001565753816508,0.9962785418475695,0.8997411562771963
2.305,0.9963321107035679,0.996071429882693,0.9939813271090364,0.9979993331110371,0.9006235311670454,0.9963791663546189,0.9002411993463814
2.31,0.9963321107035679,0.9961799078171119,0.9939979993331111,0.9979993331110371,0.9011221958871177,0.9964773054895343,0.9007387484403544
2.315,0.9966655551850617,0.9962817101863359,0.9939979993331111,0.9983327775925308,0.9015854801116546,0.9965730136477557,0.9012338159978684
2.32,0.9966655551850617,0.996398866355509,0.9943314438146049,0.9983327775925308,0.9020904866186622,0.9966663442318595,0.9017264143956385
2.325,0.9966655551850617,0.9964903215986811,0.9943314438146049,0.9983327775925308,0.9025851459996164,0.996757349664323,0.9022165559486499
2.33,0.9966655551850617,0.9965767701679565,0.9943314438146049,0.9983327775925308,0.9030701258110386,0.9968460814002702,0.9027042529104672
2.335,0.9969989996665555,0.9966805752067395,0.9946648882960987,0.9986662220740247,0.9035741309832676,0.996932589940195,0.9031895174735398
2.34,0.9969989996665555,0.9967817100194448,0.9946648882960987,0.9986662220740247,0.9040664539164052,0.9970169248426538,0.9036723617695069
2.345,0.9973324441480493,0.9968681585887208,0.9946648882960987,0.9986662220740247,0.9045307394757226,0.9970991347369268,0.9041527978695013
2.35,0.9973324441480493,0.9969676245101268,0.9949983327775925,0.9986662220740247,0.9049773347872728,0.9971792673356418,0.9046308377844504
2.355,0.9973324441480493,0.9970524041881036,0.9949983327775925,0.9986662220740247,0.9054422879031093,0.9972573694473564,0.9051064934653769
2.36,0.9973324441480493,0.9971305083008857,0.9949983327775925,0.9989996665555185,0.9059262663797522,0.9973334869890969,0.9055797768036976
2.365,0.9973324441480493,0.9972136190875641,0.9953317772590864,0.9989996665555185,0.9064002315086029,0.9974076649988448,0.9060506996315209
2.37,0.9973324441480493,0.9972900543090476,0.9953317772590864,0.9989996665555185,0.9068855450982851,0.9974799476479747,0.9065192737219415
2.375,0.9979993331110371,0.997357143739258,0.9953317772590864,0.9989996665555185,0.9073404848663293,0.9975503782536324,0.9069855107893365
2.38,0.9979993331110371,0.9974305749564035,0.9953317772590864,0.9989996665555185,0.9078024339778261,0.9976189992910559,0.9074494224896568
2.3850000000000002,0.9979993331110371,0.9975046737300686,0.9956652217405801,0.9990163387795932,0.908236011937246,0.9976858524058317,0.9079110204207188
2.39,0.9979993331110371,0.9975764360559153,0.9956652217405801,0.9993331110370124,0.9086959583791862,0.997750978426086,0.9083703161224952
2.395,0.9979993331110371,0.997645194377424,0.9956652217405801,0.9993331110370124,0.909135878125541,0.9978144173746053,0.9088273210774022
2.4,0.9979993331110371,0.9977052744641798,0.9959819939979994,0.9993331110370124,0.9095998299065988,0.9978762084808865,0.9092820467105875
2.4050000000000002,0.9979993331110371,0.997763351881377,0.995998666222074,0.9993331110370124,0.9100507643355253,0.9979363901931103,0.9097345043902157
2.41,0.9979993331110371,0.997824433302912,0.995998666222074,0.9993331110370124,0.9104780005080092,0.9979950001900375,0.9101847054277523
2.415,0.9983327775925308,0.9978938591809408,0.995998666222074,0.9993331110370124,0.9109155838065461,0.9980520753928251,0.9106326610782468
2.42,0.9986662220740247,0.9979489325938004,0.995998666222074,0.9993331110370124,0.9113768653615254,0.9981076519767592,0.9110783825406137
2.4250000000000003,0.9986662220740247,0.9980096802370757,0.9963321107035679,0.9993331110370124,0.9118384806947647,0.9981617653829022,0.9115218809579128
2.43,0.9986662220740247,0.9980627509803764,0.9963321107035679,0.9993331110370124,0.9122900826802118,0.9982144503296534,0.9119631674176274
2.435,0.9989996665555185,0.9981178243932359,0.9963321107035679,0.9993331110370124,0.912751364235192,0.9982657408242188,0.9124022529519423
2.44,0.9989996665555185,0.9981708951365369,0.9963321107035679,0.9993331110370124,0.9131882799772101,0.9983156701739905,0.9128391485380187
2.445,0.9989996665555185,0.998223965879838,0.9966655551850617,0.999349783261087,0.9136268646105263,0.9983642709978306,0.9132738650982688
2.45,0.9989996665555185,0.9982757015100999,0.9966655551850617,0.9996665555185061,0.9140704559177388,0.9984115752372614,0.9137064135006295
2.455,0.9989996665555185,0.998320427796907,0.9966655551850617,0.9996665555185061,0.914512378333653,0.9984576141675565,0.9141368045588332
2.46,0.9989996665555185,0.9983664891967531,0.9966655551850617,0.9996665555185061,0.9149252620409682,0.9985024184087347,0.9145650490326788
2.465,0.9989996665555185,0.9984122168183394,0.9969823274424808,0.9996665555185061,0.9153481590960765,0.9985460179364513,0.9149911576283004
2.47,0.9993331110370124,0.9984649537833807,0.9969989996665555,0.9996665555185061,0.9157767303815997,0.9985884420927894,0.9154151409984354
2.475,0.9993331110370124,0.9985086787354088,0.9969989996665555,0.9996665555185061,0.9161812696324205,0.998629719596947,0.9158370097426897
2.48,0.9993331110370124,0.9985567428048134,0.9969989996665555,0.9996665555185061,0.9166028315744896,0.9986698785558183,0.9162567744078041
2.485,0.9993331110370124,0.9985987988655427,0.9969989996665555,0.9996665555185061,0.9170120437209475,0.9987089464744717,0.916674445487917
2.49,0.9993331110370124,0.9986371833654144,0.9973324441480493,0.9996665555185061,0.9174215896456648,0.9987469502665179,0.9170900334248273
2.495,0.9993331110370124,0.9986812420957021,0.9973324441480493,0.9996665555185061,0.9178167831052124,0.9987839162643725,0.917503548608255
2.5,0.9993331110370124,0.9987209617086127,0.9973324441480493,0.9996665555185061,0.9182296668125277,0.9988198702294078,0.9179150013761012
2.505,0.9993331110370124,0.9987570097606662,0.9973324441480493,0.9996832277425808,0.9186412154068041,0.9988548373619962,0.9183244020147066
2.5100000000000002,0.9993331110370124,0.9987960618170575,0.9973324441480493,1.0,0.9190360750880922,0.9988888423114423,0.9187317607591083
2.515,0.9993331110370124,0.998828438308254,0.9973324441480493,1.0,0.9194359414432767,0.998921909185803,0.9191370877932963
2.52,0.9993331110370124,0.9988588121298918,0.9976492164054686,1.0,0.9198561682723064,0.9989540615615979,0.9195403932504675
2.525,0.9993331110370124,0.9988945264036857,0.9976658886295432,1.0,0.9202259945841132,0.9989853224934041,0.9199416872132795
2.5300000000000002,0.9993331110370124,0.9989238988905441,0.9976658886295432,1.0,0.920639879626208,0.9990157145233405,0.920340979714102
2.535,0.9993331110370124,0.9989576104947795,0.9976658886295432,1.0,0.9210130437206129,0.999045259690438,0.9207382807352684
2.54,0.9993331110370124,0.9989883180946769,0.9976658886295432,1.0,0.9214112411844997,0.9990739795398951,0.9211336002093251
2.545,0.9993331110370124,0.9990160216902367,0.9976658886295432,1.0,0.9218030968614502,0.9991018951322205,0.9215269480192793
2.5500000000000003,0.9993331110370124,0.9990440590640562,0.9976658886295432,1.0,0.9222006267688166,0.9991290270522605,0.9219183339988468
2.555,0.9993331110370124,0.9990714288813564,0.9976658886295432,1.0,0.9225968215631442,0.9991553954181126,0.9223077679326976
2.56,0.9993331110370124,0.9990944595812794,0.9976658886295432,1.0,0.922983670566199,0.9991810198899245,0.9226952595567003
2.565,0.9993331110370124,0.9991194929507612,0.9979993331110371,1.0,0.923369518234475,0.9992059196785773,0.9230808185581655
2.57,0.9996665555185061,0.9991481978811003,0.9979993331110371,1.0,0.9237440174419187,0.999230113554256,0.9234644545760885
2.575,0.9996665555185061,0.9991765690331794,0.9979993331110371,1.0,0.9241208530971804,0.9992536198549038,0.9238461772013897
2.58,0.9996665555185061,0.9991995997331026,0.9979993331110371,1.0,0.924509370991533,0.9992764564945624,0.9242259959771545
2.585,0.9996665555185061,0.9992256344373636,0.9979993331110371,1.0,0.9248741906294434,0.9992986409715986,0.9246039203988723
2.59,0.9996665555185061,0.9992506678068453,0.9979993331110371,1.0,0.925254030289043,0.9993201903768155,0.9249799599146731
2.595,0.9996665555185061,0.9992767025111065,0.9983161053684562,1.0,0.9256245241573676,0.9993411214014513,0.9253541239255645
2.6,0.9996665555185061,0.9992977305414711,0.9983161053684562,1.0,0.9260177149473582,0.9993614503450633,0.9257264217856661
2.605,0.9996665555185061,0.9993207612413944,0.9983327775925308,1.0,0.9263962194939185,0.9993811931232999,0.9260968628024441
2.61,0.9996665555185061,0.9993401203804602,0.9983327775925308,1.0,0.9267543635666335,0.9994003652755584,0.9264654562369429
2.615,0.9996665555185061,0.999360814632565,0.9983327775925308,1.0,0.9271375410088304,0.9994189819725319,0.9268322113040178
2.62,0.9996665555185061,0.9993771697672932,0.9983327775925308,1.0,0.9274960188598051,0.9994370580236428,0.9271971371725645
2.625,0.9996665555185061,0.9993971964628785,0.9983327775925308,1.0,0.9278464860325464,0.9994546078843661,0.9275602429657486
2.63,0.9996665555185061,0.9994152204889053,0.9983327775925308,1.0,0.9282209852399896,0.9994716456634417,0.9279215377612339
2.6350000000000002,0.9996665555185061,0.9994315756236335,0.9983327775925308,1.0,0.9285784617561865,0.9994881851299751,0.9282810305914092
2.64,0.9996665555185061,0.9994492658714006,0.9983327775925308,1.0,0.928927593815889,0.9995042397204301,0.9286387304436139
2.645,0.9996665555185061,0.9994699601235054,0.9983327775925308,1.0,0.929276058319072,0.9995198225455121,0.928994646260363
2.65,0.9996665555185061,0.9994853139234543,0.9983327775925308,1.0,0.9296669126612436,0.999534946396942,0.9293487869395705
2.6550000000000002,0.9996665555185061,0.9995036717277408,0.9986662220740247,1.0,0.9300120393818292,0.9995496237541236,0.9297011613347715
2.66,0.9996665555185061,0.9995180241929105,0.9986662220740247,1.0,0.9303641754458699,0.999563866790704,0.9300517782553447
2.665,0.9996665555185061,0.9995337117711189,0.9986662220740247,1.0,0.9307319990881175,0.9995776873810266,0.9304006464667309
2.67,0.9996665555185061,0.9995463953449898,0.9986662220740247,1.0,0.9310677800174301,0.999591097106481,0.9307477746906541
2.6750000000000003,0.9996665555185061,0.9995570762493019,0.9986662220740247,1.0,0.9314222525292885,0.9996041072617461,0.9310931716053374
2.68,0.9996665555185061,0.9995710949362118,0.9986662220740247,1.0,0.9317773925976668,0.9996167288609308,0.9314368458457221
2.685,1.0,0.9995841122883423,0.9986662220740247,1.0,0.9320944819444326,0.9996289726436114,0.9317788060036819
2.69,1.0,0.9995981309752521,0.9986662220740247,1.0,0.9324115712911978,0.9996408490807672,0.9321190606282386
2.695,1.0,0.999610480770863,0.9986662220740247,1.0,0.9327553628987444,0.9996523683806149,0.9324576182257754
2.7,1.0,0.9996234981229936,0.9986662220740247,1.0,0.9330854695976402,0.9996635404943427,0.9327944872602503
2.705,1.0,0.9996331776925266,0.9989829943314439,1.0,0.933402558944406,0.9996743751217457,0.9331296761534063
2.71,1.0,0.9996431910403192,0.9989996665555185,1.0,0.9337123051694577,0.9996848817167625,0.9334631932849832
2.715,1.0,0.9996552070576705,0.9989996665555185,1.0,0.9340420780900951,0.9996950694929142,0.9337950469929268
2.72,1.0,0.9996675568532816,0.9989996665555185,1.0,0.9343658430020556,0.999704947428648,0.9341252455735971
2.725,1.0,0.9996785715358536,0.9989996665555185,1.0,0.9346485531880667,0.9997145242725852,0.9344537972819756
2.73,1.0,0.9996895862184255,0.9989996665555185,1.0,0.9349809963347804,0.9997238085486735,0.9347807103318725
2.735,1.0,0.9997016022357768,0.9989996665555185,1.0,0.9353087665858585,0.9997328085612485,0.9351059928961307
2.74,1.0,0.9997112818053098,0.9989996665555185,1.0,0.9356438799586505,0.9997415324000001,0.9354296531068316
2.745,1.0,0.9997222964878818,0.9989996665555185,1.0,0.9359412763880907,0.9997499879448503,0.9357516990554969
2.75,1.0,0.9997326436139342,0.9989996665555185,1.0,0.9362570306218179,0.9997581828707384,0.9360721387932924
2.755,1.0,0.9997369827313111,0.9989996665555185,1.0,0.9365621039512334,0.999766124652319,0.9363909803312283
2.7600000000000002,1.0,0.9997466623008441,0.9989996665555185,1.0,0.9368841999718956,0.9997738205685704,0.9367082316403593
2.765,1.0,0.9997530040877795,0.9989996665555185,1.0,0.9371972839795444,0.9997812777073171,0.9370239006519849
2.77,1.0,0.9997610147660135,0.9989996665555185,1.0,0.9374950141872439,0.9997885029696651,0.9373379952578469
2.775,1.0,0.9997680241094684,0.9989996665555185,1.0,0.9378020901862166,0.9997955030743542,0.9376505233103266
2.7800000000000002,1.0,0.9997763685659625,0.9993164388129377,1.0,0.9381011555069562,0.9998022845620239,0.9379614926226417
2.785,1.0,0.9997820427963783,0.9993331110370124,1.0,0.9384109017320084,0.9998088537993991,0.9382709109690412
2.79,1.0,0.9997903872528724,0.9993331110370124,1.0,0.9387436786569822,0.9998152169833927,0.9385787860849999
2.795,1.0,0.9997997330441455,0.9993331110370124,1.0,0.9390701137950216,0.9998213801451278,0.9388851256674117
2.8000000000000003,1.0,0.9998067423876005,0.9993331110370124,1.0,0.9393872031417877,0.9998273491538807,0.9391899373747821
2.805,1.0,0.9998137517310552,0.9993331110370124,1.0,0.9396949466972808,0.999833129720946,0.9394932288274196
2.81,1.0,0.9998164219571334,0.9993331110370124,1.0,0.9400026902527743,0.9998387274034227,0.9397950076076265
2.815,1.0,0.9998214286310297,0.9993331110370124,1.0,0.9403044257995924,0.999844147607927,0.9400952812598878
2.82,1.0,0.9998261015266663,0.9993331110370124,1.0,0.9405968155551362,0.999849395594226,0.9403940572910606
2.825,1.0,0.999832109535342,0.9993331110370124,1.0,0.9409048928888895,0.999854476478802,0.9406913431705612
2.83,1.0,0.9998371162092383,0.9993331110370124,1.0,0.9411936110835754,0.9998593952383398,0.9409871463305521
2.835,1.0,0.9998434579961738,0.9993331110370124,1.0,0.9415020221955881,0.9998641567131445,0.9412814741661277
2.84,1.0,0.9998521362309274,0.9993331110370124,1.0,0.9418034239641461,0.9998687656104881,0.9415743340354992
2.845,1.0,0.9998544726787456,0.9993331110370124,1.0,0.9420894719327544,0.9998732265078856,0.9418657332601785
2.85,1.0,0.999858144239603,0.9993331110370124,1.0,0.9423651727753103,0.9998775438563031,0.9421556791251615
2.855,1.0,0.9998634846917591,0.9993331110370124,1.0,0.9426629029830097,0.9998817219832989,0.9424441788791099
2.86,1.0,0.999867823809136,0.9993331110370124,1.0,0.9429459469472806,0.9998857650960968,0.9427312397345327
2.865,1.0,0.9998721629265128,0.9993331110370124,1.0,0.943214638446382,0.9998896772845945,0.943016868867966
2.87,1.0,0.9998761682656299,0.9993331110370124,1.0,0.9435106997627826,0.9998934625243083,0.9433010734201531
2.875,1.0,0.9998798398264873,0.9993331110370124,1.0,0.9437984166226897,0.9998971246792534,0.9435838604962227
2.88,1.0,0.9998835113873445,0.9993331110370124,1.0,0.944074451243506,0.9999006675047621,0.9438652371658662
2.8850000000000002,1.0,0.9998868491699423,0.9993331110370124,1.0,0.9443444778556463,0.9999040946502417,0.9441452104635154
2.89,1.0,0.9998918558438387,0.9993331110370124,1.0,0.9446151720243067,0.9999074096618702,0.944423787388517
2.895,1.0,0.9998958611829557,0.9993331110370124,1.0,0.944889871532084,0.9999106159852349,0.9447009749053086
2.9,1.0,0.9999002003003324,0.9993331110370124,1.0,0.9451602319224849,0.9999137169679112,0.9449767799435927
2.9050000000000002,1.0,0.9999045394177093,0.9993331110370124,1.0,0.9454399381041585,0.9999167158619847,0.9452512093985097
2.91,1.0,0.9999058745307484,0.9993331110370124,1.0,0.9457229820684292,0.9999196158265174,0.9455242701308102
2.915,1.0,0.9999098798698655,0.9993331110370124,1.0,0.9460023544718434,0.9999224199299577,0.9457959689670266
2.92,1.0,0.999911882539424,0.9993331110370124,1.0,0.9462747175318027,0.9999251311524968,0.946066312699644
2.9250000000000003,1.0,0.9999145527655021,0.9993331110370124,1.0,0.946528722787475,0.9999277523883722,0.9463353080872698
2.93,1.0,0.9999192256611387,0.9996665555185061,1.0,0.9467857320474863,0.9999302864481172,0.9466029618548029
2.935,1.0,0.9999212283306972,0.9996665555185061,1.0,0.9470400710814184,0.999932736060761,0.9468692806936012
2.94,1.0,0.9999238985567752,0.9996665555185061,1.0,0.9473044234631437,0.999935103875977,0.9471342712616496
2.945,1.0,0.9999269025611132,0.9996665555185061,1.0,0.9475631016144523,0.9999373924661813,0.9473979401837261
2.95,1.0,0.9999282376741522,0.9996665555185061,1.0,0.9478207784309828,0.9999396043285839,0.9476602940515676
2.955,1.0,0.9999319092350095,0.9996665555185061,1.0,0.9480837956996693,0.999941741887191,0.9479213394240343
2.96,1.0,0.999933911904568,0.9996665555185061,1.0,0.9483524871987706,0.9999438074947606,0.9481810828272742
2.965,1.0,0.9999362483523863,0.9996665555185061,1.0,0.9485984817762099,0.9999458034347132,0.9484395307548859
2.97,1.0,0.9999375834654254,0.9996665555185061,1.0,0.9488351305623751,0.9999477319229956,0.9486966896680809
2.975,1.0,0.9999399199132436,0.9996665555185061,1.0,0.949075117131138,0.9999495951099019,0.9489525659958457
2.98,1.0,0.9999439252523608,0.9996665555185061,1.0,0.949326785938992,0.9999513950818513,0.9492071661351015
2.985,1.0,0.9999459279219192,0.9996665555185061,1.0,0.949567440064274,0.999953133863122,0.9494604964508653
2.99,1.0,0.999947596813218,0.9996665555185061,1.0,0.9498197764286471,0.9999548134175448,0.9497125632764082
2.995,1.0,0.9999499332610364,0.9996665555185061,1.0,0.9500641021147865,0.9999564356501548,0.9499633729134137
3.0,1.0,0.9999516021523353,0.9996665555185061,1.0,0.9503117655835249,0.9999580024088045,0.950212931632136
3.005,1.0,0.9999536048218937,0.9996665555185061,1.0,0.950543407695793,0.9999595154857361,0.9504612456715561
3.0100000000000002,1.0,0.9999566088262316,0.9996665555185061,1.0,0.9507780538123999,0.9999609766191161,0.9507083212395379
3.015,1.0,0.9999582777175302,0.9996665555185061,1.0,0.9510380670767468,0.9999623874945325,0.9509541645129833
3.02,1.0,0.9999606141653486,0.9996665555185061,1.0,0.9512820589846273,0.9999637497464544,0.951198781637987
3.025,1.0,0.9999619492783877,0.9996665555185061,1.0,0.9515263846707668,0.9999650649596564,0.95144217872999
3.0300000000000002,1.0,0.9999636181696864,0.9996665555185061,1.0,0.9517690414656071,0.999966334670607,0.9516843618739322
3.035,1.0,0.9999652870609853,0.9996665555185061,1.0,0.9520066915865513,0.9999675603688222,0.9519253371244049
3.04,1.0,0.9999669559522839,0.9996665555185061,1.0,0.952248013268353,0.9999687434981852,0.9521651105058017
3.045,1.0,0.9999689586218427,0.9996665555185061,1.0,0.9524886673936355,0.9999698854582347,0.9524036880124697
3.0500000000000003,1.0,0.9999699599566217,0.9996665555185061,1.0,0.9527136339407092,0.9999709876054175,0.9526410756088591
3.055,1.0,0.9999712950696609,0.9996665555185061,1.0,0.9529536205094716,0.9999720512543118,0.9528772792296721
3.06,1.0,0.9999716288479206,0.9996665555185061,1.0,0.9531875990695594,0.9999730776788186,0.9531123047800115
3.065,1.0,0.9999722964044401,0.9996665555185061,1.0,0.9534175722905287,0.9999740681133229,0.9533461581355284
3.0700000000000003,1.0,0.9999726301826999,0.9996665555185061,1.0,0.9536442077289016,0.9999750237538243,0.9535788451425687
3.075,1.0,0.9999736315174791,0.9996665555185061,1.0,0.9538745147281306,0.9999759457590397,0.9538103716183199
3.08,1.0,0.9999759679652974,0.9996665555185061,1.0,0.9541175053012314,0.9999768352514764,0.9540407433509558
3.085,1.0,0.9999766355218169,0.9996665555185061,1.0,0.9543371313961494,0.9999776933184787,0.9542699660997818
3.09,1.0,0.9999776368565962,0.9996665555185061,1.0,0.9545464103650154,0.9999785210132454,0.9544980455953784
3.095,1.0,0.9999779706348559,0.9996665555185061,1.0,0.9547760498077252,0.9999793193558224,0.9547249875397451
3.1,1.0,0.9999789719696353,0.9996665555185061,1.0,0.9550090270330338,0.9999800893340687,0.9549507976064422
3.105,1.0,0.9999789719696353,0.9996665555185061,1.0,0.9552353286931472,0.9999808319045962,0.9551754814407332
3.11,1.0,0.9999799733044146,0.9996665555185061,1.0,0.9554542872315459,0.9999815479936861,0.9553990446597255
3.115,1.0,0.9999803070826743,0.9996665555185061,1.0,0.9556699079873466,0.9999822384981798,0.9556214928525113
3.12,1.0,0.9999809746391938,0.9996665555185061,1.0,0.9558965434257197,0.9999829042863467,0.9558428315803071
3.125,1.0,0.9999813084174536,0.9996665555185061,1.0,0.9561278517597288,0.9999835461987286,0.9560630663765926
3.13,1.0,0.9999816421957133,0.9996665555185061,1.0,0.9563578249806998,0.9999841650489613,0.9562822027472491
3.1350000000000002,1.0,0.9999823097522328,0.9996665555185061,1.0,0.9565741132930208,0.9999847616245742,0.9565002461706973
3.14,1.0,0.9999833110870121,0.9996665555185061,1.0,0.9567930718314189,0.9999853366877692,0.9567172020980341
3.145,1.0,0.9999833110870121,0.9996665555185061,1.0,0.95700902636548,0.9999858909761772,0.9569330759531691
3.15,1.0,0.9999836448652719,0.9996665555185061,1.0,0.957218972890866,0.9999864252035937,0.9571478731329598
3.1550000000000002,1.0,0.9999839786435316,0.9996665555185061,1.0,0.9574339260901469,0.9999869400606968,0.957361599007347
3.16,1.0,0.9999849799783109,0.9996665555185061,1.0,0.9576538859633252,0.9999874362157424,0.9575742589194887
3.165,1.0,0.9999849799783109,0.9996665555185061,1.0,0.9578825240712565,0.9999879143152428,0.9577858581858936
3.17,1.0,0.9999859813130901,0.9996665555185061,1.0,0.9581108284009269,0.999988374984625,0.9579964020965545
3.1750000000000003,1.0,0.9999869826478694,0.9996665555185061,1.0,0.9583184384784936,0.9999888188288718,0.9582058959150801
3.18,1.0,0.9999879839826488,0.9996665555185061,1.0,0.9585257147778002,0.999989246433144,0.9584143448788268
3.185,1.0,0.9999883177609085,0.9996665555185061,1.0,0.9587239790640941,0.999989658363387,0.9586217541990296
3.19,1.0,0.9999893190956878,0.9996665555185061,1.0,0.9589436051590124,0.9999900551669184,0.9588281290609323
3.1950000000000003,1.0,0.9999893190956878,0.9996665555185061,1.0,0.9591689054843464,0.9999904373730005,0.9590334746239171
3.2,1.0,0.9999896528739475,0.9996665555185061,1.0,0.9593768493401725,0.9999908054933966,0.9592377960216338
3.205,1.0,0.9999899866522073,0.9996665555185061,1.0,0.9595751136264654,0.9999911600229109,0.959441098362128
3.21,1.0,0.9999906542087268,0.9996665555185061,1.0,0.9597687050171217,0.9999915014399137,0.9596433867279689
3.215,1.0,0.9999906542087268,0.9996665555185061,1.0,0.9599596261817008,0.9999918302068518,0.959844666176376
3.22,1.0,0.9999906542087268,0.9996665555185061,1.0,0.9601592255810333,0.9999921467707434,0.9600449417393461
3.225,1.0,0.9999909879869865,0.9996665555185061,1.0,0.9603608276499243,0.9999924515636602,0.9602442184237787
3.23,1.0,0.9999909879869865,0.9996665555185061,1.0,0.9605604270492561,0.9999927450031947,0.9604425012116012
3.235,1.0,0.999991655543506,1.0,1.0,0.9607443388703808,0.999993027492914,0.9606397950598938
3.24,1.0,0.9999923231000256,1.0,1.0,0.9609302533610636,0.9999932994228019,0.9608361049010129
3.245,1.0,0.9999933244348048,1.0,1.0,0.9611245123082408,0.9999935611696859,0.9610314356427148
3.25,1.0,0.9999933244348048,1.0,1.0,0.9613080903511048,0.9999938130976539,0.961225792168278
3.255,1.0,0.9999936582130646,1.0,1.0,0.9615083573069553,0.9999940555584574,0.961419179336626
3.2600000000000002,1.0,0.9999936582130646,1.0,1.0,0.96170528648021,0.9999942888919041,0.961611601982448
3.265,1.0,0.9999939919913243,1.0,1.0,0.9618711742753075,0.9999945134262374,0.9618030649163201
3.27,1.0,0.9999943257695841,1.0,1.0,0.9620691047833422,0.9999947294785063,0.9619935729248257
3.275,1.0,0.9999949933261036,1.0,1.0,0.9622436708131926,0.9999949373549236,0.962183130770675
3.2800000000000002,1.0,0.9999953271043633,1.0,1.0,0.962426915077797,0.9999951373512138,0.9623717431928238
3.285,1.0,0.9999953271043633,1.0,1.0,0.96261149445544,0.99999532975295,0.9625594149065927
3.29,1.0,0.9999953271043633,1.0,1.0,0.9628077560721753,0.9999955148358819,0.9627461506037842
3.295,1.0,0.9999956608826231,1.0,1.0,0.96299100033678,0.999995692866253,0.9629319549528005
3.3000000000000003,1.0,0.9999956608826231,1.0,1.0,0.9631859268404761,0.999995864101109,0.96311683259876
3.305,1.0,0.999995994660883,1.0,1.0,0.9633688373268213,0.9999960287885963,0.9633007881636134
3.31,1.0,0.999995994660883,1.0,1.0,0.9635534167044655,0.9999961871682522,0.9634838262462596
3.315,1.0,0.9999966622174025,1.0,1.0,0.9637416676429665,0.999996339471286,0.96366595142266
3.3200000000000003,1.0,0.9999966622174025,1.0,1.0,0.9639115607771812,0.9999964859208511,0.9638471682459536
3.325,1.0,0.9999966622174025,1.0,1.0,0.9640921348157081,0.9999966267323097,0.9640274812465703
3.33,1.0,0.9999969959956622,1.0,1.0,0.9642673684020792,0.9999967621134892,0.9642068949323447
3.335,1.0,0.999997329773922,1.0,1.0,0.9644482762188654,0.9999968922649302,0.9643854137886282
3.34,1.0,0.999997329773922,1.0,1.0,0.964626847587834,0.9999970173801274,0.9645630422784014
3.345,1.0,0.999997329773922,1.0,1.0,0.9648044176220235,0.999997137645763,0.9647397848423859
3.35,1.0,0.9999976635521817,1.0,1.0,0.9649926685605249,0.9999972532419332,0.964915645899155
3.355,1.0,0.9999979973304415,1.0,1.0,0.965158556355622,0.9999973643423672,0.9650906298452442
3.36,1.0,0.9999979973304415,1.0,1.0,0.9653397979506684,0.9999974711146393,0.9652647410552614
3.365,1.0,0.9999979973304415,1.0,1.0,0.9655153653152992,0.9999975737203753,0.9654379838819959
3.37,1.0,0.9999979973304415,1.0,1.0,0.9656832557799555,0.9999976723154513,0.9656103626565273
3.375,1.0,0.9999979973304415,1.0,1.0,0.9658604920358849,0.9999977670501877,0.965781881688334
3.38,1.0,0.9999979973304415,1.0,1.0,0.9660330553961777,0.999997858069535,0.9659525452654006
3.3850000000000002,1.0,0.9999979973304415,1.0,1.0,0.9661996107477949,0.9999979455132565,0.9661223576543256
3.39,1.0,0.999998664886961,1.0,1.0,0.9663598243124769,0.999998029516103,0.9662913231004276
3.395,1.0,0.999998664886961,1.0,1.0,0.966525712107575,0.9999981102079825,0.9664594458278514
3.4,1.0,0.999998664886961,1.0,1.0,0.9666822541113996,0.9999981877141255,0.9666267300396739
3.4050000000000002,1.0,0.999998664886961,1.0,1.0,0.9668494770195368,0.9999982621552443,0.9667931799180093
3.41,1.0,0.999998664886961,1.0,1.0,0.9670207052667892,0.9999983336476866,0.966958799624113
3.415,1.0,0.999998664886961,1.0,1.0,0.9671789161619125,0.9999984023035855,0.9671235932984865
3.42,1.0,0.999998664886961,1.0,1.0,0.9673424675091918,0.9999984682310038,0.9672875650609802
3.4250000000000003,1.0,0.999998664886961,1.0,1.0,0.9675150308694846,0.9999985315340739,0.9674507190108966
3.43,1.0,0.9999989986652207,1.0,1.0,0.9676782484385046,0.9999985923131334,0.967613059227093
3.435,1.0,0.9999989986652207,1.0,1.0,0.9678471402379397,0.999998650664856,0.9677745897680832
3.44,1.0,0.9999989986652207,1.0,1.0,0.9680073538026215,0.9999987066823784,0.9679353146721392
3.4450000000000003,1.0,0.9999989986652207,1.0,1.0,0.9681605580238483,0.999998760455423,0.968095237957392
3.45,1.0,0.9999989986652207,1.0,1.0,0.9683144298015941,0.9999988120704164,0.9682543636219321
3.455,1.0,0.9999989986652207,1.0,1.0,0.9684542828924305,0.9999988616106044,0.9684126956439092
3.46,1.0,0.9999989986652207,1.0,1.0,0.9686235084701251,0.9999989091561631,0.9685702379816323
3.465,1.0,0.9999989986652207,1.0,1.0,0.968776045134833,0.9999989547843062,0.968726994573668
3.47,1.0,0.9999989986652207,1.0,1.0,0.9689375938125536,0.9999989985693891,0.9688829693389391
3.475,1.0,0.9999993324434805,1.0,1.0,0.9690881278077021,0.9999990405830091,0.9690381661768231
3.48,1.0,0.9999993324434805,1.0,1.0,0.9692256444507207,0.9999990808941032,0.9691925889672489
3.485,1.0,0.9999993324434805,1.0,1.0,0.969390864689298,0.9999991195690404,0.9693462415707943
3.49,1.0,0.9999993324434805,1.0,1.0,0.9695514120322387,0.9999991566717147,0.9694991278287826
3.495,1.0,0.9999993324434805,1.0,1.0,0.9697016122491267,0.9999991922636315,0.9696512515633778
3.5,1.0,0.9999993324434805,1.0,1.0,0.969857152918171,0.999999226403993,0.9698026165776815
3.505,1.0,0.9999993324434805,1.0,1.0,0.9699980073437868,0.9999992591497794,0.9699532266558268
3.5100000000000002,1.0,0.9999993324434805,1.0,1.0,0.9701545493476106,0.9999992905558295,0.9701030855630737
3.515,1.0,0.9999993324434805,1.0,1.0,0.970297740221044,0.9999993206749164,0.9702521970459025
3.52,1.0,0.9999993324434805,1.0,1.0,0.9704546160031283,0.9999993495578217,0.970400564832108
3.525,1.0,0.9999993324434805,1.0,1.0,0.9705884610852896,0.9999993772534068,0.9705481926308928
3.5300000000000002,1.0,0.9999993324434805,1.0,1.0,0.9707273128413467,0.9999994038086827,0.9706950841329592
3.535,1.0,0.9999993324434805,1.0,1.0,0.9708634943713266,0.999999429268876,0.9708412430106028
3.54,1.0,0.9999993324434805,1.0,1.0,0.970995670562189,0.9999994536774938,0.9709866729178029
3.545,1.0,0.9999996662217402,1.0,1.0,0.9711475396703768,0.999999477076386,0.9711313774903149
3.5500000000000003,1.0,0.9999996662217402,1.0,1.0,0.9712930669916293,0.9999994995058051,0.9712753603457606
3.555,1.0,0.9999996662217402,1.0,1.0,0.971438260534622,0.9999995210044648,0.9714186250837188
3.56,1.0,0.9999996662217402,1.0,1.0,0.9715777798471984,0.9999995416095954,0.9715611752858155
3.565,1.0,0.9999996662217402,1.0,1.0,0.9717089547032816,0.9999995613569986,0.9717030145158132
3.5700000000000003,1.0,0.9999996662217402,1.0,1.0,0.9718344553289493,0.9999995802810998,0.9718441463197
3.575,1.0,0.9999996662217402,1.0,1.0,0.9719729733067468,0.999999598414998,0.9719845742257782
3.58,1.0,0.9999996662217402,1.0,1.0,0.9721178330714796,0.9999996157905149,0.972124301744753
3.585,1.0,0.9999996662217402,1.0,1.0,0.9722697021796688,0.9999996324382422,0.9722633323698195
3.59,1.0,0.9999996662217402,1.0,1.0,0.972407886379207,0.9999996483875864,0.9724016695767507
3.595,1.0,0.9999996662217402,1.0,1.0,0.9725474056917846,0.9999996636668129,0.9725393168239839
3.6,1.0,0.9999996662217402,1.0,1.0,0.9726782467696081,0.9999996783030889,0.9726762775527075
3.605,1.0,0.9999996662217402,1.0,1.0,0.9728134269648082,0.9999996923225226,0.9728125551869466
3.61,1.0,0.9999996662217402,1.0,1.0,0.9729502760513078,0.9999997057502042,0.9729481531336496
3.615,1.0,0.9999996662217402,1.0,1.0,0.9730777793465339,0.9999997186102433,0.9730830747827719
3.62,1.0,0.9999996662217402,1.0,1.0,0.9731992746330839,0.9999997309258049,0.9732173235073618
3.625,1.0,0.9999996662217402,1.0,1.0,0.9733367912761028,0.9999997427191458,0.9733509026636445
3.63,1.0,0.9999996662217402,1.0,1.0,0.9734756430321608,0.9999997540116479,0.9734838155911059
3.6350000000000002,1.0,0.9999996662217402,1.0,1.0,0.973609821892582,0.9999997648238513,0.9736160656125759
3.64,1.0,0.9999996662217402,1.0,1.0,0.9737419980834442,0.9999997751754862,0.973747656034312
3.645,1.0,0.9999996662217402,1.0,1.0,0.9738708364917099,0.9999997850855029,0.9738785901460818
3.65,1.0,0.9999996662217402,1.0,1.0,0.9740143611434048,0.9999997945721022,0.9740088712212447
3.6550000000000002,1.0,0.9999996662217402,1.0,1.0,0.9741391942125527,0.9999998036527625,0.9741385025168344
3.66,1.0,0.9999996662217402,1.0,1.0,0.9742710366251558,0.9999998123442687,0.9742674872736401
3.665,1.0,0.9999996662217402,1.0,1.0,0.9744042141507979,0.9999998206627372,0.9743958287162874
3.67,1.0,0.9999996662217402,1.0,1.0,0.9745383930112194,0.9999998286236422,0.9745235300533189
3.6750000000000003,1.0,0.9999996662217402,1.0,1.0,0.9746665638629655,0.9999998362418402,0.9746505944772751
3.68,1.0,0.9999996662217402,1.0,1.0,0.9747857227016978,0.999999843531593,0.9747770251647728
3.685,1.0,0.9999996662217402,1.0,1.0,0.974902211314352,0.999999850506591,0.9749028252765859
3.69,1.0,0.9999996662217402,1.0,1.0,0.9750257092704611,0.9999998571799753,0.9750279979577239
3.6950000000000003,1.0,0.9999996662217402,1.0,1.0,0.9751478721135309,0.9999998635643584,0.9751525463375101
3.7,1.0,0.9999996662217402,1.0,1.0,0.9752750416304976,0.9999998696718446,0.9752764735296606
3.705,1.0,0.9999996662217402,1.0,1.0,0.9753988733648665,0.99999987551405,0.9753997826323617
3.71,1.0,0.9999996662217402,1.0,1.0,0.9755270442166121,0.9999998811021211,0.9755224767283474
3.715,1.0,0.9999996662217402,1.0,1.0,0.975660889298773,0.9999998864467528,0.9756445588849763
3.72,1.0,0.9999996662217402,1.0,1.0,0.9757807156940247,0.9999998915582062,0.9757660321543089
3.725,1.0,1.0,1.0,1.0,0.9759065500979517,0.999999896446326,0.9758868995731831
3.73,1.0,1.0,1.0,1.0,0.9760337196149182,0.9999999011205558,0.9760071641632908
3.735,1.0,1.0,1.0,1.0,0.9761515433406114,0.9999999055899539,0.976126828931253
3.74,1.0,1.0,1.0,1.0,0.9762643603924076,0.9999999098632091,0.976245896868695
3.745,1.0,1.0,1.0,1.0,0.9763865232354778,0.9999999139486545,0.9763643709523215
3.75,1.0,1.0,1.0,1.0,0.9764946673916377,0.999999917854282,0.9764822541439909
3.755,1.0,1.0,1.0,1.0,0.976612491117331,0.9999999215877549,0.976599549390789
3.7600000000000002,1.0,1.0,1.0,1.0,0.9767243068343481,0.9999999251564218,0.976716259625103
3.765,1.0,1.0,1.0,1.0,0.9768451345643788,0.9999999285673283,0.9768323877646949
3.77,1.0,1.0,1.0,1.0,0.9769582853944347,0.9999999318272297,0.9769479367127745
3.775,1.0,1.0,1.0,1.0,0.9770727713375299,0.9999999349426019,0.977062909358071
3.7800000000000002,1.0,1.0,1.0,1.0,0.9771762425980534,0.9999999379196522,0.977177308574907
3.785,1.0,1.0,1.0,1.0,0.977292063654187,0.9999999407643317,0.9772911372232687
3.79,1.0,1.0,1.0,1.0,0.9774098873798795,0.9999999434823431,0.9774043981488781
3.795,1.0,1.0,1.0,1.0,0.9775277111055722,0.9999999460791524,0.9775170941832645
3.8000000000000003,1.0,1.0,1.0,1.0,0.9776425308269263,0.9999999485599977,0.9776292281438345
3.805,1.0,1.0,1.0,1.0,0.9777536789874243,0.9999999509298986,0.9777408028339428
3.81,1.0,1.0,1.0,1.0,0.9778634920348822,0.9999999531936644,0.9778518210429626
3.815,1.0,1.0,1.0,1.0,0.9779749739736401,0.9999999553559034,0.9779622855463551
3.8200000000000003,1.0,1.0,1.0,1.0,0.9780821167950211,0.9999999574210301,0.9780721991057384
3.825,1.0,1.0,1.0,1.0,0.978187590725103,0.9999999593932739,0.9781815644689572
3.83,1.0,1.0,1.0,1.0,0.9782903944291064,0.9999999612766862,0.9782903843701515
3.835,1.0,1.0,1.0,1.0,0.9784142261634742,0.9999999630751472,0.9783986615298241
3.84,1.0,1.0,1.0,1.0,0.9785203676500757,0.9999999647923735,0.9785063986549101
3.845,1.0,1.0,1.0,1.0,0.9786171633454037,0.9999999664319246,0.9786135984388429
3.85,1.0,1.0,1.0,1.0,0.9787126239276929,0.9999999679972087,0.9787202635616228
3.855,1.0,1.0,1.0,1.0,0.9788251072012293,0.99999996949149,0.9788263966898835
3.86,1.0,1.0,1.0,1.0,0.9789299135747913,0.9999999709178936,0.9789320004769586
3.865,1.0,1.0,1.0,1.0,0.9790487386352633,0.9999999722794114,0.9790370775629483
3.87,1.0,1.0,1.0,1.0,0.979162557021839,0.999999973578908,0.9791416305747853
3.875,1.0,1.0,1.0,1.0,0.9792696998432191,0.9999999748191256,0.9792456621263003
3.88,1.0,1.0,1.0,1.0,0.9793654942037678,0.9999999760026891,0.9793491748182874
3.8850000000000002,1.0,1.0,1.0,1.0,0.979457950781719,0.9999999771321106,0.9794521712385695
3.89,1.0,1.0,1.0,1.0,0.9795560815900861,0.9999999782097949,0.9795546539620623
3.895,1.0,1.0,1.0,1.0,0.9796598866288696,0.999999979238043,0.9796566255508393
3.9,1.0,1.0,1.0,1.0,0.9797616889980946,0.9999999802190571,0.9797580885541957
3.9050000000000002,1.0,1.0,1.0,1.0,0.979873504715112,0.9999999811549442,0.9798590455087115
3.91,1.0,1.0,1.0,1.0,0.9799679639626222,0.9999999820477202,0.979959498938316
3.915,1.0,1.0,1.0,1.0,0.9800614218753536,0.9999999828993142,0.9800594513543502
3.92,1.0,1.0,1.0,1.0,0.98016188913154,0.9999999837115716,0.9801589052556298
3.9250000000000003,1.0,1.0,1.0,1.0,0.9802683643964016,0.9999999844862575,0.9802578631285073
3.93,1.0,1.0,1.0,1.0,0.9803644925352107,0.9999999852250601,0.9803563274469347
3.935,1.0,1.0,1.0,1.0,0.9804622895653182,0.9999999859295947,0.9804543006725253
3.94,1.0,1.0,1.0,1.0,0.9805667621606214,0.9999999866014055,0.9805517852546146
3.9450000000000003,1.0,1.0,1.0,1.0,0.9806712347559244,0.99999998724197,0.9806487836303224
3.95,1.0,1.0,1.0,1.0,0.9807663615599546,0.9999999878527003,0.9807452982246131
3.955,1.0,1.0,1.0,1.0,0.9808538114640105,0.9999999884349471,0.9808413314503566
3.96,1.0,1.0,1.0,1.0,0.9809439315941435,0.9999999889900016,0.9809368857083883
3.9650000000000003,1.0,1.0,1.0,1.0,0.9810380570633939,0.9999999895190986,0.98103196338757
3.97,1.0,1.0,1.0,1.0,0.9811401932108792,0.9999999900234182,0.9811265668648486
3.975,1.0,1.0,1.0,1.0,0.9812353200149091,0.9999999905040886,0.9812206985053156
3.98,1.0,1.0,1.0,1.0,0.9813241050320041,0.9999999909621881,0.9813143606622672
3.985,1.0,1.0,1.0,1.0,0.9814259074012294,0.9999999913987474,0.9814075556772622
3.99,1.0,1.0,1.0,1.0,0.98152003287048,0.9999999918147515,0.9815002858801808
3.995,1.0,1.0,1.0,1.0,0.9816088178875747,0.9999999922111421,0.9815925535892828
4.0,1.0,1.0,1.0,1.0,0.9817052798046434,0.9999999925888182,0.9816843611112658
4.005,1.0,1.0,1.0,1.0,0.9817957337130369,0.9999999929486396,0.9817757107413227
4.01,1.0,1.0,1.0,1.0,0.9818895254040281,0.9999999932914275,0.981866604763199
4.015,1.0,1.0,1.0,1.0,0.9819816482037209,0.9999999936179662,0.9819570454492498
4.0200000000000005,1.0,1.0,1.0,1.0,0.9820814479033873,0.9999999939290056,0.9820470350604972
4.025,1.0,1.0,1.0,1.0,0.9821648924683256,0.9999999942252612,0.982136575846686
4.03,1.0,1.0,1.0,1.0,0.9822520085941214,0.9999999945074172,0.9822256700463405
4.035,1.0,1.0,1.0,1.0,0.9823371220503588,0.9999999947761263,0.9823143198868206
4.04,1.0,1.0,1.0,1.0,0.9824242381761549,0.9999999950320126,0.9824025275843766
4.045,1.0,1.0,1.0,1.0,0.9825156934193278,0.9999999952756716,0.9824902953442057
4.05,1.0,1.0,1.0,1.0,0.9826004730973056,0.9999999955076723,0.9825776253605065
4.055,1.0,1.0,1.0,1.0,0.9826829163274651,0.9999999957285574,0.9826645198165338
4.0600000000000005,1.0,1.0,1.0,1.0,0.9827743715706377,0.9999999959388457,0.9827509808846537
4.065,1.0,1.0,1.0,1.0,0.9828671619268501,0.9999999961390321,0.9828370107263974
4.07,1.0,1.0,1.0,1.0,0.9829619549526205,0.9999999963295892,0.9829226114925153
4.075,1.0,1.0,1.0,1.0,0.9830477359653773,0.9999999965109683,0.9830077853230309
4.08,1.0,1.0,1.0,1.0,0.9831378560955109,0.9999999966835996,0.9830925343472947
4.085,1.0,1.0,1.0,1.0,0.9832146250952539,0.9999999968478943,0.9831768606840366
4.09,1.0,1.0,1.0,1.0,0.9832967345471542,0.9999999970042445,0.9832607664414194
4.095,1.0,1.0,1.0,1.0,0.983378176442534,0.9999999971530243,0.9833442537170913
4.1,1.0,1.0,1.0,1.0,0.9834713005770054,0.9999999972945911,0.9834273245982388
4.105,1.0,1.0,1.0,1.0,0.9835634233766977,0.9999999974292854,0.983509981161638
4.11,1.0,1.0,1.0,1.0,0.9836458666068572,0.9999999975574322,0.9835922254737074
4.115,1.0,1.0,1.0,1.0,0.983728977393536,0.9999999976793419,0.983674059590559
4.12,1.0,1.0,1.0,1.0,0.9838164272975919,0.9999999977953101,0.9837554855580501
4.125,1.0,1.0,1.0,1.0,0.9838998718625303,0.9999999979056193,0.9838365054118341
4.13,1.0,1.0,1.0,1.0,0.9839813137579101,0.9999999980105386,0.9839171211774116
4.135,1.0,1.0,1.0,1.0,0.9840554125315758,0.9999999981103246,0.9839973348701808
4.14,1.0,1.0,1.0,1.0,0.9841361868704367,0.999999998205222,0.9840771484954883
4.1450000000000005,1.0,1.0,1.0,1.0,0.9842219678831937,0.9999999982954646,0.9841565640486789
4.15,1.0,1.0,1.0,1.0,0.9842933964307812,0.9999999983812748,0.9842355835151455
4.155,1.0,1.0,1.0,1.0,0.9843691640957456,0.999999998462865,0.9843142088703789
4.16,1.0,1.0,1.0,1.0,0.9844462668737485,0.9999999985404374,0.9843924420800172
4.165,1.0,1.0,1.0,1.0,0.9845330492212845,0.9999999986141852,0.9844702850998945
4.17,1.0,1.0,1.0,1.0,0.9846124884471057,0.9999999986842919,0.9845477398760905
4.175,1.0,1.0,1.0,1.0,0.9846899250033687,0.9999999987509333,0.9846248083449786
4.18,1.0,1.0,1.0,1.0,0.984765358890073,0.9999999988142763,0.9847014924332744
4.1850000000000005,1.0,1.0,1.0,1.0,0.984845131894154,0.9999999988744799,0.9847777940580844
4.19,1.0,1.0,1.0,1.0,0.9849195644460793,0.9999999989316961,0.984853715126953
4.195,1.0,1.0,1.0,1.0,0.9850006725631989,0.9999999989860696,0.9849292575379109
4.2,1.0,1.0,1.0,1.0,0.9850721011107861,0.9999999990377382,0.9850044231795223
4.205,1.0,1.0,1.0,1.0,0.9851421945453342,0.999999999086833,0.9850792139309321
4.21,1.0,1.0,1.0,1.0,0.9852149582059606,0.9999999991334793,0.9851536316619132
4.215,1.0,1.0,1.0,1.0,0.9852853854187685,0.9999999991777961,0.9852276782329125
4.22,1.0,1.0,1.0,1.0,0.9853521410707191,0.999999999219897,0.9853013554950982
4.225,1.0,1.0,1.0,1.0,0.985421233170488,0.9999999992598902,0.9853746652904057
4.23,1.0,1.0,1.0,1.0,0.9854883226006986,0.9999999992978787,0.9854476094515838
4.235,1.0,1.0,1.0,1.0,0.9855544106961289,0.9999999993339604,0.9855201898022403
4.24,1.0,1.0,1.0,1.0,0.9856278419132743,0.9999999993682291,0.9855924081568876
4.245,1.0,1.0,1.0,1.0,0.9856999380173803,0.9999999994007733,0.9856642663209885
4.25,1.0,1.0,1.0,1.0,0.9857763732388644,0.999999999431678,0.9857357660910008
4.255,1.0,1.0,1.0,1.0,0.9858548111299056,0.9999999994610238,0.9858069092544223
4.26,1.0,1.0,1.0,1.0,0.9859252383427136,0.9999999994888875,0.985877697589836
4.265,1.0,1.0,1.0,1.0,0.9859966668903003,0.9999999995153421,0.9859481328669539
4.2700000000000005,1.0,1.0,1.0,1.0,0.9860710994422246,0.9999999995404574,0.9860182168466617
4.275,1.0,1.0,1.0,1.0,0.9861331821985381,0.9999999995642993,0.9860879512810624
4.28,1.0,1.0,1.0,1.0,0.9861972676244104,0.9999999995869311,0.9861573379135204
4.285,1.0,1.0,1.0,1.0,0.9862553450416071,0.9999999996084127,0.9862263784787055
4.29,1.0,1.0,1.0,1.0,0.9863247709196356,0.9999999996288013,0.9862950747026351
4.295,1.0,1.0,1.0,1.0,0.9863888563455083,0.9999999996481511,0.9863634283027184
4.3,1.0,1.0,1.0,1.0,0.9864586160017966,0.9999999996665139,0.9864314409877991
4.305,1.0,1.0,1.0,1.0,0.986528375658085,0.9999999996839388,0.9864991144581977
4.3100000000000005,1.0,1.0,1.0,1.0,0.9865934624187364,0.9999999997004727,0.9865664504057547
4.315,1.0,1.0,1.0,1.0,0.9866568802880892,0.9999999997161602,0.9866334505138721
4.32,1.0,1.0,1.0,1.0,0.9867206319357017,0.9999999997310433,0.9867001164575563
4.325,1.0,1.0,1.0,1.0,0.9867893902572107,0.9999999997451626,0.9867664499034591
4.33,1.0,1.0,1.0,1.0,0.9868571472439402,0.9999999997585565,0.9868324525099202
4.335,1.0,1.0,1.0,1.0,0.9869249042306703,0.9999999997712611,0.9868981259270083
4.34,1.0,1.0,1.0,1.0,0.9869879883217637,0.9999999997833112,0.9869634717965623
4.345,1.0,1.0,1.0,1.0,0.9870534088606753,0.99999999979474,0.9870284917522321
4.3500000000000005,1.0,1.0,1.0,1.0,0.9871235022952233,0.9999999998055784,0.9870931874195201
4.355,1.0,1.0,1.0,1.0,0.9871822472689396,0.9999999998158566,0.9871575604158215
4.36,1.0,1.0,1.0,1.0,0.9872523407034878,0.9999999998256027,0.9872216123504642
4.365,1.0,1.0,1.0,1.0,0.9873177612423985,0.9999999998348437,0.9872853448247503
4.37,1.0,1.0,1.0,1.0,0.9873821804465299,0.9999999998436051,0.9873487594319947
4.375,1.0,1.0,1.0,1.0,0.9874562792201956,0.9999999998519113,0.987411857757566
4.38,1.0,1.0,1.0,1.0,0.9875080148504569,0.9999999998597856,0.9874746413789256
4.385,1.0,1.0,1.0,1.0,0.9875707651632902,0.9999999998672496,0.9875371118656673
4.39,1.0,1.0,1.0,1.0,0.9876281750239672,0.9999999998743245,0.9875992707795566
4.3950000000000005,1.0,1.0,1.0,1.0,0.9876872537759436,0.9999999998810302,0.9876611196745695
4.4,1.0,1.0,1.0,1.0,0.987754343206154,0.9999999998873853,0.9877226600969315
4.405,1.0,1.0,1.0,1.0,0.9878214326363639,0.9999999998934078,0.9877838935851566
4.41,1.0,1.0,1.0,1.0,0.9878821802796388,0.9999999998991147,0.987844821670085
4.415,1.0,1.0,1.0,1.0,0.9879442630359523,0.9999999999045224,0.9879054458749221
4.42,1.0,1.0,1.0,1.0,0.9879980013357728,0.9999999999096459,0.9879657677152762
4.425,1.0,1.0,1.0,1.0,0.98805607875297,0.9999999999145002,0.9880257886991963
4.43,1.0,1.0,1.0,1.0,0.9881225006266606,0.9999999999190988,0.9880855103272104
4.4350000000000005,1.0,1.0,1.0,1.0,0.9881745700351823,0.9999999999234551,0.9881449340923619
4.44,1.0,1.0,1.0,1.0,0.9882419932436523,0.9999999999275815,0.9882040614802484
4.445,1.0,1.0,1.0,1.0,0.9883020733304078,0.9999999999314899,0.9882628939690575
4.45,1.0,1.0,1.0,1.0,0.9883574805215264,0.9999999999351916,0.9883214330296045
4.455,1.0,1.0,1.0,1.0,0.9884155579387234,0.9999999999386971,0.988379680125369
4.46,1.0,1.0,1.0,1.0,0.9884783082515568,0.9999999999420169,0.9884376367125315
4.465,1.0,1.0,1.0,1.0,0.9885293763252994,0.9999999999451605,0.9884953042400095
4.47,1.0,1.0,1.0,1.0,0.9885837821816393,0.9999999999481369,0.9885526841494943
4.4750000000000005,1.0,1.0,1.0,1.0,0.9886438622683954,0.999999999950955,0.9886097778754867
4.48,1.0,1.0,1.0,1.0,0.9887049436899302,0.999999999953623,0.9886665868453326
4.485,1.0,1.0,1.0,1.0,0.9887603508810493,0.9999999999561487,0.9887231124792595
4.49,1.0,1.0,1.0,1.0,0.988820764746065,0.9999999999585395,0.9887793561904109
4.495,1.0,1.0,1.0,1.0,0.9888778408284828,0.9999999999608025,0.9888353193848828
4.5,1.0,1.0,1.0,1.0,0.9889315791283029,0.9999999999629444,0.9888910034617577
4.505,1.0,1.0,1.0,1.0,0.9889856512063827,0.9999999999649716,0.9889464098131406
4.51,1.0,1.0,1.0,1.0,0.9890400570627224,0.9999999999668899,0.9890015398241931
4.515,1.0,1.0,1.0,1.0,0.9890967993668804,0.9999999999687053,0.9890563948731684
4.5200000000000005,1.0,1.0,1.0,1.0,0.9891495363319214,0.999999999970423,0.9891109763314455
4.525,1.0,1.0,1.0,1.0,0.9892032746317417,0.9999999999720481,0.9891652855635639
4.53,1.0,1.0,1.0,1.0,0.9892543427054843,0.9999999999735858,0.9892193239272569
4.535,1.0,1.0,1.0,1.0,0.9893047432227071,0.9999999999750405,0.9892730927734866
4.54,1.0,1.0,1.0,1.0,0.9893534748486313,0.9999999999764165,0.9893265934464771
4.545,1.0,1.0,1.0,1.0,0.9894048767006336,0.9999999999777183,0.9893798272837477
4.55,1.0,1.0,1.0,1.0,0.9894519394352592,0.9999999999789495,0.9894327956161474
4.555,1.0,1.0,1.0,1.0,0.9894936617177283,0.9999999999801138,0.989485499767887
4.5600000000000005,1.0,1.0,1.0,1.0,0.9895500702436267,0.9999999999812151,0.9895379410565732
4.565,1.0,1.0,1.0,1.0,0.9896078138825644,0.9999999999822565,0.9895901207932409
4.57,1.0,1.0,1.0,1.0,0.9896575468432678,0.9999999999832413,0.9896420402823863
4.575,1.0,1.0,1.0,1.0,0.9897082811387508,0.9999999999841724,0.9896937008219993
4.58,1.0,1.0,1.0,1.0,0.9897640221081295,0.9999999999850528,0.989745103703596
4.585,1.0,1.0,1.0,1.0,0.9898144226253526,0.9999999999858851,0.9897962502122511
4.59,1.0,1.0,1.0,1.0,0.9898678271469136,0.9999999999866719,0.9898471416266302
4.595,1.0,1.0,1.0,1.0,0.9899249032293314,0.9999999999874157,0.9898977792190211
4.6000000000000005,1.0,1.0,1.0,1.0,0.9899803104204508,0.9999999999881187,0.9899481642553665
4.605,1.0,1.0,1.0,1.0,0.9900300433811542,0.9999999999887833,0.9899982979952945
4.61,1.0,1.0,1.0,1.0,0.9900727669984032,0.9999999999894112,0.9900481816921516
4.615,1.0,1.0,1.0,1.0,0.9901238350721455,0.9999999999900048,0.9900978165930326
4.62,1.0,1.0,1.0,1.0,0.9901745693676284,0.9999999999905655,0.9901472039388127
4.625,1.0,1.0,1.0,1.0,0.99022730633267,0.9999999999910956,0.9901963449641782
4.63,1.0,1.0,1.0,1.0,0.9902817121890096,0.9999999999915963,0.9902452408976571
4.635,1.0,1.0,1.0,1.0,0.9903354504888303,0.9999999999920695,0.9902938929616504
4.64,1.0,1.0,1.0,1.0,0.9903858510060534,0.9999999999925163,0.9903423023724622
4.6450000000000005,1.0,1.0,1.0,1.0,0.9904339150754582,0.9999999999929384,0.9903904703403303
4.65,1.0,1.0,1.0,1.0,0.9904806440318239,0.9999999999933373,0.9904383980694565
4.655,1.0,1.0,1.0,1.0,0.9905273729881897,0.999999999993714,0.9904860867580364
4.66,1.0,1.0,1.0,1.0,0.990573100609776,0.9999999999940697,0.9905335375982897
4.665,1.0,1.0,1.0,1.0,0.9906228335704795,0.9999999999944058,0.9905807517764899
4.67,1.0,1.0,1.0,1.0,0.9906692287485855,0.9999999999947231,0.9906277304729939
4.675,1.0,1.0,1.0,1.0,0.9907199630440683,0.9999999999950228,0.9906744748622717
4.68,1.0,1.0,1.0,1.0,0.9907770391264867,0.9999999999953058,0.9907209861129352
4.6850000000000005,1.0,1.0,1.0,1.0,0.9908271058654502,0.9999999999955729,0.9907672653877684
4.69,1.0,1.0,1.0,1.0,0.9908751699348549,0.999999999995825,0.9908133138437554
4.695,1.0,1.0,1.0,1.0,0.9909178935521038,0.9999999999960631,0.9908591326321099
4.7,1.0,1.0,1.0,1.0,0.990959949612833,0.9999999999962879,0.9909047228983042
4.705,1.0,1.0,1.0,1.0,0.9910066785691984,0.9999999999965,0.9909500857820972
4.71,1.0,1.0,1.0,1.0,0.9910467319603693,0.9999999999967003,0.9909952224175634
4.715,1.0,1.0,1.0,1.0,0.9910837813472022,0.9999999999968893,0.9910401339331211
4.72,1.0,1.0,1.0,1.0,0.9911345156426853,0.9999999999970676,0.9910848214515604
4.7250000000000005,1.0,1.0,1.0,1.0,0.9911792419294925,0.9999999999972359,0.9911292860900718
4.73,1.0,1.0,1.0,1.0,0.991224635772819,0.9999999999973946,0.9911735289602733
4.735,1.0,1.0,1.0,1.0,0.9912713647291848,0.9999999999975445,0.9912175511682391
4.74,1.0,1.0,1.0,1.0,0.9913150896812127,0.999999999997686,0.9912613538145267
4.745,1.0,1.0,1.0,1.0,0.9913571457419418,0.9999999999978193,0.9913049379942045
4.75,1.0,1.0,1.0,1.0,0.9914005369157102,0.9999999999979451,0.9913483047968794
4.755,1.0,1.0,1.0,1.0,0.9914439280894783,0.9999999999980638,0.9913914553067235
4.76,1.0,1.0,1.0,1.0,0.9914883205980257,0.9999999999981758,0.9914343906025019
4.765,1.0,1.0,1.0,1.0,0.9915283739891962,0.9999999999982813,0.9914771117575993
4.7700000000000005,1.0,1.0,1.0,1.0,0.9915664247108085,0.999999999998381,0.9915196198400468
4.775,1.0,1.0,1.0,1.0,0.9916074794367585,0.9999999999984748,0.9915619159125485
4.78,1.0,1.0,1.0,1.0,0.9916471990496696,0.9999999999985634,0.9916040010325086
4.785,1.0,1.0,1.0,1.0,0.9916865848843207,0.9999999999986469,0.9916458762520571
4.79,1.0,1.0,1.0,1.0,0.9917212978233355,0.9999999999987256,0.9916875426180769
4.795,1.0,1.0,1.0,1.0,0.9917596823232075,0.9999999999987997,0.9917290011722292
4.8,1.0,1.0,1.0,1.0,0.9917990681578586,0.9999999999988698,0.99177025295098
4.805,1.0,1.0,1.0,1.0,0.9918387877707694,0.9999999999989357,0.9918112989856259
4.8100000000000005,1.0,1.0,1.0,1.0,0.9918751696010829,0.999999999998998,0.99185214030232
4.815,1.0,1.0,1.0,1.0,0.9919232336704875,0.9999999999990566,0.9918927779220973
4.82,1.0,1.0,1.0,1.0,0.9919606168355801,0.9999999999991118,0.9919332128609004
4.825,1.0,1.0,1.0,1.0,0.9919969986658936,0.9999999999991639,0.9919734461296048
4.83,1.0,1.0,1.0,1.0,0.9920387209483631,0.9999999999992129,0.9920134787340446
4.835,1.0,1.0,1.0,1.0,0.9920817783438715,0.999999999999259,0.9920533116750365
4.84,1.0,1.0,1.0,1.0,0.9921221655133018,0.9999999999993027,0.9920929459484066
4.845,1.0,1.0,1.0,1.0,0.992164221574031,0.9999999999993437,0.9921323825450135
4.8500000000000005,1.0,1.0,1.0,1.0,0.992209281639098,0.9999999999993824,0.9921716224507743
4.855,1.0,1.0,1.0,1.0,0.9922426594650736,0.9999999999994189,0.9922106666466886
4.86,1.0,1.0,1.0,1.0,0.9922827128562444,0.9999999999994532,0.9922495161088634
4.865,1.0,1.0,1.0,1.0,0.9923264378082726,0.9999999999994855,0.9922881718085371
4.87,1.0,1.0,1.0,1.0,0.9923621520820664,0.9999999999995158,0.9923266347121045
4.875,1.0,1.0,1.0,1.0,0.9924012041384579,0.9999999999995445,0.99236490578114
4.88,1.0,1.0,1.0,1.0,0.99243925486007,0.9999999999995716,0.9924029859724224
4.885,1.0,1.0,1.0,1.0,0.9924796420295003,0.999999999999597,0.9924408762379585
4.89,1.0,1.0,1.0,1.0,0.9925156900815539,0.999999999999621,0.9924785775250067
4.8950000000000005,1.0,1.0,1.0,1.0,0.9925587474770625,0.9999999999996435,0.9925160907761014
4.9,1.0,1.0,1.0,1.0,0.9925967981986743,0.9999999999996647,0.9925534169290756
4.905,1.0,1.0,1.0,1.0,0.9926275057985717,0.9999999999996847,0.9925905569170853
4.91,1.0,1.0,1.0,1.0,0.9926622187375864,0.9999999999997035,0.992627511668632
4.915,1.0,1.0,1.0,1.0,0.9927039410200555,0.9999999999997211,0.9926642821075864
4.92,1.0,1.0,1.0,1.0,0.9927403228503688,0.9999999999997379,0.9927008691532114
4.925,1.0,1.0,1.0,1.0,0.9927760371241623,0.9999999999997535,0.992737273720185
4.93,1.0,1.0,1.0,1.0,0.9928124189544756,0.9999999999997683,0.9927734967186236
4.9350000000000005,1.0,1.0,1.0,1.0,0.9928508034543473,0.9999999999997822,0.9928095390541035
4.94,1.0,1.0,1.0,1.0,0.9928875190629204,0.9999999999997953,0.9928454016276854
4.945,1.0,1.0,1.0,1.0,0.9929265711193114,0.9999999999998076,0.9928810853359353
4.95,1.0,1.0,1.0,1.0,0.9929636205061442,0.9999999999998191,0.9929165910709479
4.955,1.0,1.0,1.0,1.0,0.9930056765668731,0.99999999999983,0.9929519197203682
4.96,1.0,1.0,1.0,1.0,0.9930400557276279,0.9999999999998402,0.9929870721674146
4.965,1.0,1.0,1.0,1.0,0.9930754362231621,0.9999999999998499,0.9930220492908998
4.97,1.0,1.0,1.0,1.0,0.9931061438230595,0.9999999999998589,0.9930568519652538
4.9750000000000005,1.0,1.0,1.0,1.0,0.9931441945446715,0.9999999999998676,0.9930914810605455
4.98,1.0,1.0,1.0,1.0,0.9931742345880494,0.9999999999998755,0.9931259374425038
4.985,1.0,1.0,1.0,1.0,0.9932032732966483,0.9999999999998831,0.9931602219725401
4.99,1.0,1.0,1.0,1.0,0.9932379862356628,0.9999999999998901,0.9931943355077695
4.995,1.0,1.0,1.0,1.0,0.99326936139208,0.9999999999998969,0.993228278901032
5.0,1.0,1.0,1.0,1.0,0.9933047418876136,0.9999999999999031,0.9932620530009145
