s,cdf_zeros,cdf_gue_mean,cdf_gue_q025,cdf_gue_q975,cdf_poisson_ensemble_mean,cdf_wigner_surmise,cdf_poisson
0.0,0.0,0.0,0.0,0.0,0.0,0.0,0.0
0.005,0.0,0.0,0.0,0.0,0.005026700591888985,1.3509233142902644e-07,0.00498752080731768
0.01,0.0,1.3351130390143393e-06,0.0,0.0,0.010033040709933003,1.0806767320094973e-06,0.009950166250831893
0.015,0.0,3.671560857289434e-06,0.0,0.0,0.014995655875949284,3.6469357054397245e-06,0.014888060396937353
0.02,0.0,6.675565195071698e-06,0.0,0.0,0.01994658880287421,8.6434327722755e-06,0.019801326693244747
0.025,0.0,1.668891298767924e-05,0.0,0.00033344448149383126,0.024858803451667712,1.6878803347823712e-05,0.024690087971667385
0.03,0.0,2.9706265118068998e-05,0.0,0.00033344448149383126,0.0297373064962261,2.9160446062929946e-05,0.029554466451491845
0.035,0.0,4.539384332648755e-05,0.0,0.00033344448149383126,0.03455372678447033,4.629421467517575e-05,0.03439458374243354
0.04,0.0,6.608809543120986e-05,0.0,0.00033344448149383126,0.03940052089435212,6.908411071729348e-05,0.03921056084767682
0.045,0.0,9.813080836755415e-05,0.0,0.0006668889629876625,0.044254991904208264,9.833197702915214e-05,0.04400251816690004
0.05,0.0,0.00013684908649897018,0.0,0.0006668889629876625,0.04899597830574818,0.00013483719231952018,0.048770575499285984
0.055,0.0,0.00018457937764373308,0.0,0.0006668889629876625,0.05379604345926449,0.0001793963669027704,0.05351485204651618
0.06,0.0,0.00024465946439937864,0.0,0.0010003334444814939,0.05855071476945439,0.00023280303975516115,0.05823546641575128
0.065,0.0,0.00031308400764886173,0.0,0.0010003334444814939,0.06322194151470574,0.0002958473770347525,0.06293253662259657
0.07,0.0,0.00039485968128848814,0.0,0.001333777925975325,0.06795558479453101,0.000369315872207579,0.06760618009405173
0.075,0.0,0.0004843122549024476,0.0,0.0013504501500500015,0.07252901450967468,0.0004539910479227499,0.07225651367144714
0.08,0.0,0.0005781039458932043,0.0,0.0016672224074691564,0.07718355234193866,0.0005506511597765662,0.07688365361336424
0.085,0.00033344448149383126,0.0006972627846252348,0.0,0.0020006668889629878,0.08181539325253893,0.0006600699021066386,0.08148771559854262
0.09,0.00033344448149383126,0.0008281038624486388,0.0,0.0020006668889629878,0.08644389638054195,0.0007830161159535914,0.08606881472877181
0.095,0.0006668889629876625,0.000954605822895246,0.0,0.002334111370456819,0.09096091756978716,0.0009202534993286854,0.09062706553176858
0.1,0.0006668889629876625,0.0011124829397586929,0.0,0.002334111370456819,0.09551865970672241,0.001072540319922849,0.09516258196404048
0.105,0.0010003334444814939,0.0012813747391940075,0.00033344448149383126,0.00266755585195065,0.100009646191707,0.0012406291303918016,0.09967547741373439
0.11,0.0010003334444814939,0.0014636176690194641,0.00033344448149383126,0.0030010003334444814,0.10453467805918626,0.0014252664863506348,0.10416586470347178
0.115,0.0010003334444814939,0.0016829099856775693,0.00033344448149383126,0.003334444814938313,0.10905570458754853,0.0016271926672090098,0.10863385609316867
0.12,0.0010003334444814939,0.0019058738631929687,0.0006668889629876625,0.003667889296432144,0.11351097679873948,0.0018471413999766872,0.11307956328284252
0.125,0.0010003334444814939,0.0021512008841118517,0.0006668889629876625,0.0040013337779259755,0.11797993391857994,0.0020858395861682033,0.11750309741540454
0.13,0.0010003334444814939,0.0024058736963038386,0.0010003334444814939,0.004334778259419807,0.12233306998228649,0.0023440070319317996,0.1219045690794387
0.135,0.0010003334444814939,0.0026842447649383255,0.0010003334444814939,0.004668222740913638,0.12669755450682454,0.002622356181527702,0.12628408831196558
0.14,0.0010003334444814939,0.0029836438639372887,0.001333777925975325,0.0053351117039013,0.13108907507040224,0.002921591854278316,0.13064176460119414
0.145,0.0016672224074691564,0.003294057645508121,0.001333777925975325,0.0056685561853951315,0.13546023516013528,0.0032424109851098004,0.1349777068892587
0.15,0.0020006668889629878,0.003648196379106675,0.0016672224074691564,0.006002000666888963,0.13980536054560735,0.003585502368804283,0.1392920235749422
0.155,0.0020006668889629878,0.00401067956919907,0.0020006668889629878,0.006335445148382794,0.14404434444447786,0.003951546408077572,0.1435848225163865
0.16,0.002334111370456819,0.004399531241811992,0.002334111370456819,0.006668889629876626,0.14826196653472395,0.004341214865597742,0.14785621103378865
0.165,0.002334111370456819,0.0048090771665296435,0.00266755585195065,0.007335778592864288,0.15248426152060682,0.004755170620054733,0.15210629591208413
0.17,0.00266755585195065,0.0052523346954823965,0.0030010003334444814,0.008002667555851951,0.15670321872389245,0.005194067426390614,0.1563351834036163
0.17500000000000002,0.0030010003334444814,0.005746326519917705,0.003334444814938313,0.008336112037345782,0.16095955909227014,0.0056585496802978585,0.16054297923079264
0.18,0.003334444814938313,0.006250331692145624,0.003667889296432144,0.009003001000333445,0.16506169390464168,0.006149252187088672,0.164729788588728
0.185,0.003667889296432144,0.006790051138167178,0.0040013337779259755,0.009686562187395784,0.16925227995584766,0.006666799935038242,0.16889571614787435
0.19,0.0040013337779259755,0.007325431466811919,0.004334778259419807,0.0106702234078026,0.1733604227768947,0.007211807873300585,0.1730408660566377
0.195,0.0040013337779259755,0.007929903895225656,0.005001667222407469,0.011337112370790263,0.17742417308939468,0.00778488069449304,0.1771653419439816
0.2,0.004668222740913638,0.008533041210600379,0.0053351117039013,0.012004001333777926,0.18149760297142728,0.008386612622044182,0.18126924692201818
0.20500000000000002,0.004668222740913638,0.009192587051873464,0.006002000666888963,0.012670890296765588,0.18554733459701742,0.009017587202395205,0.18535268358858548
0.21,0.006002000666888963,0.009869823140913489,0.006668889629876626,0.013337779259753251,0.18954399547930717,0.00967837710214392,0.18941575402981292
0.215,0.007002334111370457,0.010537045882160895,0.007002334111370457,0.014338112704234745,0.19357770574842925,0.010369543910215162,0.19345855982267313
0.22,0.00766922307435812,0.011256671810189644,0.00766922307435812,0.01533844614871624,0.19758571509155037,0.011091637945143562,0.1974812020375215
0.225,0.008669556518839614,0.012031704929337465,0.008669556518839614,0.016005335111703902,0.20157670174342443,0.011845198067543028,0.20148378124062294
0.23,0.009003001000333445,0.012839782096200871,0.009003001000333445,0.017005668556185394,0.20554966436927094,0.012630751497845205,0.20546639749666595
0.23500000000000001,0.009669889963321108,0.013681570867299434,0.010003334444814937,0.017672557519173057,0.20948457627350603,0.013448813639375612,0.20942915037126442
0.24,0.0106702234078026,0.01452402719491748,0.0106702234078026,0.018672890963654553,0.213403133043013,0.014299887906842057,0.21337213893344653
0.245,0.011670556852284094,0.015423225826693608,0.011337112370790263,0.019673224408136045,0.21726728395618033,0.015184465560299898,0.21729546175813186
0.25,0.01300433477825942,0.016358472510523178,0.012337445815271757,0.02100700233411137,0.2211407806606204,0.01610302554466042,0.22119921692859512
0.255,0.013671223741247083,0.017347791272432828,0.013321107035678561,0.022007335778592863,0.22503430406064626,0.017056034334801684,0.22508350203891903
0.26,0.014338112704234745,0.018337443812602182,0.014004668222740914,0.02300766922307436,0.22891981678243742,0.018043945786342885,0.22894841419643375
0.265,0.01533844614871624,0.019356802617889607,0.015005001667222408,0.024341447149049684,0.23270352713500456,0.019067200992133715,0.23279405002414433
0.27,0.016672224074691565,0.020420220153464595,0.01567189063021007,0.02567522507502501,0.2365726847220676,0.020126228144513036,0.23662050566314685
0.275,0.017672557519173057,0.021519685741092875,0.017005668556185394,0.026675558519506502,0.24036807731372534,0.02122144240338414,0.24042787677503152
0.28,0.019339779926642216,0.02268624075893161,0.01800600200066689,0.028009336445481828,0.2441587970097471,0.022353245770151797,0.24421625854427453
0.28500000000000003,0.020006668889629875,0.02382142062035362,0.019006335445148383,0.02900966988996332,0.24796620561875657,0.023522026967563836,0.24798574568061738
0.29,0.020673557852617538,0.025041713938012695,0.020006668889629875,0.03067689229743248,0.25178296001903877,0.02472816132549499,0.25173643242143473
0.295,0.021673891297099034,0.026304730872920276,0.02100700233411137,0.03169389796598865,0.25554096944560434,0.025972010672708823,0.2554684125340906
0.3,0.022674224741580526,0.02762649278154448,0.022340780260086696,0.03334444814938313,0.2592419027897524,0.02725392323462994,0.2591817793182821
0.305,0.02400800266755585,0.028980297403105038,0.02334111370456819,0.03501167055685228,0.2629638641642642,0.028574233537155103,0.2628766256083722
0.31,0.02400800266755585,0.03034578426375689,0.024674891630543514,0.03634544848282761,0.2665930351825651,0.029933262316528597,0.26655304377571076
0.315,0.02400800266755585,0.03173530315911104,0.02600866955651884,0.03802934311437144,0.27029797386582977,0.031331316435304124,0.2702111257309432
0.32,0.025341780593531177,0.03316587678041496,0.027009003001000332,0.039679893297765924,0.2739545147014302,0.032768688804411805,0.27385096292630906
0.325,0.02600866955651884,0.03465386026239644,0.02867622540846949,0.04101367122374125,0.277564994137185,0.03424565831134668,0.2774726463579278
0.33,0.027675891963987995,0.036165875779080196,0.030326775591863954,0.0426808936312104,0.2812038447250185,0.035762489754489146,0.28107626656807383
0.335,0.02900966988996332,0.037719613578233106,0.03167722574191397,0.04436478826275424,0.28480564592601926,0.03731943378356767,0.2846619136474401
0.34,0.03101033677892631,0.03931006698595898,0.03334444814938313,0.046348782927642544,0.2884308116052029,0.038916726846269345,0.28822967723739035
0.34500000000000003,0.03234411470490164,0.04093222932836143,0.03499499833277759,0.0480160053351117,0.29192313353700444,0.04055459114099963,0.2917796465322
0.35000000000000003,0.03334444814938313,0.04261780954011696,0.03634544848282761,0.050016672224074694,0.2954388199469897,0.042233234575790535,0.29531191028128656
0.355,0.03401133711237079,0.04431874355182126,0.03767922640880293,0.051683894631543846,0.29892813787445294,0.04395285073335348,0.29882655679142756
0.36,0.03601200400133378,0.04606740785467022,0.03934644881627209,0.05336778926308768,0.3024358136062039,0.04571361884226921,0.302323673928969
0.365,0.038012670890296765,0.04787615224427501,0.040680226742247416,0.05568522840946982,0.3059431555596943,0.04751570375430314,0.3058033491220211
0.37,0.04034678226075358,0.04972895536416716,0.0426808936312104,0.05735245081693898,0.3093954241003259,0.04935925592783347,0.3092656693626453
0.375,0.04201400466822274,0.05164551013167211,0.0446648882960987,0.059353117705901966,0.31281564992802074,0.05124441141737329,0.31271072120902776
0.38,0.044014671557185726,0.05355605689050174,0.046348782927642544,0.061370456818939635,0.3162732589208085,0.05317129186916847,0.31613859078764417
0.385,0.04601533844614872,0.05556974113159506,0.0480160053351117,0.06368789596532178,0.3196994927571792,0.055140004522844954,0.3195493637954123
0.39,0.047349116372124044,0.05758509426398717,0.050016672224074694,0.06568856285428476,0.3231110403501202,0.05715064221908256,0.32294312550183535
0.395,0.050016672224074694,0.059666535491810564,0.05233411137045682,0.06768922974324774,0.32644581894331814,0.05920328341328168,0.32631996075113234
0.4,0.050683561187062354,0.06177134119781664,0.05400133377792597,0.07002334111370456,0.3297395428105669,0.06129799219519261,0.3296799539643607
0.405,0.051683894631543846,0.06389216826029091,0.05568522840946982,0.07237412470823605,0.3330489542560227,0.06343481831447201,0.3330231891415256
0.41000000000000003,0.05268422807602534,0.06609643988770361,0.05801933977992664,0.07469156385461821,0.3363009558408022,0.06561379721212535,0.3363497498636806
0.41500000000000004,0.056018672890963656,0.06835812137579388,0.060336778926308766,0.07735911970656886,0.33964541400353304,0.06783495005779694,0.33965971929501715
0.42,0.06002000666888963,0.07066452915069119,0.06233744581527176,0.07970990330110035,0.3429090978274034,0.07009828379285882,0.34295318018494325
0.425,0.06068689563187729,0.07299530273855047,0.06500500166722241,0.08204401467155717,0.34620515814247044,0.0724037911792561,0.3462302148701527
0.43,0.06268756252084028,0.07536946750017759,0.06668889629876626,0.08437812604201399,0.34950522379665333,0.07475145085405382,0.3494909052766835
0.435,0.0650216738912971,0.07776766429650726,0.06933977992664223,0.08702900966988997,0.35268579683384615,0.07714122738963491,0.35273533292196535
0.44,0.06702234078026009,0.08019022690579873,0.07134044681560521,0.08969656552184062,0.3559110961578443,0.07957307135949249,0.3559635789168586
0.445,0.07069023007669223,0.0826892247365739,0.07369123041013671,0.09203067689229744,0.35911937279059586,0.08204691940955855,0.35917572396768127
0.45,0.07235745248416138,0.08524863643236417,0.07634211403801268,0.09503167722574192,0.3622695720061504,0.0845626943350068,0.36237184837822667
0.455,0.07469156385461821,0.08781572502812916,0.07935978659553185,0.09738246082027341,0.36541977122170527,0.08712030516246827,0.3655520320517718
0.46,0.07702567522507503,0.090434215475896,0.08169389796598867,0.10038346115371788,0.36866743368910715,0.08971964723758974,0.36871635449307405
0.465,0.07935978659553185,0.09308441485833967,0.08436145381793932,0.10271757252417471,0.3718109573394671,0.09236060231786952,0.3718648948103592
0.47000000000000003,0.0820273424474825,0.0957980321101362,0.08669556518839613,0.10603534511503834,0.3749434663072534,0.09504303867069835,0.3749977317172992
0.47500000000000003,0.0853617872624208,0.09852767071840106,0.08967989329776593,0.1090530176725575,0.37803158276649435,0.09776681117653124,0.37811494353498
0.48,0.08769589863287762,0.1012920222656803,0.09236412137379127,0.11237079026342114,0.38118778999072384,0.1005317614371139,0.38121660819385916
0.485,0.09103034344781594,0.10415383706480728,0.09534844948316105,0.1150383461153718,0.38425454464134023,0.10333771788868895,0.38430280323571486
0.49,0.09303101033677892,0.1070350110030003,0.09803267755918639,0.11772257419139712,0.3873109521659038,0.10618449592009627,0.3873736058155839
0.495,0.09536512170723574,0.10996558412363662,0.10101700566855619,0.12072357452484159,0.3903853837164943,0.10907189799568984,0.39042909270369075
0.5,0.09736578859619874,0.11290583681380617,0.10370123374458153,0.1237079026342114,0.39341108364116,0.11199971378298262,0.3934693402873666
0.505,0.09869956652217406,0.11592819895587479,0.10668556185395132,0.12672557519173056,0.3964100813050475,0.11496772028493685,0.39649442457295947
0.51,0.10170056685561854,0.11899295093693218,0.10968656218739581,0.1300433477825942,0.3994457945775058,0.11797568197680774,0.3995044211877341
0.515,0.10436812270756919,0.12207505938749676,0.11237079026342114,0.13272757585861952,0.40243177488926124,0.12102335094745031,0.40249940538176254
0.52,0.10836945648549516,0.12521491147699892,0.11537179059686563,0.13604534844948316,0.40539272183153474,0.12411046704500084,0.4054794520298056
0.525,0.11003667889296433,0.12837445648382628,0.11803934644881627,0.1397132377459153,0.4084267662126952,0.12723675802683404,0.4084446356331849
0.53,0.11203734578192731,0.13156003619491446,0.12102367455818606,0.14304768256085362,0.41139705894624234,0.13040193971370256,0.4113950303216448
0.535,0.11603867955985328,0.13474161056688547,0.12437479159719907,0.14606535511837276,0.41434165075378854,0.1336057161479628,0.41433070985520626
0.54,0.1203734578192731,0.13800262416467826,0.12769256418806268,0.1490496832277426,0.41725553496143764,0.13684777975578388,0.41725174762601036
0.545,0.12537512504168055,0.14134574721437013,0.1310436812270757,0.15271757252417473,0.4201844391907756,0.14012781151324505,0.4201582166601536
0.55,0.12904301433811272,0.1447212467552583,0.13437812604201402,0.15605201733911303,0.4230682833550466,0.14344548111621414,0.42305018961951335
0.555,0.13204401467155719,0.1480743831527425,0.13771257085695232,0.1590696898966322,0.42596280842362877,0.14680044715390655,0.42592773880356405
0.56,0.13604534844948316,0.15145388803274773,0.14104701567189062,0.16272090696898966,0.42882028410537953,0.1501923572860217,0.42879093615118513
0.5650000000000001,0.13804601533844615,0.15490181745600193,0.14438146048682896,0.16605535178392797,0.43170279315661086,0.15362084842334806,0.43163985324245957
0.5700000000000001,0.14038012670890296,0.1583791193661149,0.14771590530176726,0.16940646882294097,0.4345382394732185,0.15708554691173132,0.4344745613004629
0.5750000000000001,0.14304768256085362,0.16189447199783982,0.15105035011670556,0.17305768589529844,0.4373596671029151,0.16058606871929781,0.4372951311930443
0.58,0.1450483494498166,0.16543352288600693,0.15471823941313773,0.17639213071023674,0.4402151401151068,0.16412201962682554,0.44010163343459796
0.585,0.14971657219073026,0.1690062853784092,0.15805268422807603,0.18007669223074357,0.44297114720589204,0.16769299542115013,0.4428941381878261
0.59,0.15271757252417473,0.17259640434031862,0.1620373457819273,0.18372790930310104,0.4457371676444704,0.17129858209149557,0.4456727152654929
0.595,0.15738579526508836,0.1762405953803083,0.1653884628209403,0.18739579859953318,0.44853723346554253,0.1749383560286225,0.4484374341321702
0.6,0.1610536845615205,0.17991616157671492,0.16905635211737247,0.19139713237745914,0.4512488480477812,0.17861188422667468,0.4511883639059736
0.605,0.164054684894965,0.18367684122935854,0.1727242414138046,0.19539846615538514,0.4540051889168264,0.18231872448761538,0.4539255733602906
0.61,0.1673891297099033,0.18739179326041605,0.17672557519173057,0.19906635545181728,0.45674383953810394,0.18605842562814112,0.4566491309255002
0.615,0.17039013004334777,0.1911788413955802,0.18072690896965654,0.20273424474824941,0.45945178255948527,0.1898305276889547,0.4593591046906834
0.62,0.17339113037679227,0.1949855824480697,0.18406135378459487,0.20641880626875622,0.4621136641810191,0.19363456214628522,0.4620555624053255
0.625,0.17772590863621207,0.19885273736557518,0.18806268756252084,0.21040346782260755,0.4647985765024775,0.19747005212554242,0.4647385714810097
0.63,0.1813937979326442,0.20276461856988748,0.19173057685895298,0.21407135711903968,0.46754390268895035,0.20133651261698587,0.4674081989931028
0.635,0.18606202067355784,0.20668050511331584,0.19571523841280425,0.21773924641547182,0.47021112476264093,0.20523345069329646,0.47006451168243146
0.64,0.18939646548849617,0.21064679217396812,0.19906635545181728,0.22140713571190396,0.47289436819280073,0.20916036572893637,0.47270757595695145
0.645,0.1940646882294098,0.2146107427868016,0.20371790596865622,0.22540846948982995,0.47551619642316545,0.2131167496211765,0.4753374578934071
0.65,0.19906635545181728,0.2186003943256363,0.20771923974658218,0.22940980326775592,0.47813902598830904,0.21710208701268124,0.47795422323898396
0.655,0.20240080026675558,0.22264244905125213,0.2110703567855952,0.23374458152717573,0.48072580750139926,0.22111585551553326,0.48055793741295183
0.66,0.20673557852617538,0.22667749443341298,0.21540513504501502,0.23742914304768253,0.4833012405536567,0.22515752593658017,0.4831486655083008
0.665,0.21040346782260755,0.2307011913547426,0.219406468822941,0.24141380460153383,0.4858669940363829,0.2292265625039938,0.4857264722933681
0.67,0.21707235745248415,0.23483470132353065,0.22340780260086696,0.24574858286095366,0.48841839505393886,0.23332242309492035,0.48829142221345756
0.675,0.22007335778592865,0.23897588819229387,0.22740913637879293,0.25008336112037344,0.49095477604980725,0.23744455946411175,0.4908435793924508
0.68,0.22240746915638546,0.2431497853305121,0.23107702567522506,0.25408469489829943,0.49353721844552,0.24159241747342136,0.49338300763441045
0.685,0.22674224741580526,0.24738810167286274,0.23574524841613873,0.25843614538179394,0.49607927367180454,0.24576543732205314,0.4959097704251745
0.6900000000000001,0.23041013671223742,0.25160372109355095,0.24006335445148383,0.26277092364121374,0.4985922901894894,0.249963053777444,0.49842393093394455
0.6950000000000001,0.23407802600866956,0.2558216769620575,0.24374791597199066,0.26677225741913974,0.5011113147158501,0.2541846964066776,0.5009255520148641
0.7000000000000001,0.23907969323107703,0.2600513150696548,0.2483994664888296,0.27109036345448484,0.5035709267119739,0.25842978980830666,0.5034146962085906
0.705,0.24341447149049683,0.2642702722729401,0.25208402800933644,0.2751083694564855,0.5060218604733446,0.2626977538444792,0.5058914257438583
0.71,0.24708236078692897,0.2685683349237869,0.25640213404468154,0.27975991997332444,0.5084731280129757,0.26698800387325566,0.5083558025390349
0.715,0.25141713904634877,0.27282334017912563,0.26042014004668224,0.28409469823274425,0.5109173862091506,0.27129995098100557,0.5108078882036684
0.72,0.25408469489829943,0.2771220703864919,0.2653884628209403,0.28809603201067024,0.5133806697661325,0.27563300221477993,0.5132477440400283
0.725,0.26075358452817604,0.28148989269362695,0.26942314104701565,0.29243081027009005,0.5157962230319694,0.2799865608145443,0.5156754310446375
0.73,0.26475491830610204,0.28585337588338566,0.2737412470823608,0.2964488162720907,0.5182201207542995,0.2843600264451708,0.5180910099097975
0.735,0.26875625208402804,0.2902332142078725,0.2780760253417806,0.30110036678892965,0.5206273295636429,0.28875279542808013,0.5204945410251058
0.74,0.272757585861954,0.29464209124095736,0.2827442480826942,0.30545181727242415,0.5230268614730103,0.29316426097243226,0.5228860844789656
0.745,0.27742580860286764,0.29911972659555164,0.2874291430476826,0.30976992330776926,0.525445418743185,0.29759381340575564,0.5252657000600875
0.75,0.2830943647882628,0.30359969839796497,0.2917639213071024,0.3147715905301767,0.5278192497265527,0.3020408404039196,0.5276334472589853
0.755,0.28609536512170725,0.30801758744406316,0.2960986995665222,0.3194398132710904,0.5301780606882316,0.3065047272203422,0.529989385269462
0.76,0.2920973657885962,0.3125322721854903,0.3007669223074358,0.324108036012004,0.5324821320153109,0.3109848569143393,0.5323335729900908
0.765,0.29676558852950985,0.3170069035357468,0.30575191730576856,0.3284428142714238,0.534804894924935,0.3154806105785102,0.5346660690256866
0.77,0.300433477825942,0.32148887800771786,0.31008669556518836,0.3324608202734245,0.5371176444867686,0.31999136756506746,0.5369869316887719
0.775,0.3061020340113371,0.3260055654187031,0.3144381460486829,0.3371123707902634,0.5394577638659008,0.32451650571101254,0.5392962190010342
0.78,0.3114371457152384,0.3305576333252228,0.31910636878959653,0.34178059353117707,0.5417214480235486,0.3290554015620624,0.5415939886947765
0.785,0.31910636878959653,0.33503526867981703,0.3237745915305102,0.345781927309103,0.5440074953246008,0.33360743059523645,0.5438802982143608
0.79,0.322107369123041,0.3395819961341796,0.3280926975658553,0.3507835945315105,0.5463439431428767,0.33817196744000827,0.5461552047176441
0.795,0.326108702900967,0.3441981494665722,0.33311103701233746,0.35513504501500504,0.5486012855135902,0.34274838609793845,0.5484187650774077
0.8,0.32877625875291766,0.3487729142947543,0.3377625875291764,0.3601200400133378,0.5509073595102271,0.3473360601606937,0.5506710358827784
0.805,0.33377792597532513,0.35328993548400056,0.3420973657885962,0.3647882627542514,0.5531440076288352,0.3519343630263715,0.5529120734406436
0.81,0.33844614871623874,0.35793813152932874,0.3464488162720907,0.3691230410136712,0.5553372645736767,0.35654266811404073,0.5551419337770589
0.8150000000000001,0.34478159386462154,0.36258532623987744,0.35111703901300434,0.3737912637545849,0.5575368633054534,0.36116034907641853,0.5573606726386489
0.8200000000000001,0.3494498166055352,0.36720648624616636,0.35578526175391795,0.3784761587195732,0.5597367958154889,0.365786780010601,0.5595683454940008
0.8250000000000001,0.35311770590196734,0.37183565693068865,0.3607869289763254,0.38347782594198065,0.5619577563558895,0.37042133566676727,0.5617650075350509
0.8300000000000001,0.3571190396798933,0.3764224377762216,0.3651217072357453,0.38781260420140046,0.5641299852703644,0.3750633916547816,0.5639507136784645
0.835,0.3611203734578193,0.38113071390830583,0.37010670223407804,0.3924641547182394,0.5662721741414632,0.37971232464861493,0.5661255185670091
0.84,0.36412137379126375,0.38576388993194566,0.37444148049349785,0.39713237745915303,0.5684120265647443,0.3843675125885132,0.5682894765709203
0.845,0.3691230410136712,0.3903603503470127,0.37879293097699235,0.40146715571857283,0.5705281807315825,0.38902833488084193,0.5704426417892609
0.85,0.3761253751250417,0.39505827935304466,0.3837945981993998,0.4061353784594865,0.5727034136503952,0.3936941725955342,0.5725850680512733
0.855,0.3827942647549183,0.39966742334198274,0.3884628209403134,0.410486828942981,0.5748492740823518,0.39836440866107453,0.5747168089177259
0.86,0.3871290430143381,0.4042935900221665,0.3927975991997332,0.41513837945981996,0.5769711024796054,0.40303842805695544,0.5768379176822511
0.865,0.3927975991997332,0.4090001972629513,0.3974491497165722,0.41980660220073357,0.5790739055160524,0.407715618003538,0.5789484473726788
0.87,0.39846615538512836,0.4136527324256571,0.40280093364454816,0.42415805268422807,0.5811686978742663,0.4123953681492555,0.581048450752361
0.875,0.40346782260753583,0.4182855746710365,0.40713571190396797,0.4284928309436479,0.583274838693311,0.4170770707551044,0.5831379803214916
0.88,0.4104701567189063,0.42300086014657545,0.41113704568189396,0.43316105368456154,0.5853552785863552,0.42176012087635817,0.5852170883184187
0.885,0.41513837945981996,0.4277074673873608,0.4167889296432144,0.4384794931643881,0.5874293766924645,0.4264439165414495,0.5872858267209504
0.89,0.4211403801267089,0.4323663443370012,0.4208069356452151,0.4428142714238079,0.589489122333403,0.4311278589279716,0.5893442472476544
0.895,0.4264754918306102,0.436959133191211,0.4254751583861287,0.44814938312770924,0.5915261710526789,0.43581135253573927,0.5913924013591516
0.9,0.4318106035345115,0.44162535326256525,0.43081027009003003,0.45248416138712905,0.593551537532864,0.44049380535686644,0.5934303402594009
0.905,0.43647882627542517,0.44632862272075347,0.43547849283094364,0.45715238412804265,0.5955465301914125,0.44517462904280747,0.5954581148969812
0.91,0.4424808269423141,0.45101320059639477,0.4401467155718573,0.4614871623874625,0.5975775709020111,0.4498532390683193,0.597475775966364
0.915,0.4494831610536846,0.45563769838528,0.4451483827942648,0.4665055018339447,0.5995461950780384,0.4545290548923,0.5994833739091812
0.92,0.45448482827609205,0.46033763006087086,0.4498166055351784,0.47182394131377126,0.6015735642277817,0.45920150011546196,0.6014809589154859
0.925,0.4601533844614872,0.46502454438433,0.45481827275758585,0.4768256085361787,0.6035465275211858,0.46387000263480105,0.6034685809250071
0.93,0.464488162720907,0.46967140531661966,0.4594698232744248,0.4811603867955985,0.6054844440973148,0.46853399479482355,0.605446289628399
0.935,0.46948982994331445,0.47429690444028516,0.4638212737579193,0.48549516505501833,0.6074747638602258,0.4731929135354957,0.6074141344684816
0.9400000000000001,0.47382460820273425,0.4789274102378468,0.4684728242747582,0.48984661553851283,0.6094180208885116,0.4778462005368833,0.6093721646414789
0.9450000000000001,0.4811603867955985,0.48361732856564366,0.4734744914971657,0.4948316105368456,0.6113913179601735,0.4824933023604507,0.611320429098247
0.9500000000000001,0.486162054018006,0.48819910273728173,0.47815938646215406,0.4988496165388463,0.6133339074319408,0.48713367058698803,0.6132589765454988
0.9550000000000001,0.49183061020340113,0.49279823337842626,0.48249416472157386,0.5035011670556853,0.6153245609731103,0.4917667619511426,0.6151878554470215
0.96,0.49749916638879627,0.49741104892822013,0.4871623874624875,0.5081693897965989,0.6172214228232914,0.49639203847252794,0.6171071140248879
0.965,0.5031677225741914,0.501948096813052,0.4914971657219073,0.5131710570190063,0.6191543327255241,0.5010089675833875,0.6190168002606627
0.97,0.5108369456485495,0.506487814923961,0.49583194398132713,0.5175058352784262,0.6210565350278592,0.5056170222527948,0.6209169618966012
0.975,0.5155051683894631,0.5110231939174925,0.5005001667222407,0.5221907302434144,0.6230164809691328,0.5102156811073664,0.622807646436843
0.98,0.5195065021673891,0.5156663832889247,0.5051683894631543,0.5261920640213404,0.6249256926149226,0.5148044285484774,0.6246889011486004
0.985,0.5245081693897966,0.5202177836389248,0.5095031677225742,0.5308436145381794,0.6268215531303224,0.5193827548659598,0.6265607730633391
0.99,0.5278426142047349,0.5248022280366398,0.5145048349449817,0.535511837279093,0.6286950505023186,0.523950156348273,0.6284233089779543
0.995,0.5338446148716238,0.5293653106257312,0.5188396132044014,0.539513171057019,0.6305425131700562,0.5285061353891363,0.6302765554559411
1.0,0.5401800600200066,0.5339524252495235,0.5238412804268089,0.5438479493164388,0.632378961155222,0.5330502005906137,0.6321205588285577
1.0050000000000001,0.543514504834945,0.5384507548562242,0.5278426142047349,0.5488496165388462,0.6342421114011648,0.5375818668626449,0.6339553651959846
1.01,0.549516505501834,0.5428863341500894,0.5318439479826609,0.5525341780593531,0.6360398411081974,0.5421006555190166,0.6357810204284766
1.0150000000000001,0.55351783927976,0.5474350642740113,0.5365121707235745,0.5571857285761921,0.6378469166065036,0.5466060943697749,0.6375975701675097
1.02,0.5585195065021674,0.5519667717066856,0.541513837945982,0.5618539513171057,0.639663004117823,0.5510977178100697,0.6394050598269216
1.025,0.5638546182060686,0.5564220439178768,0.5454984994998333,0.5661887295765256,0.6414533907031412,0.5555750669054434,0.6412035345940483
1.03,0.5681893964654885,0.5609243788636916,0.5501833944648216,0.5705401800600199,0.6432551257492912,0.5600376894735559,0.6429930394308526
1.035,0.5725241747249084,0.5653275816663617,0.5551683894631544,0.5748582860953652,0.6450648714736744,0.5644851401623564,0.6447736190750485
1.04,0.5765255085028342,0.5697080875473669,0.5595198399466489,0.5792097365788595,0.6468636025154864,0.5689169805247076,0.6465453180412198
1.045,0.5818606202067356,0.5740892609848927,0.5635211737245749,0.5838612870956985,0.6486236152791672,0.5733327790894678,0.6483081806219331
1.05,0.5865288429476492,0.5784427308268585,0.5681893964654885,0.5885295098366122,0.6503439084299376,0.5777321114290446,0.6500622508888447
1.055,0.5891963987995998,0.5828399256208524,0.5721907302434145,0.592864288096032,0.6520778864893569,0.5821145602234263,0.6518075726938024
1.06,0.592864288096032,0.5872164261627407,0.5765255085028342,0.596865621873958,0.6538145347748533,0.586479715320713,0.6535441896699425
1.065,0.5991997332444148,0.5915178265961856,0.5811770590196733,0.6012004001333778,0.6555121310039623,0.5908271737941492,0.6552721452327799
1.07,0.6038679559853285,0.5957805087514982,0.5855285095031677,0.6055351783927976,0.657205388115691,0.5951565399956895,0.6569914825812934
1.075,0.6078692897632544,0.6000415220155121,0.5898632877625876,0.6102034011337112,0.6589093261317333,0.5994674256061017,0.6587022446990063
1.08,0.6128709569856619,0.6042678223405126,0.5941813937979327,0.6138879626542181,0.6606176032651513,0.6037594496816368,0.6604044743550609
1.085,0.6182060686895632,0.6084987955611488,0.5985161720573525,0.6182060686895632,0.6623435706463382,0.6080322386972823,0.6620982141052869
1.09,0.6238746248749584,0.612772826177294,0.6025175058352785,0.6228742914304768,0.6640097917190286,0.6122854265866224,0.6637835062932667
1.095,0.628542847615872,0.6169560691067864,0.6072024008002668,0.6265421807269089,0.6656883625873289,0.6165186547783279,0.6654603930513924
1.1,0.6328776258752917,0.6211196191189543,0.6112037345781928,0.6305601867289096,0.6673585889991361,0.6207315722293061,0.6671289163019205
1.105,0.6372124041347116,0.6252237566008828,0.6152050683561187,0.6345615205068356,0.6690111251631756,0.624923835454531,0.668789117758019
1.11,0.6408802934311437,0.62930452960463,0.6192064021340447,0.6388796265421808,0.670641631962072,0.6290951085535881,0.670441038924811
1.115,0.6435478492830944,0.633385302608377,0.6238746248749584,0.6432310770256752,0.672325543282529,0.6332450632339577,0.6720847211004115
1.12,0.6475491830610204,0.6374997872163595,0.6275425141713905,0.6472157385795265,0.6739346882728002,0.637373378831075,0.6737202053769605
1.125,0.6512170723574525,0.6415795588853278,0.6322107369123041,0.6512170723574525,0.6755868906585814,0.6414797423251908,0.6753475326416503
1.1300000000000001,0.6578859619873291,0.6456870341498548,0.6361953984661555,0.6555518506168723,0.6771649942706959,0.6455638483550736,0.6769667435777471
1.135,0.6618872957652551,0.649701051501652,0.6398632877625876,0.6595698566188729,0.6787728041479297,0.6496253992285819,0.6785778786656087
1.1400000000000001,0.6652217405801933,0.653749114235943,0.6445315105035012,0.6635545181727243,0.6803759411295266,0.6536641049301488,0.6801809781836962
1.145,0.6708902967655885,0.6577324239878434,0.648216072024008,0.6675558519506503,0.6819787443328623,0.6576796831252074,0.6817760822095809
1.1500000000000001,0.6745581860620207,0.6617350928788078,0.6525508502834279,0.6712237412470824,0.6835965675578874,0.6616718591616046,0.6833632306209468
1.155,0.6772257419139713,0.6656733425656393,0.65621873957986,0.6752250750250083,0.6851679956048077,0.6656403660680341,0.6849424630965867
1.16,0.6805601867289096,0.6696075869133553,0.6598866288762921,0.6792430810270089,0.6866977013692593,0.6695849445495332,0.6865138191173947
1.165,0.6845615205068356,0.673464060926548,0.6642047349116372,0.6832444148049349,0.6882541093944898,0.6735053429800839,0.6880773379673533
1.17,0.6878959653217739,0.6772988393528587,0.667889296432144,0.6872290763587863,0.6898272063327101,0.6774013173923583,0.689633058734515
1.175,0.6938979659886629,0.6811489715791142,0.6715571857285761,0.6908969656552184,0.6913822792448995,0.6812726314646542,0.6911810203119801
1.18,0.6962320773591197,0.6849497046229296,0.6755585195065021,0.6948982994331444,0.6929446952788062,0.6851190565050599,0.6927212613988687
1.185,0.7012337445815272,0.6887167260625081,0.6792264088029343,0.6982494164721573,0.6944723983736985,0.6889403714329003,0.6942538205012883
1.19,0.7069023007669223,0.692438687437019,0.6825608536178727,0.7025675225075025,0.6959914232338373,0.6927363627574993,0.6957787359332959
1.195,0.7089029676558853,0.6961796741723395,0.6862287429143048,0.7059019673224408,0.6974957618505475,0.6965068245543156,0.6972960458178572
1.2,0.7122374124708236,0.6999804072161527,0.6905635211737245,0.7095865288429476,0.6989683915325784,0.7002515584384887,0.6988057880877978
1.205,0.7149049683227743,0.7036860134559366,0.6942314104701567,0.713571190396799,0.700482075940562,0.7039703735358518,0.7003080004867537
1.21,0.7182394131377126,0.7073652512131996,0.6982327442480827,0.7165721907302434,0.7019707269790626,0.7076630864514494,0.7018027205701126
1.215,0.7209069689896632,0.7110721925660227,0.7019006335445148,0.7202400800266756,0.7034353459828631,0.7113295212356194,0.7032899857059547
1.22,0.7245748582860954,0.7146456226149458,0.705568522840947,0.7242580860286761,0.704908643221413,0.7149695093476796,0.7047698330759857
1.225,0.7299099699899967,0.7182657816202331,0.7085695231743915,0.7275758586195399,0.7063629150991605,0.7185828896172739,0.7062422996764672
1.23,0.7319106368789596,0.7219006268689495,0.7125541847282428,0.731243747915972,0.7078615794854551,0.7221695082034251,0.7077074223191406
1.235,0.7359119706568856,0.7253962865833496,0.7165555185061687,0.7345781927309103,0.7093098433545247,0.7257292185513495,0.7091652376321484
1.24,0.7382460820273424,0.7289433481497504,0.7195731910636879,0.7379126375458486,0.7107614450061911,0.7292618813470773,0.7106157820609493
1.245,0.7415805268422807,0.7324396754206698,0.72324108036012,0.7415805268422807,0.7122407502534205,0.7327673644699385,0.7120590918692298
1.25,0.7445815271757252,0.7359079653177687,0.7262420806935646,0.7449149716572191,0.713685676339894,0.7362455429429594,0.7134952031398099
1.2550000000000001,0.7472490830276759,0.7393088320063974,0.7299099699899967,0.748266088696232,0.7150805356874043,0.7396962988812252,0.7149241517755465
1.26,0.750916972324108,0.7426399390387377,0.7335611870623542,0.7519173057685895,0.7165164497608646,0.7431195214382614,0.7163459735002295
1.2650000000000001,0.7535845281760587,0.7459920741014444,0.7365788596198732,0.7546015338446148,0.7179229913474664,0.7465151067504843,0.7177607038594767
1.27,0.7555851950650216,0.749346211833708,0.739896632210737,0.7582527509169723,0.7193555676383275,0.7498829578797755,0.7191683782216203
1.2750000000000001,0.7595865288429476,0.7527100291355044,0.7432477492497499,0.7615871957319106,0.720750093207579,0.7532229847542339,0.7205690317785927
1.28,0.7622540846948983,0.7559877316462846,0.7465821940646882,0.7649383127709236,0.7221426161072716,0.7565351041071537,0.7219626995468058
1.285,0.7659219739913304,0.7592620963744667,0.7502334111370458,0.7685895298432811,0.7235554994808079,0.7598192394142913,0.7233494163680265
1.29,0.7692564188062687,0.7624870619202062,0.7535678559519841,0.7719239746582194,0.724931333467513,0.7630753208294616,0.7247292169102477
1.295,0.7729243081027009,0.7656803185312676,0.7562520840280094,0.7749249749916639,0.7263178483585294,0.766303285118529,0.7261021356685544
1.3,0.7782594198066022,0.768884589824902,0.7592530843614538,0.7782594198066022,0.7276506249497248,0.7695030755918394,0.7274682069659875
1.305,0.7819273091030343,0.7720708370925096,0.7625875291763922,0.7812604201400467,0.7289870731017792,0.7726746420351488,0.7288274649544001
1.31,0.7859286428809603,0.7752487399036251,0.7652550850283428,0.784594864954985,0.7303478870667952,0.775817940639102,0.7301799436153131
1.315,0.7915971990663555,0.7783181647803197,0.7682560853617872,0.7872624208069356,0.731712706370926,0.7789329339273139,0.7315256767607634
1.32,0.7952650883627876,0.7814122892482335,0.7719073024341447,0.7905968656218739,0.7330715176663828,0.7820195906831078,0.7328646980341497
1.325,0.7972657552517506,0.7844700318858374,0.7742580860286762,0.7939313104368123,0.7344022915880211,0.7850778858749621,0.7341970409110734
1.33,0.8006002000666889,0.7874513393019563,0.7779259753251083,0.7969323107702567,0.7357133725923325,0.7881078005807196,0.735522738700176
1.335,0.8032677559186395,0.7904326467180759,0.7809269756585528,0.7999499833277759,0.7370544936400222,0.7911093219106118,0.7368418245439713
1.34,0.8069356452150717,0.7933445282561667,0.7835945315105035,0.8029509836612203,0.7383709150964891,0.7940824429291493,0.738154331419674
1.345,0.8092697565855285,0.7963321774592187,0.7869289763254418,0.8056018672890963,0.7396716489747486,0.7970271625759325,0.7394602921400244
1.35,0.8119373124374791,0.799206008275698,0.7892630876958986,0.8086028676225409,0.7409680437356335,0.7999434855854348,0.7407597393541085
1.355,0.8156052017339113,0.8021362476180753,0.7925808602867623,0.8112870956985662,0.7422611007139177,0.8028314224058049,0.7420527055481743
1.36,0.8182727575858619,0.8049877152911498,0.7955818606202067,0.8139379793264422,0.7435314607705414,0.8056909891167475,0.7433392230464442
1.365,0.8209403134378126,0.8077944566774172,0.7982660886962321,0.8169389796598866,0.7448245177488271,0.808522207346527,0.7446193240119223
1.37,0.8259419806602201,0.81059552383327,0.8006002000666889,0.8196232077359119,0.7460888697967726,0.8113251041881476,0.7458930404471997
1.375,0.827942647549183,0.8133368446806251,0.8036012004001334,0.8229409803267755,0.7473966130184861,0.8140997121147581,0.7471604041952535
1.3800000000000001,0.8299433144381461,0.8160588063889158,0.8066022007335779,0.8256085361787262,0.7486723135272639,0.8168460688943343,0.7484214469402435
1.385,0.8332777592530843,0.8188074703579871,0.8096032010670223,0.8282760920306769,0.7499266522274192,0.8195642175036846,0.7496762002083039
1.3900000000000001,0.8362787595865289,0.8214680168664834,0.812270756918973,0.8309603201067022,0.751149615771157,0.822254206041831,0.7509246953683318
1.395,0.8386128709569857,0.8240971882185616,0.814921640546849,0.8339446482160721,0.7524062909191297,0.8249160876428107,0.7521669636327712
1.4000000000000001,0.8432810936978993,0.8267460524879663,0.8179226408802934,0.8362787595865289,0.7536282531280869,0.8275499203879494,0.7534030360583935
1.405,0.8472824274758253,0.8293718860574477,0.820273424474825,0.8386128709569857,0.7548689069195906,0.8301557672176505,0.7546329435470737
1.41,0.8492830943647882,0.8319877062791373,0.8232577525841948,0.8416138712904302,0.7560922042415873,0.83273369584275,0.7558567168465629
1.415,0.8519506502167389,0.8345347681793165,0.8256085361787262,0.8442814271423807,0.7572991464288554,0.8352837786554812,0.7570743865512576
1.42,0.8536178726242081,0.8369793601537533,0.8276092030676893,0.8466155385128377,0.7585324570986459,0.837806092640095,0.7582859831029636
1.425,0.8552850950316773,0.83947335131063,0.8299433144381461,0.8489663221073691,0.759718371255551,0.8403007192831831,0.7594915367916579
1.43,0.8589529843281094,0.8419312944154566,0.8329276425475158,0.8516172057352451,0.7609540183731583,0.8427677444837458,0.7606910777562454
1.435,0.8599533177725909,0.8443485165725922,0.8346115371790597,0.8539513171057019,0.7621482769865556,0.8452072584630503,0.761884635985313
1.44,0.8622874291430477,0.8467660725079866,0.8376125375125042,0.8562854284761587,0.7633442044912545,0.847619355674321,0.7630722413178782
1.445,0.8649549849949983,0.8491088621131966,0.839946648882961,0.8586195398466155,0.7645474751176652,0.850004134712306,0.7642539234441365
1.45,0.8662887629209737,0.8514556570575235,0.842597532510837,0.8609536512170723,0.7656983425572943,0.8523616982227611,0.7654297119062023
1.455,0.8686228742914305,0.8537830928627866,0.8449316438812938,0.8629543181060353,0.7668655651316535,0.8546921528118927,0.7665996360988487
1.46,0.8699566522174058,0.8560658023812412,0.8472824274758253,0.8652884294764922,0.7680114258973872,0.8569956089557991,0.7677637252702412
1.465,0.8709569856618873,0.858308458508525,0.8495998666222074,0.8676392130710237,0.7691703040152522,0.859272180909952,0.7689220085226698
1.47,0.8729576525508503,0.8605617955401217,0.8516005335111705,0.8699566522174058,0.7703321861374557,0.8615219866187558,0.7700745148132762
1.475,0.8772924308102701,0.8627630631631955,0.8536178726242081,0.8719573191063688,0.7714673659988773,0.8637451476252235,0.7712212729547776
1.48,0.8806268756252084,0.8649613267819334,0.8556018672890964,0.8739579859953318,0.7726255765602215,0.8659417889808082,0.7723623116161873
1.485,0.8829609869956653,0.8671542499485158,0.8579526508836278,0.8762920973657886,0.77376309286946,0.8681120391554245,0.7734976593235312
1.49,0.8846282094031344,0.8693071197239239,0.8602700900300101,0.8782927642547516,0.774911623861273,0.8702560299476982,0.7746273444605613
1.495,0.8889629876625542,0.871433954795075,0.8622874291430477,0.8799766588862954,0.776019100127136,0.8723738963954811,0.7757513952694647
1.5,0.8919639879959986,0.8735113906837817,0.8642880960320106,0.8819606535511837,0.7771372572973114,0.8744657766866598,0.7768698398515702
1.5050000000000001,0.8942980993664554,0.8755547811899925,0.8659553184394798,0.8839613204401467,0.7782497402370707,0.8765318120703005,0.7779827061680507
1.51,0.8959653217739246,0.8775517765180985,0.8682894298099366,0.8859619873291097,0.7793385249203857,0.8785721467681554,0.7790900220406218
1.5150000000000001,0.8969656552184061,0.8795971696938675,0.8706235411803934,0.8879626542180727,0.7804369891732351,0.8805869278865701,0.7801918151522383
1.52,0.8989663221073692,0.881611187713221,0.8722907635878626,0.8899633211070357,0.7815431303260584,0.8825763053288167,0.7812881130477852
1.5250000000000001,0.9016338779593198,0.8835667945371177,0.8742914304768256,0.8919639879959986,0.7826415945789067,0.8845404317078894,0.7823789431347672
1.53,0.9023007669223074,0.8855140569045215,0.8762920973657886,0.8939646548849617,0.7837110201231571,0.8864794622597888,0.783464332683993
1.5350000000000001,0.9039679893297766,0.8874259387763913,0.8786095365121708,0.8959653217739246,0.7848008061412549,0.8883935547573263,0.7845443088302579
1.54,0.9056352117372457,0.8892927605831897,0.8802934311437146,0.8976325441813938,0.785877574807219,0.8902828694244757,0.785618898573022
1.545,0.9063021007002334,0.8911218654466406,0.8822774258086029,0.8993164388129375,0.7869409923427932,0.8921475688513005,0.7866881287770848
1.55,0.9089696565521841,0.8929372854014402,0.8839613204401467,0.901300433477826,0.7879787089523653,0.8939878179094843,0.7877520261732569
1.555,0.910970323441147,0.8947590471431763,0.8862787595865289,0.9033011003667889,0.7890147566706416,0.8958037836684882,0.7888106173590288
1.56,0.9123041013671224,0.8964956954286736,0.8879626542180727,0.9046348782927642,0.7900811782105547,0.8975956353123637,0.7898639287992353
1.565,0.9129709903301101,0.898255040635834,0.8899633211070357,0.9063187729243081,0.791134248620078,0.899363544057242,0.790911986826717
1.57,0.9139713237745916,0.8999446261867067,0.8916305435145049,0.9079859953317773,0.7921666247774963,0.9011076830695275,0.7919548176429796
1.575,0.914971657219073,0.901637215741917,0.893297765921974,0.9096365455151717,0.7932504027869157,0.9028282273848142,0.7929924473188473
1.58,0.9156385461820606,0.9032623820886581,0.8949649883294432,0.9113037679226409,0.7942674251443842,0.9045253538275505,0.7940249017951165
1.585,0.9166388796265422,0.904921593817894,0.8966322107369123,0.9133044348116038,0.7953138199887112,0.9061992409314716,0.7950522068832027
1.59,0.9179726575525176,0.9065904851166621,0.8982827609203068,0.9146548849616538,0.7963505352635054,0.9078500688608213,0.7960743882657866
1.595,0.9196398799599866,0.9082249972546741,0.899949983327776,0.9159886628876291,0.7973622171688194,0.9094780193323824,0.797091471497456
1.6,0.920973657885962,0.9098514987144513,0.9016338779593198,0.9179726575525176,0.7983448603655346,0.9110832755383343,0.7981034820053446
1.605,0.9213071023674558,0.9114426196786984,0.9029676558852952,0.9196565521840613,0.7993588787186655,0.9126660220699576,0.7991104450897679
1.61,0.9219739913304434,0.9129843414605008,0.9043014338112704,0.9209903301100366,0.800366555284862,0.9142264448422011,0.8001123859248556
1.615,0.9236412137379126,0.9145297348031611,0.9062854284761588,0.9226408802934312,0.8013585442728486,0.9157647310191285,0.8011093295591803
1.62,0.9263087695898633,0.9160390800937657,0.9076358786262088,0.9239913304434811,0.8023538710434333,0.9172810689402631,0.8021013009163853
1.625,0.9273091030343448,0.9175193866757714,0.9092864288096032,0.9253251083694565,0.803326500892356,0.9187756480478407,0.8030883247958059
1.6300000000000001,0.9283094364788262,0.9190367426446119,0.9109536512170724,0.9269756585528509,0.8042827756065499,0.9202486588149904,0.8040704258730906
1.635,0.9286428809603201,0.9204993589788528,0.9122874291430477,0.9283261087029009,0.8052724281467208,0.9217002926748533,0.8050476287008175
1.6400000000000001,0.9296432144048016,0.9219456201783647,0.9139713237745916,0.9299766588862954,0.8062277015261353,0.923130741950654,0.8060199577091081
1.645,0.930643547849283,0.9233528293214853,0.914971657219073,0.9309769923307769,0.8072060056054712,0.9245401997867359,0.8069874372062382
1.6500000000000001,0.9323107702567522,0.924785405612347,0.9166388796265422,0.9323274424808269,0.8081679545500806,0.9259288600805727,0.8079500913792459
1.655,0.9336445481827276,0.9261281955513363,0.9182894298099367,0.9339779926642214,0.8091228941512363,0.9272969174157665,0.8089079442945354
1.6600000000000001,0.9349783261087029,0.9274699841555457,0.919623207735912,0.9353117705901968,0.8100501301568326,0.9286445669960426,0.8098610198984795
1.665,0.9356452150716905,0.9287777273772606,0.920973657885962,0.9363287762587529,0.8109937212971546,0.9299720045802496,0.810809342018018
1.67,0.9373124374791597,0.9301048297380418,0.9219739913304434,0.9376458819606536,0.8119600093591413,0.9312794264183756,0.8117529343612532
1.675,0.9389796598866289,0.9314085676206381,0.9233077692564188,0.9389796598866289,0.8128972587125315,0.932567029188586,0.812691820518043
1.68,0.9399799933311104,0.9326825992381175,0.9246415471823941,0.9403134378126042,0.8138368445137373,0.9338350099352913,0.81362602396059
1.685,0.9413137712570857,0.9339412770556482,0.9262920973657887,0.9413137712570857,0.8147640805193322,0.9350835660082533,0.8145555680440291
1.69,0.9416472157385796,0.9351785930645544,0.9276425475158386,0.9423141047015672,0.8156769640597585,0.9363128950027311,0.8154804760070107
1.695,0.9436478826275425,0.9364112361778242,0.9286428809603201,0.9439813271090364,0.8165688195698185,0.9375231947006787,0.8164007709722821
1.7,0.9449816605535178,0.937636202391121,0.9302934311437147,0.9449816605535178,0.8174773639928682,0.938714663012992,0.8173164759472653
1.705,0.9463154384794932,0.9388134383132721,0.9312937645881961,0.9459819939979993,0.8184066026680227,0.9398874979228163,0.8182276138246325
1.71,0.9479826608869624,0.9399779906615522,0.9326442147382461,0.9469823274424808,0.8193021297389417,0.941041897429911,0.8191342073828779
1.715,0.9503167722574192,0.9411455470141701,0.9339779926642214,0.947999333111037,0.8202073363793925,0.9421780594960799,0.8200362792868878
1.72,0.9516505501833945,0.9422510206104724,0.9349783261087029,0.9493164388129376,0.8210911812112209,0.943296181991667,0.8209338520885068
1.725,0.9519839946648883,0.9433414741850871,0.9362954318106036,0.9503167722574192,0.8219887109516983,0.9443964626431184,0.8218269482271016
1.73,0.9529843281093698,0.9444452788900939,0.9372957652550851,0.9513337779259753,0.8228792313487214,0.9454790989816151,0.8227155900301222
1.735,0.9529843281093698,0.945508696425668,0.9383127709236412,0.9523174391463821,0.8237597383979517,0.9465442882927726,0.82359979971366
1.74,0.9529843281093698,0.9465754517438405,0.9393131043681227,0.9533177725908636,0.8246238903124524,0.947592227567412,0.8244795993830032
1.745,0.9539846615538513,0.9475774540796218,0.940646882294098,0.9543181060353451,0.8255321009572419,0.9486231134533987,0.8253550110331891
1.75,0.9546515505168389,0.948590137319715,0.9416472157385796,0.9549849949983328,0.8263772275109379,0.9496371422085492,0.8262260565495548
1.7550000000000001,0.9556518839613204,0.9495998165554703,0.942647549183061,0.9559853284428143,0.8272133420516204,0.9506345096546052,0.8270927577082836
1.76,0.9573191063687896,0.9505807908608844,0.9436478826275425,0.9569856618872957,0.8280801641922004,0.9516154111322704,0.8279551361769495
1.7650000000000001,0.9573191063687896,0.9515497491489483,0.944648216072024,0.9579859953317773,0.8289356378719488,0.952580041457311,0.8288132135150591
1.77,0.9579859953317773,0.9525100292022594,0.9456485495165055,0.9586528842947649,0.8297740888604515,0.9535285948777139,0.8296670111745905
1.7750000000000001,0.9583194398132711,0.9534632999121161,0.946648882960987,0.9596532177392464,0.8305898429272894,0.9544612650319013,0.83051655050053
1.78,0.9589863287762588,0.9543801887916591,0.9476492164054685,0.9606535511837279,0.8314192819027771,0.9553782449079958,0.8313618527314045
1.7850000000000001,0.9606535511837279,0.9553054221276971,0.9486328776258753,0.9613204401467156,0.8322704164651483,0.9562797268041342,0.8322029389998141
1.79,0.9609869956652217,0.9561936060769,0.9496498832944315,0.9619873291097032,0.8331168781318828,0.9571659022898227,0.8330398303329594
1.795,0.9616538846282094,0.9570831251391441,0.9506502167389129,0.9629876625541848,0.8339433131030322,0.9580369621683305,0.833872547653167
1.8,0.962320773591197,0.9579429379362709,0.9516505501833945,0.9639879959986662,0.8347747547480787,0.9588930964401139,0.8347011117784134
1.805,0.9633211070356785,0.9587803875899913,0.952650883627876,0.9646715571857285,0.8356011897192293,0.9597344942672679,0.8355255434228451
1.81,0.9636545515171724,0.9595994794394267,0.9533177725908636,0.9656552184061353,0.8364229517947429,0.9605613439389953,0.836345863197296
1.815,0.9646548849616539,0.9604252468540554,0.9543181060353451,0.966322107369123,0.83724037475288,0.961373832838091,0.837162091609803
1.82,0.966322107369123,0.9612590249469203,0.9549849949983328,0.9669889963321107,0.838063805719692,0.9621721474084295,0.8379742490661193
1.825,0.9673224408136045,0.9620383971834449,0.9559686562187396,0.9679893297765922,0.8388548601953066,0.9629564731234524,0.8387823558702232
1.83,0.968322774258086,0.9628007467287211,0.956652217405802,0.9686562187395799,0.8396629373621696,0.9637269944556455,0.8395864322248272
1.835,0.9689896632210737,0.9635617611609592,0.9576358786262088,0.9693231077025676,0.8404623362942795,0.9644838948469986,0.8403864982318819
1.84,0.9693231077025676,0.9643241107062376,0.9583194398132711,0.9699899966655552,0.8412647392307276,0.9652273566804396,0.8411825738930794
1.845,0.9706568856285428,0.9650514135342414,0.9593197732577526,0.9706568856285428,0.8420514545889685,0.9659575612522333,0.8419746791103522
1.85,0.9713237745915305,0.9657974079447913,0.9599866622207403,0.9713237745915305,0.8428168081385842,0.966674688745337,0.8427628336863724
1.855,0.9713237745915305,0.9665377281249263,0.9606535511837279,0.9719906635545181,0.8435995181577062,0.9673789182037031,0.8435470573250452
1.86,0.972324108036012,0.9672500109312393,0.9616538846282094,0.9726742247415805,0.8444196113419199,0.9680704275075186,0.8443273696320027
1.865,0.9733244414804935,0.9679559519506175,0.962320773591197,0.9736578859619873,0.845197648465405,0.9687493933493739,0.845103790115093
1.87,0.9736578859619873,0.9686311853700975,0.9633044348116039,0.9740080026675558,0.8459626682367585,0.9694159912113475,0.8458763381848686
1.875,0.9736578859619873,0.9693104241286953,0.9636545515171724,0.9746582194064688,0.8467553916036731,0.9700703953429989,0.8466450331550716
1.8800000000000001,0.974324774924975,0.9699409312613708,0.9643214404801601,0.9753251083694565,0.8475087291359369,0.97071277874026,0.8474098942431161
1.885,0.9753251083694565,0.9705784477374991,0.9653051017005669,0.9759919973324441,0.8482754177985921,0.9713433131252095,0.8481709405705694
1.8900000000000001,0.9756585528509503,0.9712199695527448,0.9659886628876292,0.9766588862954318,0.8490240824352202,0.9719621689267264,0.8489281911636292
1.895,0.9756585528509503,0.9717887277073651,0.9666555518506169,0.9769923307769256,0.8497637350588346,0.9725695152620052,0.8496816649535996
1.9000000000000001,0.9756585528509503,0.9723808503401674,0.9669889963321107,0.9776592197399133,0.8505033876824485,0.9731655199189251,0.8504313807773649
1.905,0.9759919973324441,0.9729839876555434,0.9679893297765922,0.9779926642214072,0.8512517185408164,0.9737503493392613,0.8511773573778596
1.9100000000000001,0.9759919973324441,0.973576444066607,0.968322774258086,0.9786595531843948,0.8519927062774676,0.9743241686027261,0.8519196134045376
1.915,0.9766588862954318,0.9741495413386047,0.9689896632210737,0.9790096698899633,0.8527417046923558,0.9748871414118279,0.852658167413838
1.92,0.9779926642214072,0.9746976052411213,0.9696565521840613,0.9796598866288763,0.8534543212769287,0.975439430077537,0.8533930378696498
1.925,0.9786595531843948,0.9752373246871433,0.9706402134044682,0.980326775591864,0.8542119979265688,0.975981195505747,0.8541242431437727
1.93,0.980326775591864,0.9757630254462564,0.9709903301100367,0.9809936645548516,0.854931957632857,0.9765125971845163,0.8548518015163763
1.935,0.9806602200733577,0.9762957355488224,0.9716572190730244,0.9813271090363455,0.8556392337652751,0.9770337931720826,0.855575731176458
1.94,0.9809936645548516,0.9768204349731553,0.9723074358119373,0.9819939979993331,0.856346843675953,0.977544940085632,0.856296050222297
1.945,0.9819939979993331,0.9773224374758237,0.9726408802934312,0.9820106702234077,0.8570617967083455,0.9780461930908174,0.8570127766619071
1.95,0.9823274424808269,0.9778157617437381,0.9729909969989997,0.9826608869623208,0.8577850941972318,0.9785377058920063,0.8577259284134864
1.955,0.9833277759253084,0.9783017428899381,0.9736578859619873,0.9829943314438147,0.858495040555728,0.9790196307232517,0.858435523305866
1.96,0.9833277759253084,0.9787920631535149,0.9739913304434812,0.9833277759253084,0.8592093260316006,0.9794921183399687,0.8591415790789549
1.965,0.98432810936979,0.979250674482415,0.9746582194064688,0.9839946648882961,0.8599279506248496,0.9799553180113086,0.8598441133841846
1.97,0.9846615538512837,0.9797036115809,0.9749916638879627,0.98432810936979,0.8606262147442539,0.9804093775132123,0.8605431437849491
1.975,0.9849949983327776,0.980130847753385,0.9756585528509503,0.9846615538512837,0.8613591918026723,0.9808544431221368,0.8612386877570448
1.98,0.9856618872957652,0.9805524096954533,0.9759919973324441,0.9853284428142715,0.8620604599264146,0.9812906596094351,0.8619307626891072
1.985,0.9859953317772591,0.9809809809809769,0.9766588862954318,0.9853284428142715,0.8627390311284934,0.9817181702363835,0.8626193858830458
1.99,0.9859953317772591,0.9813915282404746,0.9769923307769256,0.9856618872957652,0.8634206063349099,0.9821371167498377,0.8633045745544762
1.995,0.9866622207402468,0.98180474572605,0.9773257752584195,0.9859953317772591,0.8641005126500281,0.9825476393785078,0.8639863458331508
2.0,0.9873291097032344,0.9822209672159642,0.9779759919973325,0.9866622207402468,0.8647774149608092,0.982949876829839,0.8646647167633873
2.005,0.9879959986662221,0.9826131566711763,0.9783261087029009,0.9869956652217405,0.8654402985846795,0.9833439662874862,0.8653397043044941
2.0100000000000002,0.9886628876292097,0.9830210337045959,0.9786595531843948,0.9873291097032344,0.86614457071276,0.9837300434093658,0.8660113253311951
2.015,0.9886628876292097,0.9834025422554951,0.9789929976658887,0.9876625541847283,0.8667997774366581,0.9841082423262771,0.8666795966340506
2.02,0.9889963321107036,0.9837867210324727,0.9793264421473825,0.9879959986662221,0.8674813526430734,0.9844786956410768,0.8673445349198783
2.025,0.9889963321107036,0.984145866439968,0.9796598866288763,0.9883294431477159,0.8681302175800347,0.9848415344283958,0.8680061568121697
2.0300000000000002,0.9889963321107036,0.9845130225256968,0.980326775591864,0.9886628876292097,0.8687844229691507,0.9851968882348836,0.868664478851507
2.035,0.9896632210736912,0.9848825150592453,0.9806602200733577,0.9889963321107036,0.8694553172712564,0.9855448850799705,0.8693195174959749
2.04,0.9899966655551851,0.985235652458065,0.9813271090363455,0.9893297765921975,0.8701048497647363,0.9858856514571334,0.8699712891215741
2.045,0.9903301100366789,0.9855964667568577,0.9816605535178393,0.9896632210736912,0.8707283475539557,0.9862193123356504,0.8706198100226289
2.05,0.9903301100366789,0.9859205654470768,0.9819939979993331,0.9899966655551851,0.8713805502735142,0.9865459911628383,0.8712650964121957
2.055,0.9906635545181727,0.986247334363375,0.9823274424808269,0.9900133377792597,0.8720120587409675,0.9868658098667518,0.8719071644224681
2.06,0.9913304434811604,0.98656408993188,0.9826608869623208,0.9903467822607536,0.8726612574561874,0.98717888885934,0.8725460301051793
2.065,0.9913304434811604,0.9868858521742802,0.9829943314438147,0.9906635545181727,0.8732907632540831,0.9874853470400434,0.8731817094320049
2.07,0.9913304434811604,0.9871915930602126,0.9833277759253084,0.9909969989996665,0.8739272783954346,0.9877853017998203,0.8738142182949612
2.075,0.9916638879626543,0.9874986690591853,0.9839779926642215,0.9913304434811604,0.8745738068845769,0.9880788690255904,0.8744435725068028
2.08,0.9926642214071357,0.9877967330451439,0.9843114371457153,0.991347115705235,0.8752206691519796,0.9883661631050852,0.8750697878014175
2.085,0.9926642214071357,0.9880854512398296,0.98432810936979,0.9916638879626543,0.8758344873716661,0.9886472969320906,0.8756928798342206
2.09,0.9926642214071357,0.9883928610170625,0.9846615538512837,0.991997332444148,0.8764683322869391,0.9889223819120728,0.8763128641825452
2.095,0.9926642214071357,0.9886742360900342,0.9849949983327776,0.991997332444148,0.8770581184719234,0.9891915279681723,0.8769297563460323
2.1,0.9926642214071357,0.988957280054305,0.9853284428142715,0.9923307769256419,0.8776615895655582,0.9894548435475585,0.8775435717470181
2.105,0.9929976658886296,0.9892269728881865,0.9853284428142715,0.9926642214071357,0.8782533784201012,0.9897124356281312,0.8781543257309197
2.11,0.9929976658886296,0.989488321265574,0.9856618872957652,0.9929976658886296,0.8788591859615528,0.9899644097255562,0.8787620335666183
2.115,0.9929976658886296,0.9897563452081565,0.9859953317772591,0.9929976658886296,0.8794549801552132,0.990210869900628,0.8793667104468418
2.12,0.9929976658886296,0.9900096829073101,0.9863287762587529,0.9933311103701233,0.880027409870691,0.9904519187669439,0.8799683714885432
2.125,0.9929976658886296,0.9902693623933995,0.9866622207402468,0.9936645548516172,0.8806091853774412,0.9906876574988824,0.8805670317332803
2.13,0.9933311103701233,0.9905133543012798,0.9869956652217405,0.9936645548516172,0.8812146591406336,0.990918185839872,0.8811627061475904
2.1350000000000002,0.9933311103701233,0.9907456639700694,0.9869956652217405,0.9939979993331111,0.8818037777690988,0.9911436021109418,0.8817554096233646
2.14,0.9933311103701233,0.9909679602910665,0.9873291097032344,0.9939979993331111,0.8824079164192534,0.9913640032195423,0.8823451569782208
2.145,0.9933311103701233,0.9911869188294655,0.9873291097032344,0.9939979993331111,0.8829856865868859,0.9915794846686268,0.8829319629558736
2.15,0.9933311103701233,0.9913835142244618,0.9876625541847283,0.9943314438146049,0.8835978359152734,0.991790140565981,0.883515842226503
2.1550000000000002,0.9936645548516172,0.9915887878542115,0.9879959986662221,0.9943314438146049,0.8841766074176867,0.9919960636337949,0.8840968093871213
2.16,0.9936645548516172,0.9917867183622463,0.9883294431477159,0.9946648882960987,0.884739691341892,0.9921973452184614,0.8846748789619375
2.165,0.9936645548516172,0.9919879866528791,0.9883294431477159,0.9946648882960987,0.8853017739313181,0.9923940753005966,0.8852500654027212
2.17,0.9936645548516172,0.9921879198304724,0.9886628876292097,0.9949983327775925,0.8858695307511598,0.9925863425052701,0.8858223830891635
2.1750000000000003,0.9936645548516172,0.9923845152254683,0.9889963321107036,0.9949983327775925,0.8864503049231306,0.9927742341124338,0.8863918463292363
2.18,0.9939979993331111,0.9925817781769837,0.9893297765921975,0.9953317772590864,0.8870180617429705,0.992957836067545,0.8869584693595501
2.185,0.9946648882960987,0.9927716980067837,0.9896465488496166,0.9956652217405801,0.8875971670236429,0.9931372329923678,0.8875222663457104
2.19,0.9949983327775925,0.9929479329279349,0.9899966655551851,0.9956652217405801,0.888157580721769,0.9933125081959508,0.8880832513826711
2.195,0.9953317772590864,0.9931204962882283,0.9899966655551851,0.9956652217405801,0.8887256713198689,0.9934837436857653,0.8886414384950874
2.2,0.9953317772590864,0.9933087472267299,0.9903301100366789,0.995998666222074,0.8892887552440738,0.9936510201790003,0.8891968416376661
2.205,0.9953317772590864,0.9934712972392299,0.9903301100366789,0.995998666222074,0.8898418258204854,0.9938144171140035,0.8897494746955148
2.21,0.9953317772590864,0.9936338472517297,0.9906635545181727,0.995998666222074,0.8903962315099371,0.9939740126618601,0.8902993514844886
2.215,0.9953317772590864,0.9937983999337879,0.9906635545181727,0.9963321107035679,0.8909496358646085,0.9941298837381006,0.8908464857515359
2.22,0.9953317772590864,0.9939512703767541,0.9909969989996665,0.9963321107035679,0.891485683749772,0.9942821060145306,0.891390891175042
2.225,0.9956652217405801,0.9941111501631753,0.9909969989996665,0.9966655551850617,0.8920244018610137,0.9944307539311732,0.8919325813651707
2.23,0.9956652217405801,0.9942586801539862,0.9913304434811604,0.9966655551850617,0.8925971653547505,0.9945759007083178,0.8924715698642051
2.235,0.9956652217405801,0.9943911901231078,0.9916472157385796,0.9966655551850617,0.8931292079007984,0.994717618358665,0.8930078701468855
2.24,0.995998666222074,0.9945263703183072,0.9916638879626543,0.9969989996665555,0.8936729326859373,0.994855977699564,0.8935414956207473
2.245,0.995998666222074,0.994677905648235,0.9916638879626543,0.9969989996665555,0.8941796080842441,0.9949910483653304,0.8940724596264547
2.25,0.995998666222074,0.9948130858434351,0.991997332444148,0.9969989996665555,0.8947199950867848,0.9951228988196408,0.8946007754381357
2.255,0.995998666222074,0.994946263369076,0.9923307769256419,0.9973324441480493,0.8952370176111436,0.9952515963679961,0.8951264562637131
2.2600000000000002,0.995998666222074,0.9950781057816764,0.9923307769256419,0.9973324441480493,0.8957497010181251,0.9953772071702457,0.8956495152452351
2.265,0.995998666222074,0.995199267289965,0.9926642214071357,0.9973324441480493,0.8962583790859897,0.9954997962531662,0.896169965459203
2.27,0.9963321107035679,0.9953224314678126,0.9926642214071357,0.9976658886295432,0.8967827447320617,0.99561942752309,0.8966878199168998
2.275,0.9966655551850617,0.9954522712108558,0.9926642214071357,0.9976658886295432,0.8972850810129914,0.995736163778573,0.8972030915647136
2.2800000000000002,0.9966655551850617,0.9955754353887044,0.9929976658886296,0.9976658886295432,0.8977987657547521,0.9958500667231005,0.8977157932844626
2.285,0.9966655551850617,0.9956885862187602,0.9933311103701233,0.9976658886295432,0.8983157882791101,0.9959611969778205,0.8982259378937163
2.29,0.9969989996665555,0.9958074112792316,0.9933311103701233,0.9979993331110371,0.8988204610078568,0.9960696140943003,0.8987335381461166
2.295,0.9969989996665555,0.9959225647788443,0.9936645548516172,0.9979993331110371,0.8993261350713843,0.9961753765673022,0.8992386067316963
2.3000000000000003,0.9973324441480493,0.996033379161081,0.9936645548516172,0.9979993331110371,0.8998237984566765,0.9962785418475695,0.8997411562771963
2.305,0.9973324441480493,0.9961388530911619,0.9936645548516172,0.9979993331110371,0.9003304738549814,0.9963791663546189,0.9002411993463814
2.31,0.9976658886295432,0.9962306421125935,0.9939813271090364,0.9983327775925308,0.9008217954533394,0.9964773054895343,0.9007387484403544
2.315,0.9976658886295432,0.99634245782961,0.9939979993331111,0.9983327775925308,0.9013237979560081,0.9965730136477557,0.9012338159978684
2.32,0.9976658886295432,0.9964445939770943,0.9939979993331111,0.9983327775925308,0.9018027697587552,0.9966663442318595,0.9017264143956385
2.325,0.9976658886295432,0.996541723450682,0.9943314438146049,0.9983327775925308,0.9022964278049316,0.996757349664323,0.9022165559486499
2.33,0.9976658886295432,0.9966341800286328,0.9943314438146049,0.9986662220740247,0.9027600458077288,0.9968460814002702,0.9027042529104672
2.335,0.9976658886295432,0.9967222974892074,0.9943314438146049,0.9986662220740247,0.9032550389669436,0.996932589940195,0.9031895174735398
2.34,0.9976658886295432,0.9968174242932363,0.9946648882960987,0.9986662220740247,0.9037239974218971,0.9970169248426538,0.9036723617695069
2.345,0.9976658886295432,0.9968981986320966,0.9946648882960987,0.9986662220740247,0.9041999652203063,0.9970991347369268,0.9041527978695013
2.35,0.9976658886295432,0.9969716298492424,0.9946648882960987,0.9986662220740247,0.9047123148490287,0.9971792673356418,0.9046308377844504
2.355,0.9976658886295432,0.9970630850924143,0.9949983327775925,0.9986662220740247,0.9051922879865552,0.9972573694473564,0.9051064934653769
2.36,0.9976658886295432,0.9971365163095604,0.9949983327775925,0.9986662220740247,0.9056745975718984,0.9973334869890969,0.9055797768036976
2.365,0.9976658886295432,0.9972089461919262,0.9953317772590864,0.9989996665555185,0.9061512329268253,0.9974076649988448,0.9060506996315209
2.37,0.9976658886295432,0.9972757018438764,0.9953317772590864,0.9989996665555185,0.9066071740296492,0.9974799476479747,0.9065192737219415
2.375,0.9976658886295432,0.9973498006175417,0.9953317772590864,0.9989996665555185,0.9070564395672772,0.9975503782536324,0.9069855107893365
2.38,0.9976658886295432,0.9974182251607911,0.9953317772590864,0.9989996665555185,0.9075347438135036,0.9976189992910559,0.9074494224896568
2.3850000000000002,0.9976658886295432,0.99748731726056,0.9956652217405801,0.9989996665555185,0.9080153845075494,0.9976858524058317,0.9079110204207188
2.39,0.9976658886295432,0.9975577444733683,0.9956652217405801,0.9989996665555185,0.9084866794103209,0.997750978426086,0.9083703161224952
2.395,0.9976658886295432,0.9976285054644363,0.9956652217405801,0.9993331110370124,0.9089406178435848,0.9978144173746053,0.9088273210774022
2.4,0.9976658886295432,0.9976939260033478,0.9956652217405801,0.9993331110370124,0.9093808713681995,0.9978762084808865,0.9092820467105875
2.4050000000000002,0.9976658886295432,0.9977473305249084,0.995998666222074,0.9993331110370124,0.909848828488375,0.9979363901931103,0.9097345043902157
2.41,0.9979993331110371,0.9978097470594826,0.995998666222074,0.9993331110370124,0.9103010980303409,0.9979950001900375,0.9101847054277523
2.415,0.9979993331110371,0.9978714960375373,0.995998666222074,0.9993331110370124,0.910753701350566,0.9980520753928251,0.9106326610782468
2.42,0.9983327775925308,0.9979325774590724,0.995998666222074,0.9993331110370124,0.9112360109359106,0.9981076519767592,0.9110783825406137
2.4250000000000003,0.9983327775925308,0.9979886522067114,0.995998666222074,0.9993331110370124,0.9116719253431497,0.9981617653829022,0.9115218809579128
2.43,0.9986662220740247,0.9980450607326098,0.9963321107035679,0.9993331110370124,0.9121101761982071,0.9982144503296534,0.9119631674176274
2.435,0.9986662220740247,0.9981011354802485,0.9963321107035679,0.9993331110370124,0.9125564377314984,0.9982657408242188,0.9124022529519423
2.44,0.9986662220740247,0.9981578777844066,0.9963321107035679,0.9993331110370124,0.9129960236995932,0.9983156701739905,0.9128391485380187
2.445,0.9989996665555185,0.9982119498624867,0.9963321107035679,0.9993331110370124,0.9133985602808558,0.9983642709978306,0.9132738650982688
2.45,0.9989996665555185,0.9982643530492683,0.9966655551850617,0.9996665555185061,0.9138288004576774,0.9984115752372614,0.9137064135006295
2.455,0.9989996665555185,0.9983087455578157,0.9966655551850617,0.9996665555185061,0.9142560366301619,0.9984576141675565,0.9141368045588332
2.46,0.9993331110370124,0.9983641527489349,0.9966655551850617,0.9996665555185061,0.9146759296809326,0.9985024184087347,0.9145650490326788
2.465,0.9993331110370124,0.998404873696625,0.9969989996665555,0.9996665555185061,0.9151011631838581,0.9985460179364513,0.9149911576283004
2.47,0.9993331110370124,0.9984509350964712,0.9969989996665555,0.9996665555185061,0.9155230589041872,0.9985884420927894,0.9154151409984354
2.475,0.9993331110370124,0.998496328939798,0.9969989996665555,0.9996665555185061,0.9159232590376317,0.998629719596947,0.9158370097426897
2.48,0.9993331110370124,0.9985377174440075,0.9969989996665555,0.9996665555185061,0.9163401480840635,0.9986698785558183,0.9162567744078041
2.485,0.9993331110370124,0.9985824437308146,0.9969989996665555,0.9996665555185061,0.9167380117696892,0.9987089464744717,0.916674445487917
2.49,0.9993331110370124,0.9986265024611022,0.9973324441480493,0.9996665555185061,0.9171562359291602,0.9987469502665179,0.9170900334248273
2.495,0.9993331110370124,0.998669226078351,0.9973324441480493,0.9996665555185061,0.9175764627581892,0.9987839162643725,0.917503548608255
2.5,0.9993331110370124,0.9987089456912615,0.9973324441480493,0.9996665555185061,0.9179913491350632,0.9988198702294078,0.9179150013761012
2.505,0.9993331110370124,0.9987439924085357,0.9973324441480493,0.9996665555185061,0.9184079044032346,0.9988548373619962,0.9183244020147066
2.5100000000000002,0.9993331110370124,0.998775033786693,0.9973324441480493,1.0,0.918832470349641,0.9988888423114423,0.9187317607591083
2.515,0.9993331110370124,0.9988120831735259,0.9973324441480493,1.0,0.9192383447135009,0.998921909185803,0.9191370877932963
2.52,0.9993331110370124,0.9988477974473198,0.9976658886295432,1.0,0.919640213738245,0.9989540615615979,0.9195403932504675
2.525,0.9993331110370124,0.9988744997081003,0.9976658886295432,1.0,0.9200377436456115,0.9989853224934041,0.9199416872132795
2.5300000000000002,0.9993331110370124,0.9989095464253747,0.9976658886295432,1.0,0.9204446193442526,0.9990157145233405,0.920340979714102
2.535,0.9996665555185061,0.9989399202470125,0.9976658886295432,1.0,0.9208314683473074,0.999045259690438,0.9207382807352684
2.54,0.9996665555185061,0.9989676238425724,0.9976658886295432,1.0,0.921224992915558,0.9990739795398951,0.9211336002093251
2.545,0.9996665555185061,0.9990000003337687,0.9976658886295432,1.0,0.9216161810359894,0.9991018951322205,0.9215269480192793
2.5500000000000003,0.9996665555185061,0.9990267025945493,0.9976658886295432,1.0,0.9220200527302916,0.9991290270522605,0.9219183339988468
2.555,1.0,0.9990577439727066,0.9979826608869624,1.0,0.9223992248333723,0.9991553954181126,0.9223077679326976
2.56,1.0,0.9990847800117468,0.9979993331110371,1.0,0.9227617080234638,0.9991810198899245,0.9226952595567003
2.565,1.0,0.9991148200551246,0.9979993331110371,1.0,0.9231572352612712,0.9992059196785773,0.9230808185581655
2.57,1.0,0.9991325103028917,0.9979993331110371,1.0,0.923552428720819,0.999230113554256,0.9234644545760885
2.575,1.0,0.9991615490114903,0.9979993331110371,1.0,0.9239299319325985,0.9992536198549038,0.9238461772013897
2.58,1.0,0.9991875837157514,0.9979993331110371,1.0,0.9243214538312898,0.9992764564945624,0.9242259959771545
2.585,1.0,0.9992122833069733,0.9979993331110371,1.0,0.924687942360499,0.9992986409715986,0.9246039203988723
2.59,1.0,0.9992339788938576,0.9979993331110371,1.0,0.9250871411591631,0.9993201903768155,0.9249799599146731
2.595,1.0,0.99925801092856,0.9979993331110371,1.0,0.9254786630578546,0.9993411214014513,0.9253541239255645
2.6,1.0,0.9992823767415222,0.9983327775925308,1.0,0.9258598378304935,0.9993614503450633,0.9257264217856661
2.605,1.0,0.9993007345458089,0.9983327775925308,1.0,0.9262309992553408,0.9993811931232999,0.9260968628024441
2.61,1.0,0.9993194261283552,0.9983327775925308,1.0,0.9265904784410944,0.9994003652755584,0.9264654562369429
2.615,1.0,0.9993371163761224,0.9983327775925308,1.0,0.9269743234398105,0.9994189819725319,0.9268322113040178
2.62,1.0,0.9993591457412664,0.9983327775925308,1.0,0.9273404781907603,0.9994370580236428,0.9271971371725645
2.625,1.0,0.9993771697672932,0.9983327775925308,1.0,0.9277116396156069,0.9994546078843661,0.9275602429657486
2.63,1.0,0.9993955275715798,0.9983327775925308,1.0,0.9280891428273887,0.9994716456634417,0.9279215377612339
2.6350000000000002,1.0,0.9994108813715286,0.9983327775925308,1.0,0.9284626407000525,0.9994881851299751,0.9282810305914092
2.64,1.0,0.9994265689497372,0.9983327775925308,1.0,0.9288204509945089,0.9995042397204301,0.9286387304436139
2.645,1.0,0.9994459280888032,0.9983327775925308,1.0,0.9291622399324969,0.9995198225455121,0.928994646260363
2.65,1.0,0.9994632845583105,0.9983327775925308,1.0,0.929521719118252,0.999534946396942,0.9293487869395705
2.6550000000000002,1.0,0.9994766356887008,0.9983327775925308,1.0,0.9298738551822919,0.9995496237541236,0.9297011613347715
2.66,1.0,0.9994933246016887,0.9983327775925308,1.0,0.9302597028505678,0.999563866790704,0.9300517782553447
2.665,1.0,0.9995090121798972,0.9986662220740247,1.0,0.9306198495928417,0.9995776873810266,0.9304006464667309
2.67,1.0,0.9995260348711448,0.9986662220740247,1.0,0.9309729869916604,0.999591097106481,0.9307477746906541
2.6750000000000003,1.0,0.9995377171102363,0.9986662220740247,1.0,0.9313264581687394,0.9996041072617461,0.9310931716053374
2.68,1.0,0.999551735797146,0.9986662220740247,1.0,0.9316635742110912,0.9996167288609308,0.9314368458457221
2.685,1.0,0.9995664220405753,0.9986662220740247,1.0,0.9319960173578061,0.9996289726436114,0.9317788060036819
2.69,1.0,0.9995824433970437,0.9986662220740247,1.0,0.93231611070891,0.9996408490807672,0.9321190606282386
2.695,1.0,0.9995941256361353,0.9986662220740247,1.0,0.9326609036512352,0.9996523683806149,0.9324576182257754
2.7,1.0,0.9996078105447852,0.9986662220740247,1.0,0.9329873387892743,0.9996635404943427,0.9327944872602503
2.705,1.0,0.9996198265621364,0.9986662220740247,1.0,0.9333304628403003,0.9996743751217457,0.9331296761534063
2.71,1.0,0.9996311750229683,0.9986662220740247,1.0,0.9336692477739494,0.9996848817167625,0.9334631932849832
2.715,1.0,0.9996445261533584,0.9986662220740247,1.0,0.9340016909206627,0.9996950694929142,0.9337950469929268
2.72,1.0,0.9996542057228914,0.9986662220740247,1.0,0.9343157762630909,0.999704947428648,0.9341252455735971
2.725,1.0,0.9996632177359049,0.9986662220740247,1.0,0.9346372047272333,0.9997145242725852,0.9344537972819756
2.73,1.0,0.9996782377575939,0.9989996665555185,1.0,0.9349843341173776,0.9997238085486735,0.9347807103318725
2.735,1.0,0.9996899199966855,0.9989996665555185,1.0,0.9353141070380148,0.9997328085612485,0.9351059928961307
2.74,1.0,0.9997012684575172,0.9989996665555185,1.0,0.9356405421760536,0.9997415324000001,0.9354296531068316
2.745,1.0,0.9997099466922709,0.9989996665555185,1.0,0.9359779919966635,0.9997499879448503,0.9357516990554969
2.75,1.0,0.9997196262618039,0.9989996665555185,1.0,0.9362927448956109,0.9997581828707384,0.9360721387932924
2.755,1.0,0.9997283044965576,0.9989996665555185,1.0,0.9366141733597537,0.999766124652319,0.9363909803312283
2.7600000000000002,1.0,0.9997393191791296,0.9989996665555185,1.0,0.9369242533630641,0.9997738205685704,0.9367082316403593
2.765,1.0,0.9997449934095455,0.9989996665555185,1.0,0.937236336035934,0.9997812777073171,0.9370239006519849
2.77,1.0,0.9997536716442991,0.9989996665555185,1.0,0.9375440795914272,0.9997885029696651,0.9373379952578469
2.775,1.0,0.9997623498790528,0.9989996665555185,1.0,0.9378368031252315,0.9997955030743542,0.9376505233103266
2.7800000000000002,1.0,0.9997696930007675,0.9989996665555185,1.0,0.9381512222459191,0.9998022845620239,0.9379614926226417
2.785,1.0,0.9997760347877028,0.9989996665555185,1.0,0.9384653075883479,0.9998088537993991,0.9382709109690412
2.79,1.0,0.9997817090181187,0.9989996665555185,1.0,0.938789406278569,0.9998152169833927,0.9385787860849999
2.795,1.0,0.9997903872528724,0.9989996665555185,1.0,0.9390871364862693,0.9998213801451278,0.9388851256674117
2.8000000000000003,1.0,0.9998014019354442,0.9989996665555185,1.0,0.9393888720330871,0.9998273491538807,0.9391899373747821
2.805,1.0,0.9998067423876005,0.9989996665555185,1.0,0.9397009547059572,0.999833129720946,0.9394932288274196
2.81,1.0,0.9998137517310554,0.9989996665555185,1.0,0.9400023564745151,0.9998387274034227,0.9397950076076265
2.815,1.0,0.999819759739731,0.9989996665555185,1.0,0.9402907408909422,0.999844147607927,0.9400952812598878
2.82,1.0,0.9998251001918872,0.9993331110370124,1.0,0.940589806211681,0.999849395594226,0.9403940572910606
2.825,1.0,0.9998297730875237,0.9993331110370124,1.0,0.9408745190672504,0.999854476478802,0.9406913431705612
2.83,1.0,0.9998361148744591,0.9993331110370124,1.0,0.9411655737097558,0.9998593952383398,0.9409871463305521
2.835,1.0,0.9998447931092128,0.9993331110370124,1.0,0.941459632356599,0.9998641567131445,0.9412814741661277
2.84,1.0,0.9998491322265897,0.9993331110370124,1.0,0.9417576963425588,0.9998687656104881,0.9415743340354992
2.845,1.0,0.9998548064570055,0.9993331110370124,1.0,0.9420600994458954,0.9998732265078856,0.9418657332601785
2.85,1.0,0.9998598131309019,0.9993331110370124,1.0,0.942359832323154,0.9998775438563031,0.9421556791251615
2.855,1.0,0.9998631509134994,0.9993331110370124,1.0,0.9426492180743602,0.9998817219832989,0.9424441788791099
2.86,1.0,0.9998688251439154,0.9993331110370124,1.0,0.942948617173359,0.9998857650960968,0.9427312397345327
2.865,1.0,0.9998721629265129,0.9993331110370124,1.0,0.9432223153463565,0.9998896772845945,0.943016868867966
2.87,1.0,0.9998751669308508,0.9993331110370124,1.0,0.9435060268671469,0.9998934625243083,0.9433010734201531
2.875,1.0,0.9998788384917081,0.9993331110370124,1.0,0.9437817277097029,0.9998971246792534,0.9435838604962227
2.88,1.0,0.9998825100525655,0.9993331110370124,1.0,0.9440540907696622,0.9999006675047621,0.9438652371658662
2.8850000000000002,1.0,0.9998851802786435,0.9993331110370124,1.0,0.9443398049600115,0.9999040946502417,0.9441452104635154
2.89,1.0,0.9998875167264618,0.9993331110370124,1.0,0.94461116668519,0.9999074096618702,0.944423787388517
2.895,1.0,0.9998918558438387,0.9993331110370124,1.0,0.9448778555147327,0.9999106159852349,0.9447009749053086
2.9,1.0,0.999894192291657,0.9993331110370124,1.0,0.9451538901355482,0.9999137169679112,0.9449767799435927
2.9050000000000002,1.0,0.9998978638525142,0.9993331110370124,1.0,0.9454329287607022,0.9999167158619847,0.9452512093985097
2.91,1.0,0.9999035380829301,0.9993331110370124,1.0,0.9456999513685055,0.9999196158265174,0.9455242701308102
2.915,1.0,0.9999075434220471,0.9993331110370124,1.0,0.9459776548806207,0.9999224199299577,0.9457959689670266
2.92,1.0,0.9999095460916058,0.9993331110370124,1.0,0.9462530219449174,0.9999251311524968,0.946066312699644
2.9250000000000003,1.0,0.999913217652463,0.9993331110370124,1.0,0.9465160392136033,0.9999277523883722,0.9463353080872698
2.93,1.0,0.9999155541002813,0.9993331110370124,1.0,0.9467690431344963,0.9999302864481172,0.9466029618548029
2.935,1.0,0.999918891882879,0.9993331110370124,1.0,0.9470333955162226,0.999932736060761,0.9468692806936012
2.94,1.0,0.9999198932176582,0.9993331110370124,1.0,0.9473084288022602,0.999935103875977,0.9471342712616496
2.945,1.0,0.9999235647785155,0.9996665555185061,1.0,0.9475764527448427,0.9999373924661813,0.9473979401837261
2.95,1.0,0.9999259012263338,0.9996665555185061,1.0,0.9478341295613728,0.9999396043285839,0.9476602940515676
2.955,1.0,0.9999272363393729,0.9996665555185061,1.0,0.9480864659257474,0.999941741887191,0.9479213394240343
2.96,1.0,0.9999302403437107,0.9996665555185061,1.0,0.9483401374031603,0.9999438074947606,0.9481810828272742
2.965,1.0,0.9999335781263082,0.9996665555185061,1.0,0.948611165350081,0.9999458034347132,0.9484395307548859
2.97,1.0,0.9999359145741266,0.9996665555185061,1.0,0.9488775204013652,0.9999477319229956,0.9486966896680809
2.975,1.0,0.9999379172436851,0.9996665555185061,1.0,0.9491215123092447,0.9999495951099019,0.9489525659958457
2.98,1.0,0.9999389185784644,0.9996665555185061,1.0,0.949362166434526,0.9999513950818513,0.9492071661351015
2.985,1.0,0.9999399199132437,0.9996665555185061,1.0,0.9496165054684581,0.999953133863122,0.9494604964508653
2.99,1.0,0.9999419225828022,0.9996665555185061,1.0,0.9498621662676361,0.9999548134175448,0.9497125632764082
2.995,1.0,0.9999445928088803,0.9996665555185061,1.0,0.9501168390798281,0.9999564356501548,0.9499633729134137
3.0,1.0,0.9999455941436596,0.9996665555185061,1.0,0.9503721794485404,0.9999580024088045,0.950212931632136
3.005,1.0,0.9999465954784389,0.9996665555185061,1.0,0.9506368656085249,0.9999595154857361,0.9504612456715561
3.0100000000000002,1.0,0.9999495994827766,0.9996665555185061,1.0,0.9509005504337302,0.9999609766191161,0.9507083212395379
3.015,1.0,0.9999506008175558,0.9996665555185061,1.0,0.9511485476807268,0.9999623874945325,0.9509541645129833
3.02,1.0,0.9999512683740754,0.9996665555185061,1.0,0.951407559610295,0.9999637497464544,0.951198781637987
3.025,1.0,0.999951935930595,0.9996665555185061,1.0,0.9516458772877593,0.9999650649596564,0.95144217872999
3.0300000000000002,1.0,0.9999556074914523,0.9996665555185061,1.0,0.951878186956547,0.999966334670607,0.9516843618739322
3.035,1.0,0.9999569426044912,0.9996665555185061,1.0,0.9521161708557508,0.9999675603688222,0.9519253371244049
3.04,1.0,0.9999589452740499,0.9996665555185061,1.0,0.95235982898537,0.9999687434981852,0.9521651105058017
3.045,1.0,0.9999609479436083,0.9996665555185061,1.0,0.9526031533367295,0.9999698854582347,0.9524036880124697
3.0500000000000003,1.0,0.9999619492783877,0.9996665555185061,1.0,0.9528434736837531,0.9999709876054175,0.9526410756088591
3.055,1.0,0.9999639519479462,0.9996665555185061,1.0,0.9530597619960731,0.9999720512543118,0.9528772792296721
3.06,1.0,0.9999646195044657,0.9996665555185061,1.0,0.9532880663257443,0.9999730776788186,0.9531123047800115
3.065,1.0,0.9999662883957645,0.9996665555185061,1.0,0.9535227124423511,0.9999740681133229,0.9533461581355284
3.0700000000000003,1.0,0.9999672897305438,0.9996665555185061,1.0,0.9537476789894247,0.9999750237538243,0.9535788451425687
3.075,1.0,0.999968291065323,0.9996665555185061,1.0,0.953945943275718,0.9999759457590397,0.9538103716183199
3.08,1.0,0.9999712950696609,0.9996665555185061,1.0,0.9541862636227405,0.9999768352514764,0.9540407433509558
3.085,1.0,0.9999712950696609,0.9996665555185061,1.0,0.9544092275002559,0.9999776933184787,0.9542699660997818
3.09,1.0,0.9999726301826999,0.9996665555185061,1.0,0.9546288535951741,0.9999785210132454,0.9544980455953784
3.095,1.0,0.9999732977392194,0.9996665555185061,1.0,0.9548568241465861,0.9999793193558224,0.9547249875397451
3.1,1.0,0.9999742990739986,0.9996665555185061,1.0,0.9550884662588555,0.9999800893340687,0.9549507976064422
3.105,1.0,0.9999746328522584,0.9996665555185061,1.0,0.9553074247972535,0.9999808319045962,0.9551754814407332
3.11,1.0,0.9999756341870377,0.9996665555185061,1.0,0.955549747813835,0.9999815479936861,0.9553990446597255
3.115,1.0,0.9999763017435572,0.9996665555185061,1.0,0.9557740468043898,0.9999822384981798,0.9556214928525113
3.12,1.0,0.9999763017435572,0.9996665555185061,1.0,0.9559863297775931,0.9999829042863467,0.9558428315803071
3.125,1.0,0.9999769693000767,0.9996665555185061,1.0,0.9562132989942256,0.9999835461987286,0.9560630663765926
3.13,1.0,0.9999776368565962,0.9996665555185061,1.0,0.9564252481891695,0.9999841650489613,0.9562822027472491
3.1350000000000002,1.0,0.999979305747895,0.9996665555185061,1.0,0.956629854262399,0.9999847616245742,0.9565002461706973
3.14,1.0,0.9999806408609341,0.9996665555185061,1.0,0.9568568234790317,0.9999853366877692,0.9567172020980341
3.145,1.0,0.9999806408609341,0.9996665555185061,1.0,0.957085461586963,0.9999858909761772,0.9569330759531691
3.15,1.0,0.9999809746391938,0.9996665555185061,1.0,0.9572894001036734,0.9999864252035937,0.9571478731329598
3.1550000000000002,1.0,0.9999819759739731,0.9996665555185061,1.0,0.957496342624721,0.9999869400606968,0.957361599007347
3.16,1.0,0.9999829773087523,0.9996665555185061,1.0,0.9576952744675346,0.9999874362157424,0.9575742589194887
3.165,1.0,0.9999839786435316,0.9996665555185061,1.0,0.9579138992276738,0.9999879143152428,0.9577858581858936
3.17,1.0,0.9999846462000511,0.9996665555185061,1.0,0.9581335253225913,0.999988374984625,0.9579964020965545
3.1750000000000003,1.0,0.9999856475348304,0.9996665555185061,1.0,0.9583498136349116,0.9999888188288718,0.9582058959150801
3.18,1.0,0.9999859813130901,0.9996665555185061,1.0,0.9585567561559586,0.999989246433144,0.9584143448788268
3.185,1.0,0.9999866488696096,0.9996665555185061,1.0,0.9587733782465393,0.999989658363387,0.9586217541990296
3.19,1.0,0.9999869826478694,0.9996665555185061,1.0,0.9589753140936904,0.9999900551669184,0.9588281290609323
3.1950000000000003,1.0,0.999987650204389,0.9996665555185061,1.0,0.9591795863886593,0.9999904373730005,0.9590334746239171
3.2,1.0,0.999988985317428,0.9996665555185061,1.0,0.9593861951314466,0.9999908054933966,0.9592377960216338
3.205,1.0,0.9999896528739475,0.9996665555185061,1.0,0.9595894660916353,0.9999911600229109,0.959441098362128
3.21,1.0,0.9999896528739475,0.9996665555185061,1.0,0.9598020828430981,0.9999915014399137,0.9596433867279689
3.215,1.0,0.9999899866522073,0.9996665555185061,1.0,0.9599956742337545,0.9999918302068518,0.959844666176376
3.22,1.0,0.999990320430467,0.9996665555185061,1.0,0.960193270963528,0.9999921467707434,0.9600449417393461
3.225,1.0,0.999990320430467,0.9996665555185061,1.0,0.9603918690280813,0.9999924515636602,0.9602442184237787
3.23,1.0,0.9999906542087268,0.9996665555185061,1.0,0.960597476436089,0.9999927450031947,0.9604425012116012
3.235,1.0,0.9999909879869865,0.9996665555185061,1.0,0.960793738052824,0.999993027492914,0.9606397950598938
3.24,1.0,0.9999913217652463,0.9996665555185061,1.0,0.9609899996695586,0.9999932994228019,0.9608361049010129
3.245,1.0,0.9999913217652463,0.9996665555185061,1.0,0.9611842586167352,0.9999935611696859,0.9610314356427148
3.25,1.0,0.999991655543506,0.9999833277759254,1.0,0.9613901998030027,0.9999938130976539,0.961225792168278
3.255,1.0,0.9999919893217658,1.0,1.0,0.96158245608062,0.9999940555584574,0.961419179336626
3.2600000000000002,1.0,0.9999919893217658,1.0,1.0,0.9617690381278222,0.9999942888919041,0.961611601982448
3.265,1.0,0.9999923231000256,1.0,1.0,0.961967636192375,0.9999945134262374,0.9618030649163201
3.27,1.0,0.9999929906565451,1.0,1.0,0.9621752462699412,0.9999947294785063,0.9619935729248257
3.275,1.0,0.9999933244348048,1.0,1.0,0.9623665012127802,0.9999949373549236,0.962183130770675
3.2800000000000002,1.0,0.9999933244348048,1.0,1.0,0.9625590912686585,0.9999951373512138,0.9623717431928238
3.285,1.0,0.9999939919913243,1.0,1.0,0.9627426693115229,0.99999532975295,0.9625594149065927
3.29,1.0,0.9999939919913243,1.0,1.0,0.9629342580326209,0.9999955148358819,0.9627461506037842
3.295,1.0,0.9999943257695841,1.0,1.0,0.963105152501615,0.999995692866253,0.9629319549528005
3.3000000000000003,1.0,0.9999943257695841,1.0,1.0,0.9632843914271024,0.999995864101109,0.96311683259876
3.305,1.0,0.9999946595478438,1.0,1.0,0.9634546183395771,0.9999960287885963,0.9633007881636134
3.31,1.0,0.9999953271043633,1.0,1.0,0.9636428692780782,0.9999961871682522,0.9634838262462596
3.315,1.0,0.9999953271043633,1.0,1.0,0.9638364606687356,0.999996339471286,0.96366595142266
3.3200000000000003,1.0,0.9999956608826231,1.0,1.0,0.9640227089376784,0.9999964859208511,0.9638471682459536
3.325,1.0,0.9999963284391427,1.0,1.0,0.9642056194240239,0.9999966267323097,0.9640274812465703
3.33,1.0,0.9999966622174025,1.0,1.0,0.9643811867886546,0.9999967621134892,0.9642068949323447
3.335,1.0,0.9999969959956622,1.0,1.0,0.9645497448098307,0.9999968922649302,0.9643854137886282
3.34,1.0,0.9999969959956622,1.0,1.0,0.964742001087449,0.9999970173801274,0.9645630422784014
3.345,1.0,0.9999969959956622,1.0,1.0,0.9649322546955094,0.999997137645763,0.9647397848423859
3.35,1.0,0.999997329773922,1.0,1.0,0.9651031491645032,0.9999972532419332,0.964915645899155
3.355,1.0,0.999997329773922,1.0,1.0,0.9652717071856795,0.9999973643423672,0.9650906298452442
3.36,1.0,0.999997329773922,1.0,1.0,0.9654432692111933,0.9999974711146393,0.9652647410552614
3.365,1.0,0.999997329773922,1.0,1.0,0.9656098245628106,0.9999975737203753,0.9654379838819959
3.37,1.0,0.999997329773922,1.0,1.0,0.9657837230361429,0.9999976723154513,0.9656103626565273
3.375,1.0,0.999997329773922,1.0,1.0,0.9659569539529557,0.9999977670501877,0.965781881688334
3.38,1.0,0.9999976635521817,1.0,1.0,0.9661161661828587,0.999997858069535,0.9659525452654006
3.3850000000000002,1.0,0.9999979973304415,1.0,1.0,0.9662890633214112,0.9999979455132565,0.9661223576543256
3.39,1.0,0.9999979973304415,1.0,1.0,0.9664539497817294,0.999998029516103,0.9662913231004276
3.395,1.0,0.9999979973304415,1.0,1.0,0.9666305184811389,0.9999981102079825,0.9664594458278514
3.4,1.0,0.9999979973304415,1.0,1.0,0.9667990765023143,0.9999981877141255,0.9666267300396739
3.4050000000000002,1.0,0.9999983311087012,1.0,1.0,0.9669482753844238,0.9999982621552443,0.9667931799180093
3.41,1.0,0.9999983311087012,1.0,1.0,0.9671151645143011,0.9999983336476866,0.966958799624113
3.415,1.0,0.9999983311087012,1.0,1.0,0.967267033622489,0.9999984023035855,0.9671235932984865
3.42,1.0,0.9999983311087012,1.0,1.0,0.9674232418480535,0.9999984682310038,0.9672875650609802
3.4250000000000003,1.0,0.9999983311087012,1.0,1.0,0.9675827878562155,0.9999985315340739,0.9674507190108966
3.43,1.0,0.9999983311087012,1.0,1.0,0.9677463392034947,0.9999985923131334,0.967613059227093
3.435,1.0,0.9999983311087012,1.0,1.0,0.9679042163203572,0.999998650664856,0.9677745897680832
3.44,1.0,0.9999983311087012,1.0,1.0,0.9680630947719995,0.9999987066823784,0.9679353146721392
3.4450000000000003,1.0,0.9999983311087012,1.0,1.0,0.9682193029975644,0.999998760455423,0.968095237957392
3.45,1.0,0.9999983311087012,1.0,1.0,0.9683815192318045,0.9999988120704164,0.9682543636219321
3.455,1.0,0.9999983311087012,1.0,1.0,0.9685450705790835,0.9999988616106044,0.9684126956439092
3.46,1.0,0.9999983311087012,1.0,1.0,0.9687049503655047,0.9999989091561631,0.9685702379816323
3.465,1.0,0.9999983311087012,1.0,1.0,0.968867834156264,0.9999989547843062,0.968726994573668
3.47,1.0,0.9999983311087012,1.0,1.0,0.9690113588079571,0.9999989985693891,0.9688829693389391
3.475,1.0,0.9999983311087012,1.0,1.0,0.9691765790465345,0.9999990405830091,0.9690381661768231
3.48,1.0,0.9999983311087012,1.0,1.0,0.9693371263894754,0.9999990808941032,0.9691925889672489
3.485,1.0,0.9999983311087012,1.0,1.0,0.9694899968324422,0.9999991195690404,0.9693462415707943
3.49,1.0,0.9999983311087012,1.0,1.0,0.9696248432493824,0.9999991566717147,0.9694991278287826
3.495,1.0,0.9999983311087012,1.0,1.0,0.9697663652315179,0.9999991922636315,0.9696512515633778
3.5,1.0,0.9999983311087012,1.0,1.0,0.9699112249962512,0.999999226403993,0.9698026165776815
3.505,1.0,0.9999983311087012,1.0,1.0,0.9700604238783601,0.9999992591497794,0.9699532266558268
3.5100000000000002,1.0,0.9999983311087012,1.0,1.0,0.970201612082236,0.9999992905558295,0.9701030855630737
3.515,1.0,0.9999983311087012,1.0,1.0,0.9703558176382424,0.9999993206749164,0.9702521970459025
3.52,1.0,0.999998664886961,1.0,1.0,0.9704946693943003,0.9999993495578217,0.970400564832108
3.525,1.0,0.999998664886961,1.0,1.0,0.9706311847025385,0.9999993772534068,0.9705481926308928
3.5300000000000002,1.0,0.999998664886961,1.0,1.0,0.9707787146933496,0.9999994038086827,0.9706950841329592
3.535,1.0,0.999998664886961,1.0,1.0,0.9709446024884469,0.999999429268876,0.9708412430106028
3.54,1.0,0.999998664886961,1.0,1.0,0.9710928000357767,0.9999994536774938,0.9709866729178029
3.545,1.0,0.9999989986652207,1.0,1.0,0.9712353233526914,0.999999477076386,0.9711313774903149
3.5500000000000003,1.0,0.9999989986652207,1.0,1.0,0.9713798493391649,0.9999994995058051,0.9712753603457606
3.555,1.0,0.9999989986652207,1.0,1.0,0.9715327197821322,0.9999995210044648,0.9714186250837188
3.56,1.0,0.9999989986652207,1.0,1.0,0.9716689013121117,0.9999995416095954,0.9715611752858155
3.565,1.0,0.9999989986652207,1.0,1.0,0.9718110908507664,0.9999995613569986,0.9717030145158132
3.5700000000000003,1.0,0.9999989986652207,1.0,1.0,0.9719476061590056,0.9999995802810998,0.9718441463197
3.575,1.0,0.9999989986652207,1.0,1.0,0.9720877930281016,0.999999598414998,0.9719845742257782
3.58,1.0,0.9999989986652207,1.0,1.0,0.972232986571095,0.9999996157905149,0.972124301744753
3.585,1.0,0.9999993324434805,1.0,1.0,0.9723641614271789,0.9999996324382422,0.9722633323698195
3.59,1.0,0.9999993324434805,1.0,1.0,0.9724963376180418,0.9999996483875864,0.9724016695767507
3.595,1.0,0.9999996662217402,1.0,1.0,0.9726345218175801,0.9999996636668129,0.9725393168239839
3.6,1.0,0.9999996662217402,1.0,1.0,0.9727703695693004,0.9999996783030889,0.9726762775527075
3.605,1.0,0.9999996662217402,1.0,1.0,0.9729082199905785,0.9999996923225226,0.9728125551869466
3.61,1.0,0.9999996662217402,1.0,1.0,0.9730287139423498,0.9999997057502042,0.9729481531336496
3.615,1.0,0.9999996662217402,1.0,1.0,0.9731552159027967,0.9999997186102433,0.9730830747827719
3.62,1.0,0.9999996662217402,1.0,1.0,0.9732930663240755,0.9999997309258049,0.9732173235073618
3.625,1.0,0.9999996662217402,1.0,1.0,0.9734212371758213,0.9999997427191458,0.9733509026636445
3.63,1.0,0.9999996662217402,1.0,1.0,0.9735487404710473,0.9999997540116479,0.9734838155911059
3.6350000000000002,1.0,0.9999996662217402,1.0,1.0,0.9736755762097542,0.9999997648238513,0.9736160656125759
3.64,1.0,0.9999996662217402,1.0,1.0,0.9737994079441232,0.9999997751754862,0.973747656034312
3.645,1.0,0.9999996662217402,1.0,1.0,0.9739312503567262,0.9999997850855029,0.9738785901460818
3.65,1.0,0.9999996662217402,1.0,1.0,0.9740707696693034,0.9999997945721022,0.9740088712212447
3.6550000000000002,1.0,0.9999996662217402,1.0,1.0,0.9741936000688933,0.9999998036527625,0.9741385025168344
3.66,1.0,0.9999996662217402,1.0,1.0,0.9743294478206134,0.9999998123442687,0.9742674872736401
3.665,1.0,0.9999996662217402,1.0,1.0,0.9744646280158138,0.9999998206627372,0.9743958287162874
3.67,1.0,0.9999996662217402,1.0,1.0,0.9745954690936374,0.9999998286236422,0.9745235300533189
3.6750000000000003,1.0,0.9999996662217402,1.0,1.0,0.9747223048323443,0.9999998362418402,0.9746505944772751
3.68,1.0,0.9999996662217402,1.0,1.0,0.9748508094623499,0.999999843531593,0.9747770251647728
3.685,1.0,0.9999996662217402,1.0,1.0,0.9749729723054199,0.999999850506591,0.9749028252765859
3.69,1.0,0.9999996662217402,1.0,1.0,0.9751051484962829,0.9999998571799753,0.9750279979577239
3.6950000000000003,1.0,0.9999996662217402,1.0,1.0,0.9752216371089374,0.9999998635643584,0.9751525463375101
3.7,1.0,0.9999996662217402,1.0,1.0,0.9753427986172283,0.9999998696718446,0.9752764735296606
3.705,1.0,0.9999996662217402,1.0,1.0,0.9754626250124798,0.99999987551405,0.9753997826323617
3.71,1.0,1.0,1.0,1.0,0.97558412029903,0.9999998811021211,0.9755224767283474
3.715,1.0,1.0,1.0,1.0,0.9757036129160218,0.9999998864467528,0.9756445588849763
3.72,1.0,1.0,1.0,1.0,0.9758174313025978,0.9999998915582062,0.9757660321543089
3.725,1.0,1.0,1.0,1.0,0.9759309159109139,0.999999896446326,0.9758868995731831
3.73,1.0,1.0,1.0,1.0,0.9760413965148927,0.9999999011205558,0.9760071641632908
3.735,1.0,1.0,1.0,1.0,0.9761672309188192,0.9999999055899539,0.976126828931253
3.74,1.0,1.0,1.0,1.0,0.976280381748876,0.9999999098632091,0.976245896868695
3.745,1.0,1.0,1.0,1.0,0.9763948676919718,0.9999999139486545,0.9763643709523215
3.75,1.0,1.0,1.0,1.0,0.9765260425480543,0.999999917854282,0.9764822541439909
3.755,1.0,1.0,1.0,1.0,0.9766431987172275,0.9999999215877549,0.976599549390789
3.7600000000000002,1.0,1.0,1.0,1.0,0.9767533455429462,0.9999999251564218,0.976716259625103
3.765,1.0,1.0,1.0,1.0,0.9768661625947427,0.9999999285673283,0.9768323877646949
3.77,1.0,1.0,1.0,1.0,0.9769703014117853,0.9999999318272297,0.9769479367127745
3.775,1.0,1.0,1.0,1.0,0.9770821171288028,0.9999999349426019,0.977062909358071
3.7800000000000002,1.0,1.0,1.0,1.0,0.9772006084110147,0.9999999379196522,0.977177308574907
3.785,1.0,1.0,1.0,1.0,0.9773124241280318,0.9999999407643317,0.9772911372232687
3.79,1.0,1.0,1.0,1.0,0.9774262425146071,0.9999999434823431,0.9774043981488781
3.795,1.0,1.0,1.0,1.0,0.9775363893403258,0.9999999460791524,0.9775170941832645
3.8000000000000003,1.0,1.0,1.0,1.0,0.9776448672747451,0.9999999485599977,0.9776292281438345
3.805,1.0,1.0,1.0,1.0,0.9777530114309055,0.9999999509298986,0.9777408028339428
3.81,1.0,1.0,1.0,1.0,0.9778571502479491,0.9999999531936644,0.9778518210429626
3.815,1.0,1.0,1.0,1.0,0.9779656281823685,0.9999999553559034,0.9779622855463551
3.8200000000000003,1.0,1.0,1.0,1.0,0.9780701007776712,0.9999999574210301,0.9780721991057384
3.825,1.0,1.0,1.0,1.0,0.9781729044816737,0.9999999593932739,0.9781815644689572
3.83,1.0,1.0,1.0,1.0,0.9782740392943787,0.9999999612766862,0.9782903843701515
3.835,1.0,1.0,1.0,1.0,0.9783861887896559,0.9999999630751472,0.9783986615298241
3.84,1.0,1.0,1.0,1.0,0.9784950005023356,0.9999999647923735,0.9785063986549101
3.845,1.0,1.0,1.0,1.0,0.9785964690932999,0.9999999664319246,0.9786135984388429
3.85,1.0,1.0,1.0,1.0,0.9787099537016156,0.9999999679972087,0.9787202635616228
3.855,1.0,1.0,1.0,1.0,0.9788157614099572,0.99999996949149,0.9788263966898835
3.86,1.0,1.0,1.0,1.0,0.9789292460182721,0.9999999709178936,0.9789320004769586
3.865,1.0,1.0,1.0,1.0,0.9790307146092366,0.9999999722794114,0.9790370775629483
3.87,1.0,1.0,1.0,1.0,0.9791335183132407,0.999999973578908,0.9791416305747853
3.875,1.0,1.0,1.0,1.0,0.9792363220172448,0.9999999748191256,0.9792456621263003
3.88,1.0,1.0,1.0,1.0,0.9793391257212483,0.9999999760026891,0.9793491748182874
3.8850000000000002,1.0,1.0,1.0,1.0,0.9794466023208884,0.9999999771321106,0.9794521712385695
3.89,1.0,1.0,1.0,1.0,0.9795527438074894,0.9999999782097949,0.9795546539620623
3.895,1.0,1.0,1.0,1.0,0.9796475368332594,0.999999979238043,0.9796566255508393
3.9,1.0,1.0,1.0,1.0,0.9797530107633416,0.9999999802190571,0.9797580885541957
3.9050000000000002,1.0,1.0,1.0,1.0,0.9798594860282026,0.9999999811549442,0.9798590455087115
3.91,1.0,1.0,1.0,1.0,0.9799532777191933,0.9999999820477202,0.979959498938316
3.915,1.0,1.0,1.0,1.0,0.9800557476449375,0.9999999828993142,0.9800594513543502
3.92,1.0,1.0,1.0,1.0,0.9801482042228892,0.9999999837115716,0.9801589052556298
3.9250000000000003,1.0,1.0,1.0,1.0,0.9802456674747373,0.9999999844862575,0.9802578631285073
3.93,1.0,1.0,1.0,1.0,0.9803377902744295,0.9999999852250601,0.9803563274469347
3.935,1.0,1.0,1.0,1.0,0.9804385913088755,0.9999999859295947,0.9804543006725253
3.94,1.0,1.0,1.0,1.0,0.9805343856694246,0.9999999866014055,0.9805517852546146
3.9450000000000003,1.0,1.0,1.0,1.0,0.9806318489212725,0.99999998724197,0.9806487836303224
3.95,1.0,1.0,1.0,1.0,0.9807236379427048,0.9999999878527003,0.9807452982246131
3.955,1.0,1.0,1.0,1.0,0.9808301132075662,0.9999999884349471,0.9808413314503566
3.96,1.0,1.0,1.0,1.0,0.9809272426811545,0.9999999889900016,0.9809368857083883
3.9650000000000003,1.0,1.0,1.0,1.0,0.9810247059330028,0.9999999895190986,0.98103196338757
3.97,1.0,1.0,1.0,1.0,0.981118497623994,0.9999999900234182,0.9811265668648486
3.975,1.0,1.0,1.0,1.0,0.9812112879802052,0.9999999905040886,0.9812206985053156
3.98,1.0,1.0,1.0,1.0,0.9813027432233783,0.9999999909621881,0.9813143606622672
3.985,1.0,1.0,1.0,1.0,0.9813958673578502,0.9999999913987474,0.9814075556772622
3.99,1.0,1.0,1.0,1.0,0.9814903266053608,0.9999999918147515,0.9815002858801808
3.995,1.0,1.0,1.0,1.0,0.9815777765094168,0.9999999922111421,0.9815925535892828
4.0,1.0,1.0,1.0,1.0,0.9816655601917325,0.9999999925888182,0.9816843611112658
4.005,1.0,1.0,1.0,1.0,0.9817566816566456,0.9999999929486396,0.9817757107413227
4.01,1.0,1.0,1.0,1.0,0.9818504733476366,0.9999999932914275,0.981866604763199
4.015,1.0,1.0,1.0,1.0,0.9819342516908347,0.9999999936179662,0.9819570454492498
4.0200000000000005,1.0,1.0,1.0,1.0,0.9820310473861639,0.9999999939290056,0.9820470350604972
4.025,1.0,1.0,1.0,1.0,0.9821164946206615,0.9999999942252612,0.982136575846686
4.03,1.0,1.0,1.0,1.0,0.9822032769681974,0.9999999945074172,0.9822256700463405
4.035,1.0,1.0,1.0,1.0,0.9822907268722535,0.9999999947761263,0.9823143198868206
4.04,1.0,1.0,1.0,1.0,0.9823828496719461,0.9999999950320126,0.9824025275843766
4.045,1.0,1.0,1.0,1.0,0.9824679631281836,0.9999999952756716,0.9824902953442057
4.05,1.0,1.0,1.0,1.0,0.9825490712453042,0.9999999955076723,0.9825776253605065
4.055,1.0,1.0,1.0,1.0,0.9826438642710744,0.9999999957285574,0.9826645198165338
4.0600000000000005,1.0,1.0,1.0,1.0,0.9827336506229484,0.9999999959388457,0.9827509808846537
4.065,1.0,1.0,1.0,1.0,0.9828217680835238,0.9999999961390321,0.9828370107263974
4.07,1.0,1.0,1.0,1.0,0.9829042113136837,0.9999999963295892,0.9829226114925153
4.075,1.0,1.0,1.0,1.0,0.9829923287742588,0.9999999965109683,0.9830077853230309
4.08,1.0,1.0,1.0,1.0,0.9830741044478988,0.9999999966835996,0.9830925343472947
4.085,1.0,1.0,1.0,1.0,0.9831568814563175,0.9999999968478943,0.9831768606840366
4.09,1.0,1.0,1.0,1.0,0.9832429962473346,0.9999999970042445,0.9832607664414194
4.095,1.0,1.0,1.0,1.0,0.9833337839339874,0.9999999971530243,0.9833442537170913
4.1,1.0,1.0,1.0,1.0,0.9834145582728477,0.9999999972945911,0.9834273245982388
4.105,1.0,1.0,1.0,1.0,0.9835000055073447,0.9999999974292854,0.983509981161638
4.11,1.0,1.0,1.0,1.0,0.983595799867894,0.9999999975574322,0.9835922254737074
4.115,1.0,1.0,1.0,1.0,0.9836785768763137,0.9999999976793419,0.983674059590559
4.12,1.0,1.0,1.0,1.0,0.9837580161021352,0.9999999977953101,0.9837554855580501
4.125,1.0,1.0,1.0,1.0,0.9838454660061912,0.9999999979056193,0.9838365054118341
4.13,1.0,1.0,1.0,1.0,0.9839272416798311,0.9999999980105386,0.9839171211774116
4.135,1.0,1.0,1.0,1.0,0.984006347127393,0.9999999981103246,0.9839973348701808
4.14,1.0,1.0,1.0,1.0,0.9840921281401496,0.999999998205222,0.9840771484954883
4.1450000000000005,1.0,1.0,1.0,1.0,0.9841688971398932,0.9999999982954646,0.9841565640486789
4.15,1.0,1.0,1.0,1.0,0.9842459999178966,0.9999999983812748,0.9842355835151455
4.155,1.0,1.0,1.0,1.0,0.9843227689176401,0.999999998462865,0.9843142088703789
4.16,1.0,1.0,1.0,1.0,0.9843988703608644,0.9999999985404374,0.9843924420800172
4.165,1.0,1.0,1.0,1.0,0.9844803122562447,0.9999999986141852,0.9844702850998945
4.17,1.0,1.0,1.0,1.0,0.9845577488125071,0.9999999986842919,0.9845477398760905
4.175,1.0,1.0,1.0,1.0,0.9846385231513677,0.9999999987509333,0.9846248083449786
4.18,1.0,1.0,1.0,1.0,0.9847136232598125,0.9999999988142763,0.9847014924332744
4.1850000000000005,1.0,1.0,1.0,1.0,0.9847930624856331,0.9999999988744799,0.9847777940580844
4.19,1.0,1.0,1.0,1.0,0.9848741706027534,0.9999999989316961,0.984853715126953
4.195,1.0,1.0,1.0,1.0,0.9849559462763928,0.9999999989860696,0.9849292575379109
4.2,1.0,1.0,1.0,1.0,0.9850227019283434,0.9999999990377382,0.9850044231795223
4.205,1.0,1.0,1.0,1.0,0.9851031424889439,0.999999999086833,0.9850792139309321
4.21,1.0,1.0,1.0,1.0,0.9851755723713105,0.9999999991334793,0.9851536316619132
4.215,1.0,1.0,1.0,1.0,0.9852503387014954,0.9999999991777961,0.9852276782329125
4.22,1.0,1.0,1.0,1.0,0.985321433470823,0.999999999219897,0.9853013554950982
4.225,1.0,1.0,1.0,1.0,0.9853972011357867,0.9999999992598902,0.9853746652904057
4.23,1.0,1.0,1.0,1.0,0.9854659594572956,0.9999999992978787,0.9854476094515838
4.235,1.0,1.0,1.0,1.0,0.9855380555614021,0.9999999993339604,0.9855201898022403
4.24,1.0,1.0,1.0,1.0,0.9856151583394046,0.9999999993682291,0.9855924081568876
4.245,1.0,1.0,1.0,1.0,0.9856782424304978,0.9999999994007733,0.9856642663209885
4.25,1.0,1.0,1.0,1.0,0.9857550114302412,0.999999999431678,0.9857357660910008
4.255,1.0,1.0,1.0,1.0,0.9858227684169704,0.9999999994610238,0.9858069092544223
4.26,1.0,1.0,1.0,1.0,0.9858895240689202,0.9999999994888875,0.985877697589836
4.265,1.0,1.0,1.0,1.0,0.9859712997425593,0.9999999995153421,0.9859481328669539
4.2700000000000005,1.0,1.0,1.0,1.0,0.9860433958466656,0.9999999995404574,0.9860182168466617
4.275,1.0,1.0,1.0,1.0,0.9861158257290319,0.9999999995642993,0.9860879512810624
4.28,1.0,1.0,1.0,1.0,0.9861859191635801,0.9999999995869311,0.9861573379135204
4.285,1.0,1.0,1.0,1.0,0.9862680286154787,0.9999999996084127,0.9862263784787055
4.29,1.0,1.0,1.0,1.0,0.9863404584978449,0.9999999996288013,0.9862950747026351
4.295,1.0,1.0,1.0,1.0,0.986409216819354,0.9999999996481511,0.9863634283027184
4.3,1.0,1.0,1.0,1.0,0.9864809791452007,0.9999999996665139,0.9864314409877991
4.305,1.0,1.0,1.0,1.0,0.9865443970145542,0.9999999996839388,0.9864991144581977
4.3100000000000005,1.0,1.0,1.0,1.0,0.9866111526665047,0.9999999997004727,0.9865664504057547
4.315,1.0,1.0,1.0,1.0,0.9866742367575978,0.9999999997161602,0.9866334505138721
4.32,1.0,1.0,1.0,1.0,0.9867323141747946,0.9999999997310433,0.9867001164575563
4.325,1.0,1.0,1.0,1.0,0.9868020738310823,0.9999999997451626,0.9867664499034591
4.33,1.0,1.0,1.0,1.0,0.9868694970395521,0.9999999997585565,0.9868324525099202
4.335,1.0,1.0,1.0,1.0,0.98693925669584,0.9999999997712611,0.9868981259270083
4.34,1.0,1.0,1.0,1.0,0.9870113527999467,0.9999999997833112,0.9869634717965623
4.345,1.0,1.0,1.0,1.0,0.987073101778001,0.99999999979474,0.9870284917522321
4.3500000000000005,1.0,1.0,1.0,1.0,0.9871341831995357,0.9999999998055784,0.9870931874195201
4.355,1.0,1.0,1.0,1.0,0.9871996037384468,0.9999999998158566,0.9871575604158215
4.36,1.0,1.0,1.0,1.0,0.9872563460426048,0.9999999998256027,0.9872216123504642
4.365,1.0,1.0,1.0,1.0,0.9873190963554382,0.9999999998348437,0.9872853448247503
4.37,1.0,1.0,1.0,1.0,0.9873901911247651,0.9999999998436051,0.9873487594319947
4.375,1.0,1.0,1.0,1.0,0.9874496036550012,0.9999999998519113,0.987411857757566
4.38,1.0,1.0,1.0,1.0,0.9875146904156534,0.9999999998597856,0.9874746413789256
4.385,1.0,1.0,1.0,1.0,0.9875757718371881,0.9999999998672496,0.9875371118656673
4.39,1.0,1.0,1.0,1.0,0.9876335154761252,0.9999999998743245,0.9875992707795566
4.3950000000000005,1.0,1.0,1.0,1.0,0.987699269793296,0.9999999998810302,0.9876611196745695
4.4,1.0,1.0,1.0,1.0,0.9877580147670124,0.9999999998873853,0.9877226600969315
4.405,1.0,1.0,1.0,1.0,0.9878184286320271,0.9999999998934078,0.9877838935851566
4.41,1.0,1.0,1.0,1.0,0.9878755047144444,0.9999999998991147,0.987844821670085
4.415,1.0,1.0,1.0,1.0,0.9879412590316154,0.9999999999045224,0.9879054458749221
4.42,1.0,1.0,1.0,1.0,0.9879990026705522,0.9999999999096459,0.9879657677152762
4.425,1.0,1.0,1.0,1.0,0.9880557449747098,0.9999999999145002,0.9880257886991963
4.43,1.0,1.0,1.0,1.0,0.9881261721875176,0.9999999999190988,0.9880855103272104
4.4350000000000005,1.0,1.0,1.0,1.0,0.9881819131568964,0.9999999999234551,0.9881449340923619
4.44,1.0,1.0,1.0,1.0,0.9882453310262497,0.9999999999275815,0.9882040614802484
4.445,1.0,1.0,1.0,1.0,0.9883117528999407,0.9999999999314899,0.9882628939690575
4.45,1.0,1.0,1.0,1.0,0.9883691627606179,0.9999999999351916,0.9883214330296045
4.455,1.0,1.0,1.0,1.0,0.9884282415125942,0.9999999999386971,0.988379680125369
4.46,1.0,1.0,1.0,1.0,0.9884806446993755,0.9999999999420169,0.9884376367125315
4.465,1.0,1.0,1.0,1.0,0.9885407247861313,0.9999999999451605,0.9884953042400095
4.47,1.0,1.0,1.0,1.0,0.988603141320705,0.9999999999481369,0.9885526841494943
4.4750000000000005,1.0,1.0,1.0,1.0,0.9886662254117983,0.999999999950955,0.9886097778754867
4.48,1.0,1.0,1.0,1.0,0.9887246366072555,0.999999999953623,0.9886665868453326
4.485,1.0,1.0,1.0,1.0,0.9887793762418552,0.9999999999561487,0.9887231124792595
4.49,1.0,1.0,1.0,1.0,0.9888274403112596,0.9999999999585395,0.9887793561904109
4.495,1.0,1.0,1.0,1.0,0.9888828475023785,0.9999999999608025,0.9888353193848828
4.5,1.0,1.0,1.0,1.0,0.9889345831326405,0.9999999999629444,0.9888910034617577
4.505,1.0,1.0,1.0,1.0,0.9889856512063824,0.9999999999649716,0.9889464098131406
4.51,1.0,1.0,1.0,1.0,0.9890407246192415,0.9999999999668899,0.9890015398241931
4.515,1.0,1.0,1.0,1.0,0.9890974669234,0.9999999999687053,0.9890563948731684
4.5200000000000005,1.0,1.0,1.0,1.0,0.9891568794536362,0.999999999970423,0.9891109763314455
4.525,1.0,1.0,1.0,1.0,0.9892102839751966,0.9999999999720481,0.9891652855635639
4.53,1.0,1.0,1.0,1.0,0.9892670262793547,0.9999999999735858,0.9892193239272569
4.535,1.0,1.0,1.0,1.0,0.9893164254617982,0.9999999999750405,0.9892730927734866
4.54,1.0,1.0,1.0,1.0,0.989364155752943,0.9999999999764165,0.9893265934464771
4.545,1.0,1.0,1.0,1.0,0.9894212318353608,0.9999999999777183,0.9893798272837477
4.55,1.0,1.0,1.0,1.0,0.9894746363569217,0.9999999999789495,0.9894327956161474
4.555,1.0,1.0,1.0,1.0,0.9895287084350016,0.9999999999801138,0.989485499767887
4.5600000000000005,1.0,1.0,1.0,1.0,0.9895801102870037,0.9999999999812151,0.9895379410565732
4.565,1.0,1.0,1.0,1.0,0.9896421930433182,0.9999999999822565,0.9895901207932409
4.57,1.0,1.0,1.0,1.0,0.9897006042387754,0.9999999999832413,0.9896420402823863
4.575,1.0,1.0,1.0,1.0,0.9897516723125178,0.9999999999841724,0.9896937008219993
4.58,1.0,1.0,1.0,1.0,0.9897994026036627,0.9999999999850528,0.989745103703596
4.585,1.0,1.0,1.0,1.0,0.9898551435730419,0.9999999999858851,0.9897962502122511
4.59,1.0,1.0,1.0,1.0,0.9899088818728625,0.9999999999866719,0.9898471416266302
4.595,1.0,1.0,1.0,1.0,0.9899609512813844,0.9999999999874157,0.9898977792190211
4.6000000000000005,1.0,1.0,1.0,1.0,0.9900086815725296,0.9999999999881187,0.9899481642553665
4.605,1.0,1.0,1.0,1.0,0.9900604172027916,0.9999999999887833,0.9899982979952945
4.61,1.0,1.0,1.0,1.0,0.9901094826069757,0.9999999999894112,0.9900481816921516
4.615,1.0,1.0,1.0,1.0,0.9901582142329001,0.9999999999900048,0.9900978165930326
4.62,1.0,1.0,1.0,1.0,0.9901972662892914,0.9999999999905655,0.9901472039388127
4.625,1.0,1.0,1.0,1.0,0.9902473330282547,0.9999999999910956,0.9901963449641782
4.63,1.0,1.0,1.0,1.0,0.9902963984324386,0.9999999999915963,0.9902452408976571
4.635,1.0,1.0,1.0,1.0,0.9903444625018433,0.9999999999920695,0.9902938929616504
4.64,1.0,1.0,1.0,1.0,0.9903945292408065,0.9999999999925163,0.9903423023724622
4.6450000000000005,1.0,1.0,1.0,1.0,0.9904379204145745,0.9999999999929384,0.9903904703403303
4.65,1.0,1.0,1.0,1.0,0.9904843155926807,0.9999999999933373,0.9904383980694565
4.655,1.0,1.0,1.0,1.0,0.9905337147751246,0.999999999993714,0.9904860867580364
4.66,1.0,1.0,1.0,1.0,0.9905814450662694,0.9999999999940697,0.9905335375982897
4.665,1.0,1.0,1.0,1.0,0.9906251700182975,0.9999999999944058,0.9905807517764899
4.67,1.0,1.0,1.0,1.0,0.9906678936355462,0.9999999999947231,0.9906277304729939
4.675,1.0,1.0,1.0,1.0,0.9907079470267168,0.9999999999950228,0.9906744748622717
4.68,1.0,1.0,1.0,1.0,0.9907476666396278,0.9999999999953058,0.9907209861129352
4.6850000000000005,1.0,1.0,1.0,1.0,0.9907997360481494,0.9999999999955729,0.9907672653877684
4.69,1.0,1.0,1.0,1.0,0.9908491352305935,0.999999999995825,0.9908133138437554
4.695,1.0,1.0,1.0,1.0,0.9908961979652189,0.9999999999960631,0.9908591326321099
4.7,1.0,1.0,1.0,1.0,0.9909409242520264,0.9999999999962879,0.9909047228983042
4.705,1.0,1.0,1.0,1.0,0.9909869856518726,0.9999999999965,0.9909500857820972
4.71,1.0,1.0,1.0,1.0,0.9910313781604202,0.9999999999967003,0.9909952224175634
4.715,1.0,1.0,1.0,1.0,0.9910757706689677,0.9999999999968893,0.9910401339331211
4.72,1.0,1.0,1.0,1.0,0.9911164916166578,0.9999999999970676,0.9910848214515604
4.7250000000000005,1.0,1.0,1.0,1.0,0.9911575463426079,0.9999999999972359,0.9911292860900718
4.73,1.0,1.0,1.0,1.0,0.9911996024033372,0.9999999999973946,0.9911735289602733
4.735,1.0,1.0,1.0,1.0,0.9912483340292617,0.9999999999975445,0.9912175511682391
4.74,1.0,1.0,1.0,1.0,0.9912927265378092,0.999999999997686,0.9912613538145267
4.745,1.0,1.0,1.0,1.0,0.9913344488202787,0.9999999999978193,0.9913049379942045
4.75,1.0,1.0,1.0,1.0,0.9913781737723064,0.9999999999979451,0.9913483047968794
4.755,1.0,1.0,1.0,1.0,0.9914232338373735,0.9999999999980638,0.9913914553067235
4.76,1.0,1.0,1.0,1.0,0.9914669587894016,0.9999999999981758,0.9914343906025019
4.765,1.0,1.0,1.0,1.0,0.9915103499631697,0.9999999999982813,0.9914771117575993
4.7700000000000005,1.0,1.0,1.0,1.0,0.9915500695760808,0.999999999998381,0.9915196198400468
4.775,1.0,1.0,1.0,1.0,0.9915924594150698,0.9999999999984748,0.9915619159125485
4.78,1.0,1.0,1.0,1.0,0.9916331803627599,0.9999999999985634,0.9916040010325086
4.785,1.0,1.0,1.0,1.0,0.9916749026452295,0.9999999999986469,0.9916458762520571
4.79,1.0,1.0,1.0,1.0,0.9917106169190231,0.9999999999987256,0.9916875426180769
4.795,1.0,1.0,1.0,1.0,0.9917513378667131,0.9999999999987997,0.9917290011722292
4.8,1.0,1.0,1.0,1.0,0.991794061483962,0.9999999999988698,0.99177025295098
4.805,1.0,1.0,1.0,1.0,0.9918347824316522,0.9999999999989357,0.9918112989856259
4.8100000000000005,1.0,1.0,1.0,1.0,0.9918768384923815,0.999999999998998,0.99185214030232
4.815,1.0,1.0,1.0,1.0,0.9919148892139936,0.9999999999990566,0.9918927779220973
4.82,1.0,1.0,1.0,1.0,0.9919562777182033,0.9999999999991118,0.9919332128609004
4.825,1.0,1.0,1.0,1.0,0.9919949959963348,0.9999999999991639,0.9919734461296048
4.83,1.0,1.0,1.0,1.0,0.9920400560614018,0.9999999999992129,0.9920134787340446
4.835,1.0,1.0,1.0,1.0,0.9920801094525724,0.999999999999259,0.9920533116750365
4.84,1.0,1.0,1.0,1.0,0.9921191615089637,0.9999999999993027,0.9920929459484066
4.845,1.0,1.0,1.0,1.0,0.9921568784523163,0.9999999999993437,0.9921323825450135
4.8500000000000005,1.0,1.0,1.0,1.0,0.9921992682913054,0.9999999999993824,0.9921716224507743
4.855,1.0,1.0,1.0,1.0,0.9922389879042164,0.9999999999994189,0.9922106666466886
4.86,1.0,1.0,1.0,1.0,0.9922813777432055,0.9999999999994532,0.9922495161088634
4.865,1.0,1.0,1.0,1.0,0.9923210973561162,0.9999999999994855,0.9922881718085371
4.87,1.0,1.0,1.0,1.0,0.9923618183038065,0.9999999999995158,0.9923266347121045
4.875,1.0,1.0,1.0,1.0,0.9924022054732369,0.9999999999995445,0.99236490578114
4.88,1.0,1.0,1.0,1.0,0.9924359170774724,0.9999999999995716,0.9924029859724224
4.885,1.0,1.0,1.0,1.0,0.9924722989077854,0.999999999999597,0.9924408762379585
4.89,1.0,1.0,1.0,1.0,0.9925146887467742,0.999999999999621,0.9924785775250067
4.8950000000000005,1.0,1.0,1.0,1.0,0.9925537408031653,0.9999999999996435,0.9925160907761014
4.9,1.0,1.0,1.0,1.0,0.9925867848508809,0.9999999999996647,0.9925534169290756
4.905,1.0,1.0,1.0,1.0,0.9926208302333761,0.9999999999996847,0.9925905569170853
4.91,1.0,1.0,1.0,1.0,0.9926605498462868,0.9999999999997035,0.992627511668632
4.915,1.0,1.0,1.0,1.0,0.9926952627853015,0.9999999999997211,0.9926642821075864
4.92,1.0,1.0,1.0,1.0,0.9927343148416927,0.9999999999997379,0.9927008691532114
4.925,1.0,1.0,1.0,1.0,0.9927723655633047,0.9999999999997535,0.992737273720185
4.93,1.0,1.0,1.0,1.0,0.9928110838414365,0.9999999999997683,0.9927734967186236
4.9350000000000005,1.0,1.0,1.0,1.0,0.9928437941108922,0.9999999999997822,0.9928095390541035
4.94,1.0,1.0,1.0,1.0,0.992877839493387,0.9999999999997953,0.9928454016276854
4.945,1.0,1.0,1.0,1.0,0.9929095484280639,0.9999999999998076,0.9928810853359353
4.95,1.0,1.0,1.0,1.0,0.9929472653714162,0.9999999999998191,0.9929165910709479
4.955,1.0,1.0,1.0,1.0,0.992985649871288,0.99999999999983,0.9929519197203682
4.96,1.0,1.0,1.0,1.0,0.9930200290320427,0.9999999999998402,0.9929870721674146
4.965,1.0,1.0,1.0,1.0,0.9930574121971352,0.9999999999998499,0.9930220492908998
4.97,1.0,1.0,1.0,1.0,0.9930961304752667,0.9999999999998589,0.9930568519652538
4.9750000000000005,1.0,1.0,1.0,1.0,0.9931261705186445,0.9999999999998676,0.9930914810605455
4.98,1.0,1.0,1.0,1.0,0.9931582132315808,0.9999999999998755,0.9931259374425038
4.985,1.0,1.0,1.0,1.0,0.9931952626184135,0.9999999999998831,0.9931602219725401
4.99,1.0,1.0,1.0,1.0,0.9932243013270121,0.9999999999998901,0.9931943355077695
4.995,1.0,1.0,1.0,1.0,0.9932570115964675,0.9999999999998969,0.993228278901032
5.0,1.0,1.0,1.0,1.0,0.9932977325441577,0.9999999999999031,0.9932620530009145
