s,cdf_zeros,cdf_gue_mean,cdf_gue_q025,cdf_gue_q975,cdf_poisson_ensemble_mean,cdf_wigner_surmise,cdf_poisson
0.0,0.0,0.0,0.0,0.0,0.0,0.0,0.0
0.005,0.0,0.0,0.0,0.0,0.004988983648536833,1.3509233142902644e-07,0.00498752080731768
0.01,0.0,1.0013347792607543e-06,0.0,0.0,0.009994989988321084,1.0806767320094973e-06,0.009950166250831893
0.015,0.0,5.006673896303773e-06,0.0,0.0,0.014938246015271677,3.6469357054397245e-06,0.014888060396937353
0.02,0.0,9.679569532853961e-06,0.0,0.00033344448149383126,0.0198367757554153,8.6434327722755e-06,0.019801326693244747
0.025,0.0,2.0026695585215076e-05,0.0,0.00033344448149383126,0.024768683321534257,1.6878803347823712e-05,0.024690087971667385
0.03,0.0,3.671560857289428e-05,0.0,0.00033344448149383126,0.029592780509752805,2.9160446062929946e-05,0.029554466451491845
0.035,0.0,5.440585633983437e-05,0.0,0.00033344448149383126,0.03455506189750942,4.629421467517575e-05,0.03439458374243354
0.04,0.0,8.277700841888921e-05,0.0,0.0006668889629876625,0.03940586134650823,6.908411071729348e-05,0.03921056084767682
0.045,0.0,0.00011214949527720481,0.0,0.0006668889629876625,0.04426200124766314,9.833197702915214e-05,0.04400251816690004
0.05,0.0,0.00014652865603182423,0.0,0.0006668889629876625,0.049033361470840565,0.00013483719231952018,0.048770575499285984
0.055,0.0,0.00018891849502052974,0.0,0.0006668889629876625,0.053807391920096224,0.0001793963669027704,0.05351485204651618
0.06,0.0006668889629876625,0.00024065412528233562,0.0,0.0010003334444814939,0.05852167606085573,0.00023280303975516115,0.05823546641575128
0.065,0.0006668889629876625,0.00030774355549280423,0.0,0.0010003334444814939,0.06318989880176934,0.0002958473770347525,0.06293253662259657
0.07,0.0006668889629876625,0.0003858476682751412,0.0,0.0010003334444814939,0.06791453006858142,0.000369315872207579,0.06760618009405173
0.075,0.0006668889629876625,0.0004742989071098393,0.0,0.001333777925975325,0.0725657301182475,0.0004539910479227499,0.07225651367144714
0.08,0.0010003334444814939,0.0005717621589578851,0.0,0.001333777925975325,0.07729570183721565,0.0005506511597765662,0.07688365361336424
0.085,0.0010003334444814939,0.0006819089846765681,0.0,0.0016672224074691564,0.08185144130459232,0.0006600699021066386,0.08148771559854262
0.09,0.0010003334444814939,0.0008084109451231751,0.0,0.0020006668889629878,0.08641786167628104,0.0007830161159535914,0.08606881472877181
0.095,0.001333777925975325,0.0009572760489732744,0.0,0.0020006668889629878,0.09098962250012584,0.0009202534993286854,0.09062706553176858
0.1,0.001333777925975325,0.0011051398180441127,0.0,0.002334111370456819,0.0955623846587501,0.001072540319922849,0.09516258196404048
0.105,0.001333777925975325,0.0012623493783880532,0.00033344448149383126,0.00266755585195065,0.10006905872194319,0.0012406291303918016,0.09967547741373439
0.11,0.001333777925975325,0.0014522692081878432,0.00033344448149383126,0.0030010003334444814,0.10458374346337009,0.0014252664863506348,0.10416586470347178
0.115,0.0020006668889629878,0.0016375161423510824,0.00033344448149383126,0.003334444814938313,0.1090380143397816,0.0016271926672090098,0.10863385609316867
0.12,0.002334111370456819,0.0018658204720225359,0.0006668889629876625,0.003667889296432144,0.11354168439863703,0.0018471413999766872,0.11307956328284252
0.125,0.00266755585195065,0.002100132810369555,0.0006668889629876625,0.0040013337779259755,0.11789381912756375,0.0020858395861682033,0.11750309741540454
0.13,0.00266755585195065,0.002362482522535869,0.0010003334444814939,0.004334778259419807,0.12231204195192187,0.0023440070319317996,0.1219045690794387
0.135,0.0030010003334444814,0.0026438575955081427,0.0010003334444814939,0.004668222740913638,0.12669021138510989,0.002622356181527702,0.12628408831196558
0.14,0.0030010003334444814,0.002962615833572815,0.001333777925975325,0.005001667222407469,0.13103166520972453,0.002921591854278316,0.13064176460119414
0.145,0.003334444814938313,0.0032993980976641813,0.001333777925975325,0.0056685561853951315,0.13537912704301489,0.0032424109851098004,0.1349777068892587
0.15,0.003334444814938313,0.0036615475094968217,0.0016672224074691564,0.006002000666888963,0.13969721638944713,0.003585502368804283,0.1392920235749422
0.155,0.003334444814938313,0.004023029364809959,0.0020006668889629878,0.006335445148382794,0.1439962803750734,0.003951546408077572,0.1435848225163865
0.16,0.003667889296432144,0.0044425886373202165,0.002334111370456819,0.007002334111370457,0.14827665277815347,0.004341214865597742,0.14785621103378865
0.165,0.004668222740913638,0.004861480353310955,0.00266755585195065,0.00766922307435812,0.15248492907712666,0.004755170620054733,0.15210629591208413
0.17,0.005001667222407469,0.005323429464809915,0.0030010003334444814,0.008019339779926627,0.15676029480631037,0.005194067426390614,0.1563351834036163
0.17500000000000002,0.0053351117039013,0.00579872970669902,0.003334444814938313,0.009003001000333445,0.16097424533569923,0.0056585496802978585,0.16054297923079264
0.18,0.0056685561853951315,0.006303402435446439,0.003667889296432144,0.009336445481827277,0.1651434695782808,0.006149252187088672,0.164729788588728
0.185,0.0056685561853951315,0.006815752064168198,0.0040013337779259755,0.010003334444814937,0.1692856577818229,0.006666799935038242,0.16889571614787435
0.19,0.006335445148382794,0.007371826644917674,0.004668222740913638,0.010336778926308769,0.17347424116347063,0.007211807873300585,0.1730408660566377
0.195,0.006335445148382794,0.007966285725538796,0.005001667222407469,0.011337112370790263,0.1776231049322076,0.00778488069449304,0.1771653419439816
0.2,0.00766922307435812,0.008571425710472036,0.0053351117039013,0.012004001333777926,0.18173158153151475,0.008386612622044182,0.18126924692201818
0.20500000000000002,0.008002667555851951,0.009215617751796468,0.006002000666888963,0.012687562520840264,0.18578465093970234,0.009017587202395205,0.18535268358858548
0.21,0.008669556518839614,0.009881839158264622,0.006335445148382794,0.013671223741247083,0.18978231315677124,0.00967837710214392,0.18941575402981292
0.215,0.008669556518839614,0.01057876816463012,0.0073191063687895975,0.014004668222740914,0.1938357163432188,0.010369543910215162,0.19345855982267313
0.22,0.008669556518839614,0.011320423457802573,0.008002667555851951,0.01533844614871624,0.19789145597748448,0.011091637945143562,0.1974812020375215
0.225,0.009003001000333445,0.012122158837730677,0.008669556518839614,0.01633877959319773,0.2019315080335423,0.011845198067543028,0.20148378124062294
0.23,0.009669889963321108,0.01292489555243803,0.009336445481827277,0.017339113037679228,0.20589479108985625,0.012630751497845205,0.20546639749666595
0.23500000000000001,0.010003334444814937,0.0137660167670171,0.010003334444814937,0.018022674224741568,0.20987576439393757,0.013448813639375612,0.20942915037126442
0.24,0.010003334444814937,0.014658873611857916,0.0106702234078026,0.019339779926642216,0.21379932783734054,0.014299887906842057,0.21337213893344653
0.245,0.0106702234078026,0.015554734461036536,0.011670556852284094,0.020340113371123708,0.21768217033305395,0.015184465560299898,0.21729546175813186
0.25,0.011003667889296432,0.016463278884085806,0.012337445815271757,0.0213404468156052,0.22157803018089786,0.01610302554466042,0.22119921692859512
0.255,0.011003667889296432,0.01741755092872128,0.013337779259753251,0.022340780260086696,0.22544017842450637,0.017056034334801684,0.22508350203891903
0.26,0.012004001333777926,0.018396188786318823,0.014004668222740914,0.02334111370456819,0.22934371517232457,0.018043945786342885,0.22894841419643375
0.265,0.012337445815271757,0.019415881369866033,0.015005001667222408,0.024341447149049684,0.23314645088569702,0.019067200992133715,0.23279405002414433
0.27,0.012670890296765588,0.020529699422663732,0.01567189063021007,0.02600866955651884,0.23699691689021415,0.020126228144513036,0.23662050566314685
0.275,0.01300433477825942,0.021624492114655478,0.016672224074691565,0.027009003001000332,0.24076193566023468,0.02122144240338414,0.24042787677503152
0.28,0.01300433477825942,0.022763677315194485,0.0179893297765922,0.028009336445481828,0.244537969112827,0.022353245770151797,0.24421625854427453
0.28500000000000003,0.014338112704234745,0.023968950611164688,0.019006335445148383,0.029676558852950983,0.2483507181739926,0.023522026967563836,0.24798574568061738
0.29,0.014338112704234745,0.025197254607057882,0.020006668889629875,0.03101033677892631,0.25204998262684203,0.02472816132549499,0.25173643242143473
0.295,0.015005001667222408,0.02645159330721188,0.02100700233411137,0.032010670223407804,0.2557916369186793,0.025972010672708823,0.2554684125340906
0.3,0.016005335111703902,0.02776768098542022,0.022340780260086696,0.03334444814938313,0.2594515155368777,0.02725392323462994,0.2591817793182821
0.305,0.016672224074691565,0.029115143820045472,0.02334111370456819,0.03469489829943313,0.2631614608940389,0.028574233537155103,0.2628766256083722
0.31,0.016672224074691565,0.030474956450281535,0.024341447149049684,0.036362120706902284,0.2668346906426265,0.029933262316528597,0.26655304377571076
0.315,0.017005668556185394,0.03187315358038934,0.025991997332444148,0.03802934311437144,0.27050224616079893,0.031331316435304124,0.2702111257309432
0.32,0.01833944648216072,0.03334645081894166,0.027325775258419473,0.04001333777925975,0.27414243186167203,0.032768688804411805,0.27385096292630906
0.325,0.019673224408136045,0.03481407382707819,0.0286595531843948,0.041347115705235075,0.277722871254048,0.03424565831134668,0.2774726463579278
0.33,0.022007335778592863,0.036336102691554524,0.030010003334444816,0.0426808936312104,0.2813250062333087,0.035762489754489146,0.28107626656807383
0.335,0.024674891630543514,0.03790118895153906,0.03134378126042014,0.044031343781260404,0.2849525083603108,0.03731943378356767,0.2846619136474401
0.34,0.02600866955651884,0.03948162901147227,0.033011003667889297,0.046348782927642544,0.2885639891308444,0.038916726846269345,0.28822967723739035
0.34500000000000003,0.02867622540846949,0.0411214816016417,0.03434478159386462,0.04768256085361787,0.29214576363626044,0.04055459114099963,0.2917796465322
0.35000000000000003,0.030343447815938646,0.042817742717709356,0.03599533177725909,0.04934978326108703,0.2956697945027391,0.042233234575790535,0.29531191028128656
0.355,0.03101033677892631,0.04450198781642591,0.03767922640880293,0.05101700566855619,0.2992038387170097,0.04395285073335348,0.29882655679142756
0.36,0.033011003667889297,0.046306059310394096,0.03934644881627209,0.05301767255751917,0.302734878926943,0.04571361884226921,0.302323673928969
0.365,0.033677892630876956,0.048133495282544916,0.04101367122374125,0.05470156718906301,0.306231873754381,0.04751570375430314,0.3058033491220211
0.37,0.03601200400133378,0.04998429573287864,0.0426808936312104,0.05701900633544515,0.30969282052976643,0.04935925592783347,0.3092656693626453
0.375,0.0383461153717906,0.05189651138300691,0.04468156052017339,0.059353117705901966,0.31310870724008477,0.05124441141737329,0.31271072120902776
0.38,0.03934644881627209,0.05384911420256539,0.04668222740913638,0.0610370123374458,0.3165579717763784,0.05317129186916847,0.31613859078764417
0.385,0.04334778259419807,0.05581306548295541,0.04868289429809937,0.06335445148382794,0.31998387183448895,0.055140004522844954,0.3195493637954123
0.39,0.0436812270756919,0.05784410619355594,0.05035011670556852,0.06568856285428476,0.3233246584363624,0.05715064221908256,0.32294312550183535
0.395,0.04534844948316105,0.05990685583883306,0.05235078359453151,0.06735578526175391,0.3266861392903409,0.05920328341328168,0.32631996075113234
0.4,0.048349449816605536,0.06201132776657942,0.0543514504834945,0.07002334111370456,0.3300229205530971,0.06129799219519261,0.3296799539643607
0.405,0.05135045015005002,0.06418822957669237,0.0563354451483828,0.07235745248416138,0.33337872717665995,0.06343481831447201,0.3330231891415256
0.41000000000000003,0.05301767255751917,0.066392501204105,0.05835278426142047,0.07469156385461821,0.33675990094796326,0.06561379721212535,0.3363497498636806
0.41500000000000004,0.05368456152050684,0.06867020404866349,0.061020340113371124,0.07702567522507503,0.34006130171518545,0.06783495005779694,0.33965971929501715
0.42,0.056018672890963656,0.07091820062810396,0.06335445148382794,0.07902634211403801,0.3434287905778399,0.07009828379285882,0.34295318018494325
0.425,0.056685561853951315,0.07322928129863779,0.06568856285428476,0.08169389796598867,0.3466801246061,0.0724037911792561,0.3462302148701527
0.43,0.059353117705901966,0.07559109626465405,0.06800600200066689,0.08436145381793932,0.3498713785476037,0.07475145085405382,0.3494909052766835
0.435,0.061020340113371124,0.07796726369584,0.07002334111370456,0.0867122374124708,0.35311703834544783,0.07714122738963491,0.35273533292196535
0.44,0.06368789596532178,0.0804071827746386,0.07169056352117373,0.08969656552184062,0.35635134968246035,0.07957307135949249,0.3559635789168586
0.445,0.06535511837279093,0.08283441827956668,0.07402467489163055,0.0920473491163721,0.35956797077170505,0.08204691940955855,0.35917572396768127
0.45,0.06768922974324774,0.08538782196668153,0.0766922307435812,0.09503167722574192,0.3627518815914937,0.0845626943350068,0.36237184837822667
0.455,0.06902300766922308,0.08798595194060352,0.07935978659553185,0.09736578859619874,0.3658907323462173,0.08712030516246827,0.3655520320517718
0.46,0.07069023007669223,0.09063081087089087,0.08136045348449483,0.10003334444814939,0.3690512786878238,0.08971964723758974,0.36871635449307405
0.465,0.07402467489163055,0.0933037071749975,0.08436145381793932,0.10270090030010004,0.37218245254257226,0.09236060231786952,0.3718648948103592
0.47000000000000003,0.07535845281760586,0.09603668356585979,0.08702900966988997,0.10570190063354451,0.37527724456700823,0.09504303867069835,0.3749977317172992
0.47500000000000003,0.07902634211403801,0.09883174271303649,0.08936312104034679,0.10838612870956983,0.3783550139001952,0.09776681117653124,0.37811494353498
0.48,0.081027009003001,0.1016094453907059,0.09236412137379127,0.11105368456152048,0.3814851864201641,0.1005317614371139,0.38121660819385916
0.485,0.08436145381793932,0.10446825618549523,0.09503167722574192,0.1140380126708903,0.3845666273142099,0.10333771788868895,0.38430280323571486
0.49,0.08802934311437145,0.10735310168454582,0.09803267755918639,0.11703901300433478,0.3876190294996561,0.10618449592009627,0.3873736058155839
0.495,0.0906968989663221,0.11022059071408859,0.10070023341113704,0.12004001333777926,0.3906520725460375,0.10907189799568984,0.39042909270369075
0.5,0.09403134378126042,0.11320456835628552,0.10370123374458153,0.12337445815271757,0.3936864507054575,0.11199971378298262,0.3934693402873666
0.505,0.09669889963321107,0.11616651663333881,0.10670223407802601,0.12604201400466822,0.39676121603430725,0.11496772028493685,0.39649442457295947
0.51,0.09869956652217406,0.11919321789278427,0.10935311770590198,0.12904301433811272,0.399766555485129,0.11797568197680774,0.3995044211877341
0.515,0.10036678892964321,0.1222479565260492,0.11203734578192731,0.13237745915305102,0.4027582100273002,0.12102335094745031,0.40249940538176254
0.52,0.10436812270756919,0.12534341610700392,0.1150383461153718,0.135728576192064,0.40576221436508253,0.12411046704500084,0.4054794520298056
0.525,0.10836945648549516,0.12838814139247604,0.11770590196732245,0.1393797932644215,0.4086747634596923,0.12723675802683404,0.4084446356331849
0.53,0.11203734578192731,0.13157338732530463,0.12137379126375458,0.14238079359786596,0.41160199879773174,0.13040193971370256,0.4113950303216448
0.535,0.11637212404134711,0.13483540225787644,0.12437479159719907,0.1453984661553851,0.4145652821878232,0.1336057161479628,0.41433070985520626
0.54,0.1203734578192731,0.13816450662065857,0.12769256418806268,0.14873291097032343,0.4174815028432901,0.13684777975578388,0.41725174762601036
0.545,0.12437479159719907,0.14147358428785584,0.13071023674558185,0.15176725575191727,0.4203890452640037,0.14012781151324505,0.4201582166601536
0.55,0.1300433477825942,0.1448477487157048,0.13437812604201402,0.15573524508169387,0.4232832365543277,0.14344548111621414,0.42305018961951335
0.555,0.13271090363454485,0.1482436087304377,0.1373791263754585,0.15938646215405136,0.42620980433584715,0.14680044715390655,0.42592773880356405
0.56,0.13471157052350782,0.15167985591460087,0.14136378792930976,0.16272090696898966,0.42904992354808963,0.1501923572860217,0.42879093615118513
0.5650000000000001,0.13704568189396465,0.15508639683364597,0.14469823274424806,0.16605535178392797,0.4318526595952408,0.15362084842334806,0.43163985324245957
0.5700000000000001,0.1437145715238413,0.1585823903263053,0.14771590530176726,0.1693897965988663,0.4347375050942911,0.15708554691173132,0.4344745613004629
0.5750000000000001,0.14671557185728576,0.16210074696236776,0.15105035011670556,0.17305768589529844,0.4375202144458562,0.16058606871929781,0.4372951311930443
0.58,0.14871623874624876,0.16560141335066303,0.15503501167055683,0.17607535845281758,0.4403055940235001,0.16412201962682554,0.44010163343459796
0.585,0.1523841280426809,0.16920187943862502,0.1587195731910637,0.1800600200066689,0.44309731538807945,0.16769299542115013,0.4428941381878261
0.59,0.1557185728576192,0.17280768597874283,0.1620373457819273,0.18372790930310104,0.4459093972265022,0.17129858209149557,0.4456727152654929
0.595,0.15905301767255753,0.17648592240122735,0.16570523507835944,0.18739579859953318,0.44870211992586134,0.1749383560286225,0.4484374341321702
0.6,0.16238746248749583,0.18021155533659683,0.16905635211737247,0.19139713237745914,0.4515108639816873,0.17861188422667468,0.4511883639059736
0.605,0.16505501833944647,0.18390948467640664,0.1727242414138046,0.19473157719239748,0.454238499920393,0.18231872448761538,0.4539255733602906
0.61,0.1693897965988663,0.1875994033379828,0.17639213071023674,0.19873291097032345,0.4569704749764769,0.18605842562814112,0.4566491309255002
0.615,0.17239079693231077,0.1913861176948876,0.18071023674558184,0.20241747249083025,0.4596597264153109,0.1898305276889547,0.4593591046906834
0.62,0.1770590196732244,0.19521021521688417,0.1843947982660887,0.20640213404468155,0.4623873623540181,0.19363456214628522,0.4620555624053255
0.625,0.18072690896965654,0.19908771726044172,0.18804601533844614,0.21040346782260755,0.4651163334057623,0.19747005212554242,0.4647385714810097
0.63,0.18606202067355784,0.20297022597789546,0.1920640213404468,0.21407135711903968,0.4677752110229601,0.20133651261698587,0.4674081989931028
0.635,0.18939646548849617,0.20689579209085734,0.19539846615538514,0.21808936312104032,0.4704027134837405,0.20523345069329646,0.47006451168243146
0.64,0.19273091030343448,0.21081201241254643,0.19973324441480494,0.22175725241747246,0.47303121727929903,0.20916036572893637,0.47270757595695145
0.645,0.1963987995998666,0.21477396035582116,0.20370123374458154,0.2257419139713238,0.4756820842182624,0.2131167496211765,0.4753374578934071
0.65,0.2004001333777926,0.21877429279896765,0.20740246748916305,0.22975991997332443,0.47830157600080875,0.21710208701268124,0.47795422323898396
0.655,0.20440146715571858,0.22278597370294578,0.21138712904301432,0.23407802600866956,0.48087534016176825,0.22111585551553326,0.48055793741295183
0.66,0.20773591197065688,0.22687275471536875,0.21573857952650882,0.23807935978659553,0.48346011900530117,0.22515752593658017,0.4831486655083008
0.665,0.21273757919306435,0.2309241552322574,0.22007335778592865,0.2420806935645215,0.48608161345740536,0.2292265625039938,0.4857264722933681
0.67,0.21540513504501502,0.23497989486652343,0.2237412470823608,0.24643214404801597,0.48863134558366206,0.23332242309492035,0.48829142221345756
0.675,0.21807269089696565,0.23918716983071756,0.2280760253417806,0.250433477825942,0.49120410840984313,0.23744455946411175,0.4908435793924508
0.68,0.22307435811937312,0.24331300289953176,0.2323941313771257,0.2547515838612871,0.4937311436144375,0.24159241747342136,0.49338300763441045
0.685,0.22840946982327442,0.24743850219008587,0.2367289096365455,0.2590863621207069,0.4962865499711114,0.24576543732205314,0.4959097704251745
0.6900000000000001,0.23207735911970656,0.2516204100065384,0.24008002667555853,0.26375458486162057,0.49879289092360074,0.249963053777444,0.49842393093394455
0.6950000000000001,0.23607869289763253,0.2558403685446038,0.24474824941647216,0.2674391463821274,0.5013506337280943,0.2541846964066776,0.5009255520148641
0.7000000000000001,0.2420806935645215,0.2600593257478891,0.2493997999333111,0.27242414138046017,0.5038713271457519,0.25842978980830666,0.5034146962085906
0.705,0.24541513837945983,0.26436973819434656,0.25341780593531177,0.27675891963988,0.5063903516721127,0.2626977538444792,0.5058914257438583
0.71,0.24974991663887963,0.26863141901488036,0.25775258419473157,0.2807602534178059,0.5088866792768094,0.26698800387325566,0.5083558025390349
0.715,0.2550850283427809,0.27291679809185654,0.2620706902300767,0.2847782594198066,0.5113703233076363,0.27129995098100557,0.5108078882036684
0.72,0.25808602867622543,0.277264259925147,0.2657385795265088,0.2891130376792264,0.5137935534734478,0.27563300221477993,0.5132477440400283
0.725,0.26175391797265757,0.2816574493800234,0.2704234744914972,0.2937645881960654,0.5162635125956235,0.2799865608145443,0.5156754310446375
0.73,0.2677559186395465,0.28602126634804215,0.2744248082694231,0.2974491497165722,0.518671722739746,0.2843600264451708,0.5180910099097975
0.735,0.2717572524174725,0.290411118020321,0.2790763587862621,0.301783927975992,0.5211493587618969,0.28875279542808013,0.5204945410251058
0.74,0.27675891963988,0.2948193274968866,0.2834278092697566,0.3064354784928309,0.5235405462147714,0.29316426097243226,0.5228860844789656
0.745,0.28176058686228744,0.2992101805039447,0.2870956985661887,0.3107869289763254,0.5259500914719326,0.29759381340575564,0.5252657000600875
0.75,0.2887629209736579,0.30365810959342193,0.2920806935645215,0.31510503501167053,0.5282508250164151,0.3020408404039196,0.5276334472589853
0.755,0.2930976992330777,0.3080472937091808,0.2964154718239413,0.3194398132710904,0.5306216519954439,0.3065047272203422,0.529989385269462
0.76,0.2974324774924975,0.31251958861161994,0.300433477825942,0.32444148049349786,0.532974121170188,0.3109848569143393,0.5323335729900908
0.765,0.30143381127042346,0.3170205884443964,0.3047682560853618,0.32910970323441147,0.535275188492928,0.3154806105785102,0.5346660690256866
0.77,0.3061020340113371,0.321495887351173,0.30943647882627545,0.33344448149383127,0.53762999411549,0.31999136756506746,0.5369869316887719
0.775,0.3127709236412137,0.32599621962742986,0.31377125708569525,0.33811270423474493,0.5399450801251398,0.32451650571101254,0.5392962190010342
0.78,0.3177725908636212,0.3305305972861824,0.31810603534511506,0.34246415471823943,0.5422307936479325,0.3290554015620624,0.5415939886947765
0.785,0.32344114704901633,0.3350973514361309,0.3237579193064355,0.3474491497165722,0.5445311934141557,0.33360743059523645,0.5438802982143608
0.79,0.32777592530843613,0.339691475403379,0.32742580860286763,0.35145048349449814,0.5467902046761669,0.33817196744000827,0.5461552047176441
0.795,0.33111037012337446,0.3441928090144158,0.33211070356785594,0.3561187062354118,0.549049883494699,0.34274838609793845,0.5484187650774077
0.8,0.33644548182727574,0.34878426275558627,0.33644548182727574,0.3604534844948316,0.5512958774045792,0.3473360601606937,0.5506710358827784
0.805,0.34244748249416473,0.3534191076705244,0.3410970323441147,0.36513837945982,0.5535518846622554,0.3519343630263715,0.5529120734406436
0.81,0.3474491497165722,0.357991869829148,0.3454484828276092,0.3697899299766589,0.5557468104983939,0.35654266811404073,0.5551419337770589
0.8150000000000001,0.3527842614204735,0.3626073556050208,0.3507835945315105,0.3741413804601534,0.5579524172388461,0.36116034907641853,0.5573606726386489
0.8200000000000001,0.3584528176058686,0.36729527126326017,0.35576858952984325,0.37880960320106705,0.5601740453357654,0.365786780010601,0.5595683454940008
0.8250000000000001,0.3634544848282761,0.37186536319580654,0.35978659553184394,0.3837945981993998,0.5623509471458782,0.37042133566676727,0.5617650075350509
0.8300000000000001,0.3674558186062021,0.37646616272824984,0.3647715905301767,0.3881293764588196,0.564528850290771,0.3750633916547816,0.5639507136784645
0.835,0.3721240413471157,0.38111769655617633,0.3697899299766589,0.39213071023674556,0.5666934023052717,0.37971232464861493,0.5661255185670091
0.84,0.3764588196065355,0.3857154920842815,0.373457819273091,0.39713237745915303,0.5688138955894869,0.3843675125885132,0.5682894765709203
0.845,0.38512837612537515,0.3903646894643896,0.37910970323441145,0.4021340446815605,0.5709083541694411,0.38902833488084193,0.5704426417892609
0.85,0.3907969323107703,0.3950208961879524,0.3837779259753251,0.4061520506835612,0.5730345216840724,0.3936941725955342,0.5725850680512733
0.855,0.39646548849616536,0.39969746338535966,0.3884628209403134,0.41080360120040016,0.5751293140422846,0.39836440866107453,0.5747168089177259
0.86,0.4008002667555852,0.40436368345671425,0.3927975991997332,0.41580526842280763,0.5772307819656933,0.40303842805695544,0.5768379176822511
0.865,0.4061353784594865,0.4090505977801744,0.3974658219406469,0.42015671890630213,0.5793148934195947,0.407715618003538,0.5789484473726788
0.87,0.4094698232744248,0.4136981262689837,0.4021340446815605,0.4254751583861287,0.5813746390605344,0.4123953681492555,0.581048450752361
0.875,0.41380460153384463,0.4183746934663914,0.40711903967989327,0.43014338112704237,0.5834540776187984,0.4170770707551044,0.5831379803214916
0.88,0.41647215738579524,0.422990179242264,0.41180393464488163,0.434811603867956,0.5855615535508837,0.42176012087635817,0.5852170883184187
0.885,0.42180726908969657,0.4276116730268118,0.41647215738579524,0.438812937645882,0.5876049440570953,0.4264439165414495,0.5872858267209504
0.89,0.4264754918306102,0.4323052629154664,0.4208069356452151,0.44381460486828944,0.5896957310761913,0.4311278589279716,0.5893442472476544
0.895,0.43314438146048684,0.43698149633461386,0.42579193064354787,0.4488329443147716,0.5917614847258057,0.43581135253573927,0.5913924013591516
0.9,0.43781260420140045,0.44167475244500903,0.4304601533844615,0.4538179393131044,0.5937661569538853,0.44049380535686644,0.5934303402594009
0.905,0.4434811603867956,0.4463396374033254,0.43547849283094364,0.4581527175725242,0.595847264403449,0.44517462904280747,0.5954581148969812
0.91,0.4471490496832277,0.45101153170509584,0.4401467155718573,0.462487495831944,0.5978622837575822,0.4498532390683193,0.597475775966364
0.915,0.4521507169056352,0.4557171376111015,0.4448149383127709,0.4671557185728576,0.5998626168682842,0.4545290548923,0.5994833739091812
0.92,0.45448482827609205,0.4603459745173644,0.4494831610536846,0.47150716905635215,0.6018462610660003,0.45920150011546196,0.6014809589154859
0.925,0.45715238412804265,0.46504323596687674,0.45480160053351115,0.47615871957319106,0.6038138839072488,0.46387000263480105,0.6034685809250071
0.93,0.4618206068689563,0.46972347472514137,0.45915305101700565,0.48049349783261086,0.6057848445310937,0.46853399479482355,0.605446289628399
0.935,0.46515505168389465,0.4744087201573027,0.46313771257085695,0.48551183727909303,0.6078112123460573,0.4731929135354957,0.6074141344684816
0.9400000000000001,0.46782260753584526,0.4790428975157213,0.4681560520173391,0.48984661553851283,0.6097781676307851,0.4778462005368833,0.6093721646414789
0.9450000000000001,0.4724908302767589,0.48365638062203536,0.47280760253417803,0.4948482827609203,0.6117187544329918,0.4824933023604507,0.611320429098247
0.9500000000000001,0.47582527509169725,0.4881710653634626,0.4768256085361787,0.4988329443147716,0.6136192878440302,0.48713367058698803,0.6132589765454988
0.9550000000000001,0.4811603867955985,0.4927485004177233,0.4818106035345115,0.5045015005001667,0.615531837272418,0.4917667619511426,0.6151878554470215
0.96,0.48449483161053686,0.4973810088848436,0.48682894298099366,0.5088362787595865,0.6174550676051189,0.49639203847252794,0.6171071140248879
0.965,0.49083027675891966,0.5019841448651053,0.4904968322774258,0.5131710570190063,0.6193602739117915,0.5010089675833875,0.6190168002606627
0.97,0.49549849949983327,0.506517854967339,0.49516505501833946,0.5175058352784262,0.6212294321664121,0.5056170222527948,0.6209169618966012
0.975,0.5015005001667222,0.5111022993650538,0.49948316105368457,0.5215238412804267,0.6231049322079665,0.5102156811073664,0.622807646436843
0.98,0.5061687229076359,0.5156513632672354,0.5048349449816606,0.5261753917972658,0.6249734229060673,0.5148044285484774,0.6246889011486004
0.985,0.5121707235745249,0.5202191187519639,0.5091697232410803,0.5311937312437479,0.6268372407085314,0.5193827548659598,0.6265607730633391
0.99,0.51783927975992,0.5248492907712644,0.5135045015005002,0.5358452817605869,0.6286973869501371,0.523950156348273,0.6284233089779543
0.995,0.5225075025008337,0.529330263908457,0.5185061687229077,0.5405301767255751,0.6305515251830696,0.5285061353891363,0.6302765554559411
1.0,0.5278426142047349,0.5338469513194425,0.5231743914638213,0.545515171723908,0.6323949825116881,0.5330502005906137,0.6321205588285577
1.0050000000000001,0.5325108369456486,0.5382554945742684,0.5275091697232411,0.5498499499833278,0.6342447816272427,0.5375818668626449,0.6339553651959846
1.01,0.5378459486495498,0.5427247854723681,0.5321773924641547,0.5545181727242414,0.6360134726256763,0.5421006555190166,0.6357810204284766
1.0150000000000001,0.5411803934644882,0.5472504848963672,0.5368456152050683,0.5582027342447482,0.6378422437108663,0.5466060943697749,0.6375975701675097
1.02,0.5485161720573525,0.5517708438682094,0.541513837945982,0.5621873957985996,0.6396666756786784,0.5510977178100697,0.6394050598269216
1.025,0.5521840613537846,0.5562521507836609,0.546165388462821,0.5665221740580193,0.6414740849552454,0.5555750669054434,0.6412035345940483
1.03,0.5561853951317106,0.5606623629297848,0.5505168389463154,0.571190396798933,0.6432661404318645,0.5600376894735559,0.6429930394308526
1.035,0.5598532844281428,0.5650512132672856,0.5548349449816606,0.5755251750583528,0.6450385029911535,0.5644851401623564,0.6447736190750485
1.04,0.567189063021007,0.5694724400959809,0.5595198399466489,0.5805268422807602,0.6467961793070169,0.5689169805247076,0.6465453180412198
1.045,0.5721907302434145,0.5738369246205182,0.5638546182060686,0.5848616205401801,0.6485571934054757,0.5733327790894678,0.6483081806219331
1.05,0.5785261753917973,0.5781376574974436,0.5685228409469824,0.5891963987995998,0.6503075265996233,0.5777321114290446,0.6500622508888447
1.055,0.582860953651217,0.5824510739482383,0.5728409469823275,0.5935478492830943,0.65203349398081,0.5821145602234263,0.6518075726938024
1.06,0.5885295098366122,0.5868496038552715,0.577192397465822,0.5978659553184394,0.6537864974010359,0.586479715320713,0.6535441896699425
1.065,0.5938646215405136,0.5911656905321454,0.581193731243748,0.6022007335778593,0.6555121310039614,0.5908271737941492,0.6552721452327799
1.07,0.5975325108369457,0.595468092300369,0.5855285095031677,0.606535511837279,0.6572374308286274,0.5951565399956895,0.6569914825812934
1.075,0.600866955651884,0.5996977304079667,0.5895298432810937,0.6105535178392797,0.6589620630967742,0.5994674256061017,0.6587022446990063
1.08,0.60486828942981,0.6039614138980589,0.5935145048349451,0.6145548516172057,0.6606306206172831,0.6037594496816368,0.6604044743550609
1.085,0.6085361787262421,0.608250464535892,0.5978659553184394,0.6188896298766255,0.6622928363508547,0.6080322386972823,0.6620982141052869
1.09,0.6118706235411804,0.6124297021262678,0.6018672890963654,0.6228909636545514,0.6639457062931565,0.6122854265866224,0.6637835062932667
1.095,0.6188729576525509,0.616659340233866,0.606535511837279,0.6275425141713905,0.6656269473875334,0.6165186547783279,0.6654603930513924
1.1,0.6242080693564521,0.6208726232067358,0.6102034011337112,0.6312270756918973,0.6673078547036522,0.6207315722293061,0.6671289163019205
1.105,0.6282094031343781,0.6250585363623055,0.6142047349116372,0.6355451817272424,0.6689263454851987,0.624923835454531,0.668789117758019
1.11,0.6322107369123041,0.6291773600876635,0.6181893964654885,0.6395465155051684,0.6705605238449518,0.6290951085535881,0.670441038924811
1.115,0.6358786262087363,0.6333439141041672,0.6228576192064021,0.644214738246082,0.6721840213003932,0.6332450632339577,0.6720847211004115
1.12,0.6398799599866623,0.6374754214033974,0.6268756252084028,0.648216072024008,0.6737744747081192,0.637373378831075,0.6737202053769605
1.125,0.6435478492830944,0.641570880650574,0.6308769589863288,0.652217405801934,0.6754036463939763,0.6414797423251908,0.6753475326416503
1.1300000000000001,0.6485495165055019,0.645618609606605,0.6345448482827609,0.6565521840613537,0.6769890931278074,0.6455638483550736,0.6769667435777471
1.135,0.6525508502834279,0.649596578906349,0.6388796265421808,0.6602200733577859,0.6785915625528834,0.6496253992285819,0.6785778786656087
1.1400000000000001,0.6585528509503168,0.6536559901014725,0.6428809603201067,0.6639046348782928,0.6801886915258037,0.6536641049301488,0.6801809781836962
1.145,0.6628876292097365,0.6576296202838376,0.6468822940980327,0.6682227409136379,0.6817784773770099,0.6576796831252074,0.6817760822095809
1.1500000000000001,0.6655551850616872,0.6615835575488791,0.6505501833944648,0.67189063021007,0.6833619214412815,0.6616718591616046,0.6833632306209468
1.155,0.6692230743581193,0.6655658659659986,0.6545515171723908,0.6762254084694899,0.6849386899403577,0.6656403660680341,0.6849424630965867
1.16,0.6728909636545515,0.6694754107224926,0.6585528509503168,0.679893297765922,0.6864987695264447,0.6695849445495332,0.6865138191173947
1.165,0.6792264088029343,0.6732935002358152,0.6622207402467489,0.6842280760253417,0.6880878878211316,0.6735053429800839,0.6880773379673533
1.17,0.6868956318772924,0.6771793467358654,0.6658886295431811,0.6879126375458485,0.6896372865029085,0.6774013173923583,0.689633058734515
1.175,0.6918972990996999,0.6809860877883552,0.6701900633544514,0.691563854618206,0.6911703300499565,0.6812726314646542,0.6911810203119801
1.18,0.6942314104701567,0.6848081826407927,0.6738912970990331,0.6952484161387129,0.692703707375264,0.6851190565050599,0.6927212613988687
1.185,0.6982327442480827,0.6885762054151517,0.6778759586528843,0.698916305435145,0.6942444278222877,0.6889403714329003,0.6942538205012883
1.19,0.7025675225075025,0.6923128530330939,0.6812270756918973,0.7022507502500833,0.6957280721868909,0.6927363627574993,0.6957787359332959
1.195,0.7062354118039347,0.6960772042465939,0.6858786262087363,0.7062354118039347,0.6972791397599666,0.6965068245543156,0.6972960458178572
1.2,0.7115705235078359,0.6997931576124307,0.6892297432477492,0.7099033011003668,0.6987768028114812,0.7002515584384887,0.6988057880877978
1.205,0.7145715238412804,0.7035291376738524,0.6932144048016006,0.7132544181393797,0.7002861481020866,0.7039703735358518,0.7003080004867537
1.21,0.7185728576192064,0.7071953580789861,0.6972157385795266,0.7169056352117372,0.7017637844580166,0.7076630864514494,0.7018027205701126
1.215,0.7235745248416139,0.7108542353624048,0.7005668556185395,0.720590196732244,0.7032704595225445,0.7113295212356194,0.7032899857059547
1.22,0.7262420806935646,0.714457371676444,0.704218072690897,0.7242580860286761,0.7047641172349408,0.7149695093476796,0.7047698330759857
1.225,0.729243081027009,0.7180698537817581,0.70756918972991,0.7282427475825275,0.7062330753561149,0.7185828896172739,0.7062422996764672
1.23,0.7329109703234411,0.7216252598046535,0.7108869623207736,0.7322440813604535,0.7076763325512908,0.7221695082034251,0.7077074223191406
1.235,0.7362454151383795,0.7251356057624818,0.7145715238412804,0.7355951983994664,0.7091225937508028,0.7257292185513495,0.7091652376321484
1.24,0.7399133044348116,0.7286379410420761,0.7182394131377126,0.7389129709903302,0.7105595091590421,0.7292618813470773,0.7106157820609493
1.245,0.7442480826942314,0.7321172456217473,0.7219073024341447,0.7425808602867623,0.7120097756976717,0.7327673644699385,0.7120590918692298
1.25,0.7485828609536512,0.7355845341840671,0.7255751917305768,0.7455985328442813,0.7134256630755454,0.7362455429429594,0.7134952031398099
1.2550000000000001,0.7535845281760587,0.7389817293118403,0.7285761920640214,0.7495831943981327,0.7148816038445908,0.7396962988812252,0.7149241517755465
1.26,0.7572524174724908,0.7424079631482101,0.7325608536178727,0.7525841947315772,0.7162717902964648,0.7431195214382614,0.7163459735002295
1.2650000000000001,0.75891963987996,0.745768442667409,0.735895298432811,0.7556018672890963,0.7177060354786272,0.7465151067504843,0.7177607038594767
1.27,0.7635878626208736,0.7491439422082979,0.7392297432477493,0.7592530843614538,0.7191546331259567,0.7498829578797755,0.7191683782216203
1.2750000000000001,0.766588862954318,0.7524186407147397,0.7422307435811938,0.7625875291763922,0.7205284644431019,0.7532229847542339,0.7205690317785927
1.28,0.7695898632877626,0.7557310561645328,0.745248416138713,0.7659219739913304,0.7219093051037037,0.7565351041071537,0.7219626995468058
1.285,0.7722574191397132,0.7589720430667426,0.7485661887295766,0.7685895298432811,0.7233021617816547,0.7598192394142913,0.7233494163680265
1.29,0.7752584194731578,0.7622033503994152,0.7519173057685895,0.7722574191397132,0.7247160464899717,0.7630753208294616,0.7247292169102477
1.295,0.7792597532510837,0.7654022812408944,0.7552517505835279,0.7755918639546515,0.7261095707244425,0.766303285118529,0.7261021356685544
1.3,0.7839279759919974,0.768626913008373,0.7582527509169723,0.7786095365121707,0.7274680482416395,0.7695030755918394,0.7274682069659875
1.305,0.7875958652884295,0.7717844553456418,0.7615705235078359,0.7815938646215406,0.7288121732936673,0.7726746420351488,0.7288274649544001
1.31,0.7915971990663555,0.774875242030961,0.7642547515838612,0.7849283094364788,0.7301506241152784,0.775817940639102,0.7301799436153131
1.315,0.7959319773257753,0.7780097536683062,0.7682394131377126,0.7875958652884295,0.731503093623801,0.7789329339273139,0.7315256767607634
1.32,0.8012670890296766,0.781083183884117,0.7712570856952318,0.7909303101033678,0.7328038275020614,0.7820195906831078,0.7328646980341497
1.325,0.8039346448816272,0.7841532763173317,0.7742580860286762,0.7939313104368123,0.7341562970105823,0.7850778858749621,0.7341970409110734
1.33,0.8066022007335779,0.7871709655637638,0.7772590863621207,0.7969323107702567,0.7354847344844018,0.7881078005807196,0.735522738700176
1.335,0.8112704234744915,0.7901746361232853,0.7802600866955652,0.7999333111037013,0.7368011559408694,0.7911093219106118,0.7368418245439713
1.34,0.8146048682894298,0.7931709635610933,0.7832610870290097,0.8026175391797266,0.7381065627147664,0.7940824429291493,0.738154331419674
1.345,0.8186062020673558,0.7960564766166628,0.7862454151383795,0.8059519839946648,0.7393825970018024,0.7970271625759325,0.7394602921400244
1.35,0.820273424474825,0.7989696932677919,0.7892630876958986,0.8086028676225409,0.7407003535713099,0.7999434855854348,0.7407597393541085
1.355,0.8222740913637879,0.801843524084272,0.7922474158052685,0.81162054018006,0.7420094319060644,0.8028314224058049,0.7420527055481743
1.36,0.8256085361787262,0.8047467273876081,0.7945981993997999,0.8152717572524175,0.7432407399062967,0.8056909891167475,0.7433392230464442
1.365,0.8282760920306769,0.8075304380739527,0.7975825275091698,0.8179559853284427,0.7445214470889711,0.808522207346527,0.7446193240119223
1.37,0.8302767589196399,0.8103094758646622,0.8002667555851951,0.8209403134378126,0.7457610995456937,0.8113251041881476,0.7458930404471997
1.375,0.8339446482160721,0.8130801691988742,0.8032677559186395,0.823291097032344,0.7470291231544973,0.8140997121147581,0.7471604041952535
1.3800000000000001,0.8366122040680227,0.8158144807027774,0.806268756252084,0.8256085361787262,0.7483305245892775,0.8168460688943343,0.7484214469402435
1.385,0.8392797599199733,0.8185007281372737,0.8089196398799601,0.8282760920306769,0.7495978806415615,0.8195642175036846,0.7496762002083039
1.3900000000000001,0.8416138712904302,0.8211619422022878,0.8115871957319107,0.8302934311437146,0.7508285210852743,0.822254206041831,0.7509246953683318
1.395,0.8446148716238746,0.8238408465150714,0.8145715238412804,0.8332777592530843,0.7520648357594019,0.8249160876428107,0.7521669636327712
1.4000000000000001,0.8486162054018006,0.8265023943583457,0.8169389796598866,0.8356285428476158,0.7532727792814494,0.8275499203879494,0.7534030360583935
1.405,0.8522840946982327,0.8291308981539052,0.8192564188062688,0.8389463154384795,0.7544980792730049,0.8301557672176505,0.7546329435470737
1.41,0.8536178726242081,0.8317617383972833,0.8215905301767257,0.8416138712904302,0.7557290534949747,0.83273369584275,0.7558567168465629
1.415,0.8546182060686895,0.8343301621060878,0.8245915305101701,0.843947982660887,0.756946676586555,0.8352837786554812,0.7570743865512576
1.42,0.8582860953651217,0.8368358355020581,0.8266088696232078,0.8462987662554184,0.7581849939302427,0.837806092640095,0.7582859831029636
1.425,0.8609536512170723,0.8393037919546767,0.8292764254751583,0.8489496498832945,0.7593772498740813,0.8403007192831831,0.7594915367916579
1.43,0.8642880960320106,0.8417717484072939,0.8316105368456153,0.8516172057352451,0.7605598262483891,0.8427677444837458,0.7606910777562454
1.435,0.8669556518839613,0.8441766207688177,0.8342780926975658,0.8539513171057019,0.7617580902009057,0.8452072584630503,0.761884635985313
1.44,0.8699566522174058,0.8465824944651223,0.8369456485495165,0.8562854284761587,0.7629600257142781,0.847619355674321,0.7630722413178782
1.445,0.8709569856618873,0.8489683414658411,0.8392797599199733,0.8586195398466155,0.7641482763189994,0.850004134712306,0.7642539234441365
1.45,0.8729576525508503,0.8513218119753629,0.8412804268089363,0.8609536512170723,0.7652874615195379,0.8523616982227611,0.7654297119062023
1.455,0.8749583194398133,0.8536178726242081,0.8436145381793931,0.8629543181060353,0.766440665406986,0.8546921528118927,0.7665996360988487
1.46,0.8752917639213071,0.855952985329444,0.8459486495498499,0.865621873957986,0.767608555537865,0.8569956089557991,0.7677637252702412
1.465,0.8766255418472825,0.858263732221718,0.8486162054018006,0.8679559853284429,0.7687674336557292,0.859272180909952,0.7689220085226698
1.47,0.879293097699233,0.8605007141185856,0.8509336445481828,0.8699566522174058,0.7699336548953087,0.8615219866187558,0.7700745148132762
1.475,0.8809603201067022,0.8626676025809072,0.8536012004001334,0.8723074358119373,0.7710611578567571,0.8637451476252235,0.7712212729547776
1.48,0.8826275425141714,0.8648722079865802,0.855618539513171,0.8743081027009002,0.772186991926905,0.8659417889808082,0.7723623116161873
1.485,0.8839613204401467,0.8670187359750536,0.8576192064021341,0.8763087695898633,0.773340863370873,0.8681120391554245,0.7734976593235312
1.49,0.8862954318106036,0.869115531002825,0.8599366455485162,0.8782927642547516,0.774479714793153,0.8702560299476982,0.7746273444605613
1.495,0.8876292097365789,0.871256718539147,0.8619539846615538,0.8803101033677893,0.7755688332547274,0.8723738963954811,0.7757513952694647
1.5,0.8886295431810604,0.8733054494975144,0.8639546515505169,0.8826275425141714,0.7767247073682545,0.8744657766866598,0.7768698398515702
1.5050000000000001,0.8909636545515172,0.8753708693688677,0.8659553184394798,0.8846282094031344,0.7778084853776751,0.8765318120703005,0.7779827061680507
1.51,0.8926308769589864,0.877403912749027,0.868272757585862,0.8863121040346782,0.7788902607175355,0.8785721467681554,0.7790900220406218
1.5150000000000001,0.8949649883294432,0.8794206009944576,0.8702900966988997,0.8882960986995665,0.7799957343138403,0.8805869278865701,0.7801918151522383
1.52,0.8962987662554185,0.8813835509400695,0.8722907635878626,0.8906468822940979,0.7810962012362478,0.8825763053288167,0.7812881130477852
1.5250000000000001,0.8966322107369123,0.8833324821987718,0.8746082027342448,0.8926308769589864,0.7821746387935115,0.8845404317078894,0.7823789431347672
1.53,0.8972990996999,0.8852627218749257,0.8762920973657886,0.8943147715905301,0.7832964675245421,0.8864794622597888,0.783464332683993
1.5350000000000001,0.8996332110703568,0.8871792766424299,0.8782927642547516,0.8966322107369123,0.7843819144252623,0.8883935547573263,0.7845443088302579
1.54,0.8999666555518506,0.889087820731702,0.8799433144381461,0.8979826608869623,0.7854443306260585,0.8902828694244757,0.785618898573022
1.545,0.9019673224408136,0.890960984325439,0.8822774258086029,0.9,0.7865120872790096,0.8921475688513005,0.7866881287770848
1.55,0.9043014338112704,0.892800436314943,0.8842947649216405,0.9019673224408136,0.7875961990666908,0.8939878179094843,0.7877520261732569
1.555,0.9049683227742581,0.8946285398436128,0.8859619873291097,0.9039679893297766,0.7886746366239529,0.8958037836684882,0.7888106173590288
1.56,0.906968989663221,0.8964322775593202,0.8876292097365789,0.9059686562187396,0.7897230341378394,0.8975956353123637,0.7898639287992353
1.565,0.9089696565521841,0.8982350139402488,0.889946648882961,0.9073024341447149,0.7907604169691522,0.899363544057242,0.790911986826717
1.57,0.9096365455151717,0.8999820093517991,0.891297099033011,0.9089696565521841,0.7918341816307806,0.9011076830695275,0.7919548176429796
1.575,0.9116372124041348,0.9016976296069342,0.893297765921974,0.9103034344781594,0.7928739009099129,0.9028282273848142,0.7929924473188473
1.58,0.9133044348116038,0.9033995649534162,0.8949649883294432,0.9119706568856285,0.7939066108455913,0.9045253538275505,0.7940249017951165
1.585,0.9139713237745916,0.9050420877696657,0.8966322107369123,0.9136545515171723,0.7948992673900973,0.9061992409314716,0.7950522068832027
1.59,0.9153051017005669,0.9066909523728464,0.8979659886628877,0.9156385461820606,0.7959533391343993,0.9078500688608213,0.7960743882657866
1.595,0.9163054351450484,0.9083558383324981,0.8996332110703568,0.916972324108036,0.7969740330527267,0.9094780193323824,0.797091471497456
1.6,0.9176392130710237,0.9099793357879383,0.9016338779593198,0.9183061020340113,0.7979957283058325,0.9110832755383343,0.7981034820053446
1.605,0.918972990996999,0.9115537678391967,0.9033011003667889,0.9199733244414805,0.7990074102111452,0.9126660220699576,0.7991104450897679
1.61,0.9213071023674558,0.9131004962948938,0.9049683227742581,0.9213071023674558,0.8000281041294721,0.9142264448422011,0.8001123859248556
1.615,0.9233077692564188,0.9146395478506197,0.9066188729576526,0.922974324774925,0.8010274362391733,0.9157647310191285,0.8011093295591803
1.62,0.9243081027009002,0.916181603410679,0.907952650883628,0.9243081027009002,0.8020371154749275,0.9172810689402631,0.8021013009163853
1.625,0.9246415471823941,0.9176682517796231,0.9093031010336778,0.9256418806268756,0.8030314409107346,0.9187756480478407,0.8030883247958059
1.6300000000000001,0.9253084361453818,0.9191348734529801,0.9113037679226409,0.9273257752584194,0.8040224285639423,0.9202486588149904,0.8040704258730906
1.635,0.9276425475158386,0.9206008275698171,0.9126375458486162,0.9283261087029009,0.804976700608578,0.9217002926748533,0.8050476287008175
1.6400000000000001,0.928976325441814,0.922012709608575,0.9143047682560853,0.9299766588862954,0.8059476615662015,0.923130741950654,0.8060199577091081
1.645,0.9303101033677893,0.9234326023255668,0.9153051017005669,0.9313104368122708,0.8069429883367867,0.9245401997867359,0.8069874372062382
1.6500000000000001,0.9313104368122708,0.9248508261512592,0.9173057685895298,0.9326442147382461,0.8079059386161755,0.9259288600805727,0.8079500913792459
1.655,0.9323107702567522,0.9262510259509263,0.9183061020340113,0.9339779926642214,0.8088495297564985,0.9272969174157665,0.8089079442945354
1.6600000000000001,0.93297765921974,0.9276345368376034,0.9196398799599866,0.9353117705901968,0.8097977937924582,0.9286445669960426,0.8098610198984795
1.665,0.9339779926642214,0.9289679809853193,0.920973657885962,0.9366455485161721,0.8107627467414059,0.9299720045802496,0.810809342018018
1.67,0.9359786595531844,0.9302647095244629,0.9223074358119373,0.9376458819606536,0.8117040014339114,0.9312794264183756,0.8117529343612532
1.675,0.9369789929976658,0.9315424127028007,0.9236412137379126,0.9389796598866289,0.8126138809699999,0.932567029188586,0.812691820518043
1.68,0.9373124374791597,0.9328281265593681,0.924974991663888,0.9403134378126042,0.8135538005494661,0.9338350099352913,0.81362602396059
1.685,0.9389796598866289,0.934083800372563,0.9263087695898633,0.9413137712570857,0.8144583396333972,0.9350835660082533,0.8145555680440291
1.69,0.9413137712570857,0.9353164434858332,0.9279759919973325,0.942647549183061,0.8153949214302657,0.9363128950027311,0.8154804760070107
1.695,0.9423141047015672,0.9365263896774398,0.928976325441814,0.9439813271090364,0.8163268303314977,0.9375231947006787,0.8164007709722821
1.7,0.9429809936645549,0.9377193131777987,0.9303101033677893,0.9446648882960986,0.8172327045284687,0.938714663012992,0.8173164759472653
1.705,0.9443147715905301,0.9389175771303145,0.9319773257752584,0.9459819939979993,0.8181609418688434,0.9398874979228163,0.8182276138246325
1.71,0.9453151050350117,0.9400611014482306,0.93297765921974,0.9469989996665554,0.8190761618570882,0.941041897429911,0.8191342073828779
1.715,0.946648882960987,0.9412193120095761,0.9343114371457152,0.9483161053684561,0.8199997263018275,0.9421780594960799,0.8200362792868878
1.72,0.9479826608869624,0.9423217816015409,0.9353117705901968,0.9493164388129376,0.8208875764727722,0.943296181991667,0.8209338520885068
1.725,0.9479826608869624,0.9434439441108319,0.9362954318106036,0.9506502167389129,0.8218021289044964,0.9443964626431184,0.8218269482271016
1.73,0.9489829943314438,0.9444859998377833,0.9373124374791597,0.9516505501833945,0.8226799657276476,0.9454790989816151,0.8227155900301222
1.735,0.9516505501833945,0.9455347311299291,0.938646215405135,0.952650883627876,0.8235564674377609,0.9465442882927726,0.82359979971366
1.74,0.9523174391463821,0.9465684424003864,0.9393131043681227,0.9533177725908636,0.8244586700738739,0.947592227567412,0.8244795993830032
1.745,0.9536512170723574,0.9476218465881684,0.9403134378126042,0.9543181060353451,0.8252937832797774,0.9486231134533987,0.8253550110331891
1.75,0.9539846615538513,0.9486088289022606,0.9413137712570857,0.9553184394798266,0.826138576055213,0.9496371422085492,0.8262260565495548
1.7550000000000001,0.9553184394798266,0.9496145027988997,0.942647549183061,0.9560020006668889,0.8270160791001064,0.9506345096546052,0.8270927577082836
1.76,0.9559853284428143,0.9506128335738211,0.9439813271090364,0.9570023341113704,0.827851859862531,0.9516154111322704,0.8279551361769495
1.7650000000000001,0.9576525508502834,0.9515844620879634,0.9449816605535178,0.9579859953317773,0.8287019930901239,0.952580041457311,0.8288132135150591
1.77,0.9583194398132711,0.9525704430672745,0.9459819939979993,0.9589863287762588,0.8295664787828859,0.9535285948777139,0.8296670111745905
1.7750000000000001,0.9583194398132711,0.9535260502249486,0.946648882960987,0.9599866622207403,0.8304206173495937,0.9544612650319013,0.83051655050053
1.78,0.9586528842947649,0.9544252488567256,0.9479826608869624,0.9606702234078025,0.8312714181337046,0.9553782449079958,0.8313618527314045
1.7850000000000001,0.9596532177392464,0.9553428052927888,0.94864954984995,0.9616538846282094,0.8321125393482837,0.9562797268041342,0.8322029389998141
1.79,0.9609869956652217,0.9562156354420452,0.9499666555518507,0.962320773591197,0.8329459836628886,0.9571659022898227,0.8330398303329594
1.795,0.962320773591197,0.9571145002955614,0.9506502167389129,0.9633211070356785,0.8337547283862721,0.9580369621683305,0.833872547653167
1.8,0.9636545515171724,0.957961629518817,0.9516338779593199,0.9639879959986662,0.834583499805241,0.9588930964401139,0.8347011117784134
1.805,0.9646548849616539,0.9588224436507206,0.9523174391463821,0.9649883294431477,0.8353598680374278,0.9597344942672679,0.8355255434228451
1.81,0.9653217739246416,0.9596468759523116,0.9529843281093698,0.9656552184061353,0.8361812963346817,0.9605613439389953,0.836345863197296
1.815,0.9666555518506169,0.9604713082539023,0.9539846615538513,0.966322107369123,0.8369923775058833,0.961373832838091,0.837162091609803
1.82,0.9679893297765922,0.9612980770033107,0.9549849949983328,0.9673224408136045,0.8377951142205902,0.9621721474084295,0.8379742490661193
1.825,0.9693231077025676,0.9620667683355223,0.9556518839613204,0.9676558852950984,0.8385908415918417,0.9629564731234524,0.8387823558702232
1.83,0.970323441147049,0.9628611605937364,0.9566355451817273,0.9686562187395799,0.8394049267673809,0.9637269944556455,0.8395864322248272
1.835,0.9709903301100367,0.9636482097302361,0.9573191063687896,0.9693231077025676,0.8402226835037764,0.9644838948469986,0.8403864982318819
1.84,0.9719906635545181,0.9643731761104216,0.9583194398132711,0.9699899966655552,0.8410027232968201,0.9652273566804396,0.8411825738930794
1.845,0.9726575525175059,0.9651205056340103,0.959303101033678,0.9706568856285428,0.8417977831115542,0.9659575612522333,0.8419746791103522
1.85,0.9729909969989997,0.9658598244793661,0.9599866622207403,0.9713404468156052,0.842571814895924,0.966674688745337,0.8427628336863724
1.855,0.9729909969989997,0.9665671006117851,0.9606535511837279,0.9719906635545181,0.8433461804585518,0.9673789182037031,0.8435470573250452
1.86,0.9739913304434812,0.9672727078529048,0.9613204401467156,0.9729909969989997,0.8441152055690244,0.9680704275075186,0.8443273696320027
1.865,0.9746582194064688,0.9679462723810861,0.9616538846282094,0.9733411137045681,0.8448902386881738,0.9687493933493739,0.845103790115093
1.87,0.9749916638879627,0.9685984751006427,0.9626542180726909,0.974324774924975,0.8456889700637626,0.9694159912113475,0.8458763381848686
1.875,0.9753251083694565,0.9692276471202771,0.9633044348116039,0.9746582194064688,0.8464660058524681,0.9700703953429989,0.8466450331550716
1.8800000000000001,0.9753251083694565,0.9698725067181198,0.9639879959986662,0.9753251083694565,0.847220344719511,0.97071277874026,0.8474098942431161
1.885,0.9753251083694565,0.9704736413639354,0.9649716572190731,0.9756585528509503,0.8479836955995672,0.9713433131252095,0.8481709405705694
1.8900000000000001,0.976325441813938,0.97110414849661,0.9653217739246416,0.976325441813938,0.8487487153709223,0.9719621689267264,0.8489281911636292
1.895,0.9769923307769256,0.9716889280076981,0.9659886628876292,0.9769923307769256,0.8494753506424059,0.9725695152620052,0.8496816649535996
1.9000000000000001,0.9776592197399133,0.9722997422230477,0.9666555518506169,0.9773424474824941,0.850185964557422,0.9731655199189251,0.8504313807773649
1.905,0.9776592197399133,0.9729178995601128,0.9673224408136045,0.9783261087029009,0.85093362785927,0.9737503493392613,0.8511773573778596
1.9100000000000001,0.9776592197399133,0.9734843212669159,0.9679893297765922,0.9786595531843948,0.8516659373611687,0.9743241686027261,0.8519196134045376
1.915,0.9783261087029009,0.974036056730289,0.9686562187395799,0.9793264421473825,0.8524125993282373,0.9748871414118279,0.852658167413838
1.92,0.9789929976658887,0.9746198349065998,0.9693064354784929,0.9796598866288763,0.8531666044170216,0.975439430077537,0.8533930378696498
1.925,0.9796598866288763,0.9751628921352197,0.9699899966655552,0.9799933311103701,0.8539186068362464,0.975981195505747,0.8541242431437727
1.93,0.980326775591864,0.9757086195899173,0.970323441147049,0.9806602200733577,0.8546449083294697,0.9765125971845163,0.8548518015163763
1.935,0.9813271090363455,0.9762146274317031,0.9709903301100367,0.9809936645548516,0.8553682058183562,0.9770337931720826,0.855575731176458
1.94,0.9813271090363455,0.976734320182138,0.9716572190730244,0.9813271090363455,0.8560804886246701,0.977544940085632,0.856296050222297
1.945,0.9816605535178393,0.9772436658065211,0.9719906635545181,0.9816605535178393,0.8567820905266722,0.9780461930908174,0.8570127766619071
1.95,0.9826608869623208,0.9777403278570324,0.972324108036012,0.9823274424808269,0.8575160689198699,0.9785377058920063,0.8577259284134864
1.955,0.9836612204068023,0.9782343196814659,0.9733244414804935,0.9826608869623208,0.8582497135348083,0.9790196307232517,0.858435523305866
1.96,0.9839946648882961,0.9787166292668089,0.9739746582194065,0.9829943314438147,0.8589609950063437,0.9794921183399687,0.8591415790789549
1.965,0.98432810936979,0.9791889255043602,0.974324774924975,0.9836612204068023,0.8596365622040852,0.9799553180113086,0.8598441133841846
1.97,0.98432810936979,0.9796492057245599,0.974974991663888,0.9839946648882961,0.8603465085625813,0.9804093775132123,0.8605431437849491
1.975,0.9846615538512837,0.9801101535012803,0.9753251083694565,0.98432810936979,0.8610344255559316,0.9808544431221368,0.8612386877570448
1.98,0.9846615538512837,0.9805530772519729,0.9756585528509503,0.9846615538512837,0.8617340247883752,0.9812906596094351,0.8619307626891072
1.985,0.9853284428142715,0.9809946658896282,0.976325441813938,0.9850116705568522,0.862443637368611,0.9817181702363835,0.8626193858830458
1.99,0.9859953317772591,0.9814282438490476,0.9769923307769256,0.9856618872957652,0.8631489108314706,0.9821371167498377,0.8633045745544762
1.995,0.9866622207402468,0.9818541449084939,0.9773257752584195,0.9859953317772591,0.8638381629378626,0.9825476393785078,0.8639863458331508
2.0,0.9869956652217405,0.9822817148592395,0.9776592197399133,0.9863287762587529,0.8645300852703319,0.982949876829839,0.8646647167633873
2.005,0.9869956652217405,0.9826905932274392,0.9783261087029009,0.9866622207402468,0.8651906324463838,0.9833439662874862,0.8653397043044941
2.0100000000000002,0.9869956652217405,0.9830881231348078,0.9786595531843948,0.9869956652217405,0.8658785494397356,0.9837300434093658,0.8660113253311951
2.015,0.9876625541847283,0.9834786436987201,0.9789929976658887,0.9873291097032344,0.866540765507087,0.9841082423262771,0.8666795966340506
2.02,0.9876625541847283,0.9838561469105019,0.9793264421473825,0.9876625541847283,0.867209323361373,0.9844786956410768,0.8673445349198783
2.025,0.9879959986662221,0.9842229692179724,0.9796598866288763,0.9879959986662221,0.8678758785461009,0.9848415344283958,0.8680061568121697
2.0300000000000002,0.9879959986662221,0.9845907928602216,0.9803101033677893,0.9883294431477159,0.8685397635047523,0.9851968882348836,0.868664478851507
2.035,0.9883294431477159,0.9849562800546514,0.9806602200733577,0.9886795598532844,0.8692079875807794,0.9855448850799705,0.8693195174959749
2.04,0.9883294431477159,0.985313422792587,0.9809936645548516,0.9890130043347782,0.8698608578568576,0.9858856514571334,0.8699712891215741
2.045,0.9896632210736912,0.9856692304174822,0.9813271090363455,0.9896632210736912,0.8705130605764145,0.9862193123356504,0.8706198100226289
2.05,0.9899966655551851,0.9860143571380675,0.9816605535178393,0.9896798932977658,0.8711415650395299,0.9865459911628383,0.8712650964121957
2.055,0.9906635545181727,0.9863551447412753,0.9819939979993331,0.9899966655551851,0.8717894286417114,0.9868658098667518,0.8719071644224681
2.06,0.9906635545181727,0.9866835825488706,0.9823274424808269,0.9903301100366789,0.8724376260221535,0.98717888885934,0.8725460301051793
2.065,0.9906635545181727,0.9870133554695052,0.9829943314438147,0.9906635545181727,0.8730978394199465,0.9874853470400434,0.8731817094320049
2.07,0.9909969989996665,0.9873050776685292,0.9829943314438147,0.9909969989996665,0.8737386936786734,0.9877853017998203,0.8738142182949612
2.075,0.9913304434811604,0.987595130976253,0.9836612204068023,0.9909969989996665,0.8743521781201014,0.9880788690255904,0.8744435725068028
2.08,0.9916638879626543,0.9878791762753026,0.9839946648882961,0.9913304434811604,0.8749906959310085,0.9883661631050852,0.8750697878014175
2.085,0.9916638879626543,0.9881772402612615,0.98432810936979,0.9916638879626543,0.8756061830419939,0.9886472969320906,0.8756928798342206
2.09,0.991997332444148,0.9884773069167793,0.9846615538512837,0.991997332444148,0.8762416968485655,0.9889223819120728,0.8763128641825452
2.095,0.9923307769256419,0.9887573468767126,0.9853117705901968,0.9923307769256419,0.8768625244117076,0.9891915279681723,0.8769297563460323
2.1,0.9923307769256419,0.989027373488853,0.9853284428142715,0.9923307769256419,0.8774606550531857,0.9894548435475585,0.8775435717470181
2.105,0.9923307769256419,0.9892873867532005,0.9856618872957652,0.9926642214071357,0.8780641261468198,0.9897124356281312,0.8781543257309197
2.11,0.9923307769256419,0.9895443960132111,0.9859953317772591,0.9926642214071357,0.8786826172621429,0.9899644097255562,0.8787620335666183
2.115,0.9929976658886296,0.9897887216993512,0.9863287762587529,0.9929976658886296,0.8792964354818307,0.990210869900628,0.8793667104468418
2.12,0.9929976658886296,0.9900367189463488,0.9866622207402468,0.9929976658886296,0.8799109212580366,0.9904519187669439,0.8799683714885432
2.125,0.9929976658886296,0.9903010713280749,0.9869956652217405,0.9933311103701233,0.8805207341386064,0.9906876574988824,0.8805670317332803
2.13,0.9929976658886296,0.9905360512229423,0.9873291097032344,0.9936645548516172,0.8811462345973844,0.990918185839872,0.8811627061475904
2.1350000000000002,0.9929976658886296,0.9907650231091343,0.9876458819606536,0.9936812270756918,0.8817470354649407,0.9911436021109418,0.8817554096233646
2.14,0.9933311103701233,0.9909876532083913,0.9879793264421475,0.9939979993331111,0.8823568483455102,0.9913640032195423,0.8823451569782208
2.145,0.9933311103701233,0.9912156237598043,0.9883294431477159,0.9943314438146049,0.8829626558869627,0.9915794846686268,0.8829319629558736
2.15,0.9936645548516172,0.9914345822982041,0.9883294431477159,0.9943314438146049,0.8835738038805716,0.991790140565981,0.883515842226503
2.1550000000000002,0.9939979993331111,0.9916378532583956,0.9886462154051351,0.9946648882960987,0.8841465673743091,0.9919960636337949,0.8840968093871213
2.16,0.9939979993331111,0.9918411242185864,0.9889963321107036,0.9946815605201733,0.8847336833332158,0.9921973452184614,0.8846748789619375
2.165,0.9939979993331111,0.9920440614005177,0.9889963321107036,0.9949983327775925,0.8853174615095237,0.9923940753005966,0.8852500654027212
2.17,0.9939979993331111,0.9922319785607601,0.9893297765921975,0.9949983327775925,0.88590524502495,0.9925863425052701,0.8858223830891635
2.1750000000000003,0.9946648882960987,0.9924379197470291,0.9896465488496166,0.9953317772590864,0.8864746707360904,0.9927742341124338,0.8863918463292363
2.18,0.9946648882960987,0.9926411907072202,0.9896632210736912,0.9953317772590864,0.8870234021951264,0.992957836067545,0.8869584693595501
2.185,0.9946648882960987,0.9928417914413327,0.9899966655551851,0.9956652217405801,0.8875998372497214,0.9931372329923678,0.8875222663457104
2.19,0.9946648882960987,0.9930186939190028,0.9899966655551851,0.9956652217405801,0.8881375540261842,0.9933125081959508,0.8880832513826711
2.195,0.9946648882960987,0.9931972652879713,0.9903301100366789,0.9956652217405801,0.8887199970894558,0.9934837436857653,0.8886414384950874
2.2,0.9946648882960987,0.9933748353221609,0.990646882294098,0.995998666222074,0.8892580476441779,0.9936510201790003,0.8891968416376661
2.205,0.9946648882960987,0.9935330462172843,0.9906635545181727,0.995998666222074,0.8898127871118875,0.9938144171140035,0.8897494746955148
2.21,0.9949983327775925,0.9936972651210823,0.9909969989996665,0.9963321107035679,0.8903742021447927,0.9939740126618601,0.8902993514844886
2.215,0.9953317772590864,0.993845128890153,0.9909969989996665,0.9963321107035679,0.8909049095778016,0.9941298837381006,0.8908464857515359
2.22,0.9953317772590864,0.9939923251027045,0.9913304434811604,0.9966655551850617,0.8914559774846549,0.9942821060145306,0.891390891175042
2.225,0.9953317772590864,0.9941548751152037,0.9913304434811604,0.9966655551850617,0.892014722291482,0.9944307539311732,0.8919325813651707
2.23,0.9953317772590864,0.994301403771235,0.9916638879626543,0.9966655551850617,0.8925430932766721,0.9945759007083178,0.8924715698642051
2.235,0.9956652217405801,0.9944369177446941,0.9916638879626543,0.9969989996665555,0.8930754696009796,0.994717618358665,0.8930078701468855
2.24,0.9956652217405801,0.9945827788442055,0.991997332444148,0.9969989996665555,0.893609181038325,0.994855977699564,0.8935414956207473
2.245,0.9956652217405801,0.9947219643785216,0.991997332444148,0.9969989996665555,0.8941438938104495,0.9949910483653304,0.8940724596264547
2.25,0.995998666222074,0.9948614836910976,0.9923307769256419,0.9973324441480493,0.8946886199303669,0.9951228988196408,0.8946007754381357
2.255,0.995998666222074,0.995003005673232,0.9923307769256419,0.9973324441480493,0.8952219975894538,0.9952515963679961,0.8951264562637131
2.2600000000000002,0.995998666222074,0.9951318440814951,0.9926642214071357,0.9973324441480493,0.8957386863355525,0.9953772071702457,0.8956495152452351
2.265,0.9963321107035679,0.9952520042550052,0.9926642214071357,0.997349116372124,0.8962436928425604,0.9954997962531662,0.896169965459203
2.27,0.9963321107035679,0.9953654888633211,0.9926642214071357,0.9976658886295432,0.8967673909321139,0.99561942752309,0.8966878199168998
2.275,0.9966655551850617,0.9954819774759746,0.9929976658886296,0.9976658886295432,0.8972864161260303,0.995736163778573,0.8972030915647136
2.2800000000000002,0.9973324441480493,0.9956038065407831,0.9933311103701233,0.9976825608536178,0.8978104479938424,0.9958500667231005,0.8977157932844626
2.285,0.9976658886295432,0.9957343138403453,0.9933311103701233,0.9979993331110371,0.898323131400825,0.9959611969778205,0.8982259378937163
2.29,0.9976658886295432,0.9958508024529981,0.9936478826275426,0.9979993331110371,0.8988124503296239,0.9960696140943003,0.8987335381461166
2.295,0.9979993331110371,0.9959629519482746,0.9936645548516172,0.9979993331110371,0.8993278039626833,0.9961753765673022,0.8992386067316963
2.3000000000000003,0.9979993331110371,0.9960747676652906,0.9936645548516172,0.9979993331110371,0.899814118887144,0.9962785418475695,0.8997411562771963
2.305,0.9979993331110371,0.9961732322519175,0.9939979993331111,0.9983327775925308,0.9003137849419937,0.9963791663546189,0.9002411993463814
2.31,0.9979993331110371,0.9962696941689853,0.9939979993331111,0.9983327775925308,0.9008011012012346,0.9964773054895343,0.9007387484403544
2.315,0.9979993331110371,0.9963688263121318,0.9943314438146049,0.9983327775925308,0.9012894187952536,0.9965730136477557,0.9012338159978684
2.32,0.9979993331110371,0.9964666233422388,0.9943314438146049,0.9983327775925308,0.9018031035370142,0.9966663442318595,0.9017264143956385
2.325,0.9983327775925308,0.9965577448071506,0.9943314438146049,0.9983327775925308,0.9023017682570861,0.996757349664323,0.9022165559486499
2.33,0.9986662220740247,0.9966371840329712,0.9946648882960987,0.9986662220740247,0.9028107801032103,0.9968460814002702,0.9027042529104672
2.335,0.9986662220740247,0.9967279717196238,0.9946648882960987,0.9986662220740247,0.9033214608406331,0.996932589940195,0.9031895174735398
2.34,0.9986662220740247,0.9968184256280165,0.9949983327775925,0.9986662220740247,0.9038418211475893,0.9970169248426538,0.9036723617695069
2.345,0.9986662220740247,0.996904206640773,0.9949983327775925,0.9986662220740247,0.9043374818633252,0.9970991347369268,0.9041527978695013
2.35,0.9986662220740247,0.9969916565448279,0.9949983327775925,0.9986662220740247,0.9048341439138383,0.9971792673356418,0.9046308377844504
2.355,0.9989996665555185,0.997074433553247,0.9949983327775925,0.9989996665555185,0.9052857458992845,0.9972573694473564,0.9051064934653769
2.36,0.9989996665555185,0.9971451945443144,0.9949983327775925,0.9989996665555185,0.905750031458602,0.9973334869890969,0.9055797768036976
2.365,0.9993331110370124,0.9972206284310184,0.9953317772590864,0.9989996665555185,0.9062216601396345,0.9974076649988448,0.9060506996315209
2.37,0.9993331110370124,0.9972953947612029,0.9953317772590864,0.9989996665555185,0.9066886159250297,0.9974799476479747,0.9065192737219415
2.375,0.9993331110370124,0.9973765028783226,0.9953317772590864,0.9989996665555185,0.9071425543582952,0.9975503782536324,0.9069855107893365
2.38,0.9993331110370124,0.9974526043215465,0.9956652217405801,0.9989996665555185,0.9076151843741059,0.9976189992910559,0.9074494224896568
2.3850000000000002,0.9993331110370124,0.9975133519648218,0.9956652217405801,0.9989996665555185,0.9080844766073188,0.9976858524058317,0.9079110204207188
2.39,0.9993331110370124,0.9975871169602277,0.9956652217405801,0.9993331110370124,0.9085551039535701,0.997750978426086,0.9083703161224952
2.395,0.9993331110370124,0.9976562090599969,0.9956652217405801,0.9993331110370124,0.9089913521390678,0.9978144173746053,0.9088273210774022
2.4,0.9993331110370124,0.9977156215902331,0.9956652217405801,0.9993331110370124,0.9094289354376044,0.9978762084808865,0.9092820467105875
2.4050000000000002,0.9993331110370124,0.9977720301161314,0.995998666222074,0.9993331110370124,0.9098942223317,0.9979363901931103,0.9097345043902157
2.41,0.9993331110370124,0.997833779094186,0.995998666222074,0.9993331110370124,0.9103618456736153,0.9979950001900375,0.9101847054277523
2.415,0.9993331110370124,0.9978961956287598,0.995998666222074,0.9993331110370124,0.9108061045373472,0.9980520753928251,0.9106326610782468
2.42,0.9993331110370124,0.997955608158996,0.995998666222074,0.9993331110370124,0.9112680536488466,0.9981076519767592,0.9110783825406137
2.4250000000000003,0.9993331110370124,0.9980096802370763,0.9963321107035679,0.9993331110370124,0.9117079733952016,0.9981617653829022,0.9115218809579128
2.43,0.9993331110370124,0.9980647536499357,0.9963321107035679,0.9993331110370124,0.9121592416023884,0.9982144503296534,0.9119631674176274
2.435,0.9993331110370124,0.9981191595062756,0.9963321107035679,0.9993331110370124,0.9126048355791601,0.9982657408242188,0.9124022529519423
2.44,0.9996665555185061,0.9981749004756545,0.9963321107035679,0.9993331110370124,0.9130474255515941,0.9983156701739905,0.9128391485380187
2.445,0.9996665555185061,0.9982316427798129,0.9963321107035679,0.9996665555185061,0.9134970248674819,0.9983642709978306,0.9132738650982688
2.45,0.9996665555185061,0.9982780379579187,0.9966655551850617,0.9996665555185061,0.9139259299312654,0.9984115752372614,0.9137064135006295
2.455,0.9996665555185061,0.9983267695838426,0.9966655551850617,0.9996665555185061,0.9143434865342176,0.9984576141675565,0.9141368045588332
2.46,0.9996665555185061,0.9983721634271693,0.9966655551850617,0.9996665555185061,0.9147827387240538,0.9985024184087347,0.9145650490326788
2.465,0.9996665555185061,0.9984178910487557,0.9969823274424808,0.9996665555185061,0.9151892806444336,0.9985460179364513,0.9149911576283004
2.47,0.9996665555185061,0.9984666226746798,0.9969989996665555,0.9996665555185061,0.9156255288299314,0.9985884420927894,0.9154151409984354
2.475,0.9996665555185061,0.9985016693919541,0.9969989996665555,0.9996665555185061,0.9160347409763896,0.998629719596947,0.9158370097426897
2.48,0.9996665555185061,0.9985460619005013,0.9969989996665555,0.9996665555185061,0.9164593069227955,0.9986698785558183,0.9162567744078041
2.485,0.9996665555185061,0.9985894530742697,0.9969989996665555,0.9996665555185061,0.916867851512733,0.9987089464744717,0.916674445487917
2.49,0.9996665555185061,0.9986234984567647,0.9969989996665555,0.9996665555185061,0.917274059654854,0.9987469502665179,0.9170900334248273
2.495,0.9996665555185061,0.9986645531827147,0.9973324441480493,0.9996665555185061,0.9176872771404285,0.9987839162643725,0.917503548608255
2.5,0.9996665555185061,0.9987026039043266,0.9973324441480493,0.9996665555185061,0.9180961555086261,0.9988198702294078,0.9179150013761012
2.505,0.9996665555185061,0.9987423235172376,0.9973324441480493,0.9996665555185061,0.9184950205290315,0.9988548373619962,0.9183244020147066
2.5100000000000002,0.9996665555185061,0.9987790391258103,0.9973324441480493,1.0,0.9188998935581126,0.9988888423114423,0.9187317607591083
2.515,0.9996665555185061,0.998815087177864,0.9973324441480493,1.0,0.9193024301393746,0.998921909185803,0.9191370877932963
2.52,0.9996665555185061,0.9988524703429568,0.9973324441480493,1.0,0.9197283311988198,0.9989540615615979,0.9195403932504675
2.525,0.9996665555185061,0.9988825103863348,0.9973324441480493,1.0,0.9201165153149136,0.9989853224934041,0.9199416872132795
2.5300000000000002,0.9996665555185061,0.998914886877531,0.9976658886295432,1.0,0.9205157141135787,0.9990157145233405,0.920340979714102
2.535,0.9996665555185061,0.9989445931426493,0.9976658886295432,1.0,0.9209099062383477,0.999045259690438,0.9207382807352684
2.54,0.9996665555185061,0.9989773034121052,0.9976658886295432,1.0,0.921316448158728,0.9990739795398951,0.9211336002093251
2.545,0.9996665555185061,0.9990086785685222,0.9976658886295432,1.0,0.9217146456226153,0.9991018951322205,0.9215269480192793
2.5500000000000003,0.9996665555185061,0.9990323768249649,0.9976658886295432,1.0,0.9220864746039817,0.9991290270522605,0.9219183339988468
2.555,0.9996665555185061,0.9990570764161868,0.9979826608869624,1.0,0.9224739911635553,0.9991553954181126,0.9223077679326976
2.56,0.9996665555185061,0.9990874502378245,0.9979993331110371,1.0,0.9228635103926878,0.9991810198899245,0.9226952595567003
2.565,0.9996665555185061,0.9991204942855404,0.9979993331110371,1.0,0.9232466878348857,0.9992059196785773,0.9230808185581655
2.57,0.9996665555185061,0.9991445263202429,0.9979993331110371,1.0,0.9236201857075498,0.999230113554256,0.9234644545760885
2.575,0.9996665555185061,0.9991722299158027,0.9979993331110371,1.0,0.9240000253671491,0.9992536198549038,0.9238461772013897
2.58,1.0,0.9991982646200636,0.9979993331110371,1.0,0.9243671814528778,0.9992764564945624,0.9242259959771545
2.585,1.0,0.999223631767805,0.9979993331110371,1.0,0.9247506926733342,0.9992986409715986,0.9246039203988723
2.59,1.0,0.9992486651372868,0.9979993331110371,1.0,0.925116847424284,0.9993201903768155,0.9249799599146731
2.595,1.0,0.9992730309502491,0.9979993331110371,1.0,0.9255090368794934,0.9993411214014513,0.9253541239255645
2.6,1.0,0.9992967292066917,0.9979993331110371,1.0,0.9259119072390151,0.9993614503450633,0.9257264217856661
2.605,1.0,0.9993194261283552,0.9983161053684562,1.0,0.9262817335508226,0.9993811931232999,0.9260968628024441
2.61,1.0,0.9993397866022004,0.9983327775925308,1.0,0.9266398776235373,0.9994003652755584,0.9264654562369429
2.615,1.0,0.9993591457412662,0.9983327775925308,1.0,0.9270040297049281,0.9994189819725319,0.9268322113040178
2.62,1.0,0.9993755008759944,0.9983327775925308,1.0,0.9273661791167611,0.9994370580236428,0.9271971371725645
2.625,1.0,0.9993961951280993,0.9983327775925308,1.0,0.9277263258590346,0.9994546078843661,0.9275602429657486
2.63,1.0,0.9994128840410871,0.9983327775925308,1.0,0.9280888090491269,0.9994716456634417,0.9279215377612339
2.6350000000000002,1.0,0.9994309080671141,0.9983327775925308,1.0,0.9284616393652718,0.9994881851299751,0.9282810305914092
2.64,1.0,0.9994452605322837,0.9983327775925308,1.0,0.9288000905206629,0.9995042397204301,0.9286387304436139
2.645,1.0,0.999462617001791,0.99864954984995,1.0,0.9291809315150424,0.9995198225455121,0.928994646260363
2.65,1.0,0.99947763702348,0.9986662220740247,1.0,0.9294913452966131,0.999534946396942,0.9293487869395705
2.6550000000000002,1.0,0.9994926570451691,0.9986662220740247,1.0,0.929839809799797,0.9995496237541236,0.9297011613347715
2.66,1.0,0.999503671727741,0.9986662220740247,1.0,0.9301899431942785,0.999563866790704,0.9300517782553447
2.665,1.0,0.9995163553016119,0.9986662220740247,1.0,0.9305160445540585,0.9995776873810266,0.9304006464667309
2.67,1.0,0.9995327104363398,0.9986662220740247,1.0,0.930862506387683,0.999591097106481,0.9307477746906541
2.6750000000000003,1.0,0.99954639534499,0.9986662220740247,1.0,0.9312119722256447,0.9996041072617461,0.9310931716053374
2.68,1.0,0.9995597464753802,0.9986662220740247,1.0,0.9315444153723593,0.9996167288609308,0.9314368458457221
2.685,1.0,0.9995744327188095,0.9986662220740247,1.0,0.931898220327698,0.9996289726436114,0.9317788060036819
2.69,1.0,0.9995854474013816,0.9986662220740247,1.0,0.932227325691816,0.9996408490807672,0.9321190606282386
2.695,1.0,0.9995977971969926,0.9986662220740247,1.0,0.9325507568255167,0.9996523683806149,0.9324576182257754
2.7,1.0,0.9996108145491232,0.9986662220740247,1.0,0.9328925457635039,0.9996635404943427,0.9327944872602503
2.705,1.0,0.9996224967882146,0.9986662220740247,1.0,0.9332420116014642,0.9996743751217457,0.9331296761534063
2.71,1.0,0.9996341790273061,0.9986662220740247,1.0,0.9335911436611669,0.9996848817167625,0.9334631932849832
2.715,1.0,0.9996455274881377,0.9986662220740247,1.0,0.9339135734600884,0.9996950694929142,0.9337950469929268
2.72,1.0,0.999653538166372,0.9986662220740247,1.0,0.9342430126024655,0.999704947428648,0.9341252455735971
2.725,1.0,0.9996632177359049,0.9989829943314439,1.0,0.9345674450709457,0.9997145242725852,0.9344537972819756
2.73,1.0,0.9996725635271781,0.9989996665555185,1.0,0.9348711832873208,0.9997238085486735,0.9347807103318725
2.735,1.0,0.9996855808793087,0.9989996665555185,1.0,0.9352029588775155,0.9997328085612485,0.9351059928961307
2.74,1.0,0.9996955942271014,0.9989996665555185,1.0,0.9355424113676841,0.9997415324000001,0.9354296531068316
2.745,1.0,0.9997049400183746,0.9989996665555185,1.0,0.9358605020492292,0.9997499879448503,0.9357516990554969
2.75,1.0,0.999715287144427,0.9989996665555185,1.0,0.9361966167568018,0.9997581828707384,0.9360721387932924
2.755,1.0,0.9997236316009211,0.9989996665555185,1.0,0.936523051894841,0.999766124652319,0.9363909803312283
2.7600000000000002,1.0,0.9997313085008954,0.9989996665555185,1.0,0.9368234523286193,0.9997738205685704,0.9367082316403593
2.765,1.0,0.9997409880704283,0.9989996665555185,1.0,0.9371482185753592,0.9997812777073171,0.9370239006519849
2.77,1.0,0.9997496663051821,0.9989996665555185,1.0,0.9374619701395283,0.9997885029696651,0.9373379952578469
2.775,1.0,0.9997560080921174,0.9989996665555185,1.0,0.937779727042814,0.9997955030743542,0.9376505233103266
2.7800000000000002,1.0,0.9997666889964296,0.9989996665555185,1.0,0.9380898070461253,0.9998022845620239,0.9379614926226417
2.785,1.0,0.9997753672311833,0.9989996665555185,1.0,0.9383998870494372,0.9998088537993991,0.9382709109690412
2.79,1.0,0.9997847130224565,0.9993164388129377,1.0,0.9386946132528005,0.9998152169833927,0.9385787860849999
2.795,1.0,0.9997933912572103,0.9993331110370124,1.0,0.9389853341170451,0.9998213801451278,0.9388851256674117
2.8000000000000003,1.0,0.9998007343789248,0.9993331110370124,1.0,0.939286735885603,0.9998273491538807,0.9391899373747821
2.805,1.0,0.9998050734963017,0.9993331110370124,1.0,0.9396041590106283,0.999833129720946,0.9394932288274196
2.81,1.0,0.9998120828397566,0.9993331110370124,1.0,0.9399135714574197,0.9998387274034227,0.9397950076076265
2.815,1.0,0.9998200935179908,0.9993331110370124,1.0,0.9402123029998989,0.999844147607927,0.9400952812598878
2.82,1.0,0.9998274366397055,0.9993331110370124,1.0,0.9405020225293649,0.999849395594226,0.9403940572910606
2.825,1.0,0.9998321095353421,0.9993331110370124,1.0,0.9408121025326766,0.999854476478802,0.9406913431705612
2.83,1.0,0.9998377837657579,0.9993331110370124,1.0,0.9410964816099866,0.9998593952383398,0.9409871463305521
2.835,1.0,0.9998431242179141,0.9993331110370124,1.0,0.941403223830701,0.9998641567131445,0.9412814741661277
2.84,1.0,0.9998504673396288,0.9993331110370124,1.0,0.9416886042427893,0.9998687656104881,0.9415743340354992
2.845,1.0,0.9998541389004861,0.9993331110370124,1.0,0.9419956802417628,0.9998732265078856,0.9418657332601785
2.85,1.0,0.9998588117961226,0.9993331110370124,1.0,0.9422823957668914,0.9998775438563031,0.9421556791251615
2.855,1.0,0.9998648198047982,0.9993331110370124,1.0,0.9425490845964338,0.9998817219832989,0.9424441788791099
2.86,1.0,0.9998694927004349,0.9993331110370124,1.0,0.9428324623389643,0.9998857650960968,0.9427312397345327
2.865,1.0,0.9998741655960715,0.9993331110370124,1.0,0.9431251858727676,0.9998896772845945,0.943016868867966
2.87,1.0,0.9998778371569288,0.9993331110370124,1.0,0.9434325956500014,0.9998934625243083,0.9433010734201531
2.875,1.0,0.9998808411612666,0.9993331110370124,1.0,0.9437229827359863,0.9998971246792534,0.9435838604962227
2.88,1.0,0.9998838451656045,0.9993331110370124,1.0,0.9439896715655289,0.9999006675047621,0.9438652371658662
2.8850000000000002,1.0,0.9998898531742801,0.9993331110370124,1.0,0.9442857328819301,0.9999040946502417,0.9441452104635154
2.89,1.0,0.9998951936264361,0.9993331110370124,1.0,0.9445570946071103,0.9999074096618702,0.944423787388517
2.895,1.0,0.9998995327438129,0.9993331110370124,1.0,0.9448371345670434,0.9999106159852349,0.9447009749053086
2.9,1.0,0.9999035380829302,0.9993331110370124,1.0,0.9451088300704819,0.9999137169679112,0.9449767799435927
2.9050000000000002,1.0,0.9999082109785666,0.9993331110370124,1.0,0.9453895375869358,0.9999167158619847,0.9452512093985097
2.91,1.0,0.9999105474263851,0.9993331110370124,1.0,0.9456785895598824,0.9999196158265174,0.9455242701308102
2.915,1.0,0.9999145527655022,0.9993331110370124,1.0,0.9459649713067507,0.9999224199299577,0.9457959689670266
2.92,1.0,0.9999165554350607,0.9993331110370124,1.0,0.946242341040606,0.9999251311524968,0.946066312699644
2.9250000000000003,1.0,0.999921562108957,0.9996665555185061,1.0,0.94650802853537,0.9999277523883722,0.9463353080872698
2.93,1.0,0.9999252336698143,0.9996665555185061,1.0,0.9467663729084199,0.9999302864481172,0.9466029618548029
2.935,1.0,0.9999269025611132,0.9996665555185061,1.0,0.9470337292944827,0.999932736060761,0.9468692806936012
2.94,1.0,0.999929906565451,0.9996665555185061,1.0,0.9472910723327529,0.999935103875977,0.9471342712616496
2.945,1.0,0.9999309079002302,0.9996665555185061,1.0,0.9475487491492826,0.9999373924661813,0.9473979401837261
2.95,1.0,0.9999342456828278,0.9996665555185061,1.0,0.9477907383876043,0.9999396043285839,0.9476602940515676
2.955,1.0,0.999935247017607,0.9996665555185061,1.0,0.9480474138693543,0.999941741887191,0.9479213394240343
2.96,1.0,0.9999369159089059,0.9996665555185061,1.0,0.9482994164554682,0.9999438074947606,0.9481810828272742
2.965,1.0,0.9999385848002047,0.9996665555185061,1.0,0.9485567594937384,0.9999458034347132,0.9484395307548859
2.97,1.0,0.9999402536915034,0.9996665555185061,1.0,0.9488084283015936,0.9999477319229956,0.9486966896680809
2.975,1.0,0.9999415888045424,0.9996665555185061,1.0,0.9490741157963576,0.9999495951099019,0.9489525659958457
2.98,1.0,0.9999442590306205,0.9996665555185061,1.0,0.9493294561650696,0.9999513950818513,0.9492071661351015
2.985,1.0,0.9999455941436596,0.9996665555185061,1.0,0.9495797898598856,0.999953133863122,0.9494604964508653
2.99,1.0,0.9999472630349584,0.9996665555185061,1.0,0.9498284546634025,0.9999548134175448,0.9497125632764082
2.995,1.0,0.9999512683740754,0.9996665555185061,1.0,0.9500724465712819,0.9999564356501548,0.9499633729134137
3.0,1.0,0.9999522697088546,0.9996665555185061,1.0,0.9503291220530323,0.9999580024088045,0.950212931632136
3.005,1.0,0.9999532710436339,0.9996665555185061,1.0,0.950583127308705,0.9999595154857361,0.9504612456715561
3.0100000000000002,1.0,0.9999552737131926,0.9996665555185061,1.0,0.9508241152122462,0.9999609766191161,0.9507083212395379
3.015,1.0,0.9999566088262315,0.9996665555185061,1.0,0.9510811244722567,0.9999623874945325,0.9509541645129833
3.02,1.0,0.9999569426044913,0.9996665555185061,1.0,0.9513177732584227,0.9999637497464544,0.951198781637987
3.025,1.0,0.9999576101610107,0.9996665555185061,1.0,0.9515540882663284,0.9999650649596564,0.95144217872999
3.0300000000000002,1.0,0.9999586114957901,0.9996665555185061,1.0,0.951791404609012,0.999966334670607,0.9516843618739322
3.035,1.0,0.9999589452740499,0.9996665555185061,1.0,0.9520380667429695,0.9999675603688222,0.9519253371244049
3.04,1.0,0.999959946608829,0.9996665555185061,1.0,0.952267706185679,0.9999687434981852,0.9521651105058017
3.045,1.0,0.9999629506131669,0.9996665555185061,1.0,0.9525133669848577,0.9999698854582347,0.9524036880124697
3.0500000000000003,1.0,0.9999636181696864,0.9996665555185061,1.0,0.9527623655666339,0.9999709876054175,0.9526410756088591
3.055,1.0,0.9999636181696864,0.9996665555185061,1.0,0.9529993481310584,0.9999720512543118,0.9528772792296721
3.06,1.0,0.9999639519479462,0.9996665555185061,1.0,0.9532233133433524,0.9999730776788186,0.9531123047800115
3.065,1.0,0.9999646195044657,0.9996665555185061,1.0,0.9534629661338548,0.9999740681133229,0.9533461581355284
3.0700000000000003,1.0,0.9999659546175048,0.9996665555185061,1.0,0.9537249820677605,0.9999750237538243,0.9535788451425687
3.075,1.0,0.9999679572870632,0.9996665555185061,1.0,0.9539522850626525,0.9999759457590397,0.9538103716183199
3.08,1.0,0.9999689586218425,0.9996665555185061,1.0,0.9541815907271036,0.9999768352514764,0.9540407433509558
3.085,1.0,0.9999696261783622,0.9996665555185061,1.0,0.9544045546046195,0.9999776933184787,0.9542699660997818
3.09,1.0,0.9999712950696609,0.9996665555185061,1.0,0.9546365304951479,0.9999785210132454,0.9544980455953784
3.095,1.0,0.9999712950696609,0.9996665555185061,1.0,0.95486349971178,0.9999793193558224,0.9547249875397451
3.1,1.0,0.9999716288479207,0.9996665555185061,1.0,0.9550811231371393,0.9999800893340687,0.9549507976064422
3.105,1.0,0.9999732977392194,0.9996665555185061,1.0,0.9553067572407327,0.9999808319045962,0.9551754814407332
3.11,1.0,0.9999736315174792,0.9996665555185061,1.0,0.9555180388791573,0.9999815479936861,0.9553990446597255
3.115,1.0,0.9999749666305182,0.9996665555185061,1.0,0.955739333865374,0.9999822384981798,0.9556214928525113
3.12,1.0,0.9999749666305182,0.9996665555185061,1.0,0.9559729786472017,0.9999829042863467,0.9558428315803071
3.125,1.0,0.9999759679652974,0.9996665555185061,1.0,0.9561892669595233,0.9999835461987286,0.9560630663765926
3.13,1.0,0.9999773030783365,0.9996665555185061,1.0,0.9564072241631428,0.9999841650489613,0.9562822027472491
3.1350000000000002,1.0,0.9999776368565964,0.9996665555185061,1.0,0.9566345271580357,0.9999847616245742,0.9565002461706973
3.14,1.0,0.9999789719696353,0.9996665555185061,1.0,0.9568531519181744,0.9999853366877692,0.9567172020980341
3.145,1.0,0.9999793057478952,0.9996665555185061,1.0,0.9570681051174553,0.9999858909761772,0.9569330759531691
3.15,1.0,0.9999796395261549,0.9996665555185061,1.0,0.957286062321075,0.9999864252035937,0.9571478731329598
3.1550000000000002,1.0,0.9999803070826743,0.9996665555185061,1.0,0.9575056884159933,0.9999869400606968,0.957361599007347
3.16,1.0,0.9999809746391938,0.9996665555185061,1.0,0.9577156349413785,0.9999874362157424,0.9575742589194887
3.165,1.0,0.9999816421957133,0.9996665555185061,1.0,0.9579342597015162,0.9999879143152428,0.9577858581858936
3.17,1.0,0.9999819759739731,0.9996665555185061,1.0,0.9581478777877587,0.999988374984625,0.9579964020965545
3.1750000000000003,1.0,0.9999819759739731,0.9996665555185061,1.0,0.9583554878653259,0.9999888188288718,0.9582058959150801
3.18,1.0,0.9999826435304926,0.9996665555185061,1.0,0.9585724437341658,0.999989246433144,0.9584143448788268
3.185,1.0,0.9999833110870121,0.9996665555185061,1.0,0.9587843929291101,0.999989658363387,0.9586217541990296
3.19,1.0,0.9999839786435317,0.9996665555185061,1.0,0.9589986785718722,0.9999900551669184,0.9588281290609323
3.1950000000000003,1.0,0.9999849799783109,0.9996665555185061,1.0,0.9592002806407631,0.9999904373730005,0.9590334746239171
3.2,1.0,0.9999866488696096,0.9996665555185061,1.0,0.9593962084792385,0.9999908054933966,0.9592377960216338
3.205,1.0,0.9999866488696096,0.9996665555185061,1.0,0.9595908012046751,0.9999911600229109,0.959441098362128
3.21,1.0,0.9999873164261291,0.9996665555185061,1.0,0.959798077503982,0.9999915014399137,0.9596433867279689
3.215,1.0,0.999987650204389,0.9996665555185061,1.0,0.9599903337816001,0.9999918302068518,0.959844666176376
3.22,1.0,0.9999879839826488,0.9996665555185061,1.0,0.9601902669591917,0.9999921467707434,0.9600449417393461
3.225,1.0,0.9999883177609085,0.9996665555185061,1.0,0.9603972094802391,0.9999924515636602,0.9602442184237787
3.23,1.0,0.9999883177609085,0.9996665555185061,1.0,0.9606064884491037,0.9999927450031947,0.9604425012116012
3.235,1.0,0.999988985317428,0.9996665555185061,1.0,0.9608034176223577,0.999993027492914,0.9606397950598938
3.24,1.0,0.9999896528739475,0.9996665555185061,1.0,0.9609829903261048,0.9999932994228019,0.9608361049010129
3.245,1.0,0.999990320430467,0.9996665555185061,1.0,0.9611899328471519,0.9999935611696859,0.9610314356427148
3.25,1.0,0.9999906542087268,0.9996665555185061,1.0,0.9613795188986919,0.9999938130976539,0.961225792168278
3.255,1.0,0.9999913217652463,0.9996665555185061,1.0,0.9615787845197643,0.9999940555584574,0.961419179336626
3.2600000000000002,1.0,0.999991655543506,0.9999833277759254,1.0,0.9617677030147836,0.9999942888919041,0.961611601982448
3.265,1.0,0.9999923231000256,1.0,1.0,0.9619552863967645,0.9999945134262374,0.9618030649163201
3.27,1.0,0.9999929906565451,1.0,1.0,0.9621555533526169,0.9999947294785063,0.9619935729248257
3.275,1.0,0.9999936582130646,1.0,1.0,0.962352482525871,0.9999949373549236,0.962183130770675
3.2800000000000002,1.0,0.9999939919913243,1.0,1.0,0.9625350592339562,0.9999951373512138,0.9623717431928238
3.285,1.0,0.9999939919913243,1.0,1.0,0.9627142981594444,0.99999532975295,0.9625594149065927
3.29,1.0,0.9999943257695841,1.0,1.0,0.9629045517675034,0.9999955148358819,0.9627461506037842
3.295,1.0,0.9999943257695841,1.0,1.0,0.9630734435669385,0.999995692866253,0.9629319549528005
3.3000000000000003,1.0,0.9999949933261036,1.0,1.0,0.9632480095967897,0.999995864101109,0.96311683259876
3.305,1.0,0.9999953271043633,1.0,1.0,0.9634359267570305,0.9999960287885963,0.9633007881636134
3.31,1.0,0.9999956608826231,1.0,1.0,0.9636215074694531,0.9999961871682522,0.9634838262462596
3.315,1.0,0.9999956608826231,1.0,1.0,0.9638054192905775,0.999996339471286,0.96366595142266
3.3200000000000003,1.0,0.999995994660883,1.0,1.0,0.9639879959986634,0.9999964859208511,0.9638471682459536
3.325,1.0,0.9999963284391427,1.0,1.0,0.9641598918024372,0.9999966267323097,0.9640274812465703
3.33,1.0,0.9999969959956622,1.0,1.0,0.9643494778539771,0.9999967621134892,0.9642068949323447
3.335,1.0,0.9999969959956622,1.0,1.0,0.9645287167794655,0.9999968922649302,0.9643854137886282
3.34,1.0,0.9999969959956622,1.0,1.0,0.9647079557049528,0.9999970173801274,0.9645630422784014
3.345,1.0,0.999997329773922,1.0,1.0,0.9648901986347782,0.999997137645763,0.9647397848423859
3.35,1.0,0.999997329773922,1.0,1.0,0.9650684362254873,0.9999972532419332,0.964915645899155
3.355,1.0,0.9999976635521817,1.0,1.0,0.9652520142683524,0.9999973643423672,0.9650906298452442
3.36,1.0,0.9999979973304415,1.0,1.0,0.965430585637321,0.9999974711146393,0.9652647410552614
3.365,1.0,0.9999979973304415,1.0,1.0,0.9656001449932756,0.9999975737203753,0.9654379838819959
3.37,1.0,0.9999979973304415,1.0,1.0,0.9657717070187898,0.9999976723154513,0.9656103626565273
3.375,1.0,0.9999983311087012,1.0,1.0,0.9659446041573421,0.9999977670501877,0.965781881688334
3.38,1.0,0.9999983311087012,1.0,1.0,0.9661235093045706,0.999997858069535,0.9659525452654006
3.3850000000000002,1.0,0.999998664886961,1.0,1.0,0.9662927348822663,0.9999979455132565,0.9661223576543256
3.39,1.0,0.999998664886961,1.0,1.0,0.9664472742165325,0.999998029516103,0.9662913231004276
3.395,1.0,0.999998664886961,1.0,1.0,0.9666138295681497,0.9999981102079825,0.9664594458278514
3.4,1.0,0.999998664886961,1.0,1.0,0.9667680351241562,0.9999981877141255,0.9666267300396739
3.4050000000000002,1.0,0.999998664886961,1.0,1.0,0.9669506118322421,0.9999982621552443,0.9667931799180093
3.41,1.0,0.999998664886961,1.0,1.0,0.9671161658490802,0.9999983336476866,0.966958799624113
3.415,1.0,0.999998664886961,1.0,1.0,0.9672757118572426,0.9999984023035855,0.9671235932984865
3.42,1.0,0.999998664886961,1.0,1.0,0.9674442698784188,0.9999984682310038,0.9672875650609802
3.4250000000000003,1.0,0.999998664886961,1.0,1.0,0.9676048172213602,0.9999985315340739,0.9674507190108966
3.43,1.0,0.999998664886961,1.0,1.0,0.9677673672338594,0.9999985923131334,0.967613059227093
3.435,1.0,0.999998664886961,1.0,1.0,0.9679235754594244,0.999998650664856,0.9677745897680832
3.44,1.0,0.999998664886961,1.0,1.0,0.9680904645893,0.9999987066823784,0.9679353146721392
3.4450000000000003,1.0,0.999998664886961,1.0,1.0,0.9682496768192024,0.999998760455423,0.968095237957392
3.45,1.0,0.999998664886961,1.0,1.0,0.968390531244818,0.9999988120704164,0.9682543636219321
3.455,1.0,0.999998664886961,1.0,1.0,0.9685457381356034,0.9999988616106044,0.9684126956439092
3.46,1.0,0.9999989986652207,1.0,1.0,0.9687062854785448,0.9999989091561631,0.9685702379816323
3.465,1.0,0.9999989986652207,1.0,1.0,0.9688608248128104,0.9999989547843062,0.968726994573668
3.47,1.0,0.9999989986652207,1.0,1.0,0.9690156979253358,0.9999989985693891,0.9688829693389391
3.475,1.0,0.9999989986652207,1.0,1.0,0.9691689021465618,0.9999990405830091,0.9690381661768231
3.48,1.0,0.9999989986652207,1.0,1.0,0.9693144294678148,0.9999990808941032,0.9691925889672489
3.485,1.0,0.9999989986652207,1.0,1.0,0.9694639621281839,0.9999991195690404,0.9693462415707943
3.49,1.0,0.9999989986652207,1.0,1.0,0.9696181676841898,0.9999991566717147,0.9694991278287826
3.495,1.0,0.9999989986652207,1.0,1.0,0.9697573532185064,0.9999991922636315,0.9696512515633778
3.5,1.0,0.9999989986652207,1.0,1.0,0.9699072196571351,0.999999226403993,0.9698026165776815
3.505,1.0,0.9999989986652207,1.0,1.0,0.9700567523175048,0.9999992591497794,0.9699532266558268
3.5100000000000002,1.0,0.9999989986652207,1.0,1.0,0.9702022796387569,0.9999992905558295,0.9701030855630737
3.515,1.0,0.9999993324434805,1.0,1.0,0.9703451367339301,0.9999993206749164,0.9702521970459025
3.52,1.0,0.9999996662217402,1.0,1.0,0.9704919991682213,0.9999993495578217,0.970400564832108
3.525,1.0,0.9999996662217402,1.0,1.0,0.9706455371677077,0.9999993772534068,0.9705481926308928
3.5300000000000002,1.0,0.9999996662217402,1.0,1.0,0.9707890618194023,0.9999994038086827,0.9706950841329592
3.535,1.0,0.9999996662217402,1.0,1.0,0.9709442687101879,0.999999429268876,0.9708412430106028
3.54,1.0,0.9999996662217402,1.0,1.0,0.9710894622531808,0.9999994536774938,0.9709866729178029
3.545,1.0,0.9999996662217402,1.0,1.0,0.9712306504570559,0.999999477076386,0.9711313774903149
3.5500000000000003,1.0,0.9999996662217402,1.0,1.0,0.9713721724391915,0.9999994995058051,0.9712753603457606
3.555,1.0,0.9999996662217402,1.0,1.0,0.9715200362082622,0.9999995210044648,0.9714186250837188
3.56,1.0,0.9999996662217402,1.0,1.0,0.9716625595251766,0.9999995416095954,0.9715611752858155
3.565,1.0,0.9999996662217402,1.0,1.0,0.9717927330464807,0.9999995613569986,0.9717030145158132
3.5700000000000003,1.0,0.9999996662217402,1.0,1.0,0.9719315848025375,0.9999995802810998,0.9718441463197
3.575,1.0,0.9999996662217402,1.0,1.0,0.9720711041151149,0.999999598414998,0.9719845742257782
3.58,1.0,0.9999996662217402,1.0,1.0,0.9722246421146014,0.9999996157905149,0.972124301744753
3.585,1.0,0.9999996662217402,1.0,1.0,0.97236249253588,0.9999996324382422,0.9722633323698195
3.59,1.0,0.9999996662217402,1.0,1.0,0.972491330944145,0.9999996483875864,0.9724016695767507
3.595,1.0,0.9999996662217402,1.0,1.0,0.972629181365423,0.9999996636668129,0.9725393168239839
3.6,1.0,0.9999996662217402,1.0,1.0,0.9727626926693245,0.9999996783030889,0.9726762775527075
3.605,1.0,1.0,1.0,1.0,0.9728931999688881,0.9999996923225226,0.9728125551869466
3.61,1.0,1.0,1.0,1.0,0.9730230397119326,0.9999997057502042,0.9729481531336496
3.615,1.0,1.0,1.0,1.0,0.973170569702744,0.9999997186102433,0.9730830747827719
3.62,1.0,1.0,1.0,1.0,0.9732954027718915,0.9999997309258049,0.9732173235073618
3.625,1.0,1.0,1.0,1.0,0.9734302491888326,0.9999997427191458,0.9733509026636445
3.63,1.0,1.0,1.0,1.0,0.9735647618275137,0.9999997540116479,0.9734838155911059
3.6350000000000002,1.0,1.0,1.0,1.0,0.9737036135835718,0.9999997648238513,0.9736160656125759
3.64,1.0,1.0,1.0,1.0,0.9738284466527203,0.9999997751754862,0.973747656034312
3.645,1.0,1.0,1.0,1.0,0.9739486068262315,0.9999997850855029,0.9738785901460818
3.65,1.0,1.0,1.0,1.0,0.9740824519083935,0.9999997945721022,0.9740088712212447
3.6550000000000002,1.0,1.0,1.0,1.0,0.974203613416684,0.9999998036527625,0.9741385025168344
3.66,1.0,1.0,1.0,1.0,0.9743374584988456,0.9999998123442687,0.9742674872736401
3.665,1.0,1.0,1.0,1.0,0.9744586200071362,0.9999998206627372,0.9743958287162874
3.67,1.0,1.0,1.0,1.0,0.9745904624197391,0.9999998286236422,0.9745235300533189
3.6750000000000003,1.0,1.0,1.0,1.0,0.9747149617106278,0.9999998362418402,0.9746505944772751
3.68,1.0,1.0,1.0,1.0,0.9748337867711007,0.999999843531593,0.9747770251647728
3.685,1.0,1.0,1.0,1.0,0.9749562833924307,0.999999850506591,0.9749028252765859
3.69,1.0,1.0,1.0,1.0,0.9750917973658914,0.9999998571799753,0.9750279979577239
3.6950000000000003,1.0,1.0,1.0,1.0,0.9752236397784944,0.9999998635643584,0.9751525463375101
3.7,1.0,1.0,1.0,1.0,0.9753491404041618,0.9999998696718446,0.9752764735296606
3.705,1.0,1.0,1.0,1.0,0.9754612898994394,0.99999987551405,0.9753997826323617
3.71,1.0,1.0,1.0,1.0,0.9755827851859898,0.9999998811021211,0.9755224767283474
3.715,1.0,1.0,1.0,1.0,0.9756979386856053,0.9999998864467528,0.9756445588849763
3.72,1.0,1.0,1.0,1.0,0.9758211028634548,0.9999998915582062,0.9757660321543089
3.725,1.0,1.0,1.0,1.0,0.9759402617021863,0.999999896446326,0.9758868995731831
3.73,1.0,1.0,1.0,1.0,0.9760537463105032,0.9999999011205558,0.9760071641632908
3.735,1.0,1.0,1.0,1.0,0.9761749078187939,0.9999999055899539,0.976126828931253
3.74,1.0,1.0,1.0,1.0,0.9762880586488507,0.9999999098632091,0.976245896868695
3.745,1.0,1.0,1.0,1.0,0.9764022108136863,0.9999999139486545,0.9763643709523215
3.75,1.0,1.0,1.0,1.0,0.9765193669828597,0.999999917854282,0.9764822541439909
3.755,1.0,1.0,1.0,1.0,0.9766278449172794,0.9999999215877549,0.976599549390789
3.7600000000000002,1.0,1.0,1.0,1.0,0.976753011764687,0.9999999251564218,0.976716259625103
3.765,1.0,1.0,1.0,1.0,0.9768631585904057,0.9999999285673283,0.9768323877646949
3.77,1.0,1.0,1.0,1.0,0.9769723040813452,0.9999999318272297,0.9769479367127745
3.775,1.0,1.0,1.0,1.0,0.977083118463583,0.9999999349426019,0.977062909358071
3.7800000000000002,1.0,1.0,1.0,1.0,0.9771849208328072,0.9999999379196522,0.977177308574907
3.785,1.0,1.0,1.0,1.0,0.9773017432237199,0.9999999407643317,0.9772911372232687
3.79,1.0,1.0,1.0,1.0,0.9774102211581392,0.9999999434823431,0.9774043981488781
3.795,1.0,1.0,1.0,1.0,0.9775313826664288,0.9999999460791524,0.9775170941832645
3.8000000000000003,1.0,1.0,1.0,1.0,0.9776431983834453,0.9999999485599977,0.9776292281438345
3.805,1.0,1.0,1.0,1.0,0.9777583518830606,0.9999999509298986,0.9777408028339428
3.81,1.0,1.0,1.0,1.0,0.9778708351565973,0.9999999531936644,0.9778518210429626
3.815,1.0,1.0,1.0,1.0,0.9779839859866528,0.9999999553559034,0.9779622855463551
3.8200000000000003,1.0,1.0,1.0,1.0,0.9780924639210719,0.9999999574210301,0.9780721991057384
3.825,1.0,1.0,1.0,1.0,0.9782052809728687,0.9999999593932739,0.9781815644689572
3.83,1.0,1.0,1.0,1.0,0.9783234384768211,0.9999999612766862,0.9782903843701515
3.835,1.0,1.0,1.0,1.0,0.9784352541938378,0.9999999630751472,0.9783986615298241
3.84,1.0,1.0,1.0,1.0,0.978536389006543,0.9999999647923735,0.9785063986549101
3.845,1.0,1.0,1.0,1.0,0.9786408616018463,0.9999999664319246,0.9786135984388429
3.85,1.0,1.0,1.0,1.0,0.9787429977493305,0.9999999679972087,0.9787202635616228
3.855,1.0,1.0,1.0,1.0,0.9788534783533085,0.99999996949149,0.9788263966898835
3.86,1.0,1.0,1.0,1.0,0.978962623844248,0.9999999709178936,0.9789320004769586
3.865,1.0,1.0,1.0,1.0,0.9790731044482264,0.9999999722794114,0.9790370775629483
3.87,1.0,1.0,1.0,1.0,0.979179579713087,0.999999973578908,0.9791416305747853
3.875,1.0,1.0,1.0,1.0,0.9792713687345195,0.9999999748191256,0.9792456621263003
3.88,1.0,1.0,1.0,1.0,0.9793711684341853,0.9999999760026891,0.9793491748182874
3.8850000000000002,1.0,1.0,1.0,1.0,0.9794689654642929,0.9999999771321106,0.9794521712385695
3.89,1.0,1.0,1.0,1.0,0.9795724367248158,0.9999999782097949,0.9795546539620623
3.895,1.0,1.0,1.0,1.0,0.9796815822157552,0.999999979238043,0.9796566255508393
3.9,1.0,1.0,1.0,1.0,0.9797850534762782,0.9999999802190571,0.9797580885541957
3.9050000000000002,1.0,1.0,1.0,1.0,0.9798962016367759,0.9999999811549442,0.9798590455087115
3.91,1.0,1.0,1.0,1.0,0.9799950000016634,0.9999999820477202,0.979959498938316
3.915,1.0,1.0,1.0,1.0,0.9800937983665504,0.9999999828993142,0.9800594513543502
3.92,1.0,1.0,1.0,1.0,0.980193598066217,0.9999999837115716,0.9801589052556298
3.9250000000000003,1.0,1.0,1.0,1.0,0.9802990719962991,0.9999999844862575,0.9802578631285073
3.93,1.0,1.0,1.0,1.0,0.9804052134829008,0.9999999852250601,0.9803563274469347
3.935,1.0,1.0,1.0,1.0,0.9805106874129829,0.9999999859295947,0.9804543006725253
3.94,1.0,1.0,1.0,1.0,0.9806021426561555,0.9999999866014055,0.9805517852546146
3.9450000000000003,1.0,1.0,1.0,1.0,0.9807026099123414,0.99999998724197,0.9806487836303224
3.95,1.0,1.0,1.0,1.0,0.9807940651555139,0.9999999878527003,0.9807452982246131
3.955,1.0,1.0,1.0,1.0,0.9808798461682711,0.9999999884349471,0.9808413314503566
3.96,1.0,1.0,1.0,1.0,0.980985987654873,0.9999999889900016,0.9809368857083883
3.9650000000000003,1.0,1.0,1.0,1.0,0.9810737713371882,0.9999999895190986,0.98103196338757
3.97,1.0,1.0,1.0,1.0,0.9811719021455557,0.9999999900234182,0.9811265668648486
3.975,1.0,1.0,1.0,1.0,0.9812636911669876,0.9999999905040886,0.9812206985053156
3.98,1.0,1.0,1.0,1.0,0.9813588179710175,0.9999999909621881,0.9813143606622672
3.985,1.0,1.0,1.0,1.0,0.9814502732141904,0.9999999913987474,0.9814075556772622
3.99,1.0,1.0,1.0,1.0,0.9815417284573634,0.9999999918147515,0.9815002858801808
3.995,1.0,1.0,1.0,1.0,0.9816291783614193,0.9999999922111421,0.9815925535892828
4.0,1.0,1.0,1.0,1.0,0.9817273091697869,0.9999999925888182,0.9816843611112658
4.005,1.0,1.0,1.0,1.0,0.9818130901825436,0.9999999929486396,0.9817757107413227
4.01,1.0,1.0,1.0,1.0,0.9819062143170147,0.9999999932914275,0.981866604763199
4.015,1.0,1.0,1.0,1.0,0.981988657547174,0.9999999936179662,0.9819570454492498
4.0200000000000005,1.0,1.0,1.0,1.0,0.9820787776773079,0.9999999939290056,0.9820470350604972
4.025,1.0,1.0,1.0,1.0,0.9821625560205062,0.9999999942252612,0.982136575846686
4.03,1.0,1.0,1.0,1.0,0.9822596854940948,0.9999999945074172,0.9822256700463405
4.035,1.0,1.0,1.0,1.0,0.9823531434068262,0.9999999947761263,0.9823143198868206
4.04,1.0,1.0,1.0,1.0,0.9824399257543625,0.9999999950320126,0.9824025275843766
4.045,1.0,1.0,1.0,1.0,0.9825253729888601,0.9999999952756716,0.9824902953442057
4.05,1.0,1.0,1.0,1.0,0.9826088175537987,0.9999999955076723,0.9825776253605065
4.055,1.0,1.0,1.0,1.0,0.9826955999013351,0.9999999957285574,0.9826645198165338
4.0600000000000005,1.0,1.0,1.0,1.0,0.9827730364575984,0.9999999959388457,0.9827509808846537
4.065,1.0,1.0,1.0,1.0,0.9828598188051347,0.9999999961390321,0.9828370107263974
4.07,1.0,1.0,1.0,1.0,0.9829455998178915,0.9999999963295892,0.9829226114925153
4.075,1.0,1.0,1.0,1.0,0.983031047052389,0.9999999965109683,0.9830077853230309
4.08,1.0,1.0,1.0,1.0,0.9831181631781852,0.9999999966835996,0.9830925343472947
4.085,1.0,1.0,1.0,1.0,0.983199938851825,0.9999999968478943,0.9831768606840366
4.09,1.0,1.0,1.0,1.0,0.983284384751543,0.9999999970042445,0.9832607664414194
4.095,1.0,1.0,1.0,1.0,0.9833698319860407,0.9999999971530243,0.9833442537170913
4.1,1.0,1.0,1.0,1.0,0.983443930759706,0.9999999972945911,0.9834273245982388
4.105,1.0,1.0,1.0,1.0,0.9835273753246445,0.9999999974292854,0.983509981161638
4.11,1.0,1.0,1.0,1.0,0.98361515900696,0.9999999975574322,0.9835922254737074
4.115,1.0,1.0,1.0,1.0,0.9836909266719244,0.9999999976793419,0.983674059590559
4.12,1.0,1.0,1.0,1.0,0.9837696983412264,0.9999999977953101,0.9837554855580501
4.125,1.0,1.0,1.0,1.0,0.9838461335627103,0.9999999979056193,0.9838365054118341
4.13,1.0,1.0,1.0,1.0,0.9839285767928698,0.9999999980105386,0.9839171211774116
4.135,1.0,1.0,1.0,1.0,0.984018363144744,0.9999999981103246,0.9839973348701808
4.14,1.0,1.0,1.0,1.0,0.98409179436189,0.999999998205222,0.9840771484954883
4.1450000000000005,1.0,1.0,1.0,1.0,0.9841762402616079,0.9999999982954646,0.9841565640486789
4.15,1.0,1.0,1.0,1.0,0.9842530092613516,0.9999999983812748,0.9842355835151455
4.155,1.0,1.0,1.0,1.0,0.9843284431480556,0.999999998462865,0.9843142088703789
4.16,1.0,1.0,1.0,1.0,0.9844112201564742,0.9999999985404374,0.9843924420800172
4.165,1.0,1.0,1.0,1.0,0.9844843175953603,0.9999999986141852,0.9844702850998945
4.17,1.0,1.0,1.0,1.0,0.9845624217081425,0.9999999986842919,0.9845477398760905
4.175,1.0,1.0,1.0,1.0,0.984642862268743,0.9999999987509333,0.9846248083449786
4.18,1.0,1.0,1.0,1.0,0.9847156259293695,0.9999999988142763,0.9847014924332744
4.1850000000000005,1.0,1.0,1.0,1.0,0.9847877220334763,0.9999999988744799,0.9847777940580844
4.19,1.0,1.0,1.0,1.0,0.98486315592018,0.9999999989316961,0.984853715126953
4.195,1.0,1.0,1.0,1.0,0.9849425951460018,0.9999999989860696,0.9849292575379109
4.2,1.0,1.0,1.0,1.0,0.9850270410457198,0.9999999990377382,0.9850044231795223
4.205,1.0,1.0,1.0,1.0,0.9850984695933072,0.999999999086833,0.9850792139309321
4.21,1.0,1.0,1.0,1.0,0.9851732359234917,0.9999999991334793,0.9851536316619132
4.215,1.0,1.0,1.0,1.0,0.9852456658058578,0.9999999991777961,0.9852276782329125
4.22,1.0,1.0,1.0,1.0,0.9853150916838865,0.999999999219897,0.9853013554950982
4.225,1.0,1.0,1.0,1.0,0.9853885229010318,0.9999999992598902,0.9853746652904057
4.23,1.0,1.0,1.0,1.0,0.9854712999094503,0.9999999992978787,0.9854476094515838
4.235,1.0,1.0,1.0,1.0,0.9855423946787776,0.9999999993339604,0.9855201898022403
4.24,1.0,1.0,1.0,1.0,0.9856231690176384,0.9999999993682291,0.9855924081568876
4.245,1.0,1.0,1.0,1.0,0.985692928673926,0.9999999994007733,0.9856642663209885
4.25,1.0,1.0,1.0,1.0,0.9857606856606556,0.999999999431678,0.9857357660910008
4.255,1.0,1.0,1.0,1.0,0.9858261061995672,0.9999999994610238,0.9858069092544223
4.26,1.0,1.0,1.0,1.0,0.9858965334123754,0.9999999994888875,0.985877697589836
4.265,1.0,1.0,1.0,1.0,0.9859586161686891,0.9999999995153421,0.9859481328669539
4.2700000000000005,1.0,1.0,1.0,1.0,0.9860393905075489,0.9999999995404574,0.9860182168466617
4.275,1.0,1.0,1.0,1.0,0.9861088163855773,0.9999999995642993,0.9860879512810624
4.28,1.0,1.0,1.0,1.0,0.9861839164940222,0.9999999995869311,0.9861573379135204
4.285,1.0,1.0,1.0,1.0,0.9862583490459469,0.9999999996084127,0.9862263784787055
4.29,1.0,1.0,1.0,1.0,0.986327441145716,0.9999999996288013,0.9862950747026351
4.295,1.0,1.0,1.0,1.0,0.9863965332454847,0.9999999996481511,0.9863634283027184
4.3,1.0,1.0,1.0,1.0,0.9864686293495913,0.9999999996665139,0.9864314409877991
4.305,1.0,1.0,1.0,1.0,0.9865413930102169,0.9999999996839388,0.9864991144581977
4.3100000000000005,1.0,1.0,1.0,1.0,0.9866031419882713,0.9999999997004727,0.9865664504057547
4.315,1.0,1.0,1.0,1.0,0.9866655585228444,0.9999999997161602,0.9866334505138721
4.32,1.0,1.0,1.0,1.0,0.9867306452834959,0.9999999997310433,0.9867001164575563
4.325,1.0,1.0,1.0,1.0,0.9867997373832651,0.9999999997451626,0.9867664499034591
4.33,1.0,1.0,1.0,1.0,0.9868701645960729,0.9999999997585565,0.9868324525099202
4.335,1.0,1.0,1.0,1.0,0.9869305784610883,0.9999999997712611,0.9868981259270083
4.34,1.0,1.0,1.0,1.0,0.9869959989999996,0.9999999997833112,0.9869634717965623
4.345,1.0,1.0,1.0,1.0,0.9870620870954301,0.99999999979474,0.9870284917522321
4.3500000000000005,1.0,1.0,1.0,1.0,0.9871345169777969,0.9999999998055784,0.9870931874195201
4.355,1.0,1.0,1.0,1.0,0.9871986024036682,0.9999999998158566,0.9871575604158215
4.36,1.0,1.0,1.0,1.0,0.9872716998425539,0.9999999998256027,0.9872216123504642
4.365,1.0,1.0,1.0,1.0,0.9873331150423488,0.9999999998348437,0.9872853448247503
4.37,1.0,1.0,1.0,1.0,0.9873928613508441,0.9999999998436051,0.9873487594319947
4.375,1.0,1.0,1.0,1.0,0.9874562792201966,0.9999999998519113,0.987411857757566
4.38,1.0,1.0,1.0,1.0,0.987516359306952,0.9999999998597856,0.9874746413789256
4.385,1.0,1.0,1.0,1.0,0.9875811122893442,0.9999999998672496,0.9875371118656673
4.39,1.0,1.0,1.0,1.0,0.9876458652717357,0.9999999998743245,0.9875992707795566
4.3950000000000005,1.0,1.0,1.0,1.0,0.9877052778019714,0.9999999998810302,0.9876611196745695
4.4,1.0,1.0,1.0,1.0,0.9877703645626231,0.9999999998873853,0.9877226600969315
4.405,1.0,1.0,1.0,1.0,0.9878304446493784,0.9999999998934078,0.9877838935851566
4.41,1.0,1.0,1.0,1.0,0.9878895234013548,0.9999999998991147,0.987844821670085
4.415,1.0,1.0,1.0,1.0,0.9879582817228634,0.9999999999045224,0.9879054458749221
4.42,1.0,1.0,1.0,1.0,0.9880153578052812,0.9999999999096459,0.9879657677152762
4.425,1.0,1.0,1.0,1.0,0.988072433887699,0.9999999999145002,0.9880257886991963
4.43,1.0,1.0,1.0,1.0,0.9881388557613897,0.9999999999190988,0.9880855103272104
4.4350000000000005,1.0,1.0,1.0,1.0,0.9882052776350807,0.9999999999234551,0.9881449340923619
4.44,1.0,1.0,1.0,1.0,0.9882606848261997,0.9999999999275815,0.9882040614802484
4.445,1.0,1.0,1.0,1.0,0.9883150906825391,0.9999999999314899,0.9882628939690575
4.45,1.0,1.0,1.0,1.0,0.9883704978736575,0.9999999999351916,0.9883214330296045
4.455,1.0,1.0,1.0,1.0,0.9884312455169324,0.9999999999386971,0.988379680125369
4.46,1.0,1.0,1.0,1.0,0.9884949971645455,0.9999999999420169,0.9884376367125315
4.465,1.0,1.0,1.0,1.0,0.9885494030208848,0.9999999999451605,0.9884953042400095
4.47,1.0,1.0,1.0,1.0,0.9886028075424452,0.9999999999481369,0.9885526841494943
4.4750000000000005,1.0,1.0,1.0,1.0,0.9886555445074857,0.999999999950955,0.9886097778754867
4.48,1.0,1.0,1.0,1.0,0.9887099503638257,0.999999999953623,0.9886665868453326
4.485,1.0,1.0,1.0,1.0,0.9887666926679838,0.9999999999561487,0.9887231124792595
4.49,1.0,1.0,1.0,1.0,0.9888301105373368,0.9999999999585395,0.9887793561904109
4.495,1.0,1.0,1.0,1.0,0.9888901906240927,0.9999999999608025,0.9888353193848828
4.5,1.0,1.0,1.0,1.0,0.9889472667065106,0.9999999999629444,0.9888910034617577
4.505,1.0,1.0,1.0,1.0,0.9889996698932918,0.9999999999649716,0.9889464098131406
4.51,1.0,1.0,1.0,1.0,0.9890524068583333,0.9999999999668899,0.9890015398241931
4.515,1.0,1.0,1.0,1.0,0.9891044762668546,0.9999999999687053,0.9890563948731684
4.5200000000000005,1.0,1.0,1.0,1.0,0.9891608847927531,0.999999999970423,0.9891109763314455
4.525,1.0,1.0,1.0,1.0,0.9892236351055869,0.9999999999720481,0.9891652855635639
4.53,1.0,1.0,1.0,1.0,0.9892743694010694,0.9999999999735858,0.9892193239272569
4.535,1.0,1.0,1.0,1.0,0.9893227672487337,0.9999999999750405,0.9892730927734866
4.54,1.0,1.0,1.0,1.0,0.9893698299833593,0.9999999999764165,0.9893265934464771
4.545,1.0,1.0,1.0,1.0,0.9894198967223221,0.9999999999777183,0.9893798272837477
4.55,1.0,1.0,1.0,1.0,0.9894743025786621,0.9999999999789495,0.9894327956161474
4.555,1.0,1.0,1.0,1.0,0.9895357177784564,0.9999999999801138,0.989485499767887
4.5600000000000005,1.0,1.0,1.0,1.0,0.9895841156261209,0.9999999999812151,0.9895379410565732
4.565,1.0,1.0,1.0,1.0,0.9896401903737599,0.9999999999822565,0.9895901207932409
4.57,1.0,1.0,1.0,1.0,0.9896875868866452,0.9999999999832413,0.9896420402823863
4.575,1.0,1.0,1.0,1.0,0.9897483345299208,0.9999999999841724,0.9896937008219993
4.58,1.0,1.0,1.0,1.0,0.9897957310428059,0.9999999999850528,0.989745103703596
4.585,1.0,1.0,1.0,1.0,0.9898454640035095,0.9999999999858851,0.9897962502122511
4.59,1.0,1.0,1.0,1.0,0.9898961982989923,0.9999999999866719,0.9898471416266302
4.595,1.0,1.0,1.0,1.0,0.9899476001509944,0.9999999999874157,0.9898977792190211
4.6000000000000005,1.0,1.0,1.0,1.0,0.9899990020029968,0.9999999999881187,0.9899481642553665
4.605,1.0,1.0,1.0,1.0,0.9900520727462978,0.9999999999887833,0.9899982979952945
4.61,1.0,1.0,1.0,1.0,0.9901071461591574,0.9999999999894112,0.9900481816921516
4.615,1.0,1.0,1.0,1.0,0.9901558777850816,0.9999999999900048,0.9900978165930326
4.62,1.0,1.0,1.0,1.0,0.9902026067414473,0.9999999999905655,0.9901472039388127
4.625,1.0,1.0,1.0,1.0,0.9902500032543327,0.9999999999910956,0.9901963449641782
4.63,1.0,1.0,1.0,1.0,0.9903020726628541,0.9999999999915963,0.9902452408976571
4.635,1.0,1.0,1.0,1.0,0.9903571460757137,0.9999999999920695,0.9902938929616504
4.64,1.0,1.0,1.0,1.0,0.9904038750320794,0.9999999999925163,0.9903423023724622
4.6450000000000005,1.0,1.0,1.0,1.0,0.9904539417710426,0.9999999999929384,0.9903904703403303
4.65,1.0,1.0,1.0,1.0,0.9905073462926037,0.9999999999933373,0.9904383980694565
4.655,1.0,1.0,1.0,1.0,0.9905547428054892,0.999999999993714,0.9904860867580364
4.66,1.0,1.0,1.0,1.0,0.9906054771009721,0.9999999999940697,0.9905335375982897
4.665,1.0,1.0,1.0,1.0,0.9906478669399611,0.9999999999944058,0.9905807517764899
4.67,1.0,1.0,1.0,1.0,0.9906935945615476,0.9999999999947231,0.9906277304729939
4.675,1.0,1.0,1.0,1.0,0.9907396559613938,0.9999999999950228,0.9906744748622717
4.68,1.0,1.0,1.0,1.0,0.9907847160264609,0.9999999999953058,0.9907209861129352
4.6850000000000005,1.0,1.0,1.0,1.0,0.9908291085350085,0.9999999999955729,0.9907672653877684
4.69,1.0,1.0,1.0,1.0,0.9908758374913744,0.999999999995825,0.9908133138437554
4.695,1.0,1.0,1.0,1.0,0.9909265717868574,0.9999999999960631,0.9908591326321099
4.7,1.0,1.0,1.0,1.0,0.9909709642954048,0.9999999999962879,0.9909047228983042
4.705,1.0,1.0,1.0,1.0,0.9910176932517706,0.9999999999965,0.9909500857820972
4.71,1.0,1.0,1.0,1.0,0.9910650897646558,0.9999999999967003,0.9909952224175634
4.715,1.0,1.0,1.0,1.0,0.9911071458253851,0.9999999999968893,0.9910401339331211
4.72,1.0,1.0,1.0,1.0,0.9911431938774387,0.9999999999970676,0.9910848214515604
4.7250000000000005,1.0,1.0,1.0,1.0,0.9911909241685838,0.9999999999972359,0.9911292860900718
4.73,1.0,1.0,1.0,1.0,0.9912383206814691,0.9999999999973946,0.9911735289602733
4.735,1.0,1.0,1.0,1.0,0.9912770389596007,0.9999999999975445,0.9912175511682391
4.74,1.0,1.0,1.0,1.0,0.9913177599072909,0.999999999997686,0.9912613538145267
4.745,1.0,1.0,1.0,1.0,0.9913588146332408,0.9999999999978193,0.9913049379942045
4.75,1.0,1.0,1.0,1.0,0.9914055435896068,0.9999999999979451,0.9913483047968794
4.755,1.0,1.0,1.0,1.0,0.991451604989453,0.9999999999980638,0.9913914553067235
4.76,1.0,1.0,1.0,1.0,0.991498000167559,0.9999999999981758,0.9914343906025019
4.765,1.0,1.0,1.0,1.0,0.9915327131065734,0.9999999999982813,0.9914771117575993
4.7700000000000005,1.0,1.0,1.0,1.0,0.9915724327194846,0.999999999998381,0.9915196198400468
4.775,1.0,1.0,1.0,1.0,0.9916088145497979,0.9999999999984748,0.9915619159125485
4.78,1.0,1.0,1.0,1.0,0.9916475328279294,0.9999999999985634,0.9916040010325086
4.785,1.0,1.0,1.0,1.0,0.9916865848843206,0.9999999999986469,0.9916458762520571
4.79,1.0,1.0,1.0,1.0,0.9917279733885304,0.9999999999987256,0.9916875426180769
4.795,1.0,1.0,1.0,1.0,0.9917646889971037,0.9999999999987997,0.9917290011722292
4.8,1.0,1.0,1.0,1.0,0.9918034072752353,0.9999999999988698,0.99177025295098
4.805,1.0,1.0,1.0,1.0,0.9918488011185621,0.9999999999989357,0.9918112989856259
4.8100000000000005,1.0,1.0,1.0,1.0,0.9918925260705901,0.999999999998998,0.99185214030232
4.815,1.0,1.0,1.0,1.0,0.99193358079654,0.9999999999990566,0.9918927779220973
4.82,1.0,1.0,1.0,1.0,0.9919793084181265,0.9999999999991118,0.9919332128609004
4.825,1.0,1.0,1.0,1.0,0.9920190280310374,0.9999999999991639,0.9919734461296048
4.83,1.0,1.0,1.0,1.0,0.9920574125309088,0.9999999999992129,0.9920134787340446
4.835,1.0,1.0,1.0,1.0,0.9920984672568588,0.999999999999259,0.9920533116750365
4.84,1.0,1.0,1.0,1.0,0.9921421922088868,0.9999999999993027,0.9920929459484066
4.845,1.0,1.0,1.0,1.0,0.9921835807130965,0.9999999999993437,0.9921323825450135
4.8500000000000005,1.0,1.0,1.0,1.0,0.9922176260955917,0.9999999999993824,0.9921716224507743
4.855,1.0,1.0,1.0,1.0,0.9922580132650219,0.9999999999994189,0.9922106666466886
4.86,1.0,1.0,1.0,1.0,0.9922953964301147,0.9999999999994532,0.9922495161088634
4.865,1.0,1.0,1.0,1.0,0.9923321120386879,0.9999999999994855,0.9922881718085371
4.87,1.0,1.0,1.0,1.0,0.9923688276472609,0.9999999999995158,0.9923266347121045
4.875,1.0,1.0,1.0,1.0,0.9924048756993143,0.9999999999995445,0.99236490578114
4.88,1.0,1.0,1.0,1.0,0.9924435939774461,0.9999999999995716,0.9924029859724224
4.885,1.0,1.0,1.0,1.0,0.9924806433642789,0.999999999999597,0.9924408762379585
4.89,1.0,1.0,1.0,1.0,0.9925180265293715,0.999999999999621,0.9924785775250067
4.8950000000000005,1.0,1.0,1.0,1.0,0.992551404355347,0.9999999999996435,0.9925160907761014
4.9,1.0,1.0,1.0,1.0,0.9925867848508811,0.9999999999996647,0.9925534169290756
4.905,1.0,1.0,1.0,1.0,0.9926261706855322,0.9999999999996847,0.9925905569170853
4.91,1.0,1.0,1.0,1.0,0.992665890298443,0.9999999999997035,0.992627511668632
4.915,1.0,1.0,1.0,1.0,0.9927006032374576,0.9999999999997211,0.9926642821075864
4.92,1.0,1.0,1.0,1.0,0.9927343148416927,0.9999999999997379,0.9927008691532114
4.925,1.0,1.0,1.0,1.0,0.9927743682328634,0.9999999999997535,0.992737273720185
4.93,1.0,1.0,1.0,1.0,0.9928167580718524,0.9999999999997683,0.9927734967186236
4.9350000000000005,1.0,1.0,1.0,1.0,0.9928554763499841,0.9999999999997822,0.9928095390541035
4.94,1.0,1.0,1.0,1.0,0.9928958635194146,0.9999999999997953,0.9928454016276854
4.945,1.0,1.0,1.0,1.0,0.9929292413453901,0.9999999999998076,0.9928810853359353
4.95,1.0,1.0,1.0,1.0,0.9929669582887423,0.9999999999998191,0.9929165910709479
4.955,1.0,1.0,1.0,1.0,0.9930093481277311,0.99999999999983,0.9929519197203682
4.96,1.0,1.0,1.0,1.0,0.9930463975145639,0.9999999999998402,0.9929870721674146
4.965,1.0,1.0,1.0,1.0,0.9930804428970588,0.9999999999998499,0.9930220492908998
4.97,1.0,1.0,1.0,1.0,0.9931161571708523,0.9999999999998589,0.9930568519652538
4.9750000000000005,1.0,1.0,1.0,1.0,0.9931492012185681,0.9999999999998676,0.9930914810605455
4.98,1.0,1.0,1.0,1.0,0.9931835803793229,0.9999999999998755,0.9931259374425038
4.985,1.0,1.0,1.0,1.0,0.9932202959878959,0.9999999999998831,0.9931602219725401
4.99,1.0,1.0,1.0,1.0,0.993257011596469,0.9999999999998901,0.9931943355077695
4.995,1.0,1.0,1.0,1.0,0.9932917245354836,0.9999999999998969,0.993228278901032
5.0,1.0,1.0,1.0,1.0,0.9933217645788618,0.9999999999999031,0.9932620530009145
