s,cdf_zeros,cdf_gue_mean,cdf_gue_q025,cdf_gue_q975,cdf_poisson_ensemble_mean,cdf_wigner_surmise,cdf_poisson
0.0,0.0,0.0,0.0,0.0,0.0,0.0,0.0
0.005,0.0,0.0,0.0,0.0,0.005036380161421825,1.3509233142902644e-07,0.00498752080731768
0.01,0.0,6.675565195071697e-07,0.0,0.0,0.00999432243180158,1.0806767320094973e-06,0.009950166250831893
0.015,0.0,3.671560857289434e-06,0.0,0.0,0.014957605154337384,3.6469357054397245e-06,0.014888060396937353
0.02,0.0,1.0013347792607546e-05,0.0,0.00033344448149383126,0.01983343797281774,8.6434327722755e-06,0.019801326693244747
0.025,0.0,1.8024026026693572e-05,0.0,0.00033344448149383126,0.024773689995430594,1.6878803347823712e-05,0.024690087971667385
0.03,0.0,2.8704930338808248e-05,0.0,0.00033344448149383126,0.029658201048664522,2.9160446062929946e-05,0.029554466451491845
0.035,0.0,4.9065404183776995e-05,0.0,0.00033344448149383126,0.0344836333499221,4.629421467517575e-05,0.03439458374243354
0.04,0.0,7.576766496406388e-05,0.0,0.00033344448149383126,0.03935813105536342,6.908411071729348e-05,0.03921056084767682
0.045,0.0,0.00010981304745892973,0.0,0.0006668889629876625,0.04408843655259132,9.833197702915214e-05,0.04400251816690004
0.05,0.0,0.0001468624342915778,0.0,0.0006668889629876625,0.04889284082348433,0.00013483719231952018,0.048770575499285984
0.055,0.0,0.00019025360805954408,0.0,0.0006668889629876625,0.05362448143375116,0.0001793963669027704,0.05351485204651618
0.06,0.0,0.000245994577438393,0.0,0.0010003334444814939,0.05836880561788865,0.00023280303975516115,0.05823546641575128
0.065,0.0,0.0003070759989732968,0.0,0.0010003334444814939,0.06306039283698497,0.0002958473770347525,0.06293253662259657
0.07,0.00033344448149383126,0.000385847668275141,0.0,0.001333777925975325,0.06776866896906913,0.000369315872207579,0.06760618009405173
0.075,0.00033344448149383126,0.000475634020148854,0.0,0.001333777925975325,0.07244824017081442,0.0004539910479227499,0.07225651367144714
0.08,0.00033344448149383126,0.0005761012763346834,0.0,0.001333777925975325,0.07704670325543946,0.0005506511597765662,0.07688365361336424
0.085,0.00033344448149383126,0.0006892521063911474,0.0,0.0016672224074691564,0.08158575380982855,0.0006600699021066386,0.08148771559854262
0.09,0.00033344448149383126,0.0008177567363962764,0.0,0.0020006668889629878,0.08613581904678942,0.0007830161159535914,0.08606881472877181
0.095,0.00033344448149383126,0.0009606138315708108,0.0,0.002334111370456819,0.09074195903138892,0.0009202534993286854,0.09062706553176858
0.1,0.00033344448149383126,0.0011058073745636213,0.0,0.002334111370456819,0.09519890013387844,0.001072540319922849,0.09516258196404048
0.105,0.00033344448149383126,0.001291388086986612,0.00033344448149383126,0.00266755585195065,0.09974662892302096,0.0012406291303918016,0.09967547741373439
0.11,0.0006668889629876625,0.001475633686370593,0.00033344448149383126,0.0030010003334444814,0.10428434436437117,0.0014252664863506348,0.10416586470347178
0.115,0.0006668889629876625,0.001675233085703238,0.00033344448149383126,0.003334444814938313,0.10872526411039257,0.0016271926672090098,0.10863385609316867
0.12,0.0010003334444814939,0.0018978631849588814,0.0006668889629876625,0.003334444814938313,0.11315116383472508,0.0018471413999766872,0.11307956328284252
0.125,0.001333777925975325,0.002154872444969142,0.0006668889629876625,0.0040013337779259755,0.1176184520632669,0.0020858395861682033,0.11750309741540454
0.13,0.001333777925975325,0.002408877700641622,0.0006668889629876625,0.004334778259419807,0.12206571359622385,0.0023440070319317996,0.1219045690794387
0.135,0.001333777925975325,0.0026935905562114277,0.0010003334444814939,0.004668222740913638,0.1264755919640881,0.002622356181527702,0.12628408831196558
0.14,0.001333777925975325,0.003006674563860287,0.001333777925975325,0.005001667222407469,0.13083440225821022,0.002921591854278316,0.13064176460119414
0.145,0.001333777925975325,0.0033150856758726007,0.001333777925975325,0.0053351117039013,0.1351561631654996,0.0032424109851098004,0.1349777068892587
0.15,0.001333777925975325,0.00365186793996397,0.0016672224074691564,0.006002000666888963,0.13944120846421607,0.003585502368804283,0.1392920235749422
0.155,0.0016672224074691564,0.0040193578039526695,0.0020006668889629878,0.006335445148382794,0.14376630715410302,0.003951546408077572,0.1435848225163865
0.16,0.002334111370456819,0.004425899724332528,0.002334111370456819,0.007002334111370457,0.14801463684424665,0.004341214865597742,0.14785621103378865
0.165,0.002334111370456819,0.004849464335959823,0.00266755585195065,0.007335778592864288,0.15228866746039138,0.004755170620054733,0.15210629591208413
0.17,0.002334111370456819,0.005281707182340706,0.0030010003334444814,0.008002667555851951,0.15653098914185928,0.005194067426390614,0.1563351834036163
0.17500000000000002,0.0030010003334444814,0.0057590100937883505,0.003334444814938313,0.008669556518839614,0.16071289695831245,0.0056585496802978585,0.16054297923079264
0.18,0.003334444814938313,0.00627102594425035,0.003667889296432144,0.009003001000333445,0.16498926402227498,0.006149252187088672,0.164729788588728
0.185,0.003667889296432144,0.0067800377903745705,0.0040013337779259755,0.009669889963321108,0.16910107840417926,0.006666799935038242,0.16889571614787435
0.19,0.0040013337779259755,0.007356139066709251,0.004334778259419807,0.0106702234078026,0.17326496219460522,0.007211807873300585,0.1730408660566377
0.195,0.0040013337779259755,0.007962280386421744,0.005001667222407469,0.011020340113371108,0.17737076856783432,0.00778488069449304,0.1771653419439816
0.2,0.0053351117039013,0.008589115958238983,0.0053351117039013,0.012004001333777926,0.1815259741235064,0.008386612622044182,0.18126924692201818
0.20500000000000002,0.0056685561853951315,0.009222960873511044,0.006002000666888963,0.01300433477825942,0.1856608192053339,0.009017587202395205,0.18535268358858548
0.21,0.007002334111370457,0.009916552097278989,0.006335445148382794,0.013671223741247083,0.1897182277308982,0.00967837710214392,0.18941575402981292
0.215,0.007335778592864288,0.010604469090631143,0.007002334111370457,0.014338112704234745,0.19379966829116557,0.010369543910215162,0.19345855982267313
0.22,0.00766922307435812,0.011333774588192711,0.007652550850283429,0.01533844614871624,0.1977896536082597,0.011091637945143562,0.1974812020375215
0.225,0.008336112037345782,0.012107138816041776,0.008319439813271092,0.01602200733577858,0.2017913211644458,0.011845198067543028,0.20148378124062294
0.23,0.009003001000333445,0.012907205304671121,0.009003001000333445,0.017339113037679228,0.20580600607276195,0.012630751497845205,0.20546639749666595
0.23500000000000001,0.009003001000333445,0.013717285141093069,0.009336445481827277,0.017672557519173057,0.20980767362894756,0.013448813639375612,0.20942915037126442
0.24,0.009336445481827277,0.014581770833854823,0.010003334444814937,0.018672890963654553,0.2137142143811036,0.014299887906842057,0.21337213893344653
0.245,0.011003667889296432,0.015494988152540636,0.011003667889296432,0.019673224408136045,0.21762342535933735,0.015184465560299898,0.21729546175813186
0.25,0.012004001333777926,0.0164432521885006,0.011670556852284094,0.020673557852617538,0.22152863099845446,0.01610302554466042,0.22119921692859512
0.255,0.013337779259753251,0.01743290472866998,0.012670890296765588,0.022007335778592863,0.22544284865058453,0.017056034334801684,0.22508350203891903
0.26,0.014338112704234745,0.018462276881750013,0.013671223741247083,0.023024341447149037,0.22931801424632373,0.018043945786342885,0.22894841419643375
0.265,0.014671557185728577,0.01953570776511758,0.014671557185728577,0.024341447149049684,0.23314978866829442,0.019067200992133715,0.23279405002414433
0.27,0.015005001667222408,0.02059411862679618,0.015655218406135377,0.02567522507502501,0.23698957376849974,0.020126228144513036,0.23662050566314685
0.275,0.01533844614871624,0.02168256953185263,0.016672224074691565,0.027009003001000332,0.24080332416444428,0.02122144240338414,0.24042787677503152
0.28,0.016672224074691565,0.02280640093244296,0.017672557519173057,0.028009336445481828,0.24461306922127174,0.022353245770151797,0.24421625854427453
0.28500000000000003,0.017672557519173057,0.0239746248415805,0.018672890963654553,0.029343114371457153,0.24840078491295586,0.023522026967563836,0.24798574568061738
0.29,0.019673224408136045,0.025216279967863846,0.019673224408136045,0.030360120040013323,0.25211173160489625,0.02472816132549499,0.25173643242143473
0.295,0.020673557852617538,0.02647696045495309,0.02100700233411137,0.032010670223407804,0.25580765827514784,0.025972010672708823,0.2554684125340906
0.3,0.021673891297099034,0.027769349876718967,0.022007335778592863,0.033677892630876956,0.2594995796062826,0.02725392323462994,0.2591817793182821
0.305,0.024341447149049684,0.029107466920071108,0.023674558186062022,0.03502834278092696,0.263113396824634,0.028574233537155103,0.2628766256083722
0.31,0.02600866955651884,0.030460937763371915,0.025008336112037347,0.03667889296432144,0.2667959723644951,0.029933262316528597,0.26655304377571076
0.315,0.027675891963987995,0.03187115091083079,0.025991997332444148,0.0383461153717906,0.270479883017395,0.031331316435304124,0.2702111257309432
0.32,0.02867622540846949,0.033330763240733224,0.027342447482494165,0.039679893297765924,0.2741764772441665,0.032768688804411805,0.27385096292630906
0.325,0.029343114371457153,0.034842778757417,0.02867622540846949,0.041347115705235075,0.27774990729308824,0.03424565831134668,0.2774726463579278
0.33,0.030343447815938646,0.03637315207838717,0.030010003334444816,0.04269756585528508,0.2814024427895719,0.035762489754489146,0.28107626656807383
0.335,0.03167722574191397,0.03795158946876186,0.03167722574191397,0.04468156052017339,0.2849868875210658,0.03731943378356767,0.2846619136474401
0.34,0.03267755918639546,0.03957909226332031,0.03334444814938313,0.046348782927642544,0.2885649904656239,0.038916726846269345,0.28822967723739035
0.34500000000000003,0.03334444814938313,0.041253657792504145,0.034678226075358455,0.0480160053351117,0.29214743252755926,0.04055459114099963,0.2917796465322
0.35000000000000003,0.03501167055685228,0.04293656777818164,0.03599533177725909,0.05003334444814937,0.29567780518097325,0.042233234575790535,0.29531191028128656
0.355,0.03601200400133378,0.04470659388965486,0.03767922640880293,0.051683894631543846,0.29916945955625546,0.04395285073335348,0.29882655679142756
0.36,0.03667889296432144,0.046472280883751396,0.0393297765921974,0.05368456152050684,0.3026477628011474,0.04571361884226921,0.302323673928969
0.365,0.0383461153717906,0.04831073153847416,0.04101367122374125,0.05536845615205067,0.3061621140980931,0.04751570375430314,0.3058033491220211
0.37,0.039679893297765924,0.05021026361473178,0.0426808936312104,0.05770256752250749,0.3095940221648794,0.04935925592783347,0.3092656693626453
0.375,0.040680226742247416,0.052122813043119845,0.04434811603867956,0.0596865621873958,0.3130492947098483,0.05124441141737329,0.31271072120902776
0.38,0.04168056018672891,0.054054387832313845,0.04601533844614872,0.06170390130043346,0.31649255123746667,0.05317129186916847,0.31613859078764417
0.385,0.04534844948316105,0.05605972761691332,0.0480160053351117,0.06370456818939645,0.3198643792174974,0.055140004522844954,0.3195493637954123
0.39,0.046348782927642544,0.05808476031883831,0.05,0.06570523507835943,0.32328827660604964,0.05715064221908256,0.32294312550183535
0.395,0.0480160053351117,0.06015985975972631,0.05233411137045682,0.06802267422474158,0.326665111259976,0.05920328341328168,0.32631996075113234
0.4,0.04868289429809937,0.06226132768313486,0.0543514504834945,0.0703567855951984,0.33003460279218894,0.06129799219519261,0.3296799539643607
0.405,0.05035011670556852,0.06446559931054754,0.05635211737245749,0.07235745248416138,0.33331764575512496,0.06343481831447201,0.3330231891415256
0.41000000000000003,0.05101700566855619,0.06668222073357113,0.05835278426142047,0.07437479159719905,0.336643746113569,0.06561379721212535,0.3363497498636806
0.41500000000000004,0.05368456152050684,0.0689358915434274,0.06068689563187729,0.07670890296765587,0.3399244526286872,0.06783495005779694,0.33965971929501715
0.42,0.05568522840946982,0.07119824058803707,0.06268756252084028,0.07935978659553185,0.3432478827610537,0.07009828379285882,0.34295318018494325
0.425,0.05735245081693898,0.07355538265841705,0.0650216738912971,0.08136045348449483,0.3465205785979372,0.0724037911792561,0.3462302148701527
0.43,0.058686228742914306,0.07587847934630199,0.06735578526175391,0.08371123707902632,0.3497575601610275,0.07475145085405382,0.3494909052766835
0.435,0.06068689563187729,0.07826299123398148,0.06968989663221074,0.0863621207069023,0.3530052226284301,0.07714122738963491,0.35273533292196535
0.44,0.06202067355785262,0.0807436312604702,0.07202400800266756,0.08902967655885295,0.3562458757523775,0.07957307135949249,0.3559635789168586
0.445,0.0650216738912971,0.08327033268680487,0.07469156385461821,0.0916972324108036,0.3594708412981167,0.08204691940955855,0.35917572396768127
0.45,0.06702234078026009,0.08577901008711265,0.07700900300100035,0.09438146048682892,0.36262838363538613,0.0845626943350068,0.36237184837822667
0.455,0.07002334111370456,0.08838848852186634,0.07900966988996333,0.09738246082027341,0.3657775815161606,0.08712030516246827,0.3655520320517718
0.46,0.07302434144714905,0.09104402835646581,0.08201067022340781,0.10038346115371788,0.3689654976750667,0.08971964723758974,0.36871635449307405
0.465,0.07469156385461821,0.0937192611083907,0.08469489829943315,0.10303434478159386,0.37206963549077565,0.09236060231786952,0.3718648948103592
0.47000000000000003,0.0756918972990997,0.09639983431247179,0.08702900966988997,0.10538512837612535,0.37522217115414797,0.09504303867069835,0.3749977317172992
0.47500000000000003,0.07869289763254418,0.09910310443821631,0.08969656552184062,0.10836945648549516,0.37827423956133543,0.09776681117653124,0.37811494353498
0.48,0.08169389796598867,0.10181171501611679,0.09236412137379127,0.11103701233744581,0.38141709565517434,0.1005317614371139,0.38121660819385916
0.485,0.08402800933644548,0.10465016533706104,0.09534844948316105,0.1140380126708903,0.3844962001014012,0.10333771788868895,0.38430280323571486
0.49,0.0863621207069023,0.10751865570138344,0.09803267755918639,0.11672224074691562,0.3875459320607707,0.10618449592009627,0.3873736058155839
0.495,0.09036345448482827,0.11044322081334437,0.10101700566855619,0.11970656885628543,0.3906210311678802,0.10907189799568984,0.39042909270369075
0.5,0.09336445481827275,0.11338714506437078,0.10370123374458153,0.12272424141380459,0.39365440799252127,0.11199971378298262,0.3934693402873666
0.505,0.09636545515171724,0.11637312537612648,0.10636878959653218,0.12604201400466822,0.39670313861711015,0.11496772028493685,0.39649442457295947
0.51,0.09903301100366789,0.11939915907905246,0.10901967322440814,0.12937645881960655,0.39969746338535983,0.11797568197680774,0.3995044211877341
0.515,0.10270090030010004,0.12248327019917545,0.1126708902967656,0.1323941313771257,0.4026957934927263,0.12102335094745031,0.40249940538176254
0.52,0.10536845615205068,0.12558974446270216,0.11537179059686563,0.13604534844948316,0.405784577508486,0.12411046704500084,0.4054794520298056
0.525,0.10770256752250751,0.12869321472189094,0.1183727909303101,0.13904634878292765,0.40877890227673574,0.12723675802683404,0.4084446356331849
0.53,0.1130376792264088,0.1318500895026405,0.1213571190396799,0.1417139046348783,0.4117178198538657,0.13040193971370256,0.4113950303216448
0.535,0.11670556852284095,0.13509608307874377,0.12437479159719907,0.14506502167389126,0.4146390471832298,0.1336057161479628,0.41433070985520626
0.54,0.12104034678226075,0.13837912604168007,0.12770923641213738,0.14871623874624876,0.41755593539521485,0.13684777975578388,0.41725174762601036
0.545,0.12637545848616205,0.14159608090918524,0.13071023674558185,0.15205068356118706,0.4204941854158268,0.14012781151324505,0.4201582166601536
0.55,0.12970990330110035,0.14490749502420042,0.13437812604201402,0.15540180060020004,0.4233750255757595,0.14344548111621414,0.42305018961951335
0.555,0.13237745915305102,0.14823259404786596,0.1373791263754585,0.15905301767255753,0.42623817548792536,0.14680044715390655,0.42592773880356405
0.56,0.1353784594864955,0.15167251279288627,0.1407135711903968,0.16238746248749583,0.4290549302219865,0.1501923572860217,0.42879093615118513
0.5650000000000001,0.1373791263754585,0.15510976131182852,0.14404801600533512,0.16605535178392797,0.431908400564619,0.15362084842334806,0.43163985324245957
0.5700000000000001,0.1393797932644215,0.15854968005684905,0.14769923307769256,0.16972324108036013,0.4346981192596392,0.15708554691173132,0.4344745613004629
0.5750000000000001,0.1427142380793598,0.1620646989103141,0.15071690563521173,0.17339113037679227,0.4374995201937518,0.16058606871929781,0.4372951311930443
0.58,0.14571523841280426,0.16563746140271657,0.1543847949316439,0.1764088029343114,0.44030526024524014,0.16412201962682554,0.44010163343459796
0.585,0.14771590530176726,0.16919787409950776,0.15805268422807603,0.1800600200066689,0.44310298961849476,0.16769299542115013,0.4428941381878261
0.59,0.15171723907969323,0.17286609717419982,0.16172057352450817,0.18341113704568188,0.44585098603104584,0.17129858209149557,0.4456727152654929
0.595,0.1533844614871624,0.17652797846195636,0.16503834611537177,0.18739579859953318,0.44867842166941924,0.1749383560286225,0.4484374341321702
0.6,0.15538512837612536,0.180264292301638,0.16903967989329777,0.19073024341447148,0.45144410832973664,0.17861188422667468,0.4511883639059736
0.605,0.15838612870956986,0.18401863016734632,0.17239079693231077,0.1950650216738913,0.45420745854223726,0.18231872448761538,0.4539255733602906
0.61,0.16072024008002667,0.18778598538518496,0.17672557519173057,0.19906635545181728,0.45689604242455134,0.18605842562814112,0.4566491309255002
0.615,0.164054684894965,0.19153331390743888,0.1803934644881627,0.20273424474824941,0.4596220094719593,0.1898305276889547,0.4593591046906834
0.62,0.16772257419139713,0.19532637005127818,0.1843947982660887,0.20640213404468155,0.4623206067020662,0.19363456214628522,0.4620555624053255
0.625,0.1707235745248416,0.19922490012520025,0.187729243081027,0.21007002334111372,0.46497447764536737,0.19747005212554242,0.4647385714810097
0.63,0.17539179726575524,0.2031451257860063,0.19238079359786595,0.21373791263754585,0.4676724073189553,0.20133651261698587,0.4674081989931028
0.635,0.17639213071023674,0.20707169323374758,0.19604868289429808,0.21773924641547182,0.4703176000275024,0.20523345069329646,0.47006451168243146
0.64,0.18072690896965654,0.21101928871185324,0.20006668889629878,0.22142380793597863,0.4730118581402333,0.20916036572893637,0.47270757595695145
0.645,0.18539513171057018,0.21495987484650372,0.20373457819273091,0.22540846948982995,0.47567140331394997,0.2131167496211765,0.4753374578934071
0.65,0.19173057685895298,0.2189498601635983,0.20805268422807602,0.22940980326775592,0.47827186973569064,0.21710208701268124,0.47795422323898396
0.655,0.1973991330443481,0.22293984548069262,0.21173724574858285,0.23407802600866956,0.48091305710512067,0.22111585551553326,0.48055793741295183
0.66,0.20006668889629878,0.22701828203662153,0.21572190730243412,0.23807935978659553,0.4835031764008082,0.22515752593658017,0.4831486655083008
0.665,0.20440146715571858,0.2310002566754816,0.22005668556185395,0.24209736578859617,0.48606459076615777,0.2292265625039938,0.4857264722933681
0.67,0.20806935645215072,0.2351200817356195,0.22407469156385462,0.2464154718239413,0.4886500371662088,0.23332242309492035,0.48829142221345756
0.675,0.21440480160053352,0.23923189611752474,0.2280593531177059,0.25108369456485496,0.49119342750553086,0.23744455946411175,0.4908435793924508
0.68,0.22007335778592865,0.2433901056775345,0.2324108036012004,0.2550850283427809,0.49374315963178905,0.24159241747342136,0.49338300763441045
0.685,0.22540846948982995,0.24752461698110254,0.23607869289763253,0.2594198066022007,0.49626418682770773,0.24576543732205314,0.4959097704251745
0.6900000000000001,0.22974324774924976,0.2516891683280485,0.2407469156385462,0.26375458486162057,0.49874816463679345,0.249963053777444,0.49842393093394455
0.6950000000000001,0.23274424808269423,0.25590845930959355,0.24441480493497833,0.2674391463821274,0.5012755336196487,0.2541846964066776,0.5009255520148641
0.7000000000000001,0.23841280426808936,0.2602255473212462,0.24908302767589197,0.27142380793597864,0.5037361469505512,0.25842978980830666,0.5034146962085906
0.705,0.243081027009003,0.26445518542884333,0.25308436145381796,0.2760920306768923,0.5062214598726773,0.2626977538444792,0.5058914257438583
0.71,0.24774924974991663,0.26874991029709316,0.2570856952317439,0.2807602534178059,0.5087007647861272,0.26698800387325566,0.5083558025390349
0.715,0.25208402800933644,0.2730145951219641,0.26175391797265757,0.2847615871957319,0.5111496958779392,0.27129995098100557,0.5108078882036684
0.72,0.25608536178726243,0.2772926310772263,0.2657552517505835,0.2891130376792264,0.5135782664959072,0.27563300221477993,0.5132477440400283
0.725,0.25975325108369457,0.28160638130628124,0.2700900300100033,0.2934478159386462,0.5160348744876928,0.2799865608145443,0.5156754310446375
0.73,0.26508836278759584,0.28603428370017275,0.274758252750917,0.2981160386795599,0.5183683183016298,0.2843600264451708,0.5180910099097975
0.735,0.2700900300100033,0.290393427772554,0.2790930310103368,0.3024508169389797,0.5208015618152341,0.28875279542808013,0.5204945410251058
0.74,0.27542514171390464,0.2948213301664453,0.2834111370456819,0.3067689229743248,0.5232251257593044,0.29316426097243226,0.5228860844789656
0.745,0.28009336445481825,0.2992492325603362,0.2874124708236079,0.31177059019673226,0.5256153118774,0.29759381340575564,0.5252657000600875
0.75,0.2867622540846949,0.30374822972355464,0.2920806935645215,0.3157719239746582,0.5279774606216766,0.3020408404039196,0.5276334472589853
0.755,0.29243081027009005,0.30815043119144553,0.296432144048016,0.32044014671557186,0.5303562982789397,0.3065047272203422,0.529989385269462
0.76,0.29709903301100365,0.31261171141131205,0.3007669223074358,0.32479159719906636,0.5326857367537594,0.3109848569143393,0.5323335729900908
0.765,0.304434811603868,0.31711204368756846,0.30575191730576856,0.32912637545848616,0.5350435463806587,0.3154806105785102,0.5346660690256866
0.77,0.3084361453817939,0.3216157137464242,0.31010336778926306,0.33377792597532513,0.5373696470728819,0.31999136756506746,0.5369869316887719
0.775,0.3114371457152384,0.3261510927399562,0.3147715905301767,0.33779593197732577,0.5396827304129743,0.32451650571101254,0.5392962190010342
0.78,0.3174391463821274,0.33067111793353876,0.3187729243081027,0.34244748249416473,0.5419707803835849,0.3290554015620624,0.5415939886947765
0.785,0.32077359119706567,0.33517679066195233,0.32344114704901633,0.34678226075358454,0.5442167742934665,0.33360743059523645,0.5438802982143608
0.79,0.32577525841947313,0.339804626233436,0.32775925308436143,0.35145048349449814,0.5464847975684918,0.33817196744000827,0.5461552047176441
0.795,0.3304434811603868,0.3444100986615154,0.3324441480493498,0.3561187062354118,0.5487628341913108,0.34274838609793845,0.5484187650774077
0.8,0.33544514838279427,0.3489661719071519,0.33744581527175727,0.3604534844948316,0.5510091618794521,0.3473360601606937,0.5506710358827784
0.805,0.34044681560520174,0.3535556229787636,0.34243081027009004,0.36513837945982,0.5532912038413872,0.3519343630263715,0.5529120734406436
0.81,0.34478159386462154,0.3581751140937525,0.34678226075358454,0.3694564854951651,0.5554887999036044,0.35654266811404073,0.5551419337770589
0.8150000000000001,0.35011670556852287,0.3627805865218334,0.35145048349449814,0.3737912637545849,0.5577024173222909,0.36116034907641853,0.5573606726386489
0.8200000000000001,0.3567855951983995,0.3674187692193689,0.35578526175391795,0.37912637545848615,0.5599257143105085,0.365786780010601,0.5595683454940008
0.8250000000000001,0.3614538179393131,0.372022238977891,0.3614538179393131,0.3838112704234745,0.5621099592423364,0.37042133566676727,0.5617650075350509
0.8300000000000001,0.3687895965321774,0.376604346927788,0.36612204068022675,0.3881293764588196,0.5642838570481127,0.3750633916547816,0.5639507136784645
0.835,0.3717905968656219,0.3811807806472691,0.37045681893964655,0.3927975991997332,0.5664704384277574,0.37971232464861493,0.5661255185670091
0.84,0.3781260420140047,0.38584199404472785,0.3751250416805602,0.39713237745915303,0.5686092895162583,0.3843675125885132,0.5682894765709203
0.845,0.3841280426808936,0.39050988300738293,0.37912637545848615,0.40146715571857283,0.5707755104220589,0.38902833488084193,0.5704426417892609
0.85,0.38946315438479495,0.39508398027904523,0.3841280426808936,0.4058019339779927,0.5728746418976497,0.3936941725955342,0.5725850680512733
0.855,0.3934644881627209,0.3997608812547122,0.3884628209403134,0.4104701567189063,0.5749791138253957,0.39836440866107453,0.5747168089177259
0.86,0.39913304434811603,0.40444579290861404,0.3934644881627209,0.41548849616538847,0.5771052813400255,0.40303842805695544,0.5768379176822511
0.865,0.403134378126042,0.40903057108458957,0.39846615538512836,0.42015671890630213,0.5792194328373047,0.407715618003538,0.5789484473726788
0.87,0.40880293431143716,0.41366641733430703,0.40246748916305436,0.42480826942314104,0.581406347995211,0.4123953681492555,0.581048450752361
0.875,0.4124708236078693,0.4183880445967809,0.40713571190396797,0.4294764921640547,0.5834988039056059,0.4170770707551044,0.5831379803214916
0.88,0.41847282427475824,0.423026227294317,0.41180393464488163,0.4338112704234745,0.5855632224421821,0.42176012087635817,0.5852170883184187
0.885,0.42447482494164723,0.42776554480455786,0.41645548516172054,0.438812937645882,0.5876646903655904,0.4264439165414495,0.5872858267209504
0.89,0.4264754918306102,0.4324157435194456,0.4207902634211404,0.4434811603867956,0.5897030741979057,0.4311278589279716,0.5893442472476544
0.895,0.43014338112704237,0.43714938679927,0.4254751583861287,0.44849949983327775,0.591802205673496,0.43581135253573927,0.5913924013591516
0.9,0.436812270756919,0.4417922423924423,0.4304768256085362,0.4531510503501167,0.5938395881710321,0.44049380535686644,0.5934303402594009
0.905,0.44381460486828944,0.44644110599428993,0.434811603867956,0.4574858286095365,0.5958712964381515,0.44517462904280747,0.5954581148969812
0.91,0.4468156052017339,0.4511276865394906,0.43981327109036344,0.462487495831944,0.5979180247269601,0.4498532390683193,0.597475775966364
0.915,0.4514838279426476,0.4558055888499367,0.4448149383127709,0.4668222740913638,0.5999026702594559,0.4545290548923,0.5994833739091812
0.92,0.45648549516505504,0.4604864951647205,0.4494831610536846,0.47149049683227745,0.6019307069657177,0.45920150011546196,0.6014809589154859
0.925,0.46315438479493165,0.46507394356677384,0.45448482827609205,0.47617539179726576,0.6039160200547314,0.46387000263480105,0.6034685809250071
0.93,0.4688229409803268,0.46975818766415595,0.458486162054018,0.4811770590196732,0.6058909860176946,0.46853399479482355,0.605446289628399
0.935,0.47382460820273425,0.47437233832699016,0.4638212737579193,0.4858452817605869,0.607896993358815,0.4731929135354957,0.6074141344684816
0.9400000000000001,0.4764921640546849,0.4789868227680819,0.4688062687562521,0.490163387795932,0.6098706242087372,0.4778462005368833,0.6093721646414789
0.9450000000000001,0.47849283094364786,0.4835936303092018,0.4731577192397466,0.4948316105368456,0.6117825060806056,0.4824933023604507,0.611320429098247
0.9500000000000001,0.48282760920306766,0.48820310807639816,0.4778259419806602,0.49949983327775926,0.613706403969825,0.48713367058698803,0.6132589765454988
0.9550000000000001,0.48749583194398133,0.4928613174695194,0.48216072024008005,0.5041680560186729,0.6156082724939012,0.4917667619511426,0.6151878554470215
0.96,0.4924974991663888,0.4974160556021171,0.48649549849949986,0.5085028342780927,0.617512143687536,0.49639203847252794,0.6171071140248879
0.965,0.4988329443147716,0.5019651195042992,0.49116372124041346,0.5128542847615871,0.6194523967114823,0.5010089675833875,0.6190168002606627
0.97,0.503834611537179,0.5066049710931346,0.49581527175725243,0.5175225075025008,0.621377963492002,0.5056170222527948,0.6209169618966012
0.975,0.5081693897965989,0.5111563714431347,0.5004834944981661,0.5221740580193398,0.6232644782161296,0.5102156811073664,0.622807646436843
0.98,0.5128376125375125,0.5156827384236529,0.5048349449816606,0.5265255085028342,0.6251166137795025,0.5148044285484774,0.6246889011486004
0.985,0.5191730576858953,0.5201827369216505,0.5088362787595865,0.5308436145381794,0.6270014596123287,0.5193827548659598,0.6265607730633391
0.99,0.5241747249083027,0.5248202520626667,0.513837945981994,0.5361787262420807,0.6288792961017039,0.523950156348273,0.6284233089779543
0.995,0.5298432810936979,0.5293502906040416,0.5185061687229077,0.5401967322440813,0.630750790804142,0.5285061353891363,0.6302765554559411
1.0,0.5321773924641547,0.5338866709323532,0.5231577192397466,0.5445315105035011,0.632580563224112,0.5330502005906137,0.6321205588285577
1.0050000000000001,0.5365121707235745,0.5383896734346889,0.5274924974991665,0.5488496165388462,0.6344146747614571,0.5375818668626449,0.6339553651959846
1.01,0.5408469489829943,0.5428960137196212,0.5318439479826609,0.5531843947982661,0.6361970506685412,0.5421006555190166,0.6357810204284766
1.0150000000000001,0.5458486162054018,0.5474400709479068,0.5365121707235745,0.5575358452817606,0.6380208150798352,0.5466060943697749,0.6375975701675097
1.02,0.549516505501834,0.5518679733417984,0.5408469489829943,0.5625208402800934,0.6398138718912318,0.5510977178100697,0.6394050598269216
1.025,0.5548516172057353,0.556238132096752,0.5451650550183395,0.5668556185395132,0.641641641641642,0.5555750669054434,0.6412035345940483
1.03,0.5611870623541181,0.5606249797646937,0.5494998332777593,0.5715238412804268,0.6433936437270874,0.5600376894735559,0.6429930394308526
1.035,0.565188396132044,0.5650298514586609,0.5538512837612537,0.5755251750583528,0.6451466471473137,0.5644851401623564,0.6447736190750485
1.04,0.5718572857619206,0.5693656310528603,0.5585195065021674,0.5801933977992664,0.6469330283935149,0.5689169805247076,0.6465453180412198
1.045,0.5758586195398466,0.573765496072932,0.5625208402800934,0.5845448482827609,0.6486780211355079,0.5733327790894678,0.6483081806219331
1.05,0.582860953651217,0.5782007415885366,0.5675058352784262,0.5891963987995998,0.6504310245557327,0.5777321114290446,0.6500622508888447
1.055,0.5881960653551184,0.5824824491046555,0.5715238412804268,0.5938646215405136,0.6521556568238794,0.5821145602234263,0.6518075726938024
1.06,0.5931977325775258,0.5868235691510106,0.5758586195398466,0.5978826275425141,0.6538726121920525,0.586479715320713,0.6535441896699425
1.065,0.596865621873958,0.591111618454066,0.5801933977992664,0.6022007335778593,0.6555949080123809,0.5908271737941492,0.6552721452327799
1.07,0.6022007335778593,0.5953292405443119,0.5838612870956985,0.6062020673557853,0.6573545869978019,0.5951565399956895,0.6569914825812934
1.075,0.606535511837279,0.599643992108146,0.5885128376125376,0.610536845615205,0.6590949068441555,0.5994674256061017,0.6587022446990063
1.08,0.610536845615205,0.6038616141983921,0.5925308436145382,0.614538179393131,0.660807856873211,0.6037594496816368,0.6604044743550609
1.085,0.6148716238746249,0.6080909185277316,0.5965321773924641,0.6188729576525509,0.6625014477632009,0.6080322386972823,0.6620982141052869
1.09,0.6188729576525509,0.6123639478090963,0.6012004001333778,0.622540846948983,0.664176347070645,0.6122854265866224,0.6637835062932667
1.095,0.6222074024674892,0.616588245464539,0.6052017339113037,0.6265588529509836,0.6658338899085835,0.6165186547783279,0.6654603930513924
1.1,0.6282094031343781,0.6208112080069405,0.6098532844281428,0.6305435145048349,0.6674864260726214,0.6207315722293061,0.6671289163019205
1.105,0.6312104034678226,0.6249774282451845,0.6142047349116372,0.6345615205068356,0.6691716725061175,0.624923835454531,0.668789117758019
1.11,0.6388796265421808,0.6291553307225205,0.618539513171057,0.6395465155051684,0.6708445691440024,0.6290951085535881,0.670441038924811
1.115,0.6435478492830944,0.6332214174828376,0.6228576192064021,0.6432310770256752,0.6724947688602244,0.6332450632339577,0.6720847211004115
1.12,0.6468822940980327,0.637316542951756,0.6265255085028343,0.6472157385795265,0.6741673317198503,0.637373378831075,0.6737202053769605
1.125,0.6515505168389463,0.6414747525117644,0.6308769589863288,0.6515505168389463,0.6757864900579141,0.6414797423251908,0.6753475326416503
1.1300000000000001,0.6545515171723908,0.6454964467635362,0.6348782927642548,0.6555685228409469,0.6773782785786779,0.6455638483550736,0.6769667435777471
1.135,0.6575525175058353,0.6495341623717754,0.6391963987995999,0.6595531843947983,0.6789754075516002,0.6496253992285819,0.6785778786656087
1.1400000000000001,0.6635545181727243,0.6535902357843008,0.6435478492830944,0.6635545181727243,0.6805712014114818,0.6536641049301488,0.6801809781836962
1.145,0.6668889629876625,0.6575962424578623,0.6478826275425141,0.6672224074691564,0.6821476361322983,0.6576796831252074,0.6817760822095809
1.1500000000000001,0.6688896298766256,0.6616236109400493,0.6518839613204401,0.671240413471157,0.6837224019618146,0.6616718591616046,0.6833632306209468
1.155,0.6752250750250083,0.6655842237702861,0.6555518506168723,0.6752250750250083,0.6853128553695398,0.6656403660680341,0.6849424630965867
1.16,0.6788929643214405,0.669484756513766,0.6592197399133044,0.6792430810270089,0.6868252046644842,0.6695849445495332,0.6865138191173947
1.165,0.6835611870623541,0.6733435669747774,0.6635378459486496,0.6832277425808603,0.6883792762418972,0.6735053429800839,0.6880773379673533
1.17,0.6885628542847616,0.6772601210747268,0.6668889629876625,0.6875625208402801,0.6899223331367375,0.6774013173923583,0.689633058734515
1.175,0.6932310770256752,0.6811109208575032,0.6715571857285761,0.690913637879293,0.6914790749402289,0.6812726314646542,0.6911810203119801
1.18,0.6958986328776259,0.684961720640281,0.6752250750250083,0.6945815271757252,0.6930054429220815,0.6851190565050599,0.6927212613988687
1.185,0.7002334111370457,0.6888345497882022,0.6788929643214405,0.6988996332110704,0.6945248015604787,0.6889403714329003,0.6942538205012883
1.19,0.7049016338779593,0.6925668582887659,0.6825608536178727,0.7022340780260087,0.6960471642032156,0.6927363627574993,0.6957787359332959
1.195,0.7109036345448483,0.6963188597066556,0.6868956318772924,0.7055851950650216,0.6975745335198474,0.6965068245543156,0.6972960458178572
1.2,0.7155718572857619,0.7000197930508038,0.6902300766922308,0.7092530843614537,0.6991172566364305,0.7002515584384887,0.6988057880877978
1.205,0.717572524174725,0.7037551055557056,0.6935645215071691,0.7129043014338112,0.7005628502794224,0.7039703735358518,0.7003080004867537
1.21,0.7215738579526508,0.7074073072739283,0.6972324108036012,0.7169056352117372,0.7020815413613011,0.7076630864514494,0.7018027205701126
1.215,0.7249083027675892,0.7110598427704126,0.7015505168389463,0.7205735245081694,0.7035481630346574,0.7113295212356194,0.7032899857059547
1.22,0.7295765255085028,0.714716049827752,0.7048849616538847,0.7242580860286761,0.7050388167427168,0.7149695093476796,0.7047698330759857
1.225,0.735245081693898,0.7182941527723123,0.7085695231743915,0.7282427475825275,0.7064984290726204,0.7185828896172739,0.7062422996764672
1.23,0.7409136378792931,0.7218609072560382,0.7119039679893298,0.7315771923974658,0.7079610454068613,0.7221695082034251,0.7077074223191406
1.235,0.7449149716572191,0.7254323346354028,0.7158886295431811,0.7349116372124042,0.7094269995236989,0.7257292185513495,0.7091652376321484
1.24,0.7485828609536512,0.728914643219412,0.7189063021007003,0.7389129709903302,0.7108575731450025,0.7292618813470773,0.7106157820609493
1.245,0.7502500833611204,0.7324306634076555,0.7225741913971324,0.7422474158052684,0.712307839683631,0.7327673644699385,0.7120590918692298
1.25,0.7542514171390463,0.735867244370079,0.7259086362120707,0.7455985328442813,0.7137420848657934,0.7362455429429594,0.7134952031398099
1.2550000000000001,0.7572524174724908,0.7393331978193604,0.7295765255085028,0.7492664221407135,0.715165649143642,0.7396962988812252,0.7149241517755465
1.26,0.7592530843614538,0.742701354238534,0.7329109703234411,0.7525841947315772,0.7165501613650999,0.7431195214382614,0.7163459735002295
1.2650000000000001,0.7619206402134044,0.7461199111749303,0.7362454151383795,0.7556018672890963,0.7179490260517274,0.7465151067504843,0.7177607038594767
1.27,0.7645881960653551,0.7494433413072955,0.739896632210737,0.7592697565855284,0.7193355409427425,0.7498829578797755,0.7191683782216203
1.2750000000000001,0.7669223074358119,0.7527313909441282,0.742914304768256,0.762270756918973,0.720773791464021,0.7532229847542339,0.7205690317785927
1.28,0.7719239746582194,0.7560434726156641,0.7462487495831944,0.7659219739913304,0.722174325041948,0.7565351041071537,0.7219626995468058
1.285,0.77459153051017,0.7593578907350156,0.7505668556185395,0.7686062020673557,0.7235608399329647,0.7598192394142913,0.7233494163680265
1.29,0.7779259753251083,0.7626355932457968,0.7532510836945648,0.771940646882294,0.724918316115383,0.7630753208294616,0.7247292169102477
1.295,0.7795931977325775,0.7658248445177418,0.7565855285095031,0.7752584194731578,0.726282467862995,0.766303285118529,0.7261021356685544
1.3,0.7835945315105035,0.7689787152941536,0.7595865288429476,0.7782594198066022,0.7276509587279835,0.7695030755918394,0.7274682069659875
1.305,0.786595531843948,0.7721158971575767,0.7629043014338113,0.7815938646215406,0.7289997566756491,0.7726746420351488,0.7288274649544001
1.31,0.788596198732911,0.7752016771690007,0.7655885295098366,0.784594864954985,0.7303178470234164,0.775817940639102,0.7301799436153131
1.315,0.7905968656218739,0.7782690993761356,0.768922974324775,0.7879293097699233,0.7317076996970309,0.7789329339273139,0.7315256767607634
1.32,0.796598866288763,0.7813588847266738,0.7715905301767255,0.7909303101033678,0.7330595016490327,0.7820195906831078,0.7328646980341497
1.325,0.8019339779926642,0.7843996046730296,0.7749249749916639,0.7936145381793931,0.7343929457967471,0.7850778858749621,0.7341970409110734
1.33,0.8029343114371457,0.7874009387847339,0.7775925308436146,0.796598866288763,0.7356749880924603,0.7881078005807196,0.735522738700176
1.335,0.8056018672890963,0.7903822462008537,0.780593531177059,0.7992830943647882,0.7370177780314497,0.7911093219106118,0.7368418245439713
1.34,0.808269423141047,0.7932914575128641,0.7835945315105035,0.8029343114371457,0.73831684301841,0.7940824429291493,0.738154331419674
1.345,0.8106035345115038,0.7962120172857088,0.7862620873624542,0.8052684228076026,0.7395875368532921,0.7970271625759325,0.7394602921400244
1.35,0.8139379793264422,0.7990708280804992,0.7892630876958986,0.808269423141047,0.7408959476315268,0.7999434855854348,0.7407597393541085
1.355,0.8172724241413805,0.801976367831654,0.7919306435478493,0.8112704234744915,0.7421786574837588,0.8028314224058049,0.7420527055481743
1.36,0.8192730910303434,0.8048305057308062,0.7949316438812938,0.8142714238079359,0.7434169748274445,0.8056909891167475,0.7433392230464442
1.365,0.820273424474825,0.8076756316169454,0.7979326442147382,0.8169556518839612,0.7447070278013929,0.808522207346527,0.7446193240119223
1.37,0.8236078692897633,0.8104880472336291,0.8009336445481827,0.8199399799933311,0.7459850647579892,0.8113251041881476,0.7458930404471997
1.375,0.827942647549183,0.813225028963608,0.8039179726575526,0.8222740913637879,0.7472330616712085,0.8140997121147581,0.7471604041952535
1.3800000000000001,0.8302767589196399,0.8159753618239789,0.8066022007335779,0.8249583194398132,0.748476719467051,0.8168460688943343,0.7484214469402435
1.385,0.8322774258086029,0.8187333715843207,0.8092697565855285,0.827942647549183,0.7497203772628918,0.8195642175036846,0.7496762002083039
1.3900000000000001,0.8346115371790597,0.8214019287710514,0.8119373124374791,0.8306102034011337,0.7509777199673832,0.822254206041831,0.7509246953683318
1.395,0.8366122040680227,0.8240434499187418,0.8145881960653552,0.8336112037345782,0.7521803230372739,0.8249160876428107,0.7521669636327712
1.4000000000000001,0.8389463154384795,0.8266833021751319,0.8166055351783928,0.835945315105035,0.7534309901765709,0.8275499203879494,0.7534030360583935
1.405,0.8426142047349117,0.8292577338926115,0.8192730910303434,0.8382794264754918,0.7546759830854529,0.8301557672176505,0.7546329435470737
1.41,0.8456152050683561,0.8318298291622723,0.8219406468822941,0.8406135378459486,0.7559299880073479,0.83273369584275,0.7558567168465629
1.415,0.8492830943647882,0.8343378390060602,0.8242747582527509,0.8429476492164054,0.7571783186988269,0.8352837786554812,0.7570743865512576
1.42,0.8516172057352451,0.8368425110672526,0.8269423141047015,0.8456152050683561,0.7583815893252385,0.837806092640095,0.7582859831029636
1.425,0.8546182060686895,0.8393021230633778,0.8296098699566522,0.8482827609203067,0.7595798532777526,0.8403007192831831,0.7594915367916579
1.43,0.8559519839946649,0.8417490514856314,0.8322774258086029,0.8506168722907635,0.7607664349911756,0.8427677444837458,0.7606910777562454
1.435,0.8579526508836278,0.8441816274427159,0.8349449816605535,0.8529509836612204,0.7619249793307805,0.8452072584630503,0.761884635985313
1.44,0.8616205401800601,0.8465741500086273,0.8369456485495165,0.855618539513171,0.7630891979008018,0.847619355674321,0.7630722413178782
1.445,0.8652884294764922,0.8489503174398144,0.8396132044014671,0.8576358786262087,0.7642654324881731,0.850004134712306,0.7642539234441365
1.45,0.8669556518839613,0.8513481804578842,0.8422807602534178,0.8603034344781594,0.7654433359668442,0.8523616982227611,0.7654297119062023
1.455,0.8689563187729243,0.8536609300197162,0.8442814271423807,0.8626375458486162,0.7666279150107097,0.8546921528118927,0.7665996360988487
1.46,0.8709569856618873,0.8559429719816504,0.8469489829943314,0.8646215405135045,0.7677804513416384,0.8569956089557991,0.7677637252702412
1.465,0.8719573191063688,0.8581903010045725,0.8489496498832945,0.8669556518839613,0.7689496765855542,0.859272180909952,0.7689220085226698
1.47,0.8739579859953318,0.8604176033319078,0.8512837612537513,0.8689563187729243,0.7701122262642761,0.8615219866187558,0.7700745148132762
1.475,0.8756252084028009,0.8626295518592948,0.8536178726242081,0.8712904301433811,0.7712737746082197,0.8637451476252235,0.7712212729547776
1.48,0.8769589863287762,0.8648361599345268,0.855618539513171,0.873624541513838,0.7724243082695892,0.8659417889808082,0.7723623116161873
1.485,0.8786262087362454,0.8670247439837289,0.8579526508836278,0.8756252084028009,0.7735521450092957,0.8681120391554245,0.7734976593235312
1.49,0.8812937645881961,0.8691809515417387,0.8602867622540847,0.8782927642547516,0.7746713035142503,0.8702560299476982,0.7746273444605613
1.495,0.8819606535511837,0.8712330202827032,0.8622874291430477,0.8799599866622208,0.7757954686931012,0.8723738963954811,0.7757513952694647
1.5,0.8836278759586529,0.8733314842017743,0.8642880960320106,0.8819606535511837,0.7769052814067821,0.8744657766866598,0.7768698398515702
1.5050000000000001,0.8869623207735912,0.8753765435992851,0.8662887629209737,0.8839613204401467,0.7780147603422036,0.8765318120703005,0.7779827061680507
1.51,0.889296432144048,0.8773758753752078,0.8682894298099366,0.8862954318106036,0.7790955343472845,0.8785721467681554,0.7790900220406218
1.5150000000000001,0.8906302100700233,0.8793638586903011,0.8702900966988997,0.8879626542180727,0.7801746394610672,0.8805869278865701,0.7801918151522383
1.52,0.8939646548849617,0.8813071157185852,0.8726075358452818,0.8899633211070357,0.7812924628529829,0.8825763053288167,0.7812881130477852
1.5250000000000001,0.8946315438479493,0.8832780763424302,0.8742914304768256,0.8922974324774925,0.782398937784065,0.8845404317078894,0.7823789431347672
1.53,0.8969656552184061,0.8852086497968448,0.876275425141714,0.8939646548849617,0.7834937304760571,0.8864794622597888,0.783464332683993
1.5350000000000001,0.8982994331443814,0.8870904916253367,0.8782927642547516,0.8956318772924308,0.7846008729636618,0.8883935547573263,0.7845443088302579
1.54,0.8999666555518506,0.8889376205148141,0.8806102034011337,0.8976325441813938,0.7856766402948477,0.8902828694244757,0.785618898573022
1.545,0.9026342114038013,0.8907497026870158,0.8819606535511837,0.8996332110703568,0.7867540765173311,0.8921475688513005,0.7866881287770848
1.55,0.9039679893297766,0.8925948289069344,0.8839613204401467,0.901300433477826,0.787830511405037,0.8939878179094843,0.7877520261732569
1.555,0.9063021007002334,0.8943785399270563,0.885945315105035,0.9033177725908635,0.7888705644624285,0.8958037836684882,0.7888106173590288
1.56,0.906968989663221,0.8961986327774925,0.8879459819939981,0.905301767255752,0.7899583478109652,0.8975956353123637,0.7898639287992353
1.565,0.9086362120706902,0.8979419566281863,0.8896298766255418,0.906968989663221,0.7909877199640454,0.899363544057242,0.790911986826717
1.57,0.9113037679226409,0.8996799400267227,0.8916138712904302,0.9089696565521841,0.7920177596736451,0.9011076830695275,0.7919548176429796
1.575,0.9129709903301101,0.9013932238340373,0.8929643214404802,0.9106368789596532,0.7930698287483883,0.9028282273848142,0.7929924473188473
1.58,0.914971657219073,0.9031235303326018,0.8946148716238747,0.9123041013671224,0.7940838471015207,0.9045253538275505,0.7940249017951165
1.585,0.9159719906635545,0.9048241305660449,0.8962987662554185,0.9136545515171723,0.7951218974893546,0.9061992409314716,0.7950522068832027
1.59,0.9163054351450484,0.9065100445560607,0.8976325441813938,0.9153051017005669,0.7961526047554729,0.9078500688608213,0.7960743882657866
1.595,0.9186395465155052,0.90818861542436,0.8996332110703568,0.916972324108036,0.7971793066824736,0.9094780193323824,0.797091471497456
1.6,0.9216405468489497,0.9097700568190722,0.9009669889963321,0.9183061020340113,0.7981759685660978,0.9110832755383343,0.7981034820053446
1.605,0.9246415471823941,0.9113648493441752,0.9026342114038013,0.9196398799599866,0.7991919895887882,0.9126660220699576,0.7991104450897679
1.61,0.9263087695898633,0.9128938875521079,0.9043014338112704,0.9213071023674558,0.8002093457245175,0.9142264448422011,0.8001123859248556
1.615,0.9279759919973325,0.9144459564599628,0.9063021007002334,0.9226408802934312,0.8012096791689985,0.9157647310191285,0.8011093295591803
1.62,0.9286428809603201,0.9159346074984613,0.9079693231077026,0.9243081027009002,0.8021839779092191,0.9172810689402631,0.8021013009163853
1.625,0.9296432144048016,0.9174202545326254,0.9096365455151717,0.9256418806268756,0.8031519348625058,0.9187756480478407,0.8030883247958059
1.6300000000000001,0.9313104368122708,0.9189169162493597,0.910970323441147,0.9273091030343448,0.8041065406854018,0.9202486588149904,0.8040704258730906
1.635,0.93297765921974,0.9203898797096528,0.9126375458486162,0.9286428809603201,0.8050518007170228,0.9217002926748533,0.8050476287008175
1.6400000000000001,0.9336445481827276,0.9218037644179704,0.9139713237745916,0.9299766588862954,0.8060357790267751,0.923130741950654,0.8060199577091081
1.645,0.9356452150716905,0.9232203193523637,0.915621873957986,0.9309769923307769,0.807013415549594,0.9245401997867359,0.8069874372062382
1.6500000000000001,0.9366455485161721,0.9246128422520554,0.9166388796265422,0.9326442147382461,0.8079613458072936,0.9259288600805727,0.8079500913792459
1.655,0.9373124374791597,0.9259583024171213,0.9182894298099367,0.9336445481827276,0.8089313054301377,0.9272969174157665,0.8089079442945354
1.6600000000000001,0.9379793264421474,0.9272937492343957,0.9193064354784928,0.9353117705901968,0.8099132810703341,0.9286445669960426,0.8098610198984795
1.665,0.9379793264421474,0.9285934817778767,0.9206402134044681,0.9363287762587529,0.8108331739542145,0.9299720045802496,0.810809342018018
1.67,0.9389796598866289,0.9298868725344226,0.9219739913304434,0.9376458819606536,0.8117814379901738,0.9312794264183756,0.8117529343612532
1.675,0.9399799933311104,0.9311832672953051,0.9233077692564188,0.9389796598866289,0.8127236940174591,0.932567029188586,0.812691820518043
1.68,0.940646882294098,0.9324676460388356,0.9246248749583195,0.9403134378126042,0.813665950044743,0.9338350099352913,0.81362602396059
1.685,0.940646882294098,0.9336936135869113,0.9259753251083694,0.9413137712570857,0.8145851753721046,0.9350835660082533,0.8145555680440291
1.69,0.9419806602200733,0.9349389402740513,0.9273091030343448,0.9423307769256418,0.8155044006994653,0.9363128950027311,0.8154804760070107
1.695,0.944648216072024,0.9361572309221519,0.9286428809603201,0.9439813271090364,0.8164169504616309,0.9375231947006787,0.8164007709722821
1.7,0.9456485495165055,0.9373578313224847,0.9299766588862954,0.9449983327775925,0.8173301677803171,0.938714663012992,0.8173164759472653
1.705,0.946648882960987,0.9385247201185856,0.9309769923307769,0.9463154384794932,0.8182580713424316,0.9398874979228163,0.8182276138246325
1.71,0.9476492164054685,0.9397029573755155,0.9319773257752584,0.9473157719239746,0.8191482579611952,0.941041897429911,0.8191342073828779
1.715,0.9483161053684561,0.9408511545890688,0.9333111037012337,0.9483161053684561,0.8200698197363758,0.9421780594960799,0.8200362792868878
1.72,0.9489829943314438,0.9419509539549559,0.934644881627209,0.9493164388129376,0.820981368163764,0.943296181991667,0.8209338520885068
1.725,0.9503167722574192,0.9430821284772596,0.9359786595531844,0.9503167722574192,0.8218812343520587,0.9443964626431184,0.8218269482271016
1.73,0.9503167722574192,0.9442022883169925,0.9373124374791597,0.9513171057019006,0.8227547320578334,0.9454790989816151,0.8227155900301222
1.735,0.9516505501833945,0.9453121010306735,0.9383127709236412,0.9523174391463821,0.823645586233115,0.9465442882927726,0.82359979971366
1.74,0.9529843281093698,0.9463554918706631,0.9396465488496165,0.9536512170723574,0.8245290972866826,0.947592227567412,0.8244795993830032
1.745,0.9539846615538513,0.9474155716236411,0.9406302100700233,0.9546515505168389,0.8253935829794455,0.9486231134533987,0.8253550110331891
1.75,0.9546515505168389,0.9484325939811113,0.9416472157385796,0.9556518839613204,0.8262533957765695,0.9496371422085492,0.8262260565495548
1.7550000000000001,0.9549849949983328,0.9494239154125801,0.9429809936645549,0.9563187729243081,0.8271275610388646,0.9506345096546052,0.8270927577082836
1.76,0.9563187729243081,0.9504145692875284,0.9439646548849617,0.9573191063687896,0.8279656782491068,0.9516154111322704,0.8279551361769495
1.7650000000000001,0.9569856618872957,0.9513868653581895,0.9446315438479493,0.9583194398132711,0.8288351706157643,0.952580041457311,0.8288132135150591
1.77,0.9579859953317773,0.9523341280593693,0.9456485495165055,0.9593197732577526,0.8297009914215647,0.9535285948777139,0.8296670111745905
1.7750000000000001,0.9586528842947649,0.9532723787475355,0.9466322107369124,0.9603201067022341,0.8305521259839364,0.9544612650319013,0.83051655050053
1.78,0.9593197732577526,0.9541865974010009,0.9476492164054685,0.9610036678892964,0.831404929437606,0.9553782449079958,0.8313618527314045
1.7850000000000001,0.9599866622207403,0.9550711097893483,0.9486328776258753,0.9616538846282094,0.8322423790913278,0.9562797268041342,0.8322029389998141
1.79,0.9626542180726909,0.9559833257732565,0.9496498832944315,0.962320773591197,0.83307916118853,0.9571659022898227,0.8330398303329594
1.795,0.9643214404801601,0.9568728448355002,0.9506502167389129,0.9633211070356785,0.8339112703900964,0.9580369621683305,0.833872547653167
1.8,0.9649883294431477,0.9577199740587553,0.9513171057019006,0.9643214404801601,0.8347417107003643,0.9588930964401139,0.8347011117784134
1.805,0.9656552184061353,0.9585807881906597,0.9523007669223075,0.9649883294431477,0.8355748212367107,0.9597344942672679,0.8355255434228451
1.81,0.9666555518506169,0.9594075569400687,0.9529843281093698,0.9659886628876292,0.8363672108253655,0.9605613439389953,0.836345863197296
1.815,0.9673224408136045,0.9602476768198674,0.9536512170723574,0.9666722240746916,0.8372009889182294,0.961373832838091,0.837162091609803
1.82,0.9679893297765922,0.9610584242128073,0.9546515505168389,0.9676558852950984,0.8380030580764166,0.9621721474084295,0.8379742490661193
1.825,0.9686562187395799,0.9618367951145522,0.9553184394798266,0.9686562187395799,0.8388134716910979,0.9629564731234524,0.8387823558702232
1.83,0.9693231077025676,0.9626168349075955,0.9563021007002335,0.9689896632210737,0.8396352337666102,0.9637269944556455,0.8395864322248272
1.835,0.970323441147049,0.9633841911267694,0.956652217405802,0.9696565521840613,0.8404032575423028,0.9644838948469986,0.8403864982318819
1.84,0.9706568856285428,0.9641051521678387,0.9576525508502834,0.970323441147049,0.8412210142786996,0.9652273566804396,0.8411825738930794
1.845,0.9709903301100367,0.9648251118741284,0.9586362120706903,0.9709903301100367,0.8420117349760566,0.9659575612522333,0.8419746791103522
1.85,0.9716572190730244,0.9655454053586774,0.9596365455151717,0.9713237745915305,0.8427817614213081,0.966674688745337,0.8427628336863724
1.855,0.9729909969989997,0.9662710392953834,0.9603201067022341,0.9719906635545181,0.8435624687708726,0.9673789182037031,0.8435470573250452
1.86,0.9729909969989997,0.9669956718973082,0.9613037679226409,0.9726742247415805,0.8443551921377869,0.9680704275075186,0.8443273696320027
1.865,0.9739913304434812,0.9677016129166869,0.9619706568856286,0.9733411137045681,0.8451355657090921,0.9687493933493739,0.845103790115093
1.87,0.9746582194064688,0.9683861921274398,0.962320773591197,0.9739913304434812,0.8459116001630193,0.9694159912113475,0.8458763381848686
1.875,0.9753251083694565,0.9690564188730242,0.9633211070356785,0.9746582194064688,0.8467006519690753,0.9700703953429989,0.8466450331550716
1.8800000000000001,0.9753251083694565,0.9697056175882438,0.9639879959986662,0.9749916638879627,0.8474496503839613,0.97071277874026,0.8474098942431161
1.885,0.976325441813938,0.9703614918686586,0.9646382127375792,0.9759919973324441,0.8481996501336276,0.9713433131252095,0.8481709405705694
1.8900000000000001,0.976325441813938,0.9709980070100074,0.9653217739246416,0.976325441813938,0.8489526538876317,0.9719621689267264,0.8489281911636292
1.895,0.9769923307769256,0.9716084874470973,0.9663054351450484,0.9769923307769256,0.8497283545632989,0.9725695152620052,0.8496816649535996
1.9000000000000001,0.9776592197399133,0.9722129598755107,0.9666555518506169,0.9776592197399133,0.8504796894260044,0.9731655199189251,0.8504313807773649
1.905,0.9783261087029009,0.9728434670081864,0.9673224408136045,0.9779926642214072,0.8512166718235405,0.9737503493392613,0.8511773573778596
1.9100000000000001,0.9786595531843948,0.973419902062782,0.9683061020340114,0.9783427809269756,0.8519222790646603,0.9743241686027261,0.8519196134045376
1.915,0.9786595531843948,0.9739943344478195,0.9686562187395799,0.9789929976658887,0.8526575925708983,0.9748871414118279,0.852658167413838
1.92,0.9789929976658887,0.974534721450361,0.9693064354784929,0.9793264421473825,0.8534005829771085,0.975439430077537,0.8533930378696498
1.925,0.9789929976658887,0.975096804039787,0.9699899966655552,0.9799933311103701,0.8541152022312408,0.975981195505747,0.8541242431437727
1.93,0.9796598866288763,0.9756335194814725,0.970323441147049,0.9806602200733577,0.8548631993113494,0.9765125971845163,0.8548518015163763
1.935,0.9799933311103701,0.9761535460101685,0.9709903301100367,0.9813271090363455,0.8555788199002613,0.9770337931720826,0.855575731176458
1.94,0.9806602200733577,0.9766869236692539,0.9716572190730244,0.9816605535178393,0.8562844271413801,0.977544940085632,0.856296050222297
1.945,0.9809936645548516,0.9771996070762343,0.9719906635545181,0.9819939979993331,0.8569816899260045,0.9780461930908174,0.8570127766619071
1.95,0.9819939979993331,0.9777112891484354,0.9726575525175059,0.9823441147049016,0.8577046536366307,0.9785377058920063,0.8577259284134864
1.955,0.9823274424808269,0.9782062823076485,0.9736578859619873,0.9829943314438147,0.8584279511255165,0.9790196307232517,0.858435523305866
1.96,0.9829943314438147,0.9786735718713028,0.9739913304434812,0.9833277759253084,0.8591165356753883,0.9794921183399687,0.8591415790789549
1.965,0.9833277759253084,0.9791472032218914,0.9743081027009004,0.9836612204068023,0.8598618625294177,0.9799553180113086,0.8598441133841846
1.97,0.9836612204068023,0.979598137650818,0.9749916638879627,0.9840113371123708,0.8605734777792127,0.9804093775132123,0.8605431437849491
1.975,0.9839946648882961,0.9800707676666286,0.9753251083694565,0.9846615538512837,0.8612764147942541,0.9808544431221368,0.8612386877570448
1.98,0.9849949983327776,0.980521368317295,0.9759753251083695,0.9849949983327776,0.8619710073528016,0.9812906596094351,0.8619307626891072
1.985,0.9853284428142715,0.9809496058245596,0.976325441813938,0.9853284428142715,0.8626882968330126,0.9817181702363835,0.8626193858830458
1.99,0.9853284428142715,0.9813705002101094,0.9766588862954318,0.9856785595198398,0.8633511804568826,0.9821371167498377,0.8633045745544762
1.995,0.9853284428142715,0.9817920621521794,0.9773257752584195,0.9859953317772591,0.8640357596676372,0.9825476393785078,0.8639863458331508
2.0,0.9856618872957652,0.9822159605420676,0.9779926642214072,0.9866622207402468,0.8646976419567285,0.982949876829839,0.8646647167633873
2.005,0.9863287762587529,0.9825968015364485,0.9783261087029009,0.9866622207402468,0.8653628620284168,0.9833439662874862,0.8653397043044941
2.0100000000000002,0.9873291097032344,0.9829976692264144,0.9786595531843948,0.9869956652217405,0.8660431021217939,0.9837300434093658,0.8660113253311951
2.015,0.9873291097032344,0.9833781764425346,0.9789929976658887,0.9873291097032344,0.8667046506326249,0.9841082423262771,0.8666795966340506
2.02,0.9876625541847283,0.9837403258543683,0.9796598866288763,0.9876625541847283,0.8673848907260027,0.9844786956410768,0.8673445349198783
2.025,0.9876625541847283,0.9841174952878902,0.9799933311103701,0.9879959986662221,0.8680357583325238,0.9848415344283958,0.8680061568121697
2.0300000000000002,0.9876625541847283,0.984454277551982,0.980326775591864,0.9880126708902968,0.8686869597173034,0.9851968882348836,0.868664478851507
2.035,0.9879959986662221,0.9848197647464128,0.9806602200733577,0.9883294431477159,0.869337493545563,0.9855448850799705,0.8693195174959749
2.04,0.9879959986662221,0.9851672279148151,0.9809936645548516,0.9886795598532844,0.8699853571477437,0.9858856514571334,0.8699712891215741
2.045,0.9883294431477159,0.9855206990918934,0.9813271090363455,0.9893297765921975,0.8706278802977702,0.9862193123356504,0.8706198100226289
2.05,0.9883294431477159,0.9858434626690753,0.9816605535178393,0.9893297765921975,0.8712620589913024,0.9865459911628383,0.8712650964121957
2.055,0.9883294431477159,0.9861795773766465,0.9823274424808269,0.9896632210736912,0.8719162643804197,0.9868658098667518,0.8719071644224681
2.06,0.9886628876292097,0.9865056787364244,0.9823274424808269,0.9899966655551851,0.8725751426651727,0.98717888885934,0.8725460301051793
2.065,0.9893297765921975,0.9868241031962265,0.9826608869623208,0.9903301100366789,0.873207652467405,0.9874853470400434,0.8731817094320049
2.07,0.9893297765921975,0.9871448641038475,0.9829943314438147,0.9906635545181727,0.8738194680175327,0.9877853017998203,0.8738142182949612
2.075,0.9899966655551851,0.9874516063245588,0.9836612204068023,0.9909969989996665,0.8744409631371938,0.9880788690255904,0.8744435725068028
2.08,0.9906635545181727,0.9877620201061279,0.9839779926642215,0.9909969989996665,0.8750791471698438,0.9883661631050852,0.8750697878014175
2.085,0.9909969989996665,0.9880600840920871,0.98432810936979,0.9913304434811604,0.8757256756589857,0.9886472969320906,0.8756928798342206
2.09,0.9913304434811604,0.9883554778519689,0.9846615538512837,0.9916638879626543,0.8763301480874003,0.9889223819120728,0.8763128641825452
2.095,0.9913304434811604,0.9886251706858495,0.984978326108703,0.991997332444148,0.8769576512157364,0.9891915279681723,0.8769297563460323
2.1,0.9913304434811604,0.9888951972979899,0.9853117705901968,0.9923307769256419,0.8775604547528526,0.9894548435475585,0.8775435717470181
2.105,0.9913304434811604,0.9891568794536368,0.9853284428142715,0.9923307769256419,0.8781832849855525,0.9897124356281312,0.8781543257309197
2.11,0.9916638879626543,0.9894265722875175,0.9859786595531844,0.9926642214071357,0.8788007747660962,0.9899644097255562,0.8787620335666183
2.115,0.991997332444148,0.9896979340126985,0.9859953317772591,0.9929976658886296,0.8793888920597831,0.990210869900628,0.8793667104468418
2.12,0.991997332444148,0.9899342490206047,0.9863287762587529,0.9929976658886296,0.8799913618186391,0.9904519187669439,0.8799683714885432
2.125,0.9923307769256419,0.9901799098197849,0.9866622207402468,0.9933311103701233,0.8806021760339876,0.9906876574988824,0.8805670317332803
2.13,0.9926642214071357,0.990432913740679,0.9869956652217405,0.9936645548516172,0.8812116551362958,0.990918185839872,0.8811627061475904
2.1350000000000002,0.9933311103701233,0.9906585478442737,0.9869956652217405,0.9936645548516172,0.8818004399865013,0.9911436021109418,0.8817554096233646
2.14,0.9933311103701233,0.9908982006347785,0.9876625541847283,0.9939979993331111,0.8824159270974866,0.9913640032195423,0.8823451569782208
2.145,0.9936645548516172,0.9911198293992557,0.9879959986662221,0.9939979993331111,0.8830123888476658,0.9915794846686268,0.8829319629558736
2.15,0.9936645548516172,0.9913434608332915,0.9879959986662221,0.9940146715571857,0.8835911603500789,0.991790140565981,0.883515842226503
2.1550000000000002,0.9939979993331111,0.9915580802543145,0.9883294431477159,0.9943314438146049,0.8841799452002841,0.9919960636337949,0.8840968093871213
2.16,0.9939979993331111,0.9917660241101418,0.9886628876292097,0.9946648882960987,0.8847633895983342,0.9921973452184614,0.8846748789619375
2.165,0.9939979993331111,0.9919722990746711,0.9886628876292097,0.9946648882960987,0.885336820648591,0.9923940753005966,0.8852500654027212
2.17,0.9943314438146049,0.9921648891305498,0.9889963321107036,0.9949983327775925,0.8859109192553678,0.9925863425052701,0.8858223830891635
2.1750000000000003,0.9946648882960987,0.9923714978733382,0.9893297765921975,0.9953317772590864,0.8864760058491304,0.9927742341124338,0.8863918463292363
2.18,0.9949983327775925,0.9925584136988012,0.9893297765921975,0.9953317772590864,0.8870501044559067,0.992957836067545,0.8869584693595501
2.185,0.9949983327775925,0.9927289743895359,0.9896632210736912,0.9956652217405801,0.8876208652800848,0.9931372329923678,0.8875222663457104
2.19,0.9949983327775925,0.9929112173193623,0.9899966655551851,0.9956652217405801,0.8881542429391702,0.9933125081959508,0.8880832513826711
2.195,0.9949983327775925,0.9930934602491875,0.9903301100366789,0.9956652217405801,0.8887153241938176,0.9934837436857653,0.8886414384950874
2.2,0.9953317772590864,0.9932716978398966,0.9903301100366789,0.995998666222074,0.8892543760833203,0.9936510201790003,0.8891968416376661
2.205,0.9953317772590864,0.9934269047306826,0.9906635545181727,0.995998666222074,0.8898064453249532,0.9938144171140035,0.8897494746955148
2.21,0.9953317772590864,0.9935874520736243,0.9906635545181727,0.9963321107035679,0.8903658576883012,0.9939740126618601,0.8902993514844886
2.215,0.9953317772590864,0.993752004755682,0.9909969989996665,0.9963321107035679,0.8908958975647886,0.9941298837381006,0.8908464857515359
2.22,0.9953317772590864,0.9939135534334026,0.9909969989996665,0.9966655551850617,0.8914496356977185,0.9942821060145306,0.891390891175042
2.225,0.9953317772590864,0.9940710967720049,0.9909969989996665,0.9966655551850617,0.8919903564785197,0.9944307539311732,0.8919325813651707
2.23,0.9953317772590864,0.9942202956541147,0.9913304434811604,0.9969989996665555,0.8925294083680219,0.9945759007083178,0.8924715698642051
2.235,0.9956652217405801,0.9943768376579383,0.9916638879626543,0.9969989996665555,0.8930884869531084,0.994717618358665,0.8930078701468855
2.24,0.9956652217405801,0.9945233663139695,0.991997332444148,0.9969989996665555,0.8936278726208702,0.994855977699564,0.8935414956207473
2.245,0.9956652217405801,0.9946622180700263,0.991997332444148,0.9969989996665555,0.8941408898061116,0.9949910483653304,0.8940724596264547
2.25,0.995998666222074,0.9948004022695633,0.991997332444148,0.9973324441480493,0.8946746012434583,0.9951228988196408,0.8946007754381357
2.255,0.995998666222074,0.9949292406778267,0.9923307769256419,0.9973324441480493,0.8952016371156093,0.9952515963679961,0.8951264562637131
2.2600000000000002,0.995998666222074,0.9950540737469737,0.9926475491830611,0.9973324441480493,0.8957453619007479,0.9953772071702457,0.8956495152452351
2.265,0.995998666222074,0.9951869174943531,0.9926642214071357,0.9973324441480493,0.8962603817555477,0.9954997962531662,0.896169965459203
2.27,0.995998666222074,0.995301403437447,0.9926642214071357,0.9976658886295432,0.8967904216320363,0.99561942752309,0.8966878199168998
2.275,0.995998666222074,0.9954225649457374,0.992980993664555,0.9976658886295432,0.8973044401520566,0.995736163778573,0.8972030915647136
2.2800000000000002,0.995998666222074,0.9955427251192478,0.9929976658886296,0.9976658886295432,0.8978244666807532,0.9958500667231005,0.8977157932844626
2.285,0.995998666222074,0.995647531492809,0.9933144381460487,0.9976658886295432,0.8983251340703827,0.9959611969778205,0.8982259378937163
2.29,0.995998666222074,0.995763352548942,0.9933311103701233,0.9976658886295432,0.8988348134730256,0.9960696140943003,0.8987335381461166
2.295,0.9966655551850617,0.9958714967051006,0.9933311103701233,0.9979993331110371,0.8993334781930978,0.9961753765673022,0.8992386067316963
2.3000000000000003,0.9966655551850617,0.995982978643857,0.9936645548516172,0.9979993331110371,0.899831141578391,0.9962785418475695,0.8997411562771963
2.305,0.9969989996665555,0.9960814432304834,0.9936645548516172,0.9979993331110371,0.9003284711854245,0.9963791663546189,0.9002411993463814
2.31,0.9973324441480493,0.9961875847170846,0.9939979993331111,0.9983327775925308,0.9008401532576265,0.9964773054895343,0.9007387484403544
2.315,0.9973324441480493,0.9962900546428283,0.9939979993331111,0.9983327775925308,0.9013361477516205,0.9965730136477557,0.9012338159978684
2.32,0.9976658886295432,0.9963998676902867,0.9943147715905303,0.9983327775925308,0.9018071088761327,0.9966663442318595,0.9017264143956385
2.325,0.9979993331110371,0.9965020038377714,0.9943314438146049,0.9983327775925308,0.9022950926918925,0.996757349664323,0.9022165559486499
2.33,0.9983327775925308,0.9965907888548652,0.9943314438146049,0.9983327775925308,0.9027977627510808,0.9968460814002702,0.9027042529104672
2.335,0.9983327775925308,0.9966802414284788,0.994648216072024,0.9983494498166054,0.9032567078582403,0.996932589940195,0.9031895174735398
2.34,0.9986662220740247,0.9967690264455729,0.9946648882960987,0.9986662220740247,0.9037216609740778,0.9970169248426538,0.9036723617695069
2.345,0.9986662220740247,0.996854807458329,0.9946648882960987,0.9986662220740247,0.9042193243593708,0.9970991347369268,0.9041527978695013
2.35,0.9986662220740247,0.9969499342623588,0.9949816605535179,0.9986662220740247,0.9047136499620657,0.9971792673356418,0.9046308377844504
2.355,0.9986662220740247,0.9970353814968557,0.9949983327775925,0.9986662220740247,0.9051832759735395,0.9972573694473564,0.9051064934653769
2.36,0.9989996665555185,0.9971174909487547,0.9949983327775925,0.9986662220740247,0.9056475615328569,0.9973334869890969,0.9055797768036976
2.365,0.9989996665555185,0.9971935923919781,0.9953151050350117,0.9986662220740247,0.9061121808704332,0.9974076649988448,0.9060506996315209
2.37,0.9989996665555185,0.9972640196047861,0.9953317772590864,0.9989996665555185,0.9065691233080367,0.9974799476479747,0.9065192737219415
2.375,0.9989996665555185,0.9973414561610487,0.9953317772590864,0.9989996665555185,0.9070544368977188,0.9975503782536324,0.9069855107893365
2.38,0.9989996665555185,0.997414219821675,0.9956485495165055,0.9989996665555185,0.9075110455570614,0.9976189992910559,0.9074494224896568
2.3850000000000002,0.9989996665555185,0.9974863159257816,0.9956652217405801,0.9989996665555185,0.9079569733120918,0.9976858524058317,0.9079110204207188
2.39,0.9989996665555185,0.9975547404690315,0.9956652217405801,0.9989996665555185,0.9084249304322659,0.997750978426086,0.9083703161224952
2.395,0.9989996665555185,0.9976211623427222,0.995998666222074,0.9989996665555185,0.9088802039785704,0.9978144173746053,0.9088273210774022
2.4,0.9989996665555185,0.9976792397599192,0.995998666222074,0.9993331110370124,0.909334142411836,0.9978762084808865,0.9092820467105875
2.4050000000000002,0.9989996665555185,0.9977429914075324,0.995998666222074,0.9993331110370124,0.9097733946016718,0.9979363901931103,0.9097345043902157
2.41,0.9993331110370124,0.997808411946444,0.995998666222074,0.9993331110370124,0.9102149832393253,0.9979950001900375,0.9101847054277523
2.415,0.9993331110370124,0.9978701609244985,0.995998666222074,0.9993331110370124,0.9106722594551875,0.9980520753928251,0.9106326610782468
2.42,0.9993331110370124,0.9979315761242935,0.9963321107035679,0.9993331110370124,0.9111185209884766,0.9981076519767592,0.9110783825406137
2.4250000000000003,0.9993331110370124,0.9979839793110747,0.9963321107035679,0.9993331110370124,0.91157512964782,0.9981617653829022,0.9115218809579128
2.43,0.9996665555185061,0.9980443931760904,0.9963321107035679,0.9993331110370124,0.9119990280377076,0.9982144503296534,0.9119631674176274
2.435,0.9996665555185061,0.9980917896889755,0.9963321107035679,0.9993331110370124,0.9124169184189188,0.9982657408242188,0.9124022529519423
2.44,0.9996665555185061,0.9981411888714191,0.9966655551850617,0.9993331110370124,0.9128635137304691,0.9983156701739905,0.9128391485380187
2.445,0.9996665555185061,0.9981939258364604,0.9966655551850617,0.9993331110370124,0.9132667178682516,0.9983642709978306,0.9132738650982688
2.45,0.9996665555185061,0.9982433250189041,0.9966655551850617,0.9996665555185061,0.9136942878189969,0.9984115752372614,0.9137064135006295
2.455,0.9996665555185061,0.9982867161926724,0.9966655551850617,0.9996665555185061,0.914131537339273,0.9984576141675565,0.9141368045588332
2.46,0.9996665555185061,0.9983394531577137,0.9969989996665555,0.9996665555185061,0.9145717908638891,0.9985024184087347,0.9145650490326788
2.465,0.9996665555185061,0.998378171435845,0.9969989996665555,0.9996665555185061,0.9150036999320098,0.9985460179364513,0.9149911576283004
2.47,0.9996665555185061,0.9984292395095873,0.9969989996665555,0.9996665555185061,0.9154225916479999,0.9985884420927894,0.9154151409984354
2.475,0.9996665555185061,0.9984669564529397,0.9969989996665555,0.9996665555185061,0.9158451549248471,0.998629719596947,0.9158370097426897
2.48,1.0,0.998513017852786,0.9969989996665555,0.9996665555185061,0.9162707222060336,0.9986698785558183,0.9162567744078041
2.485,1.0,0.9985567428048138,0.9969989996665555,0.9996665555185061,0.9166922841481026,0.9987089464744717,0.916674445487917
2.49,1.0,0.9985947935264259,0.9973324441480493,0.9996665555185061,0.9171241932162237,0.9987469502665179,0.9170900334248273
2.495,1.0,0.9986275037958818,0.9973324441480493,0.9996665555185061,0.9175360755887596,0.9987839162643725,0.917503548608255
2.5,1.0,0.9986665558522733,0.9973324441480493,0.9996665555185061,0.9179272637091908,0.9988198702294078,0.9179150013761012
2.505,1.0,0.9987052741304048,0.9973324441480493,0.9996665555185061,0.9183384785252081,0.9988548373619962,0.9183244020147066
2.5100000000000002,1.0,0.9987456612998351,0.9973324441480493,0.9996665555185061,0.9187393462151724,0.9988888423114423,0.9187317607591083
2.515,1.0,0.9987817093518885,0.9973324441480493,0.9996665555185061,0.9191538988137865,0.998921909185803,0.9191370877932963
2.52,1.0,0.9988170898474227,0.9976658886295432,1.0,0.9195460882689974,0.9989540615615979,0.9195403932504675
2.525,1.0,0.9988511352299176,0.9976658886295432,1.0,0.9199522964111155,0.9989853224934041,0.9199416872132795
2.5300000000000002,1.0,0.9988851806124127,0.9976658886295432,1.0,0.9203474898706637,0.9990157145233405,0.920340979714102
2.535,1.0,0.9989195597731676,0.9976658886295432,1.0,0.9207413482171737,0.999045259690438,0.9207382807352684
2.54,1.0,0.9989602807208577,0.9976658886295432,1.0,0.9211432172419164,0.9990739795398951,0.9211336002093251
2.545,1.0,0.998985981646859,0.9979826608869624,1.0,0.9215507604970754,0.9991018951322205,0.9215269480192793
2.5500000000000003,1.0,0.9990163554684968,0.9979993331110371,1.0,0.921943617508805,0.9991290270522605,0.9219183339988468
2.555,1.0,0.9990453941770956,0.9979993331110371,1.0,0.9223201193858074,0.9991553954181126,0.9223077679326976
2.56,1.0,0.999077436890032,0.9979993331110371,1.0,0.9227263275279283,0.9991810198899245,0.9226952595567003
2.565,1.0,0.9990974635856174,0.9979993331110371,1.0,0.9231161805353202,0.9992059196785773,0.9230808185581655
2.57,1.0,0.999128171185515,0.9979993331110371,1.0,0.9234986904209982,0.999230113554256,0.9234644545760885
2.575,1.0,0.9991542058897759,0.9979993331110371,1.0,0.923895886550105,0.9992536198549038,0.9238461772013897
2.58,1.0,0.9991795730375174,0.9979993331110371,1.0,0.9242797315488215,0.9992764564945624,0.9242259959771545
2.585,1.0,0.9992036050722198,0.9979993331110371,1.0,0.924658903651901,0.9992986409715986,0.9246039203988723
2.59,1.0,0.9992283046634417,0.9979993331110371,1.0,0.9250430824288772,0.9993201903768155,0.9249799599146731
2.595,1.0,0.9992516691416248,0.9983327775925308,1.0,0.9254212531971782,0.9993411214014513,0.9253541239255645
2.6,1.0,0.9992777038458858,0.9983327775925308,1.0,0.9257937497350632,0.9993614503450633,0.9257264217856661
2.605,1.0,0.9992997332110296,0.9983327775925308,1.0,0.9261816000728961,0.9993811931232999,0.9260968628024441
2.61,1.0,0.9993224301326932,0.9983327775925308,1.0,0.9265464197108074,0.9994003652755584,0.9264654562369429
2.615,1.0,0.9993384514891615,0.9983327775925308,1.0,0.9269279282617056,0.9994189819725319,0.9268322113040178
2.62,1.0,0.9993604808543054,0.9983327775925308,1.0,0.9273071003647859,0.9994370580236428,0.9271971371725645
2.625,1.0,0.999380173771631,0.9983327775925308,1.0,0.9276869400243853,0.9994546078843661,0.9275602429657486
2.63,1.0,0.9994005342454763,0.9983327775925308,1.0,0.9280504245492571,0.9994716456634417,0.9279215377612339
2.6350000000000002,1.0,0.9994205609410616,0.9983327775925308,1.0,0.928403228169817,0.9994881851299751,0.9282810305914092
2.64,1.0,0.9994389187453483,0.9983327775925308,1.0,0.9287677140294682,0.9995042397204301,0.9286387304436139
2.645,1.0,0.9994532712105177,0.9983327775925308,1.0,0.929112173193533,0.9995198225455121,0.928994646260363
2.65,1.0,0.999472296571324,0.9986662220740247,1.0,0.9294526270184819,0.999534946396942,0.9293487869395705
2.6550000000000002,1.0,0.9994949934929873,0.9986662220740247,1.0,0.9297980875173264,0.9995496237541236,0.9297011613347715
2.66,1.0,0.9995103472929362,0.9986662220740247,1.0,0.9301502235813669,0.999563866790704,0.9300517782553447
2.665,1.0,0.999524365979846,0.9986662220740247,1.0,0.9304943489671729,0.9995776873810266,0.9304006464667309
2.67,1.0,0.999538050888496,0.9986662220740247,1.0,0.9308441485833947,0.999591097106481,0.9307477746906541
2.6750000000000003,1.0,0.9995504006841069,0.9986662220740247,1.0,0.9311795957344474,0.9996041072617461,0.9310931716053374
2.68,1.0,0.9995624167014582,0.9986662220740247,1.0,0.9315120388811629,0.9996167288609308,0.9314368458457221
2.685,1.0,0.9995761016101082,0.9986662220740247,1.0,0.9318468184756957,0.9996289726436114,0.9317788060036819
2.69,1.0,0.999590120297018,0.9986662220740247,1.0,0.9321922789745405,0.9996408490807672,0.9321190606282386
2.695,1.0,0.9996031376491484,0.9986662220740247,1.0,0.9325263910125537,0.9996523683806149,0.9324576182257754
2.7,1.0,0.9996161550012791,0.9986662220740247,1.0,0.9328658435027238,0.9996635404943427,0.9327944872602503
2.705,1.0,0.999624499457773,0.9989829943314439,1.0,0.9331982866494379,0.9996743751217457,0.9331296761534063
2.71,1.0,0.9996351803620852,0.9989996665555185,1.0,0.9335364040265679,0.9996848817167625,0.9334631932849832
2.715,1.0,0.999650534162034,0.9989996665555185,1.0,0.9338765240732569,0.9996950694929142,0.9337950469929268
2.72,1.0,0.999662883957645,0.9989996665555185,1.0,0.9342099685547504,0.999704947428648,0.9341252455735971
2.725,1.0,0.9996732310836975,0.9989996665555185,1.0,0.9345357361362696,0.9997145242725852,0.9344537972819756
2.73,1.0,0.99968357820975,0.9989996665555185,1.0,0.9348651752786457,0.9997238085486735,0.9347807103318725
2.735,1.0,0.9996925902227634,0.9989996665555185,1.0,0.935194280642762,0.9997328085612485,0.9351059928961307
2.74,1.0,0.9997052737966342,0.9989996665555185,1.0,0.9355243873416581,0.9997415324000001,0.9354296531068316
2.745,1.0,0.9997132844748683,0.9989996665555185,1.0,0.9358601682709702,0.9997499879448503,0.9357516990554969
2.75,1.0,0.9997212951531025,0.9989996665555185,1.0,0.9361725847220994,0.9997581828707384,0.9360721387932924
2.755,1.0,0.9997319760574147,0.9989996665555185,1.0,0.9364986860818786,0.999766124652319,0.9363909803312283
2.7600000000000002,1.0,0.9997386516226099,0.9989996665555185,1.0,0.9368207821025407,0.9997738205685704,0.9367082316403593
2.765,1.0,0.9997446596312857,0.9989996665555185,1.0,0.9371372038927883,0.9997812777073171,0.9370239006519849
2.77,1.0,0.9997546729790783,0.9989996665555185,1.0,0.9374462825613199,0.9997885029696651,0.9373379952578469
2.775,1.0,0.999763351213832,0.9989996665555185,1.0,0.9377500207776964,0.9997955030743542,0.9376505233103266
2.7800000000000002,1.0,0.9997700267790272,0.9989996665555185,1.0,0.9380484185419165,0.9998022845620239,0.9379614926226417
2.785,1.0,0.9997750334529235,0.9989996665555185,1.0,0.9383508216452531,0.9998088537993991,0.9382709109690412
2.79,1.0,0.9997843792441967,0.9989996665555185,1.0,0.9386492194094724,0.9998152169833927,0.9385787860849999
2.795,1.0,0.9997917223659114,0.9989996665555185,1.0,0.9389582980780048,0.9998213801451278,0.9388851256674117
2.8000000000000003,1.0,0.9997990654876261,0.9993331110370124,1.0,0.9392667091900172,0.9998273491538807,0.9391899373747821
2.805,1.0,0.9998057410528212,0.9993331110370124,1.0,0.9395704474063923,0.999833129720946,0.9394932288274196
2.81,1.0,0.999812750396276,0.9993331110370124,1.0,0.939866174944535,0.9998387274034227,0.9397950076076265
2.815,1.0,0.9998190921832114,0.9993331110370124,1.0,0.9401558944740007,0.999844147607927,0.9400952812598878
2.82,1.0,0.9998244326353676,0.9993331110370124,1.0,0.9404586313555963,0.999849395594226,0.9403940572910606
2.825,1.0,0.9998301068657834,0.9993331110370124,1.0,0.9407647060197908,0.999854476478802,0.9406913431705612
2.83,1.0,0.9998351135396798,0.9993331110370124,1.0,0.9410617686709721,0.9998593952383398,0.9409871463305521
2.835,1.0,0.9998417891048749,0.9993331110370124,1.0,0.9413551597612951,0.9998641567131445,0.9412814741661277
2.84,1.0,0.9998464620005115,0.9993331110370124,1.0,0.941640540173384,0.9998687656104881,0.9415743340354992
2.845,1.0,0.9998504673396287,0.9993331110370124,1.0,0.9419312610376299,0.9998732265078856,0.9418657332601785
2.85,1.0,0.9998544726787457,0.9993331110370124,1.0,0.9422109672193033,0.9998775438563031,0.9421556791251615
2.855,1.0,0.9998594793526421,0.9993331110370124,1.0,0.9425130365443802,0.9998817219832989,0.9424441788791099
2.86,1.0,0.9998654873613176,0.9993331110370124,1.0,0.942829792112886,0.9998857650960968,0.9427312397345327
2.865,1.0,0.9998694927004349,0.9993331110370124,1.0,0.9431081631815195,0.9998896772845945,0.943016868867966
2.87,1.0,0.9998748331525908,0.9993331110370124,1.0,0.9434015542718435,0.9998934625243083,0.9433010734201531
2.875,1.0,0.9998795060482275,0.9993331110370124,1.0,0.9436735835535421,0.9998971246792534,0.9435838604962227
2.88,1.0,0.9998825100525653,0.9993331110370124,1.0,0.943951287065657,0.9999006675047621,0.9438652371658662
2.8850000000000002,1.0,0.9998861816134227,0.9993331110370124,1.0,0.9442380025907862,0.9999040946502417,0.9441452104635154
2.89,1.0,0.9998888518395007,0.9993331110370124,1.0,0.9445076954246671,0.9999074096618702,0.944423787388517
2.895,1.0,0.9998921896220982,0.9993331110370124,1.0,0.9447944109497943,0.9999106159852349,0.9447009749053086
2.9,1.0,0.9998965287394751,0.9993331110370124,1.0,0.9450824615879615,0.9999137169679112,0.9449767799435927
2.9050000000000002,1.0,0.9998988651872934,0.9993331110370124,1.0,0.9453424748523096,0.9999167158619847,0.9452512093985097
2.91,1.0,0.9999015354133716,0.9993331110370124,1.0,0.9456195108079055,0.9999196158265174,0.9455242701308102
2.915,1.0,0.9999055407524886,0.9993331110370124,1.0,0.9458858658591907,0.9999224199299577,0.9457959689670266
2.92,1.0,0.9999088785350861,0.9993331110370124,1.0,0.9461769205016944,0.9999251311524968,0.946066312699644
2.9250000000000003,1.0,0.9999115487611643,0.9993331110370124,1.0,0.9464596306877063,0.9999277523883722,0.9463353080872698
2.93,1.0,0.9999145527655021,0.9996665555185061,1.0,0.946718642617275,0.9999302864481172,0.9466029618548029
2.935,1.0,0.99991755676984,0.9996665555185061,1.0,0.9469910056772338,0.999932736060761,0.9468692806936012
2.94,1.0,0.9999208945524375,0.9996665555185061,1.0,0.9472533553894006,0.999935103875977,0.9471342712616496
2.945,1.0,0.9999232310002558,0.9996665555185061,1.0,0.9475143699885282,0.9999373924661813,0.9473979401837261
2.95,1.0,0.9999248998915545,0.9996665555185061,1.0,0.9477817263745907,0.9999396043285839,0.9476602940515676
2.955,1.0,0.9999285714524118,0.9996665555185061,1.0,0.9480300573998472,0.999941741887191,0.9479213394240343
2.96,1.0,0.9999309079002302,0.9996665555185061,1.0,0.9482813924294409,0.9999438074947606,0.9481810828272742
2.965,1.0,0.9999335781263082,0.9996665555185061,1.0,0.9485250505590613,0.9999458034347132,0.9484395307548859
2.97,1.0,0.9999342456828277,0.9996665555185061,1.0,0.9487777207016954,0.9999477319229956,0.9486966896680809
2.975,1.0,0.9999359145741266,0.9996665555185061,1.0,0.9490340624051864,0.9999495951099019,0.9489525659958457
2.98,1.0,0.9999382510219448,0.9996665555185061,1.0,0.9492927405564952,0.9999513950818513,0.9492071661351015
2.985,1.0,0.9999405874697631,0.9996665555185061,1.0,0.9495530875991032,0.999953133863122,0.9494604964508653
2.99,1.0,0.999943591474101,0.9996665555185061,1.0,0.9497910714983075,0.9999548134175448,0.9497125632764082
2.995,1.0,0.9999449265871401,0.9996665555185061,1.0,0.9500384011887852,0.9999564356501548,0.9499633729134137
3.0,1.0,0.9999452603653998,0.9996665555185061,1.0,0.9502827268749251,0.9999580024088045,0.950212931632136
3.005,1.0,0.9999469292566985,0.9996665555185061,1.0,0.9505307241219224,0.9999595154857361,0.9504612456715561
3.0100000000000002,1.0,0.9999469292566985,0.9996665555185061,1.0,0.9507827267080363,0.9999609766191161,0.9507083212395379
3.015,1.0,0.9999492657045169,0.9996665555185061,1.0,0.9510213781637606,0.9999623874945325,0.9509541645129833
3.02,1.0,0.9999512683740753,0.9996665555185061,1.0,0.9512740483063933,0.9999637497464544,0.951198781637987
3.025,1.0,0.9999526034871143,0.9996665555185061,1.0,0.9515080268664801,0.9999650649596564,0.95144217872999
3.0300000000000002,1.0,0.9999542723784132,0.9996665555185061,1.0,0.9517473458787225,0.999966334670607,0.9516843618739322
3.035,1.0,0.9999549399349327,0.9996665555185061,1.0,0.9519920053431211,0.9999675603688222,0.9519253371244049
3.04,1.0,0.999955941269712,0.9996665555185061,1.0,0.9522376661422997,0.9999687434981852,0.9521651105058017
3.045,1.0,0.999957276382751,0.9996665555185061,1.0,0.9524903362849334,0.9999698854582347,0.9524036880124697
3.0500000000000003,1.0,0.9999596128305693,0.9996665555185061,1.0,0.9527303228536967,0.9999709876054175,0.9526410756088591
3.055,1.0,0.999961281721868,0.9996665555185061,1.0,0.9529619649659659,0.9999720512543118,0.9528772792296721
3.06,1.0,0.9999619492783876,0.9996665555185061,1.0,0.953204621760807,0.9999730776788186,0.9531123047800115
3.065,1.0,0.9999629506131669,0.9996665555185061,1.0,0.9534459434426086,0.9999740681133229,0.9533461581355284
3.0700000000000003,1.0,0.9999649532827254,0.9996665555185061,1.0,0.9536735802157603,0.9999750237538243,0.9535788451425687
3.075,1.0,0.9999652870609852,0.9996665555185061,1.0,0.9538935400889377,0.9999759457590397,0.9538103716183199
3.08,1.0,0.9999666221740242,0.9996665555185061,1.0,0.9541248484229462,0.9999768352514764,0.9540407433509558
3.085,1.0,0.9999679572870632,0.9996665555185061,1.0,0.9543655025482289,0.9999776933184787,0.9542699660997818
3.09,1.0,0.9999692924001022,0.9996665555185061,1.0,0.9545804557475108,0.9999785210132454,0.9544980455953784
3.095,1.0,0.9999699599566217,0.9996665555185061,1.0,0.9547957427250521,0.9999793193558224,0.9547249875397451
3.1,1.0,0.9999699599566217,0.9996665555185061,1.0,0.9550050216939178,0.9999800893340687,0.9549507976064422
3.105,1.0,0.9999712950696609,0.9996665555185061,1.0,0.9552460095974605,0.9999808319045962,0.9551754814407332
3.11,1.0,0.9999739652957389,0.9996665555185061,1.0,0.9554776517097299,0.9999815479936861,0.9553990446597255
3.115,1.0,0.9999742990739986,0.9996665555185061,1.0,0.9557026182568035,0.9999822384981798,0.9556214928525113
3.12,1.0,0.9999749666305181,0.9996665555185061,1.0,0.9559382657081898,0.9999829042863467,0.9558428315803071
3.125,1.0,0.9999753004087779,0.9996665555185061,1.0,0.9561595606944061,0.9999835461987286,0.9560630663765926
3.13,1.0,0.9999763017435572,0.9996665555185061,1.0,0.9563778516762851,0.9999841650489613,0.9562822027472491
3.1350000000000002,1.0,0.9999776368565962,0.9996665555185061,1.0,0.9565841266408126,0.9999847616245742,0.9565002461706973
3.14,1.0,0.9999786381913754,0.9996665555185061,1.0,0.9567987460618343,0.9999853366877692,0.9567172020980341
3.145,1.0,0.999979305747895,0.9996665555185061,1.0,0.957023378830649,0.9999858909761772,0.9569330759531691
3.15,1.0,0.9999813084174536,0.9996665555185061,1.0,0.9572480115994636,0.9999864252035937,0.9571478731329598
3.1550000000000002,1.0,0.9999816421957133,0.9996665555185061,1.0,0.9574746470378365,0.9999869400606968,0.957361599007347
3.16,1.0,0.9999833110870121,0.9996665555185061,1.0,0.9576829246719233,0.9999874362157424,0.9575742589194887
3.165,1.0,0.9999833110870121,0.9996665555185061,1.0,0.9578975440929446,0.9999879143152428,0.9577858581858936
3.17,1.0,0.9999836448652719,0.9996665555185061,1.0,0.9581245133095765,0.999988374984625,0.9579964020965545
3.1750000000000003,1.0,0.9999836448652719,0.9996665555185061,1.0,0.9583344598349622,0.9999888188288718,0.9582058959150801
3.18,1.0,0.9999843124217914,0.9996665555185061,1.0,0.9585360619038535,0.999989246433144,0.9584143448788268
3.185,1.0,0.9999846462000511,0.9996665555185061,1.0,0.9587460084292384,0.999989658363387,0.9586217541990296
3.19,1.0,0.9999849799783109,0.9996665555185061,1.0,0.9589486118329086,0.9999900551669184,0.9588281290609323
3.1950000000000003,1.0,0.9999853137565706,0.9996665555185061,1.0,0.9591545530191761,0.9999904373730005,0.9590334746239171
3.2,1.0,0.9999853137565706,0.9996665555185061,1.0,0.9593695062184574,0.9999908054933966,0.9592377960216338
3.205,1.0,0.9999856475348304,0.9996665555185061,1.0,0.9595844594177387,0.9999911600229109,0.959441098362128
3.21,1.0,0.9999866488696096,0.9996665555185061,1.0,0.9597867290431493,0.9999915014399137,0.9596433867279689
3.215,1.0,0.9999866488696096,0.9996665555185061,1.0,0.9599789853207673,0.9999918302068518,0.959844666176376
3.22,1.0,0.9999866488696096,0.9996665555185061,1.0,0.9601889318461516,0.9999921467707434,0.9600449417393461
3.225,1.0,0.9999866488696096,0.9996665555185061,1.0,0.960396541923718,0.9999924515636602,0.9602442184237787
3.23,1.0,0.9999873164261291,0.9996665555185061,1.0,0.9605921359839331,0.9999927450031947,0.9604425012116012
3.235,1.0,0.999987650204389,0.9996665555185061,1.0,0.9607927367180445,0.999993027492914,0.9606397950598938
3.24,1.0,0.999987650204389,0.9996665555185061,1.0,0.9610010143521311,0.9999932994228019,0.9608361049010129
3.245,1.0,0.9999893190956878,0.9996665555185061,1.0,0.9611916017384499,0.9999935611696859,0.9610314356427148
3.25,1.0,0.999990320430467,0.9996665555185061,1.0,0.9613938713638597,0.9999938130976539,0.961225792168278
3.255,1.0,0.9999906542087268,0.9996665555185061,1.0,0.961572108954568,0.9999940555584574,0.961419179336626
3.2600000000000002,1.0,0.9999913217652463,0.9996665555185061,1.0,0.9617660341234843,0.9999942888919041,0.961611601982448
3.265,1.0,0.9999913217652463,0.9996665555185061,1.0,0.9619449392707119,0.9999945134262374,0.9618030649163201
3.27,1.0,0.9999919893217658,1.0,1.0,0.9621278497570568,0.9999947294785063,0.9619935729248257
3.275,1.0,0.9999926568782853,1.0,1.0,0.9623327896085457,0.9999949373549236,0.962183130770675
3.2800000000000002,1.0,0.9999929906565451,1.0,1.0,0.9625440712469696,0.9999951373512138,0.9623717431928238
3.285,1.0,0.9999929906565451,1.0,1.0,0.9627306532941724,0.99999532975295,0.9625594149065927
3.29,1.0,0.9999936582130646,1.0,1.0,0.9629162340065959,0.9999955148358819,0.9627461506037842
3.295,1.0,0.9999943257695841,1.0,1.0,0.9631071551711748,0.999995692866253,0.9629319549528005
3.3000000000000003,1.0,0.9999943257695841,1.0,1.0,0.9632867278749216,0.999995864101109,0.96311683259876
3.305,1.0,0.9999946595478438,1.0,1.0,0.9634756463699425,0.9999960287885963,0.9633007881636134
3.31,1.0,0.9999946595478438,1.0,1.0,0.9636515475128328,0.9999961871682522,0.9634838262462596
3.315,1.0,0.9999946595478438,1.0,1.0,0.9638424686774115,0.999996339471286,0.96366595142266
3.3200000000000003,1.0,0.9999949933261036,1.0,1.0,0.9640203724898603,0.9999964859208511,0.9638471682459536
3.325,1.0,0.9999949933261036,1.0,1.0,0.964198276302309,0.9999966267323097,0.9640274812465703
3.33,1.0,0.9999953271043633,1.0,1.0,0.9643831894582132,0.9999967621134892,0.9642068949323447
3.335,1.0,0.9999953271043633,1.0,1.0,0.9645647648315194,0.9999968922649302,0.9643854137886282
3.34,1.0,0.9999953271043633,1.0,1.0,0.9647309864048773,0.9999970173801274,0.9645630422784014
3.345,1.0,0.9999956608826231,1.0,1.0,0.9649035497651702,0.999997137645763,0.9647397848423859
3.35,1.0,0.9999956608826231,1.0,1.0,0.9650751117906843,0.9999972532419332,0.964915645899155
3.355,1.0,0.999995994660883,1.0,1.0,0.9652373280249243,0.9999973643423672,0.9650906298452442
3.36,1.0,0.999995994660883,1.0,1.0,0.9654125616112952,0.9999974711146393,0.9652647410552614
3.365,1.0,0.9999963284391427,1.0,1.0,0.965587795197666,0.9999975737203753,0.9654379838819959
3.37,1.0,0.9999963284391427,1.0,1.0,0.9657526816579849,0.9999976723154513,0.9656103626565273
3.375,1.0,0.9999966622174025,1.0,1.0,0.9659195707878623,0.9999977670501877,0.965781881688334
3.38,1.0,0.9999966622174025,1.0,1.0,0.966107154169844,0.999997858069535,0.9659525452654006
3.3850000000000002,1.0,0.9999969959956622,1.0,1.0,0.9662697041823434,0.9999979455132565,0.9661223576543256
3.39,1.0,0.9999969959956622,1.0,1.0,0.9664339230861416,0.999998029516103,0.9662913231004276
3.395,1.0,0.9999969959956622,1.0,1.0,0.9666034824420972,0.9999981102079825,0.9664594458278514
3.4,1.0,0.9999969959956622,1.0,1.0,0.9667777146936891,0.9999981877141255,0.9666267300396739
3.4050000000000002,1.0,0.9999969959956622,1.0,1.0,0.9669405984844484,0.9999982621552443,0.9667931799180093
3.41,1.0,0.999997329773922,1.0,1.0,0.9671054849447664,0.9999983336476866,0.966958799624113
3.415,1.0,0.999997329773922,1.0,1.0,0.9672870603180728,0.9999984023035855,0.9671235932984865
3.42,1.0,0.999997329773922,1.0,1.0,0.96745328189143,0.9999984682310038,0.9672875650609802
3.4250000000000003,1.0,0.999997329773922,1.0,1.0,0.9676188359082681,0.9999985315340739,0.9674507190108966
3.43,1.0,0.999997329773922,1.0,1.0,0.9677810521425085,0.9999985923131334,0.967613059227093
3.435,1.0,0.999997329773922,1.0,1.0,0.9679489426071639,0.999998650664856,0.9677745897680832
3.44,1.0,0.999997329773922,1.0,1.0,0.968107821058806,0.9999987066823784,0.9679353146721392
3.4450000000000003,1.0,0.999997329773922,1.0,1.0,0.9682680346234874,0.999998760455423,0.968095237957392
3.45,1.0,0.999997329773922,1.0,1.0,0.9684409317620397,0.9999988120704164,0.9682543636219321
3.455,1.0,0.999997329773922,1.0,1.0,0.9685964724310849,0.9999988616106044,0.9684126956439092
3.46,1.0,0.9999979973304415,1.0,1.0,0.9687510117653503,0.9999989091561631,0.9685702379816323
3.465,1.0,0.9999979973304415,1.0,1.0,0.9689058848778758,0.9999989547843062,0.968726994573668
3.47,1.0,0.9999979973304415,1.0,1.0,0.9690681011121153,0.9999989985693891,0.9688829693389391
3.475,1.0,0.9999979973304415,1.0,1.0,0.9692303173463552,0.9999990405830091,0.9690381661768231
3.48,1.0,0.9999979973304415,1.0,1.0,0.9693858580154001,0.9999990808941032,0.9691925889672489
3.485,1.0,0.9999979973304415,1.0,1.0,0.9695383946801076,0.9999991195690404,0.9693462415707943
3.49,1.0,0.9999979973304415,1.0,1.0,0.9696885948969962,0.9999991566717147,0.9694991278287826
3.495,1.0,0.9999983311087012,1.0,1.0,0.9698534813573131,0.9999991922636315,0.9696512515633778
3.5,1.0,0.999998664886961,1.0,1.0,0.9700043491307218,0.999999226403993,0.9698026165776815
3.505,1.0,0.9999989986652207,1.0,1.0,0.9701475400041562,0.9999992591497794,0.9699532266558268
3.5100000000000002,1.0,0.9999989986652207,1.0,1.0,0.9703034144514608,0.9999992905558295,0.9701030855630737
3.515,1.0,0.9999989986652207,1.0,1.0,0.9704415986509979,0.9999993206749164,0.9702521970459025
3.52,1.0,0.9999989986652207,1.0,1.0,0.9705901299765881,0.9999993495578217,0.970400564832108
3.525,1.0,0.9999989986652207,1.0,1.0,0.9707460044238925,0.9999993772534068,0.9705481926308928
3.5300000000000002,1.0,0.9999989986652207,1.0,1.0,0.9708982073103405,0.9999994038086827,0.9706950841329592
3.535,1.0,0.9999989986652207,1.0,1.0,0.9710347226185796,0.999999429268876,0.9708412430106028
3.54,1.0,0.9999989986652207,1.0,1.0,0.9711769121572352,0.9999994536774938,0.9709866729178029
3.545,1.0,0.9999989986652207,1.0,1.0,0.9713144288002532,0.999999477076386,0.9711313774903149
3.5500000000000003,1.0,0.9999989986652207,1.0,1.0,0.9714425996519988,0.9999994995058051,0.9712753603457606
3.555,1.0,0.9999989986652207,1.0,1.0,0.9715814514080563,0.9999995210044648,0.9714186250837188
3.56,1.0,0.9999989986652207,1.0,1.0,0.9717122924858798,0.9999995416095954,0.9715611752858155
3.565,1.0,0.9999989986652207,1.0,1.0,0.971854482024535,0.9999995613569986,0.9717030145158132
3.5700000000000003,1.0,0.9999989986652207,1.0,1.0,0.9719960040066705,0.9999995802810998,0.9718441463197
3.575,1.0,0.9999989986652207,1.0,1.0,0.9721335206496889,0.999999598414998,0.9719845742257782
3.58,1.0,0.9999989986652207,1.0,1.0,0.9722727061840063,0.9999996157905149,0.972124301744753
3.585,1.0,0.9999989986652207,1.0,1.0,0.9724175659487397,0.9999996324382422,0.9722633323698195
3.59,1.0,0.9999989986652207,1.0,1.0,0.9725454030222258,0.9999996483875864,0.9724016695767507
3.595,1.0,0.9999989986652207,1.0,1.0,0.9726902627869595,0.9999996636668129,0.9725393168239839
3.6,1.0,0.9999993324434805,1.0,1.0,0.9728201025300037,0.9999996783030889,0.9726762775527075
3.605,1.0,0.9999993324434805,1.0,1.0,0.9729669649642957,0.9999996923225226,0.9728125551869466
3.61,1.0,0.9999993324434805,1.0,1.0,0.9731024789377559,0.9999997057502042,0.9729481531336496
3.615,1.0,0.9999993324434805,1.0,1.0,0.9732286471199432,0.9999997186102433,0.9730830747827719
3.62,1.0,0.9999993324434805,1.0,1.0,0.9733608233108056,0.9999997309258049,0.9732173235073618
3.625,1.0,0.9999993324434805,1.0,1.0,0.9734963372842658,0.9999997427191458,0.9733509026636445
3.63,1.0,0.9999993324434805,1.0,1.0,0.973619835240375,0.9999997540116479,0.9734838155911059
3.6350000000000002,1.0,0.9999993324434805,1.0,1.0,0.9737466709790817,0.9999997648238513,0.9736160656125759
3.64,1.0,0.9999993324434805,1.0,1.0,0.9738771782786461,0.9999997751754862,0.973747656034312
3.645,1.0,0.9999993324434805,1.0,1.0,0.9740103558042877,0.9999997850855029,0.9738785901460818
3.65,1.0,0.9999993324434805,1.0,1.0,0.97414386710819,0.9999997945721022,0.9740088712212447
3.6550000000000002,1.0,0.9999993324434805,1.0,1.0,0.9742837201990271,0.9999998036527625,0.9741385025168344
3.66,1.0,0.9999993324434805,1.0,1.0,0.9744102221594739,0.9999998123442687,0.9742674872736401
3.665,1.0,0.9999993324434805,1.0,1.0,0.9745467374677127,0.9999998206627372,0.9743958287162874
3.67,1.0,0.9999993324434805,1.0,1.0,0.9746799149933552,0.9999998286236422,0.9745235300533189
3.6750000000000003,1.0,0.9999993324434805,1.0,1.0,0.9748020778364257,0.9999998362418402,0.9746505944772751
3.68,1.0,0.9999993324434805,1.0,1.0,0.9749219042316777,0.999999843531593,0.9747770251647728
3.685,1.0,0.9999993324434805,1.0,1.0,0.9750480724138648,0.999999850506591,0.9749028252765859
3.69,1.0,0.9999993324434805,1.0,1.0,0.9751772446003895,0.9999998571799753,0.9750279979577239
3.6950000000000003,1.0,0.9999993324434805,1.0,1.0,0.9753184328042649,0.9999998635643584,0.9751525463375101
3.7,1.0,0.9999993324434805,1.0,1.0,0.9754459360994907,0.9999998696718446,0.9752764735296606
3.705,1.0,0.9999993324434805,1.0,1.0,0.9755714367251587,0.99999987551405,0.9753997826323617
3.71,1.0,0.9999993324434805,1.0,1.0,0.9756802484378384,0.9999998811021211,0.9755224767283474
3.715,1.0,0.9999993324434805,1.0,1.0,0.9757994072765709,0.9999998864467528,0.9756445588849763
3.72,1.0,0.9999993324434805,1.0,1.0,0.9759178985587835,0.9999998915582062,0.9757660321543089
3.725,1.0,0.9999993324434805,1.0,1.0,0.9760287129410217,0.999999896446326,0.9758868995731831
3.73,1.0,0.9999993324434805,1.0,1.0,0.9761411962145589,0.9999999011205558,0.9760071641632908
3.735,1.0,0.9999993324434805,1.0,1.0,0.9762626915011097,0.9999999055899539,0.976126828931253
3.74,1.0,0.9999993324434805,1.0,1.0,0.9763795138920232,0.9999999098632091,0.976245896868695
3.745,1.0,0.9999993324434805,1.0,1.0,0.9765093536350666,0.9999999139486545,0.9763643709523215
3.75,1.0,0.9999993324434805,1.0,1.0,0.9766345204824737,0.999999917854282,0.9764822541439909
3.755,1.0,0.9999996662217402,1.0,1.0,0.9767453348647116,0.9999999215877549,0.976599549390789
3.7600000000000002,1.0,0.9999996662217402,1.0,1.0,0.9768664963730016,0.9999999251564218,0.976716259625103
3.765,1.0,0.9999996662217402,1.0,1.0,0.9769793134247984,0.9999999285673283,0.9768323877646949
3.77,1.0,0.9999996662217402,1.0,1.0,0.9771018100461274,0.9999999318272297,0.9769479367127745
3.775,1.0,0.9999996662217402,1.0,1.0,0.9772036124153524,0.9999999349426019,0.977062909358071
3.7800000000000002,1.0,0.9999996662217402,1.0,1.0,0.9773077512323949,0.9999999379196522,0.977177308574907
3.785,1.0,0.9999996662217402,1.0,1.0,0.9774118900494384,0.9999999407643317,0.9772911372232687
3.79,1.0,0.9999996662217402,1.0,1.0,0.9775260422142736,0.9999999434823431,0.9774043981488781
3.795,1.0,0.9999996662217402,1.0,1.0,0.9776411957138883,0.9999999460791524,0.9775170941832645
3.8000000000000003,1.0,0.9999996662217402,1.0,1.0,0.9777536789874255,0.9999999485599977,0.9776292281438345
3.805,1.0,0.9999996662217402,1.0,1.0,0.977859152917507,0.9999999509298986,0.9777408028339428
3.81,1.0,0.9999996662217402,1.0,1.0,0.9779716361910434,0.9999999531936644,0.9778518210429626
3.815,1.0,0.9999996662217402,1.0,1.0,0.9780968030384503,0.9999999553559034,0.9779622855463551
3.8200000000000003,1.0,0.9999996662217402,1.0,1.0,0.9781935987337782,0.9999999574210301,0.9780721991057384
3.825,1.0,0.9999996662217402,1.0,1.0,0.9783044131160153,0.9999999593932739,0.9781815644689572
3.83,1.0,0.9999996662217402,1.0,1.0,0.978411889715656,0.9999999612766862,0.9782903843701515
3.835,1.0,0.9999996662217402,1.0,1.0,0.9785193663152961,0.9999999630751472,0.9783986615298241
3.84,1.0,0.9999996662217402,1.0,1.0,0.9786248402453787,0.9999999647923735,0.9785063986549101
3.845,1.0,0.9999996662217402,1.0,1.0,0.9787423301928108,0.9999999664319246,0.9786135984388429
3.85,1.0,0.9999996662217402,1.0,1.0,0.9788584850272052,0.9999999679972087,0.9787202635616228
3.855,1.0,0.9999996662217402,1.0,1.0,0.9789682980746636,0.99999996949149,0.9788263966898835
3.86,1.0,0.9999996662217402,1.0,1.0,0.9790650937699914,0.9999999709178936,0.9789320004769586
3.865,1.0,0.9999996662217402,1.0,1.0,0.9791705677000734,0.9999999722794114,0.9790370775629483
3.87,1.0,0.9999996662217402,1.0,1.0,0.9792713687345179,0.999999973578908,0.9791416305747853
3.875,1.0,0.9999996662217402,1.0,1.0,0.9793664955385476,0.9999999748191256,0.9792456621263003
3.88,1.0,0.9999996662217402,1.0,1.0,0.979473304581669,0.9999999760026891,0.9793491748182874
3.8850000000000002,1.0,0.9999996662217402,1.0,1.0,0.9795644260465816,0.9999999771321106,0.9794521712385695
3.89,1.0,0.9999996662217402,1.0,1.0,0.9796725702027415,0.9999999782097949,0.9795546539620623
3.895,1.0,0.9999996662217402,1.0,1.0,0.9797770427980447,0.999999979238043,0.9796566255508393
3.9,1.0,0.9999996662217402,1.0,1.0,0.9798725033803345,0.9999999802190571,0.9797580885541957
3.9050000000000002,1.0,0.9999996662217402,1.0,1.0,0.9799756408625984,0.9999999811549442,0.9798590455087115
3.91,1.0,0.9999996662217402,1.0,1.0,0.9800751067840048,0.9999999820477202,0.979959498938316
3.915,1.0,0.9999996662217402,1.0,1.0,0.9801722362575925,0.9999999828993142,0.9800594513543502
3.92,1.0,0.9999996662217402,1.0,1.0,0.9802743724050772,0.9999999837115716,0.9801589052556298
3.9250000000000003,1.0,0.9999996662217402,1.0,1.0,0.9803601534178336,0.9999999844862575,0.9802578631285073
3.93,1.0,0.9999996662217402,1.0,1.0,0.9804576166696819,0.9999999852250601,0.9803563274469347
3.935,1.0,0.9999996662217402,1.0,1.0,0.9805467354650361,0.9999999859295947,0.9804543006725253
3.94,1.0,1.0,1.0,1.0,0.9806518756168587,0.9999999866014055,0.9805517852546146
3.9450000000000003,1.0,1.0,1.0,1.0,0.9807389917426548,0.99999998724197,0.9806487836303224
3.95,1.0,1.0,1.0,1.0,0.9808324496553855,0.9999999878527003,0.9807452982246131
3.955,1.0,1.0,1.0,1.0,0.9809275764594159,0.9999999884349471,0.9808413314503566
3.96,1.0,1.0,1.0,1.0,0.9810190317025888,0.9999999889900016,0.9809368857083883
3.9650000000000003,1.0,1.0,1.0,1.0,0.9811171625109565,0.9999999895190986,0.98103196338757
3.97,1.0,1.0,1.0,1.0,0.9812059475280509,0.9999999900234182,0.9811265668648486
3.975,1.0,1.0,1.0,1.0,0.981296401436444,0.9999999905040886,0.9812206985053156
3.98,1.0,1.0,1.0,1.0,0.981391528240474,0.9999999909621881,0.9813143606622672
3.985,1.0,1.0,1.0,1.0,0.9814896590488416,0.9999999913987474,0.9814075556772622
3.99,1.0,1.0,1.0,1.0,0.981578777844196,0.9999999918147515,0.9815002858801808
3.995,1.0,1.0,1.0,1.0,0.9816732370917064,0.9999999922111421,0.9815925535892828
4.0,1.0,1.0,1.0,1.0,0.9817606869957625,0.9999999925888182,0.9816843611112658
4.005,1.0,1.0,1.0,1.0,0.9818478031215585,0.9999999929486396,0.9817757107413227
4.01,1.0,1.0,1.0,1.0,0.9819419285908089,0.9999999932914275,0.981866604763199
4.015,1.0,1.0,1.0,1.0,0.9820330500557218,0.9999999936179662,0.9819570454492498
4.0200000000000005,1.0,1.0,1.0,1.0,0.9821215012945568,0.9999999939290056,0.9820470350604972
4.025,1.0,1.0,1.0,1.0,0.982204278302976,0.9999999942252612,0.982136575846686
4.03,1.0,1.0,1.0,1.0,0.9822964011026684,0.9999999945074172,0.9822256700463405
4.035,1.0,1.0,1.0,1.0,0.9823795118893476,0.9999999947761263,0.9823143198868206
4.04,1.0,1.0,1.0,1.0,0.9824659604586239,0.9999999950320126,0.9824025275843766
4.045,1.0,1.0,1.0,1.0,0.9825547454757187,0.9999999952756716,0.9824902953442057
4.05,1.0,1.0,1.0,1.0,0.9826401927102159,0.9999999955076723,0.9825776253605065
4.055,1.0,1.0,1.0,1.0,0.9827339844012072,0.9999999957285574,0.9826645198165338
4.0600000000000005,1.0,1.0,1.0,1.0,0.9828194316357042,0.9999999959388457,0.9827509808846537
4.065,1.0,1.0,1.0,1.0,0.9829065477615002,0.9999999961390321,0.9828370107263974
4.07,1.0,1.0,1.0,1.0,0.982992662552517,0.9999999963295892,0.9829226114925153
4.075,1.0,1.0,1.0,1.0,0.983076107117456,0.9999999965109683,0.9830077853230309
4.08,1.0,1.0,1.0,1.0,0.9831588841258753,0.9999999966835996,0.9830925343472947
4.085,1.0,1.0,1.0,1.0,0.9832379895734372,0.9999999968478943,0.9831768606840366
4.09,1.0,1.0,1.0,1.0,0.9833231030296747,0.9999999970042445,0.9832607664414194
4.095,1.0,1.0,1.0,1.0,0.983410219155471,0.9999999971530243,0.9833442537170913
4.1,1.0,1.0,1.0,1.0,0.9834943312769296,0.9999999972945911,0.9834273245982388
4.105,1.0,1.0,1.0,1.0,0.9835791109549072,0.9999999974292854,0.983509981161638
4.11,1.0,1.0,1.0,1.0,0.9836678959720015,0.9999999975574322,0.9835922254737074
4.115,1.0,1.0,1.0,1.0,0.9837456663065243,0.9999999976793419,0.983674059590559
4.12,1.0,1.0,1.0,1.0,0.983828777093203,0.9999999977953101,0.9837554855580501
4.125,1.0,1.0,1.0,1.0,0.983911887879882,0.9999999979056193,0.9838365054118341
4.13,1.0,1.0,1.0,1.0,0.9839906595491837,0.9999999980105386,0.9839171211774116
4.135,1.0,1.0,1.0,1.0,0.9840614205402518,0.9999999981103246,0.9839973348701808
4.14,1.0,1.0,1.0,1.0,0.9841425286573722,0.999999998205222,0.9840771484954883
4.1450000000000005,1.0,1.0,1.0,1.0,0.984219965213635,0.9999999982954646,0.9841565640486789
4.15,1.0,1.0,1.0,1.0,0.9843040773350933,0.9999999983812748,0.9842355835151455
4.155,1.0,1.0,1.0,1.0,0.9843845178956943,0.999999998462865,0.9843142088703789
4.16,1.0,1.0,1.0,1.0,0.9844713002432302,0.9999999985404374,0.9843924420800172
4.165,1.0,1.0,1.0,1.0,0.984546066573415,0.9999999986141852,0.9844702850998945
4.17,1.0,1.0,1.0,1.0,0.9846261733557561,0.9999999986842919,0.9845477398760905
4.175,1.0,1.0,1.0,1.0,0.9846935965642264,0.9999999987509333,0.9846248083449786
4.18,1.0,1.0,1.0,1.0,0.9847620211074761,0.9999999988142763,0.9847014924332744
4.1850000000000005,1.0,1.0,1.0,1.0,0.9848321145420247,0.9999999988744799,0.9847777940580844
4.19,1.0,1.0,1.0,1.0,0.9849068808722096,0.9999999989316961,0.984853715126953
4.195,1.0,1.0,1.0,1.0,0.9849823147589137,0.9999999989860696,0.9849292575379109
4.2,1.0,1.0,1.0,1.0,0.9850460664065266,0.9999999990377382,0.9850044231795223
4.205,1.0,1.0,1.0,1.0,0.9851265069671274,0.999999999086833,0.9850792139309321
4.21,1.0,1.0,1.0,1.0,0.9851972679581953,0.9999999991334793,0.9851536316619132
4.215,1.0,1.0,1.0,1.0,0.9852663600579643,0.9999999991777961,0.9852276782329125
4.22,1.0,1.0,1.0,1.0,0.9853421277229283,0.999999999219897,0.9853013554950982
4.225,1.0,1.0,1.0,1.0,0.9854219007270093,0.9999999992598902,0.9853746652904057
4.23,1.0,1.0,1.0,1.0,0.9854923279398169,0.9999999992978787,0.9854476094515838
4.235,1.0,1.0,1.0,1.0,0.98558178051343,0.9999999993339604,0.9855201898022403
4.24,1.0,1.0,1.0,1.0,0.9856562130653541,0.9999999993682291,0.9855924081568876
4.245,1.0,1.0,1.0,1.0,0.9857306456172794,0.9999999994007733,0.9856642663209885
4.25,1.0,1.0,1.0,1.0,0.9858044106126844,0.999999999431678,0.9857357660910008
4.255,1.0,1.0,1.0,1.0,0.9858748378254923,0.9999999994610238,0.9858069092544223
4.26,1.0,1.0,1.0,1.0,0.9859449312600406,0.9999999994888875,0.985877697589836
4.265,1.0,1.0,1.0,1.0,0.9860003384511594,0.9999999995153421,0.9859481328669539
4.2700000000000005,1.0,1.0,1.0,1.0,0.9860667603248497,0.9999999995404574,0.9860182168466617
4.275,1.0,1.0,1.0,1.0,0.9861351848680991,0.9999999995642993,0.9860879512810624
4.28,1.0,1.0,1.0,1.0,0.9862059458591665,0.9999999995869311,0.9861573379135204
4.285,1.0,1.0,1.0,1.0,0.9862800446328318,0.9999999996084127,0.9862263784787055
4.29,1.0,1.0,1.0,1.0,0.9863528082934574,0.9999999996288013,0.9862950747026351
4.295,1.0,1.0,1.0,1.0,0.9864145572715117,0.9999999996481511,0.9863634283027184
4.3,1.0,1.0,1.0,1.0,0.9864889898234368,0.9999999996665139,0.9864314409877991
4.305,1.0,1.0,1.0,1.0,0.9865450645710754,0.9999999996839388,0.9864991144581977
4.3100000000000005,1.0,1.0,1.0,1.0,0.986619497122999,0.9999999997004727,0.9865664504057547
4.315,1.0,1.0,1.0,1.0,0.9866832487706115,0.9999999997161602,0.9866334505138721
4.32,1.0,1.0,1.0,1.0,0.9867483355312624,0.9999999997310433,0.9867001164575563
4.325,1.0,1.0,1.0,1.0,0.986813088513654,0.9999999997451626,0.9867664499034591
4.33,1.0,1.0,1.0,1.0,0.9868795103873443,0.9999999997585565,0.9868324525099202
4.335,1.0,1.0,1.0,1.0,0.9869455984827749,0.9999999997712611,0.9868981259270083
4.34,1.0,1.0,1.0,1.0,0.9870133554695046,0.9999999997833112,0.9869634717965623
4.345,1.0,1.0,1.0,1.0,0.9870814462344941,0.99999999979474,0.9870284917522321
4.3500000000000005,1.0,1.0,1.0,1.0,0.9871461992168863,0.9999999998055784,0.9870931874195201
4.355,1.0,1.0,1.0,1.0,0.9872119535340569,0.9999999998158566,0.9871575604158215
4.36,1.0,1.0,1.0,1.0,0.9872713660642928,0.9999999998256027,0.9872216123504642
4.365,1.0,1.0,1.0,1.0,0.9873217665815157,0.9999999998348437,0.9872853448247503
4.37,1.0,1.0,1.0,1.0,0.987380511555232,0.9999999998436051,0.9873487594319947
4.375,1.0,1.0,1.0,1.0,0.9874425943115457,0.9999999998519113,0.987411857757566
4.38,1.0,1.0,1.0,1.0,0.9875076810721968,0.9999999998597856,0.9874746413789256
4.385,1.0,1.0,1.0,1.0,0.9875761056154461,0.9999999998672496,0.9875371118656673
4.39,1.0,1.0,1.0,1.0,0.9876395234847992,0.9999999998743245,0.9875992707795566
4.3950000000000005,1.0,1.0,1.0,1.0,0.9877002711280742,0.9999999998810302,0.9876611196745695
4.4,1.0,1.0,1.0,1.0,0.9877710321191417,0.9999999998873853,0.9877226600969315
4.405,1.0,1.0,1.0,1.0,0.9878397904406504,0.9999999998934078,0.9877838935851566
4.41,1.0,1.0,1.0,1.0,0.987901205640445,0.9999999998991147,0.987844821670085
4.415,1.0,1.0,1.0,1.0,0.9879686288489151,0.9999999999045224,0.9879054458749221
4.42,1.0,1.0,1.0,1.0,0.9880273738226318,0.9999999999096459,0.9879657677152762
4.425,1.0,1.0,1.0,1.0,0.9880927943615433,0.9999999999145002,0.9880257886991963
4.43,1.0,1.0,1.0,1.0,0.9881535420048185,0.9999999999190988,0.9880855103272104
4.4350000000000005,1.0,1.0,1.0,1.0,0.9882146234263532,0.9999999999234551,0.9881449340923619
4.44,1.0,1.0,1.0,1.0,0.9882686955044333,0.9999999999275815,0.9882040614802484
4.445,1.0,1.0,1.0,1.0,0.9883294431477083,0.9999999999314899,0.9882628939690575
4.45,1.0,1.0,1.0,1.0,0.9883868530083857,0.9999999999351916,0.9883214330296045
4.455,1.0,1.0,1.0,1.0,0.9884395899734267,0.9999999999386971,0.988379680125369
4.46,1.0,1.0,1.0,1.0,0.9885010051732214,0.9999999999420169,0.9884376367125315
4.465,1.0,1.0,1.0,1.0,0.9885540759165219,0.9999999999451605,0.9884953042400095
4.47,1.0,1.0,1.0,1.0,0.9886091493293812,0.9999999999481369,0.9885526841494943
4.4750000000000005,1.0,1.0,1.0,1.0,0.9886642227422406,0.999999999950955,0.9886097778754867
4.48,1.0,1.0,1.0,1.0,0.9887226339376972,0.999999999953623,0.9886665868453326
4.485,1.0,1.0,1.0,1.0,0.9887853842505309,0.9999999999561487,0.9887231124792595
4.49,1.0,1.0,1.0,1.0,0.9888401238851302,0.9999999999585395,0.9887793561904109
4.495,1.0,1.0,1.0,1.0,0.9888911919588729,0.9999999999608025,0.9888353193848828
4.5,1.0,1.0,1.0,1.0,0.9889516058238884,0.9999999999629444,0.9888910034617577
4.505,1.0,1.0,1.0,1.0,0.9890093494628261,0.9999999999649716,0.9889464098131406
4.51,1.0,1.0,1.0,1.0,0.9890640890974256,0.9999999999668899,0.9890015398241931
4.515,1.0,1.0,1.0,1.0,0.9891198300668042,0.9999999999687053,0.9890563948731684
4.5200000000000005,1.0,1.0,1.0,1.0,0.9891739021448843,0.999999999970423,0.9891109763314455
4.525,1.0,1.0,1.0,1.0,0.98922029732299,0.9999999999720481,0.9891652855635639
4.53,1.0,1.0,1.0,1.0,0.9892700302836933,0.9999999999735858,0.9892193239272569
4.535,1.0,1.0,1.0,1.0,0.9893204308009165,0.9999999999750405,0.9892730927734866
4.54,1.0,1.0,1.0,1.0,0.9893758379920355,0.9999999999764165,0.9893265934464771
4.545,1.0,1.0,1.0,1.0,0.9894305776266353,0.9999999999777183,0.9893798272837477
4.55,1.0,1.0,1.0,1.0,0.9894806443655985,0.9999999999789495,0.9894327956161474
4.555,1.0,1.0,1.0,1.0,0.989530711104561,0.9999999999801138,0.989485499767887
4.5600000000000005,1.0,1.0,1.0,1.0,0.9895841156261216,0.9999999999812151,0.9895379410565732
4.565,1.0,1.0,1.0,1.0,0.9896341823650846,0.9999999999822565,0.9895901207932409
4.57,1.0,1.0,1.0,1.0,0.9896805775431906,0.9999999999832413,0.9896420402823863
4.575,1.0,1.0,1.0,1.0,0.9897319793951929,0.9999999999841724,0.9896937008219993
4.58,1.0,1.0,1.0,1.0,0.9897767056819997,0.9999999999850528,0.989745103703596
4.585,1.0,1.0,1.0,1.0,0.9898314453165997,0.9999999999858851,0.9897962502122511
4.59,1.0,1.0,1.0,1.0,0.9898848498381604,0.9999999999866719,0.9898471416266302
4.595,1.0,1.0,1.0,1.0,0.9899335814640848,0.9999999999874157,0.9898977792190211
4.6000000000000005,1.0,1.0,1.0,1.0,0.9899859846508665,0.9999999999881187,0.9899481642553665
4.605,1.0,1.0,1.0,1.0,0.9900417256202453,0.9999999999887833,0.9899982979952945
4.61,1.0,1.0,1.0,1.0,0.9900911248026891,0.9999999999894112,0.9900481816921516
4.615,1.0,1.0,1.0,1.0,0.9901391888720937,0.9999999999900048,0.9900978165930326
4.62,1.0,1.0,1.0,1.0,0.9901895893893167,0.9999999999905655,0.9901472039388127
4.625,1.0,1.0,1.0,1.0,0.9902359845674222,0.9999999999910956,0.9901963449641782
4.63,1.0,1.0,1.0,1.0,0.9902840486368272,0.9999999999915963,0.9902452408976571
4.635,1.0,1.0,1.0,1.0,0.9903324464844916,0.9999999999920695,0.9902938929616504
4.64,1.0,1.0,1.0,1.0,0.9903795092191168,0.9999999999925163,0.9903423023724622
4.6450000000000005,1.0,1.0,1.0,1.0,0.9904265719537425,0.9999999999929384,0.9903904703403303
4.65,1.0,1.0,1.0,1.0,0.9904779738057449,0.9999999999933373,0.9904383980694565
4.655,1.0,1.0,1.0,1.0,0.9905320458838253,0.999999999993714,0.9904860867580364
4.66,1.0,1.0,1.0,1.0,0.9905857841836458,0.9999999999940697,0.9905335375982897
4.665,1.0,1.0,1.0,1.0,0.9906258375748165,0.9999999999944058,0.9905807517764899
4.67,1.0,1.0,1.0,1.0,0.9906698963051042,0.9999999999947231,0.9906277304729939
4.675,1.0,1.0,1.0,1.0,0.9907216319353663,0.9999999999950228,0.9906744748622717
4.68,1.0,1.0,1.0,1.0,0.9907596826569786,0.9999999999953058,0.9907209861129352
4.6850000000000005,1.0,1.0,1.0,1.0,0.9908057440568244,0.9999999999955729,0.9907672653877684
4.69,1.0,1.0,1.0,1.0,0.9908451298914756,0.999999999995825,0.9908133138437554
4.695,1.0,1.0,1.0,1.0,0.9908881872869839,0.9999999999960631,0.9908591326321099
4.7,1.0,1.0,1.0,1.0,0.9909385878042072,0.9999999999962879,0.9909047228983042
4.705,1.0,1.0,1.0,1.0,0.990980977643196,0.9999999999965,0.9909500857820972
4.71,1.0,1.0,1.0,1.0,0.9910247025952241,0.9999999999967003,0.9909952224175634
4.715,1.0,1.0,1.0,1.0,0.9910660910994338,0.9999999999968893,0.9910401339331211
4.72,1.0,1.0,1.0,1.0,0.9911114849427607,0.9999999999970676,0.9910848214515604
4.7250000000000005,1.0,1.0,1.0,1.0,0.9911518721121911,0.9999999999972359,0.9911292860900718
4.73,1.0,1.0,1.0,1.0,0.9911992686250765,0.9999999999973946,0.9911735289602733
4.735,1.0,1.0,1.0,1.0,0.9912446624684034,0.9999999999975445,0.9912175511682391
4.74,1.0,1.0,1.0,1.0,0.9912923927595484,0.999999999997686,0.9912613538145267
4.745,1.0,1.0,1.0,1.0,0.991336785268096,0.9999999999978193,0.9913049379942045
4.75,1.0,1.0,1.0,1.0,0.9913731670984092,0.9999999999979451,0.9913483047968794
4.755,1.0,1.0,1.0,1.0,0.9914142218243592,0.9999999999980638,0.9913914553067235
4.76,1.0,1.0,1.0,1.0,0.9914542752155299,0.9999999999981758,0.9914343906025019
4.765,1.0,1.0,1.0,1.0,0.9915146890805456,0.9999999999982813,0.9914771117575993
4.7700000000000005,1.0,1.0,1.0,1.0,0.9915544086934565,0.999999999998381,0.9915196198400468
4.775,1.0,1.0,1.0,1.0,0.9915934607498479,0.9999999999984748,0.9915619159125485
4.78,1.0,1.0,1.0,1.0,0.9916351830323175,0.9999999999985634,0.9916040010325086
4.785,1.0,1.0,1.0,1.0,0.9916735675321895,0.9999999999986469,0.9916458762520571
4.79,1.0,1.0,1.0,1.0,0.9917189613755164,0.9999999999987256,0.9916875426180769
4.795,1.0,1.0,1.0,1.0,0.9917620187710249,0.9999999999987997,0.9917290011722292
4.8,1.0,1.0,1.0,1.0,0.9918080801708714,0.9999999999988698,0.99177025295098
4.805,1.0,1.0,1.0,1.0,0.9918514713446395,0.9999999999989357,0.9918112989856259
4.8100000000000005,1.0,1.0,1.0,1.0,0.9918908571792908,0.999999999998998,0.99185214030232
4.815,1.0,1.0,1.0,1.0,0.9919375861356565,0.9999999999990566,0.9918927779220973
4.82,1.0,1.0,1.0,1.0,0.9919769719703077,0.9999999999991118,0.9919332128609004
4.825,1.0,1.0,1.0,1.0,0.9920176929179979,0.9999999999991639,0.9919734461296048
4.83,1.0,1.0,1.0,1.0,0.9920574125309088,0.9999999999992129,0.9920134787340446
4.835,1.0,1.0,1.0,1.0,0.9920907903568844,0.999999999999259,0.9920533116750365
4.84,1.0,1.0,1.0,1.0,0.9921328464176135,0.9999999999993027,0.9920929459484066
4.845,1.0,1.0,1.0,1.0,0.9921698958044465,0.9999999999993437,0.9921323825450135
4.8500000000000005,1.0,1.0,1.0,1.0,0.9922076127477988,0.9999999999993824,0.9921716224507743
4.855,1.0,1.0,1.0,1.0,0.9922486674737486,0.9999999999994189,0.9922106666466886
4.86,1.0,1.0,1.0,1.0,0.99228771953014,0.9999999999994532,0.9922495161088634
4.865,1.0,1.0,1.0,1.0,0.9923347822647657,0.9999999999994855,0.9922881718085371
4.87,1.0,1.0,1.0,1.0,0.9923731667646376,0.9999999999995158,0.9923266347121045
4.875,1.0,1.0,1.0,1.0,0.9924118850427691,0.9999999999995445,0.99236490578114
4.88,1.0,1.0,1.0,1.0,0.9924482668730825,0.9999999999995716,0.9924029859724224
4.885,1.0,1.0,1.0,1.0,0.9924899891555519,0.999999999999597,0.9924408762379585
4.89,1.0,1.0,1.0,1.0,0.992528039877164,0.999999999999621,0.9924785775250067
4.8950000000000005,1.0,1.0,1.0,1.0,0.9925637541509578,0.9999999999996435,0.9925160907761014
4.9,1.0,1.0,1.0,1.0,0.9926024724290895,0.9999999999996647,0.9925534169290756
4.905,1.0,1.0,1.0,1.0,0.9926395218159223,0.9999999999996847,0.9925905569170853
4.91,1.0,1.0,1.0,1.0,0.9926745685331965,0.9999999999997035,0.992627511668632
4.915,1.0,1.0,1.0,1.0,0.9927109503635095,0.9999999999997211,0.9926642821075864
4.92,1.0,1.0,1.0,1.0,0.9927479997503422,0.9999999999997379,0.9927008691532114
4.925,1.0,1.0,1.0,1.0,0.9927857166936948,0.9999999999997535,0.992737273720185
4.93,1.0,1.0,1.0,1.0,0.9928197620761897,0.9999999999997683,0.9927734967186236
4.9350000000000005,1.0,1.0,1.0,1.0,0.9928541412369446,0.9999999999997822,0.9928095390541035
4.94,1.0,1.0,1.0,1.0,0.9928918581802968,0.9999999999997953,0.9928454016276854
4.945,1.0,1.0,1.0,1.0,0.9929272386758309,0.9999999999998076,0.9928810853359353
4.95,1.0,1.0,1.0,1.0,0.9929632867278845,0.9999999999998191,0.9929165910709479
4.955,1.0,1.0,1.0,1.0,0.9929969983321197,0.99999999999983,0.9929519197203682
4.96,1.0,1.0,1.0,1.0,0.9930270383754977,0.9999999999998402,0.9929870721674146
4.965,1.0,1.0,1.0,1.0,0.9930624188710315,0.9999999999998499,0.9930220492908998
4.97,1.0,1.0,1.0,1.0,0.9930961304752666,0.9999999999998589,0.9930568519652538
4.9750000000000005,1.0,1.0,1.0,1.0,0.9931298420795017,0.9999999999998676,0.9930914810605455
4.98,1.0,1.0,1.0,1.0,0.9931638874619967,0.9999999999998755,0.9931259374425038
4.985,1.0,1.0,1.0,1.0,0.9931996017357901,0.9999999999998831,0.9931602219725401
4.99,1.0,1.0,1.0,1.0,0.9932346484530643,0.9999999999998901,0.9931943355077695
4.995,1.0,1.0,1.0,1.0,0.9932683600572996,0.9999999999998969,0.993228278901032
5.0,1.0,1.0,1.0,1.0,0.9933004027702361,0.9999999999999031,0.9932620530009145
