s,cdf_zeros,cdf_gue_mean,cdf_gue_q025,cdf_gue_q975,cdf_poisson_ensemble_mean,cdf_wigner_surmise,cdf_poisson
0.0,0.0,0.0,0.0,0.0,0.0,0.0,0.0
0.005,0.0,0.0,0.0,0.0,0.005013015683239072,1.3509233142902644e-07,0.00498752080731768
0.01,0.0,3.3377825975358483e-07,0.0,0.0,0.010005337114373439,1.0806767320094973e-06,0.009950166250831893
0.015,0.0,4.339117376796603e-06,0.0,0.0,0.01494525535872649,3.6469357054397245e-06,0.014888060396937353
0.02,0.0,1.0347126052361131e-05,0.0,0.00033344448149383126,0.019874158920507725,8.6434327722755e-06,0.019801326693244747
0.025,0.0,1.935913906570791e-05,0.0,0.00033344448149383126,0.024727962373844305,1.6878803347823712e-05,0.024690087971667385
0.03,0.0,3.6715608572894284e-05,0.0,0.00033344448149383126,0.029669549509496185,2.9160446062929946e-05,0.029554466451491845
0.035,0.0,5.34045215605736e-05,0.0,0.00033344448149383126,0.034551390336652096,4.629421467517575e-05,0.03439458374243354
0.04,0.0,7.977300408110692e-05,0.0,0.00033344448149383126,0.03940886535084604,6.908411071729348e-05,0.03921056084767682
0.045,0.0,0.00011148193875769763,0.0,0.0006668889629876625,0.0442660065867802,9.833197702915214e-05,0.04400251816690004
0.05,0.0,0.00014652865603182423,0.0,0.0006668889629876625,0.04910412246190836,0.00013483719231952018,0.048770575499285984
0.055,0.0,0.0001889184950205297,0.0,0.0006668889629876625,0.05383876707651295,0.0001793963669027704,0.05351485204651618
0.06,0.0,0.00024599457743839303,0.0,0.0010003334444814939,0.05858909926932599,0.00023280303975516115,0.05823546641575128
0.065,0.0,0.000313417785908615,0.0,0.0010003334444814939,0.06331973854481354,0.0002958473770347525,0.06293253662259657
0.07,0.0,0.00037917210308006976,0.0,0.001333777925975325,0.06796860214666144,0.000369315872207579,0.06760618009405173
0.075,0.0,0.0004602802202001897,0.0,0.001333777925975325,0.07264550312232872,0.0004539910479227499,0.07225651367144714
0.08,0.00033344448149383126,0.0005524030198921785,0.0,0.0016672224074691564,0.07729703695025474,0.0005506511597765662,0.07688365361336424
0.085,0.00033344448149383126,0.0006622160673511073,0.0,0.0016672224074691564,0.0819405600999466,0.0006600699021066386,0.08148771559854262
0.09,0.00033344448149383126,0.0007890518060574679,0.0,0.0020006668889629878,0.08650330891077812,0.0007830161159535914,0.08606881472877181
0.095,0.00033344448149383126,0.0009435911403233791,0.0,0.002334111370456819,0.09107239950854483,0.0009202534993286854,0.09062706553176858
0.1,0.0010003334444814939,0.0010961278050307661,0.0,0.0023507835945314956,0.0955507024196587,0.001072540319922849,0.09516258196404048
0.105,0.001333777925975325,0.0012703600566221344,0.00033344448149383126,0.00266755585195065,0.1000940920914246,0.0012406291303918016,0.09967547741373439
0.11,0.0016672224074691564,0.0014442585299537538,0.00033344448149383126,0.0030010003334444814,0.10465183422835993,0.0014252664863506348,0.10416586470347178
0.115,0.0016672224074691564,0.0016515348292607305,0.00033344448149383126,0.003334444814938313,0.10915183272635755,0.0016271926672090098,0.10863385609316867
0.12,0.0020006668889629878,0.0018718284806980997,0.0006502167389129719,0.003667889296432144,0.11365383389391379,0.0018471413999766872,0.11307956328284252
0.125,0.0030010003334444814,0.002112148827720681,0.0006668889629876625,0.0040013337779259755,0.11808907940951946,0.0020858395861682033,0.11750309741540454
0.13,0.003667889296432144,0.002375833652926015,0.0006668889629876625,0.0040013337779259755,0.12242485900371847,0.0023440070319317996,0.1219045690794387
0.135,0.003667889296432144,0.002648196712884942,0.0010003334444814939,0.004668222740913638,0.12678333551958088,0.002622356181527702,0.12628408831196558
0.14,0.0040013337779259755,0.002942589137987599,0.001333777925975325,0.005001667222407469,0.1311391418093654,0.002921591854278316,0.13064176460119414
0.145,0.004334778259419807,0.0032603460412730127,0.001333777925975325,0.0053351117039013,0.1354522244819011,0.0032424109851098004,0.1349777068892587
0.15,0.004668222740913638,0.0036134834400923027,0.0016672224074691564,0.0056852284094698075,0.13979968631519157,0.003585502368804283,0.1392920235749422
0.155,0.005001667222407469,0.003989317760574845,0.0020006668889629878,0.006335445148382794,0.1441334632398321,0.003951546408077572,0.1435848225163865
0.16,0.0053351117039013,0.004361814298459848,0.0023174391463821283,0.007002334111370457,0.14839447650384638,0.004341214865597742,0.14785621103378865
0.165,0.0056685561853951315,0.004799063818737037,0.00266755585195065,0.007335778592864288,0.15262778617230105,0.004755170620054733,0.15210629591208413
0.17,0.006335445148382794,0.005243990238988563,0.0030010003334444814,0.008002667555851951,0.15676396636716763,0.005194067426390614,0.1563351834036163
0.17500000000000002,0.006668889629876626,0.005719958037397188,0.003334444814938313,0.008352784261420458,0.16097858445307592,0.0056585496802978585,0.16054297923079264
0.18,0.007335778592864288,0.006207274296637421,0.003667889296432144,0.009003001000333445,0.16516549894342494,0.006149252187088672,0.164729788588728
0.185,0.008002667555851951,0.0067279683818530075,0.0040013337779259755,0.009669889963321108,0.16937344146413832,0.006666799935038242,0.16889571614787435
0.19,0.008336112037345782,0.00725366914096489,0.004668222740913638,0.010336778926308769,0.17355501550233127,0.007211807873300585,0.1730408660566377
0.195,0.008336112037345782,0.007833775756416625,0.005001667222407469,0.0106702234078026,0.177672837892911,0.00778488069449304,0.1771653419439816
0.2,0.009003001000333445,0.008457941102155824,0.0056685561853951315,0.011670556852284094,0.18173124775325472,0.008386612622044182,0.18126924692201818
0.20500000000000002,0.009336445481827277,0.00908677934353159,0.006002000666888963,0.012337445815271757,0.1857546108963245,0.009017587202395205,0.18535268358858548
0.21,0.010003334444814937,0.009740650954388837,0.006335445148382794,0.01300433477825942,0.18983638523485133,0.00967837710214392,0.18941575402981292
0.215,0.010336778926308769,0.010418554599948397,0.007002334111370457,0.013671223741247083,0.19379833317812645,0.010369543910215162,0.19345855982267313
0.22,0.0106702234078026,0.011152866771406266,0.00766922307435812,0.014671557185728577,0.19785106880805445,0.011091637945143562,0.1974812020375215
0.225,0.011003667889296432,0.011921558103618769,0.008002667555851951,0.01567189063021007,0.20184472568600614,0.011845198067543028,0.20148378124062294
0.23,0.011337112370790263,0.012717619253131068,0.009003001000333445,0.016672224074691565,0.20577329580330597,0.012630751497845205,0.20546639749666595
0.23500000000000001,0.011670556852284094,0.013538379993865144,0.009336445481827277,0.017672557519173057,0.20973424241180183,0.013448813639375612,0.20942915037126442
0.24,0.011670556852284094,0.014382838991041707,0.010336778926308769,0.018672890963654553,0.21359705821193026,0.014299887906842057,0.21337213893344653
0.245,0.012004001333777926,0.015283038957597125,0.011320440146715573,0.019673224408136045,0.21749024783369594,0.015184465560299898,0.21729546175813186
0.25,0.01300433477825942,0.01619258471542563,0.012004001333777926,0.02100700233411137,0.22134004628169365,0.01610302554466042,0.22119921692859512
0.255,0.013337779259753251,0.01719291815990716,0.012670890296765588,0.022007335778592863,0.22522255499914703,0.017056034334801684,0.22508350203891903
0.26,0.014004668222740914,0.018210608073895827,0.013671223741247083,0.022690896965655204,0.2290740223384434,0.018043945786342885,0.22894841419643375
0.265,0.01533844614871624,0.019230968213962536,0.014671557185728577,0.024341447149049684,0.23292982879511717,0.019067200992133715,0.23279405002414433
0.27,0.01633877959319773,0.020314746223382436,0.01533844614871624,0.02567522507502501,0.23679965393869995,0.020126228144513036,0.23662050566314685
0.275,0.017005668556185394,0.02142489271532285,0.016655551850616873,0.026675558519506502,0.2405369691131611,0.02122144240338414,0.24042787677503152
0.28,0.018672890963654553,0.02255206189851072,0.017672557519173057,0.028009336445481828,0.24433035903526062,0.022353245770151797,0.24421625854427453
0.28500000000000003,0.019339779926642216,0.023725960038064084,0.018672890963654553,0.029026342114037998,0.24809170624442373,0.023522026967563836,0.24798574568061738
0.29,0.020340113371123708,0.024986640525153352,0.019673224408136045,0.030343447815938646,0.25186173168834075,0.02472816132549499,0.25173643242143473
0.295,0.0213404468156052,0.026274357051282695,0.02100700233411137,0.03167722574191397,0.2555920375193472,0.025972010672708823,0.2554684125340906
0.3,0.02300766922307436,0.027561739799152277,0.022007335778592863,0.033027675891963974,0.25925592147666177,0.02725392323462994,0.2591817793182821
0.305,0.02400800266755585,0.028897520394686092,0.02334111370456819,0.034678226075358455,0.2629024489644698,0.028574233537155103,0.2628766256083722
0.31,0.024674891630543514,0.030241311668454042,0.024341447149049684,0.03634544848282761,0.26658869606518865,0.029933262316528597,0.26655304377571076
0.315,0.02634211403801267,0.03161480920734007,0.02567522507502501,0.03767922640880293,0.27025258002250335,0.031331316435304124,0.2702111257309432
0.32,0.028342780926975657,0.03308076332417775,0.02699233077692564,0.039679893297765924,0.27385805278436154,0.032768688804411805,0.27385096292630906
0.325,0.02900966988996332,0.03456540902356177,0.028342780926975657,0.041347115705235075,0.27753161631120904,0.03424565831134668,0.2774726463579278
0.33,0.029676558852950983,0.03606474096637481,0.029343114371457153,0.04303101033677891,0.28110404502535175,0.035762489754489146,0.28107626656807383
0.335,0.03101033677892631,0.037602457409059604,0.030993664554851617,0.04436478826275424,0.28469950443941733,0.03731943378356767,0.2846619136474401
0.34,0.03134378126042014,0.03924297755574852,0.03234411470490164,0.04601533844614872,0.2883009718621589,0.038916726846269345,0.28822967723739035
0.34500000000000003,0.03401133711237079,0.04091854441971151,0.033677892630876956,0.04769923307769255,0.2918677263458855,0.04055459114099963,0.2917796465322
0.35000000000000003,0.034678226075358455,0.04257375080982946,0.035345115038346114,0.049366455485161706,0.2953380189125437,0.042233234575790535,0.29531191028128656
0.355,0.03601200400133378,0.04428236172150813,0.037345781927309106,0.05135045015005002,0.29883835152257937,0.04395285073335348,0.29882655679142756
0.36,0.03667889296432144,0.04605906339817638,0.03901300433477826,0.05303434478159385,0.30233267612393966,0.04571361884226921,0.302323673928969
0.365,0.037345781927309106,0.04788082513991147,0.04101367122374125,0.05501833944648216,0.305870725677328,0.04751570375430314,0.3058033491220211
0.37,0.03867955985328443,0.04973663226414152,0.0426808936312104,0.05701900633544515,0.30930663908323186,0.04935925592783347,0.3092656693626453
0.375,0.04101367122374125,0.05161613764481387,0.0446648882960987,0.05901967322440813,0.3127565711760444,0.05124441141737329,0.31271072120902776
0.38,0.0426808936312104,0.053526016847123895,0.04668222740913638,0.061020340113371124,0.31624455399046963,0.05317129186916847,0.31613859078764417
0.385,0.04434811603867956,0.05550832593180042,0.048349449816605536,0.06302100700233411,0.3197175167832054,0.055140004522844954,0.3195493637954123
0.39,0.04434811603867956,0.0575350275250242,0.05033344448149383,0.0650216738912971,0.3231180496935756,0.05715064221908256,0.32294312550183535
0.395,0.04534844948316105,0.059634826557133876,0.05233411137045682,0.06703901300433476,0.3265486226473227,0.05920328341328168,0.32631996075113234
0.4,0.04668222740913638,0.061742302489218026,0.0543514504834945,0.06937312437479158,0.3299024266013265,0.06129799219519261,0.3296799539643607
0.405,0.049016338779593195,0.06390351672112252,0.05635211737245749,0.07202400800266756,0.3332869381552273,0.06343481831447201,0.3330231891415256
0.41000000000000003,0.051683894631543846,0.06607441052255986,0.05835278426142047,0.07435811937312438,0.33667011459609,0.06561379721212535,0.3363497498636806
0.41500000000000004,0.05301767255751917,0.06827701325867377,0.0606702234078026,0.0766922307435812,0.33993212952866153,0.06783495005779694,0.33965971929501715
0.42,0.05501833944648216,0.07058175214227234,0.06268756252084028,0.07904301433811269,0.3432682432348987,0.07009828379285882,0.34295318018494325
0.425,0.05801933977992664,0.07291853373880722,0.06435478492830944,0.08169389796598867,0.3465709791151603,0.0724037911792561,0.3462302148701527
0.43,0.059353117705901966,0.07529770517433075,0.06702234078026009,0.08402800933644548,0.34985101807375835,0.07475145085405382,0.3494909052766835
0.435,0.06068689563187729,0.07776599540520857,0.06900633544514839,0.08669556518839613,0.35308332674121157,0.07714122738963491,0.35273533292196535
0.44,0.06302100700233411,0.08022193584047531,0.07167389129709904,0.08904634878292762,0.35627891980009363,0.07957307135949249,0.3559635789168586
0.445,0.06368789596532178,0.0827162607756139,0.07369123041013671,0.09136378792930977,0.3594838586502473,0.08204691940955855,0.35917572396768127
0.45,0.06535511837279093,0.08522126661506456,0.07602534178059353,0.09436478826275425,0.36268879750040134,0.0845626943350068,0.36237184837822667
0.455,0.06802267422474158,0.0877709987413222,0.07835945315105035,0.09736578859619874,0.36587738121582736,0.08712030516246827,0.3655520320517718
0.46,0.06902300766922308,0.09038648518475141,0.081027009003001,0.10003334444814939,0.3690339222183167,0.08971964723758974,0.36871635449307405
0.465,0.07069023007669223,0.09305203836714321,0.08336112037345782,0.10270090030010004,0.3721504098296356,0.09236060231786952,0.3718648948103592
0.47000000000000003,0.07402467489163055,0.09578434720148625,0.08601200400133378,0.10570190063354451,0.375347338001556,0.09504303867069835,0.3749977317172992
0.47500000000000003,0.0766922307435812,0.09852166270972558,0.08902967655885295,0.10803601200400133,0.378533919047423,0.09776681117653124,0.37811494353498
0.48,0.08069356452150717,0.10131705563516162,0.09136378792930977,0.11072024008002665,0.3816801129238611,0.1005317614371139,0.38121660819385916
0.485,0.08269423141047015,0.10416151396478199,0.09369789929976659,0.1140380126708903,0.38477757517437333,0.10333771788868895,0.38430280323571486
0.49,0.0853617872624208,0.10705737414640387,0.09669889963321107,0.11703901300433478,0.38780728043815776,0.10618449592009627,0.3873736058155839
0.495,0.08669556518839613,0.10991384849337496,0.09968322774258087,0.1197232410803601,0.39085434217144704,0.10907189799568984,0.39042909270369075
0.5,0.08936312104034679,0.11290717192684503,0.10301767255751917,0.12272424141380459,0.3938757029787377,0.11199971378298262,0.3934693402873666
0.505,0.09336445481827275,0.11585610285176802,0.10601867289096366,0.12604201400466822,0.39682997435581613,0.11496772028493685,0.39649442457295947
0.51,0.09569856618872957,0.11888480678077201,0.108702900966989,0.12904301433811272,0.39980894532411726,0.11797568197680774,0.3995044211877341
0.515,0.09769923307769257,0.121898490688087,0.11103701233744581,0.13237745915305102,0.4027638842577161,0.12102335094745031,0.40249940538176254
0.52,0.10203401133711237,0.12496724800826157,0.1140380126708903,0.13506168722907633,0.40579692730409667,0.12411046704500084,0.4054794520298056
0.525,0.10536845615205068,0.1280330013240983,0.11735578526175393,0.13871290430143382,0.40875153245943663,0.12723675802683404,0.4084446356331849
0.53,0.10903634544848283,0.13124394818292795,0.12102367455818606,0.1417139046348783,0.41171414829300734,0.13040193971370256,0.4113950303216448
0.535,0.11270423474491498,0.13448359997209622,0.1237079026342114,0.1450483494498166,0.4146009964616172,0.1336057161479628,0.41433070985520626
0.54,0.11603867955985328,0.13771457352651081,0.12735911970656885,0.14806602200733576,0.41755593539521585,0.13684777975578388,0.41725174762601036
0.545,0.12004001333777926,0.14102164852414956,0.13036012004001332,0.15140046682227407,0.42051621478097023,0.14012781151324505,0.4201582166601536
0.55,0.12237412470823608,0.14438980494332274,0.13337779259753252,0.15538512837612536,0.4234184167495274,0.14344548111621414,0.42305018961951335
0.555,0.12604201400466822,0.14773960355820948,0.13671223741247082,0.1587195731910637,0.4263840365874383,0.14680044715390655,0.42592773880356405
0.56,0.12870956985661888,0.15117117784673625,0.14004668222740912,0.16273757919306434,0.42919177930848534,0.1501923572860217,0.42879093615118513
0.5650000000000001,0.1310436812270757,0.15465048242640794,0.1437145715238413,0.1663887962654218,0.4320465847641576,0.15362084842334806,0.43163985324245957
0.5700000000000001,0.13437812604201402,0.15812077499306582,0.1470490163387796,0.1693897965988663,0.43484665058523037,0.15708554691173132,0.4344745613004629
0.5750000000000001,0.13871290430143382,0.1617045521680399,0.15071690563521173,0.1730743581193731,0.43764771774108235,0.16058606871929781,0.4372951311930443
0.58,0.14238079359786596,0.16528899689953397,0.15403467822607536,0.17672557519173057,0.4404668089229605,0.16412201962682554,0.44010163343459796
0.585,0.14571523841280426,0.16885441627022138,0.1577192397465822,0.1800600200066689,0.44329124055699604,0.16769299542115013,0.4428941381878261
0.59,0.14971657219073026,0.17251262599712044,0.16038679559853283,0.18372790930310104,0.44610131972586076,0.17129858209149557,0.4456727152654929
0.595,0.15305101700566856,0.17617083572401987,0.16470490163387796,0.18739579859953318,0.4489043895512708,0.1749383560286225,0.4484374341321702
0.6,0.15738579526508836,0.17985641526821902,0.1683894631543848,0.1910636878959653,0.45169477580281114,0.17861188422667468,0.4511883639059736
0.605,0.16072024008002667,0.18359673444701763,0.17205735245081694,0.19439813271090364,0.4544230792980379,0.18231872448761538,0.4539255733602906
0.61,0.16572190730243413,0.18737477056916874,0.17570856952317437,0.1983994664888296,0.45714470722806877,0.18605842562814112,0.4566491309255002
0.615,0.1707235745248416,0.19120320720854211,0.17937645881960654,0.20240080026675558,0.4598506475798899,0.1898305276889547,0.4593591046906834
0.62,0.17339113037679227,0.19505066920872186,0.1833777925975325,0.20606868956318772,0.4625682701708037,0.19363456214628522,0.4620555624053255
0.625,0.17639213071023674,0.19886875872204346,0.18706235411803934,0.20975325108369455,0.46521947088802673,0.19747005212554242,0.4647385714810097
0.63,0.17839279759919974,0.2027302394091326,0.19073024341447148,0.21373791263754585,0.4678780147269643,0.20133651261698587,0.4674081989931028
0.635,0.18206068689563187,0.20666648642640675,0.1950483494498166,0.21773924641547182,0.47055825415278485,0.20523345069329646,0.47006451168243146
0.64,0.18639546515505168,0.2105546693742763,0.19871623874624875,0.22175725241747246,0.4731987739656967,0.20916036572893637,0.47270757595695145
0.645,0.19073024341447148,0.21453397378705855,0.20240080026675558,0.2257419139713238,0.475839627556866,0.2131167496211765,0.4753374578934071
0.65,0.1950650216738913,0.2185159484259188,0.20640213404468155,0.2300766922307436,0.47848315137411485,0.21710208701268124,0.47795422323898396
0.655,0.2004001333777926,0.2225620084906514,0.21073691230410135,0.23374458152717573,0.48109229603060844,0.22111585551553326,0.48055793741295183
0.66,0.20640213404468155,0.2265910458641371,0.21473824608202735,0.23841280426808936,0.4837147918174921,0.22515752593658017,0.4831486655083008
0.665,0.21240413471157052,0.2308186813021759,0.21905635211737245,0.2420806935645215,0.48628922353497167,0.2292265625039938,0.4857264722933681
0.67,0.21607202400800266,0.23488309917119496,0.22240746915638546,0.24574858286095366,0.4888820130567378,0.23332242309492035,0.48829142221345756
0.675,0.22107369123041012,0.23899090821398197,0.22674224741580526,0.24974991663887963,0.4914187278308648,0.23744455946411175,0.4908435793924508
0.68,0.22507502500833612,0.243120079065394,0.2314104701567189,0.25441813937979324,0.4939771381918759,0.24159241747342136,0.49338300763441045
0.685,0.23041013671223742,0.24731467045571734,0.23507835945315106,0.2590863621207069,0.49651885963989933,0.24576543732205314,0.4959097704251745
0.6900000000000001,0.2344114704901634,0.2514805569157021,0.23941313771257086,0.2630876958986329,0.4990312086010655,0.249963053777444,0.49842393093394455
0.6950000000000001,0.2387462487495832,0.2557118639145982,0.24373124374791597,0.2677559186395465,0.5015181904144892,0.2541846964066776,0.5009255520148641
0.7000000000000001,0.243081027009003,0.25999223631767804,0.24774924974991663,0.27142380793597864,0.5040298718191352,0.25842978980830666,0.5034146962085906
0.705,0.24708236078692897,0.2642966407554606,0.25206735578526174,0.2760920306768923,0.5064981620500131,0.2626977538444792,0.5058914257438583
0.71,0.25308436145381796,0.268601712749762,0.25640213404468154,0.28009336445481825,0.5089217259940841,0.26698800387325566,0.5083558025390349
0.715,0.2590863621207069,0.2729428327961173,0.26073691230410134,0.2847615871957319,0.5113823393249877,0.27129995098100557,0.5108078882036684
0.72,0.2620873624541514,0.2772732719381602,0.26473824608202734,0.2887629209736579,0.5138129126125127,0.27563300221477993,0.5132477440400283
0.725,0.2664221407135712,0.28158802350199436,0.26908969656552184,0.2934311437145715,0.5162184525305568,0.2799865608145443,0.5156754310446375
0.73,0.27242414138046017,0.2860085827741711,0.27342447482494164,0.2977659219739913,0.5185685852574824,0.2843600264451708,0.5180910099097975
0.735,0.2760920306768923,0.290395096663853,0.27775925308436145,0.3021007002334111,0.5210221892449308,0.28875279542808013,0.5204945410251058
0.74,0.28009336445481825,0.2947882861187297,0.28209403134378125,0.3064354784928309,0.5234050322413117,0.29316426097243226,0.5228860844789656
0.745,0.28209403134378125,0.2992715957037397,0.287079026342114,0.3111037012337446,0.5258018939246016,0.29759381340575564,0.5252657000600875
0.75,0.2867622540846949,0.30370884388890385,0.2914304768256085,0.31610536845615206,0.5281633751123593,0.3020408404039196,0.5276334472589853
0.755,0.2910970323441147,0.30811872225676884,0.2960820273424475,0.32044014671557186,0.5304891420263212,0.3065047272203422,0.529989385269462
0.76,0.2954318106035345,0.3126120451895715,0.300433477825942,0.3241247082360787,0.5328252560663371,0.3109848569143393,0.5323335729900908
0.765,0.30143381127042346,0.3171020303397769,0.3047682560853618,0.3284428142714238,0.5351293273934157,0.3154806105785102,0.5346660690256866
0.77,0.30743581193731245,0.3216250595376966,0.30976992330776926,0.33344448149383127,0.537472784555146,0.31999136756506746,0.5369869316887719
0.775,0.3127709236412137,0.3261747909963985,0.3144381460486829,0.33844614871623874,0.5397852003387184,0.32451650571101254,0.5392962190010342
0.78,0.3194398132710904,0.33067378815961745,0.3187729243081027,0.3431310436812271,0.5420355333659774,0.3290554015620624,0.5415939886947765
0.785,0.324108036012004,0.3352275249574347,0.32344114704901633,0.3474491497165722,0.5443155726583538,0.33360743059523645,0.5438802982143608
0.79,0.3264421473824608,0.33984701607242407,0.3280926975658553,0.3518006002000667,0.5466069604115619,0.33817196744000827,0.5461552047176441
0.795,0.3307769256418806,0.3444127688875936,0.3327775925308436,0.3567855951983995,0.5488572934388201,0.34274838609793845,0.5484187650774077
0.8,0.3344448149383128,0.34893312785943637,0.3371123707902634,0.3611203734578193,0.551110964248677,0.3473360601606937,0.5506710358827784
0.805,0.3414471490496832,0.353496210448527,0.34178059353117707,0.3654551517172391,0.5533118980934922,0.3519343630263715,0.5529120734406436
0.81,0.3451150383461154,0.3580482783550472,0.34611537179059687,0.37012337445815274,0.5555552217772958,0.35654266811404073,0.5551419337770589
0.8150000000000001,0.3507835945315105,0.3626934703960382,0.3504501500500167,0.37479159719906635,0.5578005481306583,0.36116034907641853,0.5573606726386489
0.8200000000000001,0.3547849283094365,0.3673239761935992,0.35545181727242414,0.37945981993998,0.5600442055927216,0.365786780010601,0.5595683454940008
0.8250000000000001,0.3607869289763254,0.3719094219260939,0.35978659553184394,0.3841280426808936,0.5622100927202626,0.37042133566676727,0.5617650075350509
0.8300000000000001,0.3654551517172391,0.376497204106407,0.3647715905301767,0.3884794931643881,0.5643869945303766,0.3750633916547816,0.5639507136784645
0.835,0.37045681893964655,0.38113839080828094,0.3691063687895965,0.3931477159053018,0.5665919337143077,0.37971232464861493,0.5661255185670091
0.84,0.373457819273091,0.3858239700187009,0.3737745915305102,0.39813271090363456,0.568722106568055,0.3843675125885132,0.5682894765709203
0.845,0.3797932644214738,0.390420764212028,0.3784428142714238,0.40246748916305436,0.5708873261390762,0.38902833488084193,0.5704426417892609
0.85,0.38546182060686895,0.3950836465007858,0.38344448149383126,0.40715238412804267,0.5730595550535533,0.3936941725955342,0.5725850680512733
0.855,0.3911303767922641,0.3997391856678294,0.3881127042347449,0.41182060686895633,0.575232117746289,0.39836440866107453,0.5747168089177259
0.86,0.39646548849616536,0.40443244177822435,0.3927975991997332,0.41613871290430143,0.5773646270478547,0.40303842805695544,0.5768379176822511
0.865,0.401133711237079,0.409113681871268,0.3974658219406469,0.4208069356452151,0.5794450669408991,0.407715618003538,0.5789484473726788
0.87,0.4041347115705235,0.4137905828469351,0.401783927975992,0.4254751583861287,0.5815605535512166,0.4123953681492555,0.581048450752361
0.875,0.40913637879293097,0.41841674952711994,0.40680226742247416,0.4298099366455485,0.583688723735406,0.4170770707551044,0.5831379803214916
0.88,0.41413804601533843,0.4230622753463709,0.41147049016338777,0.43514504834944984,0.585722434672083,0.42176012087635817,0.5852170883184187
0.885,0.41980660220073357,0.42775619901328554,0.41647215738579524,0.43947982660886964,0.587785518095621,0.4264439165414495,0.5872858267209504
0.89,0.42580860286762257,0.43244812001064126,0.4211237079026342,0.44414804934978325,0.5898712984408212,0.4311278589279716,0.5893442472476544
0.895,0.43447815938646217,0.43717942684264804,0.42580860286762257,0.4491497165721907,0.5918996689253443,0.43581135253573927,0.5913924013591516
0.9,0.43747915971990664,0.44187802340519944,0.4304768256085362,0.4534844948316105,0.5938876522404354,0.44049380535686644,0.5934303402594009
0.905,0.44181393797932644,0.4465379016896184,0.4357952650883628,0.458486162054018,0.5959223645118945,0.44517462904280747,0.5954581148969812
0.91,0.44848282760920305,0.4511947759697009,0.4404801600533511,0.462487495831944,0.5979350474182086,0.4498532390683193,0.597475775966364
0.915,0.45281760586862285,0.4558776849540438,0.4451317105701901,0.4668389463154385,0.5999310414115342,0.4545290548923,0.5994833739091812
0.92,0.45648549516505504,0.46049383828643553,0.4498166055351784,0.4711737245748583,0.601949064770004,0.45920150011546196,0.6014809589154859
0.925,0.4594864954984995,0.465143369444803,0.45481827275758585,0.47617539179726576,0.6039367143068367,0.46387000263480105,0.6034685809250071
0.93,0.46348782927642546,0.46978155214233874,0.45915305101700565,0.48051017005668556,0.605855605522161,0.46853399479482355,0.605446289628399
0.935,0.46748916305435145,0.47444309931805734,0.4638212737579193,0.4851783927975992,0.6077985287721855,0.4731929135354957,0.6074141344684816
0.9400000000000001,0.47615871957319106,0.4790709348895413,0.4684894964988329,0.48984661553851283,0.609775163626447,0.4778462005368833,0.6093721646414789
0.9450000000000001,0.48016005335111706,0.4837448318608695,0.4728242747582527,0.49518172724241416,0.61174879447637,0.4824933023604507,0.611320429098247
0.9500000000000001,0.4858286095365122,0.48836565808889937,0.47715905301767253,0.5001667222407469,0.6136807030438237,0.48713367058698803,0.6132589765454988
0.9550000000000001,0.4928309436478826,0.49296178472570545,0.48281093697899297,0.503834611537179,0.6156025982634868,0.4917667619511426,0.6151878554470215
0.96,0.49616538846282093,0.4975021703931339,0.48682894298099366,0.5081693897965989,0.6175331717178996,0.49639203847252794,0.6171071140248879
0.965,0.49983327775925307,0.5020756001082779,0.4914971657219073,0.5125041680560187,0.6194417158071713,0.5010089675833875,0.6190168002606627
0.97,0.503834611537179,0.5066800712015792,0.49616538846282093,0.5175058352784262,0.6213345723182337,0.5056170222527948,0.6209169618966012
0.975,0.5105035011670557,0.5112605102601783,0.5001667222407469,0.5221907302434144,0.6232134101423868,0.5102156811073664,0.622807646436843
0.98,0.5171723907969323,0.5158452884361528,0.5045015005001667,0.5268422807602534,0.6251079355447482,0.5148044285484774,0.6246889011486004
0.985,0.5235078359453151,0.5203172495603308,0.5091697232410803,0.5311770590196733,0.6269607386646406,0.5193827548659598,0.6265607730633391
0.99,0.5291763921307102,0.5248609730103571,0.5138212737579193,0.5361787262420807,0.6287908448628695,0.523950156348273,0.6284233089779543
0.995,0.5335111703901301,0.5294016924560446,0.5181727242414138,0.5405301767255751,0.6306289617393315,0.5285061353891363,0.6302765554559411
1.0,0.5385128376125375,0.533902358510562,0.5231743914638213,0.5445148382794265,0.6324463843636896,0.5330502005906137,0.6321205588285577
1.0050000000000001,0.5431810603534512,0.5383582982782719,0.5278259419806602,0.5488496165388462,0.6343125386139734,0.5375818668626449,0.6339553651959846
1.01,0.5471823941313771,0.5428943448283223,0.5321607202400801,0.55351783927976,0.636115942551421,0.5421006555190166,0.6357810204284766
1.0150000000000001,0.5525175058352785,0.5473582952742676,0.5365121707235745,0.5581860620206736,0.6378863024411545,0.5466060943697749,0.6375975701675097
1.02,0.5581860620206736,0.5517601629638968,0.5411803934644882,0.5618706235411803,0.6396953806090185,0.5510977178100697,0.6394050598269216
1.025,0.5658552850950317,0.5562271174141792,0.5461820606868957,0.5665221740580193,0.6414787578508817,0.5555750669054434,0.6412035345940483
1.03,0.5698566188729577,0.5606259810994721,0.5505168389463154,0.5715238412804268,0.643292175136124,0.5600376894735559,0.6429930394308526
1.035,0.5755251750583528,0.5650578888324798,0.5551683894631544,0.5755418472824274,0.6450738834866885,0.5644851401623564,0.6447736190750485
1.04,0.5798599533177726,0.569482787222033,0.5591697232410804,0.5801933977992664,0.6468706118589411,0.5689169805247076,0.6465453180412198
1.045,0.5821940646882294,0.573825909937947,0.5635045015005002,0.5845281760586862,0.648610597927037,0.5733327790894678,0.6483081806219331
1.05,0.5858619539846616,0.578223104731941,0.5678559519839946,0.588862954318106,0.6503939751689015,0.5777321114290446,0.6500622508888447
1.055,0.5885295098366122,0.5825959337129725,0.5718572857619206,0.5935311770590197,0.6521656701716717,0.5821145602234263,0.6518075726938024
1.06,0.5931977325775258,0.5870074809721357,0.5765088362787596,0.5978826275425141,0.6539210100397164,0.586479715320713,0.6535441896699425
1.065,0.5981993997999333,0.5913292418794245,0.5811770590196733,0.6022007335778593,0.6556226116079398,0.5908271737941492,0.6552721452327799
1.07,0.6005335111703901,0.5956590134649483,0.5858619539846616,0.606535511837279,0.6573819568151016,0.5951565399956895,0.6569914825812934
1.075,0.60486828942981,0.5999270360724175,0.5898632877625876,0.6108702900966989,0.6591015824093518,0.5994674256061017,0.6587022446990063
1.08,0.6102034011337112,0.604183376440794,0.5941813937979327,0.6148716238746249,0.6607804870559125,0.6037594496816368,0.6604044743550609
1.085,0.6138712904301434,0.6084443897048084,0.5985328442814272,0.6192230743581193,0.6624567214763946,0.6080322386972823,0.6620982141052869
1.09,0.6182060686895632,0.6126817047123819,0.6028676225408469,0.6238746248749584,0.6641232763273444,0.6122854265866224,0.6637835062932667
1.095,0.6242080693564521,0.6168622774157955,0.6068522840946983,0.6278759586528843,0.6657901649565529,0.6165186547783279,0.6654603930513924
1.1,0.6268756252084028,0.6210144789671305,0.6112037345781928,0.6312104034678226,0.6674827545117638,0.6207315722293061,0.6671289163019205
1.105,0.6305435145048349,0.6252761597876634,0.6155218406135379,0.6358786262087363,0.6691122599758806,0.624923835454531,0.668789117758019
1.11,0.6342114038012671,0.6294206844390248,0.6195398466155385,0.6398966322107369,0.670680350240203,0.6290951085535881,0.670441038924811
1.115,0.6368789596532177,0.633564875312124,0.6235411803934645,0.6438812937645882,0.6723355566303217,0.6332450632339577,0.6720847211004115
1.12,0.6408802934311437,0.6377184119765005,0.6278592864288096,0.648216072024008,0.6739780794465685,0.637373378831075,0.6737202053769605
1.125,0.6458819606535512,0.6417507871325812,0.6322107369123041,0.6528842947649216,0.6756042471280892,0.6414797423251908,0.6753475326416503
1.1300000000000001,0.6508836278759587,0.6458489166058377,0.6362120706902301,0.6565521840613537,0.6772210690183343,0.6455638483550736,0.6769667435777471
1.135,0.6548849616538847,0.6498615988445917,0.6398799599866623,0.6605535178392797,0.6788131913173594,0.6496253992285819,0.6785778786656087
1.1400000000000001,0.6615538512837612,0.6539160033658212,0.6438812937645882,0.6645548516172057,0.6804363549945415,0.6536641049301488,0.6801809781836962
1.145,0.6658886295431811,0.6579243464871998,0.648216072024008,0.6685561853951317,0.6820211341718517,0.6576796831252074,0.6817760822095809
1.1500000000000001,0.6685561853951317,0.6618989780043472,0.6522007335778593,0.6725575191730577,0.6836169280317335,0.6616718591616046,0.6833632306209468
1.155,0.6738912970990331,0.6658919673257787,0.6558852950983661,0.6768922974324775,0.6851586498135341,0.6656403660680341,0.6849424630965867
1.16,0.679893297765922,0.6697774800475703,0.6598866288762921,0.6802267422474157,0.6867314129734939,0.6695849445495332,0.6865138191173947
1.165,0.6848949649883295,0.6737287470865339,0.6635545181727243,0.6842280760253417,0.6882961654552183,0.6735053429800839,0.6880773379673533
1.17,0.6865621873957986,0.6775328179129434,0.6672224074691564,0.6882294098032677,0.6898418925761374,0.6774013173923583,0.689633058734515
1.175,0.6918972990996999,0.6814026430565288,0.6712237412470824,0.6918972990996999,0.6914136544013169,0.6812726314646542,0.6911810203119801
1.18,0.695565188396132,0.6851379555614289,0.6748916305435145,0.694914971657219,0.6929630530830928,0.6851190565050599,0.6927212613988687
1.185,0.6998999666555519,0.6889376872704648,0.6788929643214405,0.6985828609536512,0.6944954290736219,0.6889403714329003,0.6942538205012883
1.19,0.7029009669889963,0.6927030398187439,0.6828942980993664,0.7022340780260087,0.6960164566033193,0.6927363627574993,0.6957787359332959
1.195,0.70756918972991,0.6964854150582733,0.6865621873957986,0.7059186395465155,0.6975434921416918,0.6965068245543156,0.6972960458178572
1.2,0.7115705235078359,0.700161982589458,0.6902300766922308,0.7095865288429476,0.6990468294236223,0.7002515584384887,0.6988057880877978
1.205,0.713571190396799,0.7038275354380724,0.6938979659886629,0.713571190396799,0.7005645191707208,0.7039703735358518,0.7003080004867537
1.21,0.717572524174725,0.7074824073823748,0.6975658552850951,0.7169223074358119,0.702031808400597,0.7076630864514494,0.7018027205701126
1.215,0.7225741913971324,0.711121257970207,0.701567189063021,0.7205735245081694,0.7035154527652028,0.7113295212356194,0.7032899857059547
1.22,0.7269089696565522,0.7147898148231586,0.7052184061353786,0.7242414138046015,0.7050177887123534,0.7149695093476796,0.7047698330759857
1.225,0.7305768589529843,0.7183438857330161,0.7085528509503168,0.7279093031010336,0.7064486961119181,0.7185828896172739,0.7062422996764672
1.23,0.7325775258419474,0.7218752597212084,0.7119039679893298,0.7315771923974658,0.707886946633195,0.7221695082034251,0.7077074223191406
1.235,0.7349116372124042,0.7254500248831699,0.7152384128042681,0.7349283094364788,0.7093639154326052,0.7257292185513495,0.7091652376321484
1.24,0.7365788596198732,0.7289593695062193,0.7192230743581194,0.7385795265088363,0.710800163284325,0.7292618813470773,0.7106157820609493
1.245,0.7385795265088363,0.732415977164226,0.7225575191730578,0.7422474158052684,0.7122133804361219,0.7327673644699385,0.7120590918692298
1.25,0.7419139713237746,0.7358982857482358,0.7262087362454152,0.7455818606202067,0.7136028993314744,0.7362455429429594,0.7134952031398099
1.2550000000000001,0.746915638546182,0.7393138386802935,0.7295765255085028,0.7492497499166388,0.7150267973875836,0.7396962988812252,0.7149241517755465
1.26,0.7495831943981327,0.7427053595776517,0.7328942980993665,0.7525841947315772,0.7164343403089652,0.7431195214382614,0.7163459735002295
1.2650000000000001,0.7539179726575526,0.746099884479345,0.7362454151383795,0.7556018672890963,0.7178365427781894,0.7465151067504843,0.7177607038594767
1.27,0.7555851950650216,0.7494720462376345,0.7395798599533178,0.7592530843614538,0.7192427505865318,0.7498829578797755,0.7191683782216203
1.2750000000000001,0.7615871957319106,0.7527814576830911,0.742914304768256,0.7622540846948983,0.7206579704078881,0.7532229847542339,0.7205690317785927
1.28,0.7655885295098366,0.7561095607110945,0.7462487495831944,0.7655885295098366,0.7220591715423329,0.7565351041071537,0.7219626995468058
1.285,0.768922974324775,0.759376248539303,0.7495831943981327,0.768922974324775,0.7234577024507007,0.7598192394142913,0.7233494163680265
1.29,0.7722574191397132,0.7626512808240046,0.752917639213071,0.7722574191397132,0.7248125084070389,0.7630753208294616,0.7247292169102477
1.295,0.7759253084361454,0.7658201716221051,0.7559186395465155,0.7755918639546515,0.7262053650849908,0.766303285118529,0.7261021356685544
1.3,0.7795931977325775,0.7689980744332189,0.7589029676558854,0.778592864288096,0.7275585021500328,0.7695030755918394,0.7274682069659875
1.305,0.7832610870290097,0.7721369251879423,0.7615871957319106,0.781943981327109,0.7289283281280612,0.7726746420351488,0.7288274649544001
1.31,0.7875958652884295,0.7752250416471824,0.7649049683227743,0.7846115371790596,0.7303255239233907,0.775817940639102,0.7301799436153131
1.315,0.7915971990663555,0.7783381914759039,0.7679059686562187,0.7879293097699233,0.7316786609884315,0.7789329339273139,0.7315256767607634
1.32,0.7939313104368123,0.7814106203569371,0.7712570856952318,0.7912637545848616,0.7330852025750331,0.7820195906831078,0.7328646980341497
1.325,0.7979326442147382,0.7843688970731307,0.7739246415471824,0.7939313104368123,0.7344093009314752,0.7850778858749621,0.7341970409110734
1.33,0.8009336445481827,0.7874142899151236,0.7772590863621207,0.796598866288763,0.735744413970489,0.7881078005807196,0.735522738700176
1.335,0.8036012004001334,0.7904179604746474,0.7802434144714906,0.7999333111037013,0.7370701812182316,0.7911093219106118,0.7368418245439713
1.34,0.808269423141047,0.7934443279558322,0.7835945315105035,0.8032677559186395,0.7383742528790885,0.7940824429291493,0.738154331419674
1.345,0.8119373124374791,0.7964179584719764,0.7869289763254418,0.806268756252084,0.7396743192008279,0.7970271625759325,0.7394602921400244
1.35,0.8149383127709237,0.7993441924752356,0.7899133044348117,0.8089529843281094,0.7409880704312186,0.7999434855854348,0.7407597393541085
1.355,0.8172724241413805,0.8021803063483627,0.792597532510837,0.8119373124374791,0.7422787909616848,0.8028314224058049,0.7420527055481743
1.36,0.8209403134378126,0.8049893841824493,0.7952317439146382,0.8142880960320106,0.7435428092313714,0.8056909891167475,0.7433392230464442
1.365,0.8222740913637879,0.8077891162252614,0.7982494164721574,0.8176058686228743,0.7448311933140203,0.808522207346527,0.7446193240119223
1.37,0.8259419806602201,0.810508407707474,0.8012504168056019,0.820273424474825,0.7460815266750583,0.8113251041881476,0.7458930404471997
1.375,0.827942647549183,0.8132644147982593,0.804268089363121,0.8226242080693564,0.7473215129100432,0.8140997121147581,0.7471604041952535
1.3800000000000001,0.8302767589196399,0.8160424512541885,0.8072524174724909,0.8259419806602201,0.748591205410146,0.8168460688943343,0.7484214469402435
1.385,0.8322774258086029,0.8186893128540321,0.8099366455485162,0.8282927642547515,0.7498315254233892,0.8195642175036846,0.7496762002083039
1.3900000000000001,0.8352784261420474,0.8213802331841676,0.812270756918973,0.8309436478826275,0.7510451431758516,0.822254206041831,0.7509246953683318
1.395,0.837945981993998,0.8240240907796759,0.8155885295098366,0.8336112037345782,0.7523275192498265,0.8249160876428107,0.7521669636327712
1.4000000000000001,0.8416138712904302,0.8266282287622724,0.8176058686228743,0.8362787595865289,0.7535524854631227,0.8275499203879494,0.7534030360583935
1.405,0.8436145381793931,0.8292553974447938,0.8199399799933311,0.8389463154384795,0.7548171712893292,0.8301557672176505,0.7546329435470737
1.41,0.8452817605868623,0.8318051295710505,0.8222740913637879,0.8412804268089363,0.7560297877070155,0.83273369584275,0.7558567168465629
1.415,0.8486162054018006,0.8343358363365022,0.8246082027342447,0.843947982660887,0.7572847939636872,0.8352837786554812,0.7570743865512576
1.42,0.8499499833277759,0.836839173284655,0.8276092030676893,0.8462987662554184,0.7584893997031354,0.837806092640095,0.7582859831029636
1.425,0.8532844281427142,0.839316141750287,0.8296098699566522,0.8489663221073691,0.7597083579077566,0.8403007192831831,0.7594915367916579
1.43,0.8562854284761587,0.8417891048768,0.8326108702900967,0.8516172057352451,0.7608989449602984,0.8427677444837458,0.7606910777562454
1.435,0.8576192064021341,0.8442453790903265,0.8349449816605535,0.8539513171057019,0.762095873799775,0.8452072584630503,0.761884635985313
1.44,0.8592864288096032,0.8466629350257239,0.8376125375125042,0.8559519839946649,0.7632897986349132,0.847619355674321,0.7630722413178782
1.445,0.8609536512170723,0.8490324268917139,0.8396132044014671,0.8579526508836278,0.7645030826091174,0.850004134712306,0.7642539234441365
1.45,0.8629543181060353,0.8513638680360912,0.8419473157719239,0.8606202067355785,0.7656703051834761,0.8523616982227611,0.7654297119062023
1.455,0.863621207069023,0.8537483799237723,0.8442814271423807,0.8626375458486162,0.7668338561969763,0.8546921528118927,0.7665996360988487
1.46,0.8666222074024675,0.8560527850291115,0.8466155385128377,0.8649549849949983,0.7679840560800885,0.8569956089557991,0.7677637252702412
1.465,0.867622540846949,0.85830311805637,0.8489329776592198,0.8672890963654551,0.7691399301936142,0.859272180909952,0.7689220085226698
1.47,0.869623207735912,0.8605561213097046,0.8516172057352451,0.8692897632544181,0.7702574198072688,0.8615219866187558,0.7700745148132762
1.475,0.8742914304768256,0.8627547187067023,0.8536178726242081,0.8712904301433811,0.7713962712295477,0.8637451476252235,0.7712212729547776
1.48,0.8762920973657886,0.8649716739079868,0.8559353117705902,0.8739579859953318,0.7725578195734913,0.8659417889808082,0.7723623116161873
1.485,0.8786262087362454,0.8671615930702292,0.8582860953651217,0.8759586528842948,0.7736682998436911,0.8681120391554245,0.7734976593235312
1.49,0.8809603201067022,0.8693054508326252,0.8606202067355785,0.8782927642547516,0.7748225050659193,0.8702560299476982,0.7746273444605613
1.495,0.8826275425141714,0.8713999094125803,0.8626208736245415,0.8803101033677893,0.7759009426231831,0.8723738963954811,0.7757513952694647
1.5,0.8849616538846282,0.8734496417057279,0.8642880960320106,0.8822940980326776,0.7770271104715927,0.8744657766866598,0.7768698398515702
1.5050000000000001,0.887295765255085,0.8754706690685338,0.8662887629209737,0.8842947649216405,0.7781312489548575,0.8765318120703005,0.7779827061680507
1.51,0.8896298766255418,0.8775013760008743,0.8689563187729243,0.8859786595531843,0.7792313820990036,0.8785721467681554,0.7790900220406218
1.5150000000000001,0.8916305435145049,0.8794833513072918,0.8706235411803934,0.8882960986995665,0.7803174965562434,0.8805869278865701,0.7801918151522383
1.52,0.8929643214404802,0.8814876897571133,0.8726242080693565,0.8906302100700233,0.7813832505396371,0.8825763053288167,0.7812881130477852
1.5250000000000001,0.8939646548849617,0.8834646583896335,0.8749583194398133,0.8926308769589864,0.7824750392272893,0.8845404317078894,0.7823789431347672
1.53,0.8959653217739246,0.885416927430932,0.8772924308102701,0.8946315438479493,0.7835391243193838,0.8864794622597888,0.783464332683993
1.5350000000000001,0.8976325441813938,0.8873141230593714,0.8789429809936646,0.8963154384794931,0.7846208996592471,0.8883935547573263,0.7845443088302579
1.54,0.8996332110703568,0.8891876204313691,0.8812770923641214,0.8979659886628877,0.7857046776686648,0.8902828694244757,0.785618898573022
1.545,0.9016338779593198,0.8910761378250546,0.8829609869956653,0.9003001000333445,0.7867427280564986,0.8921475688513005,0.7866881287770848
1.55,0.9023007669223074,0.8929319449492846,0.8846282094031344,0.9016505501833945,0.7878311789615552,0.8939878179094843,0.7877520261732569
1.555,0.9033011003667889,0.8947370177780309,0.8866288762920974,0.9036345448482828,0.7888969329449503,0.8958037836684882,0.7888106173590288
1.56,0.9059686562187396,0.8965477648371954,0.8882960986995665,0.905301767255752,0.7899610180370438,0.8975956353123637,0.7898639287992353
1.565,0.9083027675891964,0.8983074438226167,0.8899633211070357,0.9073024341447149,0.7910167586726448,0.899363544057242,0.790911986826717
1.57,0.9103034344781594,0.9000674565862978,0.8916138712904302,0.9086362120706902,0.792069161525647,0.9011076830695275,0.7919548176429796
1.575,0.9119706568856285,0.9017864146240273,0.8932810936978993,0.9103034344781594,0.7930948621178702,0.9028282273848142,0.7929924473188473
1.58,0.9139713237745916,0.903479671735756,0.8946315438479493,0.9116372124041348,0.7941239004926907,0.9045253538275505,0.7940249017951165
1.585,0.9163054351450484,0.9051348781258743,0.8962987662554185,0.9133044348116038,0.7951759695674331,0.9061992409314716,0.7950522068832027
1.59,0.9183061020340113,0.9067770671638637,0.8982994331443814,0.9153051017005669,0.7961986661553182,0.9078500688608213,0.7960743882657866
1.595,0.9206402134044681,0.9083862121541363,0.9003001000333445,0.9166388796265422,0.7972413894387889,0.9094780193323824,0.797091471497456
1.6,0.9219739913304434,0.9099966922574468,0.9016338779593198,0.9183061020340113,0.7982387188789325,0.9110832755383343,0.7981034820053446
1.605,0.922974324774925,0.9115974927912236,0.9033011003667889,0.9199733244414805,0.7992647532494156,0.9126660220699576,0.7991104450897679
1.61,0.9239746582194065,0.9131629128294689,0.9049683227742581,0.9216405468489497,0.8002567422374041,0.9142264448422011,0.8001123859248556
1.615,0.9246415471823941,0.9146906159243596,0.906968989663221,0.9233244414804934,0.8012307071993644,0.9157647310191285,0.8011093295591803
1.62,0.9259753251083694,0.9162109758975384,0.9083027675891964,0.9246415471823941,0.8022230299656113,0.9172810689402631,0.8021013009163853
1.625,0.9263087695898633,0.9177012958273388,0.9099699899966656,0.9263087695898633,0.8032053393840659,0.9187756480478407,0.8030883247958059
1.6300000000000001,0.9273091030343448,0.9192089722266454,0.9116372124041348,0.9273091030343448,0.8041622816547788,0.9202486588149904,0.8040704258730906
1.635,0.9279759919973325,0.9206188515958436,0.9129543181060354,0.9286595531843947,0.8051485964123509,0.9217002926748533,0.8050476287008175
1.6400000000000001,0.9293097699233077,0.9220187176172515,0.9143047682560853,0.9303101033677893,0.8060871808787776,0.923130741950654,0.8060199577091081
1.645,0.9303101033677893,0.9234452858994378,0.9159719906635545,0.9313104368122708,0.8070761658624268,0.9245401997867359,0.8069874372062382
1.6500000000000001,0.9313104368122708,0.9248141105426874,0.917622540846949,0.9326442147382461,0.8080207583375308,0.9259288600805727,0.8079500913792459
1.655,0.9339779926642214,0.9262039632162997,0.9186395465155052,0.9339779926642214,0.8090134148820389,0.9272969174157665,0.8089079442945354
1.6600000000000001,0.9356452150716905,0.92754441670747,0.9199733244414805,0.9356452150716905,0.8099790353875055,0.9286445669960426,0.8098610198984795
1.665,0.9363121040346782,0.9289072333420447,0.9216405468489497,0.9369789929976658,0.8109139482930751,0.9299720045802496,0.810809342018018
1.67,0.9376458819606536,0.9302079672203053,0.9226408802934312,0.9379959986662221,0.8118438545247482,0.9312794264183756,0.8117529343612532
1.675,0.9393131043681227,0.9314749894943289,0.9239746582194065,0.9393131043681227,0.812820489712787,0.932567029188586,0.812691820518043
1.68,0.940646882294098,0.9327473522205085,0.924974991663888,0.9403134378126042,0.8137774319834998,0.9338350099352913,0.81362602396059
1.685,0.9409803267755918,0.9340040273684815,0.9266422140713572,0.9416472157385796,0.8147310364716166,0.9350835660082533,0.8145555680440291
1.69,0.9429809936645549,0.9352293273600364,0.9276425475158386,0.942647549183061,0.815645255125082,0.9363128950027311,0.8154804760070107
1.695,0.9436478826275425,0.936394547264837,0.928976325441814,0.9436478826275425,0.8165658155654824,0.9375231947006787,0.8164007709722821
1.7,0.946648882960987,0.937566108956572,0.9302934311437147,0.9449816605535178,0.8175000609145325,0.938714663012992,0.8173164759472653
1.705,0.9476492164054685,0.9387256546309574,0.9313104368122708,0.9463154384794932,0.8184219564679726,0.9398874979228163,0.8182276138246325
1.71,0.9493164388129376,0.9398718491749511,0.9323107702567522,0.9473157719239746,0.8193104741954361,0.941041897429911,0.8191342073828779
1.715,0.9506502167389129,0.9410000196929167,0.9333111037012337,0.94864954984995,0.8201926501359649,0.9421780594960799,0.8200362792868878
1.72,0.9513171057019006,0.9420851328153762,0.934644881627209,0.9496665555185061,0.8210815016416869,0.943296181991667,0.8209338520885068
1.725,0.9516505501833945,0.9431719148291334,0.9359619873291097,0.9506502167389129,0.8219560006822413,0.9443964626431184,0.8218269482271016
1.73,0.9533177725908636,0.9442426754864218,0.9369623207735912,0.9513337779259753,0.8228959202617071,0.9454790989816151,0.8227155900301222
1.735,0.9556518839613204,0.9453197779306474,0.9379793264421474,0.9523341113704568,0.8237687504109643,0.9465442882927726,0.82359979971366
1.74,0.9556518839613204,0.9464052248313664,0.9389796598866289,0.9536512170723574,0.8246288969863503,0.947592227567412,0.8244795993830032
1.745,0.9563187729243081,0.9474422738844218,0.9399799933311104,0.9546515505168389,0.8255210862746708,0.9486231134533987,0.8253550110331891
1.75,0.9573191063687896,0.9484579611288525,0.9409803267755918,0.9550016672224074,0.8264172809021098,0.9496371422085492,0.8262260565495548
1.7550000000000001,0.9579859953317773,0.9494499501168399,0.9419806602200733,0.9559853284428143,0.8273171470904058,0.9506345096546052,0.8270927577082836
1.76,0.9586528842947649,0.9504446093309061,0.9433144381460487,0.9569856618872957,0.8281883083483609,0.9516154111322704,0.8279551361769495
1.7650000000000001,0.9593197732577526,0.9514546223449195,0.9443147715905301,0.9579859953317773,0.8290774936323443,0.952580041457311,0.8288132135150591
1.77,0.9599866622207403,0.9524289210851393,0.9453151050350117,0.9589863287762588,0.829921285073002,0.9535285948777139,0.8296670111745905
1.7750000000000001,0.9606535511837279,0.9533568246472545,0.9463154384794932,0.9599866622207403,0.8307807640918679,0.9544612650319013,0.83051655050053
1.78,0.962320773591197,0.954290068661525,0.9472990996999,0.9606535511837279,0.8316262244238226,0.9553782449079958,0.8313618527314045
1.7850000000000001,0.9633211070356785,0.9552072913193289,0.9479826608869624,0.9613371123707902,0.832457332290609,0.9562797268041342,0.8322029389998141
1.79,0.9639879959986662,0.9561054886163257,0.9489829943314438,0.962320773591197,0.8332697485748505,0.9571659022898227,0.8330398303329594
1.795,0.9649883294431477,0.9569809889916596,0.9499833277759253,0.9633211070356785,0.8341041942242347,0.9580369621683305,0.833872547653167
1.8,0.9649883294431477,0.957892537419047,0.9509836612204068,0.9640046682227409,0.834941310099697,0.9588930964401139,0.8347011117784134
1.805,0.966322107369123,0.9587353275249249,0.9519839946648883,0.9646715571857285,0.8357994540055238,0.9597344942672679,0.8355255434228451
1.81,0.9669889963321107,0.9595717758438669,0.9529843281093698,0.9653217739246416,0.8366031920550095,0.9605613439389953,0.836345863197296
1.815,0.9673224408136045,0.9603888650237434,0.9539846615538513,0.966322107369123,0.8374269568000803,0.961373832838091,0.837162091609803
1.82,0.9676558852950984,0.9612226431166062,0.9549683227742581,0.9673224408136045,0.8382183450539559,0.9621721474084295,0.8379742490661193
1.825,0.9686562187395799,0.9620370620704056,0.9556518839613204,0.9679893297765922,0.8390437786903275,0.9629564731234524,0.8387823558702232
1.83,0.9689896632210737,0.9628317881068786,0.956652217405802,0.9686562187395799,0.8398655407658413,0.9637269944556455,0.8395864322248272
1.835,0.9693231077025676,0.9635814540782854,0.9573191063687896,0.9696565521840613,0.8406699463718471,0.9644838948469986,0.8403864982318819
1.84,0.9706568856285428,0.9643788503408371,0.9583194398132711,0.970323441147049,0.8414636710735407,0.9652273566804396,0.8411825738930794
1.845,0.9716572190730244,0.9651275149774655,0.9589863287762588,0.9706735578526174,0.842258063331755,0.9659575612522333,0.8419746791103522
1.85,0.9719906635545181,0.9658728418314951,0.9599866622207403,0.9716572190730244,0.8430487840291112,0.966674688745337,0.8427628336863724
1.855,0.9729909969989997,0.9665998108812386,0.9606535511837279,0.9719906635545181,0.8438097984613496,0.9673789182037031,0.8435470573250452
1.86,0.9729909969989997,0.9672760456355003,0.9613204401467156,0.9729909969989997,0.8445875018065752,0.9680704275075186,0.8443273696320027
1.865,0.9736578859619873,0.9679599572897354,0.9619873291097032,0.9733244414804935,0.8453672078213598,0.9687493933493739,0.845103790115093
1.87,0.974324774924975,0.9686418662744118,0.9626542180726909,0.9739913304434812,0.8461198777971044,0.9694159912113475,0.8458763381848686
1.875,0.9749916638879627,0.9692960716635279,0.9633211070356785,0.9746582194064688,0.8468982486988499,0.9700703953429989,0.8466450331550716
1.8800000000000001,0.9753251083694565,0.969955951283059,0.9639879959986662,0.9753417805935312,0.8476939760701023,0.97071277874026,0.8474098942431161
1.885,0.9759919973324441,0.9706211713547473,0.9649883294431477,0.9759919973324441,0.8484599971762349,0.9713433131252095,0.8481709405705694
1.8900000000000001,0.976325441813938,0.9712440015874466,0.9656552184061353,0.9766755585195065,0.8492103307041621,0.9719621689267264,0.8489281911636292
1.895,0.9766588862954318,0.9718634940375495,0.966322107369123,0.9773257752584195,0.8499539886668928,0.9725695152620052,0.8496816649535996
1.9000000000000001,0.9773257752584195,0.9724756433659375,0.9669889963321107,0.9776592197399133,0.8506966452948435,0.9731655199189251,0.8504313807773649
1.905,0.9779926642214072,0.9730557499813904,0.9676558852950984,0.9783261087029009,0.8514035876490029,0.9737503493392613,0.8511773573778596
1.9100000000000001,0.9786595531843948,0.9736245081360111,0.968322774258086,0.9786595531843948,0.8521272189161482,0.9743241686027261,0.8519196134045376
1.915,0.9796598866288763,0.9741899285080352,0.9689896632210737,0.9793264421473825,0.8528725457701773,0.9748871414118279,0.852658167413838
1.92,0.9806602200733577,0.9747476719800847,0.9696565521840613,0.9796598866288763,0.8536212104068056,0.975439430077537,0.8533930378696498
1.925,0.9806602200733577,0.9752867238695884,0.970323441147049,0.980326775591864,0.8543525185739265,0.975981195505747,0.8541242431437727
1.93,0.9816605535178393,0.9758327851025441,0.9709903301100367,0.9809936645548516,0.8550768173975913,0.9765125971845163,0.8548518015163763
1.935,0.9826608869623208,0.9763888596832933,0.9713237745915305,0.9813437812604201,0.8558194740255429,0.9770337931720826,0.855575731176458
1.94,0.9829943314438147,0.9768911959642216,0.9719906635545181,0.9816605535178393,0.8565454417405082,0.977544940085632,0.856296050222297
1.945,0.9829943314438147,0.9773921971321112,0.9726575525175059,0.9823274424808269,0.8572483787555475,0.9780461930908174,0.8570127766619071
1.95,0.9829943314438147,0.9778831849522086,0.9729909969989997,0.9829943314438147,0.8579750140270315,0.9785377058920063,0.8577259284134864
1.955,0.9833277759253084,0.978391529241811,0.9733244414804935,0.9833277759253084,0.8586589256812666,0.9790196307232517,0.858435523305866
1.96,0.9836612204068023,0.97886582814892,0.9739913304434812,0.9836612204068023,0.8593465088963587,0.9794921183399687,0.8591415790789549
1.965,0.9836612204068023,0.9793461350647049,0.9746582194064688,0.9839946648882961,0.8600451067940235,0.9799553180113086,0.8598441133841846
1.97,0.9839946648882961,0.9798064152849043,0.9753084361453819,0.98432810936979,0.8607376966830124,0.9804093775132123,0.8605431437849491
1.975,0.9839946648882961,0.9802666955051038,0.9756585528509503,0.9846615538512837,0.86140391808948,0.9808544431221368,0.8612386877570448
1.98,0.98432810936979,0.9807082841427581,0.9759919973324441,0.9853284428142715,0.8621242115740281,0.9812906596094351,0.8619307626891072
1.985,0.9853284428142715,0.981117496289217,0.9766588862954318,0.9856618872957652,0.8628137974586787,0.9817181702363835,0.8626193858830458
1.99,0.9856618872957652,0.9815620889312098,0.9769923307769256,0.9859953317772591,0.8635053860128876,0.9821371167498377,0.8633045745544762
1.995,0.9859953317772591,0.9819773090863451,0.9773257752584195,0.9863287762587529,0.8641789505410713,0.9825476393785078,0.8639863458331508
2.0,0.9866622207402468,0.9823751727719717,0.9776592197399133,0.9866622207402468,0.8648822213343721,0.982949876829839,0.8646647167633873
2.005,0.9869956652217405,0.982770366231521,0.9779926642214072,0.9873291097032344,0.8655611263147113,0.9833439662874862,0.8653397043044941
2.0100000000000002,0.9876625541847283,0.9831585503476155,0.9783261087029009,0.9873291097032344,0.8662437028559069,0.9837300434093658,0.8660113253311951
2.015,0.9876625541847283,0.983540058898515,0.9789929976658887,0.9876625541847283,0.8669176011623492,0.9841082423262771,0.8666795966340506
2.02,0.9883294431477159,0.9839178958885566,0.9796598866288763,0.9879959986662221,0.867585491460116,0.9844786956410768,0.8673445349198783
2.025,0.9886628876292097,0.984288723535144,0.9799933311103701,0.9883294431477159,0.8682557182057015,0.9848415344283958,0.8680061568121697
2.0300000000000002,0.9889963321107036,0.9846378555948461,0.9806435478492831,0.9886628876292097,0.868927280064326,0.9851968882348836,0.868664478851507
2.035,0.9889963321107036,0.9849799783110945,0.9809936645548516,0.9889963321107036,0.8695878272403783,0.9855448850799705,0.8693195174959749
2.04,0.9896632210736912,0.985321767249081,0.9813271090363455,0.9893297765921975,0.8702270126078063,0.9858856514571334,0.8699712891215741
2.045,0.9896632210736912,0.9856882557782897,0.9816438812937647,0.9896632210736912,0.870906251366405,0.9862193123356504,0.8706198100226289
2.05,0.9903301100366789,0.9860227015945607,0.9819939979993331,0.9899966655551851,0.8715370922773399,0.9865459911628383,0.8712650964121957
2.055,0.9906635545181727,0.9863474678413,0.9823274424808269,0.9903301100366789,0.8721802829838853,0.9868658098667518,0.8719071644224681
2.06,0.9913304434811604,0.9866498709446352,0.9826608869623208,0.9903301100366789,0.8727910971992334,0.98717888885934,0.8725460301051793
2.065,0.9916638879626543,0.986964623843582,0.9829943314438147,0.9906635545181727,0.8734316176796996,0.9874853470400434,0.8731817094320049
2.07,0.9916638879626543,0.9872630216078007,0.9833277759253084,0.9909969989996665,0.8740684665993095,0.9877853017998203,0.8738142182949612
2.075,0.9916638879626543,0.987576105615449,0.9836612204068023,0.9909969989996665,0.8746499083277998,0.9880788690255904,0.8744435725068028
2.08,0.991997332444148,0.987869830484031,0.9839946648882961,0.991347115705235,0.8753127919516719,0.9883661631050852,0.8750697878014175
2.085,0.991997332444148,0.9881525406700398,0.98432810936979,0.9916638879626543,0.8759546475451772,0.9886472969320906,0.8756928798342206
2.09,0.9923307769256419,0.9884202308343607,0.9846448816272091,0.991997332444148,0.8765541132996948,0.9889223819120728,0.8763128641825452
2.095,0.9926642214071357,0.9887152908159813,0.9849949983327776,0.9923307769256419,0.8771559155020305,0.9891915279681723,0.8769297563460323
2.1,0.9926642214071357,0.9889883214324605,0.9853284428142715,0.9923307769256419,0.8777660621608592,0.9894548435475585,0.8775435717470181
2.105,0.9929976658886296,0.9892516724794068,0.9856618872957652,0.9926642214071357,0.8783691994762339,0.9897124356281312,0.8781543257309197
2.11,0.9929976658886296,0.9895103506307164,0.9859953317772591,0.9929976658886296,0.8789723367916096,0.9899644097255562,0.8787620335666183
2.115,0.9933311103701233,0.989775036790701,0.9863287762587529,0.9929976658886296,0.8795607878635551,0.990210869900628,0.8793667104468418
2.12,0.9933311103701233,0.9900227002594388,0.9866622207402468,0.9933311103701233,0.8801672629615284,0.9904519187669439,0.8799683714885432
2.125,0.9936645548516172,0.9902633543847221,0.9869956652217405,0.9933311103701233,0.8807553802552145,0.9906876574988824,0.8805670317332803
2.13,0.9936645548516172,0.9904986680578499,0.9873291097032344,0.9936645548516172,0.8813701998096798,0.990918185839872,0.8811627061475904
2.1350000000000002,0.9939979993331111,0.9907286412788211,0.9876458819606536,0.9939979993331111,0.8819543117642475,0.9911436021109418,0.8817554096233646
2.14,0.9939979993331111,0.9909599496128318,0.9876625541847283,0.9939979993331111,0.8825651259795959,0.9913640032195423,0.8823451569782208
2.145,0.9943314438146049,0.9911772392599326,0.9879959986662221,0.9943314438146049,0.8831525757167625,0.9915794846686268,0.8829319629558736
2.15,0.9943314438146049,0.9913828466679421,0.9883294431477159,0.9943314438146049,0.8837477023539027,0.991790140565981,0.883515842226503
2.1550000000000002,0.9943314438146049,0.9915914580802896,0.9883294431477159,0.9946648882960987,0.8843191307346016,0.9919960636337949,0.8840968093871213
2.16,0.9943314438146049,0.9917973992665585,0.9886628876292097,0.9946815605201733,0.8849075818065466,0.9921973452184614,0.8846748789619375
2.165,0.9949983327775925,0.9919976662224126,0.9889963321107036,0.9949983327775925,0.8854703319524921,0.9923940753005966,0.8852500654027212
2.17,0.9949983327775925,0.9921905900565512,0.9889963321107036,0.9949983327775925,0.8860277416462812,0.9925863425052701,0.8858223830891635
2.1750000000000003,0.9949983327775925,0.9923858503385076,0.9893297765921975,0.9953317772590864,0.8865944971313426,0.9927742341124338,0.8863918463292363
2.18,0.9949983327775925,0.9925700959378922,0.9896632210736912,0.9953317772590864,0.887177273972873,0.992957836067545,0.8869584693595501
2.185,0.9953317772590864,0.9927696953372256,0.9899966655551851,0.9956652217405801,0.8877410254535969,0.9931372329923678,0.8875222663457104
2.19,0.9953317772590864,0.9929526058235716,0.9903301100366789,0.9956652217405801,0.8882947635865288,0.9933125081959508,0.8880832513826711
2.195,0.9953317772590864,0.9931345149751377,0.9903301100366789,0.9956652217405801,0.8888581812889924,0.9934837436857653,0.8886414384950874
2.2,0.9953317772590864,0.9932897218659233,0.9906635545181727,0.995998666222074,0.8894396230174845,0.9936510201790003,0.8891968416376661
2.205,0.9953317772590864,0.9934475989827868,0.9906635545181727,0.995998666222074,0.8899963651547521,0.9938144171140035,0.8897494746955148
2.21,0.9953317772590864,0.9936094814387672,0.9909969989996665,0.9963321107035679,0.8905140552356297,0.9939740126618601,0.8902993514844886
2.215,0.9953317772590864,0.9937680261121498,0.9913304434811604,0.9963321107035679,0.8910684609250797,0.9941298837381006,0.8908464857515359
2.22,0.9953317772590864,0.9939365841333259,0.9913304434811604,0.9963321107035679,0.8916288746232058,0.9942821060145306,0.891390891175042
2.225,0.9956652217405801,0.9940994679240849,0.9916638879626543,0.9966655551850617,0.8921772723039811,0.9944307539311732,0.8919325813651707
2.23,0.9956652217405801,0.9942416574627395,0.9916638879626543,0.9966655551850617,0.8927203295325997,0.9945759007083178,0.8924715698642051
2.235,0.9956652217405801,0.9944025385839406,0.991997332444148,0.9969989996665555,0.8932476991830108,0.994717618358665,0.8930078701468855
2.24,0.9963321107035679,0.9945417241182569,0.991997332444148,0.9969989996665555,0.8937847484029546,0.994855977699564,0.8935414956207473
2.245,0.9966655551850617,0.9946842474351709,0.9923307769256419,0.9969989996665555,0.8943161233924817,0.9949910483653304,0.8940724596264547
2.25,0.9973324441480493,0.9948190938521104,0.9923307769256419,0.9969989996665555,0.8948668575210756,0.9951228988196408,0.8946007754381357
2.255,0.9973324441480493,0.9949492673734143,0.9926642214071357,0.9973324441480493,0.8954029054062406,0.9952515963679961,0.8951264562637131
2.2600000000000002,0.9973324441480493,0.995073099107781,0.9926642214071357,0.9973324441480493,0.8958892203307022,0.9953772071702457,0.8956495152452351
2.265,0.9973324441480493,0.9952056090769018,0.992980993664555,0.9973324441480493,0.8964225979897887,0.9954997962531662,0.896169965459203
2.27,0.9973324441480493,0.9953314434808278,0.9929976658886296,0.997349116372124,0.8969322773924318,0.99561942752309,0.8966878199168998
2.275,0.9976658886295432,0.9954512698760775,0.9929976658886296,0.9976658886295432,0.8974603145993606,0.995736163778573,0.8972030915647136
2.2800000000000002,0.9976658886295432,0.9955687598235102,0.9933311103701233,0.9976658886295432,0.8979853478019536,0.9958500667231005,0.8977157932844626
2.285,0.9976658886295432,0.9956779053144483,0.9933311103701233,0.9976658886295432,0.8985017027697924,0.9959611969778205,0.8982259378937163
2.29,0.9976658886295432,0.9957840468010491,0.9933311103701233,0.9976658886295432,0.8989880176942535,0.9960696140943003,0.8987335381461166
2.295,0.9976658886295432,0.9958891869528699,0.9936645548516172,0.9979993331110371,0.899495694427338,0.9961753765673022,0.8992386067316963
2.3000000000000003,0.9976658886295432,0.9960083457916001,0.9936645548516172,0.9979993331110371,0.8999870160256953,0.9962785418475695,0.8997411562771963
2.305,0.9976658886295432,0.9961118170521228,0.9939979993331111,0.9979993331110371,0.9004883509718455,0.9963791663546189,0.9002411993463814
2.31,0.9976658886295432,0.996216623425684,0.9939979993331111,0.9979993331110371,0.900986681913657,0.9964773054895343,0.9007387484403544
2.315,0.9976658886295432,0.9962990666558419,0.9943314438146049,0.9983327775925308,0.9014830101859113,0.9965730136477557,0.9012338159978684
2.32,0.9976658886295432,0.9963988663555075,0.9943314438146049,0.9983327775925308,0.9019820086842422,0.9966663442318595,0.9017264143956385
2.325,0.9979993331110371,0.996495328272576,0.9943314438146049,0.9983327775925308,0.9024573089261316,0.996757349664323,0.9022165559486499
2.33,0.9979993331110371,0.996586115959228,0.9943314438146049,0.9983327775925308,0.9029319416115006,0.9968460814002702,0.9027042529104672
2.335,0.9979993331110371,0.9966829116545559,0.9946648882960987,0.9983494498166054,0.9034139174185851,0.996932589940195,0.9031895174735398
2.34,0.9979993331110371,0.9967696940020913,0.9946648882960987,0.9986662220740247,0.9038955594474108,0.9970169248426538,0.9036723617695069
2.345,0.9979993331110371,0.9968618168017829,0.9949983327775925,0.9986662220740247,0.9043388169763644,0.9970991347369268,0.9041527978695013
2.35,0.9979993331110371,0.996948265371059,0.9949983327775925,0.9986662220740247,0.9047924216313682,0.9971792673356418,0.9046308377844504
2.355,0.9979993331110371,0.9970373841664131,0.9949983327775925,0.9986662220740247,0.9052413533907369,0.9972573694473564,0.9051064934653769
2.36,0.9983327775925308,0.9971291731878454,0.9953151050350117,0.9989996665555185,0.9057059727283147,0.9973334869890969,0.9055797768036976
2.365,0.9983327775925308,0.997205608409329,0.9953317772590864,0.9989996665555185,0.9061739298484888,0.9974076649988448,0.9060506996315209
2.37,0.9983327775925308,0.9972840463003709,0.9953317772590864,0.9989996665555185,0.9066579083251309,0.9974799476479747,0.9065192737219415
2.375,0.9986662220740247,0.9973564761827375,0.9953317772590864,0.9989996665555185,0.9071328747887601,0.9975503782536324,0.9069855107893365
2.38,0.9986662220740247,0.9974359154085588,0.9956652217405801,0.9989996665555185,0.9075764660959724,0.9976189992910559,0.9074494224896568
2.3850000000000002,0.9986662220740247,0.9975036723952888,0.9956652217405801,0.9990163387795932,0.9080591094595765,0.9976858524058317,0.9079110204207188
2.39,0.9986662220740247,0.9975677578211611,0.9956652217405801,0.9993331110370124,0.908504035879828,0.997750978426086,0.9083703161224952
2.395,0.9986662220740247,0.9976465294904631,0.995998666222074,0.9993331110370124,0.9089593094261317,0.9978144173746053,0.9088273210774022
2.4,0.9986662220740247,0.9977179580380507,0.995998666222074,0.9993331110370124,0.9094235949854487,0.9978762084808865,0.9092820467105875
2.4050000000000002,0.9986662220740247,0.9977877176943396,0.995998666222074,0.9993331110370124,0.9098748631926352,0.9979363901931103,0.9097345043902157
2.41,0.9986662220740247,0.9978524706767317,0.995998666222074,0.9993331110370124,0.9103501634345231,0.9979950001900375,0.9101847054277523
2.415,0.9989996665555185,0.9979118832069676,0.9963321107035679,0.9993331110370124,0.91080243297649,0.9980520753928251,0.9106326610782468
2.42,0.9989996665555185,0.9979676241763467,0.9963321107035679,0.9993331110370124,0.9112560376314957,0.9981076519767592,0.9110783825406137
2.4250000000000003,0.9989996665555185,0.9980176909153097,0.9963321107035679,0.9993331110370124,0.9117022991647862,0.9981617653829022,0.9115218809579128
2.43,0.9989996665555185,0.9980787723368445,0.9963321107035679,0.9993331110370124,0.9121352095676861,0.9982144503296534,0.9119631674176274
2.435,0.9989996665555185,0.99812583507147,0.9963321107035679,0.999349783261087,0.912568119970588,0.9982657408242188,0.9124022529519423
2.44,0.9989996665555185,0.9981822435973688,0.9966655551850617,0.9996665555185061,0.9129913508039558,0.9983156701739905,0.9128391485380187
2.445,0.9989996665555185,0.9982309752232926,0.9966655551850617,0.9996665555185061,0.9134275989894535,0.9983642709978306,0.9132738650982688
2.45,0.9989996665555185,0.9982833784100741,0.9966655551850617,0.9996665555185061,0.9138591742793142,0.9984115752372614,0.9137064135006295
2.455,0.9989996665555185,0.9983347802620762,0.9966655551850617,0.9996665555185061,0.9142817375561634,0.9984576141675565,0.9141368045588332
2.46,0.9989996665555185,0.9983791727706236,0.9969823274424808,0.9996665555185061,0.9147156492938443,0.9985024184087347,0.9145650490326788
2.465,0.9989996665555185,0.9984205612748333,0.9969989996665555,0.9996665555185061,0.9151575717097582,0.9985460179364513,0.9149911576283004
2.47,0.9993331110370124,0.9984699604572771,0.9969989996665555,0.9996665555185061,0.9155981590126319,0.9985884420927894,0.9154151409984354
2.475,0.9993331110370124,0.9985260352049162,0.9969989996665555,0.9996665555185061,0.9160036995982318,0.998629719596947,0.9158370097426897
2.48,0.9993331110370124,0.998567089930866,0.9969989996665555,0.9996665555185061,0.9164038997316758,0.9986698785558183,0.9162567744078041
2.485,0.9993331110370124,0.9986108148828938,0.9973324441480493,0.9996665555185061,0.9168167834389905,0.9987089464744717,0.916674445487917
2.49,0.9993331110370124,0.9986528709436229,0.9973324441480493,0.9996665555185061,0.9172279982550068,0.9987469502665179,0.9170900334248273
2.495,0.9993331110370124,0.9986895865521958,0.9973324441480493,0.9996665555185061,0.917644887301439,0.9987839162643725,0.917503548608255
2.5,0.9993331110370124,0.9987266359390287,0.9973324441480493,0.9996832277425808,0.9180707883608858,0.9988198702294078,0.9179150013761012
2.505,0.9993331110370124,0.9987636853258617,0.9973324441480493,1.0,0.9184933516377343,0.9988548373619962,0.9183244020147066
2.5100000000000002,0.9993331110370124,0.9987900538083823,0.9973324441480493,1.0,0.9189015624494121,0.9988888423114423,0.9187317607591083
2.515,0.9993331110370124,0.998824766747397,0.9973324441480493,1.0,0.919310774595869,0.998921909185803,0.9191370877932963
2.52,0.9993331110370124,0.9988578107951126,0.9976658886295432,1.0,0.9197049667206375,0.9989540615615979,0.9195403932504675
2.525,0.9993331110370124,0.9988911886210883,0.9976658886295432,1.0,0.9200931508367313,0.9989853224934041,0.9199416872132795
2.5300000000000002,0.9993331110370124,0.9989292393427005,0.9976658886295432,1.0,0.9204890118527989,0.9990157145233405,0.920340979714102
2.535,0.9993331110370124,0.9989629509469358,0.9976658886295432,1.0,0.9208912146558025,0.999045259690438,0.9207382807352684
2.54,0.9993331110370124,0.9989926572120541,0.9976658886295432,1.0,0.9212844054457928,0.9990739795398951,0.9211336002093251
2.545,0.9993331110370124,0.9990220296989127,0.9976658886295432,1.0,0.921686608248796,0.9991018951322205,0.9215269480192793
2.5500000000000003,0.9993331110370124,0.9990410550597189,0.9976658886295432,1.0,0.9220814679300845,0.9991290270522605,0.9219183339988468
2.555,0.9993331110370124,0.9990667559857199,0.9979993331110371,1.0,0.9224576360288272,0.9991553954181126,0.9223077679326976
2.56,0.9993331110370124,0.9990944595812796,0.9979993331110371,1.0,0.9228464877014411,0.9991810198899245,0.9226952595567003
2.565,0.9993331110370124,0.9991211618420601,0.9979993331110371,1.0,0.9232276624740798,0.9992059196785773,0.9230808185581655
2.57,0.9993331110370124,0.9991481978811004,0.9979993331110371,1.0,0.9236068345771599,0.999230113554256,0.9234644545760885
2.575,0.9993331110370124,0.9991755676984005,0.9979993331110371,1.0,0.9239830026759018,0.9992536198549038,0.9238461772013897
2.58,0.9993331110370124,0.9991932579461676,0.9979993331110371,1.0,0.924369517900696,0.9992764564945624,0.9242259959771545
2.585,0.9993331110370124,0.999213284641753,0.9979993331110371,1.0,0.9247463535559575,0.9992986409715986,0.9246039203988723
2.59,0.9993331110370124,0.9992383180112349,0.9979993331110371,1.0,0.9251231892112195,0.9993201903768155,0.9249799599146731
2.595,0.9993331110370124,0.9992650202720154,0.9983161053684562,1.0,0.9255103719925332,0.9993411214014513,0.9253541239255645
2.6,0.9993331110370124,0.9992897198632373,0.9983327775925308,1.0,0.9258738565174047,0.9993614503450633,0.9257264217856661
2.605,0.9993331110370124,0.999309412780563,0.9983327775925308,1.0,0.9262330019248992,0.9993811931232999,0.9260968628024441
2.61,0.9993331110370124,0.9993314421457069,0.9983327775925308,1.0,0.9265834690976394,0.9994003652755584,0.9264654562369429
2.615,0.9993331110370124,0.9993518026195519,0.9983327775925308,1.0,0.9269456185094719,0.9994189819725319,0.9268322113040178
2.62,0.9996665555185061,0.9993691590890593,0.9983327775925308,1.0,0.9272824007735638,0.9994370580236428,0.9271971371725645
2.625,0.9996665555185061,0.999391522232463,0.9983327775925308,1.0,0.9276739226722547,0.9994546078843661,0.9275602429657486
2.63,0.9996665555185061,0.9994118827063081,0.9983327775925308,1.0,0.928036072084087,0.9994716456634417,0.9279215377612339
2.6350000000000002,0.9996665555185061,0.9994312418453739,0.9983327775925308,1.0,0.9284032281698161,0.9994881851299751,0.9282810305914092
2.64,0.9996665555185061,0.9994469294235826,0.9983327775925308,1.0,0.92873667265131,0.9995042397204301,0.9286387304436139
2.645,0.9996665555185061,0.9994622832235313,0.9986662220740247,1.0,0.9290774602545178,0.9995198225455121,0.928994646260363
2.65,1.0,0.9994816423625972,0.9986662220740247,1.0,0.9294119060707913,0.999534946396942,0.9293487869395705
2.6550000000000002,1.0,0.9994976637190656,0.9986662220740247,1.0,0.929760704352234,0.9995496237541236,0.9297011613347715
2.66,1.0,0.9995076770668582,0.9986662220740247,1.0,0.9301121728597549,0.999563866790704,0.9300517782553447
2.665,1.0,0.9995253673146254,0.9986662220740247,1.0,0.9304589684716393,0.9995776873810266,0.9304006464667309
2.67,1.0,0.9995390522232752,0.9986662220740247,1.0,0.9308207841052126,0.999591097106481,0.9307477746906541
2.6750000000000003,1.0,0.9995544060232241,0.9986662220740247,1.0,0.9311612379301614,0.9996041072617461,0.9310931716053374
2.68,1.0,0.9995674233753546,0.9986662220740247,1.0,0.9315010241985907,0.9996167288609308,0.9314368458457221
2.685,1.0,0.9995781042796668,0.9986662220740247,1.0,0.9318374726844225,0.9996289726436114,0.9317788060036819
2.69,1.0,0.9995881176274595,0.9986662220740247,1.0,0.9321565647007475,0.9996408490807672,0.9321190606282386
2.695,1.0,0.9996058078752267,0.9986662220740247,1.0,0.9324896754039814,0.9996523683806149,0.9324576182257754
2.7,1.0,0.9996194927838766,0.9989996665555185,1.0,0.9328104363116044,0.9996635404943427,0.9327944872602503
2.705,1.0,0.9996318425794877,0.9989996665555185,1.0,0.9331518914713327,0.9996743751217457,0.9331296761534063
2.71,1.0,0.9996441923750987,0.9989996665555185,1.0,0.9334796617224107,0.9996848817167625,0.9334631932849832
2.715,1.0,0.9996555408359304,0.9989996665555185,1.0,0.9338094346430476,0.9996950694929142,0.9337950469929268
2.72,1.0,0.9996698933011001,0.9989996665555185,1.0,0.934147218241918,0.999704947428648,0.9341252455735971
2.725,1.0,0.9996779039793342,0.9989996665555185,1.0,0.9344699818190995,0.9997145242725852,0.9344537972819756
2.73,1.0,0.9996862484358281,0.9989996665555185,1.0,0.9347950818440983,0.9997238085486735,0.9347807103318725
2.735,1.0,0.9996999333444782,0.9989996665555185,1.0,0.9351245209864746,0.9997328085612485,0.9351059928961307
2.74,1.0,0.9997092791357514,0.9989996665555185,1.0,0.9354496210114737,0.9997415324000001,0.9354296531068316
2.745,1.0,0.9997172898139856,0.9989996665555185,1.0,0.9357433458800565,0.9997499879448503,0.9357516990554969
2.75,1.0,0.9997269693835186,0.9989996665555185,1.0,0.936053092105107,0.9997581828707384,0.9360721387932924
2.755,1.0,0.9997333111704538,0.9989996665555185,1.0,0.9363751881257695,0.999766124652319,0.9363909803312283
2.7600000000000002,1.0,0.9997403205139088,0.9989996665555185,1.0,0.9366906085812359,0.9997738205685704,0.9367082316403593
2.765,1.0,0.9997513351964807,0.9989996665555185,1.0,0.9370006885845469,0.9997812777073171,0.9370239006519849
2.77,1.0,0.9997620161007931,0.9989996665555185,1.0,0.9373177779313128,0.9997885029696651,0.9373379952578469
2.775,1.0,0.9997666889964296,0.9989996665555185,1.0,0.9376111690216364,0.9997955030743542,0.9376505233103266
2.7800000000000002,1.0,0.9997723632268455,0.9989996665555185,1.0,0.93791891257713,0.9998022845620239,0.9379614926226417
2.785,1.0,0.9997820427963785,0.9993331110370124,1.0,0.9382163090065712,0.9998088537993991,0.9382709109690412
2.79,1.0,0.9997873832485347,0.9993331110370124,1.0,0.9385307281272591,0.9998152169833927,0.9385787860849999
2.795,1.0,0.9997937250354699,0.9993331110370124,1.0,0.9388461485827272,0.9998213801451278,0.9388851256674117
2.8000000000000003,1.0,0.9997997330441456,0.9993331110370124,1.0,0.9391508881338833,0.9998273491538807,0.9391899373747821
2.805,1.0,0.9998064086093408,0.9993331110370124,1.0,0.939450621011142,0.999833129720946,0.9394932288274196
2.81,1.0,0.9998117490614968,0.9993331110370124,1.0,0.9397603672361932,0.9998387274034227,0.9397950076076265
2.815,1.0,0.9998164219571335,0.9993331110370124,1.0,0.9400661081221274,0.999844147607927,0.9400952812598878
2.82,1.0,0.9998220961875494,0.9993331110370124,1.0,0.9403755205689188,0.999849395594226,0.9403940572910606
2.825,1.0,0.9998291055310042,0.9993331110370124,1.0,0.9406538916375532,0.999854476478802,0.9406913431705612
2.83,1.0,0.9998364486527189,0.9993331110370124,1.0,0.9409476165061372,0.9998593952383398,0.9409871463305521
2.835,1.0,0.9998404539918361,0.9993331110370124,1.0,0.9412276564660701,0.9998641567131445,0.9412814741661277
2.84,1.0,0.9998454606657323,0.9993331110370124,1.0,0.9415370689128624,0.9998687656104881,0.9415743340354992
2.845,1.0,0.9998511348961482,0.9993331110370124,1.0,0.9418184439858345,0.9998732265078856,0.9418657332601785
2.85,1.0,0.9998544726787458,0.9993331110370124,1.0,0.9421084972935607,0.9998775438563031,0.9421556791251615
2.855,1.0,0.9998594793526423,0.9993331110370124,1.0,0.9424132368447161,0.9998817219832989,0.9424441788791099
2.86,1.0,0.9998634846917592,0.9993331110370124,1.0,0.9427109670524154,0.9998857650960968,0.9427312397345327
2.865,1.0,0.9998668224743568,0.9993331110370124,1.0,0.9429970150210236,0.9998896772845945,0.943016868867966
2.87,1.0,0.9998728304830324,0.9993331110370124,1.0,0.9432800589852942,0.9998934625243083,0.9433010734201531
2.875,1.0,0.9998744993743313,0.9993331110370124,1.0,0.9435647718408637,0.9998971246792534,0.9435838604962227
2.88,1.0,0.9998788384917081,0.9993331110370124,1.0,0.9438347984530039,0.9999006675047621,0.9438652371658662
2.8850000000000002,1.0,0.9998838451656045,0.9993331110370124,1.0,0.9441251855389884,0.9999040946502417,0.9441452104635154
2.89,1.0,0.9998851802786434,0.9993331110370124,1.0,0.9444122348423765,0.9999074096618702,0.944423787388517
2.895,1.0,0.9998881842829813,0.9993331110370124,1.0,0.9446709129936849,0.9999106159852349,0.9447009749053086
2.9,1.0,0.9998931909568777,0.9993331110370124,1.0,0.9449653054187873,0.9999137169679112,0.9449767799435927
2.9050000000000002,1.0,0.9998961949612154,0.9993331110370124,1.0,0.9452353320309277,0.9999167158619847,0.9452512093985097
2.91,1.0,0.9998981976307739,0.9993331110370124,1.0,0.9455190435517188,0.9999196158265174,0.9455242701308102
2.915,1.0,0.9999018691916313,0.9993331110370124,1.0,0.9457750514769498,0.9999224199299577,0.9457959689670266
2.92,1.0,0.9999055407524887,0.9993331110370124,1.0,0.9460500847629868,0.9999251311524968,0.946066312699644
2.9250000000000003,1.0,0.999909212313346,0.9993331110370124,1.0,0.9463267869403228,0.9999277523883722,0.9463353080872698
2.93,1.0,0.9999108812046448,0.9993331110370124,1.0,0.9465757855220996,0.9999302864481172,0.9466029618548029
2.935,1.0,0.9999145527655021,0.9993331110370124,1.0,0.9468574943733312,0.999932736060761,0.9468692806936012
2.94,1.0,0.9999172229915801,0.9993331110370124,1.0,0.9471268534289529,0.999935103875977,0.9471342712616496
2.945,1.0,0.999920226995918,0.9993331110370124,1.0,0.9473998840454321,0.9999373924661813,0.9473979401837261
2.95,1.0,0.9999218958872168,0.9996665555185061,1.0,0.9476762524445085,0.9999396043285839,0.9476602940515676
2.955,1.0,0.9999245661132948,0.9996665555185061,1.0,0.9479349305958182,0.999941741887191,0.9479213394240343
2.96,1.0,0.9999279038958924,0.9996665555185061,1.0,0.9481999505340629,0.9999438074947606,0.9481810828272742
2.965,1.0,0.9999302403437107,0.9996665555185061,1.0,0.9484556246810344,0.9999458034347132,0.9484395307548859
2.97,1.0,0.9999335781263082,0.9996665555185061,1.0,0.9487069597106289,0.9999477319229956,0.9486966896680809
2.975,1.0,0.9999365821306461,0.9996665555185061,1.0,0.9489723134271335,0.9999495951099019,0.9489525659958457
2.98,1.0,0.9999392523567242,0.9996665555185061,1.0,0.9492112986611175,0.9999513950818513,0.9492071661351015
2.985,1.0,0.9999412550262827,0.9996665555185061,1.0,0.9494589621298551,0.999953133863122,0.9494604964508653
2.99,1.0,0.999942256361062,0.9996665555185061,1.0,0.9497269860724371,0.9999548134175448,0.9497125632764082
2.995,1.0,0.9999442590306206,0.9996665555185061,1.0,0.9499726468716155,0.9999564356501548,0.9499633729134137
3.0,1.0,0.9999455941436596,0.9996665555185061,1.0,0.950218975227313,0.9999580024088045,0.950212931632136
3.005,1.0,0.9999479305914779,0.9996665555185061,1.0,0.9504576266830363,0.9999595154857361,0.9504612456715561
3.0100000000000002,1.0,0.9999506008175559,0.9996665555185061,1.0,0.9506969456952791,0.9999609766191161,0.9507083212395379
3.015,1.0,0.9999532710436339,0.9996665555185061,1.0,0.9509506171726918,0.9999623874945325,0.9509541645129833
3.02,1.0,0.9999539386001534,0.9996665555185061,1.0,0.9512026197588053,0.9999637497464544,0.951198781637987
3.025,1.0,0.9999562750479718,0.9996665555185061,1.0,0.9514436076623481,0.9999650649596564,0.95144217872999
3.0300000000000002,1.0,0.9999572763827511,0.9996665555185061,1.0,0.9516769186659169,0.999966334670607,0.9516843618739322
3.035,1.0,0.999959946608829,0.9996665555185061,1.0,0.95191557012164,0.9999675603688222,0.9519253371244049
3.04,1.0,0.999961281721868,0.9996665555185061,1.0,0.9521492149034674,0.9999687434981852,0.9521651105058017
3.045,1.0,0.9999636181696865,0.9996665555185061,1.0,0.9523902028070085,0.9999698854582347,0.9524036880124697
3.0500000000000003,1.0,0.9999652870609852,0.9996665555185061,1.0,0.9526198422497185,0.9999709876054175,0.9526410756088591
3.055,1.0,0.9999662883957645,0.9996665555185061,1.0,0.9528594950402206,0.9999720512543118,0.9528772792296721
3.06,1.0,0.9999666221740243,0.9996665555185061,1.0,0.9530981464959444,0.9999730776788186,0.9531123047800115
3.065,1.0,0.9999679572870633,0.9996665555185061,1.0,0.9533301223864735,0.9999740681133229,0.9533461581355284
3.0700000000000003,1.0,0.9999686248435828,0.9996665555185061,1.0,0.9535657698378599,0.9999750237538243,0.9535788451425687
3.075,1.0,0.999969626178362,0.9996665555185061,1.0,0.9537947417240494,0.9999759457590397,0.9538103716183199
3.08,1.0,0.9999709612914011,0.9996665555185061,1.0,0.9540217109406816,0.9999768352514764,0.9540407433509558
3.085,1.0,0.9999719626261804,0.9996665555185061,1.0,0.9542566908355488,0.9999776933184787,0.9542699660997818
3.09,1.0,0.9999726301826999,0.9996665555185061,1.0,0.9544709764783106,0.9999785210132454,0.9544980455953784
3.095,1.0,0.9999732977392194,0.9996665555185061,1.0,0.954705288816658,0.9999793193558224,0.9547249875397451
3.1,1.0,0.9999742990739986,0.9996665555185061,1.0,0.9549369309289266,0.9999800893340687,0.9549507976064422
3.105,1.0,0.9999753004087779,0.9996665555185061,1.0,0.9551495476803892,0.9999808319045962,0.9551754814407332
3.11,1.0,0.9999759679652974,0.9996665555185061,1.0,0.9553861964665548,0.9999815479936861,0.9553990446597255
3.115,1.0,0.9999766355218169,0.9996665555185061,1.0,0.9556048212266939,0.9999822384981798,0.9556214928525113
3.12,1.0,0.9999766355218169,0.9996665555185061,1.0,0.9558211095390147,0.9999829042863467,0.9558428315803071
3.125,1.0,0.9999769693000767,0.9996665555185061,1.0,0.9560480787556475,0.9999835461987286,0.9560630663765926
3.13,1.0,0.9999779706348559,0.9996665555185061,1.0,0.9562750479722807,0.9999841650489613,0.9562822027472491
3.1350000000000002,1.0,0.9999779706348559,0.9996665555185061,1.0,0.9564976780715362,0.9999847616245742,0.9565002461706973
3.14,1.0,0.9999789719696353,0.9996665555185061,1.0,0.956708625931701,0.9999853366877692,0.9567172020980341
3.145,1.0,0.9999796395261548,0.9996665555185061,1.0,0.9569272506918397,0.9999858909761772,0.9569330759531691
3.15,1.0,0.9999799733044146,0.9996665555185061,1.0,0.957136195882446,0.9999864252035937,0.9571478731329598
3.1550000000000002,1.0,0.9999809746391938,0.9996665555185061,1.0,0.9573438059600139,0.9999869400606968,0.957361599007347
3.16,1.0,0.9999819759739731,0.9996665555185061,1.0,0.9575534187071395,0.9999874362157424,0.9575742589194887
3.165,1.0,0.9999829773087523,0.9996665555185061,1.0,0.9577677043499018,0.9999879143152428,0.9577858581858936
3.17,1.0,0.9999833110870121,0.9996665555185061,1.0,0.9579699739753125,0.999988374984625,0.9579964020965545
3.1750000000000003,1.0,0.9999846462000511,0.9996665555185061,1.0,0.9581799205006976,0.9999888188288718,0.9582058959150801
3.18,1.0,0.9999859813130901,0.9996665555185061,1.0,0.9583995465956157,0.999989246433144,0.9584143448788268
3.185,1.0,0.9999866488696096,0.9996665555185061,1.0,0.9585921366514929,0.999989658363387,0.9586217541990296
3.19,1.0,0.9999869826478694,0.9996665555185061,1.0,0.9588027507333974,0.9999900551669184,0.9588281290609323
3.1950000000000003,1.0,0.9999883177609085,0.9996665555185061,1.0,0.959008691919665,0.9999904373730005,0.9590334746239171
3.2,1.0,0.9999886515391683,0.9996665555185061,1.0,0.9592036184233611,0.9999908054933966,0.9592377960216338
3.205,1.0,0.999988985317428,0.9996665555185061,1.0,0.9594085582748489,0.9999911600229109,0.959441098362128
3.21,1.0,0.999988985317428,0.9996665555185061,1.0,0.9596054874481035,0.9999915014399137,0.9596433867279689
3.215,1.0,0.9999893190956878,0.9996665555185061,1.0,0.9598151001952284,0.9999918302068518,0.959844666176376
3.22,1.0,0.9999893190956878,0.9996665555185061,1.0,0.9600177035988988,0.9999921467707434,0.9600449417393461
3.225,1.0,0.9999896528739475,0.9996665555185061,1.0,0.9602233110069066,0.9999924515636602,0.9602442184237787
3.23,1.0,0.9999899866522073,0.9996665555185061,1.0,0.9604159010627848,0.9999927450031947,0.9604425012116012
3.235,1.0,0.999990320430467,0.9996665555185061,1.0,0.9606098262317008,0.999993027492914,0.9606397950598938
3.24,1.0,0.999990320430467,0.9996665555185061,1.0,0.960805420291916,0.9999932994228019,0.9608361049010129
3.245,1.0,0.9999906542087268,0.9996665555185061,1.0,0.9610063548042872,0.9999935611696859,0.9610314356427148
3.25,1.0,0.9999909879869865,0.9996665555185061,1.0,0.9611929368514888,0.9999938130976539,0.961225792168278
3.255,1.0,0.9999909879869865,0.9996665555185061,1.0,0.9613731771117553,0.9999940555584574,0.961419179336626
3.2600000000000002,1.0,0.9999909879869865,0.9996665555185061,1.0,0.9615737778458682,0.9999942888919041,0.961611601982448
3.265,1.0,0.9999913217652463,0.9996665555185061,1.0,0.9617616950061083,0.9999945134262374,0.9618030649163201
3.27,1.0,0.9999923231000256,1.0,1.0,0.9619656335228173,0.9999947294785063,0.9619935729248257
3.275,1.0,0.9999923231000256,1.0,1.0,0.9621508804569802,0.9999949373549236,0.962183130770675
3.2800000000000002,1.0,0.9999923231000256,1.0,1.0,0.9623297856042076,0.9999951373512138,0.9623717431928238
3.285,1.0,0.9999929906565451,1.0,1.0,0.962510359642734,0.99999532975295,0.9625594149065927
3.29,1.0,0.9999933244348048,1.0,1.0,0.9627136306029243,0.9999955148358819,0.9627461506037842
3.295,1.0,0.9999933244348048,1.0,1.0,0.9628948721979703,0.999995692866253,0.9629319549528005
3.3000000000000003,1.0,0.9999936582130646,1.0,1.0,0.9630781164625754,0.999995864101109,0.96311683259876
3.305,1.0,0.9999936582130646,1.0,1.0,0.9632687038488947,0.9999960287885963,0.9633007881636134
3.31,1.0,0.9999939919913243,1.0,1.0,0.9634426023222263,0.9999961871682522,0.9634838262462596
3.315,1.0,0.9999946595478438,1.0,1.0,0.9636128292347003,0.999996339471286,0.96366595142266
3.3200000000000003,1.0,0.9999953271043633,1.0,1.0,0.9638014139514607,0.9999964859208511,0.9638471682459536
3.325,1.0,0.9999956608826231,1.0,1.0,0.9639930026725597,0.9999966267323097,0.9640274812465703
3.33,1.0,0.9999956608826231,1.0,1.0,0.964177915828464,0.9999967621134892,0.9642068949323447
3.335,1.0,0.9999956608826231,1.0,1.0,0.9643508129670171,0.9999968922649302,0.9643854137886282
3.34,1.0,0.9999956608826231,1.0,1.0,0.9645350585664012,0.9999970173801274,0.9645630422784014
3.345,1.0,0.9999956608826231,1.0,1.0,0.9647136299353694,0.999997137645763,0.9647397848423859
3.35,1.0,0.999995994660883,1.0,1.0,0.9648788501739475,0.9999972532419332,0.964915645899155
3.355,1.0,0.999995994660883,1.0,1.0,0.965050078421201,0.9999973643423672,0.9650906298452442
3.36,1.0,0.9999963284391427,1.0,1.0,0.9652183026641175,0.9999974711146393,0.9652647410552614
3.365,1.0,0.9999963284391427,1.0,1.0,0.9653801851200986,0.9999975737203753,0.9654379838819959
3.37,1.0,0.9999963284391427,1.0,1.0,0.965562094271665,0.9999976723154513,0.9656103626565273
3.375,1.0,0.9999963284391427,1.0,1.0,0.9657346576319579,0.9999977670501877,0.965781881688334
3.38,1.0,0.9999963284391427,1.0,1.0,0.9659158992270046,0.999997858069535,0.9659525452654006
3.3850000000000002,1.0,0.9999966622174025,1.0,1.0,0.9660827883568819,0.9999979455132565,0.9661223576543256
3.39,1.0,0.9999966622174025,1.0,1.0,0.9662540166041357,0.999998029516103,0.9662913231004276
3.395,1.0,0.9999966622174025,1.0,1.0,0.966414230168818,0.9999981102079825,0.9664594458278514
3.4,1.0,0.9999969959956622,1.0,1.0,0.9665877948638896,0.9999981877141255,0.9666267300396739
3.4050000000000002,1.0,0.9999969959956622,1.0,1.0,0.9667603582241825,0.9999982621552443,0.9667931799180093
3.41,1.0,0.9999969959956622,1.0,1.0,0.966929583801878,0.9999983336476866,0.966958799624113
3.415,1.0,0.9999969959956622,1.0,1.0,0.9670781151274686,0.9999984023035855,0.9671235932984865
3.42,1.0,0.9999969959956622,1.0,1.0,0.967255351383398,0.9999984682310038,0.9672875650609802
3.4250000000000003,1.0,0.9999969959956622,1.0,1.0,0.9674239094045732,0.9999985315340739,0.9674507190108966
3.43,1.0,0.9999969959956622,1.0,1.0,0.9675751109562419,0.9999985923131334,0.967613059227093
3.435,1.0,0.9999969959956622,1.0,1.0,0.96772731384269,0.999998650664856,0.9677745897680832
3.44,1.0,0.9999969959956622,1.0,1.0,0.9679042163203588,0.9999987066823784,0.9679353146721392
3.4450000000000003,1.0,0.9999969959956622,1.0,1.0,0.9680704378937155,0.999998760455423,0.968095237957392
3.45,1.0,0.9999969959956622,1.0,1.0,0.9682276474540593,0.9999988120704164,0.9682543636219321
3.455,1.0,0.9999969959956622,1.0,1.0,0.9683795165622471,0.9999988616106044,0.9684126956439092
3.46,1.0,0.9999969959956622,1.0,1.0,0.9685283816660959,0.9999989091561631,0.9685702379816323
3.465,1.0,0.999997329773922,1.0,1.0,0.9686752441003866,0.9999989547843062,0.968726994573668
3.47,1.0,0.999997329773922,1.0,1.0,0.9688428007867829,0.9999989985693891,0.9688829693389391
3.475,1.0,0.9999976635521817,1.0,1.0,0.9689819863211002,0.9999990405830091,0.9690381661768231
3.48,1.0,0.9999976635521817,1.0,1.0,0.9691365256553661,0.9999990808941032,0.9691925889672489
3.485,1.0,0.9999976635521817,1.0,1.0,0.9692967392200466,0.9999991195690404,0.9693462415707943
3.49,1.0,0.9999979973304415,1.0,1.0,0.9694479407717146,0.9999991566717147,0.9694991278287826
3.495,1.0,0.9999979973304415,1.0,1.0,0.9696048165537988,0.9999991922636315,0.9696512515633778
3.5,1.0,0.999998664886961,1.0,1.0,0.9697493425402725,0.999999226403993,0.9698026165776815
3.505,1.0,0.999998664886961,1.0,1.0,0.9699012116484599,0.9999992591497794,0.9699532266558268
3.5100000000000002,1.0,0.999998664886961,1.0,1.0,0.9700570860957645,0.9999992905558295,0.9701030855630737
3.515,1.0,0.999998664886961,1.0,1.0,0.9702092889822118,0.9999993206749164,0.9702521970459025
3.52,1.0,0.999998664886961,1.0,1.0,0.9703604905338792,0.9999993495578217,0.970400564832108
3.525,1.0,0.999998664886961,1.0,1.0,0.9705060178551319,0.9999993772534068,0.9705481926308928
3.5300000000000002,1.0,0.999998664886961,1.0,1.0,0.9706565518502809,0.9999994038086827,0.9706950841329592
3.535,1.0,0.999998664886961,1.0,1.0,0.970808420958469,0.999999429268876,0.9708412430106028
3.54,1.0,0.999998664886961,1.0,1.0,0.9709656305188126,0.9999994536774938,0.9709866729178029
3.545,1.0,0.999998664886961,1.0,1.0,0.9711151631791807,0.999999477076386,0.9711313774903149
3.5500000000000003,1.0,0.999998664886961,1.0,1.0,0.9712613580569526,0.9999994995058051,0.9712753603457606
3.555,1.0,0.9999989986652207,1.0,1.0,0.9713918653565159,0.9999995210044648,0.9714186250837188
3.56,1.0,0.9999989986652207,1.0,1.0,0.9715300495560535,0.9999995416095954,0.9715611752858155
3.565,1.0,0.9999989986652207,1.0,1.0,0.9716785808816437,0.9999995613569986,0.9717030145158132
3.5700000000000003,1.0,0.9999989986652207,1.0,1.0,0.9718254433159356,0.9999995802810998,0.9718441463197
3.575,1.0,0.9999989986652207,1.0,1.0,0.9719616248459153,0.999999598414998,0.9719845742257782
3.58,1.0,0.9999993324434805,1.0,1.0,0.972102813049791,0.9999996157905149,0.972124301744753
3.585,1.0,0.9999993324434805,1.0,1.0,0.9722389945797711,0.9999996324382422,0.9722633323698195
3.59,1.0,0.9999993324434805,1.0,1.0,0.9723798490053874,0.9999996483875864,0.9724016695767507
3.595,1.0,0.9999993324434805,1.0,1.0,0.972505349631055,0.9999996636668129,0.9725393168239839
3.6,1.0,0.9999993324434805,1.0,1.0,0.9726468716131906,0.9999996783030889,0.9726762775527075
3.605,1.0,0.9999996662217402,1.0,1.0,0.9727790478040532,0.9999996923225226,0.9728125551869466
3.61,1.0,0.9999996662217402,1.0,1.0,0.9729135604427341,0.9999997057502042,0.9729481531336496
3.615,1.0,0.9999996662217402,1.0,1.0,0.9730444015205579,0.9999997186102433,0.9730830747827719
3.62,1.0,0.9999996662217402,1.0,1.0,0.9731875923939924,0.9999997309258049,0.9732173235073618
3.625,1.0,0.9999996662217402,1.0,1.0,0.9733174321370368,0.9999997427191458,0.9733509026636445
3.63,1.0,0.9999996662217402,1.0,1.0,0.9734506096626788,0.9999997540116479,0.9734838155911059
3.6350000000000002,1.0,0.9999996662217402,1.0,1.0,0.973578446736165,0.9999997648238513,0.9736160656125759
3.64,1.0,0.9999996662217402,1.0,1.0,0.9737126255965864,0.9999997751754862,0.973747656034312
3.645,1.0,0.9999996662217402,1.0,1.0,0.973846804457008,0.9999997850855029,0.9738785901460818
3.65,1.0,0.9999996662217402,1.0,1.0,0.9739843211000264,0.9999997945721022,0.9740088712212447
3.6550000000000002,1.0,0.9999996662217402,1.0,1.0,0.974111490616993,0.9999998036527625,0.9741385025168344
3.66,1.0,0.9999996662217402,1.0,1.0,0.9742480059252323,0.9999998123442687,0.9742674872736401
3.665,1.0,0.9999996662217402,1.0,1.0,0.9743588203074709,0.9999998206627372,0.9743958287162874
3.67,1.0,0.9999996662217402,1.0,1.0,0.974487992493996,0.9999998286236422,0.9745235300533189
3.6750000000000003,1.0,0.9999996662217402,1.0,1.0,0.9746198349065994,0.9999998362418402,0.9746505944772751
3.68,1.0,0.9999996662217402,1.0,1.0,0.9747473382018252,0.999999843531593,0.9747770251647728
3.685,1.0,0.9999996662217402,1.0,1.0,0.974873172605753,0.999999850506591,0.9749028252765859
3.69,1.0,0.9999996662217402,1.0,1.0,0.9749903287749268,0.9999998571799753,0.9750279979577239
3.6950000000000003,1.0,0.9999996662217402,1.0,1.0,0.9751198347397113,0.9999998635643584,0.9751525463375101
3.7,1.0,0.9999996662217402,1.0,1.0,0.9752413300262619,0.9999998696718446,0.9752764735296606
3.705,1.0,0.9999996662217402,1.0,1.0,0.9753658293171505,0.99999987551405,0.9753997826323617
3.71,1.0,0.9999996662217402,1.0,1.0,0.9755016770688707,0.9999998811021211,0.9755224767283474
3.715,1.0,0.9999996662217402,1.0,1.0,0.9756081523337314,0.9999998864467528,0.9756445588849763
3.72,1.0,1.0,1.0,1.0,0.9757289800637619,0.9999998915582062,0.9757660321543089
3.725,1.0,1.0,1.0,1.0,0.975852811798131,0.999999896446326,0.9758868995731831
3.73,1.0,1.0,1.0,1.0,0.9759642937368884,0.9999999011205558,0.9760071641632908
3.735,1.0,1.0,1.0,1.0,0.9760794472365035,0.9999999055899539,0.976126828931253
3.74,1.0,1.0,1.0,1.0,0.9761959358491569,0.9999999098632091,0.976245896868695
3.745,1.0,1.0,1.0,1.0,0.9763257755922016,0.9999999139486545,0.9763643709523215
3.75,1.0,1.0,1.0,1.0,0.9764582855613244,0.999999917854282,0.9764822541439909
3.755,1.0,1.0,1.0,1.0,0.9765854550782903,0.9999999215877549,0.976599549390789
3.7600000000000002,1.0,1.0,1.0,1.0,0.9766972707953082,0.9999999251564218,0.976716259625103
3.765,1.0,1.0,1.0,1.0,0.9768124242949232,0.9999999285673283,0.9768323877646949
3.77,1.0,1.0,1.0,1.0,0.9769275777945376,0.9999999318272297,0.9769479367127745
3.775,1.0,1.0,1.0,1.0,0.9770497406376074,0.9999999349426019,0.977062909358071
3.7800000000000002,1.0,1.0,1.0,1.0,0.9771638928024428,0.9999999379196522,0.977177308574907
3.785,1.0,1.0,1.0,1.0,0.9772837191976936,0.9999999407643317,0.9772911372232687
3.79,1.0,1.0,1.0,1.0,0.9774065495972823,0.9999999434823431,0.9774043981488781
3.795,1.0,1.0,1.0,1.0,0.9775080181882474,0.9999999460791524,0.9775170941832645
3.8000000000000003,1.0,1.0,1.0,1.0,0.9776178312357061,0.9999999485599977,0.9776292281438345
3.805,1.0,1.0,1.0,1.0,0.9777353211831395,0.9999999509298986,0.9777408028339428
3.81,1.0,1.0,1.0,1.0,0.9778528111305724,0.9999999531936644,0.9778518210429626
3.815,1.0,1.0,1.0,1.0,0.9779596201736936,0.9999999553559034,0.9779622855463551
3.8200000000000003,1.0,1.0,1.0,1.0,0.9780674305515938,0.9999999574210301,0.9780721991057384
3.825,1.0,1.0,1.0,1.0,0.9781752409294933,0.9999999593932739,0.9781815644689572
3.83,1.0,1.0,1.0,1.0,0.9782870566465109,0.9999999612766862,0.9782903843701515
3.835,1.0,1.0,1.0,1.0,0.9784105546026199,0.9999999630751472,0.9783986615298241
3.84,1.0,1.0,1.0,1.0,0.9785250405457152,0.9999999647923735,0.9785063986549101
3.845,1.0,1.0,1.0,1.0,0.9786261753584196,0.9999999664319246,0.9786135984388429
3.85,1.0,1.0,1.0,1.0,0.9787356546276179,0.9999999679972087,0.9787202635616228
3.855,1.0,1.0,1.0,1.0,0.9788498067924528,0.99999996949149,0.9788263966898835
3.86,1.0,1.0,1.0,1.0,0.9789629576225078,0.9999999709178936,0.9789320004769586
3.865,1.0,1.0,1.0,1.0,0.9790731044482265,0.9999999722794114,0.9790370775629483
3.87,1.0,1.0,1.0,1.0,0.9791835850522044,0.999999973578908,0.9791416305747853
3.875,1.0,1.0,1.0,1.0,0.979280714525792,0.9999999748191256,0.9792456621263003
3.88,1.0,1.0,1.0,1.0,0.9793745062167821,0.9999999760026891,0.9793491748182874
3.8850000000000002,1.0,1.0,1.0,1.0,0.9794773099207869,0.9999999771321106,0.9794521712385695
3.89,1.0,1.0,1.0,1.0,0.9795680976074391,0.9999999782097949,0.9795546539620623
3.895,1.0,1.0,1.0,1.0,0.9796742390940405,0.999999979238043,0.9796566255508393
3.9,1.0,1.0,1.0,1.0,0.9797897263719149,0.9999999802190571,0.9797580885541957
3.9050000000000002,1.0,1.0,1.0,1.0,0.9798778438324889,0.9999999811549442,0.9798590455087115
3.91,1.0,1.0,1.0,1.0,0.9799779773104152,0.9999999820477202,0.979959498938316
3.915,1.0,1.0,1.0,1.0,0.9800727703361851,0.9999999828993142,0.9800594513543502
3.92,1.0,1.0,1.0,1.0,0.980167563361955,0.9999999837115716,0.9801589052556298
3.9250000000000003,1.0,1.0,1.0,1.0,0.9802600199399065,0.9999999844862575,0.9802578631285073
3.93,1.0,1.0,1.0,1.0,0.9803534778526377,0.9999999852250601,0.9803563274469347
3.935,1.0,1.0,1.0,1.0,0.9804462682088491,0.9999999859295947,0.9804543006725253
3.94,1.0,1.0,1.0,1.0,0.980535720782463,0.9999999866014055,0.9805517852546146
3.9450000000000003,1.0,1.0,1.0,1.0,0.9806281773604149,0.99999998724197,0.9806487836303224
3.95,1.0,1.0,1.0,1.0,0.9807246392774837,0.9999999878527003,0.9807452982246131
3.955,1.0,1.0,1.0,1.0,0.9808164282989162,0.9999999884349471,0.9808413314503566
3.96,1.0,1.0,1.0,1.0,0.9809122226594659,0.9999999889900016,0.9809368857083883
3.9650000000000003,1.0,1.0,1.0,1.0,0.9810046792374176,0.9999999895190986,0.98103196338757
3.97,1.0,1.0,1.0,1.0,0.981094131811032,0.9999999900234182,0.9811265668648486
3.975,1.0,1.0,1.0,1.0,0.9811952666237377,0.9999999905040886,0.9812206985053156
3.98,1.0,1.0,1.0,1.0,0.9812943987668845,0.9999999909621881,0.9813143606622672
3.985,1.0,1.0,1.0,1.0,0.9813851864535378,0.9999999913987474,0.9814075556772622
3.99,1.0,1.0,1.0,1.0,0.9814746390271524,0.9999999918147515,0.9815002858801808
3.995,1.0,1.0,1.0,1.0,0.9815624227094678,0.9999999922111421,0.9815925535892828
4.0,1.0,1.0,1.0,1.0,0.9816528766178612,0.9999999925888182,0.9816843611112658
4.005,1.0,1.0,1.0,1.0,0.9817486709784107,0.9999999929486396,0.9817757107413227
4.01,1.0,1.0,1.0,1.0,0.9818417951128822,0.9999999932914275,0.981866604763199
4.015,1.0,1.0,1.0,1.0,0.9819295787951977,0.9999999936179662,0.9819570454492498
4.0200000000000005,1.0,1.0,1.0,1.0,0.9820230367079291,0.9999999939290056,0.9820470350604972
4.025,1.0,1.0,1.0,1.0,0.9821091514989461,0.9999999942252612,0.982136575846686
4.03,1.0,1.0,1.0,1.0,0.9822009405203788,0.9999999945074172,0.9822256700463405
4.035,1.0,1.0,1.0,1.0,0.9822957335461491,0.9999999947761263,0.9823143198868206
4.04,1.0,1.0,1.0,1.0,0.9823795118893479,0.9999999950320126,0.9824025275843766
4.045,1.0,1.0,1.0,1.0,0.9824709671325206,0.9999999952756716,0.9824902953442057
4.05,1.0,1.0,1.0,1.0,0.9825504063583423,0.9999999955076723,0.9825776253605065
4.055,1.0,1.0,1.0,1.0,0.9826305131406837,0.9999999957285574,0.9826645198165338
4.0600000000000005,1.0,1.0,1.0,1.0,0.9827156265969215,0.9999999959388457,0.9827509808846537
4.065,1.0,1.0,1.0,1.0,0.9828037440574963,0.9999999961390321,0.9828370107263974
4.07,1.0,1.0,1.0,1.0,0.982889858848513,0.9999999963295892,0.9829226114925153
4.075,1.0,1.0,1.0,1.0,0.9829816478699456,0.9999999965109683,0.9830077853230309
4.08,1.0,1.0,1.0,1.0,0.9830597519827282,0.9999999966835996,0.9830925343472947
4.085,1.0,1.0,1.0,1.0,0.9831472018867843,0.9999999968478943,0.9831768606840366
4.09,1.0,1.0,1.0,1.0,0.9832323153430218,0.9999999970042445,0.9832607664414194
4.095,1.0,1.0,1.0,1.0,0.9833107532340641,0.9999999971530243,0.9833442537170913
4.1,1.0,1.0,1.0,1.0,0.9833931964642234,0.9999999972945911,0.9834273245982388
4.105,1.0,1.0,1.0,1.0,0.9834789774769807,0.9999999974292854,0.983509981161638
4.11,1.0,1.0,1.0,1.0,0.9835597518158411,0.9999999975574322,0.9835922254737074
4.115,1.0,1.0,1.0,1.0,0.9836331830329874,0.9999999976793419,0.983674059590559
4.12,1.0,1.0,1.0,1.0,0.983712956037069,0.9999999977953101,0.9837554855580501
4.125,1.0,1.0,1.0,1.0,0.9838044112802414,0.9999999979056193,0.9838365054118341
4.13,1.0,1.0,1.0,1.0,0.9838768411626081,0.9999999980105386,0.9839171211774116
4.135,1.0,1.0,1.0,1.0,0.9839656261797026,0.9999999981103246,0.9839973348701808
4.14,1.0,1.0,1.0,1.0,0.9840450654055244,0.999999998205222,0.9840771484954883
4.1450000000000005,1.0,1.0,1.0,1.0,0.9841148250618131,0.9999999982954646,0.9841565640486789
4.15,1.0,1.0,1.0,1.0,0.984189591391998,0.9999999983812748,0.9842355835151455
4.155,1.0,1.0,1.0,1.0,0.9842686968395601,0.999999998462865,0.9843142088703789
4.16,1.0,1.0,1.0,1.0,0.9843421280567062,0.9999999985404374,0.9843924420800172
4.165,1.0,1.0,1.0,1.0,0.984424237508606,0.9999999986141852,0.9844702850998945
4.17,1.0,1.0,1.0,1.0,0.9845093509648432,0.9999999986842919,0.9845477398760905
4.175,1.0,1.0,1.0,1.0,0.9845831159602488,0.9999999987509333,0.9846248083449786
4.18,1.0,1.0,1.0,1.0,0.9846688969730054,0.9999999988142763,0.9847014924332744
4.1850000000000005,1.0,1.0,1.0,1.0,0.9847466673075278,0.9999999988744799,0.9847777940580844
4.19,1.0,1.0,1.0,1.0,0.9848180958551155,0.9999999989316961,0.984853715126953
4.195,1.0,1.0,1.0,1.0,0.9848988701939757,0.9999999989860696,0.9849292575379109
4.2,1.0,1.0,1.0,1.0,0.9849773080850174,0.9999999990377382,0.9850044231795223
4.205,1.0,1.0,1.0,1.0,0.9850517406369422,0.999999999086833,0.9850792139309321
4.21,1.0,1.0,1.0,1.0,0.9851331825323221,0.9999999991334793,0.9851536316619132
4.215,1.0,1.0,1.0,1.0,0.9852066137494677,0.9999999991777961,0.9852276782329125
4.22,1.0,1.0,1.0,1.0,0.9852867205318082,0.999999999219897,0.9853013554950982
4.225,1.0,1.0,1.0,1.0,0.985363155753292,0.9999999992598902,0.9853746652904057
4.23,1.0,1.0,1.0,1.0,0.9854375883052168,0.9999999992978787,0.9854476094515838
4.235,1.0,1.0,1.0,1.0,0.985511687078881,0.9999999993339604,0.9855201898022403
4.24,1.0,1.0,1.0,1.0,0.9855861196308061,0.9999999993682291,0.9855924081568876
4.245,1.0,1.0,1.0,1.0,0.985657214400133,0.9999999994007733,0.9856642663209885
4.25,1.0,1.0,1.0,1.0,0.9857243038303435,0.999999999431678,0.9857357660910008
4.255,1.0,1.0,1.0,1.0,0.9857940634866315,0.9999999994610238,0.9858069092544223
4.26,1.0,1.0,1.0,1.0,0.9858628218081402,0.9999999994888875,0.985877697589836
4.265,1.0,1.0,1.0,1.0,0.98593024501661,0.9999999995153421,0.9859481328669539
4.2700000000000005,1.0,1.0,1.0,1.0,0.9860010060076774,0.9999999995404574,0.9860182168466617
4.275,1.0,1.0,1.0,1.0,0.9860717669987451,0.9999999995642993,0.9860879512810624
4.28,1.0,1.0,1.0,1.0,0.9861445306593709,0.9999999995869311,0.9861573379135204
4.285,1.0,1.0,1.0,1.0,0.986215625428698,0.9999999996084127,0.9862263784787055
4.29,1.0,1.0,1.0,1.0,0.9862823810806488,0.9999999996288013,0.9862950747026351
4.295,1.0,1.0,1.0,1.0,0.9863498042891189,0.9999999996481511,0.9863634283027184
4.3,1.0,1.0,1.0,1.0,0.9864132221584718,0.9999999996665139,0.9864314409877991
4.305,1.0,1.0,1.0,1.0,0.9864859858190975,0.9999999996839388,0.9864991144581977
4.3100000000000005,1.0,1.0,1.0,1.0,0.986547067240632,0.9999999997004727,0.9865664504057547
4.315,1.0,1.0,1.0,1.0,0.9866235024621152,0.9999999997161602,0.9866334505138721
4.32,1.0,1.0,1.0,1.0,0.9866942634531827,0.9999999997310433,0.9867001164575563
4.325,1.0,1.0,1.0,1.0,0.9867636893312114,0.9999999997451626,0.9867664499034591
4.33,1.0,1.0,1.0,1.0,0.9868327814309804,0.9999999997585565,0.9868324525099202
4.335,1.0,1.0,1.0,1.0,0.9868945304090344,0.9999999997712611,0.9868981259270083
4.34,1.0,1.0,1.0,1.0,0.9869669602914012,0.9999999997833112,0.9869634717965623
4.345,1.0,1.0,1.0,1.0,0.9870273741564161,0.99999999979474,0.9870284917522321
4.3500000000000005,1.0,1.0,1.0,1.0,0.9870941298083666,0.9999999998055784,0.9870931874195201
4.355,1.0,1.0,1.0,1.0,0.9871628881298758,0.9999999998158566,0.9871575604158215
4.36,1.0,1.0,1.0,1.0,0.9872226344383717,0.9999999998256027,0.9872216123504642
4.365,1.0,1.0,1.0,1.0,0.9872840496381654,0.9999999998348437,0.9872853448247503
4.37,1.0,1.0,1.0,1.0,0.9873481350640374,0.9999999998436051,0.9873487594319947
4.375,1.0,1.0,1.0,1.0,0.9874128880464287,0.9999999998519113,0.987411857757566
4.38,1.0,1.0,1.0,1.0,0.9874736356897036,0.9999999998597856,0.9874746413789256
4.385,1.0,1.0,1.0,1.0,0.9875320468851605,0.9999999998672496,0.9875371118656673
4.39,1.0,1.0,1.0,1.0,0.9875847838502011,0.9999999998743245,0.9875992707795566
4.3950000000000005,1.0,1.0,1.0,1.0,0.9876528746151902,0.9999999998810302,0.9876611196745695
4.4,1.0,1.0,1.0,1.0,0.9877109520323868,0.9999999998873853,0.9877226600969315
4.405,1.0,1.0,1.0,1.0,0.987768028114804,0.9999999998934078,0.9877838935851566
4.41,1.0,1.0,1.0,1.0,0.987831112205897,0.9999999998991147,0.987844821670085
4.415,1.0,1.0,1.0,1.0,0.987892861183951,0.9999999999045224,0.9879054458749221
4.42,1.0,1.0,1.0,1.0,0.9879465994837712,0.9999999999096459,0.9879657677152762
4.425,1.0,1.0,1.0,1.0,0.9880120200226827,0.9999999999145002,0.9880257886991963
4.43,1.0,1.0,1.0,1.0,0.9880804445659321,0.9999999999190988,0.9880855103272104
4.4350000000000005,1.0,1.0,1.0,1.0,0.9881475339961426,0.9999999999234551,0.9881449340923619
4.44,1.0,1.0,1.0,1.0,0.9882062789698592,0.9999999999275815,0.9882040614802484
4.445,1.0,1.0,1.0,1.0,0.9882670266131339,0.9999999999314899,0.9882628939690575
4.45,1.0,1.0,1.0,1.0,0.9883341160433443,0.9999999999351916,0.9883214330296045
4.455,1.0,1.0,1.0,1.0,0.9883891894562035,0.9999999999386971,0.988379680125369
4.46,1.0,1.0,1.0,1.0,0.9884462655386215,0.9999999999420169,0.9884376367125315
4.465,1.0,1.0,1.0,1.0,0.9885000038384422,0.9999999999451605,0.9884953042400095
4.47,1.0,1.0,1.0,1.0,0.9885570799208601,0.9999999999481369,0.9885526841494943
4.4750000000000005,1.0,1.0,1.0,1.0,0.9886158248945766,0.999999999950955,0.9886097778754867
4.48,1.0,1.0,1.0,1.0,0.9886739023117738,0.999999999953623,0.9886665868453326
4.485,1.0,1.0,1.0,1.0,0.988730310837672,0.9999999999561487,0.9887231124792595
4.49,1.0,1.0,1.0,1.0,0.9887853842505315,0.9999999999585395,0.9887793561904109
4.495,1.0,1.0,1.0,1.0,0.9888354509894945,0.9999999999608025,0.9888353193848828
4.5,1.0,1.0,1.0,1.0,0.9888945297414706,0.9999999999629444,0.9888910034617577
4.505,1.0,1.0,1.0,1.0,0.9889486018195506,0.9999999999649716,0.9889464098131406
4.51,1.0,1.0,1.0,1.0,0.9890083481280464,0.9999999999668899,0.9890015398241931
4.515,1.0,1.0,1.0,1.0,0.9890587486452693,0.9999999999687053,0.9890563948731684
4.5200000000000005,1.0,1.0,1.0,1.0,0.9891091491624922,0.999999999970423,0.9891109763314455
4.525,1.0,1.0,1.0,1.0,0.9891602172362344,0.9999999999720481,0.9891652855635639
4.53,1.0,1.0,1.0,1.0,0.989210617753457,0.9999999999735858,0.9892193239272569
4.535,1.0,1.0,1.0,1.0,0.9892653573880568,0.9999999999750405,0.9892730927734866
4.54,1.0,1.0,1.0,1.0,0.9893224334704743,0.9999999999764165,0.9893265934464771
4.545,1.0,1.0,1.0,1.0,0.9893721664311773,0.9999999999777183,0.9893798272837477
4.55,1.0,1.0,1.0,1.0,0.9894208980571012,0.9999999999789495,0.9894327956161474
4.555,1.0,1.0,1.0,1.0,0.9894746363569216,0.9999999999801138,0.989485499767887
4.5600000000000005,1.0,1.0,1.0,1.0,0.989527039543703,0.9999999999812151,0.9895379410565732
4.565,1.0,1.0,1.0,1.0,0.9895797765087441,0.9999999999822565,0.9895901207932409
4.57,1.0,1.0,1.0,1.0,0.9896308445824865,0.9999999999832413,0.9896420402823863
4.575,1.0,1.0,1.0,1.0,0.9896815788779693,0.9999999999841724,0.9896937008219993
4.58,1.0,1.0,1.0,1.0,0.9897313118386729,0.9999999999850528,0.989745103703596
4.585,1.0,1.0,1.0,1.0,0.9897817123558958,0.9999999999858851,0.9897962502122511
4.59,1.0,1.0,1.0,1.0,0.9898251035296638,0.9999999999866719,0.9898471416266302
4.595,1.0,1.0,1.0,1.0,0.9898755040468871,0.9999999999874157,0.9898977792190211
4.6000000000000005,1.0,1.0,1.0,1.0,0.9899262383423697,0.9999999999881187,0.9899481642553665
4.605,1.0,1.0,1.0,1.0,0.9899769726378523,0.9999999999887833,0.9899982979952945
4.61,1.0,1.0,1.0,1.0,0.9900323798289719,0.9999999999894112,0.9900481816921516
4.615,1.0,1.0,1.0,1.0,0.9900811114548964,0.9999999999900048,0.9900978165930326
4.62,1.0,1.0,1.0,1.0,0.9901288417460414,0.9999999999905655,0.9901472039388127
4.625,1.0,1.0,1.0,1.0,0.9901845827154206,0.9999999999910956,0.9901963449641782
4.63,1.0,1.0,1.0,1.0,0.9902386547935009,0.9999999999915963,0.9902452408976571
4.635,1.0,1.0,1.0,1.0,0.9902880539759448,0.9999999999920695,0.9902938929616504
4.64,1.0,1.0,1.0,1.0,0.9903377869366484,0.9999999999925163,0.9903423023724622
4.6450000000000005,1.0,1.0,1.0,1.0,0.9903771727712994,0.9999999999929384,0.9903904703403303
4.65,1.0,1.0,1.0,1.0,0.9904299097363407,0.9999999999933373,0.9904383980694565
4.655,1.0,1.0,1.0,1.0,0.9904779738057458,0.999999999993714,0.9904860867580364
4.66,1.0,1.0,1.0,1.0,0.9905213649795139,0.9999999999940697,0.9905335375982897
4.665,1.0,1.0,1.0,1.0,0.9905710979402177,0.9999999999944058,0.9905807517764899
4.67,1.0,1.0,1.0,1.0,0.9906214984574407,0.9999999999947231,0.9906277304729939
4.675,1.0,1.0,1.0,1.0,0.990671231418144,0.9999999999950228,0.9906744748622717
4.68,1.0,1.0,1.0,1.0,0.9907182941527691,0.9999999999953058,0.9907209861129352
4.6850000000000005,1.0,1.0,1.0,1.0,0.9907653568873948,0.9999999999955729,0.9907672653877684
4.69,1.0,1.0,1.0,1.0,0.9908120858437605,0.999999999995825,0.9908133138437554
4.695,1.0,1.0,1.0,1.0,0.9908494690088531,0.9999999999960631,0.9908591326321099
4.7,1.0,1.0,1.0,1.0,0.9908948628521798,0.9999999999962879,0.9909047228983042
4.705,1.0,1.0,1.0,1.0,0.9909422593650651,0.9999999999965,0.9909500857820972
4.71,1.0,1.0,1.0,1.0,0.9909856505388333,0.9999999999967003,0.9909952224175634
4.715,1.0,1.0,1.0,1.0,0.9910277065995625,0.9999999999968893,0.9910401339331211
4.72,1.0,1.0,1.0,1.0,0.9910717653298501,0.9999999999970676,0.9910848214515604
4.7250000000000005,1.0,1.0,1.0,1.0,0.9911161578383977,0.9999999999972359,0.9911292860900718
4.73,1.0,1.0,1.0,1.0,0.9911588814556463,0.9999999999973946,0.9911735289602733
4.735,1.0,1.0,1.0,1.0,0.9912029401859341,0.9999999999975445,0.9912175511682391
4.74,1.0,1.0,1.0,1.0,0.9912486678075207,0.999999999997686,0.9912613538145267
4.745,1.0,1.0,1.0,1.0,0.9912967318769254,0.9999999999978193,0.9913049379942045
4.75,1.0,1.0,1.0,1.0,0.9913354501550571,0.9999999999979451,0.9913483047968794
4.755,1.0,1.0,1.0,1.0,0.9913868520070593,0.9999999999980638,0.9913914553067235
4.76,1.0,1.0,1.0,1.0,0.9914282405112691,0.9999999999981758,0.9914343906025019
4.765,1.0,1.0,1.0,1.0,0.9914636210068034,0.9999999999982813,0.9914771117575993
4.7700000000000005,1.0,1.0,1.0,1.0,0.9915143553022863,0.999999999998381,0.9915196198400468
4.775,1.0,1.0,1.0,1.0,0.9915490682413008,0.9999999999984748,0.9915619159125485
4.78,1.0,1.0,1.0,1.0,0.9915944620846276,0.9999999999985634,0.9916040010325086
4.785,1.0,1.0,1.0,1.0,0.9916388545931751,0.9999999999986469,0.9916458762520571
4.79,1.0,1.0,1.0,1.0,0.991685583549541,0.9999999999987256,0.9916875426180769
4.795,1.0,1.0,1.0,1.0,0.9917339813972055,0.9999999999987997,0.9917290011722292
4.8,1.0,1.0,1.0,1.0,0.9917777063492336,0.9999999999988698,0.99177025295098
4.805,1.0,1.0,1.0,1.0,0.9918177597404043,0.9999999999989357,0.9918112989856259
4.8100000000000005,1.0,1.0,1.0,1.0,0.9918581469098348,0.999999999998998,0.99185214030232
4.815,1.0,1.0,1.0,1.0,0.9919035407531615,0.9999999999990566,0.9918927779220973
4.82,1.0,1.0,1.0,1.0,0.9919516048225665,0.9999999999991118,0.9919332128609004
4.825,1.0,1.0,1.0,1.0,0.9919913244354776,0.9999999999991639,0.9919734461296048
4.83,1.0,1.0,1.0,1.0,0.9920287076005703,0.9999999999992129,0.9920134787340446
4.835,1.0,1.0,1.0,1.0,0.9920731001091179,0.999999999999259,0.9920533116750365
4.84,1.0,1.0,1.0,1.0,0.9921148223915874,0.9999999999993027,0.9920929459484066
4.845,1.0,1.0,1.0,1.0,0.9921558771175374,0.9999999999993437,0.9921323825450135
4.8500000000000005,1.0,1.0,1.0,1.0,0.9921945953956689,0.9999999999993824,0.9921716224507743
4.855,1.0,1.0,1.0,1.0,0.9922313110042422,0.9999999999994189,0.9922106666466886
4.86,1.0,1.0,1.0,1.0,0.9922703630606337,0.9999999999994532,0.9922495161088634
4.865,1.0,1.0,1.0,1.0,0.992308080003986,0.9999999999994855,0.9922881718085371
4.87,1.0,1.0,1.0,1.0,0.9923441280560397,0.9999999999995158,0.9923266347121045
4.875,1.0,1.0,1.0,1.0,0.992380509886353,0.9999999999995445,0.99236490578114
4.88,1.0,1.0,1.0,1.0,0.9924152228253675,0.9999999999995716,0.9924029859724224
4.885,1.0,1.0,1.0,1.0,0.9924582802208761,0.999999999999597,0.9924408762379585
4.89,1.0,1.0,1.0,1.0,0.9924986673903065,0.999999999999621,0.9924785775250067
4.8950000000000005,1.0,1.0,1.0,1.0,0.9925353829988797,0.9999999999996435,0.9925160907761014
4.9,1.0,1.0,1.0,1.0,0.9925687608248551,0.9999999999996647,0.9925534169290756
4.905,1.0,1.0,1.0,1.0,0.99260280620735,0.9999999999996847,0.9925905569170853
4.91,1.0,1.0,1.0,1.0,0.9926415244854817,0.9999999999997035,0.992627511668632
4.915,1.0,1.0,1.0,1.0,0.9926799089853535,0.9999999999997211,0.9926642821075864
4.92,1.0,1.0,1.0,1.0,0.992715957037407,0.9999999999997379,0.9927008691532114
4.925,1.0,1.0,1.0,1.0,0.9927476659720836,0.9999999999997535,0.992737273720185
4.93,1.0,1.0,1.0,1.0,0.9927840478023969,0.9999999999997683,0.9927734967186236
4.9350000000000005,1.0,1.0,1.0,1.0,0.9928170918501126,0.9999999999997822,0.9928095390541035
4.94,1.0,1.0,1.0,1.0,0.9928571452412832,0.9999999999997953,0.9928454016276854
4.945,1.0,1.0,1.0,1.0,0.9928861839498819,0.9999999999998076,0.9928810853359353
4.95,1.0,1.0,1.0,1.0,0.9929239008932343,0.9999999999998191,0.9929165910709479
4.955,1.0,1.0,1.0,1.0,0.9929646218409244,0.99999999999983,0.9929519197203682
4.96,1.0,1.0,1.0,1.0,0.9930020050060168,0.9999999999998402,0.9929870721674146
4.965,1.0,1.0,1.0,1.0,0.9930370517232912,0.9999999999998499,0.9930220492908998
4.97,1.0,1.0,1.0,1.0,0.9930734335536046,0.9999999999998589,0.9930568519652538
4.9750000000000005,1.0,1.0,1.0,1.0,0.9931078127143594,0.9999999999998676,0.9930914810605455
4.98,1.0,1.0,1.0,1.0,0.9931468647707505,0.9999999999998755,0.9931259374425038
4.985,1.0,1.0,1.0,1.0,0.9931745683663101,0.9999999999998831,0.9931602219725401
4.99,1.0,1.0,1.0,1.0,0.9932096150835841,0.9999999999998901,0.9931943355077695
4.995,1.0,1.0,1.0,1.0,0.9932416577965205,0.9999999999998969,0.993228278901032
5.0,1.0,1.0,1.0,1.0,0.993276370735535,0.9999999999999031,0.9932620530009145
