s,cdf_zeros,cdf_gue_mean,cdf_gue_q025,cdf_gue_q975,cdf_poisson_ensemble_mean,cdf_wigner_surmise,cdf_poisson
0.0,0.0,0.0,0.0,0.0,0.0,0.0,0.0
0.005,0.0,3.3377825975358483e-07,0.0,0.0,0.004944257361729848,1.3509233142902644e-07,0.00498752080731768
0.01,0.0,1.0013347792607543e-06,0.0,0.0,0.00987916893218659,1.0806767320094973e-06,0.009950166250831893
0.015,0.0,3.004004337782264e-06,0.0,0.0,0.014837778759085858,3.6469357054397245e-06,0.014888060396937353
0.02,0.0,7.343121714578868e-06,0.0,0.0,0.019789379242530297,8.6434327722755e-06,0.019801326693244747
0.025,0.0,1.4352465169404151e-05,0.0,0.00033344448149383126,0.02470760189999931,1.6878803347823712e-05,0.024690087971667385
0.03,0.0,2.4365812962011655e-05,0.0,0.00033344448149383126,0.029604796527103933,2.9160446062929946e-05,0.029554466451491845
0.035,0.0,4.13885042094445e-05,0.0,0.00033344448149383126,0.03446494176737592,4.629421467517575e-05,0.03439458374243354
0.04,0.0,6.008008675564534e-05,0.0,0.00033344448149383126,0.039336101690219755,6.908411071729348e-05,0.03921056084767682
0.045,0.0,9.312413447125036e-05,0.0,0.0006668889629876625,0.04405305605705733,9.833197702915214e-05,0.04400251816690004
0.05,0.0,0.00012449929088808752,0.0,0.0006668889629876625,0.04891820797122561,0.00013483719231952018,0.048770575499285984
0.055,0.0,0.00016789046465605375,0.0,0.0006668889629876625,0.05370024909871522,0.0001793963669027704,0.05351485204651618
0.06,0.0,0.00021829098187884535,0.0,0.0010003334444814939,0.05848095511316582,0.00023280303975516115,0.05823546641575128
0.065,0.0,0.00028304396427103983,0.0,0.0010003334444814939,0.06318923124525,0.0002958473770347525,0.06293253662259657
0.07,0.0,0.0003471293901437265,0.0,0.001333777925975325,0.06787113889481346,0.000369315872207579,0.06760618009405173
0.075,0.0,0.0004312415116016286,0.0,0.001333777925975325,0.07249763935325795,0.0004539910479227499,0.07225651367144714
0.08,0.0,0.0005260345373716455,0.0,0.001333777925975325,0.0771134589073902,0.0005506511597765662,0.07688365361336424
0.085,0.0,0.0006391853674281102,0.0,0.0016672224074691564,0.08174129447887382,0.0006600699021066386,0.08148771559854262
0.09,0.0,0.0007623495452771822,0.0,0.0020006668889629878,0.08631305530271842,0.0007830161159535914,0.08606881472877181
0.095,0.0,0.0008945257361396013,0.0,0.0020006668889629878,0.09087580411354991,0.0009202534993286854,0.09062706553176858
0.1,0.0,0.0010530704095225545,0.0,0.002334111370456819,0.09536111636811866,0.001072540319922849,0.09516258196404048
0.105,0.0,0.001226635104594417,0.0,0.00266755585195065,0.09993688253108075,0.0012406291303918016,0.09967547741373439
0.11,0.0,0.0014088780344198753,0.00033344448149383126,0.0030010003334444814,0.10435377024240002,0.0014252664863506348,0.10416586470347178
0.115,0.0,0.001611147659830547,0.00033344448149383126,0.003334444814938313,0.10883474337959172,0.0016271926672090098,0.10863385609316867
0.12,0.0,0.0018307737547484083,0.00033344448149383126,0.0033511170390129893,0.11324462174745603,0.0018471413999766872,0.11307956328284252
0.125,0.00033344448149383126,0.0020667549843941912,0.0006668889629876625,0.0040013337779259755,0.117696889954309,0.0020858395861682033,0.11750309741540454
0.13,0.0006668889629876625,0.0023200926835471648,0.0006668889629876625,0.004334778259419807,0.12209475230482215,0.0023440070319317996,0.1219045690794387
0.135,0.0010003334444814939,0.002579438391375701,0.0010003334444814939,0.004668222740913638,0.1263951514034874,0.002622356181527702,0.12628408831196558
0.14,0.001333777925975325,0.0028861806120892473,0.001333777925975325,0.005001667222407469,0.1308434142712235,0.002921591854278316,0.13064176460119414
0.145,0.001333777925975325,0.0032079428544917023,0.001333777925975325,0.0053351117039013,0.13516550895677268,0.0032424109851098004,0.1349777068892587
0.15,0.0020006668889629878,0.0035470615664013406,0.0016672224074691564,0.0056685561853951315,0.13947158228585355,0.003585502368804283,0.1392920235749422
0.155,0.002334111370456819,0.003930906565117964,0.0020006668889629878,0.006335445148382794,0.14377331649755806,0.003951546408077572,0.1435848225163865
0.16,0.002334111370456819,0.004323763576847929,0.002334111370456819,0.006685561853951302,0.1479982817095188,0.004341214865597742,0.14785621103378865
0.165,0.002334111370456819,0.004729304162448537,0.002334111370456819,0.007335778592864288,0.15220989579108984,0.004755170620054733,0.15210629591208413
0.17,0.00266755585195065,0.00515854300449164,0.00266755585195065,0.008002667555851951,0.1564835926289746,0.005194067426390614,0.1563351834036163
0.17500000000000002,0.003667889296432144,0.005633843246380752,0.0030010003334444814,0.008336112037345782,0.16070121471922075,0.0056585496802978585,0.16054297923079264
0.18,0.004334778259419807,0.006141853757725708,0.003667889296432144,0.009003001000333445,0.1649632293180145,0.006149252187088672,0.164729788588728
0.185,0.004334778259419807,0.006659543838603517,0.0040013337779259755,0.009669889963321108,0.16915882204311689,0.006666799935038242,0.16889571614787435
0.19,0.004334778259419807,0.007214950862833489,0.004334778259419807,0.010336778926308769,0.1732970049075417,0.007211807873300585,0.1730408660566377
0.195,0.004668222740913638,0.00781475039561067,0.004668222740913638,0.011003667889296432,0.17747257093705887,0.00778488069449304,0.1771653419439816
0.2,0.005001667222407469,0.00843624551527185,0.0053351117039013,0.012004001333777926,0.181517295888753,0.008386612622044182,0.18126924692201818
0.20500000000000002,0.0053351117039013,0.009075430882699955,0.006002000666888963,0.012670890296765588,0.1855907257707855,0.009017587202395205,0.18535268358858548
0.21,0.006002000666888963,0.009728301158777965,0.006335445148382794,0.013337779259753251,0.18969820103531346,0.00967837710214392,0.18941575402981292
0.215,0.006335445148382794,0.010428567947740984,0.007002334111370457,0.014004668222740914,0.1937045414871355,0.010369543910215162,0.19345855982267313
0.22,0.006668889629876626,0.011156204554003808,0.007652550850283429,0.015005001667222408,0.19773190996932236,0.011091637945143562,0.1974812020375215
0.225,0.008002667555851951,0.011935576790528432,0.008336112037345782,0.016005335111703902,0.2016991983647538,0.011845198067543028,0.20148378124062294
0.23,0.008669556518839614,0.012744655292171121,0.009003001000333445,0.017005668556185394,0.20570019836441983,0.012630751497845205,0.20546639749666595
0.23500000000000001,0.009003001000333445,0.01356541603290519,0.009669889963321108,0.017689229743247735,0.20964178583385,0.013448813639375612,0.20942915037126442
0.24,0.010003334444814937,0.0144182194865756,0.010336778926308769,0.018672890963654553,0.2136127457901383,0.014299887906842057,0.21337213893344653
0.245,0.011003667889296432,0.01530840610533838,0.011003667889296432,0.019673224408136045,0.21753297145094422,0.015184465560299898,0.21729546175813186
0.25,0.011670556852284094,0.01624899324132399,0.012004001333777926,0.020673557852617538,0.22148857760728352,0.01610302554466042,0.22119921692859512
0.255,0.012670890296765588,0.01722062175546668,0.01298766255418473,0.02169056352117371,0.2254114734941676,0.017056034334801684,0.22508350203891903
0.26,0.01300433477825942,0.018228965878182277,0.013671223741247083,0.02300766922307436,0.22925459637697035,0.018043945786342885,0.22894841419643375
0.265,0.01300433477825942,0.019238311335677074,0.014671557185728577,0.024341447149049684,0.2330967179249937,0.019067200992133715,0.23279405002414433
0.27,0.014338112704234745,0.020281368397407056,0.015655218406135377,0.025341780593531177,0.23688743762101513,0.020126228144513036,0.23662050566314685
0.275,0.015005001667222408,0.021399859345841352,0.016672224074691565,0.026675558519506502,0.24069584756480364,0.02122144240338414,0.24042787677503152
0.28,0.01633877959319773,0.022501995159547664,0.017672557519173057,0.028009336445481828,0.24441113337412118,0.022353245770151797,0.24421625854427453
0.28500000000000003,0.017339113037679228,0.023657535494814547,0.018672890963654553,0.02900966988996332,0.24817982370499878,0.023522026967563836,0.24798574568061738
0.29,0.017672557519173057,0.024880165260291992,0.019673224408136045,0.030343447815938646,0.2519124659838229,0.02472816132549499,0.25173643242143473
0.295,0.019006335445148383,0.026155531990810412,0.02100700233411137,0.032010670223407804,0.2556597945060763,0.025972010672708823,0.2554684125340906
0.3,0.019006335445148383,0.027483969464629672,0.022340780260086696,0.03334444814938313,0.25938909900230356,0.02725392323462994,0.2591817793182821
0.305,0.020673557852617538,0.02880239359065626,0.023324441480493497,0.03469489829943313,0.26305531940743654,0.028574233537155103,0.2628766256083722
0.31,0.022674224741580526,0.03016287377741195,0.024658219406468822,0.03601200400133378,0.2667602580907017,0.029933262316528597,0.26655304377571076
0.315,0.024341447149049684,0.03154338065975278,0.02567522507502501,0.03767922640880293,0.2704134611437048,0.031331316435304124,0.2702111257309432
0.32,0.025008336112037347,0.03305739884599503,0.027009003001000332,0.03901300433477826,0.27400892055777043,0.032768688804411805,0.27385096292630906
0.325,0.025341780593531177,0.03455205789317154,0.02867622540846949,0.04101367122374125,0.2776083853109529,0.03424565831134668,0.2774726463579278
0.33,0.02600866955651884,0.036053726283803066,0.029676558852950983,0.0426808936312104,0.2811988380511223,0.035762489754489146,0.28107626656807383
0.335,0.027675891963987995,0.037610134309033885,0.03134378126042014,0.04434811603867956,0.2847816138913173,0.03731943378356767,0.2846619136474401
0.34,0.02900966988996332,0.039198251268941525,0.03267755918639546,0.04601533844614872,0.288385083983617,0.038916726846269345,0.28822967723739035
0.34500000000000003,0.029676558852950983,0.04083543363303284,0.03434478159386462,0.047349116372124044,0.291980209619423,0.04055459114099963,0.2917796465322
0.35000000000000003,0.03167722574191397,0.042492308914449696,0.03601200400133378,0.04934978326108703,0.2956000348464504,0.042233234575790535,0.29531191028128656
0.355,0.033011003667889297,0.044221947856492756,0.037345781927309106,0.051033677892630865,0.29907166252614714,0.04395285073335348,0.29882655679142756
0.36,0.03334444814938313,0.04603403002869493,0.03934644881627209,0.053351117039013005,0.30255130088407817,0.04571361884226921,0.302323673928969
0.365,0.03601200400133378,0.047875484687755446,0.04101367122374125,0.05501833944648216,0.30606665351580375,0.04751570375430314,0.3058033491220211
0.37,0.03667889296432144,0.049762666968402196,0.0426808936312104,0.05735245081693898,0.3095462918737343,0.04935925592783347,0.3092656693626453
0.375,0.0383461153717906,0.05165952881858177,0.044998332777592534,0.059353117705901966,0.3130476258185502,0.05124441141737329,0.31271072120902776
0.38,0.03934644881627209,0.053669875277077686,0.046348782927642544,0.061687229076358784,0.31652693039822105,0.05317129186916847,0.31613859078764417
0.385,0.04101367122374125,0.05566019503998832,0.0480160053351117,0.06370456818939645,0.31998253672145,0.055140004522844954,0.3195493637954123
0.39,0.042347449149716575,0.05769423975492667,0.05033344448149383,0.06568856285428476,0.3234474888359519,0.05715064221908256,0.32294312550183535
0.395,0.044014671557185726,0.059753651617606256,0.05201733911303768,0.06770590196732242,0.32683066527681426,0.05920328341328168,0.32631996075113234
0.4,0.04534844948316105,0.061882489358314516,0.054334778259419805,0.07004001333777923,0.3301110380136722,0.06129799219519261,0.3296799539643607
0.405,0.04701567189063021,0.06404503870325808,0.05635211737245749,0.07204068022674223,0.33347919443284546,0.06343481831447201,0.3330231891415256
0.41000000000000003,0.049016338779593195,0.06623028496986476,0.05801933977992664,0.07435811937312438,0.33677558852617245,0.06561379721212535,0.3363497498636806
0.41500000000000004,0.05135045015005002,0.06846526419717477,0.06068689563187729,0.0770423474491497,0.34008633508466807,0.06783495005779694,0.33965971929501715
0.42,0.0543514504834945,0.07074196570695397,0.06300433477825942,0.07935978659553185,0.3433944114170851,0.07009828379285882,0.34295318018494325
0.425,0.05535178392797599,0.07304069658187701,0.0650216738912971,0.08169389796598867,0.3466434089975268,0.0724037911792561,0.3462302148701527
0.43,0.057685895298432814,0.07539883998703623,0.06735578526175391,0.08436145381793932,0.3498990821431629,0.07475145085405382,0.3494909052766835
0.435,0.06002000666888963,0.0778157283659118,0.07002334111370456,0.08669556518839613,0.3531330597019152,0.07714122738963491,0.35273533292196535
0.44,0.06202067355785262,0.08020190914489032,0.07202400800266756,0.08936312104034679,0.3563954084127474,0.07957307135949249,0.3559635789168586
0.445,0.06402134044681561,0.08271192165823718,0.07435811937312438,0.0916972324108036,0.35957765034123795,0.08204691940955855,0.35917572396768127
0.45,0.06802267422474158,0.08522126661506461,0.0766922307435812,0.09436478826275425,0.36282497903038063,0.0845626943350068,0.36237184837822667
0.455,0.07169056352117373,0.0878063792368562,0.07902634211403801,0.09736578859619874,0.36600755473713076,0.08712030516246827,0.3655520320517718
0.46,0.07435811937312438,0.09039649853254371,0.08167722574191398,0.09969989996665556,0.3691040156528654,0.08971964723758974,0.36871635449307405
0.465,0.0766922307435812,0.0930767379583651,0.08402800933644548,0.1023674558186062,0.372260556655354,0.09236060231786952,0.3718648948103592
0.47000000000000003,0.07935978659553185,0.09576699073197903,0.08667889296432145,0.10536845615205068,0.3754004087448564,0.09504303867069835,0.3749977317172992
0.47500000000000003,0.08269423141047015,0.09850797780107545,0.08902967655885295,0.108702900966989,0.3784711687345897,0.09776681117653124,0.37811494353498
0.48,0.0853617872624208,0.1012996991656546,0.09136378792930977,0.11137045681893964,0.3816036777023773,0.1005317614371139,0.38121660819385916
0.485,0.08669556518839613,0.10417319620387311,0.09436478826275425,0.11437145715238413,0.38466375678779774,0.10333771788868895,0.38430280323571486
0.49,0.08836278759586529,0.10705870925944297,0.09768256085361789,0.11738912970990328,0.3877335154427519,0.10618449592009627,0.3873736058155839
0.495,0.09036345448482827,0.10988080444565936,0.10036678892964321,0.12005668556185393,0.39082763991066766,0.10907189799568984,0.39042909270369075
0.5,0.09236412137379127,0.11285243229224551,0.10301767255751917,0.1230743581193731,0.3939170914829473,0.11199971378298262,0.3934693402873666
0.505,0.0960320106702234,0.1158397477170402,0.10601867289096366,0.12570856952317438,0.39689105577735195,0.11496772028493685,0.39649442457295947
0.51,0.0970323441147049,0.11887078809386237,0.10903634544848283,0.12904301433811272,0.39994078773672015,0.11797568197680774,0.3995044211877341
0.515,0.10036678892964321,0.12189081378811283,0.11235411803934646,0.13171057019006335,0.40291675470068317,0.12102335094745031,0.40249940538176254
0.52,0.10403467822607536,0.12498961115166493,0.11535511837279094,0.13506168722907633,0.40589572566898413,0.12411046704500084,0.4054794520298056
0.525,0.10736912304101368,0.12808006405872358,0.1183727909303101,0.13806268756252082,0.4088543361634402,0.12723675802683404,0.4084446356331849
0.53,0.10936978992997666,0.13128733935669595,0.12104034678226075,0.14138046015338446,0.4117852430623359,0.13040193971370256,0.4113950303216448
0.535,0.11170390130043348,0.13448460130687528,0.12404134711570523,0.14506502167389126,0.41472182419164744,0.1336057161479628,0.41433070985520626
0.54,0.11570523507835945,0.13774661623944698,0.12770923641213738,0.14806602200733576,0.41762068837760713,0.13684777975578388,0.41725174762601036
0.545,0.12004001333777926,0.1411121024325428,0.1310436812270757,0.15106702234078023,0.4205028636505803,0.14012781151324505,0.4201582166601536
0.55,0.12270756918972991,0.14443052589101246,0.13436145381793932,0.15538512837612536,0.42338971181918833,0.14344548111621414,0.42305018961951335
0.555,0.12537512504168055,0.14778132584067907,0.13702900966988996,0.15840280093364453,0.42623049858795137,0.14680044715390655,0.42592773880356405
0.56,0.1300433477825942,0.15123593082912853,0.14038012670890296,0.162054018006002,0.42904191286985577,0.1501923572860217,0.42879093615118513
0.5650000000000001,0.13437812604201402,0.1546621646654993,0.14436478826275426,0.16572190730243413,0.431866010725631,0.15362084842334806,0.43163985324245957
0.5700000000000001,0.1397132377459153,0.15818853197979585,0.14771590530176726,0.1693897965988663,0.434687772133588,0.15708554691173132,0.4344745613004629
0.5750000000000001,0.14404801600533512,0.1617072223941181,0.1513671223741247,0.1727242414138046,0.4375342331327666,0.16058606871929781,0.4372951311930443
0.58,0.15071690563521173,0.165188529643348,0.1543847949316439,0.1760586862287429,0.4404000532710101,0.16412201962682554,0.44010163343459796
0.585,0.15538512837612536,0.1687402641053855,0.15803601200400133,0.17939313104368124,0.443187101739953,0.16769299542115013,0.4428941381878261
0.59,0.15838612870956986,0.17232470883687925,0.16138712904301433,0.18372790930310104,0.44597147998281556,0.17129858209149557,0.4456727152654929
0.595,0.16172057352450817,0.17600394659414323,0.16472157385795266,0.18741247082360785,0.4487128008301734,0.1749383560286225,0.4484374341321702
0.6,0.16438812937645883,0.17966215632104254,0.16805601867289097,0.19073024341447148,0.45145312034275076,0.17861188422667468,0.4511883639059736
0.605,0.16672224074691563,0.18341182129111422,0.1727075691897299,0.19473157719239748,0.4541997816422625,0.18231872448761538,0.4539255733602906
0.61,0.16905635211737247,0.18714980402209486,0.1760420140046682,0.19873291097032345,0.4569481118330732,0.18605842562814112,0.4566491309255002
0.615,0.1727242414138046,0.19090314055302401,0.17937645881960654,0.20240080026675558,0.4596617290848702,0.1898305276889547,0.4593591046906834
0.62,0.1760586862287429,0.19469085624470767,0.18306102034011337,0.20640213404468155,0.4624174023973949,0.19363456214628522,0.4620555624053255
0.625,0.17972657552517507,0.19861875880548802,0.18706235411803934,0.21040346782260755,0.4650525817581494,0.19747005212554242,0.4647385714810097
0.63,0.18406135378459487,0.20246088035351142,0.19071357119039678,0.2134211403801267,0.46773916297090706,0.20133651261698587,0.4674081989931028
0.635,0.1867289096365455,0.2063370472840299,0.19438146048682894,0.217405801933978,0.47040805393589546,0.20523345069329646,0.47006451168243146
0.64,0.1887295765255085,0.21032603126634505,0.1983994664888296,0.2217405801933978,0.4730181999271692,0.20916036572893637,0.47270757595695145
0.645,0.19339779926642214,0.21422723156634446,0.20206735578526175,0.2250916972324108,0.4756667304183133,0.2131167496211765,0.4753374578934071
0.65,0.19606535511837278,0.21824458670073874,0.20606868956318772,0.22940980326775592,0.4782551808227027,0.21710208701268124,0.47795422323898396
0.655,0.1993997999333111,0.22225660138297704,0.21007002334111372,0.2337612537512504,0.4808312814314814,0.22111585551553326,0.48055793741295183
0.66,0.20140046682227408,0.2263440499519189,0.21405468489496499,0.2377459153051017,0.4834317478532215,0.22515752593658017,0.4831486655083008
0.665,0.20640213404468155,0.23038543712101558,0.2183894631543848,0.2420806935645215,0.48600851601851863,0.2292265625039938,0.4857264722933681
0.67,0.21073691230410135,0.2344445145378788,0.22240746915638546,0.24576525508502833,0.48858194640121916,0.23332242309492035,0.48829142221345756
0.675,0.21340446815605202,0.23860439298918754,0.22674224741580526,0.2504168056018673,0.491126004297061,0.23744455946411175,0.4908435793924508
0.68,0.217405801933978,0.24272188160150795,0.23074358119373126,0.2547515838612871,0.4936610501798887,0.24159241747342136,0.49338300763441045
0.685,0.22107369123041012,0.24685238756595898,0.23474491497165723,0.25843614538179394,0.49627219750594165,0.24576543732205314,0.4959097704251745
0.6900000000000001,0.22540846948982995,0.2510866985691931,0.23907969323107703,0.2627875958652884,0.498826268749577,0.249963053777444,0.49842393093394455
0.6950000000000001,0.22940980326775592,0.2553286864724012,0.24341447149049683,0.2674224741580527,0.5013049061065069,0.2541846964066776,0.5009255520148641
0.7000000000000001,0.23407802600866956,0.25956466636693404,0.24773257752584193,0.27142380793597864,0.5037925554764504,0.25842978980830666,0.5034146962085906
0.705,0.23941313771257086,0.2638807530438076,0.25175058352784263,0.27575858619539845,0.5063139164506292,0.2626977538444792,0.5058914257438583
0.71,0.24274758252750916,0.26827294116390477,0.2557519173057686,0.28009336445481825,0.5087655177685193,0.26698800387325566,0.5083558025390349
0.715,0.2494164721573858,0.27266679817530076,0.2600700233411137,0.28442814271423805,0.5112124461907727,0.27129995098100557,0.5108078882036684
0.72,0.2527509169723241,0.2770372907085144,0.2644214738246082,0.2887629209736579,0.5136964239998593,0.27563300221477993,0.5132477440400283
0.725,0.25741913971323777,0.28145684864591136,0.26873957985995334,0.2930976992330777,0.516120989278709,0.2799865608145443,0.5156754310446375
0.73,0.2634211403801267,0.2858500381007884,0.272757585861954,0.2974491497165722,0.5185175171837403,0.2843600264451708,0.5180910099097975
0.735,0.26875625208402804,0.29027960938597774,0.27742580860286764,0.30143381127042346,0.5209170490931082,0.28875279542808013,0.5204945410251058
0.74,0.2720906968989663,0.2947088468929082,0.28207735911970655,0.30578526175391796,0.5232765276113064,0.29316426097243226,0.5228860844789656
0.745,0.27675891963988,0.29918714980402195,0.28642880960320105,0.3104534844948316,0.5256236563338932,0.29759381340575564,0.5252657000600875
0.75,0.2824274758252751,0.30359302283276957,0.2910970323441147,0.3147715905301767,0.5279744566173379,0.3020408404039196,0.5276334472589853
0.755,0.28642880960320105,0.30807900264385807,0.2957652550850283,0.3194398132710904,0.5303245893442634,0.3065047272203422,0.529989385269462
0.76,0.2917639213071024,0.3126267314330008,0.300433477825942,0.32444148049349786,0.5326803963016041,0.3109848569143393,0.5323335729900908
0.765,0.296432144048016,0.3170903481006852,0.3047682560853618,0.3284428142714238,0.5350405423763214,0.3154806105785102,0.5346660690256866
0.77,0.3001000333444481,0.3216127097420864,0.30975325108369456,0.33312770923641216,0.5373379381382047,0.31999136756506746,0.5369869316887719
0.775,0.3027675891963988,0.32620349592673686,0.3144214738246082,0.3371290430143381,0.5396136383132054,0.32451650571101254,0.5392962190010342
0.78,0.30776925641880626,0.33071818066816416,0.3187729243081027,0.34179726575525177,0.5419233838706997,0.3290554015620624,0.5415939886947765
0.785,0.31510503501167053,0.3352785930311772,0.3231077025675225,0.34678226075358454,0.5442381361020909,0.33360743059523645,0.5438802982143608
0.79,0.3194398132710904,0.33986003342455395,0.32775925308436143,0.35113371123707904,0.546473115329401,0.33817196744000827,0.5461552047176441
0.795,0.32477492497499166,0.3444307929136202,0.3324274758252751,0.3561187062354118,0.5487548235130763,0.34274838609793845,0.5484187650774077
0.8,0.32977659219739913,0.34898820127229513,0.3370956985661887,0.3604534844948316,0.551008160544672,0.3473360601606937,0.5506710358827784
0.805,0.33611203734578193,0.35356396743525736,0.3411137045681894,0.3651217072357453,0.5532087606112278,0.3519343630263715,0.5529120734406436
0.81,0.34178059353117707,0.3581210420156732,0.3454484828276092,0.3697899299766589,0.5554731123253969,0.35654266811404073,0.5551419337770589
0.8150000000000001,0.345781927309103,0.36276222871754654,0.3504501500500167,0.37479159719906635,0.5576540194746258,0.36116034907641853,0.5573606726386489
0.8200000000000001,0.35145048349449814,0.36737938338471826,0.35510170056685564,0.37914304768256085,0.5598062216935178,0.365786780010601,0.5595683454940008
0.8250000000000001,0.35578526175391795,0.3720569519169046,0.3601033677892631,0.38346115371790596,0.5620034839774746,0.37042133566676727,0.5617650075350509
0.8300000000000001,0.36212070690230075,0.3766674310188813,0.3647882627542514,0.3881293764588196,0.5641783831180293,0.3750633916547816,0.5639507136784645
0.835,0.36612204068022675,0.3813096190555341,0.3694564854951651,0.3927975991997332,0.5663582889324796,0.37971232464861493,0.5661255185670091
0.84,0.3694564854951651,0.38598919025728007,0.37444148049349785,0.3974658219406469,0.5684964724644612,0.3843675125885132,0.5682894765709203
0.845,0.3751250416805602,0.39066909523728494,0.3794431477159053,0.4018006002000667,0.57063899511382,0.38902833488084193,0.5704426417892609
0.85,0.3817939313104368,0.3952698947697283,0.3841280426808936,0.406485495165055,0.5727674990762688,0.3936941725955342,0.5725850680512733
0.855,0.3871290430143381,0.3999534713105907,0.3887962654218073,0.41147049016338777,0.5748619576562217,0.39836440866107453,0.5747168089177259
0.86,0.3911303767922641,0.4046420545253483,0.3931310436812271,0.41580526842280763,0.5770068167533997,0.40303842805695544,0.5768379176822511
0.865,0.39579859953317775,0.4093363119705243,0.3977992664221407,0.4208069356452151,0.579135654494107,0.407715618003538,0.5789484473726788
0.87,0.4021340446815605,0.4140018644853594,0.40245081693897966,0.4251417139046349,0.5812718353565286,0.4123953681492555,0.581048450752361
0.875,0.4084694898299433,0.41866307788281837,0.4061187062354118,0.4294931643881294,0.5833656263799646,0.4170770707551044,0.5831379803214916
0.88,0.41413804601533843,0.4233763606887989,0.41180393464488163,0.43449483161053687,0.5853849848514738,0.42176012087635817,0.5852170883184187
0.885,0.4188062687562521,0.4280806314817662,0.41612204068022673,0.43949649883294434,0.587450404722829,0.4264439165414495,0.5872858267209504
0.89,0.4274758252750917,0.43275452845309453,0.4207902634211404,0.44381460486828944,0.5895121530333265,0.4311278589279716,0.5893442472476544
0.895,0.43547849283094364,0.4374214160809693,0.4254751583861287,0.44848282760920305,0.5916116182871771,0.43581135253573927,0.5913924013591516
0.9,0.4428142714238079,0.44212034642178066,0.43014338112704237,0.4531510503501167,0.5936469981151529,0.44049380535686644,0.5934303402594009
0.905,0.4471490496832277,0.4468069269669806,0.434811603867956,0.457835945315105,0.595657678351909,0.44517462904280747,0.5954581148969812
0.91,0.4508169389796599,0.45143843409932066,0.43947982660886964,0.4628209403134378,0.5976503345626383,0.4498532390683193,0.597475775966364
0.915,0.45481827275758585,0.4560549212099731,0.44381460486828944,0.4668222740913638,0.5996279707516781,0.4545290548923,0.5994833739091812
0.92,0.46082027342447485,0.46071880483350947,0.44848282760920305,0.47184061353784595,0.6016353132058365,0.45920150011546196,0.6014809589154859
0.925,0.46548849616538845,0.46538235467878686,0.4531510503501167,0.4768256085361787,0.6036363138730587,0.46387000263480105,0.6034685809250071
0.93,0.47182394131377126,0.47002587782847904,0.458486162054018,0.4811603867955985,0.6056039367143068,0.46853399479482355,0.605446289628399
0.935,0.4754918306102034,0.47467540898684585,0.4628209403134378,0.4858452817605869,0.6075381817295787,0.4731929135354957,0.6074141344684816
0.9400000000000001,0.4798266088696232,0.47925951960630164,0.46780593531177056,0.49118039346448816,0.6095144828055792,0.4778462005368833,0.6093721646414789
0.9450000000000001,0.4838279426475492,0.4839244045646173,0.4724741580526842,0.49551517172390797,0.6114440549252159,0.4824933023604507,0.611320429098247
0.9500000000000001,0.48916305435145047,0.4885675939360502,0.4774924974991664,0.5005001667222407,0.613374294601371,0.48713367058698803,0.6132589765454988
0.9550000000000001,0.4928309436478826,0.4931617179032986,0.48214404801600536,0.5048516172057352,0.615313546290539,0.4917667619511426,0.6151878554470215
0.96,0.49816605535178393,0.497706442688103,0.48682894298099366,0.509186395465155,0.6172578046536038,0.49639203847252794,0.6171071140248879
0.965,0.5008336112037346,0.5023286040291718,0.49116372124041346,0.513837945981994,0.6191693527472132,0.5010089675833875,0.6190168002606627
0.97,0.5058352784261421,0.5068456252184169,0.4964654884961654,0.5175058352784262,0.6210825697321206,0.5056170222527948,0.6209169618966012
0.975,0.5115038346115371,0.5113910175597408,0.5011670556852285,0.5225075025008337,0.6229510604302202,0.5102156811073664,0.622807646436843
0.98,0.515838612870957,0.5159053685229086,0.5054851617205736,0.5271757252417473,0.6248452520543216,0.5148044285484774,0.6246889011486004
0.985,0.5215071690563521,0.5204253937164911,0.5101700566855618,0.5311770590196733,0.626689376939461,0.5193827548659598,0.6265607730633391
0.99,0.5261753917972658,0.5249280624405676,0.5145048349449817,0.5358619539846615,0.6285361720506762,0.523950156348273,0.6284233089779543
0.995,0.5305101700566855,0.5295158446208803,0.5191730576858953,0.5405301767255751,0.6303906440618682,0.5285061353891363,0.6302765554559411
1.0,0.535511837279093,0.5340051622145656,0.5235078359453151,0.5451817272424141,0.6322691481077607,0.5330502005906137,0.6321205588285577
1.0050000000000001,0.5418472824274758,0.5385488856645909,0.5281593864621541,0.549516505501834,0.6341142743276795,0.5375818668626449,0.6339553651959846
1.01,0.5485161720573525,0.5430044916540422,0.5321773924641547,0.5538512837612537,0.6359457156389471,0.5421006555190166,0.6357810204284766
1.0150000000000001,0.5521840613537846,0.5474954781390264,0.5371623874624876,0.5578692897632543,0.6377371035590443,0.5466060943697749,0.6375975701675097
1.02,0.5558519506502168,0.5519574259154121,0.5411637212404136,0.5625208402800934,0.6395358346008566,0.5510977178100697,0.6394050598269216
1.025,0.5608536178726242,0.5563946741005772,0.5458486162054018,0.5665221740580193,0.64131821050794,0.5555750669054434,0.6412035345940483
1.03,0.5645215071690564,0.5608519489813245,0.5501667222407469,0.5708569523174392,0.6430828961672578,0.5600376894735559,0.6429930394308526
1.035,0.5685228409469824,0.5652000783711355,0.5541847282427476,0.5748749583194398,0.644846246713536,0.5644851401623564,0.6447736190750485
1.04,0.5745248416138713,0.5695655642304527,0.559186395465155,0.5798599533177726,0.6465999176902811,0.5689169805247076,0.6465453180412198
1.045,0.5808602867622541,0.573939728324522,0.563187729243081,0.5838612870956985,0.648373615362612,0.5733327790894678,0.6483081806219331
1.05,0.5841947315771924,0.5783279111055029,0.5678559519839946,0.5885295098366122,0.6501169392133044,0.5777321114290446,0.6500622508888447
1.055,0.5878626208736245,0.582693730743081,0.5721907302434145,0.592864288096032,0.6518499159379452,0.5821145602234263,0.6518075726938024
1.06,0.5901967322440813,0.5870502045893843,0.5765255085028342,0.5975325108369457,0.6536269513928729,0.586479715320713,0.6535441896699425
1.065,0.5951983994664888,0.5913749695010119,0.5805268422807602,0.6015505168389462,0.6554073246303981,0.5908271737941492,0.6552721452327799
1.07,0.598866288762921,0.595628305865051,0.5848616205401801,0.6062187395798599,0.6571342933463633,0.5951565399956895,0.6569914825812934
1.075,0.6035345115038346,0.5999373831984699,0.5891963987995998,0.610536845615205,0.6588422367015233,0.5994674256061017,0.6587022446990063
1.08,0.6075358452817606,0.6042000653537828,0.5935311770590197,0.6145548516172057,0.6605595258479556,0.6037594496816368,0.6604044743550609
1.085,0.6132044014671557,0.6084991293394096,0.5978659553184394,0.6188729576525509,0.6622344251553983,0.6080322386972823,0.6620982141052869
1.09,0.6172057352450817,0.6127017314079662,0.6022007335778593,0.6228909636545514,0.6638963071107118,0.6122854265866224,0.6637835062932667
1.095,0.6222074024674892,0.6169043334765251,0.606535511837279,0.6272090696898966,0.6655455054921539,0.6165186547783279,0.6654603930513924
1.1,0.6258752917639213,0.621078564393002,0.6108536178726243,0.6308769589863288,0.6671977078779345,0.6207315722293061,0.6671289163019205
1.105,0.6315438479493164,0.6252327686138967,0.6152050683561187,0.6352117372457485,0.6688819529766518,0.624923835454531,0.668789117758019
1.11,0.6355451817272424,0.6293632745783465,0.6195231743914639,0.6392130710236745,0.6705198028972622,0.6290951085535881,0.670441038924811
1.115,0.640213404468156,0.6335381730513444,0.6235411803934645,0.6435478492830944,0.6722003764351215,0.6332450632339577,0.6720847211004115
1.12,0.6465488496165388,0.6376640061201578,0.6272090696898966,0.6472490830276759,0.6738145280992897,0.637373378831075,0.6737202053769605
1.125,0.6515505168389463,0.6417871689628952,0.6315271757252418,0.6518839613204401,0.6754350215503928,0.6414797423251908,0.6753475326416503
1.1300000000000001,0.6568856285428476,0.645847247714536,0.6351950650216739,0.6555518506168723,0.6770518434406403,0.6455638483550736,0.6769667435777471
1.135,0.6595531843947983,0.6498959780053484,0.6392130710236745,0.6595698566188729,0.6786316159440537,0.6496253992285819,0.6785778786656087
1.1400000000000001,0.6648882960986996,0.6539447082961583,0.6435311770590197,0.6635711903967989,0.6802294124734947,0.6536641049301488,0.6801809781836962
1.145,0.6695565188396132,0.6579236789306814,0.6475491830610204,0.6675558519506503,0.6818078498638684,0.6576796831252074,0.6817760822095809
1.1500000000000001,0.6735578526175392,0.6618956402217496,0.6512004001333779,0.67189063021007,0.6833902925933598,0.6616718591616046,0.6833632306209468
1.155,0.6775591863954652,0.6658973077779345,0.6552184061353784,0.675891963987996,0.6849787433315276,0.6656403660680341,0.6849424630965867
1.16,0.6815605201733911,0.6698312183473901,0.6595531843947983,0.6795598532844281,0.6865531753827856,0.6695849445495332,0.6865138191173947
1.165,0.6858952984328109,0.6736903625866618,0.6635545181727243,0.6832277425808603,0.6881296101036016,0.6735053429800839,0.6880773379673533
1.17,0.6912304101367123,0.6775044467608656,0.6675558519506503,0.6875625208402801,0.6896696629941044,0.6774013173923583,0.689633058734515
1.175,0.6945648549516505,0.6813969688261131,0.67189063021007,0.6912304101367123,0.6912390883714664,0.6812726314646542,0.6911810203119801
1.18,0.6978992997665888,0.6852751384261889,0.6755585195065021,0.694914971657219,0.6927844817141248,0.6851190565050599,0.6927212613988687
1.185,0.7012337445815272,0.6890451638701048,0.6792264088029343,0.6988996332110704,0.6943095145829391,0.6889403714329003,0.6942538205012883
1.19,0.705568522840947,0.692785816827164,0.6832277425808603,0.7022340780260087,0.6958442270212861,0.6927363627574993,0.6957787359332959
1.195,0.7115705235078359,0.6964910892886874,0.6865621873957986,0.7062354118039347,0.6973715963379183,0.6965068245543156,0.6972960458178572
1.2,0.7165721907302434,0.7002717956369171,0.6905635211737245,0.7099033011003668,0.6988405544590937,0.7002515584384887,0.6988057880877978
1.205,0.7215738579526508,0.7038802724031118,0.6942314104701567,0.7135878626208736,0.7003425566279846,0.7039703735358518,0.7003080004867537
1.21,0.7255751917305768,0.7075565061560403,0.6975658552850951,0.717572524174725,0.7018312076664855,0.7076630864514494,0.7018027205701126
1.215,0.7279093031010336,0.7111936878525741,0.7012337445815272,0.7209069689896632,0.7033001657876615,0.7113295212356194,0.7032899857059547
1.22,0.7319106368789596,0.7148448882360164,0.7052350783594532,0.7252417472490831,0.7047831425957459,0.7149695093476796,0.7047698330759857
1.225,0.735245081693898,0.7184133116110448,0.7085695231743915,0.728592864288096,0.706270458521209,0.7185828896172739,0.7062422996764672
1.23,0.7382460820273424,0.721965046073082,0.7125708569523175,0.7322440813604535,0.70773240729893,0.7221695082034251,0.7077074223191406
1.235,0.7432477492497499,0.7255204520959779,0.7162387462487496,0.7355785261753918,0.7091976938592486,0.7257292185513495,0.7091652376321484
1.24,0.7472490830276759,0.7290307980538059,0.7198899633211071,0.7389296432144048,0.7106269323675122,0.7292618813470773,0.7106157820609493
1.245,0.750916972324108,0.7325294617725436,0.7229076358786262,0.7422640880293431,0.7121049025017008,0.7327673644699385,0.7120590918692298
1.25,0.7552517505835279,0.7358916101830424,0.7259086362120707,0.7459153051017006,0.7135027658535492,0.7362455429429594,0.7134952031398099
1.2550000000000001,0.7579193064354784,0.7393158413498537,0.7289096365455152,0.7495831943981327,0.7149406825965685,0.7396962988812252,0.7149241517755465
1.26,0.7622540846948983,0.742729725390612,0.7328942980993665,0.7526008669556519,0.7163528984135864,0.7431195214382614,0.7163459735002295
1.2650000000000001,0.7655885295098366,0.7461095640488781,0.735895298432811,0.7559186395465155,0.7177677844566787,0.7465151067504843,0.7177607038594767
1.27,0.7679226408802934,0.7494243159464892,0.7395798599533178,0.7592697565855284,0.7191773300476195,0.7498829578797755,0.7191683782216203
1.2750000000000001,0.7702567522507503,0.7527343949484657,0.742914304768256,0.7625875291763922,0.7205735245081696,0.7532229847542339,0.7205690317785927
1.28,0.7719239746582194,0.7560498144026,0.7459153051017006,0.7655885295098366,0.7219927496686415,0.7565351041071537,0.7219626995468058
1.285,0.7765921973991331,0.7593141657829892,0.7495831943981327,0.768922974324775,0.7234189841725693,0.7598192394142913,0.7233494163680265
1.29,0.7792597532510837,0.762533123320052,0.752917639213071,0.7722574191397132,0.7248338702156646,0.7630753208294616,0.7247292169102477
1.295,0.7815938646215406,0.7658051516004168,0.7559186395465155,0.7755918639546515,0.7261723210372764,0.766303285118529,0.7261021356685544
1.3,0.784594864954985,0.7689970730984397,0.7592530843614538,0.7789263087695899,0.7274914127198226,0.7695030755918394,0.7274682069659875
1.305,0.7879293097699233,0.7721773123573717,0.7622540846948983,0.7819273091030343,0.7288261919805756,0.7726746420351488,0.7288274649544001
1.31,0.7899299766588863,0.7752617572557555,0.7652550850283428,0.7852617539179727,0.7301900099499298,0.775817940639102,0.7301799436153131
1.315,0.7945981993997999,0.7783922635539856,0.7685895298432811,0.7882627542514171,0.731527459436763,0.7789329339273139,0.7315256767607634
1.32,0.7982660886962321,0.7815187645130965,0.7715905301767255,0.7915971990663555,0.7328238541976461,0.7820195906831078,0.7328646980341497
1.325,0.8006002000666889,0.7846188969896873,0.77459153051017,0.7949316438812938,0.7341643076888155,0.7850778858749621,0.7341970409110734
1.33,0.8032677559186395,0.7876088826405598,0.7772590863621207,0.7979326442147382,0.7354854020409213,0.7881078005807196,0.735522738700176
1.335,0.8059353117705902,0.7905434611003146,0.7805768589529843,0.8009503167722574,0.736822183971234,0.7911093219106118,0.7368418245439713
1.34,0.8069356452150717,0.7934913906904575,0.7835945315105035,0.804268089363121,0.7381656414667421,0.7940824429291493,0.738154331419674
1.345,0.8089363121040347,0.796404607341586,0.7862620873624542,0.8069356452150717,0.7395024233970541,0.7970271625759325,0.7394602921400244
1.35,0.8119373124374791,0.7993218293318327,0.789246415471824,0.8099366455485162,0.7408074963926914,0.7999434855854348,0.7407597393541085
1.355,0.8152717572524175,0.802221027296052,0.7922640880293431,0.8126042014004669,0.7421165747274453,0.8028314224058049,0.7420527055481743
1.36,0.8166055351783928,0.8050588100604779,0.7952650883627876,0.8152717572524175,0.7433912739014445,0.8056909891167475,0.7433392230464442
1.365,0.8182727575858619,0.8078795701336535,0.7982660886962321,0.8179393131043681,0.7446315939146874,0.808522207346527,0.7446193240119223
1.37,0.8199399799933311,0.8106562714765447,0.8009336445481827,0.8206068689563187,0.7459596976102479,0.8113251041881476,0.7458930404471997
1.375,0.8222740913637879,0.8133612104935892,0.804268089363121,0.8236078692897633,0.7472384021233639,0.8140997121147581,0.7471604041952535
1.3800000000000001,0.8259419806602201,0.8160628117280334,0.8069356452150717,0.8262754251417139,0.7485007515017512,0.8168460688943343,0.7484214469402435
1.385,0.8299433144381461,0.8187290324669453,0.8099366455485162,0.8282760920306769,0.7497544226453863,0.8195642175036846,0.7496762002083039
1.3900000000000001,0.8329443147715905,0.8213762278450503,0.812270756918973,0.8309436478826275,0.751044475619334,0.822254206041831,0.7509246953683318
1.395,0.835945315105035,0.8240751588534176,0.8149383127709237,0.8336278759586528,0.7522761173978247,0.8249160876428107,0.7521669636327712
1.4000000000000001,0.8372790930310103,0.8266823008403532,0.8172724241413805,0.8362787595865289,0.7535254494240821,0.8275499203879494,0.7534030360583935
1.405,0.8402800933644549,0.8292390423100653,0.8199399799933311,0.8386128709569857,0.7547634329895082,0.8301557672176505,0.7546329435470737
1.41,0.8426142047349117,0.83178009620157,0.8222740913637879,0.8416305435145048,0.7559486795898934,0.83273369584275,0.7558567168465629
1.415,0.8452817605868623,0.8343111367452819,0.8252584194731578,0.8439646548849616,0.7571599608945391,0.8352837786554812,0.7570743865512576
1.42,0.8479493164388129,0.8368428448455127,0.8275925308436146,0.8466155385128377,0.75837925287742,0.837806092640095,0.7582859831029636
1.425,0.8499499833277759,0.8393321631067552,0.8299433144381461,0.8492997665888629,0.7595795194994928,0.8403007192831831,0.7594915367916579
1.43,0.8519506502167389,0.8417597323899423,0.8325941980660221,0.8512837612537513,0.7607717754433319,0.8427677444837458,0.7606910777562454
1.435,0.8542847615871957,0.8442019879165602,0.8346115371790597,0.852967655885295,0.7619600260480548,0.8452072584630503,0.761884635985313
1.44,0.8569523174391463,0.8466345638736442,0.8379293097699233,0.8559519839946649,0.7631375957484652,0.847619355674321,0.7630722413178782
1.445,0.8586195398466155,0.8490113988613489,0.8399299766588864,0.8582860953651217,0.7643124952227983,0.850004134712306,0.7642539234441365
1.45,0.8606202067355785,0.8513972458620678,0.8419473157719239,0.8606202067355785,0.7654583559885325,0.8523616982227611,0.7654297119062023
1.455,0.8632877625875292,0.8537039874152241,0.8442814271423807,0.8626375458486162,0.7666105585412022,0.8546921528118927,0.7665996360988487
1.46,0.8662887629209737,0.8559927049423547,0.8469489829943314,0.8652884294764922,0.767759423311274,0.8569956089557991,0.7677637252702412
1.465,0.8692897632544181,0.8582840926955635,0.8492830943647882,0.867622540846949,0.7689029476291894,0.859272180909952,0.7689220085226698
1.47,0.871623874624875,0.8605050532359635,0.8516172057352451,0.8696398799599866,0.7700775133252622,0.8615219866187558,0.7700745148132762
1.475,0.8752917639213071,0.8626826226025954,0.8536178726242081,0.871623874624875,0.77120735273453,0.8637451476252235,0.7712212729547776
1.48,0.8779593197732578,0.8649075884821136,0.855618539513171,0.873624541513838,0.7723458703785474,0.8659417889808082,0.7723623116161873
1.485,0.8802934311437146,0.8670617933705633,0.8579526508836278,0.8759586528842948,0.7734750422312943,0.8681120391554245,0.7734976593235312
1.49,0.8822940980326776,0.8692530476458449,0.8602867622540847,0.8779593197732578,0.7746032127492605,0.8702560299476982,0.7746273444605613
1.495,0.8852950983661221,0.8713248093041356,0.8622874291430477,0.8799766588862954,0.7757377250541638,0.8723738963954811,0.7757513952694647
1.5,0.8862954318106036,0.8733982398537253,0.8642880960320106,0.8822940980326776,0.7768475377678447,0.8744657766866598,0.7768698398515702
1.5050000000000001,0.8866288762920974,0.8754386263555977,0.866272090696899,0.8842947649216405,0.7779263091033689,0.8765318120703005,0.7779827061680507
1.51,0.8879626542180727,0.8774773439661718,0.8682894298099366,0.8862954318106036,0.7790281111388153,0.8785721467681554,0.7790900220406218
1.5150000000000001,0.8896298766255418,0.8795130575724105,0.8702900966988997,0.8886295431810604,0.7801506074263662,0.8805869278865701,0.7801918151522383
1.52,0.8922974324774925,0.8814987044396849,0.8726075358452818,0.8902967655885295,0.7812510743487727,0.8825763053288167,0.7812881130477852
1.5250000000000001,0.8936312104034678,0.8834856864199967,0.8742914304768256,0.8923141047015671,0.7823211674495435,0.8845404317078894,0.7823789431347672
1.53,0.8956318772924308,0.8854266070004649,0.8759586528842948,0.8942980993664554,0.7834142912502372,0.8864794622597888,0.783464332683993
1.5350000000000001,0.8976325441813938,0.8873037759333192,0.8779593197732578,0.8963154384794931,0.7844633563206428,0.8883935547573263,0.7845443088302579
1.54,0.8992997665888629,0.8891602506140697,0.8796265421807269,0.8979659886628877,0.7855441303257252,0.8902828694244757,0.785618898573022
1.545,0.9006335445148382,0.890974335455831,0.8819606535511837,0.8993164388129375,0.7866262394438464,0.8921475688513005,0.7866881287770848
1.55,0.9023007669223074,0.8928408234843715,0.8839613204401467,0.9009836612204067,0.7876763058490303,0.8939878179094843,0.7877520261732569
1.555,0.9039679893297766,0.8946679256782627,0.8859619873291097,0.9029676558852952,0.7887223669150982,0.8958037836684882,0.7888106173590288
1.56,0.9063021007002334,0.8964793402939454,0.8876292097365789,0.9049683227742581,0.7897824466680757,0.8975956353123637,0.7898639287992353
1.565,0.9083027675891964,0.8982173236924839,0.889296432144048,0.9066355451817273,0.7908144890472344,0.899363544057242,0.790911986826717
1.57,0.9099699899966656,0.8999419559606303,0.8912804268089364,0.9076525508502834,0.7918852497045237,0.9011076830695275,0.7919548176429796
1.575,0.9106368789596532,0.9016986309417119,0.893297765921974,0.9093197732577525,0.7929319783271096,0.9028282273848142,0.7929924473188473
1.58,0.9126375458486162,0.9034245983228968,0.8946148716238747,0.9109869956652217,0.7939807096192559,0.9045253538275505,0.7940249017951165
1.585,0.9159719906635545,0.905136547017175,0.8966322107369123,0.9129709903301101,0.7950020710941027,0.9061992409314716,0.7950522068832027
1.59,0.9186395465155052,0.9067977614159687,0.8982994331443814,0.914971657219073,0.7960501348297288,0.9078500688608213,0.7960743882657866
1.595,0.9206402134044681,0.9083902174932525,0.8999666555518506,0.9163054351450484,0.7970474642698724,0.9094780193323824,0.797091471497456
1.6,0.9223074358119373,0.9100077069400173,0.9016338779593198,0.9179726575525176,0.7980681581881982,0.9110832755383343,0.7981034820053446
1.605,0.924974991663888,0.9116041683564172,0.9029676558852952,0.9196398799599866,0.7990568093935881,0.9126660220699576,0.7991104450897679
1.61,0.9266422140713572,0.9131599088251311,0.9049516505501835,0.9206402134044681,0.8000955273379408,0.9142264448422011,0.8001123859248556
1.615,0.9279759919973325,0.9147169844068831,0.9063021007002334,0.9219906635545181,0.8010985310084999,0.9157647310191285,0.8011093295591803
1.62,0.9309769923307769,0.9162239932496694,0.907952650883628,0.9239746582194065,0.8020624826226684,0.9172810689402631,0.8021013009163853
1.625,0.9313104368122708,0.9177002944925591,0.9089696565521841,0.9253084361453818,0.8030384502541889,0.9187756480478407,0.8030883247958059
1.6300000000000001,0.93297765921974,0.9191772632919666,0.9109536512170724,0.9266588862954318,0.8040190907813447,0.9202486588149904,0.8040704258730906
1.635,0.9339779926642214,0.9205858075481279,0.9123041013671224,0.9283094364788262,0.8050130824388928,0.9217002926748533,0.8050476287008175
1.6400000000000001,0.9353117705901968,0.9220283971867825,0.9139546515505169,0.9299766588862954,0.8059940567443082,0.923130741950654,0.8060199577091081
1.645,0.9366455485161721,0.9234382765559842,0.914971657219073,0.9313104368122708,0.8069323074324747,0.9245401997867359,0.8069874372062382
1.6500000000000001,0.9389796598866289,0.9247800651601926,0.9166388796265422,0.9323107702567522,0.8079089426205128,0.9259288600805727,0.8079500913792459
1.655,0.9396465488496165,0.9261609058207931,0.9183061020340113,0.9336612204068022,0.808856872878213,0.9272969174157665,0.8089079442945354
1.6600000000000001,0.940646882294098,0.9274693165990249,0.9196398799599866,0.9353284428142714,0.8098154840402251,0.9286445669960426,0.8098610198984795
1.665,0.9419806602200733,0.9288161118771314,0.920973657885962,0.9366455485161721,0.8107841085500302,0.9299720045802496,0.810809342018018
1.67,0.9429809936645549,0.930126525324925,0.9223074358119373,0.9379793264421474,0.8117173525643003,0.9312794264183756,0.8117529343612532
1.675,0.9436478826275425,0.9314032271684839,0.9236412137379126,0.9389796598866289,0.812656270808989,0.932567029188586,0.812691820518043
1.68,0.9443147715905301,0.9326542280860391,0.924974991663888,0.9403134378126042,0.8135688205711544,0.9338350099352913,0.81362602396059
1.685,0.9456485495165055,0.9338928792079828,0.9263087695898633,0.9413137712570857,0.81451007526366,0.9350835660082533,0.8145555680440291
1.69,0.9456485495165055,0.9351178454212788,0.9273091030343448,0.9429809936645549,0.8154319708170997,0.9363128950027311,0.8154804760070107
1.695,0.9459819939979993,0.9362990866825474,0.928976325441814,0.9436645548516172,0.8163528650357588,0.9375231947006787,0.8164007709722821
1.7,0.9469823274424808,0.9374779914959962,0.9303101033677893,0.9449816605535178,0.8172610756805491,0.938714663012992,0.8173164759472653
1.705,0.9473157719239746,0.938678591896331,0.9316438812937646,0.9463154384794932,0.8181762956687944,0.9398874979228163,0.8182276138246325
1.71,0.9489829943314438,0.9398241188838069,0.9326442147382461,0.9473157719239746,0.8190985250004912,0.941041897429911,0.8191342073828779
1.715,0.9509836612204068,0.9409619689713055,0.9336278759586529,0.9483161053684561,0.8199793658279808,0.9421780594960799,0.8200362792868878
1.72,0.9523174391463821,0.9421018217283648,0.9346282094031344,0.9493331110370122,0.8208909142553681,0.943296181991667,0.8209338520885068
1.725,0.9536512170723574,0.9432259869072134,0.9356452150716905,0.9503167722574192,0.8217844386567288,0.9443964626431184,0.8218269482271016
1.73,0.9543181060353451,0.9443294578339588,0.9369789929976658,0.9513171057019006,0.822663276814661,0.9454790989816151,0.8227155900301222
1.735,0.9549849949983328,0.9453965469303921,0.9379626542180728,0.9519839946648883,0.8235417811943323,0.9465442882927726,0.82359979971366
1.74,0.9556518839613204,0.9464362662095224,0.9389796598866289,0.9533177725908636,0.8244159464566272,0.947592227567412,0.8244795993830032
1.745,0.9559853284428143,0.947495678405981,0.9399799933311104,0.9543181060353451,0.8252844374885063,0.9486231134533987,0.8253550110331891
1.75,0.9569856618872957,0.9485180412156078,0.9413137712570857,0.9553351117039013,0.8261672809855518,0.9496371422085492,0.8262260565495548
1.7550000000000001,0.9576525508502834,0.9494990155210248,0.9423141047015672,0.956652217405802,0.8270387760217687,0.9506345096546052,0.8270927577082836
1.76,0.9583194398132711,0.950508027200259,0.9436478826275425,0.9573191063687896,0.8279039292710503,0.9516154111322704,0.8279551361769495
1.7650000000000001,0.9586528842947649,0.9514880001708941,0.9443147715905301,0.9586528842947649,0.8287927807767749,0.952580041457311,0.8288132135150591
1.77,0.9599866622207403,0.9524159037330099,0.9453151050350117,0.9593197732577526,0.8296385748869906,0.9535285948777139,0.8296670111745905
1.7750000000000001,0.9609869956652217,0.9533204428169417,0.9463154384794932,0.9603201067022341,0.8304830338841682,0.9544612650319013,0.83051655050053
1.78,0.962320773591197,0.9542633664007447,0.9473157719239746,0.9613204401467156,0.831338507563916,0.9553782449079958,0.8313618527314045
1.7850000000000001,0.9633211070356785,0.9551642339238199,0.9482994331443815,0.9619873291097032,0.8321729532133003,0.9562797268041342,0.8322029389998141
1.79,0.9643214404801601,0.9560537529860634,0.949299766588863,0.9629876625541848,0.8330207499930735,0.9571659022898227,0.8330398303329594
1.795,0.9653217739246416,0.9569392667091897,0.9503167722574192,0.9636545515171724,0.8338535267511594,0.9580369621683305,0.833872547653167
1.8,0.966322107369123,0.95780775774107,0.951300433477826,0.9646548849616539,0.8346572648006462,0.9588930964401139,0.8347011117784134
1.805,0.966322107369123,0.9586565558556243,0.9523174391463821,0.9653217739246416,0.8354726850892231,0.9597344942672679,0.8355255434228451
1.81,0.9669889963321107,0.9594960081789046,0.9533177725908636,0.9659886628876292,0.8363201480907382,0.9605613439389953,0.836345863197296
1.815,0.9669889963321107,0.9603087582414033,0.9539846615538513,0.9666722240746916,0.8371041932228998,0.961373832838091,0.837162091609803
1.82,0.9686562187395799,0.961127516312577,0.9549849949983328,0.9673224408136045,0.8379329646418685,0.9621721474084295,0.8379742490661193
1.825,0.9693231077025676,0.9619209072360111,0.9556518839613204,0.968322774258086,0.8387644062869147,0.9629564731234524,0.8387823558702232
1.83,0.9699899966655552,0.9626679029813391,0.9566355451817273,0.9689896632210737,0.839551455423414,0.9637269944556455,0.8395864322248272
1.835,0.9709903301100367,0.9634499454439412,0.9573191063687896,0.9696565521840613,0.8403258209860429,0.9644838948469986,0.8403864982318819
1.84,0.9716572190730244,0.9641832562806206,0.9579859953317773,0.970323441147049,0.8411195456877362,0.9652273566804396,0.8411825738930794
1.845,0.9716572190730244,0.9649132293347036,0.9586528842947649,0.9709903301100367,0.8419069286024944,0.9659575612522333,0.8419746791103522
1.85,0.972324108036012,0.9656171676845244,0.9593197732577526,0.9713404468156052,0.8427003195259275,0.966674688745337,0.8427628336863724
1.855,0.9733244414804935,0.9663541500820608,0.9599866622207403,0.9719906635545181,0.8434860335493879,0.9673789182037031,0.8435470573250452
1.86,0.9736578859619873,0.9670530817579853,0.9606535511837279,0.9726575525175059,0.8442720813511078,0.9680704275075186,0.8443273696320027
1.865,0.9739913304434812,0.9677743765773131,0.9616538846282094,0.9733244414804935,0.8450554589267496,0.9687493933493739,0.845103790115093
1.87,0.9739913304434812,0.968486659383627,0.962320773591197,0.9739913304434812,0.8458194773633259,0.9694159912113475,0.8458763381848686
1.875,0.9753251083694565,0.9691221731901969,0.9629876625541848,0.9746582194064688,0.846580158017304,0.9700703953429989,0.8466450331550716
1.8800000000000001,0.9756585528509503,0.9697737083532335,0.9639879959986662,0.9750083361120373,0.8473358319973862,0.97071277874026,0.8474098942431161
1.885,0.9759919973324441,0.9704015452598298,0.9646548849616539,0.9756585528509503,0.8481041895513398,0.9713433131252095,0.8481709405705694
1.8900000000000001,0.9759919973324441,0.9710527466446081,0.9653217739246416,0.976325441813938,0.8489149369442801,0.9719621689267264,0.8489281911636292
1.895,0.9759919973324441,0.9716458706121909,0.9659886628876292,0.9766755585195065,0.8496872998373501,0.9725695152620052,0.8496816649535996
1.9000000000000001,0.9759919973324441,0.9722590212753576,0.9666555518506169,0.9773257752584195,0.8504359644739781,0.9731655199189251,0.8504313807773649
1.905,0.9769923307769256,0.9728594883646547,0.9673224408136045,0.9779926642214072,0.8512083273670473,0.9737503493392613,0.8511773573778596
1.9100000000000001,0.9773257752584195,0.9734382598670687,0.9679726575525176,0.9786595531843948,0.8519546555558554,0.9743241686027261,0.8519196134045376
1.915,0.9779926642214072,0.974037391843327,0.9686395465155052,0.9789929976658887,0.8527250157793675,0.9748871414118279,0.852658167413838
1.92,0.9783261087029009,0.974586457080623,0.9689896632210737,0.9796598866288763,0.8534730128594754,0.975439430077537,0.8533930378696498
1.925,0.9786595531843948,0.9751435329961519,0.9696398799599867,0.9800100033344448,0.8542053223613746,0.975981195505747,0.8541242431437727
1.93,0.9786595531843948,0.975677244433498,0.9699899966655552,0.9803434478159386,0.8549466438762868,0.9765125971845163,0.8548518015163763
1.935,0.9796598866288763,0.9762032789708693,0.9706568856285428,0.9809936645548516,0.8556756155955884,0.9770337931720826,0.855575731176458
1.94,0.9806602200733577,0.9767243068343445,0.9709903301100367,0.9816605535178393,0.856374213493253,0.977544940085632,0.856296050222297
1.945,0.9809936645548516,0.9772373240195861,0.9716572190730244,0.9823274424808269,0.8570828247387093,0.9780461930908174,0.8570127766619071
1.95,0.9816605535178393,0.9777416629700736,0.972324108036012,0.9826608869623208,0.8577997804406601,0.9785377058920063,0.8577259284134864
1.955,0.9819939979993331,0.9782503410379371,0.9729743247749251,0.9829943314438147,0.8584736787471033,0.9790196307232517,0.858435523305866
1.96,0.9819939979993331,0.9787122901494348,0.9733244414804935,0.9836612204068023,0.8591635984100137,0.9794921183399687,0.8591415790789549
1.965,0.9819939979993331,0.9791942659565183,0.9739746582194065,0.9839946648882961,0.8598845594510812,0.9799553180113086,0.8598441133841846
1.97,0.9819939979993331,0.9796602204071331,0.9746582194064688,0.9839946648882961,0.8606095258312675,0.9804093775132123,0.8605431437849491
1.975,0.9823274424808269,0.9801201668490732,0.9749916638879627,0.9846615538512837,0.8612951063768018,0.9808544431221368,0.8612386877570448
1.98,0.9826608869623208,0.9805617554867271,0.9753084361453819,0.9850116705568522,0.861970339796282,0.9812906596094351,0.8619307626891072
1.985,0.9829943314438147,0.981011021024355,0.9756585528509503,0.9853451150383461,0.8626585905678933,0.9817181702363835,0.8626193858830458
1.99,0.9836612204068023,0.9814365883055418,0.976325441813938,0.9856785595198398,0.8633334902091148,0.9821371167498377,0.8633045745544762
1.995,0.9836612204068023,0.9818698324867029,0.9769923307769256,0.9863287762587529,0.8640390974502342,0.9825476393785078,0.8639863458331508
2.0,0.9836612204068023,0.9822656935027716,0.9773257752584195,0.9866622207402468,0.8647457060261328,0.982949876829839,0.8646647167633873
2.005,0.98432810936979,0.9826909270056993,0.9779926642214072,0.9869956652217405,0.8654219407803937,0.9833439662874862,0.8653397043044941
2.0100000000000002,0.9849949983327776,0.9830874555782867,0.9783261087029009,0.9873291097032344,0.8660911661911989,0.9837300434093658,0.8660113253311951
2.015,0.9863287762587529,0.9834866543769538,0.9786595531843948,0.9876625541847283,0.8667477080281337,0.9841082423262771,0.8666795966340506
2.02,0.9869956652217405,0.9838748384930488,0.9793097699233079,0.9883294431477159,0.8674009120824713,0.9844786956410768,0.8673445349198783
2.025,0.9876625541847283,0.9842399919092198,0.9796598866288763,0.9883461153717905,0.8680674672672,0.9848415344283958,0.8680061568121697
2.0300000000000002,0.9879959986662221,0.98460581288191,0.9803101033677893,0.9886628876292097,0.8686996432911732,0.9851968882348836,0.868664478851507
2.035,0.9886628876292097,0.9849723014111186,0.980326775591864,0.9889963321107036,0.8693742091541354,0.9855448850799705,0.8693195174959749
2.04,0.9886628876292097,0.9853377886055488,0.9806602200733577,0.9893297765921975,0.8700287483215124,0.9858856514571334,0.8699712891215741
2.045,0.9886628876292097,0.9856769073174573,0.9809936645548516,0.9896632210736912,0.8707049830757737,0.9862193123356504,0.8706198100226289
2.05,0.9893297765921975,0.9860180286989239,0.9816438812937647,0.9899966655551851,0.871345169777981,0.9865459911628383,0.8712650964121957
2.055,0.9893297765921975,0.9863668269803659,0.9819939979993331,0.9903301100366789,0.8719960373845005,0.9868658098667518,0.8719071644224681
2.06,0.9893297765921975,0.9866869203314682,0.9826442147382461,0.9903301100366789,0.872617532504162,0.98717888885934,0.8725460301051793
2.065,0.9893297765921975,0.9869839829826481,0.9829943314438147,0.9906635545181727,0.8732426991846797,0.9874853470400434,0.8731817094320049
2.07,0.9903301100366789,0.9873080816728674,0.9833277759253084,0.9909969989996665,0.8738828858868869,0.9877853017998203,0.8738142182949612
2.075,0.9906635545181727,0.9876048105457871,0.9836445481827276,0.9913304434811604,0.8745003756674303,0.9880788690255904,0.8744435725068028
2.08,0.9916638879626543,0.9879042096447851,0.9836612204068023,0.9916638879626543,0.8751068507654026,0.9883661631050852,0.8750697878014175
2.085,0.9916638879626543,0.9882066127481214,0.9843114371457153,0.9916638879626543,0.8757380254545964,0.9886472969320906,0.8756928798342206
2.09,0.9916638879626543,0.9884776406950404,0.98432810936979,0.991997332444148,0.8763878917263359,0.9889223819120728,0.8763128641825452
2.095,0.991997332444148,0.9887643562201682,0.9846615538512837,0.9923307769256419,0.8770257419807249,0.9891915279681723,0.8769297563460323
2.1,0.9923307769256419,0.9890233681497362,0.9849949983327776,0.9926642214071357,0.8776298806308797,0.9894548435475585,0.8775435717470181
2.105,0.9926642214071357,0.9892917258705778,0.9853284428142715,0.9926642214071357,0.8782353543940729,0.9897124356281312,0.8781543257309197
2.11,0.9929976658886296,0.9895477337958091,0.9856618872957652,0.9929976658886296,0.8788628575224104,0.9899644097255562,0.8787620335666183
2.115,0.9933311103701233,0.9898050768340793,0.9859953317772591,0.9929976658886296,0.8794770095203585,0.990210869900628,0.8793667104468418
2.12,0.9933311103701233,0.9900614185375711,0.9863287762587529,0.9933311103701233,0.8800778103879143,0.9904519187669439,0.8799683714885432
2.125,0.9933311103701233,0.9903114184541274,0.9866622207402468,0.9936645548516172,0.8806956339467185,0.9906876574988824,0.8805670317332803
2.13,0.9936645548516172,0.9905487347968138,0.9869956652217405,0.9936812270756918,0.8812870890230011,0.990918185839872,0.8811627061475904
2.1350000000000002,0.9936645548516172,0.9907703635612919,0.9869956652217405,0.9939979993331111,0.881894899234011,0.9911436021109418,0.8817554096233646
2.14,0.9943314438146049,0.990986651873613,0.9873291097032344,0.9939979993331111,0.8824349524582922,0.9913640032195423,0.8823451569782208
2.145,0.9943314438146049,0.9911899228338039,0.9876625541847283,0.9943314438146049,0.8830180630780816,0.9915794846686268,0.8829319629558736
2.15,0.9943314438146049,0.9914115515982814,0.9876625541847283,0.9943314438146049,0.8836208666151965,0.991790140565981,0.883515842226503
2.1550000000000002,0.9943314438146049,0.9916208305671484,0.9883294431477159,0.9946648882960987,0.8842046447915052,0.9919960636337949,0.8840968093871213
2.16,0.9946648882960987,0.9918447957794442,0.9886462154051351,0.9946648882960987,0.8847707327200471,0.9921973452184614,0.8846748789619375
2.165,0.9949983327775925,0.9920427262874789,0.9886628876292097,0.9949983327775925,0.8853505055572405,0.9923940753005966,0.8852500654027212
2.17,0.9953317772590864,0.9922253029955653,0.9889963321107036,0.9949983327775925,0.8859462997509007,0.9925863425052701,0.8858223830891635
2.1750000000000003,0.9953317772590864,0.9924232335036003,0.9889963321107036,0.9953317772590864,0.8865097174533658,0.9927742341124338,0.8863918463292363
2.18,0.995998666222074,0.9926064777682061,0.9893297765921975,0.9953317772590864,0.8870601178037006,0.992957836067545,0.8869584693595501
2.185,0.995998666222074,0.9927833802458758,0.9896465488496166,0.9956652217405801,0.8876415595321915,0.9931372329923678,0.8875222663457104
2.19,0.995998666222074,0.9929579462757278,0.9896632210736912,0.9956652217405801,0.8882116527998507,0.9933125081959508,0.8880832513826711
2.195,0.995998666222074,0.993132846083839,0.9899966655551851,0.995998666222074,0.8887924269718221,0.9934837436857653,0.8886414384950874
2.2,0.995998666222074,0.9933190943527818,0.9903301100366789,0.995998666222074,0.8893338153091424,0.9936510201790003,0.8891968416376661
2.205,0.995998666222074,0.9934849821478798,0.9903301100366789,0.9960153384461486,0.889884883215995,0.9938144171140035,0.8897494746955148
2.21,0.9966655551850617,0.993646197047341,0.9906635545181727,0.9963321107035679,0.8904392889054448,0.9939740126618601,0.8902993514844886
2.215,0.9973324441480493,0.9938177590728547,0.9909969989996665,0.9963321107035679,0.8909963648209732,0.9941298837381006,0.8908464857515359
2.22,0.9973324441480493,0.9939843144244715,0.9909969989996665,0.9966655551850617,0.8915661243103712,0.9942821060145306,0.891390891175042
2.225,0.9973324441480493,0.9941338470848411,0.9913304434811604,0.9969989996665555,0.8921148557694066,0.9944307539311732,0.8919325813651707
2.23,0.9973324441480493,0.9942897215321458,0.9913304434811604,0.9969989996665555,0.892639888971999,0.9945759007083178,0.8924715698642051
2.235,0.9973324441480493,0.9944402555272936,0.9916472157385796,0.9969989996665555,0.8931929595484118,0.994717618358665,0.8930078701468855
2.24,0.9973324441480493,0.9945891206311417,0.9916638879626543,0.9969989996665555,0.8937286736553163,0.994855977699564,0.8935414956207473
2.245,0.9973324441480493,0.9947226319350424,0.991997332444148,0.9969989996665555,0.8942313437145052,0.9949910483653304,0.8940724596264547
2.25,0.9973324441480493,0.9948534730128643,0.991997332444148,0.9973324441480493,0.8947473649040849,0.9951228988196408,0.8946007754381357
2.255,0.9973324441480493,0.9949919909906609,0.9923141047015672,0.9973324441480493,0.8952647212067031,0.9952515963679961,0.8951264562637131
2.2600000000000002,0.9973324441480493,0.9951231658467432,0.9923307769256419,0.9976658886295432,0.8958001015353482,0.9953772071702457,0.8956495152452351
2.265,0.9973324441480493,0.9952376517898377,0.9926642214071357,0.9976658886295432,0.8963231320683821,0.9954997962531662,0.896169965459203
2.27,0.9973324441480493,0.9953621510807237,0.9926642214071357,0.9976658886295432,0.8968351479188447,0.99561942752309,0.8966878199168998
2.275,0.9973324441480493,0.9954849814803122,0.992980993664555,0.9976658886295432,0.8973428246519304,0.995736163778573,0.8972030915647136
2.2800000000000002,0.9973324441480493,0.995598132310368,0.9929976658886296,0.9979993331110371,0.8978611822893281,0.9958500667231005,0.8977157932844626
2.285,0.9976658886295432,0.9957106155839031,0.9929976658886296,0.9979993331110371,0.8983688590224128,0.9959611969778205,0.8982259378937163
2.29,0.9976658886295432,0.9958304419791536,0.9933311103701233,0.9979993331110371,0.8988588455077292,0.9960696140943003,0.8987335381461166
2.295,0.9979993331110371,0.9959485994831054,0.9936478826275426,0.9979993331110371,0.8993438253191505,0.9961753765673022,0.8992386067316963
2.3000000000000003,0.9979993331110371,0.9960607489783813,0.9936645548516172,0.9979993331110371,0.8998418224827023,0.9962785418475695,0.8997411562771963
2.305,0.9979993331110371,0.996163552682384,0.9939813271090364,0.9983327775925308,0.9003358143071375,0.9963791663546189,0.9002411993463814
2.31,0.9979993331110371,0.9962710292820237,0.9939979993331111,0.9983327775925308,0.9008508341619372,0.9964773054895343,0.9007387484403544
2.315,0.9979993331110371,0.9963658223077928,0.9939979993331111,0.9983327775925308,0.9013401530907365,0.9965730136477557,0.9012338159978684
2.32,0.9979993331110371,0.9964636193378998,0.9943314438146049,0.9983327775925308,0.9018318084673529,0.9966663442318595,0.9017264143956385
2.325,0.9979993331110371,0.9965590799201892,0.9943314438146049,0.9986662220740247,0.9023378163091389,0.996757349664323,0.9022165559486499
2.33,0.9979993331110371,0.9966481987155428,0.9943314438146049,0.9986662220740247,0.9028404863683284,0.9968460814002702,0.9027042529104672
2.335,0.9979993331110371,0.9967393201804547,0.9946648882960987,0.9986662220740247,0.9033308066319068,0.996932589940195,0.9031895174735398
2.34,0.9979993331110371,0.9968214296323541,0.9946648882960987,0.9986662220740247,0.9038157864433295,0.9970169248426538,0.9036723617695069
2.345,0.9979993331110371,0.9969125510972665,0.9949983327775925,0.9986662220740247,0.9043011000330113,0.9970991347369268,0.9041527978695013
2.35,0.9983327775925308,0.9969953281056849,0.9949983327775925,0.9989996665555185,0.9047757327183824,0.9971792673356418,0.9046308377844504
2.355,0.9983327775925308,0.9970737659967266,0.9949983327775925,0.9989996665555185,0.9052527018515705,0.9972573694473564,0.9051064934653769
2.36,0.9986662220740247,0.9971592132312237,0.9949983327775925,0.9989996665555185,0.9057169874108878,0.9973334869890969,0.9055797768036976
2.365,0.9986662220740247,0.9972433253526809,0.9953317772590864,0.9989996665555185,0.9062009658875301,0.9974076649988448,0.9060506996315209
2.37,0.9986662220740247,0.9973180916828658,0.9953317772590864,0.9989996665555185,0.9066876145902516,0.9974799476479747,0.9065192737219415
2.375,0.9986662220740247,0.9973831784435176,0.9953317772590864,0.9989996665555185,0.9071639161669186,0.9975503782536324,0.9069855107893365
2.38,0.9986662220740247,0.9974576109954426,0.9953317772590864,0.9989996665555185,0.9076552377652758,0.9976189992910559,0.9074494224896568
2.3850000000000002,0.9986662220740247,0.9975287057647699,0.9956652217405801,0.9990163387795932,0.9081265326680468,0.9976858524058317,0.9079110204207188
2.39,0.9986662220740247,0.9975901209645648,0.9956652217405801,0.9993331110370124,0.9085757982056746,0.997750978426086,0.9083703161224952
2.395,0.9986662220740247,0.997659213064334,0.9956652217405801,0.9993331110370124,0.9090444228823682,0.9978144173746053,0.9088273210774022
2.4,0.9986662220740247,0.997726636272804,0.995998666222074,0.9993331110370124,0.9095107111112434,0.9978762084808865,0.9092820467105875
2.4050000000000002,0.9986662220740247,0.9977863825812999,0.995998666222074,0.9993331110370124,0.9099546361967147,0.9979363901931103,0.9097345043902157
2.41,0.9986662220740247,0.997844793776757,0.995998666222074,0.9993331110370124,0.9104109110777979,0.9979950001900375,0.9101847054277523
2.415,0.9986662220740247,0.9979075440895909,0.9963154384794932,0.9993331110370124,0.9108531672719721,0.9980520753928251,0.9106326610782468
2.42,0.9989996665555185,0.997969960624165,0.9963321107035679,0.9993331110370124,0.9113004301400423,0.9981076519767592,0.9110783825406137
2.4250000000000003,0.9989996665555185,0.9980220300326867,0.9963321107035679,0.9993331110370124,0.9117476930081119,0.9981617653829022,0.9115218809579128
2.43,0.9989996665555185,0.9980804412281438,0.9963321107035679,0.9993331110370124,0.9122009638848583,0.9982144503296534,0.9119631674176274
2.435,0.9989996665555185,0.9981318430801461,0.9966488829609871,0.9996665555185061,0.9126288676138626,0.9982657408242188,0.9124022529519423
2.44,0.9989996665555185,0.9981859151582263,0.9966655551850617,0.9996665555185061,0.9130581064559066,0.9983156701739905,0.9128391485380187
2.445,0.9989996665555185,0.9982453276884626,0.9966655551850617,0.9996665555185061,0.9134743279458193,0.9983642709978306,0.9132738650982688
2.45,0.9989996665555185,0.9982923904230879,0.9966655551850617,0.9996665555185061,0.9138835400922769,0.9984115752372614,0.9137064135006295
2.455,0.9989996665555185,0.9983327775925182,0.9966655551850617,0.9996665555185061,0.9143224585038542,0.9984576141675565,0.9141368045588332
2.46,0.9989996665555185,0.9983734985402083,0.9966655551850617,0.9996665555185061,0.914739347550287,0.9985024184087347,0.9145650490326788
2.465,0.9989996665555185,0.998416222157457,0.9966655551850617,0.9996665555185061,0.9151625783836542,0.9985460179364513,0.9149911576283004
2.47,0.9989996665555185,0.9984542728790692,0.9969989996665555,0.9996665555185061,0.9155831389909427,0.9985884420927894,0.9154151409984354
2.475,0.9989996665555185,0.9985050071745516,0.9969989996665555,0.9996665555185061,0.915987678241763,0.998629719596947,0.9158370097426897
2.48,0.9989996665555185,0.9985500672396185,0.9969989996665555,0.9996665555185061,0.916396222831702,0.9986698785558183,0.9162567744078041
2.485,0.9993331110370124,0.9985961286394648,0.9969989996665555,0.9996665555185061,0.916824794117225,0.9987089464744717,0.916674445487917
2.49,0.9993331110370124,0.9986371833654144,0.9969989996665555,0.9996665555185061,0.9172213226898117,0.9987469502665179,0.9170900334248273
2.495,0.9993331110370124,0.9986742327522473,0.9973324441480493,0.9996665555185061,0.9176335388406076,0.9987839162643725,0.917503548608255
2.5,0.9993331110370124,0.9987116159173401,0.9973324441480493,0.9996665555185061,0.9180380780914287,0.9988198702294078,0.9179150013761012
2.505,0.9993331110370124,0.9987506679737317,0.9973324441480493,0.9996665555185061,0.9184399471161734,0.9988548373619962,0.9183244020147066
2.5100000000000002,0.9993331110370124,0.9987837120214473,0.9973324441480493,0.9996665555185061,0.9188458214800332,0.9988888423114423,0.9187317607591083
2.515,0.9993331110370124,0.9988167560691631,0.9973324441480493,0.9996665555185061,0.9192550336264904,0.998921909185803,0.9191370877932963
2.52,0.9993331110370124,0.99884846500384,0.9973324441480493,0.9996832277425808,0.9196585715425325,0.9989540615615979,0.9195403932504675
2.525,0.9993331110370124,0.9988838454993738,0.9976658886295432,1.0,0.9200757943672239,0.9989853224934041,0.9199416872132795
2.5300000000000002,0.9996665555185061,0.9989172233253494,0.9976658886295432,1.0,0.9204886780745384,0.9990157145233405,0.920340979714102
2.535,0.9996665555185061,0.9989499335948053,0.9976658886295432,1.0,0.9208985577775173,0.999045259690438,0.9207382807352684
2.54,0.9996665555185061,0.9989833114207809,0.9976658886295432,1.0,0.9212930836805462,0.9990739795398951,0.9211336002093251
2.545,0.9996665555185061,0.9990150203554578,0.9976658886295432,1.0,0.92165356420108,0.9991018951322205,0.9215269480192793
2.5500000000000003,0.9996665555185061,0.9990413888379783,0.9979993331110371,1.0,0.9220420820954335,0.9991290270522605,0.9219183339988468
2.555,0.9996665555185061,0.9990720964378759,0.9979993331110371,1.0,0.9224442848984375,0.9991553954181126,0.9223077679326976
2.56,0.9996665555185061,0.9991004675899552,0.9979993331110371,1.0,0.9228434836971033,0.9991810198899245,0.9226952595567003
2.565,0.9996665555185061,0.9991281711855149,0.9979993331110371,1.0,0.9232370082653537,0.9992059196785773,0.9230808185581655
2.57,0.9996665555185061,0.999154205889776,0.9979993331110371,1.0,0.9236345381727195,0.999230113554256,0.9234644545760885
2.575,0.9996665555185061,0.9991792392592576,0.9979993331110371,1.0,0.9240237236235923,0.9992536198549038,0.9238461772013897
2.58,0.9996665555185061,0.9992022699591808,0.9979993331110371,1.0,0.9243995579440755,0.9992764564945624,0.9242259959771545
2.585,0.9996665555185061,0.999227970885182,0.9983327775925308,1.0,0.9247633762472063,0.9992986409715986,0.9246039203988723
2.59,0.9996665555185061,0.9992516691416248,0.9983327775925308,1.0,0.9251512265850397,0.9993201903768155,0.9249799599146731
2.595,0.9996665555185061,0.9992680242763529,0.9983327775925308,1.0,0.9255153786664306,0.9993411214014513,0.9253541239255645
2.6,0.9996665555185061,0.9992953940936529,0.9983327775925308,1.0,0.9258915467651708,0.9993614503450633,0.9257264217856661
2.605,0.9996665555185061,0.99931308434142,0.9983327775925308,1.0,0.9262456854987688,0.9993811931232999,0.9260968628024441
2.61,0.9996665555185061,0.9993334448152651,0.9983327775925308,1.0,0.9266115064714576,0.9994003652755584,0.9264654562369429
2.615,0.9996665555185061,0.9993514688412919,0.9983327775925308,1.0,0.9269840030093428,0.9994189819725319,0.9268322113040178
2.62,0.9996665555185061,0.9993724968716565,0.9983327775925308,1.0,0.9273287959516683,0.9994370580236428,0.9271971371725645
2.625,0.9996665555185061,0.9993885182281249,0.9983327775925308,1.0,0.9276829346852682,0.9994546078843661,0.9275602429657486
2.63,0.9996665555185061,0.999404873362853,0.99864954984995,1.0,0.9280410787579837,0.9994716456634417,0.9279215377612339
2.6350000000000002,0.9996665555185061,0.9994235649453993,0.9986662220740247,1.0,0.9284055646176349,0.9994881851299751,0.9282810305914092
2.64,0.9996665555185061,0.9994369160757895,0.9986662220740247,1.0,0.9287687153642468,0.9995042397204301,0.9286387304436139
2.645,0.9996665555185061,0.9994572765496348,0.9986662220740247,1.0,0.9291071665196371,0.9995198225455121,0.928994646260363
2.65,0.9996665555185061,0.9994726303495836,0.9986662220740247,1.0,0.9294613052532356,0.999534946396942,0.9293487869395705
2.6550000000000002,0.9996665555185061,0.9994866490364933,0.9986662220740247,1.0,0.9298121062042373,0.9995496237541236,0.9297011613347715
2.66,0.9996665555185061,0.9995003339451434,0.9986662220740247,1.0,0.9301468857987703,0.999563866790704,0.9300517782553447
2.665,0.9996665555185061,0.9995190255276897,0.9986662220740247,1.0,0.9305063649845247,0.9995776873810266,0.9304006464667309
2.67,0.9996665555185061,0.9995343793276386,0.9986662220740247,1.0,0.9308474863659932,0.999591097106481,0.9307477746906541
2.6750000000000003,0.9996665555185061,0.9995467291232496,0.9986662220740247,1.0,0.9311916117517995,0.9996041072617461,0.9310931716053374
2.68,1.0,0.9995620829231985,0.9986662220740247,1.0,0.9315417451462814,0.9996167288609308,0.9314368458457221
2.685,1.0,0.9995761016101082,0.9986662220740247,1.0,0.9318845354190483,0.9996289726436114,0.9317788060036819
2.69,1.0,0.9995897865187583,0.9986662220740247,1.0,0.9322296621396341,0.9996408490807672,0.9321190606282386
2.695,1.0,0.9996088118795644,0.9986662220740247,1.0,0.9325624390646079,0.9996523683806149,0.9324576182257754
2.7,1.0,0.9996234981229937,0.9989996665555185,1.0,0.9328975524373998,0.9996635404943427,0.9327944872602503
2.705,1.0,0.9996365154751243,0.9989996665555185,1.0,0.9332420116014655,0.9996743751217457,0.9331296761534063
2.71,1.0,0.9996498666055146,0.9989996665555185,1.0,0.9335701156308025,0.9996848817167625,0.9334631932849832
2.715,1.0,0.9996605475098267,0.9989996665555185,1.0,0.9339099018992313,0.9996950694929142,0.9337950469929268
2.72,1.0,0.999671228414139,0.9989996665555185,1.0,0.9342283263590361,0.999704947428648,0.9341252455735971
2.725,1.0,0.9996795728706328,0.9989996665555185,1.0,0.9345490872666588,0.9997145242725852,0.9344537972819756
2.73,1.0,0.9996925902227634,0.9989996665555185,1.0,0.9348705157308019,0.9997238085486735,0.9347807103318725
2.735,1.0,0.9997019360140366,0.9989996665555185,1.0,0.9352099682209709,0.9997328085612485,0.9351059928961307
2.74,1.0,0.9997129506966086,0.9989996665555185,1.0,0.9355347344677107,0.9997415324000001,0.9354296531068316
2.745,1.0,0.9997209613748428,0.9989996665555185,1.0,0.9358448144710221,0.9997499879448503,0.9357516990554969
2.75,1.0,0.9997329773921941,0.9989996665555185,1.0,0.9361712496090613,0.9997581828707384,0.9360721387932924
2.755,1.0,0.9997409880704283,0.9989996665555185,1.0,0.9364626380298249,0.999766124652319,0.9363909803312283
2.7600000000000002,1.0,0.9997500000834416,0.9989996665555185,1.0,0.9367753882592145,0.9997738205685704,0.9367082316403593
2.765,1.0,0.9997573432051563,0.9989996665555185,1.0,0.9370804615886296,0.9997812777073171,0.9370239006519849
2.77,1.0,0.9997650201051308,0.9989996665555185,1.0,0.9373965496006166,0.9997885029696651,0.9373379952578469
2.775,1.0,0.9997740321181442,0.9989996665555185,1.0,0.9377196469560575,0.9997955030743542,0.9376505233103266
2.7800000000000002,1.0,0.9997817090181187,0.9993331110370124,1.0,0.9380494198766935,0.9998022845620239,0.9379614926226417
2.785,1.0,0.9997897196963529,0.9993331110370124,1.0,0.9383765225712527,0.9998088537993991,0.9382709109690412
2.79,1.0,0.9997967290398078,0.9993331110370124,1.0,0.9386822634571874,0.9998152169833927,0.9385787860849999
2.795,1.0,0.9998017357137041,0.9993331110370124,1.0,0.9389983514691749,0.9998213801451278,0.9388851256674117
2.8000000000000003,1.0,0.9998064086093408,0.9993331110370124,1.0,0.9392960816768765,0.9998273491538807,0.9391899373747821
2.805,1.0,0.9998110815049773,0.9993331110370124,1.0,0.9395934781063169,0.999833129720946,0.9394932288274196
2.81,1.0,0.9998164219571335,0.9993331110370124,1.0,0.9399042256661474,0.9998387274034227,0.9397950076076265
2.815,1.0,0.9998220961875494,0.9993331110370124,1.0,0.9402096327738225,0.999844147607927,0.9400952812598878
2.82,1.0,0.9998271028614457,0.9993331110370124,1.0,0.9405056940902234,0.999849395594226,0.9403940572910606
2.825,1.0,0.9998321095353421,0.9993331110370124,1.0,0.9408000865153255,0.999854476478802,0.9406913431705612
2.83,1.0,0.9998351135396799,0.9993331110370124,1.0,0.9411121691881951,0.9998593952383398,0.9409871463305521
2.835,1.0,0.9998414553266152,0.9993331110370124,1.0,0.9413982171568037,0.9998641567131445,0.9412814741661277
2.84,1.0,0.9998491322265897,0.9993331110370124,1.0,0.9416876029080102,0.9998687656104881,0.9415743340354992
2.845,1.0,0.999855474013525,0.9993331110370124,1.0,0.9419836642244114,0.9998732265078856,0.9418657332601785
2.85,1.0,0.9998594793526421,0.9993331110370124,1.0,0.9422690446365016,0.9998775438563031,0.9421556791251615
2.855,1.0,0.9998641522482787,0.9993331110370124,1.0,0.9425564277181485,0.9998817219832989,0.9424441788791099
2.86,1.0,0.9998684913656556,0.9993331110370124,1.0,0.9428581632649653,0.9998857650960968,0.9427312397345327
2.865,1.0,0.9998721629265129,0.9993331110370124,1.0,0.9431395383379375,0.9998896772845945,0.943016868867966
2.87,1.0,0.999874833152591,0.9993331110370124,1.0,0.9434132365109344,0.9998934625243083,0.9433010734201531
2.875,1.0,0.9998785047134483,0.9993331110370124,1.0,0.9436835969013355,0.9998971246792534,0.9435838604962227
2.88,1.0,0.9998821762743056,0.9993331110370124,1.0,0.9439546248482553,0.9999006675047621,0.9438652371658662
2.8850000000000002,1.0,0.9998851802786435,0.9993331110370124,1.0,0.9442339972516689,0.9999040946502417,0.9441452104635154
2.89,1.0,0.9998888518395007,0.9993331110370124,1.0,0.9445140372116027,0.9999074096618702,0.944423787388517
2.895,1.0,0.9998938585133972,0.9993331110370124,1.0,0.9447954122845751,0.9999106159852349,0.9447009749053086
2.9,1.0,0.9998975300742544,0.9993331110370124,1.0,0.9450854655923009,0.9999137169679112,0.9449767799435927
2.9050000000000002,1.0,0.9999012016351118,0.9993331110370124,1.0,0.9453761864565458,0.9999167158619847,0.9452512093985097
2.91,1.0,0.9999032043046703,0.9993331110370124,1.0,0.9456432090643481,0.9999196158265174,0.9455242701308102
2.915,1.0,0.9999072096437874,0.9993331110370124,1.0,0.9458952116504616,0.9999224199299577,0.9457959689670266
2.92,1.0,0.999909212313346,0.9993331110370124,1.0,0.9461845974016687,0.9999251311524968,0.946066312699644
2.9250000000000003,1.0,0.9999135514307228,0.9993331110370124,1.0,0.9464576280181474,0.9999277523883722,0.9463353080872698
2.93,1.0,0.9999162216568008,0.9993331110370124,1.0,0.9467039563738456,0.9999302864481172,0.9466029618548029
2.935,1.0,0.9999182243263595,0.9996665555185061,1.0,0.9469819936642203,0.999932736060761,0.9468692806936012
2.94,1.0,0.9999198932176582,0.9996665555185061,1.0,0.9472339962503342,0.999935103875977,0.9471342712616496
2.945,1.0,0.9999232310002558,0.9996665555185061,1.0,0.9475106984276697,0.9999373924661813,0.9473979401837261
2.95,1.0,0.9999262350045937,0.9996665555185061,1.0,0.9477780548137332,0.9999396043285839,0.9476602940515676
2.955,1.0,0.9999295727871912,0.9996665555185061,1.0,0.9480253845042113,0.999941741887191,0.9479213394240343
2.96,1.0,0.9999335781263082,0.9996665555185061,1.0,0.9482914057772353,0.9999438074947606,0.9481810828272742
2.965,1.0,0.9999369159089059,0.9996665555185061,1.0,0.9485510852633245,0.9999458034347132,0.9484395307548859
2.97,1.0,0.9999395861349839,0.9996665555185061,1.0,0.9488000838451015,0.9999477319229956,0.9486966896680809
2.975,1.0,0.9999415888045424,0.9996665555185061,1.0,0.9490614322224878,0.9999495951099019,0.9489525659958457
2.98,1.0,0.9999425901393217,0.9996665555185061,1.0,0.9493000836782118,0.9999513950818513,0.9492071661351015
2.985,1.0,0.9999445928088803,0.9996665555185061,1.0,0.9495323933470005,0.999953133863122,0.9494604964508653
2.99,1.0,0.9999462617001791,0.9996665555185061,1.0,0.9497747163635818,0.9999548134175448,0.9497125632764082
2.995,1.0,0.9999499332610364,0.9996665555185061,1.0,0.9500333945148909,0.9999564356501548,0.9499633729134137
3.0,1.0,0.999951935930595,0.9996665555185061,1.0,0.9502790553140698,0.9999580024088045,0.950212931632136
3.005,1.0,0.9999536048218937,0.9996665555185061,1.0,0.9505293890088847,0.9999595154857361,0.9504612456715561
3.0100000000000002,1.0,0.9999539386001535,0.9996665555185061,1.0,0.9507900698297526,0.9999609766191161,0.9507083212395379
3.015,1.0,0.9999559412697121,0.9996665555185061,1.0,0.9510200430507225,0.9999623874945325,0.9509541645129833
3.02,1.0,0.999957276382751,0.9996665555185061,1.0,0.9512673727411987,0.9999637497464544,0.951198781637987
3.025,1.0,0.9999579439392706,0.9996665555185061,1.0,0.9515063579751823,0.9999650649596564,0.95144217872999
3.0300000000000002,1.0,0.9999599466088291,0.9996665555185061,1.0,0.9517480134352428,0.999966334670607,0.9516843618739322
3.035,1.0,0.9999616155001279,0.9996665555185061,1.0,0.95199601068224,0.9999675603688222,0.9519253371244049
3.04,1.0,0.9999619492783877,0.9996665555185061,1.0,0.9522329932466647,0.9999687434981852,0.9521651105058017
3.045,1.0,0.9999632843914267,0.9996665555185061,1.0,0.9524559571241792,0.9999698854582347,0.9524036880124697
3.0500000000000003,1.0,0.9999656208392449,0.9996665555185061,1.0,0.9526862641234087,0.9999709876054175,0.9526410756088591
3.055,1.0,0.9999656208392449,0.9996665555185061,1.0,0.9529426058268986,0.9999720512543118,0.9528772792296721
3.06,1.0,0.9999659546175047,0.9996665555185061,1.0,0.9531782532782836,0.9999730776788186,0.9531123047800115
3.065,1.0,0.9999666221740242,0.9996665555185061,1.0,0.9534118980601107,0.9999740681133229,0.9533461581355284
3.0700000000000003,1.0,0.9999679572870632,0.9996665555185061,1.0,0.9536335268245875,0.9999750237538243,0.9535788451425687
3.075,1.0,0.9999686248435828,0.9996665555185061,1.0,0.9538638338238176,0.9999759457590397,0.9538103716183199
3.08,1.0,0.9999696261783622,0.9996665555185061,1.0,0.9540824585839558,0.9999768352514764,0.9540407433509558
3.085,1.0,0.9999712950696609,0.9996665555185061,1.0,0.9543134331397053,0.9999776933184787,0.9542699660997818
3.09,1.0,0.9999722964044402,0.9996665555185061,1.0,0.9545424050258969,0.9999785210132454,0.9544980455953784
3.095,1.0,0.9999722964044402,0.9996665555185061,1.0,0.9547790538120631,0.9999793193558224,0.9547249875397451
3.1,1.0,0.999973965295739,0.9996665555185061,1.0,0.9550093608112922,0.9999800893340687,0.9549507976064422
3.105,1.0,0.9999746328522585,0.9996665555185061,1.0,0.955227318014912,0.9999808319045962,0.9551754814407332
3.11,1.0,0.9999749666305181,0.9996665555185061,1.0,0.9554472778880903,0.9999815479936861,0.9553990446597255
3.115,1.0,0.9999753004087779,0.9996665555185061,1.0,0.9556759159960215,0.9999822384981798,0.9556214928525113
3.12,1.0,0.999976635521817,0.9996665555185061,1.0,0.9559112296691483,0.9999829042863467,0.9558428315803071
3.125,1.0,0.9999776368565964,0.9996665555185061,1.0,0.9561321908771055,0.9999835461987286,0.9560630663765926
3.13,1.0,0.9999783044131159,0.9996665555185061,1.0,0.9563648343241542,0.9999841650489613,0.9562822027472491
3.1350000000000002,1.0,0.9999796395261548,0.9996665555185061,1.0,0.9565834590842932,0.9999847616245742,0.9565002461706973
3.14,1.0,0.9999806408609341,0.9996665555185061,1.0,0.9568097607444064,0.9999853366877692,0.9567172020980341
3.145,1.0,0.9999813084174536,0.9996665555185061,1.0,0.9570220437176105,0.9999858909761772,0.9569330759531691
3.15,1.0,0.9999813084174536,0.9996665555185061,1.0,0.9572286524603988,0.9999864252035937,0.9571478731329598
3.1550000000000002,1.0,0.9999823097522329,0.9996665555185061,1.0,0.9574402678770828,0.9999869400606968,0.957361599007347
3.16,1.0,0.9999823097522329,0.9996665555185061,1.0,0.9576535521850655,0.9999874362157424,0.9575742589194887
3.165,1.0,0.9999829773087523,0.9996665555185061,1.0,0.9578665027147881,0.9999879143152428,0.9577858581858936
3.17,1.0,0.9999839786435316,0.9996665555185061,1.0,0.9580797870227705,0.999988374984625,0.9579964020965545
3.1750000000000003,1.0,0.9999846462000511,0.9996665555185061,1.0,0.9582994131176885,0.9999888188288718,0.9582058959150801
3.18,1.0,0.9999856475348304,0.9996665555185061,1.0,0.9585147000952301,0.999989246433144,0.9584143448788268
3.185,1.0,0.9999869826478694,0.9996665555185061,1.0,0.9587343261901482,0.999989658363387,0.9586217541990296
3.19,1.0,0.9999873164261291,0.9996665555185061,1.0,0.9589469429416112,0.9999900551669184,0.9588281290609323
3.1950000000000003,1.0,0.999987650204389,0.9996665555185061,1.0,0.9591508814583211,0.9999904373730005,0.9590334746239171
3.2,1.0,0.9999879839826488,0.9996665555185061,1.0,0.9593608279837061,0.9999908054933966,0.9592377960216338
3.205,1.0,0.9999883177609085,0.9996665555185061,1.0,0.9595664353917129,0.9999911600229109,0.959441098362128
3.21,1.0,0.9999886515391683,0.9996665555185061,1.0,0.9597713752432013,0.9999915014399137,0.9596433867279689
3.215,1.0,0.9999899866522073,0.9996665555185061,1.0,0.9599626301860407,0.9999918302068518,0.959844666176376
3.22,1.0,0.999990320430467,0.9996665555185061,1.0,0.9601752469375024,0.9999921467707434,0.9600449417393461
3.225,1.0,0.999991655543506,0.9999833277759254,1.0,0.9603875299107059,0.9999924515636602,0.9602442184237787
3.23,1.0,0.9999923231000256,1.0,1.0,0.9605827901926611,0.9999927450031947,0.9604425012116012
3.235,1.0,0.9999933244348048,1.0,1.0,0.960777716696356,0.999993027492914,0.9606397950598938
3.24,1.0,0.9999936582130646,1.0,1.0,0.9609829903261043,0.9999932994228019,0.9608361049010129
3.245,1.0,0.9999939919913243,1.0,1.0,0.9611722425993845,0.9999935611696859,0.9610314356427148
3.25,1.0,0.9999943257695841,1.0,1.0,0.9613755135595734,0.9999938130976539,0.961225792168278
3.255,1.0,0.9999946595478438,1.0,1.0,0.9615530835937623,0.9999940555584574,0.961419179336626
3.2600000000000002,1.0,0.9999946595478438,1.0,1.0,0.9617450060931203,0.9999942888919041,0.961611601982448
3.265,1.0,0.9999956608826231,1.0,1.0,0.9619199059012303,0.9999945134262374,0.9618030649163201
3.27,1.0,0.9999956608826231,1.0,1.0,0.9620978097136781,0.9999947294785063,0.9619935729248257
3.275,1.0,0.9999956608826231,1.0,1.0,0.9622843917608798,0.9999949373549236,0.962183130770675
3.2800000000000002,1.0,0.9999956608826231,1.0,1.0,0.9624622955733287,0.9999951373512138,0.9623717431928238
3.285,1.0,0.9999956608826231,1.0,1.0,0.9626452060596734,0.99999532975295,0.9625594149065927
3.29,1.0,0.999995994660883,1.0,1.0,0.9628307867720965,0.9999955148358819,0.9627461506037842
3.295,1.0,0.999995994660883,1.0,1.0,0.9630217079366756,0.999995692866253,0.9629319549528005
3.3000000000000003,1.0,0.999995994660883,1.0,1.0,0.9632146317708131,0.999995864101109,0.96311683259876
3.305,1.0,0.999995994660883,1.0,1.0,0.9633998787049769,0.9999960287885963,0.9633007881636134
3.31,1.0,0.999995994660883,1.0,1.0,0.963567101613113,0.9999961871682522,0.9634838262462596
3.315,1.0,0.9999963284391427,1.0,1.0,0.9637436703125232,0.999996339471286,0.96366595142266
3.3200000000000003,1.0,0.9999963284391427,1.0,1.0,0.963928917246687,0.9999964859208511,0.9638471682459536
3.325,1.0,0.9999963284391427,1.0,1.0,0.9640971414896029,0.9999966267323097,0.9640274812465703
3.33,1.0,0.9999963284391427,1.0,1.0,0.9642843910933246,0.9999967621134892,0.9642068949323447
3.335,1.0,0.9999963284391427,1.0,1.0,0.9644673015796699,0.9999968922649302,0.9643854137886282
3.34,1.0,0.9999963284391427,1.0,1.0,0.9646498782877554,0.9999970173801274,0.9645630422784014
3.345,1.0,0.9999966622174025,1.0,1.0,0.964835459000179,0.999997137645763,0.9647397848423859
3.35,1.0,0.9999966622174025,1.0,1.0,0.9650003454604982,0.9999972532419332,0.964915645899155
3.355,1.0,0.9999966622174025,1.0,1.0,0.9651648981425571,0.9999973643423672,0.9650906298452442
3.36,1.0,0.999997329773922,1.0,1.0,0.9653451384028249,0.9999974711146393,0.9652647410552614
3.365,1.0,0.9999976635521817,1.0,1.0,0.9655267137761308,0.9999975737203753,0.9654379838819959
3.37,1.0,0.9999976635521817,1.0,1.0,0.9657173011624509,0.9999976723154513,0.9656103626565273
3.375,1.0,0.9999976635521817,1.0,1.0,0.9658955387531598,0.9999977670501877,0.965781881688334
3.38,1.0,0.9999979973304415,1.0,1.0,0.9660630954395573,0.999997858069535,0.9659525452654006
3.3850000000000002,1.0,0.9999979973304415,1.0,1.0,0.9662256454520574,0.9999979455132565,0.9661223576543256
3.39,1.0,0.9999979973304415,1.0,1.0,0.966396206142792,0.999998029516103,0.9662913231004276
3.395,1.0,0.9999983311087012,1.0,1.0,0.9665764464030584,0.9999981102079825,0.9664594458278514
3.4,1.0,0.9999983311087012,1.0,1.0,0.9667366599677402,0.9999981877141255,0.9666267300396739
3.4050000000000002,1.0,0.9999983311087012,1.0,1.0,0.9669122273323703,0.9999982621552443,0.9667931799180093
3.41,1.0,0.9999983311087012,1.0,1.0,0.9670841231361437,0.9999983336476866,0.966958799624113
3.415,1.0,0.9999983311087012,1.0,1.0,0.9672373273573706,0.9999984023035855,0.9671235932984865
3.42,1.0,0.9999989986652207,1.0,1.0,0.9673925342481561,0.9999984682310038,0.9672875650609802
3.4250000000000003,1.0,0.9999993324434805,1.0,1.0,0.9675514126997996,0.9999985315340739,0.9674507190108966
3.43,1.0,0.9999993324434805,1.0,1.0,0.9677086222601433,0.9999985923131334,0.967613059227093
3.435,1.0,0.9999993324434805,1.0,1.0,0.9678668331552658,0.999998650664856,0.9677745897680832
3.44,1.0,0.9999993324434805,1.0,1.0,0.9680263791634277,0.9999987066823784,0.9679353146721392
3.4450000000000003,1.0,0.9999993324434805,1.0,1.0,0.9681845900585495,0.999998760455423,0.968095237957392
3.45,1.0,0.9999993324434805,1.0,1.0,0.968344803623231,0.9999988120704164,0.9682543636219321
3.455,1.0,0.9999993324434805,1.0,1.0,0.9685040158531333,0.9999988616106044,0.9684126956439092
3.46,1.0,0.9999993324434805,1.0,1.0,0.9686558849613213,0.9999989091561631,0.9685702379816323
3.465,1.0,0.9999993324434805,1.0,1.0,0.9687997433912753,0.9999989547843062,0.968726994573668
3.47,1.0,0.9999993324434805,1.0,1.0,0.9689546165038002,0.9999989985693891,0.9688829693389391
3.475,1.0,0.9999993324434805,1.0,1.0,0.9691111585076243,0.9999990405830091,0.9690381661768231
3.48,1.0,0.9999993324434805,1.0,1.0,0.9692610249462532,0.9999990808941032,0.9691925889672489
3.485,1.0,0.9999996662217402,1.0,1.0,0.9694135616109607,0.9999991195690404,0.9693462415707943
3.49,1.0,0.9999996662217402,1.0,1.0,0.9695604240452519,0.9999991566717147,0.9694991278287826
3.495,1.0,0.9999996662217402,1.0,1.0,0.9697216389447131,0.9999991922636315,0.9696512515633778
3.5,1.0,0.9999996662217402,1.0,1.0,0.9698858578485118,0.999999226403993,0.9698026165776815
3.505,1.0,0.9999996662217402,1.0,1.0,0.9700240420480495,0.9999992591497794,0.9699532266558268
3.5100000000000002,1.0,0.9999996662217402,1.0,1.0,0.9701699031475614,0.9999992905558295,0.9701030855630737
3.515,1.0,0.9999996662217402,1.0,1.0,0.9703134277992552,0.9999993206749164,0.9702521970459025
3.52,1.0,0.9999996662217402,1.0,1.0,0.9704646293509235,0.9999993495578217,0.970400564832108
3.525,1.0,0.9999996662217402,1.0,1.0,0.9706118255634739,0.9999993772534068,0.9705481926308928
3.5300000000000002,1.0,0.9999996662217402,1.0,1.0,0.970743000419557,0.9999994038086827,0.9706950841329592
3.535,1.0,0.9999996662217402,1.0,1.0,0.9708895290755889,0.999999429268876,0.9708412430106028
3.54,1.0,0.9999996662217402,1.0,1.0,0.9710363915098799,0.9999994536774938,0.9709866729178029
3.545,1.0,0.9999996662217402,1.0,1.0,0.971183587722431,0.999999477076386,0.9711313774903149
3.5500000000000003,1.0,0.9999996662217402,1.0,1.0,0.9713297826002026,0.9999994995058051,0.9712753603457606
3.555,1.0,0.9999996662217402,1.0,1.0,0.9714833205996891,0.9999995210044648,0.9714186250837188
3.56,1.0,0.9999996662217402,1.0,1.0,0.9716225061340061,0.9999995416095954,0.9715611752858155
3.565,1.0,1.0,1.0,1.0,0.9717603565552843,0.9999995613569986,0.9717030145158132
3.5700000000000003,1.0,1.0,1.0,1.0,0.9718925327461474,0.9999995802810998,0.9718441463197
3.575,1.0,1.0,1.0,1.0,0.9720427329630364,0.999999598414998,0.9719845742257782
3.58,1.0,1.0,1.0,1.0,0.9721835873886517,0.9999996157905149,0.972124301744753
3.585,1.0,1.0,1.0,1.0,0.9723304498229433,0.9999996324382422,0.9722633323698195
3.59,1.0,1.0,1.0,1.0,0.9724679664659621,0.9999996483875864,0.9724016695767507
3.595,1.0,1.0,1.0,1.0,0.972594802204669,0.9999996636668129,0.9725393168239839
3.6,1.0,1.0,1.0,1.0,0.9727443348650389,0.9999996783030889,0.9726762775527075
3.605,1.0,1.0,1.0,1.0,0.9728945350819276,0.9999996923225226,0.9728125551869466
3.61,1.0,1.0,1.0,1.0,0.9730340543945054,0.9999997057502042,0.9729481531336496
3.615,1.0,1.0,1.0,1.0,0.9731705697027448,0.9999997186102433,0.9730830747827719
3.62,1.0,1.0,1.0,1.0,0.9733074187892442,0.9999997309258049,0.9732173235073618
3.625,1.0,1.0,1.0,1.0,0.9734372585322891,0.9999997427191458,0.9733509026636445
3.63,1.0,1.0,1.0,1.0,0.973570769836191,0.9999997540116479,0.9734838155911059
3.6350000000000002,1.0,1.0,1.0,1.0,0.9737059500313918,0.9999997648238513,0.9736160656125759
3.64,1.0,1.0,1.0,1.0,0.9738518111309044,0.9999997751754862,0.973747656034312
3.645,1.0,1.0,1.0,1.0,0.9739783130913519,0.9999997850855029,0.9738785901460818
3.65,1.0,1.0,1.0,1.0,0.9741141608430722,0.9999997945721022,0.9740088712212447
3.6550000000000002,1.0,1.0,1.0,1.0,0.9742409965817791,0.9999998036527625,0.9741385025168344
3.66,1.0,1.0,1.0,1.0,0.974367832320486,0.9999998123442687,0.9742674872736401
3.665,1.0,1.0,1.0,1.0,0.974494334280933,0.9999998206627372,0.9743958287162874
3.67,1.0,1.0,1.0,1.0,0.9746195011283404,0.9999998286236422,0.9745235300533189
3.6750000000000003,1.0,1.0,1.0,1.0,0.9747493408713848,0.9999998362418402,0.9746505944772751
3.68,1.0,1.0,1.0,1.0,0.9748751752753121,0.999999843531593,0.9747770251647728
3.685,1.0,1.0,1.0,1.0,0.9750136932531095,0.999999850506591,0.9749028252765859
3.69,1.0,1.0,1.0,1.0,0.9751442005526735,0.9999998571799753,0.9750279979577239
3.6950000000000003,1.0,1.0,1.0,1.0,0.9752610229435875,0.9999998635643584,0.9751525463375101
3.7,1.0,1.0,1.0,1.0,0.9753818506736185,0.9999998696718446,0.9752764735296606
3.705,1.0,1.0,1.0,1.0,0.9755150281992603,0.99999987551405,0.9753997826323617
3.71,1.0,1.0,1.0,1.0,0.9756378585988498,0.9999998811021211,0.9755224767283474
3.715,1.0,1.0,1.0,1.0,0.9757650281158154,0.9999998864467528,0.9756445588849763
3.72,1.0,1.0,1.0,1.0,0.9758808491719501,0.9999998915582062,0.9757660321543089
3.725,1.0,1.0,1.0,1.0,0.9760083524671762,0.999999896446326,0.9758868995731831
3.73,1.0,1.0,1.0,1.0,0.9761328517580643,0.9999999011205558,0.9760071641632908
3.735,1.0,1.0,1.0,1.0,0.9762600212750303,0.9999999055899539,0.976126828931253
3.74,1.0,1.0,1.0,1.0,0.976376843665944,0.9999999098632091,0.976245896868695
3.745,1.0,1.0,1.0,1.0,0.9764883256047016,0.9999999139486545,0.9763643709523215
3.75,1.0,1.0,1.0,1.0,0.9766074844434337,0.999999917854282,0.9764822541439909
3.755,1.0,1.0,1.0,1.0,0.9767206352734907,0.9999999215877549,0.976599549390789
3.7600000000000002,1.0,1.0,1.0,1.0,0.9768377914426637,0.9999999251564218,0.976716259625103
3.765,1.0,1.0,1.0,1.0,0.9769586191726943,0.9999999285673283,0.9768323877646949
3.77,1.0,1.0,1.0,1.0,0.9770754415636085,0.9999999318272297,0.9769479367127745
3.775,1.0,1.0,1.0,1.0,0.9771815830502097,0.9999999349426019,0.977062909358071
3.7800000000000002,1.0,1.0,1.0,1.0,0.9772903947628887,0.9999999379196522,0.977177308574907
3.785,1.0,1.0,1.0,1.0,0.9774108887146584,0.9999999407643317,0.9772911372232687
3.79,1.0,1.0,1.0,1.0,0.9775210355403771,0.9999999434823431,0.9774043981488781
3.795,1.0,1.0,1.0,1.0,0.9776408619356279,0.9999999460791524,0.9775170941832645
3.8000000000000003,1.0,1.0,1.0,1.0,0.9777556816569831,0.9999999485599977,0.9776292281438345
3.805,1.0,1.0,1.0,1.0,0.9778644933696626,0.9999999509298986,0.9777408028339428
3.81,1.0,1.0,1.0,1.0,0.9779682984084458,0.9999999531936644,0.9778518210429626
3.815,1.0,1.0,1.0,1.0,0.9780771101211247,0.9999999553559034,0.9779622855463551
3.8200000000000003,1.0,1.0,1.0,1.0,0.9781902609511804,0.9999999574210301,0.9780721991057384
3.825,1.0,1.0,1.0,1.0,0.9783120900159896,0.9999999593932739,0.9781815644689572
3.83,1.0,1.0,1.0,1.0,0.9784192328373705,0.9999999612766862,0.9782903843701515
3.835,1.0,1.0,1.0,1.0,0.9785357214500244,0.9999999630751472,0.9783986615298241
3.84,1.0,1.0,1.0,1.0,0.9786351873714304,0.9999999647923735,0.9785063986549101
3.845,1.0,1.0,1.0,1.0,0.9787483382014864,0.9999999664319246,0.9786135984388429
3.85,1.0,1.0,1.0,1.0,0.9788561485793862,0.9999999679972087,0.9787202635616228
3.855,1.0,1.0,1.0,1.0,0.9789629576225071,0.99999996949149,0.9788263966898835
3.86,1.0,1.0,1.0,1.0,0.979063091100433,0.9999999709178936,0.9789320004769586
3.865,1.0,1.0,1.0,1.0,0.9791762419304895,0.9999999722794114,0.9790370775629483
3.87,1.0,1.0,1.0,1.0,0.9792750402953768,0.999999973578908,0.9791416305747853
3.875,1.0,1.0,1.0,1.0,0.9793711684341855,0.9999999748191256,0.9792456621263003
3.88,1.0,1.0,1.0,1.0,0.979477309920787,0.9999999760026891,0.9793491748182874
3.8850000000000002,1.0,1.0,1.0,1.0,0.9795797798465312,0.9999999771321106,0.9794521712385695
3.89,1.0,1.0,1.0,1.0,0.9796919293418084,0.9999999782097949,0.9795546539620623
3.895,1.0,1.0,1.0,1.0,0.979799072163189,0.999999979238043,0.9796566255508393
3.9,1.0,1.0,1.0,1.0,0.9798965354150365,0.9999999802190571,0.9797580885541957
3.9050000000000002,1.0,1.0,1.0,1.0,0.979992329775585,0.9999999811549442,0.9798590455087115
3.91,1.0,1.0,1.0,1.0,0.9800867890230948,0.9999999820477202,0.979959498938316
3.915,1.0,1.0,1.0,1.0,0.9801825833836441,0.9999999828993142,0.9800594513543502
3.92,1.0,1.0,1.0,1.0,0.9802703670659594,0.9999999837115716,0.9801589052556298
3.9250000000000003,1.0,1.0,1.0,1.0,0.980367830317807,0.9999999844862575,0.9802578631285073
3.93,1.0,1.0,1.0,1.0,0.9804756406957076,0.9999999852250601,0.9803563274469347
3.935,1.0,1.0,1.0,1.0,0.9805704337214778,0.9999999859295947,0.9804543006725253
3.94,1.0,1.0,1.0,1.0,0.9806635578559494,0.9999999866014055,0.9805517852546146
3.9450000000000003,1.0,1.0,1.0,1.0,0.9807646926686551,0.99999998724197,0.9806487836303224
3.95,1.0,1.0,1.0,1.0,0.9808644923683215,0.9999999878527003,0.9807452982246131
3.955,1.0,1.0,1.0,1.0,0.9809542787201956,0.9999999884349471,0.9808413314503566
3.96,1.0,1.0,1.0,1.0,0.9810447326285888,0.9999999889900016,0.9809368857083883
3.9650000000000003,1.0,1.0,1.0,1.0,0.9811351865369822,0.9999999895190986,0.98103196338757
3.97,1.0,1.0,1.0,1.0,0.9812283106714537,0.9999999900234182,0.9811265668648486
3.975,1.0,1.0,1.0,1.0,0.9813251063667823,0.9999999905040886,0.9812206985053156
3.98,1.0,1.0,1.0,1.0,0.981417896722994,0.9999999909621881,0.9813143606622672
3.985,1.0,1.0,1.0,1.0,0.9815133573052839,0.9999999913987474,0.9814075556772622
3.99,1.0,1.0,1.0,1.0,0.9816034774354176,0.9999999918147515,0.9815002858801808
3.995,1.0,1.0,1.0,1.0,0.9816959340133695,0.9999999922111421,0.9815925535892828
4.0,1.0,1.0,1.0,1.0,0.9817790448000485,0.9999999925888182,0.9816843611112658
4.005,1.0,1.0,1.0,1.0,0.9818634906997666,0.9999999929486396,0.9817757107413227
4.01,1.0,1.0,1.0,1.0,0.9819546121646796,0.9999999932914275,0.981866604763199
4.015,1.0,1.0,1.0,1.0,0.9820437309600342,0.9999999936179662,0.9819570454492498
4.0200000000000005,1.0,1.0,1.0,1.0,0.9821358537597265,0.9999999939290056,0.9820470350604972
4.025,1.0,1.0,1.0,1.0,0.9822296454507174,0.9999999942252612,0.982136575846686
4.03,1.0,1.0,1.0,1.0,0.9823277762590856,0.9999999945074172,0.9822256700463405
4.035,1.0,1.0,1.0,1.0,0.9824118883805436,0.9999999947761263,0.9823143198868206
4.04,1.0,1.0,1.0,1.0,0.982488323602028,0.9999999950320126,0.9824025275843766
4.045,1.0,1.0,1.0,1.0,0.9825774423973824,0.9999999952756716,0.9824902953442057
4.05,1.0,1.0,1.0,1.0,0.9826662274144767,0.9999999955076723,0.9825776253605065
4.055,1.0,1.0,1.0,1.0,0.9827443315272594,0.9999999957285574,0.9826645198165338
4.0600000000000005,1.0,1.0,1.0,1.0,0.982833116544354,0.9999999959388457,0.9827509808846537
4.065,1.0,1.0,1.0,1.0,0.9829198988918905,0.9999999961390321,0.9828370107263974
4.07,1.0,1.0,1.0,1.0,0.9830040110133488,0.9999999963295892,0.9829226114925153
4.075,1.0,1.0,1.0,1.0,0.9830894582478459,0.9999999965109683,0.9830077853230309
4.08,1.0,1.0,1.0,1.0,0.9831772419301614,0.9999999966835996,0.9830925343472947
4.085,1.0,1.0,1.0,1.0,0.9832510069255672,0.9999999968478943,0.9831768606840366
4.09,1.0,1.0,1.0,1.0,0.9833381230513635,0.9999999970042445,0.9832607664414194
4.095,1.0,1.0,1.0,1.0,0.9834148920511071,0.9999999971530243,0.9833442537170913
4.1,1.0,1.0,1.0,1.0,0.9834939974986688,0.9999999972945911,0.9834273245982388
4.105,1.0,1.0,1.0,1.0,0.9835801122896859,0.9999999974292854,0.983509981161638
4.11,1.0,1.0,1.0,1.0,0.9836799119893527,0.9999999975574322,0.9835922254737074
4.115,1.0,1.0,1.0,1.0,0.9837573485456156,0.9999999976793419,0.983674059590559
4.12,1.0,1.0,1.0,1.0,0.9838434633366325,0.9999999977953101,0.9837554855580501
4.125,1.0,1.0,1.0,1.0,0.9839235701189736,0.9999999979056193,0.9838365054118341
4.13,1.0,1.0,1.0,1.0,0.9839923284404831,0.9999999980105386,0.9839171211774116
4.135,1.0,1.0,1.0,1.0,0.9840721014445647,0.9999999981103246,0.9839973348701808
4.14,1.0,1.0,1.0,1.0,0.9841492042225679,0.999999998205222,0.9840771484954883
4.1450000000000005,1.0,1.0,1.0,1.0,0.9842286434483897,0.9999999982954646,0.9841565640486789
4.15,1.0,1.0,1.0,1.0,0.9843044111133537,0.9999999983812748,0.9842355835151455
4.155,1.0,1.0,1.0,1.0,0.9843895245695914,0.999999998462865,0.9843142088703789
4.16,1.0,1.0,1.0,1.0,0.9844662935693346,0.9999999985404374,0.9843924420800172
4.165,1.0,1.0,1.0,1.0,0.9845467341299355,0.9999999986141852,0.9844702850998945
4.17,1.0,1.0,1.0,1.0,0.9846158262297046,0.9999999986842919,0.9845477398760905
4.175,1.0,1.0,1.0,1.0,0.9846859196642531,0.9999999987509333,0.9846248083449786
4.18,1.0,1.0,1.0,1.0,0.9847580157683599,0.9999999988142763,0.9847014924332744
4.1850000000000005,1.0,1.0,1.0,1.0,0.9848291105376873,0.9999999988744799,0.9847777940580844
4.19,1.0,1.0,1.0,1.0,0.9849178955547814,0.9999999989316961,0.984853715126953
4.195,1.0,1.0,1.0,1.0,0.9849959996675627,0.9999999989860696,0.9849292575379109
4.2,1.0,1.0,1.0,1.0,0.9850697646629681,0.9999999990377382,0.9850044231795223
4.205,1.0,1.0,1.0,1.0,0.985143195880114,0.999999999086833,0.9850792139309321
4.21,1.0,1.0,1.0,1.0,0.9852106190885845,0.9999999991334793,0.9851536316619132
4.215,1.0,1.0,1.0,1.0,0.9852843840839902,0.9999999991777961,0.9852276782329125
4.22,1.0,1.0,1.0,1.0,0.9853544775185381,0.999999999219897,0.9853013554950982
4.225,1.0,1.0,1.0,1.0,0.9854205656139691,0.9999999992598902,0.9853746652904057
4.23,1.0,1.0,1.0,1.0,0.9854973346137117,0.9999999992978787,0.9854476094515838
4.235,1.0,1.0,1.0,1.0,0.9855721009438964,0.9999999993339604,0.9855201898022403
4.24,1.0,1.0,1.0,1.0,0.9856438632697434,0.9999999993682291,0.9855924081568876
4.245,1.0,1.0,1.0,1.0,0.9857132891477723,0.9999999994007733,0.9856642663209885
4.25,1.0,1.0,1.0,1.0,0.9857863865866581,0.999999999431678,0.9857357660910008
4.255,1.0,1.0,1.0,1.0,0.9858681622602974,0.9999999994610238,0.9858069092544223
4.26,1.0,1.0,1.0,1.0,0.9859385894731056,0.9999999994888875,0.985877697589836
4.265,1.0,1.0,1.0,1.0,0.986014690916329,0.9999999995153421,0.9859481328669539
4.2700000000000005,1.0,1.0,1.0,1.0,0.9860791101204611,0.9999999995404574,0.9860182168466617
4.275,1.0,1.0,1.0,1.0,0.9861525413376064,0.9999999995642993,0.9860879512810624
4.28,1.0,1.0,1.0,1.0,0.9862223009938943,0.9999999995869311,0.9861573379135204
4.285,1.0,1.0,1.0,1.0,0.9862860526415071,0.9999999996084127,0.9862263784787055
4.29,1.0,1.0,1.0,1.0,0.9863611527499515,0.9999999996288013,0.9862950747026351
4.295,1.0,1.0,1.0,1.0,0.9864335826323181,0.9999999996481511,0.9863634283027184
4.3,1.0,1.0,1.0,1.0,0.9865060125146842,0.9999999996665139,0.9864314409877991
4.305,1.0,1.0,1.0,1.0,0.9865771072840114,0.9999999996839388,0.9864991144581977
4.3100000000000005,1.0,1.0,1.0,1.0,0.9866401913751047,0.9999999997004727,0.9865664504057547
4.315,1.0,1.0,1.0,1.0,0.9867042768009772,0.9999999997161602,0.9866334505138721
4.32,1.0,1.0,1.0,1.0,0.9867690297833689,0.9999999997310433,0.9867001164575563
4.325,1.0,1.0,1.0,1.0,0.986840124552696,0.9999999997451626,0.9867664499034591
4.33,1.0,1.0,1.0,1.0,0.9869155584394004,0.9999999997585565,0.9868324525099202
4.335,1.0,1.0,1.0,1.0,0.986985318095688,0.9999999997712611,0.9868981259270083
4.34,1.0,1.0,1.0,1.0,0.9870437292911448,0.9999999997833112,0.9869634717965623
4.345,1.0,1.0,1.0,1.0,0.9871128213909136,0.99999999979474,0.9870284917522321
4.3500000000000005,1.0,1.0,1.0,1.0,0.9871712325863699,0.9999999998055784,0.9870931874195201
4.355,1.0,1.0,1.0,1.0,0.9872346504557229,0.9999999998158566,0.9871575604158215
4.36,1.0,1.0,1.0,1.0,0.9872963994337768,0.9999999998256027,0.9872216123504642
4.365,1.0,1.0,1.0,1.0,0.9873664928683247,0.9999999998348437,0.9872853448247503
4.37,1.0,1.0,1.0,1.0,0.9874332485202749,0.9999999998436051,0.9873487594319947
4.375,1.0,1.0,1.0,1.0,0.9875023406200435,0.9999999998519113,0.987411857757566
4.38,1.0,1.0,1.0,1.0,0.9875637558198374,0.9999999998597856,0.9874746413789256
4.385,1.0,1.0,1.0,1.0,0.9876245034631123,0.9999999998672496,0.9875371118656673
4.39,1.0,1.0,1.0,1.0,0.9876799106542311,0.9999999998743245,0.9875992707795566
4.3950000000000005,1.0,1.0,1.0,1.0,0.9877426609670646,0.9999999998810302,0.9876611196745695
4.4,1.0,1.0,1.0,1.0,0.9878130881798721,0.9999999998873853,0.9877226600969315
4.405,1.0,1.0,1.0,1.0,0.9878758384927053,0.9999999998934078,0.9877838935851566
4.41,1.0,1.0,1.0,1.0,0.9879335821316423,0.9999999998991147,0.987844821670085
4.415,1.0,1.0,1.0,1.0,0.9879970000009957,0.9999999999045224,0.9879054458749221
4.42,1.0,1.0,1.0,1.0,0.9880520734138549,0.9999999999096459,0.9879657677152762
4.425,1.0,1.0,1.0,1.0,0.9881124872788702,0.9999999999145002,0.9880257886991963
4.43,1.0,1.0,1.0,1.0,0.9881725673656255,0.9999999999190988,0.9880855103272104
4.4350000000000005,1.0,1.0,1.0,1.0,0.9882236354393672,0.9999999999234551,0.9881449340923619
4.44,1.0,1.0,1.0,1.0,0.9882843830826418,0.9999999999275815,0.9882040614802484
4.445,1.0,1.0,1.0,1.0,0.9883434618346175,0.9999999999314899,0.9882628939690575
4.45,1.0,1.0,1.0,1.0,0.9884025405865939,0.9999999999351916,0.9883214330296045
4.455,1.0,1.0,1.0,1.0,0.9884612855603098,0.9999999999386971,0.988379680125369
4.46,1.0,1.0,1.0,1.0,0.9885213656470655,0.9999999999420169,0.9884376367125315
4.465,1.0,1.0,1.0,1.0,0.9885764390599248,0.9999999999451605,0.9884953042400095
4.47,1.0,1.0,1.0,1.0,0.9886428609336158,0.9999999999481369,0.9885526841494943
4.4750000000000005,1.0,1.0,1.0,1.0,0.9886959316769165,0.999999999950955,0.9886097778754867
4.48,1.0,1.0,1.0,1.0,0.9887570130984508,0.999999999953623,0.9886665868453326
4.485,1.0,1.0,1.0,1.0,0.9888137554026087,0.9999999999561487,0.9887231124792595
4.49,1.0,1.0,1.0,1.0,0.9888735017111048,0.9999999999585395,0.9887793561904109
4.495,1.0,1.0,1.0,1.0,0.9889332480196008,0.9999999999608025,0.9888353193848828
4.5,1.0,1.0,1.0,1.0,0.9889903241020184,0.9999999999629444,0.9888910034617577
4.505,1.0,1.0,1.0,1.0,0.9890450637366179,0.9999999999649716,0.9889464098131406
4.51,1.0,1.0,1.0,1.0,0.9890921264712432,0.9999999999668899,0.9890015398241931
4.515,1.0,1.0,1.0,1.0,0.9891448634362845,0.9999999999687053,0.9890563948731684
4.5200000000000005,1.0,1.0,1.0,1.0,0.989195597731767,0.999999999970423,0.9891109763314455
4.525,1.0,1.0,1.0,1.0,0.9892530075924448,0.9999999999720481,0.9891652855635639
4.53,1.0,1.0,1.0,1.0,0.9893074134487848,0.9999999999735858,0.9892193239272569
4.535,1.0,1.0,1.0,1.0,0.9893648233094625,0.9999999999750405,0.9892730927734866
4.54,1.0,1.0,1.0,1.0,0.9894202305005818,0.9999999999764165,0.9893265934464771
4.545,1.0,1.0,1.0,1.0,0.989478641696039,0.9999999999777183,0.9893798272837477
4.55,1.0,1.0,1.0,1.0,0.9895313786610798,0.9999999999789495,0.9894327956161474
4.555,1.0,1.0,1.0,1.0,0.9895817791783025,0.9999999999801138,0.989485499767887
4.5600000000000005,1.0,1.0,1.0,1.0,0.9896318459172656,0.9999999999812151,0.9895379410565732
4.565,1.0,1.0,1.0,1.0,0.9896792424301507,0.9999999999822565,0.9895901207932409
4.57,1.0,1.0,1.0,1.0,0.9897246362734773,0.9999999999832413,0.9896420402823863
4.575,1.0,1.0,1.0,1.0,0.9897743692341808,0.9999999999841724,0.9896937008219993
4.58,1.0,1.0,1.0,1.0,0.9898254373079234,0.9999999999850528,0.989745103703596
4.585,1.0,1.0,1.0,1.0,0.9898745027121074,0.9999999999858851,0.9897962502122511
4.59,1.0,1.0,1.0,1.0,0.9899215654467328,0.9999999999866719,0.9898471416266302
4.595,1.0,1.0,1.0,1.0,0.9899739686335144,0.9999999999874157,0.9898977792190211
4.6000000000000005,1.0,1.0,1.0,1.0,0.9900200300333607,0.9999999999881187,0.9899481642553665
4.605,1.0,1.0,1.0,1.0,0.9900627536506095,0.9999999999887833,0.9899982979952945
4.61,1.0,1.0,1.0,1.0,0.9901118190547935,0.9999999999894112,0.9900481816921516
4.615,1.0,1.0,1.0,1.0,0.9901635546850558,0.9999999999900048,0.9900978165930326
4.62,1.0,1.0,1.0,1.0,0.9902099498631614,0.9999999999905655,0.9901472039388127
4.625,1.0,1.0,1.0,1.0,0.9902616854934234,0.9999999999910956,0.9901963449641782
4.63,1.0,1.0,1.0,1.0,0.9903104171193478,0.9999999999915963,0.9902452408976571
4.635,1.0,1.0,1.0,1.0,0.9903578136322327,0.9999999999920695,0.9902938929616504
4.64,1.0,1.0,1.0,1.0,0.9904018723625206,0.9999999999925163,0.9903423023724622
4.6450000000000005,1.0,1.0,1.0,1.0,0.9904492688754057,0.9999999999929384,0.9903904703403303
4.65,1.0,1.0,1.0,1.0,0.9905006707274082,0.9999999999933373,0.9904383980694565
4.655,1.0,1.0,1.0,1.0,0.990550069909852,0.999999999993714,0.9904860867580364
4.66,1.0,1.0,1.0,1.0,0.9905964650879581,0.9999999999940697,0.9905335375982897
4.665,1.0,1.0,1.0,1.0,0.990643194044324,0.9999999999944058,0.9905807517764899
4.67,1.0,1.0,1.0,1.0,0.990692259448508,0.9999999999947231,0.9906277304729939
4.675,1.0,1.0,1.0,1.0,0.9907359844005359,0.9999999999950228,0.9906744748622717
4.68,1.0,1.0,1.0,1.0,0.9907750364569274,0.9999999999953058,0.9907209861129352
4.6850000000000005,1.0,1.0,1.0,1.0,0.9908267720871896,0.9999999999955729,0.9907672653877684
4.69,1.0,1.0,1.0,1.0,0.9908761712696332,0.999999999995825,0.9908133138437554
4.695,1.0,1.0,1.0,1.0,0.9909262380085967,0.9999999999960631,0.9908591326321099
4.7,1.0,1.0,1.0,1.0,0.9909739682997416,0.9999999999962879,0.9909047228983042
4.705,1.0,1.0,1.0,1.0,0.9910220323691464,0.9999999999965,0.9909500857820972
4.71,1.0,1.0,1.0,1.0,0.991073434221149,0.9999999999967003,0.9909952224175634
4.715,1.0,1.0,1.0,1.0,0.991120163177515,0.9999999999968893,0.9910401339331211
4.72,1.0,1.0,1.0,1.0,0.991165223242582,0.9999999999970676,0.9910848214515604
4.7250000000000005,1.0,1.0,1.0,1.0,0.9912152899815454,0.9999999999972359,0.9911292860900718
4.73,1.0,1.0,1.0,1.0,0.9912566784857549,0.9999999999973946,0.9911735289602733
4.735,1.0,1.0,1.0,1.0,0.9912994021030037,0.9999999999975445,0.9912175511682391
4.74,1.0,1.0,1.0,1.0,0.9913411243854732,0.999999999997686,0.9912613538145267
4.745,1.0,1.0,1.0,1.0,0.9913865182288,0.9999999999978193,0.9913049379942045
4.75,1.0,1.0,1.0,1.0,0.9914325796286463,0.9999999999979451,0.9913483047968794
4.755,1.0,1.0,1.0,1.0,0.991475303245895,0.9999999999980638,0.9913914553067235
4.76,1.0,1.0,1.0,1.0,0.9915173593066243,0.9999999999981758,0.9914343906025019
4.765,1.0,1.0,1.0,1.0,0.991559749145613,0.9999999999982813,0.9914771117575993
4.7700000000000005,1.0,1.0,1.0,1.0,0.9916031403193812,0.999999999998381,0.9915196198400468
4.775,1.0,1.0,1.0,1.0,0.9916471990496687,0.9999999999984748,0.9915619159125485
4.78,1.0,1.0,1.0,1.0,0.9916875862190992,0.9999999999985634,0.9916040010325086
4.785,1.0,1.0,1.0,1.0,0.9917283071667895,0.9999999999986469,0.9916458762520571
4.79,1.0,1.0,1.0,1.0,0.9917690281144796,0.9999999999987256,0.9916875426180769
4.795,1.0,1.0,1.0,1.0,0.9918117517317283,0.9999999999987997,0.9917290011722292
4.8,1.0,1.0,1.0,1.0,0.9918491348968208,0.9999999999988698,0.99177025295098
4.805,1.0,1.0,1.0,1.0,0.9918888545097316,0.9999999999989357,0.9918112989856259
4.8100000000000005,1.0,1.0,1.0,1.0,0.9919295754574218,0.999999999998998,0.99185214030232
4.815,1.0,1.0,1.0,1.0,0.991966291065995,0.9999999999990566,0.9918927779220973
4.82,1.0,1.0,1.0,1.0,0.9920006702267496,0.9999999999991118,0.9919332128609004
4.825,1.0,1.0,1.0,1.0,0.992037385835323,0.9999999999991639,0.9919734461296048
4.83,1.0,1.0,1.0,1.0,0.992074435222156,0.9999999999992129,0.9920134787340446
4.835,1.0,1.0,1.0,1.0,0.9921088143829107,0.999999999999259,0.9920533116750365
4.84,1.0,1.0,1.0,1.0,0.992148200217562,0.9999999999993027,0.9920929459484066
4.845,1.0,1.0,1.0,1.0,0.9921915913913303,0.9999999999993437,0.9921323825450135
4.8500000000000005,1.0,1.0,1.0,1.0,0.992231644782501,0.9999999999993824,0.9921716224507743
4.855,1.0,1.0,1.0,1.0,0.9922743683997497,0.9999999999994189,0.9922106666466886
4.86,1.0,1.0,1.0,1.0,0.9923180933517777,0.9999999999994532,0.9922495161088634
4.865,1.0,1.0,1.0,1.0,0.9923601494125066,0.9999999999994855,0.9922881718085371
4.87,1.0,1.0,1.0,1.0,0.9923921921254433,0.9999999999995158,0.9923266347121045
4.875,1.0,1.0,1.0,1.0,0.9924352495209517,0.9999999999995445,0.99236490578114
4.88,1.0,1.0,1.0,1.0,0.9924776393599407,0.9999999999995716,0.9924029859724224
4.885,1.0,1.0,1.0,1.0,0.9925136874119941,0.999999999999597,0.9924408762379585
4.89,1.0,1.0,1.0,1.0,0.9925487341292686,0.999999999999621,0.9924785775250067
4.8950000000000005,1.0,1.0,1.0,1.0,0.9925874524074003,0.9999999999996435,0.9925160907761014
4.9,1.0,1.0,1.0,1.0,0.9926228329029343,0.9999999999996647,0.9925534169290756
4.905,1.0,1.0,1.0,1.0,0.9926608836245462,0.9999999999996847,0.9925905569170853
4.91,1.0,1.0,1.0,1.0,0.9926919250027034,0.9999999999997035,0.992627511668632
4.915,1.0,1.0,1.0,1.0,0.9927249690504191,0.9999999999997211,0.9926642821075864
4.92,1.0,1.0,1.0,1.0,0.9927696953372264,0.9999999999997379,0.9927008691532114
4.925,1.0,1.0,1.0,1.0,0.99280574338928,0.9999999999997535,0.992737273720185
4.93,1.0,1.0,1.0,1.0,0.9928431265543723,0.9999999999997683,0.9927734967186236
4.9350000000000005,1.0,1.0,1.0,1.0,0.9928785070499064,0.9999999999997822,0.9928095390541035
4.94,1.0,1.0,1.0,1.0,0.9929102159845833,0.9999999999997953,0.9928454016276854
4.945,1.0,1.0,1.0,1.0,0.9929486004844549,0.9999999999998076,0.9928810853359353
4.95,1.0,1.0,1.0,1.0,0.9929883200973656,0.9999999999998191,0.9929165910709479
4.955,1.0,1.0,1.0,1.0,0.9930237005928995,0.99999999999983,0.9929519197203682
4.96,1.0,1.0,1.0,1.0,0.993054408192797,0.9999999999998402,0.9929870721674146
4.965,1.0,1.0,1.0,1.0,0.9930864509057332,0.9999999999998499,0.9930220492908998
4.97,1.0,1.0,1.0,1.0,0.9931174922838906,0.9999999999998589,0.9930568519652538
4.9750000000000005,1.0,1.0,1.0,1.0,0.9931475323272686,0.9999999999998676,0.9930914810605455
4.98,1.0,1.0,1.0,1.0,0.9931812439315039,0.9999999999998755,0.9931259374425038
4.985,1.0,1.0,1.0,1.0,0.9932146217574794,0.9999999999998831,0.9931602219725401
4.99,1.0,1.0,1.0,1.0,0.9932560102616889,0.9999999999998901,0.9931943355077695
4.995,1.0,1.0,1.0,1.0,0.9932890543094045,0.9999999999998969,0.993228278901032
5.0,1.0,1.0,1.0,1.0,0.9933220983571202,0.9999999999999031,0.9932620530009145
